dataset,model,layer,method,seed,n_obs,soft_ce,jsd,tvd,entce,rankcs,acc,mean_alea,mean_mi,corrAlea_entropy,corrMI_entropy,corrAlea_norm_entropy,corrMI_norm_entropy,corrAlea_one_minus_max,corrMI_one_minus_max,corrAlea_gini,corrMI_gini,corrAlea_top2_margin,corrMI_top2_margin,corrAlea_bern_var,corrMI_bern_var,corrAleaS_entropy,corrMIS_entropy,mono_alea
lewidi_convabuse,gemma,0,GPP-cosine,0,16,0.953660618956061,0.31671674611230505,0.45665319908855184,0.43775905671389526,0.5059523809523809,0.5047619047619047,0.33789828419685364,0.14719070494174957,0.052103162012824236,0.05294531289323104,0.05210316201282425,0.052945312893231046,0.051554559965155636,0.05375722109678961,0.05184002753314482,0.052811701758680746,0.051554560159521895,0.05375722108734603,0.05184002811926884,0.05281170199085146,0.055229466768087,0.06152159913656211,
lewidi_convabuse,gemma,0,GPP-rbf,0,16,0.5272406134919492,0.13154562867444372,0.19207030086822452,0.22673952843843306,0.8464285714285714,0.8214285714285714,0.17783282697200775,0.023260289803147316,0.15517562895935608,0.0896379860228928,0.1551756289593561,0.0896379860228928,0.14419753143520136,0.0852937384568663,0.15459891358837488,0.08943795766749141,0.14419753161211057,0.0852937387533535,0.15459891361382622,0.0894379578946618,0.1596591369507427,0.13834387296675243,
lewidi_convabuse,gemma,0,GPP-laplace,0,16,0.4965195760006012,0.1845966035516001,0.32474329332776725,0.5247480111715149,0.844047619047619,0.8214285714285714,0.38385123014450073,0.2180500626564026,0.1347799293662788,0.12254404752878259,0.13477992936627886,0.12254404752878263,0.1281294364562175,0.11550956961137818,0.13455437513442123,0.12206584451320314,0.12812943670385046,0.1155095698735534,0.1345543754655163,0.12206584477442864,0.1316043097924709,0.11245363240993696,
lewidi_convabuse,gemma,0,LPE,0,16,0.8587753022863036,0.13817389099139527,0.16886979333364815,0.10644446456177496,0.8464285714285714,0.8214285714285714,0.033044666051864624,0.0017837721388787031,0.18833876093659407,0.17177541236711308,0.1883387609365941,0.1717754123671131,0.16839596182712097,0.15207495909704155,0.18739894075423635,0.17079869511244966,0.1683959613568055,0.15207495867289006,0.18739893988808148,0.17079869432524877,0.12074866336150565,0.1198594902982409,
lewidi_convabuse,gemma,0,LP-temp,0,16,0.4446462579841331,0.13654220748971024,0.22899745537200694,0.3566777435019135,0.8464285714285714,0.8214285714285714,0.37757038620632005,,0.17619591244143784,,0.17619591244143784,,0.15961680947271523,,0.1754348958059512,,0.15961680901392733,,0.1754348949713942,,0.12241668923208304,,
lewidi_convabuse,gemma,0,GPP-cosine,0,64,0.9626643987463789,0.19825994400499505,0.28063336769815733,0.2873476430586012,0.7392857142857143,0.7285714285714285,0.22742688655853271,0.06696155667304993,0.10477907550697071,0.09091307735180398,0.10477907550697071,0.09091307735180398,0.10414443999634185,0.08818239909333665,0.10566398915450945,0.09117965705286038,0.10414443959098488,0.08818239878251107,0.10566398862693463,0.09117965659283739,0.1002211352032695,0.09489687602490514,
lewidi_convabuse,gemma,0,GPP-rbf,0,64,0.4246346057050875,0.12910850124713602,0.21789511867377553,0.33297858836787236,0.8488095238095238,0.8238095238095238,0.2689739763736725,0.08920394629240036,0.14820756599825635,0.14400732009705497,0.14820756599825635,0.14400732009705497,0.13996584957388075,0.13458429257298105,0.14745905904505346,0.14304402334624555,0.13996584966427295,0.13458429293382967,0.14745905921913896,0.1430440237913438,0.14664264503570323,0.14913224761575125,
lewidi_convabuse,gemma,0,GPP-laplace,0,64,0.4654096419912818,0.16646583745565244,0.2918941183769632,0.47086137559874647,0.8428571428571429,0.8202380952380952,0.34409669041633606,0.19328317046165466,0.13371552835844197,0.1278866341971592,0.133715528358442,0.12788663419715923,0.12471240519852184,0.11845785167876918,0.13315097412972926,0.12714085233929778,0.1247124053831077,0.11845785188712864,0.133150974387595,0.12714085257638563,0.13265826284782517,0.12214476637140703,
lewidi_convabuse,gemma,0,LPE,0,64,0.5469013605945581,0.12015051183825241,0.17341048725862665,0.18867890604694218,0.8464285714285714,0.8214285714285714,0.1275927722454071,0.03163062036037445,0.11674720615121306,0.1303865088088853,0.11674720615121309,0.1303865088088853,0.10977744520233641,0.12018450882218044,0.11573372426198028,0.12973759055574502,0.10977744498431272,0.1201845090616446,0.11573372398576355,0.12973759111970987,0.10025620604338559,0.10877032297863125,
lewidi_convabuse,gemma,0,LP-temp,0,64,0.4333976724932491,0.14880485636378216,0.2651983476865387,0.4487790319343662,0.8511904761904762,0.8285714285714286,0.5000890797020116,,0.07269313961208304,,0.07269313961208305,,0.06928682515670195,,0.07206574305508172,,0.06928682476787124,,0.07206574263937689,,0.08456018578092803,,
lewidi_convabuse,gemma,0,GPP-cosine,0,256,0.39417770651943806,0.09548626142362407,0.15848201135767737,0.22248362801038188,0.8690476190476191,0.8607142857142858,0.20231761038303375,0.027747653424739838,0.22278151198894566,0.18942517502497555,0.2227815119889457,0.18942517502497558,0.21913409747698528,0.18609880814269159,0.2228330865825504,0.1898626157647736,0.21913409797747213,0.18609880853126085,0.2228330873618712,0.18986261652529401,0.2250516992831869,0.2331020884903316,
lewidi_convabuse,gemma,0,GPP-rbf,0,256,0.405046638635915,0.11474705223581463,0.19038617418471923,0.27553516299637104,0.8523809523809524,0.8321428571428572,0.23386310040950775,0.06496307998895645,0.23970318565288357,0.19839157169953173,0.23970318565288357,0.19839157169953175,0.2342068251955305,0.19232598845411586,0.24007012546202877,0.19872492523078966,0.23420682551422156,0.19232598879344792,0.24007012580152956,0.19872492567082112,0.24372554648541864,0.22187596894217312,
lewidi_convabuse,gemma,0,GPP-laplace,0,256,0.43925139369995364,0.14498701703494318,0.24966933987480366,0.390460589944531,0.8452380952380952,0.8226190476190476,0.28154343366622925,0.15554386377334595,0.15547427059502908,0.15141204128092875,0.1554742705950291,0.15141204128092878,0.14807728627104444,0.14343544899742589,0.15508608896856016,0.15084351915257432,0.1480772865846089,0.1434354493224958,0.155086089368138,0.15084351952282915,0.14881544842921793,0.14400965003873634,
lewidi_convabuse,gemma,0,LPE,0,256,0.5280708921430581,0.1097792156029333,0.16536647683756783,0.18327838982359224,0.8523809523809524,0.8321428571428572,0.11465675383806229,0.0634118914604187,0.2360419372917387,0.21653093960949907,0.23604193729173872,0.2165309396094991,0.23514153715441252,0.21711549631281055,0.23727177217585405,0.21822584800124767,0.23514153728153747,0.2171154968401874,0.23727177231316318,0.2182258486918379,0.22625989228759535,0.23314500030249505,
lewidi_convabuse,gemma,0,LP-temp,0,256,0.4356645387220774,0.1304630626936207,0.22125420513780383,0.3512009919816024,0.8404761904761905,0.825,0.3907770061367522,,0.18491335238710532,,0.18491335238710532,,0.1815857943743498,,0.18527177288056132,,0.18158579453588986,,0.18527177333660472,,0.18550800314089422,,
lewidi_convabuse,gemma,0,GPP-cosine,0,1024,0.34049214794820515,0.0882699737417073,0.15139974756608093,0.23018249047643452,0.8809523809523809,0.8678571428571429,0.2456021010875702,0.009163284674286842,0.2869489877266219,0.2595126107778214,0.2869489877266219,0.2595126107778214,0.26900552879858475,0.23885643033042506,0.28553202942367073,0.2579068583492831,0.2690055292657986,0.2388564305916072,0.2855320298987182,0.25790685866044927,0.2730876635519047,0.2807804771013242,
lewidi_convabuse,gemma,0,GPP-rbf,0,1024,0.3294165965430264,0.09160916535009053,0.15985589294813551,0.25416208602958845,0.8892857142857142,0.8666666666666667,0.2391154170036316,0.04770147055387497,0.30635478431960966,0.24013938683941266,0.3063547843196097,0.24013938683941266,0.2923492512717842,0.22697605742737678,0.3051617968362213,0.2391038973011902,0.2923492517043856,0.22697605808081217,0.3051617972543136,0.2391038980928926,0.2891816430405408,0.2683083263067421,
lewidi_convabuse,gemma,0,GPP-laplace,0,1024,0.3992081890451488,0.1303601322777007,0.2295925929654567,0.3705926910261974,0.8488095238095238,0.8238095238095238,0.2699515223503113,0.14650185406208038,0.19816336098763654,0.19084663170379204,0.19816336098763654,0.19084663170379207,0.1881292265711113,0.1800414437508731,0.1973870014543016,0.18988278432856234,0.18812922695937895,0.18004144415301682,0.19738700186690367,0.18988278472548997,0.19665547381038997,0.18823116172778467,
lewidi_convabuse,gemma,0,LPE,0,1024,0.39463128266404623,0.09706277105474523,0.16408047843895343,0.23676650039055622,0.8726190476190476,0.8571428571428571,0.09378669410943985,0.16972805559635162,0.22124722343361455,0.24943151393981047,0.2212472234336146,0.24943151393981053,0.20805708638584766,0.23358287113896914,0.2203836492295399,0.24838383154926358,0.20805708629474626,0.2335828713750296,0.22038364902925478,0.24838383178360984,0.2318051677978749,0.2519518194577047,
lewidi_convabuse,gemma,0,LP-temp,0,1024,0.45065319914291563,0.15396107229949757,0.26797140682310455,0.43371209702275804,0.8357142857142857,0.8297619047619048,0.49489218813506924,,0.1440386268600054,,0.14403862686000543,,0.13272137147771418,,0.14305245637770783,,0.13272137149103022,,0.1430524563785903,,0.154909335741898,,
lewidi_convabuse,gemma,0,GPP-cosine,1,64,0.624371911550302,0.1880941896917009,0.2884235053808013,0.3530177674503218,0.7416666666666667,0.7428571428571429,0.2868668735027313,0.07901215553283691,0.016507319132606814,0.015233585584345382,0.01650731913260682,0.015233585584345382,0.010150174663371946,0.007020226725184979,0.01580782273812427,0.014410540226441348,0.010150175002366263,0.007020226969711902,0.015807823179396087,0.014410540564918667,0.01606206895315778,0.021787362248699597,
lewidi_convabuse,gemma,0,GPP-rbf,1,64,0.4358416266669761,0.13358207283770893,0.22493009499296368,0.3434636475416879,0.8464285714285714,0.8214285714285714,0.27997222542762756,0.08477974683046341,0.09006974957057723,0.10683675302970408,0.09006974957057723,0.1068367530297041,0.08738616194458668,0.10238308781934824,0.08986338791564417,0.10638446284609229,0.08738616226124188,0.10238308823220822,0.08986338837277749,0.10638446338224922,0.08895177927111991,0.10723277498277703,
lewidi_convabuse,gemma,0,GPP-laplace,1,64,0.46269263190167886,0.16553853098531468,0.29128922768203275,0.4741198054703069,0.8452380952380952,0.8226190476190476,0.34749335050582886,0.19378167390823364,0.1384198151260018,0.12886553380700755,0.13841981512600182,0.12886553380700755,0.1284207529249463,0.11835079468865564,0.1377368190011794,0.1279859930169799,0.12842075317143142,0.11835079495300702,0.13773681932064485,0.12798599330269628,0.13550926761661944,0.12201977205229866,
lewidi_convabuse,gemma,0,LPE,1,64,0.5807686616075572,0.1276945333890265,0.18449101993587863,0.20477412683827553,0.8452380952380952,0.8202380952380952,0.14770223200321198,0.030564403161406517,0.08851505496284795,0.12224455216491129,0.08851505496284796,0.1222445521649113,0.0897713571369684,0.11577145622910713,0.0885577588944801,0.12136897413637286,0.08977135729094662,0.11577145730620392,0.08855775905508032,0.121368975467188,0.05843012080892026,0.08628335469675372,
lewidi_convabuse,gemma,0,LP-temp,1,64,0.4532459775028964,0.14227553982556085,0.2413620750386541,0.38379120392844174,0.8452380952380952,0.8226190476190476,0.4092874793109744,,0.03382528044372641,,0.033825280443726416,,0.035790400560268276,,0.033505769320138434,,0.0357904006553465,,0.03350576942138774,,0.03296860547100078,,
lewidi_convabuse,gemma,0,GPP-cosine,1,256,0.38842675962661205,0.0987243548635766,0.16590216196508814,0.24550406216479803,0.8666666666666667,0.8583333333333333,0.22478535771369934,0.029479993507266045,0.18382341814258196,0.18361562758901134,0.183823418142582,0.18361562758901134,0.16742390397969611,0.16605963317169392,0.1819795528320114,0.1819750107169562,0.1674239043475731,0.1660596333791952,0.18197955336602228,0.1819750110564523,0.18316814775249632,0.20019836321940918,
lewidi_convabuse,gemma,0,GPP-rbf,1,256,0.3794303749310357,0.11269149692612623,0.19534478628026722,0.31098564401467194,0.861904761904762,0.8416666666666667,0.2634149491786957,0.0750870332121849,0.18125837673418912,0.16343566365549256,0.18125837673418915,0.16343566365549256,0.17491730536430575,0.15425380066163336,0.18064646196154632,0.16269440131424376,0.17491730590730908,0.15425380122208776,0.18064646250895414,0.16269440191454032,0.18551598077476378,0.18000914140197138,
lewidi_convabuse,gemma,0,GPP-laplace,1,256,0.4367421170415125,0.14892334808288407,0.260315403044002,0.4181205092559923,0.8452380952380952,0.8226190476190476,0.30430111289024353,0.1683400422334671,0.15322504232588458,0.14777984790324583,0.15322504232588458,0.1477798479032459,0.14349785251074398,0.1377565085783052,0.15259870666423198,0.14699942722798365,0.14349785284423533,0.1377565089184672,0.1525987070707247,0.1469994275992606,0.14834025819078187,0.1408224401046597,
lewidi_convabuse,gemma,0,LPE,1,256,0.45301865543429476,0.1033700804590741,0.1638878919225996,0.20935880480514032,0.861904761904762,0.844047619047619,0.1345965713262558,0.0682278424501419,0.15157750213503463,0.19400646648173026,0.15157750213503468,0.1940064664817303,0.14971562253833692,0.188765032621562,0.15102276686835392,0.1930960235540594,0.1497156229672361,0.18876503320881233,0.15102276717436708,0.19309602388636887,0.16488829658359988,0.19190259771054632,
lewidi_convabuse,gemma,0,LP-temp,1,256,0.4136993201017675,0.1280373392996212,0.22314444374853973,0.36979045092525503,0.8547619047619047,0.844047619047619,0.404487826240054,,0.11683881530670957,,0.1168388153067096,,0.10944849482111367,,0.11528935652749907,,0.10944849535198803,,0.11528935710523644,,0.12049623189321756,,
lewidi_convabuse,gemma,0,GPP-cosine,1,1024,0.3697133480106902,0.09068469065723674,0.15078163956479676,0.21199161890568502,0.8809523809523809,0.8678571428571429,0.21332469582557678,0.008122180588543415,0.2591994377223869,0.20961577990213828,0.25919943772238696,0.20961577990213837,0.24325393780989216,0.19602460518623732,0.2577546910908163,0.20851661613950626,0.24325393832457762,0.196024605348883,0.25775469160888265,0.20851661634635493,0.24911319966654522,0.261379776915118,
lewidi_convabuse,gemma,0,GPP-rbf,1,1024,0.34668514111884596,0.093263326435665,0.1594114096540406,0.23638481335870928,0.8761904761904762,0.8607142857142858,0.2148095965385437,0.0427391342818737,0.28044535086202027,0.21550354078086745,0.28044535086202027,0.21550354078086748,0.2645551710510884,0.19976758679665657,0.27927087943915097,0.21424588166567207,0.2645551712960943,0.19976758724124066,0.2792708796373432,0.21424588224193952,0.2697554212590431,0.2561075004773641,
lewidi_convabuse,gemma,0,GPP-laplace,1,1024,0.40024394302132704,0.12794446126273326,0.22297625576223556,0.35457522250262,0.8488095238095238,0.8238095238095238,0.2565324604511261,0.13891609013080597,0.20238995789125436,0.19306847980016026,0.20238995789125436,0.1930684798001603,0.1911172311052824,0.18139655703681856,0.20172366332591765,0.19222126434707243,0.19111723145660858,0.18139655741163777,0.20172366368220743,0.1922212646993684,0.2031217133403182,0.19457925615969865,
lewidi_convabuse,gemma,0,LPE,1,1024,0.4626841979699814,0.10437802868440325,0.16771978691905082,0.2154685295426996,0.8535714285714285,0.8452380952380952,0.08482876420021057,0.1366918534040451,0.1986956619097064,0.19914930268077669,0.19869566190970644,0.19914930268077669,0.19214193477559516,0.18364935840659602,0.1983718753332572,0.19781261465316302,0.19214193466405843,0.18364935828843862,0.1983718747713636,0.19781261416413043,0.20021435265260384,0.20913385980060883,
lewidi_convabuse,gemma,0,LP-temp,1,1024,0.4736374478317377,0.14251567541032298,0.2398033951339312,0.3680843309630317,0.8333333333333334,0.8273809523809523,0.40479793788650464,,0.11890522220916122,,0.11890522220916123,,0.10556015559159476,,0.11738822730835151,,0.1055601551793236,,0.11738822630255835,,0.12215414478895388,,
lewidi_convabuse,gemma,0,GPP-cosine,2,16,0.7379378472512409,0.2479650408337513,0.3803710807082964,0.4527806952368876,0.6321428571428571,0.6428571428571429,0.3471898138523102,0.15119794011116028,0.013391862332515148,0.018090173220186932,0.013391862332515145,0.01809017322018694,0.013756570996179118,0.01639333443089984,0.01327870053429225,0.01746095700142552,0.013756570745173327,0.016393334190571103,0.013278699649905495,0.01746095613371136,0.04149165667287123,0.030856326181982554,
lewidi_convabuse,gemma,0,GPP-rbf,2,16,0.4676009929114967,0.16925992220764324,0.30019396535520043,0.495019169936683,0.844047619047619,0.8214285714285714,0.40761348605155945,0.15537381172180176,0.08427591360746359,0.10525102253940176,0.0842759136074636,0.10525102253940179,0.09247921560974981,0.10308115990665165,0.08552473372295395,0.10514308024753286,0.09247921513998615,0.10308116004676245,0.08552473281219974,0.10514308021646225,0.08106890329250831,0.10029525715907257,
lewidi_convabuse,gemma,0,GPP-laplace,2,16,0.6049189984860058,0.23543876709535158,0.40266312129263365,0.5930514715582934,0.8357142857142857,0.8130952380952381,0.4319973587989807,0.24653570353984833,0.10653958233636643,0.08070134113344221,0.10653958233636644,0.08070134113344223,0.10232975329595374,0.07747751677379419,0.10647686583090214,0.08030189514521749,0.10232975334163757,0.07747751683030794,0.10647686591504169,0.08030189505681097,0.12031882837430491,0.058846768539281384,
lewidi_convabuse,gemma,0,LPE,2,16,0.46637573764324997,0.13890756087718736,0.2288555414587747,0.34943423599212864,0.8464285714285714,0.8238095238095238,0.27098309993743896,0.09279573708772659,0.027812205939727615,0.05973944198300753,0.027812205939727608,0.05973944198300753,0.03662843278377109,0.06778264220312498,0.029318583353646652,0.06104567656324614,0.036628431855909874,0.06778264153983793,0.029318581839029377,0.06104567550239661,0.025631590975618353,0.014995047611057851,
lewidi_convabuse,gemma,0,LP-temp,2,16,0.4817556138047186,0.17273438473267383,0.3040845756972774,0.49588063498881785,0.8333333333333334,0.8178571428571428,0.5561142732772956,,-0.014912190800559694,,-0.014912190800559683,,-0.006513643698057289,,-0.01360352878955525,,-0.0065136446053761544,,-0.01360353033316991,,0.00832116752505997,,
lewidi_convabuse,gemma,0,GPP-cosine,2,64,0.7334340128086635,0.22063005736486654,0.3251154675494815,0.3443541689201005,0.6761904761904762,0.6702380952380952,0.28349149227142334,0.08040675520896912,0.05960474248716881,0.05904022064412383,0.059604742487168814,0.059040220644123835,0.05773946194874094,0.05858826193258773,0.05956267153734422,0.059260639552860414,0.05773946205465995,0.0585882619593477,0.059562671797953826,0.05926063969474314,0.057421778636717435,0.06975767759458934,
lewidi_convabuse,gemma,0,GPP-rbf,2,64,0.442538988444671,0.1397401842926551,0.23675835772328788,0.36503854970980393,0.8428571428571429,0.8178571428571428,0.29949983954429626,0.09834039211273193,0.11295141715221321,0.12522265208286212,0.11295141715221321,0.12522265208286215,0.10019959042295945,0.11344421521952305,0.11216105405043672,0.1243409500965312,0.1001995904832837,0.11344421550324407,0.1121610539380502,0.12434095027832957,0.11382694706099035,0.12976528581689495,
lewidi_convabuse,gemma,0,GPP-laplace,2,64,0.4772241138718277,0.17351774942573603,0.3044113726831884,0.49062222252058807,0.844047619047619,0.8214285714285714,0.36014115810394287,0.20200812816619873,0.13542851484334745,0.12837418528279432,0.13542851484334745,0.12837418528279432,0.12632404120545912,0.11894919595133,0.13489994612390058,0.127664188220265,0.12632404139758246,0.11894919615872636,0.13489994637293828,0.1276641884318271,0.1379983918802898,0.12452886602473462,
lewidi_convabuse,gemma,0,LPE,2,64,0.579432363358664,0.13296729091212778,0.19290544825223713,0.21766194667448874,0.8392857142857143,0.8166666666666667,0.1601220816373825,0.03145211935043335,0.07591777714393705,0.0568551622326593,0.07591777714393706,0.05685516223265931,0.0736597485700895,0.0552954850482234,0.07633351808873902,0.05724485841711342,0.07365974792737036,0.05529548456094256,0.07633351699731612,0.05724485761364278,0.06831017265682177,0.06650939690872751,
lewidi_convabuse,gemma,0,LP-temp,2,64,0.4641821346692756,0.1478552278497253,0.24867040323021253,0.38196496899410104,0.8380952380952381,0.8178571428571428,0.4112972671056378,,0.06198229156776537,,0.061982291567765385,,0.0555632661682335,,0.06177815004212234,,0.05556326557927612,,0.06177814897561211,,0.05590712149607781,,
lewidi_convabuse,gemma,0,GPP-cosine,2,256,0.43608685652197954,0.10777603277161228,0.17665368514634938,0.24835048159731593,0.8535714285714285,0.85,0.22044390439987183,0.027893846854567528,0.1329894680276037,0.12772320108790045,0.13298946802760375,0.12772320108790045,0.12797266671066274,0.12014602300311,0.13228346112344838,0.12689043109238912,0.12797266700122084,0.12014602299431353,0.1322834612016593,0.12689043078258008,0.13647420257755336,0.15491562218571814,
lewidi_convabuse,gemma,0,GPP-rbf,2,256,0.39162685829953336,0.11738057354174954,0.2001232054264706,0.3077029308667985,0.8535714285714285,0.8357142857142857,0.26696085929870605,0.07262062281370163,0.2230321136828525,0.18767932072294646,0.22303211368285253,0.18767932072294646,0.22297742985154573,0.18011843320288684,0.22326499769986896,0.18691939391068327,0.22297742990318586,0.18011843345712855,0.22326499730892002,0.18691939384163775,0.21970644543239065,0.2017542751476184,
lewidi_convabuse,gemma,0,GPP-laplace,2,256,0.43812359571910264,0.1484022102469454,0.2583946893324277,0.4117294526706145,0.8452380952380952,0.8226190476190476,0.3002666234970093,0.16598902642726898,0.16910327386465487,0.16134634602316772,0.1691032738646549,0.16134634602316775,0.16187252321202705,0.15335113658849314,0.16875956036918976,0.1608006771719241,0.16187252349041764,0.15335113688304214,0.1687595607006944,0.16080067748002952,0.1613977144870188,0.15233799230946057,
lewidi_convabuse,gemma,0,LPE,2,256,0.46016506428948917,0.11048538080596132,0.17178167060352886,0.21000937407923526,0.8511904761904762,0.8357142857142857,0.1425297111272812,0.07061798125505447,0.21237942344370533,0.22409253620742822,0.21237942344370536,0.22409253620742825,0.2151746569975881,0.22011354236128888,0.21294811966743057,0.2236782722781765,0.21517465673204184,0.22011354224083451,0.2129481187247973,0.22367827145236124,0.20641167588194387,0.2269548347360915,
lewidi_convabuse,gemma,0,LP-temp,2,256,0.45197857102533556,0.12946283830844316,0.2145221849359551,0.3214287116196306,0.8297619047619048,0.8214285714285714,0.3454998208756305,,0.14211853820072612,,0.14211853820072617,,0.1462896628031386,,0.14257727031162187,,0.1462896623339862,,0.1425772689883352,,0.13722099110483782,,
lewidi_convabuse,gemma,0,GPP-cosine,2,1024,0.3703065195012177,0.08984202176542644,0.14844464876650384,0.20752088344614872,0.8726190476190476,0.8595238095238096,0.20950865745544434,0.00836619921028614,0.27136812600385124,0.19934225185969207,0.2713681260038513,0.19934225185969207,0.261765648168265,0.18853621166227585,0.2705017455150385,0.1985682734118574,0.2617656484665812,0.1885362116428248,0.2705017457320726,0.19856827323635723,0.24590742080738037,0.25025933365436076,
lewidi_convabuse,gemma,0,GPP-rbf,2,1024,0.3433990252105953,0.09229293303520651,0.15888471378233848,0.23806060438060253,0.8773809523809524,0.861904761904762,0.21315816044807434,0.043129000812768936,0.2640168675370036,0.20017395603272142,0.2640168675370036,0.20017395603272142,0.2560236538535937,0.19017315414331698,0.2633778819706238,0.1994469985035991,0.25602365406986743,0.1901731546849631,0.2633778821384186,0.19944699918671474,0.2653802784356958,0.24076996125720374,
lewidi_convabuse,gemma,0,GPP-laplace,2,1024,0.40450520956582325,0.12904403152758137,0.22387770115996578,0.35118671627607023,0.8464285714285714,0.8238095238095238,0.2538449466228485,0.13752023875713348,0.2005639247698131,0.19157522725915102,0.20056392476981313,0.19157522725915105,0.1918560654997687,0.1820130245748518,0.200120350456784,0.19092169643132478,0.19185606576993963,0.1820130248735593,0.2001203506857379,0.1909216966654123,0.2007725307825567,0.19254974268673614,
lewidi_convabuse,gemma,0,LPE,2,1024,0.4492254370822772,0.09958804892103035,0.1619991634153504,0.21285758914888442,0.8642857142857143,0.8535714285714285,0.08855947107076645,0.12897083163261414,0.2161170793339341,0.18677651069986168,0.2161170793339341,0.18677651069986173,0.20880538508295315,0.17734672742131355,0.21531070679701497,0.18593786436362653,0.2088053850767377,0.17734672788214628,0.21531070671680302,0.18593786501636966,0.21242474480953424,0.2086577300121453,
lewidi_convabuse,gemma,0,LP-temp,2,1024,0.4626693779980411,0.13633067318454475,0.23214290079979114,0.3681838916502099,0.8357142857142857,0.825,0.405605685174266,,0.1279367711008724,,0.12793677110087243,,0.12797892166970823,,0.12798358750889555,,0.12797892177239137,,0.127983587745642,,0.13439643039863475,,
lewidi_convabuse,gemma,0,GPP-cosine,3,16,0.8126249136414048,0.2622283122675939,0.3883502990174401,0.42009701694625873,0.6178571428571429,0.6190476190476191,0.3176310360431671,0.13815219700336456,0.016758512655385832,0.033588648595191645,0.016758512655385832,0.03358864859519167,0.013938631508176095,0.03380772557250809,0.016652673296981262,0.03376176818916508,0.013938631015652115,0.03380772506333616,0.016652672231278122,0.03376176707417822,0.01862716010723064,0.03979370186323714,
lewidi_convabuse,gemma,0,GPP-rbf,3,16,0.4452020088470845,0.14433078387890316,0.2471364979388281,0.3863490893823911,0.8452380952380952,0.8202380952380952,0.3011215329170227,0.12257897853851318,0.10973980558088747,0.10826744568418822,0.10973980558088747,0.10826744568418822,0.10390883198708822,0.10173192488467225,0.1094914318926743,0.1077999085144581,0.10390883236708598,0.10173192530010895,0.10949143238726816,0.10779990900064776,0.09945557275816355,0.10852105181498099,
lewidi_convabuse,gemma,0,GPP-laplace,3,16,0.5539365108798593,0.2125153938807171,0.3686697835191375,0.5656919694652889,0.8392857142857143,0.8166666666666667,0.4136984050273895,0.2356937974691391,0.12363977907015439,0.11172738023246057,0.1236397790701544,0.11172738023246057,0.11808898670329152,0.1065541828949054,0.1234376232300822,0.11136079770756595,0.11808898683975996,0.10655418302489841,0.12343762341903299,0.11136079779853437,0.1354305333243179,0.09319362604136641,
lewidi_convabuse,gemma,0,LPE,3,16,0.6739204274667351,0.13341928725914518,0.1756866714908115,0.15536960688151158,0.8476190476190476,0.8226190476190476,0.09167462587356567,0.008490514010190964,0.06343453683595726,0.07321492678977448,0.06343453683595729,0.0732149267897745,0.059610594265842226,0.06991489891725396,0.0635344236703625,0.07331644159925502,0.05961059402836766,0.06991489872858318,0.06353442329772901,0.07331644129254501,0.017198873238206673,0.02274474675908209,
lewidi_convabuse,gemma,0,LP-temp,3,16,0.44597858045738464,0.1476543955243183,0.2569986277123738,0.4214405650132803,0.85,0.825,0.4590550262440109,,0.013598927513736606,,0.013598927513736606,,0.01031107509095839,,0.013496484815172703,,0.010311074775276867,,0.013496484417900047,,0.010577505457380175,,
lewidi_convabuse,gemma,0,GPP-cosine,3,64,0.6568033976126036,0.1929730956323825,0.292020884445663,0.3382166541647294,0.7107142857142857,0.7142857142857143,0.2744010090827942,0.07812436670064926,0.04558911318538804,0.06482869106821947,0.04558911318538804,0.0648286910682195,0.040676296702269514,0.06031313704883182,0.0456677007586639,0.06483650235986771,0.040676296650834984,0.060313136910587074,0.04566770048028595,0.06483650201856545,0.03932141568852233,0.06570462960338462,
lewidi_convabuse,gemma,0,GPP-rbf,3,64,0.41506300659153156,0.13403164469243858,0.2334255323224213,0.3775184385328399,0.8488095238095238,0.8238095238095238,0.3134472072124481,0.10446308553218842,0.13798350518669505,0.139343396349592,0.13798350518669505,0.13934339634959203,0.1438033796339641,0.1371404913254644,0.1394971969436412,0.13960523761561933,0.1438033797833041,0.13714049173023912,0.13949719697260912,0.13960523802174016,0.13759125922929774,0.1430639160638182,
lewidi_convabuse,gemma,0,GPP-laplace,3,64,0.4818638071101486,0.17736192505171275,0.3118706540903077,0.5018196806523844,0.8380952380952381,0.8154761904761905,0.3694829046726227,0.207289457321167,0.139439687922406,0.13059080090893177,0.13943968792240602,0.1305908009089318,0.13267321236364485,0.1234518015855293,0.13925374068924062,0.1302019614116237,0.13267321248296607,0.1234518017233169,0.1392537408180556,0.13020196151264227,0.14308011048974614,0.12384864951444485,
lewidi_convabuse,gemma,0,LPE,3,64,0.5297530967002217,0.11943118345330762,0.17879383300780666,0.21749558405021657,0.8511904761904762,0.8285714285714286,0.15399722754955292,0.03570973873138428,0.0639773094875519,0.05696868753141648,0.06397730948755191,0.056968687531416484,0.07634768395262984,0.06042385257466938,0.06612684686004526,0.05796506275717618,0.0763476837449879,0.060423852338388054,0.0661268464320831,0.05796506227936031,0.034316483940401536,0.0415373871351171,
lewidi_convabuse,gemma,0,LP-temp,3,64,0.4448663318062576,0.14012260534930168,0.2420630322554479,0.3993611367428511,0.85,0.8297619047619048,0.42994385043613204,,0.02825060998916221,,0.028250609989162206,,0.039213682468531345,,0.03007459983834572,,0.03921368247806725,,0.030074599784054867,,0.02962493483325963,,
lewidi_convabuse,gemma,0,GPP-cosine,3,256,0.4269573728043796,0.10544148649546077,0.16969253688413508,0.23004910097717673,0.8642857142857143,0.8559523809523809,0.2077709436416626,0.025458117946982384,0.18132326025616313,0.16531408620328952,0.18132326025616313,0.16531408620328952,0.16980158784128863,0.15365279292616676,0.1800560590809243,0.1643243455309016,0.1698015884224033,0.15365279344047517,0.18005606003072172,0.16432434646007305,0.1894056495575563,0.20266251253507678,
lewidi_convabuse,gemma,0,GPP-rbf,3,256,0.40938575785876813,0.11436289047272662,0.1901416753023763,0.28083657940966444,0.8642857142857143,0.8464285714285714,0.23329126834869385,0.06415557116270065,0.18181440038095553,0.15646429323759126,0.1818144003809556,0.15646429323759126,0.17198670233231828,0.14591347411642705,0.18056778185947303,0.15537288076365263,0.17198670265857707,0.14591347466519966,0.18056778245528446,0.15537288163383522,0.17677879758027024,0.17447824954847588,
lewidi_convabuse,gemma,0,GPP-laplace,3,256,0.4334051059222055,0.14465952898596193,0.25116774958469684,0.3977358785663985,0.8452380952380952,0.8226190476190476,0.28808748722076416,0.159236878156662,0.16028954974989634,0.15517612691153884,0.16028954974989634,0.15517612691153887,0.15041244822429822,0.14501888479071934,0.15958847163269108,0.1543308842134297,0.1504124484677166,0.1450188850593924,0.15958847195244313,0.15433088452039945,0.1519313892230294,0.14610570073637108,
lewidi_convabuse,gemma,0,LPE,3,256,0.5223847996256598,0.11131333205609367,0.16810065401055216,0.19072631436933488,0.8535714285714285,0.8357142857142857,0.11688297241926193,0.05837703123688698,0.16493439947070834,0.15183263564040753,0.16493439947070837,0.15183263564040755,0.15282764240115726,0.13928742148708548,0.16322978821339723,0.150596842218804,0.15282764270095892,0.1392874221245843,0.16322978882577072,0.15059684329424278,0.15337301770244338,0.18419982493083578,
lewidi_convabuse,gemma,0,LP-temp,3,256,0.4554837478743194,0.12641081685404784,0.20785762459887142,0.30906302020974363,0.8416666666666667,0.8238095238095238,0.32154261884846846,,0.10863701602145022,,0.10863701602145026,,0.09770663070561199,,0.10738984597616283,,0.09770663072697074,,0.10738984635412568,,0.08993533440532543,,
lewidi_convabuse,gemma,0,GPP-cosine,3,1024,0.34814080628915856,0.08480233036737785,0.1432308573175327,0.20830902874213175,0.888095238095238,0.875,0.21606867015361786,0.00816290732473135,0.2966434003214756,0.22911129054610146,0.2966434003214757,0.22911129054610152,0.2794361335113411,0.210584952791738,0.29573290209553454,0.22791311180932738,0.27943613403165846,0.2105849530541976,0.29573290261606033,0.22791311205321618,0.2699034089297327,0.28928311444350696,
lewidi_convabuse,gemma,0,GPP-rbf,3,1024,0.3335546346928358,0.0900973007985563,0.1560336067502725,0.23633580779648677,0.8761904761904762,0.8583333333333333,0.21650421619415283,0.04268622770905495,0.29721613427310606,0.22568146015861126,0.2972161342731061,0.22568146015861132,0.2892802940669297,0.2137794574819809,0.29760392143398723,0.22525573534437504,0.2892802943052262,0.2137794579481868,0.2976039215551419,0.22525573586882716,0.2805619890131192,0.2649576346678867,
lewidi_convabuse,gemma,0,GPP-laplace,3,1024,0.39865660689954996,0.12777174870621488,0.22329587689157399,0.35481635466079553,0.8476190476190476,0.8226190476190476,0.25655731558799744,0.1388050615787506,0.19727985996635117,0.18922997724406965,0.1972798599663512,0.1892299772440697,0.1899723745782387,0.18090681134184516,0.19717857728988136,0.18886627260517158,0.18997237486577645,0.18090681165515773,0.19717857752449125,0.18886627284514243,0.19642668483733844,0.18796786469189103,
lewidi_convabuse,gemma,0,LPE,3,1024,0.4103179962522859,0.09094863195710408,0.15132923668928402,0.2107352308839501,0.8714285714285714,0.8607142857142858,0.0883135125041008,0.13734984397888184,0.23169532086788358,0.2616820585731469,0.23169532086788358,0.2616820585731469,0.22322956108352013,0.2473074570286422,0.23119044164016903,0.26057957935915005,0.22322956116947934,0.24730745735960669,0.2311904414399058,0.2605795796260557,0.22654211603311794,0.25301011152591313,
lewidi_convabuse,gemma,0,LP-temp,3,1024,0.4184960286372806,0.1358658495335613,0.23940438429354485,0.396839213867575,0.8607142857142858,0.8523809523809524,0.4427668854155007,,0.12416110354897554,,0.12416110354897555,,0.11575010966345353,,0.12329690987516612,,0.11575010960546801,,0.1232969097759557,,0.1358823714738895,,
lewidi_convabuse,gemma,0,GPP-cosine,4,16,0.8194486354401977,0.26553498284371074,0.39851714665072946,0.4287416276838704,0.569047619047619,0.5773809523809523,0.32978910207748413,0.14505359530448914,0.036518011299835174,0.10381894462333352,0.036518011299835174,0.10381894462333355,0.032607799313397884,0.09900386511595347,0.03590047954506749,0.10333377160413457,0.032607799374669975,0.09900386513467253,0.03590047974021159,0.10333377156574511,0.02648813602883843,0.09796380647273852,
lewidi_convabuse,gemma,0,GPP-rbf,4,16,0.44353562032707883,0.14791870139906282,0.2577181863376782,0.4200565455559529,0.8464285714285714,0.8214285714285714,0.39147552847862244,0.0736982524394989,0.11746228166614076,0.11861402656542702,0.11746228166614076,0.11861402656542704,0.10860896779717667,0.11217655523090864,0.11599961041546818,0.1180206771733579,0.10860896831307561,0.11217655568134702,0.11599961123175691,0.11802067766430129,0.10664451416921754,0.13560043813473904,
lewidi_convabuse,gemma,0,GPP-laplace,4,16,0.5959449865888039,0.23144085030241382,0.39715283172471183,0.5897470129970634,0.8261904761904761,0.8035714285714286,0.43015748262405396,0.24483241140842438,0.09355827350599993,0.0994226881557898,0.09355827350599996,0.09942268815578982,0.08948513009481239,0.09572929274879581,0.09353367735568131,0.09902646611787788,0.08948513020661805,0.09572929286043169,0.0935336775910725,0.09902646615025895,0.10542337299076412,0.08413786701081505,
lewidi_convabuse,gemma,0,LPE,4,16,0.4998744263172817,0.14693758919270994,0.235229607650988,0.3329339722179361,0.8321428571428572,0.8071428571428572,0.22740158438682556,0.11186127364635468,0.04727058392743104,-0.0049258658029184,0.047270583927431054,-0.0049258658029184,0.04407786301819992,-0.00898245803321191,0.04672858290992278,-0.005978250256569844,0.04407786319311864,-0.00898245763561459,0.046728583201078346,-0.0059782494746066055,0.04112427552940479,0.006371344977154271,
lewidi_convabuse,gemma,0,LP-temp,4,16,0.5100800358878261,0.18870801541983348,0.33009134527846007,0.522859362053781,0.8023809523809524,0.7797619047619048,0.5950577249168383,,0.05200566545321839,,0.05200566545321839,,0.047916266256502214,,0.05116595755786395,,0.047916266359529856,,0.051165957707250645,,0.04178296842956859,,
lewidi_convabuse,gemma,0,GPP-cosine,4,64,0.5727885889839109,0.1731704337177511,0.26804293209954505,0.3235754351972386,0.7428571428571429,0.7392857142857143,0.2727966606616974,0.07639377564191818,0.11025588387662544,0.13237262325921856,0.11025588387662545,0.13237262325921856,0.10532282723226039,0.1268889576985736,0.10957032101479772,0.13185611725464427,0.10532282777864752,0.1268889580920832,0.10957032186219315,0.13185611785289678,0.10828729176814779,0.14007247419000965,
lewidi_convabuse,gemma,0,GPP-rbf,4,64,0.4647045569726871,0.14328439473715587,0.23734384348416435,0.34479024154356747,0.8321428571428572,0.8095238095238095,0.2746366560459137,0.09640582650899887,0.11024601487298141,0.13189124169240662,0.11024601487298141,0.13189124169240662,0.10548226268314731,0.12399027353800265,0.10971319276453746,0.13110466047704888,0.1054822628390542,0.12399027384885368,0.10971319291079551,0.13110466076524638,0.12451277409517335,0.14193432068988912,
lewidi_convabuse,gemma,0,GPP-laplace,4,64,0.4780822158902207,0.17394571874589435,0.3047863875183144,0.48914344814343663,0.8416666666666667,0.819047619047619,0.35901904106140137,0.20218443870544434,0.14244391087283276,0.13591450100209507,0.14244391087283276,0.1359145010020951,0.13512202124932798,0.1281637992131403,0.14204793292736578,0.13534341555298463,0.13512202140048724,0.1281637993840156,0.1420479331408871,0.13534341573659925,0.14136218597134648,0.12858492057602722,
lewidi_convabuse,gemma,0,LPE,4,64,0.7082059923803824,0.14421766371123926,0.19662650798974418,0.18420453846660637,0.8238095238095238,0.8011904761904762,0.10601553320884705,0.033147599548101425,0.038266096326235635,0.02253237143492775,0.03826609632623564,0.022532371434927756,0.0363131884183373,0.020451521167204577,0.03803915363715121,0.022060632147346236,0.03631318823235821,0.020451521013127496,0.03803915316310134,0.022060631792071378,0.043037865829544455,0.05419719169427549,
lewidi_convabuse,gemma,0,LP-temp,4,64,0.49884166074265784,0.15887719185175755,0.26393924413944464,0.3926826266834085,0.8083333333333333,0.7857142857142857,0.4233582423861611,,0.04262897099775631,,0.04262897099775631,,0.04026994326798196,,0.042009943105440054,,0.04026994289624417,,0.04200994243491257,,0.049648027123113905,,
lewidi_convabuse,gemma,0,GPP-cosine,4,256,0.49583576847392463,0.13250207888933155,0.2076864828510008,0.26097132342326224,0.8202380952380952,0.8071428571428572,0.2303992062807083,0.03089178539812565,0.1120910954073043,0.0972186471391637,0.1120910954073043,0.09721864713916373,0.09981759449681174,0.08768058882267668,0.11064766323289474,0.09619927146337273,0.09981759497335342,0.08768058898980788,0.11064766392802058,0.09619927172698609,0.13107023539140447,0.1513157277141235,
lewidi_convabuse,gemma,0,GPP-rbf,4,256,0.38905336373787897,0.1186931267577305,0.20554937370983506,0.32956194003286804,0.8642857142857143,0.8511904761904762,0.2888120114803314,0.07549218833446503,0.1820903395843591,0.17867523090481588,0.18209033958435913,0.1786752309048159,0.16892462493350918,0.16881305170835043,0.18112606261782996,0.17804834434985833,0.16892462495479366,0.1688130519310847,0.18112606222659774,0.1780483443377323,0.17923695085848984,0.18511933691862378,
lewidi_convabuse,gemma,0,GPP-laplace,4,256,0.43299280170399324,0.14845358885964222,0.2606159912544258,0.4217882924276544,0.8452380952380952,0.8226190476190476,0.30872127413749695,0.17004288733005524,0.16160677707896243,0.15613223580662755,0.16160677707896245,0.1561322358066276,0.1525558395507369,0.14688784546010564,0.16116904821615083,0.15554115472118768,0.15255583976802256,0.1468878456960953,0.16116904839570106,0.15554115489008496,0.16139930318070164,0.1533631609685189,
lewidi_convabuse,gemma,0,LPE,4,256,0.4434597742218024,0.11531182657636309,0.18733556402821055,0.25365711569097105,0.8511904761904762,0.8380952380952381,0.16899946331977844,0.09325610846281052,0.14201946110628128,0.17013976735399042,0.1420194611062813,0.17013976735399047,0.13096716382087484,0.15862087081739698,0.14134497017945485,0.16959778645166615,0.13096716379421672,0.1586208710130993,0.1413449697305219,0.16959778636489709,0.15418624095803343,0.180309575335299,
lewidi_convabuse,gemma,0,LP-temp,4,256,0.4627164416523262,0.15223746325714574,0.2588578555273097,0.4003167664865756,0.8130952380952381,0.8,0.43862507250747673,,0.06871804899656792,,0.06871804899656792,,0.06049263640275035,,0.06848096913137011,,0.060492636390033605,,0.06848096893121318,,0.0612384700064676,,
lewidi_convabuse,gemma,0,GPP-cosine,4,1024,0.3496726552710842,0.08623913822458924,0.14622295600327648,0.21283775091772852,0.8821428571428571,0.8714285714285714,0.21354785561561584,0.00850954931229353,0.26258849068322915,0.17702724845522422,0.2625884906832292,0.17702724845522425,0.24781796748934395,0.1632092024419223,0.26172770317572025,0.17603642897536598,0.24781796822310959,0.16320920272945305,0.2617277041442086,0.1760364293576116,0.25684774631991186,0.26485804236497545,
lewidi_convabuse,gemma,0,GPP-rbf,4,1024,0.3211247515636194,0.08726053661542993,0.15368799747903678,0.24633383119404748,0.8845238095238095,0.8714285714285714,0.22560808062553406,0.04403545707464218,0.27247172734624725,0.21437534584885842,0.27247172734624725,0.21437534584885845,0.2615040793702129,0.20244247989502617,0.2723506395535453,0.2139612486231578,0.26150407978485624,0.20244248058570033,0.27235064010380294,0.21396124957733098,0.2615603071822134,0.24637031148182048,
lewidi_convabuse,gemma,0,GPP-laplace,4,1024,0.39414579624204055,0.12710123874252358,0.22354998372805615,0.35995795123539837,0.8488095238095238,0.8238095238095238,0.2613528370857239,0.14128237962722778,0.19928180961224254,0.19175365173184383,0.19928180961224257,0.19175365173184386,0.18918956783536509,0.18104165209120354,0.19895809792680197,0.19121229415178176,0.18918956811640902,0.18104165239651704,0.1989580982029693,0.19121229442223178,0.1969436252624495,0.18941398592870906,
lewidi_convabuse,gemma,0,LPE,4,1024,0.39315227860172336,0.0886007264946863,0.15076359687644436,0.21284413496474094,0.8785714285714286,0.8654761904761905,0.08782576024532318,0.12871316075325012,0.19397034101517374,0.1995283292917307,0.1939703410151738,0.1995283292917307,0.1882091898011137,0.18903053204478626,0.19377856598104037,0.19901417687526265,0.1882091902174492,0.18903053244723667,0.19377856653885034,0.19901417734065804,0.190022899760145,0.2079805536005321,
lewidi_convabuse,gemma,0,LP-temp,4,1024,0.43700803318949666,0.13873011760566928,0.24371288433427277,0.40176770637358267,0.8523809523809524,0.8416666666666667,0.4417664174613365,,0.07660842382517233,,0.07660842382517234,,0.074358979355894,,0.0766035864693572,,0.07435897966096369,,0.07660358690565834,,0.08394804331394315,,
lewidi_convabuse,gemma,12,GPP-cosine,0,16,1.1062434790203772,0.31198258933797507,0.4142639952820478,0.3192695716566713,0.5928571428571429,0.5821428571428572,0.3037639856338501,0.013763340190052986,-0.02123964712855133,0.059810932823919555,-0.02123964712855133,0.05981093282391957,-0.03137621903689,0.04288484225772783,-0.022896182250955417,0.05796950452073629,-0.03137621909045579,0.0428848428500095,-0.022896182491544747,0.057969505546671816,-0.03798872376411095,0.018191277501626624,
lewidi_convabuse,gemma,12,GPP-rbf,0,16,0.5110931740162707,0.13118011372168265,0.19559354120311107,0.24255016970815954,0.8464285714285714,0.8214285714285714,0.19208675622940063,0.030377820134162903,0.1367743499271067,0.08538561186644704,0.13677434992710671,0.08538561186644705,0.13306898740660394,0.08254615467407608,0.13707925153138117,0.08551672594221349,0.13306898742011192,0.08254615470062526,0.1370792514460376,0.08551672588326563,0.1465614686551593,0.12285631323129764,
lewidi_convabuse,gemma,12,GPP-laplace,0,16,0.5438137645035961,0.2078446453550014,0.36239109858870505,0.5648054536604822,0.8428571428571429,0.8178571428571428,0.4116173982620239,0.23569810390472412,0.1197694966703638,0.10058506671436558,0.11976949667036378,0.10058506671436558,0.1096811686908879,0.09108622065324548,0.11884870423196385,0.09943746329651872,0.10968116890396934,0.09108622086066914,0.11884870450462307,0.09943746342508562,0.11132142337865876,0.0853204696631524,
lewidi_convabuse,gemma,12,LPE,0,16,0.8367559817214869,0.13748317147373812,0.16920229798249367,0.11166899415186074,0.8476190476190476,0.8226190476190476,0.03644763305783272,0.003545570420101285,0.1573159317829064,0.05144200912908514,0.15731593178290643,0.05144200912908515,0.15647835038682886,0.05278336519684545,0.1581307405641671,0.05190713366613928,0.15647835006303246,0.052783365033275284,0.15813073998787902,0.051907133391480835,0.08996936319904743,0.08906256076072187,
lewidi_convabuse,gemma,12,LP-temp,0,16,0.44755848702302214,0.1359086203328206,0.226599104149262,0.35012237422853637,0.8476190476190476,0.8226190476190476,0.3679966883286555,,0.14129976276094747,,0.1412997627609475,,0.13968614623047315,,0.1420428790729416,,0.13968614605659613,,0.1420428787256674,,0.09189315166982846,,
lewidi_convabuse,gemma,12,GPP-cosine,0,64,0.643136626533768,0.21495163873682493,0.3464381082627316,0.4517215715365915,0.705952380952381,0.6952380952380952,0.48809051513671875,0.00976205337792635,0.01373935586362867,0.036295394868063505,0.01373935586362867,0.03629539486806352,0.013065844964835899,0.023845335121053912,0.013952111462338483,0.03494488433352943,0.013065844686886055,0.023845335107644593,0.013952111013892425,0.03494488410661714,0.0035229880311647113,0.09854235070563887,
lewidi_convabuse,gemma,12,GPP-rbf,0,64,0.43422047312839995,0.13590288243353357,0.23157579469428,0.3621773317504055,0.8488095238095238,0.8238095238095238,0.28809601068496704,0.10243597626686096,0.08805750411348195,0.09954564991008095,0.08805750411348198,0.09954564991008098,0.07818170040137033,0.09064492875255661,0.08718659908345666,0.09880435495809127,0.07818170069184283,0.09064492908079905,0.08718659955837248,0.09880435540947455,0.09180006788619839,0.10634553226775052,
lewidi_convabuse,gemma,12,GPP-laplace,0,64,0.4853959048969797,0.17778709025707462,0.31246813219927605,0.503145807535401,0.8452380952380952,0.8202380952380952,0.3669130206108093,0.20812614262104034,0.11494011823704656,0.107085137372656,0.11494011823704656,0.10708513737265603,0.10286868757969485,0.09497909353100596,0.11369479844515842,0.10570941819556859,0.10286868784899869,0.09497909380463954,0.11369479874802513,0.1057094184466108,0.11056634972840487,0.09847994400964426,
lewidi_convabuse,gemma,12,LPE,0,64,0.5579896739607121,0.12333110411823912,0.1777687152630062,0.19495055736328604,0.8464285714285714,0.8214285714285714,0.134837344288826,0.030194280669093132,0.11764530478145635,0.09493620039189402,0.11764530478145638,0.09493620039189402,0.11437085564914504,0.08981869897589337,0.11805735982106827,0.09521743198604692,0.11437085594385743,0.08981869943377087,0.11805736047859258,0.0952174329042101,0.11219660568787819,0.13712476409929766,
lewidi_convabuse,gemma,12,LP-temp,0,64,0.44390580614647435,0.150526372652219,0.2649683535710622,0.4398686439782593,0.8464285714285714,0.8238095238095238,0.48875540397792316,,0.06536659052450593,,0.06536659052450594,,0.06367528673685424,,0.06549034043982573,,0.06367528706101705,,0.06549034119257073,,0.0803455351849994,,
lewidi_convabuse,gemma,12,GPP-cosine,0,256,0.6267571758885413,0.2096483764632053,0.34241983896279665,0.46695973762559817,0.7,0.694047619047619,0.5103736519813538,0.0069351401180028915,0.00963385391120562,0.02075046677809116,0.009633853911205628,0.020750466778091163,0.011633766240869767,0.013391087066758796,0.009971055412331353,0.019900358800014645,0.011633766004465064,0.013391087429266106,0.009971055156845786,0.019900359357977127,-0.006556880483486878,0.10662753663631816,
lewidi_convabuse,gemma,12,GPP-rbf,0,256,0.3837296591525069,0.11217891052961258,0.19120453611470847,0.2884835778766002,0.8535714285714285,0.830952380952381,0.23929503560066223,0.07558764517307281,0.243693382753293,0.19400848612089555,0.243693382753293,0.19400848612089555,0.2330501694572763,0.1828116297975102,0.24311296611446231,0.1933404483063687,0.2330501696508812,0.18281163003596196,0.2431129661888794,0.1933404484987549,0.24098715105809798,0.20890003142286456,
lewidi_convabuse,gemma,12,GPP-laplace,0,256,0.44818456098060455,0.15177011337461535,0.2636243483838847,0.4162011835965693,0.8452380952380952,0.8202380952380952,0.3003424406051636,0.168357253074646,0.13535590350956017,0.1299116606986277,0.13535590350956023,0.12991166069862775,0.1253748550958489,0.11982774762751215,0.13444602321777446,0.12889441834848753,0.12537485534966658,0.11982774788734683,0.13444602346937132,0.12889441857049677,0.12565931553505233,0.11999177954945299,
lewidi_convabuse,gemma,12,LPE,0,256,0.4717590066172531,0.10544061577881714,0.15994325011680666,0.17829113127081067,0.8607142857142858,0.8380952380952381,0.11789964884519577,0.05625373125076294,0.26836505678161127,0.23403645259723693,0.26836505678161127,0.234036452597237,0.25470912736930074,0.2215347716173131,0.26748974512898344,0.23311157774769653,0.25470912746676927,0.22153477198593713,0.2674897451600906,0.23311157823663403,0.2628758480479416,0.27633927536968217,
lewidi_convabuse,gemma,12,LP-temp,0,256,0.4016976581356121,0.12091510363411159,0.2071295137083868,0.3284054802945116,0.8464285714285714,0.8285714285714286,0.36514988588140523,,0.20341912122842348,,0.20341912122842348,,0.1959400848981211,,0.203001027450989,,0.19594008495889098,,0.20300102759616026,,0.20052173925613473,,
lewidi_convabuse,gemma,12,GPP-cosine,0,1024,0.6540306203849479,0.19501318979561438,0.30886094103151934,0.3972111885251413,0.7166666666666667,0.7107142857142857,0.4281376302242279,0.0025243901181966066,0.042080848070634835,0.07880260619276475,0.04208084807063484,0.07880260619276475,0.04139993139857013,0.06928770518730609,0.04254319021870111,0.07831200640606853,0.04139993136419074,0.06928770563568665,0.04254319032755922,0.07831200717636388,0.04346191016319235,0.1194672720779743,
lewidi_convabuse,gemma,12,GPP-rbf,0,1024,0.29271966753914036,0.08041514308667015,0.1462387771547323,0.2499927388977152,0.8976190476190476,0.8797619047619047,0.23039568960666656,0.054354339838027954,0.3306193710967869,0.26117828815157684,0.33061937109678696,0.26117828815157695,0.31896054793409967,0.25026276576086515,0.32994243902133524,0.2603955280477558,0.318960548525425,0.2502627664190604,0.32994243961118086,0.26039552876241345,0.3112838570448077,0.27903076162654067,
lewidi_convabuse,gemma,12,GPP-laplace,0,1024,0.41010340470696544,0.13642916514137093,0.24107396355941005,0.38995757764793404,0.8464285714285714,0.8214285714285714,0.28283074498176575,0.15631379187107086,0.18035484726763557,0.171111900801889,0.18035484726763562,0.17111190080188907,0.1699808802005216,0.1604175855710066,0.179506665458245,0.1701201441574471,0.1699808805142071,0.16041758588899596,0.1795066657358583,0.17012014440787743,0.17869988698006328,0.16781912893927306,
lewidi_convabuse,gemma,12,LPE,0,1024,0.32345541337870043,0.07891963537404936,0.13930853007006155,0.21399057328684562,0.8916666666666667,0.8785714285714286,0.08959637582302094,0.15322087705135345,0.29959848468912376,0.30242547845614665,0.29959848468912376,0.30242547845614676,0.2930892655388134,0.2921177430357589,0.29923610534803263,0.30149553044009525,0.29308926607450736,0.2921177438549355,0.2992361060477455,0.30149553142852714,0.2863582439598263,0.29131343080467476,
lewidi_convabuse,gemma,12,LP-temp,0,1024,0.3754545140333351,0.12104385117376357,0.21605358007872263,0.3712786818991229,0.8690476190476191,0.8583333333333333,0.4235053941014037,,0.20359318907648205,,0.20359318907648205,,0.2029569115253631,,0.20347985880073471,,0.20295691185020776,,0.20347985921527142,,0.21145832365128409,,
lewidi_convabuse,gemma,12,GPP-cosine,1,64,0.7931144636847166,0.2663675710143027,0.3968355816822722,0.42232963473480595,0.611904761904762,0.6035714285714285,0.44836199283599854,0.013077985495328903,0.0189074525401173,0.02613817848691216,0.018907452540117303,0.026138178486912172,0.024490719726201256,0.018071173678298445,0.019466148503587594,0.02520225169021542,0.024490719461939786,0.01807117409366534,0.01946614792895278,0.025202252301646022,-0.006369090057088356,0.06116443408347775,
lewidi_convabuse,gemma,12,GPP-rbf,1,64,0.42900040108507215,0.1314538907747593,0.22336830017877565,0.343164306412521,0.8452380952380952,0.8202380952380952,0.27051788568496704,0.09401878714561462,0.09000999880279756,0.09622991502246842,0.09000999880279759,0.09622991502246843,0.08308293070725631,0.08893162330800819,0.08941002002309151,0.09557143188320069,0.08308293110714117,0.08893162369769182,0.0894100205548377,0.09557143233198043,0.09398889487836332,0.09880436209276391,
lewidi_convabuse,gemma,12,GPP-laplace,1,64,0.48349602032602956,0.17711454238360114,0.3117634148824783,0.5032930236246698,0.8452380952380952,0.8202380952380952,0.3675769567489624,0.20787237584590912,0.11209124902626039,0.10342477315876619,0.1120912490262604,0.10342477315876619,0.10068356283422698,0.09207104435136416,0.1110381493286091,0.10225177202970562,0.10068356309453683,0.09207104461127184,0.11103814961276162,0.10225177225557935,0.10777590322956267,0.09505523291135234,
lewidi_convabuse,gemma,12,LPE,1,64,0.5866580182672307,0.1238958856721445,0.17627721608755348,0.18563318835884,0.8488095238095238,0.8238095238095238,0.12444180250167847,0.020452475175261497,0.05839754531865847,0.08077025100826044,0.05839754531865848,0.08077025100826044,0.05752568966986815,0.07183338657552557,0.05879189711975186,0.07880941085550144,0.05752568986066637,0.07183338709806233,0.05879189734308285,0.07880941144965578,0.08410231742845285,0.10732907031922828,
lewidi_convabuse,gemma,12,LP-temp,1,64,0.43951968733443114,0.13179114449542553,0.2227545409803604,0.34440794065066244,0.8523809523809524,0.8297619047619048,0.3629538220733008,,0.07146635332595569,,0.07146635332595572,,0.07035897941750686,,0.07175881270431889,,0.07035897967814175,,0.07175881310240052,,0.07525638558896222,,
lewidi_convabuse,gemma,12,GPP-cosine,1,256,0.6766246044817804,0.2136444103367179,0.350324666323351,0.4824427708992071,0.7166666666666667,0.7226190476190476,0.5199598073959351,0.005930060520768166,-0.035934646036109415,-0.02819670165467158,-0.035934646036109415,-0.028196701654671582,-0.025232963882993995,-0.02873553127334377,-0.03449631592024109,-0.028147087488035447,-0.025232964212134897,-0.028735531207214476,-0.03449631616884782,-0.02814708736902323,-0.034565105960396456,0.05158346731969847,
lewidi_convabuse,gemma,12,GPP-rbf,1,256,0.37147141402690387,0.1111348592199148,0.19438051342925367,0.31626816612496056,0.8630952380952381,0.8404761904761905,0.26205459237098694,0.08341532200574875,0.19445135310094339,0.16726263273239533,0.1944513531009434,0.1672626327323954,0.18148217308406495,0.154424111064632,0.19306002950121864,0.16594902631146619,0.18148217351300666,0.15442411150199253,0.19306002985060666,0.16594902669214834,0.19280810186156117,0.1739209426376394,
lewidi_convabuse,gemma,12,GPP-laplace,1,256,0.4486389066519047,0.15483432826630872,0.27083019512328543,0.4330863121131924,0.8452380952380952,0.8202380952380952,0.31396201252937317,0.17611505091190338,0.13266821784399663,0.12636436785946953,0.13266821784399668,0.12636436785946956,0.12149050334115875,0.1151083288854845,0.13159284009026312,0.1251897818827919,0.12149050360683725,0.11510832916114112,0.13159284034355123,0.12518978211040344,0.12517860820914434,0.11736705198538269,
lewidi_convabuse,gemma,12,LPE,1,256,0.4418208008180305,0.10138961600160357,0.16122941574081517,0.2076704041575113,0.8642857142857143,0.844047619047619,0.13516007363796234,0.06879701465368271,0.18329286719333934,0.20417462614328172,0.18329286719333937,0.20417462614328175,0.17212318473400787,0.19068646577731965,0.1820738299038648,0.20263960495246353,0.17212318497815826,0.1906864659725467,0.1820738299882718,0.20263960491026695,0.1623323959370684,0.18384628079686471,
lewidi_convabuse,gemma,12,LP-temp,1,256,0.4049145726890755,0.11729969301618234,0.19871635175955873,0.31891470140830436,0.8535714285714285,0.8428571428571429,0.3441341506042711,,0.15338571531645756,,0.15338571531645756,,0.13702401515863366,,0.15151148598082478,,0.13702401562042066,,0.15151148655035565,,0.14101590199667857,,
lewidi_convabuse,gemma,12,GPP-cosine,1,1024,0.6143585736207832,0.1955284063351252,0.31841642500448303,0.43068418106874506,0.7404761904761905,0.736904761904762,0.472514808177948,0.002822777722030878,0.03983967638281571,0.08206580820721754,0.039839676382815714,0.08206580820721754,0.040958677583491136,0.07145248587382254,0.040213827644484834,0.0808343930499804,0.04095867748821975,0.07145248716605257,0.04021382769567801,0.08083439550760733,0.022178027150119392,0.10880516126923921,
lewidi_convabuse,gemma,12,GPP-rbf,1,1024,0.2967167023054548,0.07899704142035392,0.14266403085060855,0.23677122204109255,0.8964285714285715,0.8809523809523809,0.21242082118988037,0.04912358149886131,0.30813892823004646,0.24569499957812443,0.30813892823004646,0.2456949995781245,0.2977604868352795,0.2328747121006558,0.3075501952063624,0.24472157222829427,0.29776048724882903,0.23287471261181472,0.30755019547470963,0.24472157270863493,0.2938978083584023,0.2671980856633788,
lewidi_convabuse,gemma,12,GPP-laplace,1,1024,0.4116057280549244,0.13468860974989394,0.2361619363910341,0.37743329121410557,0.8452380952380952,0.8202380952380952,0.2717476487159729,0.1500205397605896,0.1779987091900215,0.16787174755191625,0.17799870919002153,0.1678717475519163,0.1679653531618453,0.15755868058856332,0.17733666731756442,0.1670558654351291,0.16796535341140467,0.15755868085392377,0.1773366675038866,0.16705586561093666,0.17611135832348712,0.1657975760174524,
lewidi_convabuse,gemma,12,LPE,1,1024,0.3634468183610916,0.08282477596872363,0.1421307964512286,0.20122909454057736,0.875,0.8714285714285714,0.08301898092031479,0.12960292398929596,0.25450385511591433,0.24600008921295713,0.2545038551159144,0.24600008921295716,0.2434310537182254,0.23283703639414544,0.2534823637553312,0.2446339062283448,0.2434310539522327,0.23283703689097718,0.2534823639602824,0.2446339067317177,0.24945007105821074,0.24265030835126036,
lewidi_convabuse,gemma,12,LP-temp,1,1024,0.37256046077891697,0.11010794670989467,0.19392549298591039,0.32321652480182306,0.8630952380952381,0.861904761904762,0.3597240644891821,,0.20479298029445933,,0.2047929802944594,,0.19768384784161247,,0.20384860764955517,,0.1976838482125553,,0.20384860801265628,,0.20493149168594832,,
lewidi_convabuse,gemma,12,GPP-cosine,2,16,0.7668307690920931,0.27878229743174826,0.4426606391431484,0.5505627439666663,0.569047619047619,0.5630952380952381,0.5903878211975098,0.025678060948848724,-0.0972791749137137,-0.04126120640898639,-0.09727917491371374,-0.041261206408986395,-0.08282483109368817,-0.047808029602419005,-0.09627241786180654,-0.04271356400186635,-0.08282483141074432,-0.04780802963534506,-0.09627241845609705,-0.04271356427790702,-0.04146499053481901,0.010900027523230415,
lewidi_convabuse,gemma,12,GPP-rbf,2,16,0.4803264571007929,0.17581696686942946,0.3105025210373458,0.5082219390334628,0.8464285714285714,0.8238095238095238,0.409111887216568,0.17136549949645996,0.12381438740767672,0.11090021781370195,0.12381438740767672,0.11090021781370198,0.12282966370634213,0.10367071340026975,0.12340252744307822,0.10998592090471908,0.12282966376273942,0.1036707136928094,0.12340252764827193,0.10998592122299114,0.12857103231834852,0.11015294771632043,
lewidi_convabuse,gemma,12,GPP-laplace,2,16,0.6296601797272314,0.24595771160780902,0.41712972421110384,0.5991458116757796,0.8404761904761905,0.8178571428571428,0.43538039922714233,0.249526247382164,0.0745040404511453,0.048702643096622304,0.07450404045114531,0.048702643096622304,0.07112949260876714,0.04682666728674299,0.0743537800426827,0.04822990759333189,0.07112949268632718,0.04682666735953407,0.07435378021918837,0.04822990756023006,0.09906509676959624,0.028011505502423612,
lewidi_convabuse,gemma,12,LPE,2,16,0.4680942080522903,0.139512222282094,0.2291732094175781,0.343104891221987,0.844047619047619,0.8214285714285714,0.30904620885849,0.05721045285463333,0.1036530687812644,0.14105713840298126,0.10365306878126442,0.14105713840298129,0.10704161521280911,0.14103604974422693,0.1036839191004664,0.14112387263140938,0.10704161530231579,0.14103605005683972,0.10368391919346527,0.14112387313873817,0.10015850992325705,0.12795969273956895,
lewidi_convabuse,gemma,12,LP-temp,2,16,0.4740213230953178,0.16463374798186056,0.2862202695256945,0.46025366400911905,0.8297619047619048,0.8142857142857143,0.5163985670896173,,0.0845945099666421,,0.08459450996664211,,0.08676423501939548,,0.08435578268098363,,0.08676423503004366,,0.08435578268950604,,0.09132808920058347,,
lewidi_convabuse,gemma,12,GPP-cosine,2,64,1.0038798160486837,0.3355201584826459,0.4774562682488544,0.41727478387198574,0.46904761904761905,0.4773809523809524,0.440231055021286,0.012294608168303967,0.011038863993974132,0.028046000387315483,0.01103886399397414,0.028046000387315504,0.014508602332857364,0.018775993876625707,0.011734003528984632,0.027402818190991024,0.014508602367221443,0.018775994608741912,0.011734003862579032,0.02740281962737991,-0.0018468478648955748,0.07083349725854726,
lewidi_convabuse,gemma,12,GPP-rbf,2,64,0.44012679972525137,0.1408507466225687,0.24134895748214885,0.3739486820777652,0.844047619047619,0.819047619047619,0.30001702904701233,0.11017555743455887,0.1215629601745504,0.11454171786423165,0.12156296017455041,0.11454171786423165,0.11554010404771262,0.10625391227656855,0.12150209352268575,0.11402314751406903,0.11554010408815318,0.10625391243768953,0.12150209340667065,0.11402314756639492,0.12362556554560235,0.12027287522759757,
lewidi_convabuse,gemma,12,GPP-laplace,2,64,0.4918354503855634,0.18110361249715157,0.3174507605510631,0.507016448799098,0.844047619047619,0.819047619047619,0.37067291140556335,0.210090771317482,0.11839589585010574,0.11032174565851854,0.11839589585010575,0.11032174565851857,0.10755685896996149,0.09930951299310749,0.1173432233723745,0.10912762948556756,0.1075568591994582,0.09930951322671089,0.11734322361097825,0.10912762967592542,0.11409547045883976,0.10194204919902927,
lewidi_convabuse,gemma,12,LPE,2,64,0.5978786914680232,0.13077788977833715,0.18507549316330238,0.1889943022021802,0.844047619047619,0.819047619047619,0.12514743208885193,0.029842711985111237,0.10525863052915715,0.0890434910694379,0.10525863052915718,0.0890434910694379,0.10414304877157218,0.08902878076298028,0.10602745654787125,0.08978622264399544,0.10414304858355447,0.08902878069805614,0.10602745631391354,0.08978622267439065,0.12139232346123002,0.1422410239843091,
lewidi_convabuse,gemma,12,LP-temp,2,64,0.46350945211576267,0.16365213747647464,0.2868802677267396,0.46906904612567873,0.8285714285714286,0.8035714285714286,0.5311004962762312,,0.11072733951791507,,0.11072733951791508,,0.10802772656764428,,0.11122528580564292,,0.10802772645585326,,0.11122528552077503,,0.11547074962358694,,
lewidi_convabuse,gemma,12,GPP-cosine,2,256,0.8038388724063845,0.23814244845333418,0.3498117638202333,0.3692308234045698,0.6523809523809524,0.6464285714285715,0.3857441544532776,0.005134121049195528,0.034835690781612826,0.02905224884731792,0.03483569078161284,0.029052248847317916,0.03780105789785908,0.02262247709719341,0.035726584178910024,0.028700310368698547,0.03780105754236887,0.022622477031813838,0.03572658382114409,0.028700310201756063,0.04054669142070285,0.10184673921244258,
lewidi_convabuse,gemma,12,GPP-rbf,2,256,0.38711023797958005,0.1181029328989837,0.2036715706558122,0.3231109138459019,0.8630952380952381,0.8404761904761905,0.2742413878440857,0.08445309102535248,0.22034983804006725,0.17591683239507605,0.2203498380400673,0.1759168323950761,0.21065762809332977,0.16399108351666597,0.21975775065544811,0.17490598053147766,0.21065762802368662,0.16399108353360692,0.2197577502476678,0.17490598021834186,0.2136989625567818,0.18812078927090672,
lewidi_convabuse,gemma,12,GPP-laplace,2,256,0.44872942954465145,0.15548304488992665,0.2725413176064779,0.4369469561538597,0.8452380952380952,0.8202380952380952,0.3181363642215729,0.1782432198524475,0.147808510725995,0.13926845873261062,0.147808510725995,0.13926845873261065,0.1382631058115467,0.12953650139560083,0.1470236541771387,0.13835744301030992,0.13826310603054542,0.12953650162551705,0.1470236543622311,0.13835744317007964,0.12983800698902073,0.12226166347755137,
lewidi_convabuse,gemma,12,LPE,2,256,0.45460019272257374,0.11104092969017652,0.17746764659117117,0.23180261426816715,0.8511904761904762,0.830952380952381,0.15779249370098114,0.08566711097955704,0.2164415264679304,0.1988540753811495,0.21644152646793044,0.19885407538114946,0.2084131313449642,0.19106238899007566,0.21599850364184914,0.19851722717798181,0.20841313110684664,0.19106238864168823,0.21599850299805853,0.1985172262752953,0.19765759786968376,0.20834892554220932,
lewidi_convabuse,gemma,12,LP-temp,2,256,0.4502817128051231,0.13845306641820518,0.23231144507684812,0.35975657219663226,0.8321428571428572,0.8166666666666667,0.3985537955295161,,0.15557202613300808,,0.1555720261330081,,0.15595127732798889,,0.1557184996770506,,0.1559512770263462,,0.15571849912741553,,0.15701956510358359,,
lewidi_convabuse,gemma,12,GPP-cosine,2,1024,0.696580368967591,0.20224440419540807,0.3089499798295646,0.3642646873733596,0.7083333333333334,0.6976190476190476,0.3879428803920746,0.0023626142647117376,0.054196589818018906,0.10868137361132876,0.0541965898180189,0.10868137361132879,0.04772845873800496,0.08897122017890624,0.05346581604783693,0.106218496386066,0.04772845866075156,0.08897122044280795,0.05346581583735161,0.10621849658865858,0.05499765415221982,0.13886858814167302,
lewidi_convabuse,gemma,12,GPP-rbf,2,1024,0.30239216265736985,0.08216450653387866,0.14896952477810416,0.24347690075422976,0.888095238095238,0.875,0.21703912317752838,0.051507942378520966,0.2973396944552404,0.22631752064783556,0.29733969445524044,0.22631752064783558,0.2818511490673972,0.20964262807275727,0.2958071704331829,0.22457576973149507,0.28185114952538404,0.20964262861756305,0.29580717076079954,0.22457577024600514,0.28492777050164747,0.25453428374592174,
lewidi_convabuse,gemma,12,GPP-laplace,2,1024,0.42068931249603586,0.13644451074932382,0.23677005682340158,0.37151489603935434,0.8452380952380952,0.8202380952380952,0.2665565311908722,0.14708971977233887,0.16934417098434756,0.16086948245282134,0.1693441709843476,0.16086948245282137,0.15951176137426004,0.15073389284848648,0.1686180312509896,0.1600076475772817,0.1595117616174087,0.15073389310453492,0.16861803141861592,0.16000764773243142,0.1700655588894855,0.16012407755251554,
lewidi_convabuse,gemma,12,LPE,2,1024,0.3742611871884472,0.0866615138357306,0.14813364079802113,0.21000050557028233,0.8797619047619047,0.8738095238095238,0.09024656563997269,0.1299324780702591,0.22665007606724757,0.23175847965231924,0.22665007606724763,0.23175847965231927,0.21536447945973444,0.21077912654666467,0.22527057455760352,0.2290043639205076,0.21536447985205082,0.21077912725846648,0.2252705748341669,0.22900436471085564,0.22842447888905168,0.23217996284519446,
lewidi_convabuse,gemma,12,LP-temp,2,1024,0.387685412328222,0.1168004567783841,0.20347540763703031,0.32717898617242497,0.8535714285714285,0.8523809523809524,0.3630520641138173,,0.1826419775655253,,0.18264197756552533,,0.16963758141156351,,0.1811163086082061,,0.16963758203664908,,0.18111630946774807,,0.1780477367646362,,
lewidi_convabuse,gemma,12,GPP-cosine,3,16,0.7808144839609475,0.2950519762816243,0.4640271027867649,0.5413920971272915,0.44642857142857145,0.45714285714285713,0.5886480212211609,0.02739458903670311,-0.0037012616678610243,0.010343380680767796,-0.0037012616678610225,0.010343380680767789,0.009305445362033812,0.0015163219830225602,-0.0020765271020058845,0.009375938383543187,0.009305444948905815,0.0015163222347077676,-0.0020765277481117304,0.009375938731674416,0.02319188716077962,0.06823444526998057,
lewidi_convabuse,gemma,12,GPP-rbf,3,16,0.44176105398239457,0.14100230667618097,0.240461221597867,0.3713142624326187,0.8452380952380952,0.8202380952380952,0.2838093340396881,0.12217854708433151,0.13208858547086777,0.11221893096592747,0.13208858547086777,0.11221893096592747,0.12557831336811096,0.10579030643335252,0.13163158724980836,0.11172582786209265,0.12557831363248634,0.10579030670522739,0.1316315875066726,0.11172582810943678,0.1291837214326221,0.11489207222030759,
lewidi_convabuse,gemma,12,GPP-laplace,3,16,0.5760485255952654,0.2226098363869984,0.38414475857723684,0.5798566423693767,0.8416666666666667,0.8166666666666667,0.4225136935710907,0.24192936718463898,0.1082979594809249,0.09183787901741249,0.10829795948092491,0.09183787901741249,0.10147723224813956,0.08598409044302174,0.1077732046202693,0.09115465198224332,0.10147723241387009,0.0859840905879112,0.10777320483791439,0.09115465205739144,0.12006272351054537,0.07326329249160984,
lewidi_convabuse,gemma,12,LPE,3,16,0.7524817751221338,0.13657077993289113,0.17232151905932586,0.12712584925681164,0.8464285714285714,0.8214285714285714,0.0572703555226326,0.0049348375760018826,0.12380378260836558,0.12309054882661583,0.1238037826083656,0.12309054882661583,0.11759974240697849,0.11446170542323073,0.12343855939334838,0.12273281441279704,0.11759974244918342,0.1144617054775845,0.12343855939693608,0.12273281450122807,0.07821369617268213,0.08749901329607966,
lewidi_convabuse,gemma,12,LP-temp,3,16,0.4417854055170401,0.1391656052596332,0.23692480485320264,0.375251132346005,0.8464285714285714,0.8214285714285714,0.4016536073640677,,0.0927590339011028,,0.0927590339011028,,0.08520349641060176,,0.09222720645430148,,0.08520349655274735,,0.09222720665438285,,0.07576820119574164,,
lewidi_convabuse,gemma,12,GPP-cosine,3,64,0.7982785909214258,0.2653366756892264,0.4191437837894024,0.5213972652217524,0.6059523809523809,0.6071428571428571,0.5693181157112122,0.012702126987278461,-0.02176346821041892,0.0061660821434334975,-0.02176346821041892,0.0061660821434334975,-0.013123778423063066,-0.0014700522681860284,-0.02125426912493129,0.0043878125031674865,-0.013123778692705264,-0.001470052211085232,-0.02125426953655387,0.0043878124254048585,-0.06561626065261962,0.08934895404855497,
lewidi_convabuse,gemma,12,GPP-rbf,3,64,0.41011399401984844,0.13656491158246484,0.2417580314590374,0.4007938491084823,0.8511904761904762,0.8261904761904761,0.32933735847473145,0.12106343358755112,0.1628062544708766,0.14537986621973048,0.1628062544708766,0.1453798662197305,0.15447789375688314,0.13529687537419632,0.16258448703841288,0.1446566917571922,0.1544778935622996,0.13529687539839375,0.1625844863980655,0.1446566914730054,0.1641018419624287,0.14774588176067996,
lewidi_convabuse,gemma,12,GPP-laplace,3,64,0.505335463450604,0.18934542917985428,0.331875134943541,0.528054427389638,0.844047619047619,0.819047619047619,0.38753166794776917,0.21974879503250122,0.13220230536764266,0.12059986406014674,0.13220230536764266,0.12059986406014676,0.12221040340534302,0.11086888053939849,0.13135531835277758,0.11962996169218904,0.12221040356277159,0.11086888069892918,0.1313553184640944,0.1196299617520645,0.13082328747873118,0.11025216475726816,
lewidi_convabuse,gemma,12,LPE,3,64,0.4702304046234091,0.11579411616041985,0.1800771456271399,0.22803601429382028,0.8571428571428571,0.8321428571428572,0.18006862699985504,0.03749961033463478,0.13728846859272156,0.12468328557321338,0.1372884685927216,0.1246832855732134,0.13247296804453418,0.11687548103154397,0.1374353501891549,0.1246272006364856,0.13247296767703856,0.11687548076117879,0.13743534934555254,0.12462720001015963,0.1351240008571756,0.15775876889973722,
lewidi_convabuse,gemma,12,LP-temp,3,64,0.41549123553898004,0.13677052736426495,0.24074396681841825,0.403569882540836,0.8476190476190476,0.825,0.44707117856022316,,0.11056699191107519,,0.11056699191107522,,0.10679116083941095,,0.11045233176550175,,0.10679116055880553,,0.11045233097314934,,0.11802659902193513,,
lewidi_convabuse,gemma,12,GPP-cosine,3,256,0.711811626462654,0.22383640474289654,0.3398440418445033,0.38918617428197116,0.6714285714285714,0.6607142857142857,0.40978869795799255,0.005214397329837084,0.016683866962247773,-0.009308678659106926,0.01668386696224777,-0.009308678659106933,0.008381411784898728,-0.017864727135603033,0.0156194965765831,-0.010548746213877407,0.008381411542318452,-0.01786472709483405,0.01561949618348953,-0.010548746363162491,0.03248753877421111,0.08041984667900608,
lewidi_convabuse,gemma,12,GPP-rbf,3,256,0.38876731416553595,0.11045744131361362,0.18684197249046217,0.27881582453552606,0.8630952380952381,0.8404761904761905,0.22360219061374664,0.06910049170255661,0.18228360389904524,0.15168403650546095,0.18228360389904524,0.15168403650546095,0.1736516842874279,0.14220918502318752,0.1818591262731784,0.15100722897004842,0.1736516848089144,0.1422091855817407,0.1818591268019611,0.15100722954731177,0.19224329563323272,0.17346748162892944,
lewidi_convabuse,gemma,12,GPP-laplace,3,256,0.4450928228329923,0.15052970121047882,0.26197868777949007,0.4150092540378595,0.8452380952380952,0.8202380952380952,0.2992647588253021,0.1675061732530594,0.13376341202944342,0.12857656473358556,0.13376341202944342,0.12857656473358559,0.12257849444049126,0.11738061347253528,0.13268369971719138,0.12740056578384568,0.12257849468419879,0.11738061372772127,0.1326836999505242,0.12740056599298427,0.12587196133035922,0.11971088764935153,
lewidi_convabuse,gemma,12,LPE,3,256,0.5052416113234306,0.10722796060180155,0.1598026330073567,0.1747973351020978,0.8571428571428571,0.8369047619047619,0.10242463648319244,0.04762837663292885,0.16698667401403466,0.14267522826190152,0.16698667401403472,0.14267522826190152,0.1625895534514027,0.13653738303277196,0.16705683261841922,0.1422856333370652,0.16258955409563214,0.13653738403158783,0.16705683326109805,0.14228563443946735,0.1937824835709531,0.20982162750344072,
lewidi_convabuse,gemma,12,LP-temp,3,256,0.4138280984966051,0.111957656083239,0.18461495335324624,0.26633645958632657,0.8523809523809524,0.8321428571428572,0.27686494787771865,,0.17958503268361253,,0.1795850326836126,,0.17429822048515858,,0.17965851696899243,,0.17429822136073586,,0.17965851807344096,,0.1710085425452323,,
lewidi_convabuse,gemma,12,GPP-cosine,3,1024,0.6469380157894326,0.1940930066117262,0.3078768800651273,0.39966565893427825,0.7214285714285714,0.7178571428571429,0.4317920506000519,0.0023146546445786953,0.04060479901222788,0.08761720949954237,0.0406047990122279,0.08761720949954238,0.03793562926966927,0.07403194492899964,0.040491413383934693,0.08585386067716405,0.03793562904765628,0.07403194591409744,0.04049141308173045,0.08585386238213696,0.041412273236914356,0.12424480111784454,
lewidi_convabuse,gemma,12,GPP-rbf,3,1024,0.2957255244138932,0.07976153304148713,0.1465709237901527,0.24192610607398127,0.8833333333333333,0.8654761904761905,0.21906015276908875,0.05229337885975838,0.322058157630009,0.2510736680187751,0.32205815763000906,0.2510736680187751,0.31111610082645874,0.23936285288921402,0.32181440476894496,0.2504854579076019,0.3111161010946364,0.2393628532787901,0.32181440484253887,0.2504854582128664,0.3009610208930537,0.2664638016928236,
lewidi_convabuse,gemma,12,GPP-laplace,3,1024,0.4130038826986752,0.13506785576334737,0.23652657264832497,0.37652588719188546,0.8452380952380952,0.8202380952380952,0.27000942826271057,0.14904429018497467,0.1607189355776671,0.1542867514806162,0.1607189355776671,0.15428675148061624,0.15102635025329786,0.14443754141135517,0.16004402368995746,0.15348338247950788,0.15102635048506502,0.14443754165571915,0.16004402387361688,0.15348338264918718,0.15604255265411476,0.14984056584009295,
lewidi_convabuse,gemma,12,LPE,3,1024,0.350048792038336,0.07814532030424727,0.13658196481644982,0.19590211749765613,0.888095238095238,0.875,0.08637266606092453,0.12941071391105652,0.3209154393980861,0.2888633690463035,0.3209154393980861,0.2888633690463035,0.31621534943147234,0.2812844114958341,0.3213786404284148,0.2884291402870722,0.3162153498376185,0.2812844119494805,0.32137864078817047,0.28842914074244774,0.2873409962058265,0.2785678538693727,
lewidi_convabuse,gemma,12,LP-temp,3,1024,0.3691013855484273,0.10634950967694064,0.18634663797412684,0.3015026244302651,0.861904761904762,0.8535714285714285,0.3352339277762843,,0.2148529824341866,,0.21485298243418663,,0.21282342656572065,,0.21440375653772864,,0.21282342697771922,,0.21440375718964383,,0.21239004978942916,,
lewidi_convabuse,gemma,12,GPP-cosine,4,16,1.0066411269991713,0.2978135699118661,0.39555182627116753,0.30191870956083366,0.6095238095238096,0.5988095238095238,0.2802913188934326,0.01630394719541073,0.0033967015333176507,0.030161471689110063,0.0033967015333176385,0.030161471689110063,-0.005002085661874496,0.017088064181395926,0.002330056855256897,0.028830861864071803,-0.005002085625154371,0.017088064689023,0.0023300570271798937,0.028830862799345436,0.037771875617772115,0.07288236474502012,
lewidi_convabuse,gemma,12,GPP-rbf,4,16,0.4404247325463888,0.14715556527416476,0.2576833505937386,0.4225277924737144,0.8452380952380952,0.8202380952380952,0.39185377955436707,0.07668614387512207,0.12293058170097436,0.11228142572011149,0.12293058170097436,0.11228142572011152,0.11979175399540765,0.10710163564155638,0.1221533555670111,0.1117570447253545,0.11979175446298951,0.10710163591480601,0.12215335635777987,0.11175704505762746,0.11227844960493785,0.12546877478948248,
lewidi_convabuse,gemma,12,GPP-laplace,4,16,0.6167897400402461,0.24046418151258508,0.4097873071740781,0.5963997014792446,0.8321428571428572,0.8095238095238095,0.4337179362773895,0.2482444941997528,0.07572468317679112,0.06638396448128826,0.07572468317679114,0.06638396448128828,0.07143810849895511,0.06365552875431009,0.07552794871368251,0.06586338607847764,0.07143810859361063,0.06365552883363776,0.07552794890385664,0.06586338602651438,0.08913369323916484,0.0584105098374379,
lewidi_convabuse,gemma,12,LPE,4,16,0.48607261235392296,0.14268528258615806,0.23217589915785494,0.336775070212786,0.8404761904761905,0.8154761904761905,0.2604827582836151,0.08734544366598129,0.045833069303055446,0.01563037444414674,0.04583306930305544,0.01563037444414674,0.04496401966573012,0.017614880662344203,0.04502454928969027,0.015392166085464185,0.044964019888250106,0.017614880586294922,0.04502454967374091,0.01539216604449149,0.04748356010075197,0.033931729662790885,
lewidi_convabuse,gemma,12,LP-temp,4,16,0.4881498616029477,0.17736051707276004,0.31253574081235047,0.5051181982288437,0.830952380952381,0.8083333333333333,0.5707017808812934,,0.03683058832120316,,0.03683058832120316,,0.0380432367196932,,0.0361549512636839,,0.03804323698849549,,0.0361549516807519,,0.042655861653266555,,
lewidi_convabuse,gemma,12,GPP-cosine,4,64,1.0492346447840464,0.29312427064205904,0.38265206984696026,0.27562267757467496,0.6202380952380953,0.6095238095238096,0.24912463128566742,0.009840999729931355,-0.0025747225781738974,0.012711129675712904,-0.0025747225781738922,0.0127111296757129,-0.012883807810034937,-0.0009636588320734423,-0.0036193355508525385,0.010871465115242016,-0.012883807668098034,-0.0009636587688640775,-0.003619335315064474,0.010871465137478331,0.006011019000257697,0.08592933355121335,
lewidi_convabuse,gemma,12,GPP-rbf,4,64,0.44056698000955574,0.13971157729928266,0.2381827348144725,0.3624416105076343,0.8428571428571429,0.8202380952380952,0.2850246727466583,0.10977213084697723,0.11944611909423077,0.11540370631610264,0.1194461190942308,0.11540370631610264,0.11017021168939536,0.1052691501673774,0.1182295658726569,0.11423956001799444,0.11017021183878997,0.10526915036500868,0.11822956610896568,0.11423956021496674,0.121874790941697,0.11913238107334989,
lewidi_convabuse,gemma,12,GPP-laplace,4,64,0.5001408919814825,0.18624742817689624,0.32662745022902356,0.5205542524836159,0.844047619047619,0.819047619047619,0.38145843148231506,0.21670252084732056,0.13169911728300454,0.1220343578487323,0.13169911728300454,0.12203435784873233,0.12281650479987283,0.11318400223474209,0.13087064384898786,0.12107949494849027,0.12281650499521451,0.113184002429264,0.13087064406824558,0.12107949510607083,0.11937618576411309,0.10555482404736406,
lewidi_convabuse,gemma,12,LPE,4,64,0.6322699189181005,0.1333640155840537,0.18585404044707027,0.18240670945251156,0.8428571428571429,0.8202380952380952,0.11532554775476456,0.027491535991430283,0.0792709400197105,0.05727615359321388,0.0792709400197105,0.05727615359321388,0.07208791769689168,0.05671838129474153,0.0784548954512965,0.057287455264369645,0.0720879173963154,0.056718380966539826,0.07845489504322599,0.057287454775513516,0.1017179408933873,0.13049719528828987,
lewidi_convabuse,gemma,12,LP-temp,4,64,0.46413854218608575,0.14440994578468,0.24164015839538672,0.3624875050471713,0.825,0.8023809523809524,0.3885065328671184,,0.08157688990140426,,0.08157688990140427,,0.07611458558965445,,0.0807281079746691,,0.0761145852767485,,0.0807281074964407,,0.08369202447282292,,
lewidi_convabuse,gemma,12,GPP-cosine,4,256,0.6971800856487165,0.2351119421320788,0.37979696924833567,0.4969510629849841,0.5976190476190476,0.6059523809523809,0.5495409369468689,0.006407094653695822,0.013361682380944625,0.03378502561400782,0.013361682380944618,0.03378502561400783,0.0193052898272647,0.027429354132684186,0.014069289410354735,0.03322667818211518,0.019305289885993508,0.027429355101896126,0.014069289650608437,0.03322667994817217,-0.023566118360695644,0.10811504936017358,
lewidi_convabuse,gemma,12,GPP-rbf,4,256,0.3754343399400856,0.11477564189060745,0.20318319309929697,0.32729015215937307,0.8571428571428571,0.8369047619047619,0.27966588735580444,0.0836910530924797,0.1973284542181103,0.17962122244996662,0.19732845421811032,0.17962122244996664,0.18094744638656757,0.16594916085793837,0.19592337947249547,0.17843620952781272,0.1809474467558172,0.16594916122283143,0.19592337975050889,0.17843620980937225,0.19350516256830105,0.18580420149819268,
lewidi_convabuse,gemma,12,GPP-laplace,4,256,0.4474429369757979,0.15534449316533414,0.2726632282104609,0.43888850419947506,0.8452380952380952,0.8202380952380952,0.31968048214912415,0.17859134078025818,0.13724020719867255,0.13163917589080945,0.13724020719867255,0.13163917589080948,0.12569957919648966,0.12028080412679708,0.1362095030386796,0.13051532192413406,0.12569957945839705,0.12028080439170408,0.13620950326271514,0.1305153221132483,0.1344569203376757,0.1258379844217565,
lewidi_convabuse,gemma,12,LPE,4,256,0.41739016191576606,0.10520122809057948,0.17435874070612,0.23780665228806813,0.8630952380952381,0.8428571428571429,0.16326922178268433,0.08120408654212952,0.17110669164018288,0.1790693167412696,0.17110669164018294,0.17906931674126964,0.15201125432563822,0.1590860182511682,0.16934937547392337,0.17694420815806522,0.15201125457875939,0.1590860187962968,0.1693493755053183,0.1769442085599921,0.17163954434367756,0.19179183330367208,
lewidi_convabuse,gemma,12,LP-temp,4,256,0.41407299709138934,0.1288322367560682,0.22305366775798854,0.3575166495828016,0.844047619047619,0.8238095238095238,0.3907035958192561,,0.12576710538530878,,0.1257671053853088,,0.11373673029014547,,0.12476282780707967,,0.11373673029474074,,0.12476282770390103,,0.12076671980476074,,
lewidi_convabuse,gemma,12,GPP-cosine,4,1024,0.6072430327587061,0.19297233431897992,0.31496180075395525,0.43442002904874666,0.7416666666666667,0.7380952380952381,0.47117066383361816,0.0024597598239779472,0.012039108448342366,0.019101009271800813,0.012039108448342373,0.019101009271800817,0.01470359886238217,0.013390964760990682,0.012569814035308616,0.018455343158227354,0.01470359892539498,0.013390965611217765,0.012569814259037086,0.018455344563027574,0.016720334785127276,0.09781968296436386,
lewidi_convabuse,gemma,12,GPP-rbf,4,1024,0.2926139803263403,0.07818291665540052,0.14255256188799173,0.23844933210361818,0.9047619047619048,0.8869047619047619,0.21374264359474182,0.049486324191093445,0.3071128863018826,0.2439404732161453,0.3071128863018826,0.24394047321614531,0.2969180786566574,0.2309420039811051,0.30705599326099997,0.2433666194563032,0.29691807900166045,0.23094200437475262,0.30705599337282047,0.24336661973051538,0.298236872460695,0.2647587063029807,
lewidi_convabuse,gemma,12,GPP-laplace,4,1024,0.40818963114006285,0.13434918095009196,0.23673912360931615,0.38107047808625305,0.8452380952380952,0.8202380952380952,0.27539536356925964,0.15186215937137604,0.17936911226763408,0.1704965492483349,0.1793691122676341,0.1704965492483349,0.16871759351909643,0.1596737412757369,0.17877462480393905,0.16975450951542448,0.16871759373711115,0.15967374150372923,0.17877462493575502,0.1697545096322514,0.17905681349413324,0.17048712644544498,
lewidi_convabuse,gemma,12,LPE,4,1024,0.363264802565231,0.07546962597497855,0.13011058681761262,0.18552946467848475,0.8976190476190476,0.8845238095238095,0.08096218854188919,0.1019006073474884,0.2430615012011284,0.22150111171518222,0.2430615012011284,0.22150111171518222,0.24156649137597888,0.21717917118954688,0.2437111782134665,0.22174181527883108,0.2415664915902184,0.21717917150165408,0.24371117812892693,0.22174181535199888,0.2682309927981179,0.2565806407884675,
lewidi_convabuse,gemma,12,LP-temp,4,1024,0.36298674509032886,0.09985261416694112,0.17702499101658298,0.29282195855929505,0.8833333333333333,0.875,0.317566247270193,,0.18647214604348547,,0.1864721460434855,,0.1852037721128644,,0.18682164223342668,,0.18520377223833234,,0.1868216422224021,,0.18921311013283712,,
lewidi_convabuse,gemma,25,GPP-cosine,0,16,1.2229570082370889,0.3344383606080758,0.4293614465184094,0.2920675550446663,0.5773809523809523,0.5666666666666667,0.264619380235672,0.011743877083063126,-0.04656470893557599,-0.01087465483560104,-0.046564708935576,-0.010874654835601037,-0.05428684128636958,-0.022841944917891804,-0.04773891281202908,-0.012782523356724374,-0.054286841676460654,-0.022841944769866257,-0.04773891359136617,-0.01278252349959703,-0.07783061600239315,-0.016215693924012134,
lewidi_convabuse,gemma,25,GPP-rbf,0,16,0.48872890818124315,0.13052295790731377,0.19967212944978938,0.2630739129990295,0.8464285714285714,0.8214285714285714,0.2138891965150833,0.03337413817644119,0.08789239186949915,0.0851609870970034,0.08789239186949915,0.0851609870970034,0.09497140245485813,0.0913131852436237,0.08948727778502784,0.08655484354813353,0.09497140201582296,0.09131318476403,0.08948727705521513,0.08655484272934327,0.07557562760556695,0.08616644050788157,
lewidi_convabuse,gemma,25,GPP-laplace,0,16,0.5707105284583098,0.220589863855425,0.38215595275341047,0.5830906241840049,0.8464285714285714,0.8214285714285714,0.42437633872032166,0.2436874955892563,0.129624526046612,0.09255544284151251,0.12962452604661204,0.09255544284151253,0.1306951511317302,0.09532901823331463,0.13047272568999813,0.09303414363295871,0.1306951509758722,0.09532901804454263,0.13047272551749922,0.09303414316510332,0.11088719752142015,0.06383268753448455,
lewidi_convabuse,gemma,25,LPE,0,16,0.7255099390504045,0.13378377135763386,0.17099666319062679,0.13272999431788865,0.8476190476190476,0.8226190476190476,0.06393412500619888,0.004581640008836985,0.09660288771809863,0.041118800394774516,0.09660288771809865,0.04111880039477453,0.09776709946873384,0.04198127546689964,0.09767090058442278,0.04165350352085233,0.09776709902769881,0.04198127523697055,0.09767089984981901,0.04165350313235638,-0.008157361248453452,-0.005542029792002895,
lewidi_convabuse,gemma,25,LP-temp,0,16,0.4447453436472669,0.13479606299625038,0.22544777857721693,0.3517248216564947,0.8476190476190476,0.8226190476190476,0.36561701466471386,,0.04163451110013665,,0.04163451110013665,,0.048607483842675756,,0.04313474703597563,,0.048607483523157115,,0.043134746563959964,,-0.011154252512421286,,
lewidi_convabuse,gemma,25,GPP-cosine,0,64,0.653249969430931,0.22575058584327035,0.35846760177295645,0.44985183917221055,0.6619047619047619,0.6511904761904762,0.494249552488327,0.009592719376087189,0.06241292902189678,0.004049683415382326,0.062412929021896796,0.0040496834153823155,0.06239982400678764,-0.004981469818551718,0.06282208830941138,0.0024420564293439924,0.062399823836583865,-0.004981469437925231,0.06282208827222172,0.002442056741873623,0.061057119768439146,0.07805100185361877,
lewidi_convabuse,gemma,25,GPP-rbf,0,64,0.42225866775808907,0.12906223232708874,0.22040222450602978,0.348902798086073,0.8511904761904762,0.8261904761904761,0.27403146028518677,0.09453370422124863,0.07066088511352708,0.08234318821337094,0.0706608851135271,0.08234318821337097,0.07179321692751564,0.08381283532166939,0.07161885172768481,0.08324133136380216,0.07179321634613237,0.08381283480014749,0.07161885069775897,0.08324133043033997,0.06889511942119349,0.08057644241629466,
lewidi_convabuse,gemma,25,GPP-laplace,0,64,0.4776086377407936,0.17572920259614777,0.311542475589418,0.5083318588140148,0.8476190476190476,0.8226190476190476,0.3719647228717804,0.21119315922260284,0.12356390798852229,0.11426490283715121,0.1235639079885223,0.11426490283715121,0.1230138498838646,0.11334067672970546,0.123902698544922,0.11439883240292802,0.12301384976637016,0.1133406766095508,0.1239026982949963,0.11439883208103978,0.08522227857527578,0.06943472862605808,
lewidi_convabuse,gemma,25,LPE,0,64,0.5503161327032218,0.11935854893788614,0.1718685548862725,0.18964278323036676,0.8511904761904762,0.8261904761904761,0.1270546019077301,0.02464229427278042,0.07652028526164144,0.0634151727484606,0.07652028526164144,0.06341517274846062,0.07538037401403509,0.06263865262250697,0.07725853863689512,0.06401608938968092,0.07538037334438102,0.06263865217866474,0.07725853749735306,0.06401608864076883,0.05050809121825503,0.09063241219479311,
lewidi_convabuse,gemma,25,LP-temp,0,64,0.42085513016592335,0.13890130149362886,0.2459343068283686,0.4167182604768438,0.8595238095238096,0.8345238095238096,0.4556526321034536,,0.047316116557986246,,0.04731611655798627,,0.049541776085716284,,0.048350230361190585,,0.04954177533624026,,0.048350229092028206,,0.03781398454173031,,
lewidi_convabuse,gemma,25,GPP-cosine,0,256,0.6297130868058367,0.21507356244895293,0.34768935819240815,0.4611561700524787,0.6869047619047619,0.6833333333333333,0.5158668756484985,0.005411640275269747,0.0867243004322567,0.018021098461041017,0.0867243004322567,0.018021098461041017,0.09074678749858592,0.009791420555077396,0.08786562551477557,0.016593990678355246,0.09074678725404181,0.009791420891584645,0.08786562549781224,0.01659399107023725,0.08607938692715503,0.11600861873895513,
lewidi_convabuse,gemma,25,GPP-rbf,0,256,0.3977929575242755,0.11082170820451996,0.18517626088162484,0.2685980354796336,0.8547619047619047,0.8297619047619048,0.2192605882883072,0.06276547908782959,0.21696678438843875,0.19005075909760272,0.21696678438843875,0.19005075909760272,0.21521441519041346,0.19081782463023947,0.21717090547423834,0.19071406413310021,0.21521441486616333,0.19081782418167048,0.21717090484231483,0.19071406333370816,0.22387382812057394,0.2092201104931301,
lewidi_convabuse,gemma,25,GPP-laplace,0,256,0.4358474735096754,0.14349420468462587,0.24852357678824946,0.39216437049407904,0.8464285714285714,0.8214285714285714,0.2797289490699768,0.15576313436031342,0.1348342038566061,0.1286787203033378,0.1348342038566061,0.12867872030333782,0.13624669919449361,0.12954559346980637,0.1354998645047138,0.12915790810667735,0.1362466988890625,0.12954559318570033,0.13549986393501828,0.12915790753780582,0.1120682631541265,0.10666327100431129,
lewidi_convabuse,gemma,25,LPE,0,256,0.46927707089654325,0.10424045353255335,0.16167836090738938,0.19184040496695176,0.861904761904762,0.8392857142857143,0.12412088364362717,0.06414128839969635,0.20892121831622892,0.22995110661510074,0.20892121831622895,0.22995110661510076,0.2040109223956314,0.22521299527906652,0.20852620425717772,0.22994430628122986,0.20401092207004765,0.22521299480907947,0.20852620365045924,0.22994430543153313,0.23734383229250675,0.2623049262030708,
lewidi_convabuse,gemma,25,LP-temp,0,256,0.40385648821776843,0.13311729029856184,0.2358907154080361,0.39689351004217827,0.8535714285714285,0.8404761904761905,0.4492712271817261,,0.19036613473837546,,0.1903661347383755,,0.18711716543397416,,0.18997077037015309,,0.1871171653832217,,0.18997077038063878,,0.19370012774036388,,
lewidi_convabuse,gemma,25,GPP-cosine,0,1024,0.6294781673169023,0.19849402207893468,0.3146152214119852,0.4060248100516874,0.7083333333333334,0.7023809523809523,0.4461565315723419,0.0021260797511786222,0.08020653396051654,-0.014102947489626007,0.08020653396051654,-0.014102947489626011,0.08529717692895997,-0.015211591659193445,0.08195254796631629,-0.014047797464081479,0.08529717686023353,-0.015211591256431024,0.08195254830458248,-0.01404779673863153,0.07575429585533516,0.11431138021233794,
lewidi_convabuse,gemma,25,GPP-rbf,0,1024,0.29239410937937027,0.07662656114791298,0.13924707590333474,0.22863267410185217,0.8940476190476191,0.8714285714285714,0.20952828228473663,0.04119514301419258,0.305693546458214,0.2805866473432318,0.30569354645821406,0.2805866473432318,0.29621265185553414,0.27397136886289436,0.3045305126991127,0.28000306434586064,0.29621265239807476,0.27397136906562536,0.30453051314229557,0.28000306433944155,0.2957907283400992,0.28428858607659935,
lewidi_convabuse,gemma,25,GPP-laplace,0,1024,0.39769093180929016,0.12784668445150824,0.2250755502515295,0.3626975630076084,0.8476190476190476,0.8226190476190476,0.25954172015190125,0.14166830480098724,0.18127139029380832,0.17341191435940642,0.18127139029380834,0.17341191435940648,0.1808111978689888,0.1721583871968318,0.1817934891082572,0.17371418604843936,0.18081119793139805,0.17215838726041727,0.18179348894610303,0.17371418587207635,0.1752138318063418,0.16798870917786657,
lewidi_convabuse,gemma,25,LPE,0,1024,0.3169657936480251,0.07593347771982495,0.1344638226603042,0.20047739448774754,0.888095238095238,0.8845238095238095,0.09090161323547363,0.12483377009630203,0.2662695449541282,0.2712736374121678,0.26626954495412825,0.2712736374121678,0.2601201258852843,0.26511218511180445,0.265370606730283,0.2707370404161291,0.26012012633028664,0.2651121853531563,0.2653706072700777,0.2707370406393638,0.2754199683746274,0.28688893598079385,
lewidi_convabuse,gemma,25,LP-temp,0,1024,0.3475585680670716,0.10849556142172702,0.1956044142895925,0.33866842655628987,0.8785714285714286,0.8797619047619047,0.3829243400508139,,0.21199939002524198,,0.21199939002524198,,0.21274372220649163,,0.2119777050413823,,0.21274372262644478,,0.21197770580409925,,0.2156551398794187,,
lewidi_convabuse,gemma,25,GPP-cosine,1,64,0.7512623449907881,0.2600280807176834,0.39491483888970746,0.43596322617419203,0.6071428571428571,0.5988095238095238,0.46871331334114075,0.011429200880229473,0.04026478377867608,-0.015964429880469422,0.04026478377867609,-0.015964429880469425,0.03893735955070571,-0.02693058266949206,0.04009114750766749,-0.01795397955471737,0.038937359256178694,-0.026930582376136495,0.040091146923602584,-0.017953979518182756,0.01582075834064932,0.04884122771480392,
lewidi_convabuse,gemma,25,GPP-rbf,1,64,0.42445746765590886,0.12503516243091106,0.209529204217584,0.3156571021823862,0.8488095238095238,0.8238095238095238,0.24414509534835815,0.08180662244558334,0.09295706865955689,0.08862453012645635,0.09295706865955691,0.08862453012645637,0.09571980359412127,0.09200499355127417,0.0933045972368865,0.08924056907787317,0.09571980329530784,0.09200499318200228,0.09330459663851691,0.08924056836720165,0.10353091370911081,0.10014051428328272,
lewidi_convabuse,gemma,25,GPP-laplace,1,64,0.46818144582056476,0.16997719739775782,0.3011939062759103,0.49132997106701204,0.8464285714285714,0.8214285714285714,0.35914674401283264,0.2033965289592743,0.12641168272002334,0.11593821641119509,0.12641168272002334,0.11593821641119512,0.1260962623619762,0.11534685068814621,0.1268542087287892,0.11620734147648301,0.12609626217365838,0.11534685050220582,0.12685420833639036,0.11620734103208658,0.08985065532375922,0.07589058185750086,
lewidi_convabuse,gemma,25,LPE,1,64,0.591468161414306,0.12306695913221191,0.1717907399090715,0.16921487698481388,0.8488095238095238,0.8238095238095238,0.10367324203252792,0.017895270138978958,0.06691169962898962,0.0437162942482291,0.06691169962898963,0.04371629424822911,0.06991998824069628,0.047526417459241396,0.0670627344502605,0.04408276638853398,0.06991998788396513,0.04752641709152568,0.06706273377985994,0.0440827657643665,0.07111390951787065,0.10762663435429021,
lewidi_convabuse,gemma,25,LP-temp,1,64,0.41167160212409665,0.13083723855628188,0.23036442806016771,0.3829519662875306,0.8511904761904762,0.8261904761904761,0.4117579178392951,,0.05958851365216568,,0.0595885136521657,,0.0605163485488998,,0.059411023932977314,,0.060516348267601876,,0.05941102334734243,,0.06264210649931644,,
lewidi_convabuse,gemma,25,GPP-cosine,1,256,0.6741408127971321,0.22332914427164224,0.36287945698318846,0.4839899559961513,0.6761904761904762,0.6916666666666667,0.5300394892692566,0.004307358060032129,-0.008235286930746717,-0.03310008606099861,-0.008235286930746717,-0.033100086060998624,0.003372030451122325,-0.03371369341489732,-0.006430864875367525,-0.033112044221774335,0.003372030232966741,-0.03371369313902021,-0.0064308648036020336,-0.03311204374201312,-0.041710862235642625,0.04786175582217285,
lewidi_convabuse,gemma,25,GPP-rbf,1,256,0.36674671059472935,0.1054588752524356,0.18258015820701118,0.2861053348545509,0.8654761904761905,0.8404761904761905,0.23496705293655396,0.06704363226890564,0.1806561162739374,0.15783549688910015,0.18065611627393746,0.15783549688910017,0.16937658868682456,0.1498552483657527,0.17900380837818913,0.15679154959379987,0.16937658905749164,0.1498552485578284,0.17900380857902667,0.15679154953073315,0.17969702288284764,0.17779007798164986,
lewidi_convabuse,gemma,25,GPP-laplace,1,256,0.4301394914354595,0.14386375928238845,0.2519257199185501,0.40389876144567255,0.8464285714285714,0.8214285714285714,0.2897646725177765,0.16155751049518585,0.13669778937032695,0.1293147689320248,0.13669778937032695,0.1293147689320248,0.13596279811727213,0.12800339808071684,0.1370862993532278,0.1295274895244082,0.1359627979683451,0.12800339794669297,0.13708629898003116,0.12952748913866338,0.11041730292859345,0.10298192608669936,
lewidi_convabuse,gemma,25,LPE,1,256,0.43461464010677836,0.0986541643220443,0.15628275728604477,0.20039456200221753,0.875,0.85,0.1299738883972168,0.05675496533513069,0.15715340605445247,0.1648443779314242,0.1571534060544525,0.1648443779314242,0.14798594090948228,0.15773443812897567,0.15540287513258894,0.16339822842858276,0.1479859411676106,0.1577344383451329,0.15540287527156363,0.16339822829873457,0.15079697651986862,0.18195412953791756,
lewidi_convabuse,gemma,25,LP-temp,1,256,0.3727788312298999,0.11244151657636206,0.19900052465907164,0.3421886472748963,0.8690476190476191,0.8511904761904762,0.36806941744577854,,0.11517591777392923,,0.11517591777392923,,0.10686386116644435,,0.11341422853210059,,0.10686386151163163,,0.11341422897498941,,0.10937074669436447,,
lewidi_convabuse,gemma,25,GPP-cosine,1,1024,0.5747865120566308,0.1964541006622689,0.3231801244426475,0.4500523446365586,0.7333333333333333,0.7273809523809524,0.5070861577987671,0.00256749358959496,0.10675133509549356,0.021456618994634236,0.10675133509549357,0.021456618994634243,0.10947382246896817,0.013596177673417753,0.10764467546244164,0.01990976671129576,0.10947382228559058,0.013596178106641845,0.10764467547420062,0.01990976722086938,0.10472462056036853,0.10682566428084919,
lewidi_convabuse,gemma,25,GPP-rbf,1,1024,0.2998309176050235,0.07722873438847139,0.13905143154441335,0.2229569562065833,0.8916666666666667,0.8714285714285714,0.2028568834066391,0.03866354003548622,0.3127429458983573,0.2763074083314627,0.3127429458983574,0.2763074083314627,0.30265770814337517,0.26858499322315793,0.31192422510716633,0.2759048580418261,0.3026577083470775,0.2685849932111153,0.31192422487757615,0.2759048575544284,0.2970259120543875,0.28385340358660555,
lewidi_convabuse,gemma,25,GPP-laplace,1,1024,0.40428024422974534,0.12706143420762894,0.22038786339440516,0.3465773933625907,0.8476190476190476,0.8226190476190476,0.2444591373205185,0.13309378921985626,0.1744184858435112,0.1664404654260931,0.17441848584351122,0.1664404654260931,0.17442207715755792,0.1655048903838227,0.17506109679316062,0.16685156213317892,0.1744220769728207,0.16550489023664358,0.17506109626727445,0.16685156164548362,0.17223448450379594,0.16342510970173757,
lewidi_convabuse,gemma,25,LPE,1,1024,0.35692917529631313,0.07935832819185067,0.13792350778977458,0.20148832365211697,0.888095238095238,0.8773809523809524,0.09016596525907516,0.11896955966949463,0.26508578239638336,0.22010549507060168,0.26508578239638336,0.2201054950706017,0.25788877956859546,0.21490541396181095,0.2644875831580926,0.21965019069359668,0.2578887797822697,0.21490541414445533,0.26448758327866206,0.2196501907172274,0.2557634372573066,0.24100184220398202,
lewidi_convabuse,gemma,25,LP-temp,1,1024,0.37400589419512886,0.11346150926479935,0.20004985487270618,0.3334033880200052,0.8607142857142858,0.8547619047619047,0.3698171945071751,,0.17698418800380375,,0.17698418800380378,,0.1731376571846211,,0.17683520358322838,,0.17313765732527925,,0.17683520363485403,,0.17645678816176644,,
lewidi_convabuse,gemma,25,GPP-cosine,2,16,0.9576158948799774,0.3126041791132146,0.4571030341045116,0.45917979050125957,0.5583333333333333,0.55,0.4792785048484802,0.01675800234079361,-0.0704104758212872,-0.05618138617550235,-0.0704104758212872,-0.05618138617550236,-0.06109044394782757,-0.06141894021287347,-0.06958045250222429,-0.05766897907976601,-0.06109044401088693,-0.06141893984619697,-0.0695804525887103,-0.05766897892862967,-0.06725960198156636,-0.07573521521508976,
lewidi_convabuse,gemma,25,GPP-rbf,2,16,0.45055893062676267,0.15697786600730437,0.27730342178339407,0.45773457352640795,0.8464285714285714,0.8214285714285714,0.3711022436618805,0.1432574838399887,0.10317950505271768,0.08329482062784874,0.1031795050527177,0.08329482062784876,0.10721252410222536,0.08841095041060576,0.10333589712180907,0.08387219844291827,0.10721252475799925,0.08841095064516946,0.10333589813678315,0.083872198664617,0.10492688005719002,0.07206372626472632,
lewidi_convabuse,gemma,25,GPP-laplace,2,16,0.6004100222930647,0.23351178428857597,0.39998595267977743,0.5917999534142547,0.8464285714285714,0.8214285714285714,0.43075841665267944,0.24637725949287415,0.07596528942636059,0.05265636991927475,0.0759652894263606,0.05265636991927477,0.07633998787099427,0.054794224429441735,0.07621941138492526,0.05272596235764579,0.07633998792631155,0.054794224455773935,0.0762194114881132,0.05272596226729613,0.10630241546285377,0.042793873010937226,
lewidi_convabuse,gemma,25,LPE,2,16,0.49884829660157987,0.1326656083097758,0.20415635807716864,0.2724962515197972,0.8464285714285714,0.8214285714285714,0.20063360035419464,0.06295353174209595,0.07335550084391043,0.08441366705947528,0.07335550084391043,0.08441366705947531,0.0715416187406227,0.0798588809788279,0.07244637560375299,0.08347785058639146,0.07154161963472393,0.07985888149037823,0.07244637700156065,0.08347785134953559,0.05779315713848256,0.05393201651106943,
lewidi_convabuse,gemma,25,LP-temp,2,16,0.45442414443322515,0.15390208448221623,0.2683701079863056,0.43931567162719537,0.8452380952380952,0.8202380952380952,0.4855053391412603,,0.052891674628749386,,0.05289167462874941,,0.05068952984053898,,0.05182464652555157,,0.05068953073017907,,0.0518246479153172,,0.05429287205252694,,
lewidi_convabuse,gemma,25,GPP-cosine,2,64,1.0134873264120066,0.34146336939248056,0.4833398707732115,0.4063417054431312,0.4523809523809524,0.4607142857142857,0.4356503188610077,0.01057963352650404,0.06870390471229806,0.028671568072213046,0.06870390471229806,0.028671568072213043,0.0650501572368482,0.015163721425685511,0.06851826496558167,0.02638267732996992,0.06505015709469109,0.015163721743294837,0.06851826451835985,0.026382677309454972,0.006525687422575053,0.07107989780687643,
lewidi_convabuse,gemma,25,GPP-rbf,2,64,0.44677329420516326,0.13481280742139645,0.2238889059284702,0.3336146189271096,0.8452380952380952,0.8202380952380952,0.2604290843009949,0.09192356467247009,0.1053124646832854,0.10327953002770009,0.10531246468328542,0.1032795300277001,0.10507653641731698,0.10341109514896017,0.10600016802168646,0.10394468763845273,0.10507653626671949,0.10341109490638781,0.10600016773091692,0.10394468717315702,0.09889572052088902,0.1012745928595184,
lewidi_convabuse,gemma,25,GPP-laplace,2,64,0.47479612685188705,0.17333441753164952,0.30620519126588036,0.4957922940847976,0.8464285714285714,0.8214285714285714,0.36312147974967957,0.20581196248531342,0.12912232573274293,0.11941381734186826,0.12912232573274296,0.11941381734186826,0.12738191644265714,0.11695487099676524,0.12936254732996044,0.11942415716895796,0.12738191633856652,0.11695487089147193,0.12936254709660783,0.11942415687605429,0.09445561208382443,0.08076120919987752,
lewidi_convabuse,gemma,25,LPE,2,64,0.6439389664124681,0.13169692749287729,0.17948314056151762,0.16885313669751506,0.8452380952380952,0.8202380952380952,0.10750369727611542,0.01774470880627632,0.09519087357004392,0.06670629474469508,0.09519087357004394,0.0667062947446951,0.08789563431661951,0.06703548235351223,0.09501397379018371,0.06729013116487409,0.08789563398633217,0.0670354820331061,0.09501397319100238,0.06729013063851938,0.08976052685203369,0.13085574466149816,
lewidi_convabuse,gemma,25,LP-temp,2,64,0.44528153720963126,0.14430412709004964,0.24860100532634768,0.39684523102106894,0.830952380952381,0.8083333333333333,0.43319077569086645,,0.08623989446321753,,0.08623989446321756,,0.07694593178159534,,0.08574114764752631,,0.0769459317297105,,0.08574114752616133,,0.07935280662598027,,
lewidi_convabuse,gemma,25,GPP-cosine,2,256,0.727883545458282,0.23520295409065853,0.3574659382968506,0.4075504554768927,0.6452380952380953,0.6416666666666667,0.4437122941017151,0.005026559811085463,0.07627533079462101,-0.013787288694223108,0.07627533079462101,-0.013787288694223108,0.07905162230633339,-0.018677710155176334,0.077338996002821,-0.01445159033052973,0.07905162213511127,-0.01867770990952546,0.07733899605270436,-0.014451590074384162,0.08453018851096025,0.08631647854279945,
lewidi_convabuse,gemma,25,GPP-rbf,2,256,0.3764885654337879,0.11104551915189226,0.19194749218461635,0.3011451530473368,0.8654761904761905,0.8404761904761905,0.25564315915107727,0.07376307249069214,0.22627787989957154,0.19889558898030996,0.2262778798995716,0.19889558898031,0.222332538556603,0.19695900556717622,0.22604445635932746,0.19907081643677926,0.222332538851649,0.19695900563705765,0.22604445648231392,0.1990708162191765,0.22537727899179508,0.20392830849753268,
lewidi_convabuse,gemma,25,GPP-laplace,2,256,0.4332345547020847,0.14719250995800343,0.2587698862943355,0.4183969188853178,0.8464285714285714,0.8214285714285714,0.3026079833507538,0.16891197860240936,0.14676698456754322,0.13890974221128707,0.14676698456754322,0.1389097422112871,0.14769782738794057,0.13947248137342338,0.1474350179931812,0.13941186106307846,0.14769782720930708,0.1394724812128441,0.14743501760463926,0.139411860663047,0.11925050813589387,0.10960536087758628,
lewidi_convabuse,gemma,25,LPE,2,256,0.4111244506271258,0.10427293332110674,0.17001221201656638,0.23038936041181127,0.8630952380952381,0.8452380952380952,0.15499040484428406,0.08415871858596802,0.20457586603239664,0.204201075280924,0.20457586603239664,0.20420107528092402,0.19910118894597767,0.20281124037293968,0.2039330497410587,0.20443202365268615,0.19910118950467878,0.20281124026879666,0.20393305031924153,0.20443202322996396,0.21459582284754397,0.22223233172622658,
lewidi_convabuse,gemma,25,LP-temp,2,256,0.4223771722961592,0.1431462335715409,0.2517910890885838,0.4155160221542744,0.8297619047619048,0.8214285714285714,0.4701868603142202,,0.1617743397973765,,0.16177433979737654,,0.15567968285110867,,0.16110614777094717,,0.15567968296805515,,0.1611061478248227,,0.16321798162750104,,
lewidi_convabuse,gemma,25,GPP-cosine,2,1024,0.6715435222317185,0.2069239487349247,0.31672936015619074,0.369917378940331,0.6857142857142857,0.6797619047619048,0.4034673273563385,0.0021232126746326685,0.11165456222215564,0.012027045514959419,0.11165456222215567,0.012027045514959426,0.1101511165394942,0.0037818403474952867,0.11217552796565276,0.010656720685857034,0.11015111614570226,0.0037818405394863686,0.1121755276271007,0.010656720875571256,0.11518275191607737,0.1264101925927644,
lewidi_convabuse,gemma,25,GPP-rbf,2,1024,0.31015020607816113,0.07945753753136581,0.1397196203726621,0.212948063987051,0.8892857142857142,0.8690476190476191,0.19129787385463715,0.03798039257526398,0.3163204660271762,0.2876234049166295,0.31632046602717623,0.2876234049166296,0.3067750184036052,0.2802787969331715,0.31516538371472336,0.28692154960285643,0.30677501887886527,0.28027879700857633,0.3151653839865989,0.2869215493470619,0.29711411017787476,0.28256924369179465,
lewidi_convabuse,gemma,25,GPP-laplace,2,1024,0.4107464775953856,0.1285217026677153,0.2210792861729195,0.34266740863252004,0.8452380952380952,0.8202380952380952,0.24145399034023285,0.13163897395133972,0.17218672072665714,0.16551115432709174,0.17218672072665714,0.16551115432709174,0.17315542951398336,0.1655958959059992,0.17293869975982212,0.166047354380149,0.1731554294161543,0.16559589582195497,0.17293869938660786,0.1660473540084092,0.1711052487332088,0.16405167082131872,
lewidi_convabuse,gemma,25,LPE,2,1024,0.38663791082111415,0.08021950347379297,0.1339138302415631,0.17913162112772632,0.8869047619047619,0.8738095238095238,0.08388323336839676,0.09258364140987396,0.23916524438879616,0.2370537940046506,0.23916524438879624,0.23705379400465063,0.23160683940536875,0.23297104167261387,0.2376960385060355,0.23661616514334666,0.2316068404378474,0.23297104235523847,0.23769603974080594,0.23661616590836915,0.22862663588950655,0.23581168243862846,
lewidi_convabuse,gemma,25,LP-temp,2,1024,0.36858400974222977,0.10478013213740457,0.1823496803004018,0.288640641560406,0.8607142857142858,0.8547619047619047,0.30381121223159463,,0.1474863567643698,,0.14748635676436983,,0.14163048614242033,,0.14648710288564282,,0.14163048697023317,,0.14648710392069597,,0.15488085883470196,,
lewidi_convabuse,gemma,25,GPP-cosine,3,16,0.6847381208760603,0.2625272140760214,0.4304283997088316,0.5789537786199256,0.5678571428571428,0.5761904761904761,0.6336984038352966,0.027273405343294144,0.025272626787292852,-0.02334555344706675,0.025272626787292862,-0.023345553447066743,0.03445080716521,-0.033015680283282625,0.026772137079817782,-0.025071608041182247,0.03445080704379073,-0.03301567990811391,0.02677213715617569,-0.025071607763812325,-0.0509194603857346,0.0558642950975532,
lewidi_convabuse,gemma,25,GPP-rbf,3,16,0.434806514808071,0.13851333583881864,0.237061034798223,0.3699474914394883,0.8464285714285714,0.8214285714285714,0.2816286087036133,0.1211087629199028,0.13312372038215942,0.11575967632654083,0.13312372038215942,0.11575967632654083,0.13684439658103037,0.11983002070101556,0.13400524868721786,0.11670918186671016,0.13684439667603154,0.11983002064736868,0.13400524876417605,0.11670918169152958,0.11725594592395307,0.10581977715510908,
lewidi_convabuse,gemma,25,GPP-laplace,3,16,0.5824673031911293,0.22565700403218125,0.3886800220790541,0.5840296267858724,0.8452380952380952,0.8202380952380952,0.4255656599998474,0.2439059466123581,0.11128133832774299,0.09304240759876778,0.11128133832774299,0.09304240759876779,0.11026526244347248,0.09290509064660361,0.11156709338727125,0.09312808278982918,0.11026526245895306,0.09290509063805057,0.11156709340453348,0.09312808264519436,0.12194283206363365,0.07050689258296652,
lewidi_convabuse,gemma,25,LPE,3,16,0.7291787780397898,0.13543674502753184,0.17289226922668086,0.13382857891215852,0.8464285714285714,0.8214285714285714,0.06365565955638885,0.006964507978409529,0.0975913614785498,0.1124373915837941,0.0975913614785498,0.11243739158379411,0.10477319925016754,0.11157820513151681,0.09847908531103332,0.11268554385409746,0.10477319970192822,0.11157820520382793,0.09847908595220801,0.11268554389894896,0.0687740712122005,0.08386495292605975,
lewidi_convabuse,gemma,25,LP-temp,3,16,0.44715914836526527,0.13667558345842798,0.2291325377233149,0.3559261657779257,0.8476190476190476,0.8226190476190476,0.37404306678657423,,0.06867786981358087,,0.06867786981358089,,0.07387543110496601,,0.06920175599391927,,0.07387543159824872,,0.06920175669570731,,0.05647601049634376,,
lewidi_convabuse,gemma,25,GPP-cosine,3,64,0.859687117616408,0.26965713992081836,0.41170480146545685,0.478855970143331,0.5488095238095239,0.5619047619047619,0.5170251727104187,0.008573832921683788,-0.018139284625904875,-0.050669807350084375,-0.018139284625904875,-0.050669807350084375,-0.005504800210052157,-0.051178235299023045,-0.016377907886990284,-0.0510496582225856,-0.005504800728963383,-0.05117823522798562,-0.016377908393694914,-0.051049658214023255,-0.026730147033185547,0.006742996939083953,
lewidi_convabuse,gemma,25,GPP-rbf,3,64,0.39420475431054197,0.12794829508118807,0.22680839043376702,0.37570662478680633,0.8559523809523809,0.830952380952381,0.31173139810562134,0.10987161099910736,0.18635670079946406,0.17778059867301732,0.1863567007994641,0.17778059867301732,0.18187200518929858,0.1747640255209037,0.1867465063257448,0.17831100901842714,0.18187200457546182,0.1747640249531498,0.18674650516729585,0.17831100790065801,0.1875127808240427,0.17676581470716343,
lewidi_convabuse,gemma,25,GPP-laplace,3,64,0.48929624889153717,0.1824022670243333,0.3219967482988501,0.519265563022025,0.8464285714285714,0.8214285714285714,0.3826487362384796,0.2167174518108368,0.14211514072132958,0.13323549142749738,0.14211514072132958,0.1332354914274974,0.14042845707673507,0.13145739034688503,0.1423785345957005,0.1333325840755554,0.1404284569287738,0.13145739020081437,0.14237853427960445,0.13333258370367146,0.11370916165300185,0.09397483579340689,
lewidi_convabuse,gemma,25,LPE,3,64,0.45752343154150554,0.11094778979715879,0.17183956343717346,0.2118089974040213,0.8630952380952381,0.8380952380952381,0.1651310920715332,0.03556431084871292,0.19538596353392562,0.07958258308083623,0.19538596353392565,0.07958258308083624,0.1890776930711786,0.07872499573350934,0.1955003915329038,0.08018384791206454,0.1890776924005225,0.0787249952343471,0.1955003902221386,0.0801838470168876,0.18668891502905063,0.1696059651815053,
lewidi_convabuse,gemma,25,LP-temp,3,64,0.400963673697751,0.13610566301645344,0.2434491297259771,0.4180223897277114,0.8452380952380952,0.825,0.47553291246651075,,0.19956753366940166,,0.1995675336694017,,0.19036686934049007,,0.19892413955584676,,0.19036686882215592,,0.19892413850307478,,0.2008336869479808,,
lewidi_convabuse,gemma,25,GPP-cosine,3,256,0.6787090706593938,0.22774161863495357,0.3540214131136924,0.4251104114286109,0.6583333333333333,0.6476190476190476,0.4652731716632843,0.004408598877489567,0.056511667762011025,0.0028021944995404568,0.05651166776201102,0.002802194499540455,0.055526967575699304,-0.007704788335109794,0.05628007816536401,0.00024138967892020115,0.05552696744393784,-0.007704787707280118,0.056280077999577065,0.0002413900622371002,0.06634243032748316,0.0866649337802957,
lewidi_convabuse,gemma,25,GPP-rbf,3,256,0.38988872760121407,0.10881897850074063,0.18378757672492482,0.2752524047474969,0.8630952380952381,0.8380952380952381,0.22207507491111755,0.06179986521601677,0.1591201130022733,0.1436889349177911,0.15912011300227333,0.14368893491779114,0.1496366176836501,0.13722818703409467,0.1583720189432922,0.1433200182313436,0.1496366184746359,0.1372281874686807,0.15837202007674264,0.14332001882017803,0.17353972448467758,0.16778053905723594,
lewidi_convabuse,gemma,25,GPP-laplace,3,256,0.4300252678748612,0.14400347522379936,0.2522944230164978,0.4050586221737844,0.8464285714285714,0.8214285714285714,0.2911873459815979,0.16219286620616913,0.14080709418557777,0.13427875618412913,0.1408070941855778,0.13427875618412916,0.1408684743531381,0.13399248225767257,0.1413598365217149,0.13466715514735828,0.14086847416911524,0.13399248208552703,0.14135983613818492,0.13466715474498575,0.1094659487362383,0.10351900704785368,
lewidi_convabuse,gemma,25,LPE,3,256,0.4765930226946451,0.10285687085503133,0.15849804669645232,0.19062685377022637,0.8714285714285714,0.8488095238095238,0.12213478237390518,0.05063389986753464,0.1639914596457126,0.1328405823133092,0.16399145964571266,0.13284058231330922,0.14976695445308247,0.12276100563630442,0.1624439174544534,0.13217087571167524,0.14976695548682328,0.12276100660738387,0.1624439189634474,0.1321708773212402,0.15373308743842337,0.17969333301364884,
lewidi_convabuse,gemma,25,LP-temp,3,256,0.39612245148845787,0.11289348675580273,0.19354674712714257,0.30828241426045955,0.8666666666666667,0.8464285714285714,0.3256698302396642,,0.13593880377122503,,0.13593880377122503,,0.12320385138372021,,0.13420885167604815,,0.12320385237915848,,0.13420885310083086,,0.12324629482360656,,
lewidi_convabuse,gemma,25,GPP-cosine,3,1024,0.6407102634512372,0.20214556903647327,0.3190997857934328,0.4100957002654567,0.7047619047619048,0.7011904761904761,0.4533974528312683,0.002112694550305605,0.09235744231650385,0.0015835231500398788,0.09235744231650385,0.0015835231500398728,0.09769410496903462,-0.0013397914375078493,0.09393967766826558,0.0013162226288104687,0.09769410466199271,-0.0013397911083823499,0.0939396775632594,0.0013162232083095,0.09664449032417266,0.12228607717136884,
lewidi_convabuse,gemma,25,GPP-rbf,3,1024,0.2928008521991108,0.07477606798858752,0.13526559308575953,0.21480421835181732,0.8940476190476191,0.8714285714285714,0.19760644435882568,0.038224659860134125,0.3403894990959057,0.3049882269580912,0.34038949909590577,0.3049882269580912,0.33126708418085093,0.29786826757158247,0.33987338856475036,0.3047756843758235,0.3312670842297256,0.29786826736101324,0.33987338818019075,0.30477568369929997,0.3141848800405186,0.3035351317273903,
lewidi_convabuse,gemma,25,GPP-laplace,3,1024,0.4003974044111729,0.12636115428804917,0.22016749084993664,0.34851081347183105,0.8476190476190476,0.8226190476190476,0.24695523083209991,0.13451018929481506,0.1803613444207352,0.17292317272510632,0.18036134442073526,0.17292317272510638,0.18306078016726748,0.17455396227688375,0.18139908489379414,0.1737018722441142,0.18306078006557747,0.17455396219068253,0.1813990845284229,0.17370187188540503,0.17632118546871164,0.16678487226904,
lewidi_convabuse,gemma,25,LPE,3,1024,0.32215316527190935,0.0715016930699528,0.12408047111963055,0.1759441399731794,0.8976190476190476,0.8821428571428571,0.08445265889167786,0.10383013635873795,0.30481423037091765,0.32993584318470176,0.3048142303709177,0.3299358431847018,0.3016826516575653,0.3291848418111184,0.30489654938883226,0.3305708340825484,0.30168265162663344,0.3291848418303281,0.3048965489260079,0.3305708337134999,0.2942634299809082,0.30785303032997335,
lewidi_convabuse,gemma,25,LP-temp,3,1024,0.3528423035040378,0.10137105342166827,0.1773988019281408,0.2945957582807547,0.8797619047619047,0.8690476190476191,0.3250495663277469,,0.21839537043840915,,0.21839537043840918,,0.21762168810503454,,0.21845831730946322,,0.217621688258521,,0.21845831738375537,,0.21551130331157775,,
lewidi_convabuse,gemma,25,GPP-cosine,4,16,0.9613880178169801,0.28948766738637677,0.4064306020020719,0.3727446253243662,0.6,0.5892857142857143,0.38785219192504883,0.012447425164282322,0.07044827992379782,0.002593512081648963,0.07044827992379782,0.002593512081648975,0.07630065840764962,-0.0016938268141297712,0.07150067389705803,0.0018913453723435059,0.07630065802041144,-0.0016938268109984202,0.07150067357471103,0.0018913453069347805,0.07207394173593401,0.07587418282288105,
lewidi_convabuse,gemma,25,GPP-rbf,4,16,0.4529116366486833,0.15801742864171853,0.2792781623612557,0.4592171246083686,0.8464285714285714,0.8214285714285714,0.37080511450767517,0.14489756524562836,0.05032881194623498,0.10719439332124411,0.050328811946234994,0.10719439332124413,0.052603795494966105,0.11081469735987795,0.050441867842141365,0.1079121428439822,0.052603795791837826,0.1108146972848189,0.05044186850682697,0.10791214272344486,0.06520395193511261,0.09070086268497585,
lewidi_convabuse,gemma,25,GPP-laplace,4,16,0.6068146197309527,0.2360530697054088,0.4035277762760719,0.5928646545741417,0.8321428571428572,0.8071428571428572,0.4318639934062958,0.24660444259643555,0.09185215992050459,0.08379296687963785,0.0918521599205046,0.08379296687963786,0.0910994492009046,0.0840605595882239,0.09215231843988672,0.08375494163314613,0.09109944920830655,0.08406055955796063,0.09215231850916156,0.083754941430571,0.09428150539958242,0.062298522226291383,
lewidi_convabuse,gemma,25,LPE,4,16,0.5172378265124082,0.14275075749890737,0.22208956057743523,0.2999888704436793,0.8297619047619048,0.8047619047619048,0.23396721482276917,0.057146064937114716,0.020525505540933325,-0.05048745459777992,0.020525505540933298,-0.05048745459777992,0.018419096118172693,-0.050859797706566665,0.019820378271521326,-0.05093152511831378,0.018419096644666136,-0.05085979740584755,0.01982037943425602,-0.0509315244000909,0.02064977215817319,-0.009774053522075736,
lewidi_convabuse,gemma,25,LP-temp,4,16,0.48231538234300303,0.17053910501559955,0.2983754716354055,0.4771872374993614,0.8297619047619048,0.8047619047619048,0.5330338384975954,,0.006074297483834364,,0.006074297483834382,,0.004567056452229882,,0.005545882874246899,,0.004567057004313837,,0.005545884069066979,,0.01110543007644867,,
lewidi_convabuse,gemma,25,GPP-cosine,4,64,1.016782229790883,0.29555098027042875,0.39186638571134264,0.29577437948174884,0.6166666666666667,0.6059523809523809,0.27928590774536133,0.008221414871513844,0.008567253124601912,-0.0005209237855370221,0.008567253124601912,-0.0005209237855370282,-0.0037047335824770314,-0.014813151303852063,0.00674321914485374,-0.003199643251309358,-0.0037047332658736248,-0.014813150953348526,0.006743219547255078,-0.003199643110787325,0.03456373934217468,0.0596212835408457,
lewidi_convabuse,gemma,25,GPP-rbf,4,64,0.43755356380823335,0.13466693927183498,0.22639821394668183,0.3421006714932963,0.8452380952380952,0.8202380952380952,0.26838043332099915,0.09621250629425049,0.10989444601887075,0.11318576926371963,0.10989444601887077,0.11318576926371965,0.10600949792393258,0.11264578245119425,0.10917618922212546,0.11318084388534,0.10600949801141292,0.11264578236282372,0.10917618919058042,0.11318084356740647,0.10957199831024739,0.10913616722899698,
lewidi_convabuse,gemma,25,GPP-laplace,4,64,0.48403802685369207,0.17912983710275018,0.3164607796252572,0.5123074792497455,0.8464285714285714,0.8214285714285714,0.37645506858825684,0.21358002722263336,0.13814601431273976,0.1273524685263707,0.13814601431273976,0.12735246852637072,0.13780119169128968,0.12684773470695654,0.1384815019523396,0.1275101864758036,0.1378011915708556,0.12684773458552107,0.13848150169022394,0.12751018615210802,0.10763309162538806,0.09055376377447334,
lewidi_convabuse,gemma,25,LPE,4,64,0.6321310779373419,0.13455079941013542,0.1850779446055683,0.18020008114717048,0.8428571428571429,0.8178571428571428,0.11506523936986923,0.022125354036688805,0.05129704742331956,0.06229148411749599,0.05129704742331956,0.06229148411749601,0.044025870490433466,0.05634156923936152,0.04977592470734507,0.06125837095583023,0.04402587072624961,0.05634156910015459,0.04977592491651542,0.061258370626609146,0.07196527886883204,0.08207326518914022,
lewidi_convabuse,gemma,25,LP-temp,4,64,0.45180825855108536,0.14597257248403003,0.24975988765984664,0.3914062238118687,0.8273809523809523,0.8071428571428572,0.4219364698818214,,0.05281235556353782,,0.05281235556353783,,0.042001281277156646,,0.0506806320172236,,0.04200128177008857,,0.05068063267217888,,0.057767310971363395,,
lewidi_convabuse,gemma,25,GPP-cosine,4,256,0.7427209512830373,0.25292041151028055,0.3987000021139579,0.49078738005785894,0.6107142857142858,0.6166666666666667,0.5417295694351196,0.0051803430542349815,0.00760057188904649,-0.02535308732806771,0.0076005718890464966,-0.025353087328067715,0.021822191678310572,-0.025614200032189602,0.009803113213653396,-0.025471582574221975,0.021822191348707057,-0.025614199880413316,0.00980311302726335,-0.02547158244884925,-0.029803158932105785,0.07962365528990448,
lewidi_convabuse,gemma,25,GPP-rbf,4,256,0.3689761527188727,0.10980212911398726,0.19316327564939412,0.3085949351378688,0.8714285714285714,0.8464285714285714,0.2612861692905426,0.07255423069000244,0.17820733293177513,0.15899762986143298,0.17820733293177515,0.158997629861433,0.16566262412072286,0.15255174397992455,0.1767074276035706,0.15834851802963185,0.16566262451080055,0.1525517440360634,0.17670742767972292,0.1583485176841044,0.176153040179251,0.17111529251108004,
lewidi_convabuse,gemma,25,GPP-laplace,4,256,0.43162969599828854,0.1473173880328482,0.2598459101659024,0.4203596520174852,0.8464285714285714,0.8214285714285714,0.30461788177490234,0.1694491058588028,0.13937791034416752,0.13363838757541335,0.13937791034416752,0.13363838757541335,0.13894018938680955,0.13291610648390473,0.1397942235683256,0.13388742959550326,0.13894018926560006,0.1329161063665972,0.13979422324129018,0.1338874292387418,0.11068049651537794,0.1016480554540717,
lewidi_convabuse,gemma,25,LPE,4,256,0.4118181461006506,0.10215963377060157,0.1685224758514388,0.2286165360787617,0.8654761904761905,0.8452380952380952,0.15976671874523163,0.07045578956604004,0.1830633125899882,0.14200384620422674,0.1830633125899882,0.1420038462042268,0.16700523229794056,0.12606072901698082,0.1808831073628696,0.14004085432447377,0.16700523284596924,0.12606072927963197,0.18088310772179356,0.14004085430456828,0.1699142913350637,0.17123439328910706,
lewidi_convabuse,gemma,25,LP-temp,4,256,0.4018536753616035,0.12343787732514554,0.21421815432683572,0.34966836716981253,0.85,0.8321428571428572,0.3786390830362821,,0.12319018508111046,,0.12319018508111047,,0.11166869988854564,,0.12133869052871733,,0.1116687003845017,,0.12133869095707388,,0.11816139882678461,,
lewidi_convabuse,gemma,25,GPP-cosine,4,1024,0.5923397121523873,0.19616593477582273,0.32162160523868843,0.44710873412808516,0.7440476190476191,0.7428571428571429,0.4960377514362335,0.0022869373206049204,0.05947037284664468,0.012669871563323944,0.05947037284664469,0.012669871563323944,0.06619493003727901,0.006117384759632445,0.06065475556764999,0.011091329559999006,0.06619493002427447,0.0061173853736155555,0.060654755868468614,0.011091330235674194,0.04407967284761423,0.09576671483343181,
lewidi_convabuse,gemma,25,GPP-rbf,4,1024,0.288502549795398,0.07316857465809817,0.13290871977459617,0.21982625802854214,0.9011904761904762,0.8833333333333333,0.20478856563568115,0.03992287442088127,0.3439611421869302,0.30801982186141946,0.3439611421869302,0.30801982186141946,0.3324515119217424,0.3000315954330438,0.3434694920656803,0.3079958734747337,0.33245151230011727,0.3000315955165166,0.34346949230823964,0.30799587333316825,0.3074650644995416,0.29869779862144136,
lewidi_convabuse,gemma,25,GPP-laplace,4,1024,0.39843165776013933,0.1265592770841124,0.2215103425656534,0.35391511063480463,0.85,0.825,0.25207605957984924,0.1372842639684677,0.18093686598320588,0.17501484329037598,0.1809368659832059,0.175014843290376,0.1783123166515267,0.17191334157744562,0.18158020607477957,0.17545763548752974,0.17831231637829476,0.1719133413384995,0.18158020546266468,0.17545763490768068,0.1783688920467514,0.17210053883533502,
lewidi_convabuse,gemma,25,LPE,4,1024,0.35780846254171533,0.07591299915548286,0.1285732306976663,0.17784759118112006,0.8869047619047619,0.8738095238095238,0.08512788265943527,0.10467778146266937,0.31600963250585856,0.30365523355867574,0.31600963250585856,0.3036552335586758,0.30539208231427717,0.2942860963475956,0.3151879806250718,0.30325626228164726,0.3053920831245115,0.2942860967950863,0.3151879814280042,0.3032562627043781,0.2807756085239091,0.2836812951043018,
lewidi_convabuse,gemma,25,LP-temp,4,1024,0.36404797249649273,0.10582796458190331,0.18516322561740262,0.3115018967568838,0.8726190476190476,0.8642857142857143,0.34202823766576923,,0.19304932674581976,,0.1930493267458198,,0.18905613163033638,,0.19263794581749807,,0.18905613187717468,,0.19263794598977102,,0.19217938914863736,,
lewidi_convabuse,gemma,37,GPP-cosine,0,16,1.1441410080064742,0.3207567376032928,0.44405411553659524,0.38970220786278253,0.544047619047619,0.5404761904761904,0.3954083323478699,0.027954651042819023,0.041931814026767225,0.11686605055799643,0.04193181402676723,0.11686605055799645,0.0454757795756984,0.10148204306121923,0.042063003398144984,0.11439858098195581,0.04547577970926648,0.10148204372055254,0.04206300363666492,0.11439858170609984,0.036726071023565114,0.08108766012760206,
lewidi_convabuse,gemma,37,GPP-rbf,0,16,0.4907435373299633,0.13119248897754313,0.20066719033666663,0.26500287107426085,0.8464285714285714,0.8214285714285714,0.21615241467952728,0.03358396515250206,0.08291164584243638,0.08784058422941392,0.08291164584243639,0.08784058422941393,0.08530543142722141,0.09078955790835165,0.08352226409503617,0.08861890911465609,0.08530543084278952,0.09078955740576403,0.08352226319648148,0.0886189082668867,0.07268441009559723,0.06501175416494888,
lewidi_convabuse,gemma,37,GPP-laplace,0,16,0.5746583133166171,0.22226112600601242,0.38464685400859233,0.5841534799680219,0.8464285714285714,0.8214285714285714,0.4250109791755676,0.24406863749027252,0.11550647533718901,0.07589416021691552,0.11550647533718904,0.07589416021691554,0.11597038418897504,0.07778789552635212,0.11614475699682703,0.07609761868201681,0.11597038412916064,0.07778789542797598,0.11614475702035962,0.07609761838848345,0.09881027271657306,0.04692596278354337,
lewidi_convabuse,gemma,37,LPE,0,16,0.7607833270965533,0.13528549774539828,0.17011234191865826,0.12450194007375455,0.8476190476190476,0.8226190476190476,0.05037085339426994,0.005054595414549112,0.07571018231103269,0.019281392834831438,0.07571018231103267,0.01928139283483144,0.07168202348603293,0.01702126790181489,0.07577030066336898,0.01928435136235576,0.07168202301276648,0.017021267709612417,0.07577029993703974,0.019284351052822314,0.04412745323719275,0.03491244924089755,
lewidi_convabuse,gemma,37,LP-temp,0,16,0.44038997624201637,0.136378159398115,0.23117690910594096,0.366451733697939,0.8476190476190476,0.8226190476190476,0.3854043702184147,,0.036328541926926416,,0.036328541926926416,,0.03862207305067397,,0.03670913103882981,,0.0386220724737827,,0.036709130282534655,,0.03304060916856011,,
lewidi_convabuse,gemma,37,GPP-cosine,0,64,0.793520159164816,0.2352859579429433,0.34323930005715025,0.35816048568221454,0.6785714285714286,0.6678571428571428,0.3598533272743225,0.014413459226489067,0.01877836205496091,0.06395182891494358,0.018778362054960918,0.0639518289149436,0.01568457088471452,0.044340160591871985,0.018562528900417246,0.06094605455753913,0.01568457061451492,0.04434016112406759,0.01856252864290625,0.06094605529279679,0.018656730309004117,0.06076271634556892,
lewidi_convabuse,gemma,37,GPP-rbf,0,64,0.4185637580589716,0.12907042893527906,0.22179231852669978,0.3551200039772302,0.8535714285714285,0.830952380952381,0.284341424703598,0.09574054181575775,0.09226685635647619,0.0939778530189719,0.09226685635647622,0.09397785301897191,0.08741314393750592,0.0909162594196843,0.09195778690500135,0.09386294955428143,0.08741314385184676,0.09091625923372477,0.0919577867441698,0.09386294919314284,0.09364992231118184,0.08821153342857217,
lewidi_convabuse,gemma,37,GPP-laplace,0,64,0.48122239442931075,0.17721292336873654,0.3142848308309026,0.5110876680139297,0.8476190476190476,0.8226190476190476,0.3731584846973419,0.21167537569999695,0.1060083520440566,0.09687349583661109,0.10600835204405662,0.09687349583661109,0.10373798053146205,0.09418393013117399,0.10599430563065666,0.09663189273246539,0.10373798052260057,0.09418393011904179,0.10599430561008244,0.09663189262927493,0.060632101501469686,0.049782553604319074,
lewidi_convabuse,gemma,37,LPE,0,64,0.5333569337775019,0.1172750863085546,0.17082237691959432,0.1898468553843291,0.8547619047619047,0.8321428571428572,0.12956592440605164,0.027174877002835274,0.1138467036584151,0.06295250917602638,0.1138467036584151,0.0629525091760264,0.1079198767408065,0.064564249547011,0.11345351678193047,0.06348988997740057,0.10791987657714511,0.0645642493206621,0.11345351642839595,0.06348988956120892,0.10951504449585525,0.14227500152984782,
lewidi_convabuse,gemma,37,LP-temp,0,64,0.41880608690970467,0.13736833637117798,0.24201316129047876,0.40665853664446633,0.8488095238095238,0.8261904761904761,0.4481896768368185,,0.09475342784932095,,0.09475342784932096,,0.08627460330012814,,0.09379222977501332,,0.0862746033236689,,0.09379222974669915,,0.0966853522090035,,
lewidi_convabuse,gemma,37,GPP-cosine,0,256,0.7532766547847519,0.22687974422800306,0.34702338439064334,0.40687977399997777,0.6607142857142857,0.6619047619047619,0.43128305673599243,0.010369643568992615,0.03507699484133658,0.042153414519016205,0.03507699484133658,0.04215341451901622,0.039991353131125354,0.03464687824415649,0.03584856147243648,0.04096372482366227,0.03999135289871806,0.034646878809615395,0.03584856142169112,0.040963725782737034,0.04187912710419765,0.08795882863663974,
lewidi_convabuse,gemma,37,GPP-rbf,0,256,0.3796235848475831,0.10899982481292682,0.1865063079266942,0.28344661038405583,0.8595238095238096,0.8345238095238096,0.2360575944185257,0.06691709905862808,0.20275371354874328,0.17946123820294124,0.20275371354874333,0.17946123820294127,0.19353110405062715,0.17436086518522864,0.20216618215241022,0.17944524513126306,0.19353110369690824,0.17436086469730003,0.2021661814381443,0.17944524428307365,0.2078153977884316,0.18974265761104395,
lewidi_convabuse,gemma,37,GPP-laplace,0,256,0.44091821817564864,0.14591320288804205,0.2528371345540065,0.3988992846683796,0.8464285714285714,0.8214285714285714,0.28332722187042236,0.1576431691646576,0.11001783647161621,0.10662853456169641,0.11001783647161623,0.10662853456169641,0.10881087656480395,0.10489382275343428,0.11024409561561906,0.10666175359976968,0.10881087637606777,0.10489382258685273,0.11024409524931235,0.10666175323218666,0.08060485099257965,0.07541045471073865,
lewidi_convabuse,gemma,37,LPE,0,256,0.42356167311229453,0.10097574688092976,0.16173187540683082,0.20501430675062968,0.8654761904761905,0.8452380952380952,0.13343186676502228,0.07050911337137222,0.2002059093527726,0.20496455426652824,0.2002059093527726,0.20496455426652826,0.18807370845303284,0.18970014280034475,0.19879369056800505,0.2036725822589333,0.18807370822031483,0.18970014236533073,0.19879368992971597,0.2036725814530097,0.21725739724807358,0.2365926193387293,
lewidi_convabuse,gemma,37,LP-temp,0,256,0.3932954086775487,0.13005512596649235,0.22980571300458189,0.3893016871665505,0.844047619047619,0.830952380952381,0.4401422091240968,,0.19350487873612401,,0.19350487873612401,,0.1771669887775849,,0.1914850345116089,,0.17716698859270694,,0.19148503410471296,,0.1979697163888075,,
lewidi_convabuse,gemma,37,GPP-cosine,0,1024,0.6701531084529444,0.1918737164840345,0.2905117810081709,0.3453429465491389,0.7404761904761905,0.7392857142857143,0.36744579672813416,0.004312248434871435,0.09509216293857835,0.058365310492804856,0.09509216293857836,0.05836531049280487,0.09721891745263367,0.04886223348966706,0.09606268563223921,0.056982140926075744,0.09721891720585824,0.04886223419473262,0.09606268543012017,0.056982142088362886,0.08950891535467867,0.12637019744781938,
lewidi_convabuse,gemma,37,GPP-rbf,0,1024,0.314417167619564,0.08508488644642347,0.14940667761437085,0.23818898358004328,0.8928571428571429,0.875,0.2223939448595047,0.041817568242549896,0.3045477164017753,0.2957912636689834,0.30454771640177536,0.29579126366898345,0.29487966930928633,0.2877262044574882,0.3033395765990389,0.29479652749652036,0.2948796699203135,0.28772620469104226,0.3033395772478513,0.29479652759702646,0.2993380250928836,0.28539090033427644,
lewidi_convabuse,gemma,37,GPP-laplace,0,1024,0.4002084663805019,0.12915827897973353,0.22762293859961488,0.36837239200493505,0.8488095238095238,0.8238095238095238,0.2641313076019287,0.14380231499671936,0.17615092033721272,0.16974424245004838,0.17615092033721272,0.16974424245004843,0.17306099428956925,0.16595089140795818,0.17623905402387338,0.16961218844538162,0.17306099443544676,0.1659508915467513,0.17623905403502643,0.16961218842856823,0.16584264025331516,0.1582726173511215,
lewidi_convabuse,gemma,37,LPE,0,1024,0.36521894232401314,0.08749698025783677,0.1489755125091638,0.21037472560379422,0.8857142857142857,0.8702380952380953,0.09530677646398544,0.13289432227611542,0.24494305377341224,0.27582681096699213,0.24494305377341224,0.27582681096699224,0.23612586564102367,0.2668583040961075,0.24331153229497365,0.27444583106638365,0.23612586631607518,0.26685830453073567,0.243311533191626,0.27444583152998625,0.2576715437839928,0.27357491419614793,
lewidi_convabuse,gemma,37,LP-temp,0,1024,0.3659171465432506,0.11473502736794502,0.2036817744526267,0.3403701360950139,0.8666666666666667,0.8583333333333333,0.3860968624156377,,0.21615084636591347,,0.21615084636591347,,0.2064263879620954,,0.21440253968547432,,0.20642638837869443,,0.21440254017607766,,0.21793259206326518,,
lewidi_convabuse,gemma,37,GPP-cosine,1,64,1.0115186976298423,0.2957586204075246,0.4070214505754807,0.3593106868368004,0.5845238095238096,0.5833333333333334,0.3622286915779114,0.016018368303775787,0.03493128300254968,0.032766691973503966,0.034931283002549676,0.03276669197350398,0.05079046306976952,0.0344150570858533,0.03724270884509117,0.033235057175026755,0.05079046316272594,0.03441505768530373,0.037242709222341984,0.03323505807386226,0.041172739228094196,0.025242326857875867,
lewidi_convabuse,gemma,37,GPP-rbf,1,64,0.41426923648912195,0.12467551950706211,0.2120704791658292,0.33012876144412534,0.8488095238095238,0.8238095238095238,0.2620965540409088,0.08650045096874237,0.11465393047073803,0.10744346802409878,0.11465393047073805,0.10744346802409879,0.10687051895796666,0.10230305796809328,0.11398621661569186,0.10704268233618208,0.10687051877129194,0.10230305764766266,0.11398621598501779,0.10704268154549372,0.11001761834690998,0.09530190750038124,
lewidi_convabuse,gemma,37,GPP-laplace,1,64,0.4719585400765501,0.1713151136942579,0.3033608592847096,0.49252767958998156,0.8464285714285714,0.8214285714285714,0.3588321805000305,0.20317716896533966,0.10421800827216718,0.09499840927992281,0.1042180082721672,0.09499840927992281,0.10162209901527698,0.09211765089441137,0.1043406446571672,0.09493096612228241,0.10162209895777387,0.09211765083392467,0.10434064450943878,0.09493096591009015,0.05946345501185363,0.04639615906441995,
lewidi_convabuse,gemma,37,LPE,1,64,0.5213991265000489,0.11518412541517208,0.1684441645161271,0.18558662681148702,0.8535714285714285,0.8285714285714286,0.12979289889335632,0.023207496851682663,0.10949735988020762,0.12402537109631692,0.10949735988020765,0.12402537109631695,0.09961326331095074,0.12472820060384518,0.10855599993547468,0.12452321790625699,0.09961326320077314,0.12472820033530288,0.10855599941797897,0.12452321728947413,0.11313689027263703,0.1368778161866244,
lewidi_convabuse,gemma,37,LP-temp,1,64,0.403784989606922,0.13354693637029036,0.23902807676365276,0.4096687409479392,0.8571428571428571,0.8392857142857143,0.4523411043669483,,0.10305966583437992,,0.10305966583437993,,0.09224653631144802,,0.1017041379331009,,0.09224653623120342,,0.10170413739202938,,0.10246071497964529,,
lewidi_convabuse,gemma,37,GPP-cosine,1,256,0.7506442003485092,0.22002839927979856,0.34085441032273295,0.4175460896768164,0.6857142857142857,0.6988095238095238,0.4344049394130707,0.009430245496332645,-0.019880009197395465,0.007992572443956574,-0.019880009197395458,0.007992572443956573,-0.008646087763733927,0.006898321937537401,-0.018138033017188967,0.007992221140282255,-0.008646088143882374,0.00689832216667585,-0.018138033395439165,0.007992221553010668,-0.01989724383435733,0.03258057147456626,
lewidi_convabuse,gemma,37,GPP-rbf,1,256,0.3682676753292064,0.10636299624803114,0.1845354095738869,0.291761819449299,0.8690476190476191,0.8464285714285714,0.2418208122253418,0.06776033341884613,0.17798766625541768,0.16102867996086806,0.17798766625541768,0.16102867996086806,0.16729664780073725,0.15305355581948943,0.17724055105878084,0.16072307170704223,0.1672966475440185,0.15305355549948843,0.17724055026194646,0.16072307084741494,0.17447288557195545,0.17111332799738624,
lewidi_convabuse,gemma,37,GPP-laplace,1,256,0.43636510240033344,0.14662798931378682,0.2565840039213765,0.41089194292437775,0.8464285714285714,0.8214285714285714,0.2940647602081299,0.16389265656471252,0.1191291181717993,0.11351441430712099,0.1191291181717993,0.113514414307121,0.11616985951849093,0.10994513186532542,0.11923403019475531,0.11342550371243819,0.11616985936890079,0.10994513174033563,0.11923402988478542,0.11342550340045454,0.08918441185792016,0.08111842612031958,
lewidi_convabuse,gemma,37,LPE,1,256,0.43417602278621814,0.10055323489857029,0.15863254573079075,0.20199384885400465,0.8714285714285714,0.8511904761904762,0.13444699347019196,0.054641418159008026,0.14496201105781176,0.18035223891181118,0.14496201105781178,0.18035223891181118,0.1373926581215899,0.1777418149610699,0.14450993343408625,0.18104510420372458,0.13739265790470473,0.17774181447022785,0.14450993276739432,0.18104510316187417,0.154559686469859,0.17778141703866943,
lewidi_convabuse,gemma,37,LP-temp,1,256,0.38798141864339536,0.11480907450916975,0.198182161769978,0.3178759216525909,0.8595238095238096,0.8392857142857143,0.3361753251655775,,0.11453246436904405,,0.11453246436904403,,0.10669339807941078,,0.11343329339787134,,0.10669339793182935,,0.11343329281201411,,0.11463750541104799,,
lewidi_convabuse,gemma,37,GPP-cosine,1,1024,0.6417898989943505,0.191048408574959,0.2958481035565209,0.3724388842362463,0.7452380952380953,0.7464285714285714,0.40014511346817017,0.004652312025427818,0.08657605849338412,0.05177292766830203,0.08657605849338415,0.051772927668302035,0.08620458597141031,0.04128694281443014,0.08703975630440615,0.05013951558071652,0.08620458587950898,0.041286943364138726,0.08703975634552222,0.050139516388235286,0.09055999851176724,0.12485391616878187,
lewidi_convabuse,gemma,37,GPP-rbf,1,1024,0.3198106536832884,0.08324413709746377,0.14507769828182757,0.22638253034121356,0.8869047619047619,0.8642857142857143,0.20792433619499207,0.0369144082069397,0.30678247098905287,0.2853835496461866,0.3067824709890529,0.2853835496461866,0.2952692430993431,0.27476601532764106,0.3062234506344459,0.2849503274006585,0.29526924300354346,0.27476601508690823,0.3062234499096521,0.2849503265185022,0.28504557299236377,0.27703426906636164,
lewidi_convabuse,gemma,37,GPP-laplace,1,1024,0.40620275184477933,0.12806394978548974,0.22237313708423503,0.3519374502847371,0.8476190476190476,0.8226190476190476,0.24803808331489563,0.13460476696491241,0.1608745065832154,0.1549533972380453,0.1608745065832154,0.15495339723804535,0.1582339345193221,0.15147830032187157,0.16101488715726628,0.15487309103796124,0.15823393434741573,0.15147830019590053,0.1610148866256753,0.1548730905658484,0.15046041261730303,0.14137187187799324,
lewidi_convabuse,gemma,37,LPE,1,1024,0.36249478432044707,0.08463964692776751,0.14509794759453226,0.2107666637111123,0.8916666666666667,0.8809523809523809,0.09105818718671799,0.13037002086639404,0.26888765419105815,0.21480351242236229,0.2688876541910582,0.21480351242236229,0.25549659880937214,0.20085521171562418,0.2681993206601595,0.21410378811480635,0.2554965990548481,0.20085521164845416,0.26819932040701916,0.214103787516178,0.2537389290235813,0.2268159179938489,
lewidi_convabuse,gemma,37,LP-temp,1,1024,0.36961499175325435,0.11509694623964443,0.2038290527485981,0.33625422821731277,0.8595238095238096,0.8511904761904762,0.3779702730925229,,0.2019316872301957,,0.20193168723019572,,0.1866346347564935,,0.20084349168006438,,0.18663463507915018,,0.20084349180385022,,0.20006557917643675,,
lewidi_convabuse,gemma,37,GPP-cosine,2,16,0.8758018403713109,0.28399095602341723,0.4202666189194133,0.4443382753139089,0.5714285714285714,0.5654761904761905,0.45297056436538696,0.036853618919849396,0.026186961478412648,0.00011966024440702647,0.026186961478412648,0.00011966024440703514,0.03800530320635939,-0.005868219083462901,0.02770067805364005,-0.001047628239843501,0.038005303343451806,-0.005868218644186747,0.027700678589075822,-0.0010476276238492246,0.036278418142297646,0.05101105823024382,
lewidi_convabuse,gemma,37,GPP-rbf,2,16,0.4745413758137066,0.17113739539953685,0.30305244794470215,0.4960334919328391,0.8476190476190476,0.8226190476190476,0.4032522439956665,0.15786220133304596,0.05065989315751439,0.048912905647211485,0.0506598931575144,0.0489129056472115,0.05193780992605673,0.04996517763591569,0.05050959648484972,0.04883176197828863,0.05193781015117077,0.04996517772457491,0.0505095970301872,0.04883176207390711,0.05636037751205453,0.02704496462329729,
lewidi_convabuse,gemma,37,GPP-laplace,2,16,0.6100393441976326,0.23762434585304107,0.4058117335750943,0.5944100658351587,0.8464285714285714,0.8214285714285714,0.43245428800582886,0.24744713306427002,0.06845683183478633,0.04630791062052638,0.06845683183478635,0.04630791062052639,0.06864930303108015,0.04789468223683033,0.06866392539185792,0.04626285832124693,0.06864930309097864,0.047894682280292755,0.06866392555795894,0.046262858292412404,0.09976430889718843,0.03140888409449839,
lewidi_convabuse,gemma,37,LPE,2,16,0.47956636919641815,0.14010936036232122,0.2276872756441922,0.33469330682605875,0.844047619047619,0.819047619047619,0.28450319170951843,0.05906848981976509,0.016549859342099918,0.05110398699645448,0.016549859342099925,0.051103986996454485,0.014451659238879925,0.047916256495183045,0.015953658358825267,0.050834023321549335,0.014451659470608391,0.04791625660294131,0.01595365892958085,0.05083402371961686,0.01900600376103215,0.0339412105767044,
lewidi_convabuse,gemma,37,LP-temp,2,16,0.47555518086646204,0.1661239104442373,0.2902957738578596,0.4670202444699141,0.8357142857142857,0.8107142857142857,0.5195339168335182,,0.01409925851350188,,0.014099258513501887,,0.009698508993072858,,0.013098134873565644,,0.009698509259170263,,0.013098135470447636,,0.016895791482074353,,
lewidi_convabuse,gemma,37,GPP-cosine,2,64,1.2402449828250741,0.3424688991874967,0.46698475210913504,0.38596354750633327,0.5083333333333333,0.5142857142857142,0.38602861762046814,0.01593252830207348,-0.03404095293067073,0.060192144879648,-0.034040952930670734,0.060192144879648,-0.03357344932765079,0.05597403587507231,-0.034096183434683305,0.059693424889451785,-0.03357344975285265,0.055974035667782515,-0.03409618401406605,0.05969342439732761,-0.04266855412000121,0.057724160293185146,
lewidi_convabuse,gemma,37,GPP-rbf,2,64,0.4489729436937311,0.1355631249907249,0.22462927019057263,0.3335714740607752,0.8404761904761905,0.8154761904761905,0.2634541690349579,0.08979956060647964,0.1216208554711739,0.10589573136707883,0.12162085547117393,0.10589573136707885,0.12391388050879905,0.10735896333180289,0.12258626552034095,0.1066486246751192,0.12391388017405483,0.10735896294447676,0.12258626509008642,0.10664862408617626,0.10954593006766719,0.09949370140655082,
lewidi_convabuse,gemma,37,GPP-laplace,2,64,0.47524885919645243,0.17245171152831829,0.3043888272739769,0.4910885566167841,0.8452380952380952,0.8202380952380952,0.35816723108291626,0.202750101685524,0.1098363942755673,0.10077620616454237,0.10983639427556731,0.10077620616454239,0.10682084184192578,0.09687312352191696,0.10980542041969868,0.10048395107740304,0.10682084178155021,0.09687312346721767,0.10980542030377269,0.10048395090798545,0.06844623658352643,0.057279838251659186,
lewidi_convabuse,gemma,37,LPE,2,64,0.6382707937016666,0.13244715877766847,0.1806130787927898,0.16744223459639007,0.8369047619047619,0.8142857142857143,0.1030619665980339,0.022280253469944,0.13038211967576746,0.07446168001165529,0.13038211967576746,0.07446168001165532,0.13140155406677712,0.07926796321837659,0.1312847808678257,0.0756149426292411,0.1314015536146465,0.0792679628327954,0.13128478018655518,0.07561494201311605,0.1185063674314141,0.1271383893537427,
lewidi_convabuse,gemma,37,LP-temp,2,64,0.4542422314047711,0.15727699836321157,0.27606645251028716,0.45273237926143983,0.8297619047619048,0.8095238095238095,0.5082799005907522,,0.09692632688628622,,0.09692632688628623,,0.09060198026574601,,0.09678522295464081,,0.09060197998618899,,0.09678522278914495,,0.10410719953050208,,
lewidi_convabuse,gemma,37,GPP-cosine,2,256,0.9277592672885557,0.24787456445662356,0.34529587253232774,0.3135167544827992,0.638095238095238,0.6369047619047619,0.31233301758766174,0.008720461279153824,0.06178025521502385,0.02918626558149775,0.06178025521502387,0.029186265581497742,0.06873746023645591,0.026473414689984,0.06333942900155802,0.029042140449579694,0.06873745998720103,0.0264734151236087,0.06333942895865148,0.02904214131366569,0.055731425640941926,0.055485639634600833,
lewidi_convabuse,gemma,37,GPP-rbf,2,256,0.38186414539885943,0.1132456632698703,0.195424054580785,0.30605459603571317,0.8630952380952381,0.8428571428571429,0.2619039714336395,0.073298878967762,0.22063511984172313,0.19710161446305718,0.22063511984172313,0.19710161446305724,0.2123933968687888,0.18921201818099195,0.21919375182122575,0.19592701650190592,0.21239339679806235,0.1892120179977031,0.21919375141887298,0.19592701592486672,0.22817918800097234,0.20172282584578996,
lewidi_convabuse,gemma,37,GPP-laplace,2,256,0.43971250566443504,0.1494044136597964,0.26204375567114246,0.4206243959961596,0.8464285714285714,0.8214285714285714,0.30277734994888306,0.16879159212112427,0.12452549905334812,0.11952067736218823,0.12452549905334812,0.11952067736218824,0.1234639264733673,0.11798156038296115,0.12476755256998384,0.11958372823493399,0.12346392634695989,0.1179815602825374,0.12476755231975596,0.11958372797917097,0.09269252083319539,0.08366154930993512,
lewidi_convabuse,gemma,37,LPE,2,256,0.39705345797285485,0.10356159353458556,0.1704544439257461,0.23086987458318617,0.8702380952380953,0.85,0.15205317735671997,0.09154091775417328,0.22802969000665774,0.20130807894958416,0.22802969000665776,0.2013080789495842,0.2186272394701818,0.1902683440598914,0.22656409565176658,0.1996215126064953,0.21862723936579329,0.1902683440061807,0.22656409515407294,0.1996215121445854,0.24268457630317117,0.24200046430408248,
lewidi_convabuse,gemma,37,LP-temp,2,256,0.4115623747805438,0.14079648836571365,0.24983415937854137,0.4196568980503601,0.8321428571428572,0.8166666666666667,0.47711354148554436,,0.18547431791269314,,0.18547431791269317,,0.1780224982482524,,0.18401290030158285,,0.17802249817170265,,0.18401289991315206,,0.18999671193847037,,
lewidi_convabuse,gemma,37,GPP-cosine,2,1024,0.7455362028568581,0.19446622407614955,0.2870886762763568,0.31775302642421205,0.7297619047619047,0.7261904761904762,0.33277231454849243,0.00421534851193428,0.10487536439768055,0.04423940075277227,0.10487536439768057,0.044239400752772294,0.1052711601903137,0.030893719433525785,0.1048557453696253,0.040986138100776004,0.10527116031008388,0.030893720521796474,0.1048557453320182,0.04098613918381992,0.09778146543649928,0.11327732737765132,
lewidi_convabuse,gemma,37,GPP-rbf,2,1024,0.3304271405090069,0.08670606252171537,0.14851493953777078,0.22591793230697393,0.8904761904761904,0.8726190476190476,0.204130157828331,0.038919348269701004,0.28520343452437313,0.25754003896406286,0.28520343452437324,0.25754003896406286,0.27729621071981864,0.24820614912425398,0.28450793007980474,0.2567659540470669,0.27729621122116643,0.2482061492507449,0.2845079306882222,0.25676595413839287,0.2796345677223728,0.2650145543168232,
lewidi_convabuse,gemma,37,GPP-laplace,2,1024,0.4130255639824542,0.130000470714601,0.22409304614467102,0.3496221471454587,0.8452380952380952,0.8202380952380952,0.2466784119606018,0.13426783680915833,0.16234789744430578,0.15656874832066348,0.1623478974443058,0.1565687483206635,0.1618846598518286,0.15516085133590446,0.16290672504052195,0.15689043986545567,0.16188465983104156,0.15516085132366456,0.16290672487282776,0.15689043968771574,0.1525785341992193,0.14505758997391482,
lewidi_convabuse,gemma,37,LPE,2,1024,0.40457472949939516,0.09112780137306445,0.14748227504834507,0.1922871058002982,0.875,0.861904761904762,0.08929583430290222,0.1063898503780365,0.236402279759657,0.23132696391956997,0.236402279759657,0.23132696391957003,0.2291872553489781,0.2180299684534592,0.2352884401764367,0.22953001152937788,0.22918725622323483,0.2180299691495679,0.235288441242057,0.22953001247396185,0.24013562832684293,0.24337570930337413,
lewidi_convabuse,gemma,37,LP-temp,2,1024,0.3907291202720572,0.11682310316557308,0.19928684834621757,0.319559572517871,0.8630952380952381,0.85,0.34775771822053153,,0.1631821213411797,,0.1631821213411797,,0.1549629772132759,,0.16145361328875696,,0.15496297801495085,,0.16145361430115873,,0.16745678720049942,,
lewidi_convabuse,gemma,37,GPP-cosine,3,16,0.8523048398125473,0.2948024373272144,0.4496373960501625,0.5087283527316655,0.5535714285714286,0.5642857142857143,0.5159408450126648,0.0391727052628994,-0.10564059561867581,-0.039655851538485526,-0.10564059561867584,-0.03965585153848553,-0.09307295107040821,-0.04097219119719121,-0.10393711351868175,-0.03968257505744393,-0.09307295143504223,-0.04097219094086941,-0.10393711370709216,-0.039682574700744155,-0.11067940322080053,-0.03349249856631505,
lewidi_convabuse,gemma,37,GPP-rbf,3,16,0.43923040154444637,0.14333130187403903,0.24691362160014077,0.38935942067817675,0.8476190476190476,0.8226190476190476,0.29588961601257324,0.13188393414020538,0.1240666149077783,0.10259550562718653,0.12406661490777832,0.10259550562718656,0.12334251196075371,0.10158095426432982,0.12454394691273302,0.10289052853091235,0.1233425119337918,0.10158095412874948,0.12454394676900035,0.10289052820260496,0.10638468587980414,0.08527227928810736,
lewidi_convabuse,gemma,37,GPP-laplace,3,16,0.5956437127682649,0.23135802048653953,0.39687402715374315,0.5889408726281161,0.8452380952380952,0.8202380952380952,0.42856210470199585,0.2458977997303009,0.10550251502653113,0.08382731338348506,0.10550251502653116,0.08382731338348508,0.10408033629438462,0.08347893876374582,0.10576145435066982,0.0838245378538645,0.10408033634296815,0.08347893878817676,0.10576145446359798,0.08382453777694276,0.1089813293836871,0.05648094797643283,
lewidi_convabuse,gemma,37,LPE,3,16,0.6683605306987908,0.13339026850178312,0.1752136651586625,0.15064254254153225,0.8476190476190476,0.8226190476190476,0.08677012473344803,0.011355738155543804,0.12301617274329701,0.15741164209335717,0.12301617274329704,0.15741164209335723,0.12227379694213815,0.14738496023848904,0.12337119831310228,0.15688214777878684,0.1222737970884149,0.14738496027425046,0.12337119846481534,0.1568821477999029,0.07394014433139537,0.05738165159962123,
lewidi_convabuse,gemma,37,LP-temp,3,16,0.4468543159200704,0.13637686645700045,0.22819953027039083,0.3529509452164467,0.8476190476190476,0.8226190476190476,0.37159863064069887,,0.0907640257997906,,0.0907640257997906,,0.09182824248305496,,0.09144591597102047,,0.09182824266533034,,0.09144591606393798,,0.07019909528021999,,
lewidi_convabuse,gemma,37,GPP-cosine,3,64,0.9572608416813672,0.27470188694190106,0.4026571033253932,0.42586111107962515,0.5488095238095239,0.5523809523809524,0.43404218554496765,0.019032811746001244,-0.032510129590755735,-0.025111904131740234,-0.032510129590755735,-0.02511190413174024,-0.014059309296840742,-0.018462028357628606,-0.030250148547047464,-0.024480170541382355,-0.014059309440615151,-0.018462028001676938,-0.0302501486310768,-0.02448017011577685,-0.02474831145343496,0.00368894673147051,
lewidi_convabuse,gemma,37,GPP-rbf,3,64,0.41170136655392325,0.13462384171850267,0.23717686528550638,0.3869622944857887,0.85,0.825,0.31454184651374817,0.11308102309703827,0.12479814861479263,0.11831556286068287,0.12479814861479263,0.1183155628606829,0.12056696235987038,0.11569206176041173,0.12505640836242113,0.1186094578050623,0.1205669618519076,0.11569206132082317,0.1250564075543287,0.11860945702677694,0.12038375921356614,0.10831397498892778,
lewidi_convabuse,gemma,37,GPP-laplace,3,64,0.4985715054953862,0.18652478748000556,0.32852079144545965,0.5247441366830967,0.8464285714285714,0.8214285714285714,0.3860491216182709,0.2188221514225006,0.12915767119186805,0.12067525340355811,0.12915767119186808,0.12067525340355811,0.1263726124914334,0.11776016833652567,0.12924363818327653,0.12057671477391124,0.12637261243383158,0.11776016828196373,0.1292436380659129,0.12057671459511801,0.08198433292332703,0.06227453744584451,
lewidi_convabuse,gemma,37,LPE,3,64,0.5063999489321408,0.12106780019305688,0.18387802162088476,0.22437081423742822,0.85,0.825,0.16684730350971222,0.0345604345202446,0.09004127311367982,0.027714622353622043,0.09004127311367982,0.02771462235362204,0.08347022805584929,0.02071407866665198,0.09015378873101164,0.027521335711135173,0.083470227644216,0.020714078376899488,0.09015378794553697,0.027521335121247235,0.08227726712419445,0.08650879545516192,
lewidi_convabuse,gemma,37,LP-temp,3,64,0.4227314243101274,0.13671907680092474,0.238422901553658,0.39033742682993045,0.8428571428571429,0.8178571428571428,0.4250716969534307,,0.0788490858853013,,0.0788490858853013,,0.07435730809428034,,0.07882836509704959,,0.07435730779840483,,0.0788283645508652,,0.08084921941335929,,
lewidi_convabuse,gemma,37,GPP-cosine,3,256,0.7909890902013044,0.23076509415490434,0.3362474320658797,0.3556353232727077,0.6880952380952381,0.6797619047619048,0.36823901534080505,0.008997452445328236,0.061516716176692576,0.05653646820268939,0.06151671617669259,0.056536468202689406,0.058448355339769914,0.042046593498772405,0.06095440671345605,0.05377163322634431,0.05844835518027193,0.04204659395869992,0.06095440646416427,0.05377163338528755,0.06659026654200055,0.08780125844449195,
lewidi_convabuse,gemma,37,GPP-rbf,3,256,0.38167444020075014,0.10714856600694163,0.18253690417512275,0.283441236131557,0.8726190476190476,0.8476190476190476,0.23346389830112457,0.06238746643066406,0.16383862442347952,0.15906370910977902,0.16383862442347952,0.15906370910977907,0.1525328307826641,0.14847282785358018,0.16322753273619206,0.15829538829535944,0.152532830975798,0.14847282779762383,0.16322753317452615,0.15829538828413162,0.17316921720202882,0.16733942970770302,
lewidi_convabuse,gemma,37,GPP-laplace,3,256,0.4354007356605344,0.1462763432000169,0.2562095883335652,0.4113498121284921,0.8464285714285714,0.8214285714285714,0.29444757103919983,0.1637236475944519,0.11701611453433357,0.11329699115771918,0.11701611453433361,0.11329699115771921,0.11425805666403291,0.11012537802038389,0.11713994269751501,0.11323104283623342,0.11425805654210609,0.11012537791535945,0.11713994249670515,0.11323104261515618,0.0767131835306378,0.072296700506082,
lewidi_convabuse,gemma,37,LPE,3,256,0.4688018924450595,0.10270846985316501,0.1596701432253526,0.19589284889385727,0.8642857142857143,0.8392857142857143,0.12993334233760834,0.051043346524238586,0.16901338819735712,0.13546195660233049,0.16901338819735717,0.13546195660233049,0.15406113998819954,0.12283705718976765,0.1679112304438135,0.13465419445602436,0.15406114036640708,0.12283705747610978,0.16791123113144638,0.1346541950224171,0.16869262005844307,0.1878417599954775,
lewidi_convabuse,gemma,37,LP-temp,3,256,0.4082142264281474,0.11091589367706625,0.1847178655515331,0.2831327381480982,0.8690476190476191,0.8464285714285714,0.2938790790502714,,0.1513494935132081,,0.1513494935132081,,0.13757866431813132,,0.15034600942740306,,0.13757866473179256,,0.15034601027680577,,0.12885510099847053,,
lewidi_convabuse,gemma,37,GPP-cosine,3,1024,0.6760546613044593,0.18290457263147653,0.27621892860668096,0.3375658788855879,0.7595238095238095,0.763095238095238,0.3589038550853729,0.003856928553432226,0.10662105820923153,0.07241889230508701,0.10662105820923153,0.07241889230508704,0.11446162981623773,0.06135064396195546,0.1080513200228551,0.070251246804382,0.11446162964014722,0.0613506445652839,0.1080513199160293,0.07025124763724401,0.10563883690254716,0.1183219423023867,
lewidi_convabuse,gemma,37,GPP-rbf,3,1024,0.30297592154875025,0.07848510518182841,0.1404652617340963,0.22279769592085327,0.9011904761904762,0.8761904761904762,0.20761620998382568,0.03875408694148064,0.331412072228908,0.30998417863802896,0.3314120722289081,0.30998417863802896,0.3289086261143501,0.30588868171861316,0.3320425432523326,0.310346802086789,0.3289086264278506,0.3058886817011992,0.33204254351020135,0.31034680185454044,0.31564951895424154,0.299460388671915,
lewidi_convabuse,gemma,37,GPP-laplace,3,1024,0.401906852309558,0.1275038198792498,0.22274281757806116,0.3550467534407353,0.8476190476190476,0.8226190476190476,0.2518182694911957,0.13693583011627197,0.17160730580031255,0.16542751291157665,0.17160730580031255,0.16542751291157667,0.17322036538993374,0.16584834822527578,0.1724039573220208,0.16594304959445935,0.17322036539954289,0.16584834824170525,0.1724039571794848,0.165943049442431,0.16041713174744565,0.15199531279035255,
lewidi_convabuse,gemma,37,LPE,3,1024,0.35217052729159565,0.08052176240366624,0.13584841136056636,0.18758954867564226,0.888095238095238,0.875,0.08842480927705765,0.10919319093227386,0.27091209299945007,0.29987255496826654,0.27091209299945007,0.2998725549682666,0.2709536588650274,0.299716444446367,0.27139623302924787,0.30031319413570146,0.27095365903324425,0.2997164445167878,0.27139623291059556,0.30031319388774,0.2782768837672308,0.3032635676039974,
lewidi_convabuse,gemma,37,LP-temp,3,1024,0.3598309301610284,0.10505286294241552,0.18362167373641766,0.302014454114677,0.8714285714285714,0.8607142857142858,0.3282019988839656,,0.1798953924815151,,0.17989539248151512,,0.18207357750324954,,0.17994210505868943,,0.18207357759862652,,0.17994210487392326,,0.1810551168234561,,
lewidi_convabuse,gemma,37,GPP-cosine,4,16,1.0132228816620314,0.29696609997779677,0.3982698083365644,0.31592827521888844,0.6130952380952381,0.6023809523809524,0.28950029611587524,0.028353257104754448,0.03550023879284316,0.012628568759147245,0.03550023879284316,0.012628568759147241,0.036394609598448945,0.0028584169843624274,0.03533112139964487,0.011030340021441942,0.0363946097509885,0.0028584173724337802,0.035331121776150595,0.01103034046013538,0.04710353773873418,0.07181768373662499,
lewidi_convabuse,gemma,37,GPP-rbf,4,16,0.44703639530021144,0.1565630193652497,0.27834075546734743,0.4615122395558799,0.8464285714285714,0.8214285714285714,0.37537363171577454,0.14473766088485718,0.08966545303842027,0.11615765158004422,0.08966545303842029,0.11615765158004424,0.09349902830782941,0.1186858473317707,0.08983768151673022,0.11633141705176328,0.09349902844303998,0.1186858472259699,0.08983768202032581,0.11633141691035248,0.10505676003644117,0.09276264543069977,
lewidi_convabuse,gemma,37,GPP-laplace,4,16,0.595725899781711,0.23131198363711447,0.39699019175909817,0.5895263899948783,0.8392857142857143,0.8142857142857143,0.4296742081642151,0.24527157843112946,0.09786417441336752,0.08473419347448571,0.09786417441336752,0.08473419347448574,0.09656070053508398,0.08421937001650032,0.09805551765173517,0.08458723789454001,0.09656070057221572,0.08421937002519769,0.09805551779123435,0.08458723779136475,0.102659729277808,0.059583581356718165,
lewidi_convabuse,gemma,37,LPE,4,16,0.4537014392851463,0.1446729796100608,0.24677007809237,0.38507813365503113,0.8369047619047619,0.8119047619047619,0.29373931884765625,0.11727369576692581,0.061254987117119776,-0.02583801758106522,0.0612549871171198,-0.025838017581065232,0.06547578715654478,-0.02283722752701592,0.061152825773017304,-0.02637550254655036,0.06547578732423753,-0.022837227367074324,0.06115282631255722,-0.026375501885358393,0.07152652572447757,0.007662081722157413,
lewidi_convabuse,gemma,37,LP-temp,4,16,0.5131219581256605,0.19313819737259513,0.3401869689291864,0.5460090350556153,0.8297619047619048,0.8047619047619048,0.6235777729045968,,0.043766808030259736,,0.04376680803025974,,0.048367616803039123,,0.04378669514977131,,0.04836761709066524,,0.043786695800137734,,0.06374554821702647,,
lewidi_convabuse,gemma,37,GPP-cosine,4,64,0.9787115703215024,0.27498881436957734,0.36912179324923877,0.2971841545506209,0.6321428571428571,0.6214285714285714,0.27385351061820984,0.0169804897159338,0.015161782685420684,0.02058956057552904,0.015161782685420695,0.020589560575529055,0.003460180725673252,0.0019650010940803903,0.013273613751897059,0.017177352314726755,0.003460181239863279,0.0019650017629650254,0.013273614514799394,0.017177352864964638,0.028464505135701944,0.061269082564752046,
lewidi_convabuse,gemma,37,GPP-rbf,4,64,0.45277909335215716,0.1368640175141642,0.2269326292931856,0.3366141560502499,0.8476190476190476,0.8226190476190476,0.26047375798225403,0.09240572154521942,0.08369649165909523,0.09122399060478192,0.08369649165909523,0.09122399060478194,0.07998023404188524,0.08893708750221938,0.08339249394810962,0.09106643498838563,0.07998023362507573,0.08893708708675417,0.08339249328757978,0.09106643423867913,0.07975404573589098,0.08250342535716908,
lewidi_convabuse,gemma,37,GPP-laplace,4,64,0.48243574572069226,0.17747115714869985,0.3135893248320956,0.5056516307490234,0.8464285714285714,0.8214285714285714,0.37046104669570923,0.21004056930541992,0.12292353427413077,0.11366016077843058,0.12292353427413077,0.1136601607784306,0.12059169174587517,0.11108079709604537,0.12294674555256105,0.11349479888292904,0.12059169164628472,0.11108079700360969,0.12294674539062947,0.11349479866442344,0.07751521759953717,0.06091728055889688,
lewidi_convabuse,gemma,37,LPE,4,64,0.6649318435797716,0.1362298084438505,0.1848019288943587,0.17435007699817529,0.844047619047619,0.819047619047619,0.1041976809501648,0.021923750638961792,0.04089903444860901,0.03965841503172792,0.04089903444860901,0.039658415031727914,0.03506308727512021,0.030358976126894872,0.03961505811584248,0.0379211217160344,0.0350630870387445,0.03035897592926863,0.03961505764536327,0.03792112128700727,0.046050216744307475,0.07126420335680944,
lewidi_convabuse,gemma,37,LP-temp,4,64,0.4559899958236832,0.14956485814102047,0.25649098403952036,0.40602689531371283,0.8380952380952381,0.8154761904761905,0.4410052447709228,,0.04194283136774558,,0.04194283136774558,,0.03411645733472832,,0.04098824401106141,,0.03411645709314294,,0.040988243664000126,,0.042959216733043225,,
lewidi_convabuse,gemma,37,GPP-cosine,4,256,0.8794940469280759,0.25300238402524117,0.377876168794739,0.41839117381001156,0.6321428571428571,0.6428571428571429,0.4454144537448883,0.010002538561820984,0.022066881485901083,0.01611315840778446,0.022066881485901087,0.01611315840778447,0.03205733344603794,0.014776444153777359,0.023354570660550782,0.015705790993783494,0.0320573332590564,0.014776444426531457,0.02335457043343961,0.015705791180361375,0.004702362473821637,0.1053618586210404,
lewidi_convabuse,gemma,37,GPP-rbf,4,256,0.369817057980237,0.11267567344717366,0.19958319960777382,0.32337190537681576,0.8583333333333333,0.8333333333333334,0.27597299218177795,0.07600224763154984,0.16976504589241734,0.14945007923665582,0.16976504589241734,0.14945007923665582,0.15552679968048572,0.1400758501713904,0.16832149181127498,0.1484928369814851,0.1555268004147863,0.1400758505618759,0.16832149253290046,0.1484928372279833,0.17452146884973926,0.16197104499650553,
lewidi_convabuse,gemma,37,GPP-laplace,4,256,0.43692062229461354,0.14900008699676112,0.26225707547273486,0.4215971859813479,0.8464285714285714,0.8214285714285714,0.3036560118198395,0.16881820559501648,0.11494078324144368,0.11166432179011321,0.11494078324144369,0.11166432179011322,0.11197830886561601,0.10839556867612458,0.11494539251891953,0.1114942425045605,0.11197830891019625,0.10839556872024275,0.1149453924799645,0.11149424242560942,0.07915503988656283,0.07073204222125348,
lewidi_convabuse,gemma,37,LPE,4,256,0.4119095444236915,0.1077706867146181,0.17803035649223517,0.24269836251978713,0.8571428571428571,0.8345238095238096,0.17320768535137177,0.07654872536659241,0.16969836813865563,0.1643228001312506,0.16969836813865566,0.1643228001312506,0.15241224350901073,0.1474039618051603,0.16775079555603295,0.1628183171348613,0.15241224425862823,0.14740396234502218,0.16775079629901812,0.1628183175619723,0.17930459846046728,0.1928719570979732,
lewidi_convabuse,gemma,37,LP-temp,4,256,0.41588988377029107,0.1354253152851896,0.23401585389168159,0.3746362299361802,0.8333333333333334,0.8130952380952381,0.4177400810623824,,0.1606308587377584,,0.16063085873775845,,0.14676210618036925,,0.15918999511551873,,0.14676210694121578,,0.1591899961100003,,0.15637233471375486,,
lewidi_convabuse,gemma,37,GPP-cosine,4,1024,0.6453021999222699,0.18952795420948973,0.2923951098275337,0.37282003685681525,0.7523809523809524,0.7559523809523809,0.39545485377311707,0.004128322005271912,0.05151466555285037,0.05523342155252851,0.05151466555285037,0.055233421552528514,0.058236256874967654,0.04816851868870241,0.05218273580376896,0.05297812324740225,0.05823625699325145,0.048168519444931696,0.052182736002970055,0.052978123780700284,0.04878955172165558,0.0856791066183474,
lewidi_convabuse,gemma,37,GPP-rbf,4,1024,0.3064631685941465,0.07980745965238632,0.14186292545734128,0.2299558911256398,0.8928571428571429,0.875,0.212888702750206,0.04016409441828728,0.30389242635685776,0.28021882387167035,0.30389242635685776,0.2802188238716704,0.29658012805402423,0.2751673798759954,0.3043610122418015,0.280939157043467,0.2965801283567532,0.2751673798961288,0.3043610124454608,0.28093915687259174,0.2799104879413475,0.2742941653662637,
lewidi_convabuse,gemma,37,GPP-laplace,4,1024,0.40107894583972337,0.1275942335602889,0.22323418718518778,0.3571860810117866,0.85,0.825,0.25395509600639343,0.13814768195152283,0.1656770439183567,0.16279407982693928,0.1656770439183567,0.16279407982693928,0.16210931868342832,0.1585720924218221,0.16605647420554692,0.16295647372223243,0.16210931855535243,0.15857209231425035,0.16605647385921657,0.16295647338430763,0.1587060574028826,0.15260332123721657,
lewidi_convabuse,gemma,37,LPE,4,1024,0.38696704351429795,0.08544796507329758,0.1421069985120317,0.19813799743318813,0.8797619047619047,0.8714285714285714,0.09094054996967316,0.11099433898925781,0.2484776075148225,0.2210288199387134,0.24847760751482256,0.22102881993871343,0.24306299556015196,0.21174843014347455,0.24869629726739206,0.22091696348235138,0.24306299613888926,0.21174843049562747,0.2486962977130497,0.22091696370810998,0.2282116451837393,0.2211372947105804,
lewidi_convabuse,gemma,37,LP-temp,4,1024,0.39120138839002194,0.11607982715748416,0.20100241043919764,0.32142593088100385,0.8607142857142858,0.8523809523809524,0.35258788318213724,,0.170682010403581,,0.17068201040358105,,0.16748270710596444,,0.17062139494489142,,0.16748270749909122,,0.1706213953280306,,0.16853108578463022,,
lewidi_convabuse,gemma,50,GPP-cosine,0,16,1.22912047331419,0.33812395791405875,0.46617528123408974,0.4022047436814549,0.5154761904761904,0.5119047619047619,0.38819003105163574,0.049904804676771164,0.0299623196320216,0.14007114728760628,0.02996231963202161,0.14007114728760628,0.0298601178624032,0.12887666946223908,0.02955966743247062,0.1383581974020647,0.029860118064906176,0.12887667014191986,0.029559667987861478,0.13835819843373587,0.019461190125247108,0.11585188236290993,
lewidi_convabuse,gemma,50,GPP-rbf,0,16,0.49913277786764354,0.1312100488616076,0.19840894106753348,0.25594635966750207,0.8464285714285714,0.8214285714285714,0.20491492748260498,0.03171154111623764,0.0768441119651752,0.0744255683082885,0.07684411196517521,0.07442556830828852,0.08356631134315873,0.08087132412578846,0.078017081995605,0.07557648159910044,0.0835663112560509,0.0808713238285465,0.07801708190341622,0.07557648109410264,0.07563618587551897,0.08981054507895035,
lewidi_convabuse,gemma,50,GPP-laplace,0,16,0.5715727704254214,0.22092388623835596,0.38259451528567645,0.5832169685490811,0.8464285714285714,0.8214285714285714,0.4244708716869354,0.24373067915439606,0.12696409957060872,0.08780740104718597,0.12696409957060872,0.08780740104718597,0.12885834830300458,0.09109461228278237,0.12794022150703796,0.08833210052248944,0.12885834829314333,0.09109461223172832,0.12794022160607474,0.08833210029545871,0.12373252050418339,0.06699866331484777,
lewidi_convabuse,gemma,50,LPE,0,16,0.7881222584544316,0.13623586134872068,0.16990382327924072,0.12062339638381657,0.8476190476190476,0.8226190476190476,0.04576456546783447,0.0034101800993084908,0.05612364042847617,0.01505769241174345,0.056123640428476174,0.01505769241174345,0.06147408938441214,0.01749446368597856,0.057074513614287954,0.015483606621581554,0.061474089333679864,0.017494463614232326,0.057074513643841605,0.015483606531592864,0.016976558618980765,0.043296481246595034,
lewidi_convabuse,gemma,50,LP-temp,0,16,0.4460974217454588,0.13516976569319597,0.22573400049478096,0.35096248859915485,0.8476190476190476,0.8226190476190476,0.3636512514268066,,0.02597869461737136,,0.025978694617371373,,0.03145304171698286,,0.026824024680372198,,0.031453041895455044,,0.026824025127172597,,0.010693787585324754,,
lewidi_convabuse,gemma,50,GPP-cosine,0,64,0.9552324307445532,0.23376667790985461,0.3218789326849577,0.29572298948845616,0.7035714285714286,0.6928571428571428,0.27408140897750854,0.022264638915657997,0.04992752004482963,0.09374734376720607,0.049927520044829636,0.09374734376720609,0.042615358637832355,0.07667388862357637,0.0495360837408532,0.09166769735207972,0.04261535823583318,0.0766738889296594,0.04953608325464785,0.09166769782172052,0.0520267627999211,0.08622489760231764,
lewidi_convabuse,gemma,50,GPP-rbf,0,64,0.42644010711429875,0.12891605969112338,0.21888028461752193,0.34330358416039464,0.8535714285714285,0.8285714285714286,0.2729443609714508,0.08990146964788437,0.08068341301995345,0.09248066448181888,0.08068341301995346,0.09248066448181891,0.07855829652104512,0.09282528492940481,0.08096551108858539,0.09300370560138578,0.07855829607361553,0.09282528452109662,0.0809655103288311,0.09300370485884323,0.08856794746080894,0.09832833480066701,
lewidi_convabuse,gemma,50,GPP-laplace,0,64,0.4686204688474957,0.17003198469441003,0.3014762205249142,0.49302210074397795,0.8488095238095238,0.8238095238095238,0.3597942590713501,0.20384743809700012,0.12255044725433378,0.11412162572473583,0.1225504472543338,0.11412162572473583,0.12180620032325451,0.11283179368448862,0.12284297401476575,0.11418463923658732,0.12180620026563115,0.11283179363184093,0.1228429738999185,0.11418463905595642,0.09763737262774176,0.0855865506641315,
lewidi_convabuse,gemma,50,LPE,0,64,0.5465187907233642,0.11892796962824925,0.17169719575294515,0.18986470342062936,0.8547619047619047,0.8297619047619048,0.12483028322458267,0.025322014465928078,0.0768329831477228,0.019761080832810484,0.07683298314772281,0.019761080832810488,0.07454747660325264,0.0226151435525321,0.07733784213629621,0.02051579817202495,0.0745474761816344,0.022615143306706675,0.07733784138346562,0.020515797739523937,0.07607659568021108,0.09728017279002746,
lewidi_convabuse,gemma,50,LP-temp,0,64,0.4356471674839877,0.15301501438330206,0.27482986317901487,0.4689732241100682,0.861904761904762,0.8416666666666667,0.5269612329416118,,0.06246240555981024,,0.06246240555981023,,0.05695395599642404,,0.06232095979394475,,0.056953955668780504,,0.06232095924039685,,0.06165920050876626,,
lewidi_convabuse,gemma,50,GPP-cosine,0,256,0.8864242581654667,0.23692119224460373,0.3415280543390411,0.3571831460347454,0.6666666666666666,0.6726190476190477,0.3529558479785919,0.015704981982707977,0.003395530520145464,0.057215487364325544,0.0033955305201454657,0.05721548736432553,0.00525926238963169,0.05047680973975003,0.0034615369845304236,0.05605599800665098,0.005259262016030594,0.05047680953296087,0.0034615364986591256,0.05605599756638164,0.00403842517623181,0.031148065006874205,
lewidi_convabuse,gemma,50,GPP-rbf,0,256,0.4055703232898181,0.11339237557123423,0.1882293812007577,0.27113421849371666,0.8583333333333333,0.8357142857142857,0.22390605509281158,0.059834640473127365,0.1965030696465338,0.18464542001914258,0.19650306964653386,0.18464542001914264,0.19439191558760274,0.18622073877904116,0.19703584889922096,0.18576190752519253,0.19439191563762268,0.18622073861082145,0.19703584898455812,0.18576190729660585,0.1998619018132102,0.19406308445733733,
lewidi_convabuse,gemma,50,GPP-laplace,0,256,0.4385844072718764,0.14191131656538847,0.24344104807047795,0.37957149765440124,0.8464285714285714,0.8214285714285714,0.268603652715683,0.1488628089427948,0.1308110434974316,0.1270711681205666,0.1308110434974316,0.12707116812056662,0.13215667886913185,0.12767836867257712,0.13144050771450785,0.12749952844445556,0.1321566787579742,0.12767836858017395,0.13144050746377875,0.127499528186284,0.11559620517634513,0.11034350554461803,
lewidi_convabuse,gemma,50,LPE,0,256,0.4715191263068831,0.11004416744663997,0.17160835871688418,0.20632780360500125,0.8488095238095238,0.8261904761904761,0.13119317591190338,0.07269185036420822,0.19474687744812613,0.20076028594287493,0.1947468774481262,0.20076028594287498,0.1849409957521056,0.19216618271758254,0.19408178672816256,0.20041330328904958,0.18494099588495733,0.19216618275868225,0.1940817869051772,0.20041330342862146,0.20997772946982204,0.2205755462905232,
lewidi_convabuse,gemma,50,LP-temp,0,256,0.4250672573524485,0.14777907473000304,0.2613990588867286,0.43988020433631125,0.8416666666666667,0.8285714285714286,0.5022973883157251,,0.1853355007190921,,0.18533550071909213,,0.17311295466534793,,0.18402693619172028,,0.17311295485710787,,0.18402693647888554,,0.18259980539951903,,
lewidi_convabuse,gemma,50,GPP-cosine,0,1024,0.7777873744803728,0.19200852296124352,0.2741172502566288,0.28871998495550594,0.7511904761904762,0.7571428571428571,0.286984920501709,0.0056293862871825695,0.08301112798071685,0.08911025265364639,0.08301112798071686,0.08911025265364642,0.08874119039855283,0.09132168744408062,0.0846137493171259,0.08973288371039997,0.08874119011775183,0.09132168759864537,0.08461374892337561,0.08973288380281552,0.06892573166936107,0.08228287067538302,
lewidi_convabuse,gemma,50,GPP-rbf,0,1024,0.3290630028175374,0.08795029664596761,0.15106066970166424,0.22416745179619457,0.8726190476190476,0.8523809523809524,0.21451005339622498,0.038117628544569016,0.34835338431621593,0.3492510261028853,0.348353384316216,0.3492510261028853,0.3375023799471436,0.3417352382331578,0.3473878332738569,0.34881632803905743,0.3375023808288644,0.3417352387920529,0.34738783462396006,0.3488163288465669,0.3328513987525361,0.3255371896987294,
lewidi_convabuse,gemma,50,GPP-laplace,0,1024,0.40284630217565465,0.1276942225414731,0.22246240646955334,0.353719991934242,0.8488095238095238,0.8238095238095238,0.25317519903182983,0.13738493621349335,0.19736940984417223,0.1898412901020306,0.19736940984417228,0.18984129010203063,0.19499013907516005,0.18664329673256586,0.19751615747085643,0.189793309873494,0.19499013915903352,0.1866432968324716,0.1975161575250221,0.1897933099116167,0.19557878364437106,0.1886472618581146,
lewidi_convabuse,gemma,50,LPE,0,1024,0.3769358870864184,0.09412078831764979,0.15443347754425496,0.19980874270447235,0.8642857142857143,0.8535714285714285,0.09421080350875854,0.12465552985668182,0.2658627576698377,0.3145005217912062,0.26586275766983775,0.31450052179120624,0.25253841453612985,0.30733902151558873,0.26425017924164035,0.31403437751011004,0.2525384153370631,0.3073390222172558,0.2642501804923909,0.31403437853780736,0.2733420595338867,0.3010686249952901,
lewidi_convabuse,gemma,50,LP-temp,0,1024,0.39528011741313424,0.1291030568322337,0.22597574667534823,0.3647898444583942,0.8357142857142857,0.8297619047619048,0.4173134624054561,,0.22332813547110525,,0.2233281354711053,,0.21743719273054146,,0.22264844201015987,,0.21743719319945445,,0.2226484426469031,,0.22607447636035713,,
lewidi_convabuse,gemma,50,GPP-cosine,1,64,1.2853934886007377,0.3251148099182368,0.43027471240148796,0.3374755684392441,0.5511904761904762,0.5619047619047619,0.3055590093135834,0.025792529806494713,-0.050016356247003194,0.006414992949229413,-0.0500163562470032,0.006414992949229417,-0.03612190170206517,0.011971912307911111,-0.04796067125688059,0.007825722578807325,-0.036121901402607,0.011971913140749049,-0.04796067054752276,0.007825724112339446,-0.05772993396299806,-0.04451608529400767,
lewidi_convabuse,gemma,50,GPP-rbf,1,64,0.42163409544921726,0.12465665001402271,0.20899454163210024,0.31750926130880275,0.8488095238095238,0.8238095238095238,0.2514473795890808,0.08113397657871246,0.12660199551319745,0.12124298710082354,0.12660199551319745,0.12124298710082354,0.11896534607991825,0.11788089091359896,0.1258500507730614,0.12098876862097971,0.11896534611470379,0.11788089081238962,0.12585005051909215,0.1209887681610798,0.12888771192578743,0.12388718752143182,
lewidi_convabuse,gemma,50,GPP-laplace,1,64,0.46652333452710504,0.1685046270649407,0.2983451250652295,0.48725015866831073,0.8464285714285714,0.8214285714285714,0.35579442977905273,0.20125214755535126,0.126582542617437,0.11643408818949505,0.12658254261743704,0.11643408818949506,0.12505530038679585,0.11464735770726782,0.12689216802524775,0.11656193583159262,0.12505530036365914,0.11464735768857803,0.12689216791630395,0.11656193566459996,0.10564368839723443,0.08890753500619021,
lewidi_convabuse,gemma,50,LPE,1,64,0.5583117421030986,0.11995824625341886,0.1697708044038639,0.17229434343581243,0.8488095238095238,0.8261904761904761,0.11343541741371155,0.01987931877374649,0.1171907255748712,0.10060743930915553,0.1171907255748712,0.10060743930915553,0.10758630347701441,0.10241993365840621,0.11593205632114209,0.10069990213696853,0.10758630356342634,0.10241993367700189,0.11593205604355704,0.10069990193861378,0.12262243360537005,0.16225938435857054,
lewidi_convabuse,gemma,50,LP-temp,1,64,0.40536894107923443,0.1298111949965653,0.2289119651516878,0.3839323690933319,0.8523809523809524,0.8369047619047619,0.41921656531676316,,0.10633164241470515,,0.10633164241470515,,0.09366227110655029,,0.10450487291450039,,0.09366227128140744,,0.10450487282128883,,0.10521181995642838,,
lewidi_convabuse,gemma,50,GPP-cosine,1,256,0.8359113448014504,0.21997036853024918,0.3235462325561419,0.359254418462305,0.7011904761904761,0.7095238095238096,0.34425798058509827,0.01524557638913393,-0.04892995861865727,0.014208574738995413,-0.04892995861865729,0.014208574738995422,-0.042227027321923266,0.009745905020343375,-0.04795040512582638,0.013834137038123438,-0.04222702748675974,0.009745905691963297,-0.04795040515416491,0.013834138396334924,-0.05019190700992153,-0.011411552558124417,
lewidi_convabuse,gemma,50,GPP-rbf,1,256,0.37133355443183724,0.10526883962373354,0.18128242309792855,0.282883779919472,0.8654761904761905,0.8428571428571429,0.23608963191509247,0.06486593186855316,0.20084561050231525,0.19092698161551092,0.20084561050231528,0.19092698161551094,0.18706094192245015,0.18016042664005621,0.19950961504430603,0.19020285276262267,0.18706094197329773,0.18016042651983538,0.19950961487598856,0.1902028523020691,0.19975347774004076,0.2059104344836554,
lewidi_convabuse,gemma,50,GPP-laplace,1,256,0.43164309724798505,0.14420716873468273,0.2520161152584478,0.4043431900459381,0.8464285714285714,0.8214285714285714,0.29074162244796753,0.1618742197751999,0.1482445022351092,0.1411611173844909,0.1482445022351092,0.1411611173844909,0.1459570896581487,0.1382190747337862,0.14845336518762975,0.14119788821754686,0.14595708958391707,0.13821907468011557,0.1484533649961648,0.1411978880141964,0.1336530249279414,0.12439753401362284,
lewidi_convabuse,gemma,50,LPE,1,256,0.4418276276638275,0.09768642480004124,0.15295205519307242,0.19355176423031908,0.8809523809523809,0.8607142857142858,0.12760533392429352,0.05420690402388573,0.18034713624218215,0.18270094139719462,0.18034713624218218,0.18270094139719462,0.16296596916958023,0.17233041793711362,0.17834353110346204,0.18183112971764856,0.1629659692436275,0.17233041773532576,0.17834353091205835,0.1818311291585385,0.17841296548440339,0.20513130835269838,
lewidi_convabuse,gemma,50,LP-temp,1,256,0.37690481193448844,0.11323908070370421,0.19965102675059018,0.3373510808489532,0.8738095238095238,0.8559523809523809,0.36418202459344845,,0.1327978066297864,,0.1327978066297864,,0.11978529074201162,,0.13130774714208027,,0.11978529077268266,,0.13130774707701845,,0.12857431220208074,,
lewidi_convabuse,gemma,50,GPP-cosine,1,1024,0.7316318349654266,0.19102900520238114,0.27846299261056884,0.3139570742778835,0.763095238095238,0.7666666666666667,0.3129752278327942,0.0060006799176335335,0.04603185496400389,0.06267225603744524,0.046031854964003895,0.06267225603744525,0.05394640715559587,0.06297095601879783,0.0475862805204513,0.06268981105238677,0.053946406820100455,0.06297095628446336,0.04758628006226304,0.06268981142055999,0.05012782969804844,0.0923749700066401,
lewidi_convabuse,gemma,50,GPP-rbf,1,1024,0.32664930210658416,0.08375071191447964,0.14485961830508867,0.21899729576182597,0.8892857142857142,0.8714285714285714,0.20110268890857697,0.0344744473695755,0.30934794496934603,0.2895526279609265,0.3093479449693461,0.28955262796092657,0.29524815898646367,0.2790618417779265,0.30797610780873896,0.28872708994118046,0.2952481593310302,0.27906184201987516,0.3079761080515811,0.28872708998751456,0.30214205236030456,0.3031414788829778,
lewidi_convabuse,gemma,50,GPP-laplace,1,1024,0.40942387386553625,0.12690496496649553,0.21763895327790772,0.3378281944070149,0.8488095238095238,0.8238095238095238,0.23794113099575043,0.12879030406475067,0.1884424312105984,0.18011074430796628,0.1884424312105984,0.1801107443079663,0.1868349186695665,0.17759363703043826,0.18870813042607376,0.18017353408009526,0.18683491854668327,0.17759363695268687,0.18870813007363763,0.18017353376928036,0.190507314671578,0.1806808513406975,
lewidi_convabuse,gemma,50,LPE,1,1024,0.36870072703192663,0.0869188959830583,0.1464135330570069,0.20041649159165142,0.8833333333333333,0.8702380952380953,0.08628788590431213,0.12382342666387558,0.2501248393416924,0.24264707433642368,0.25012483934169244,0.24264707433642374,0.23563697451239096,0.2275064345183035,0.24804268928620793,0.2412117992665248,0.23563697501108366,0.22750643489974126,0.24804268974252333,0.24121179965200212,0.2590105392349521,0.2559501514718554,
lewidi_convabuse,gemma,50,LP-temp,1,1024,0.3761610284064283,0.1200183432289011,0.21236043757634987,0.3601366113189253,0.8630952380952381,0.8523809523809524,0.4071876941441127,,0.20184138626575676,,0.2018413862657568,,0.19311158473797335,,0.2011015932053871,,0.19311158516376373,,0.20110159359479485,,0.20328311095230883,,
lewidi_convabuse,gemma,50,GPP-cosine,2,16,0.9387319428957399,0.2901030428936071,0.4214599683280756,0.42751550491847357,0.5630952380952381,0.5714285714285714,0.40945976972579956,0.05800538882613182,0.014919183182355968,0.051311583894843825,0.01491918318235597,0.05131158389484383,0.018336386030265165,0.04747939168791468,0.015202218957784563,0.05056441879839132,0.01833638578828868,0.04747939198309654,0.015202218765463592,0.05056441924320589,0.011360031051163812,0.07239728360720402,
lewidi_convabuse,gemma,50,GPP-rbf,2,16,0.46563730954226157,0.16541617308223766,0.29233746161640045,0.479024898856216,0.8452380952380952,0.8202380952380952,0.39068588614463806,0.14934347569942474,0.06069376320042426,0.06357453332494138,0.06069376320042426,0.06357453332494138,0.06491756206325236,0.06941206439082528,0.06063233208460613,0.06395848704723267,0.06491756209087005,0.06941206433101103,0.06063233221704173,0.0639584868619699,0.06443229095619202,0.06292687557127709,
lewidi_convabuse,gemma,50,GPP-laplace,2,16,0.6006815260371648,0.2336456608894726,0.40027919609454415,0.5922007645484085,0.8452380952380952,0.8202380952380952,0.43098682165145874,0.24658702313899994,0.07563231215227775,0.0527208600078905,0.07563231215227778,0.05272086000789051,0.07575062104364222,0.05436302053809803,0.07583697556269581,0.05270435521828716,0.0757506211142016,0.054363020583908093,0.07583697574371925,0.052704355195100444,0.11963926037736394,0.04651297099235345,
lewidi_convabuse,gemma,50,LPE,2,16,0.4859407890279771,0.1396744577603857,0.2241321710415096,0.3235180608104725,0.8428571428571429,0.8178571428571428,0.2891441881656647,0.03911151736974716,0.014524427323725463,0.0553908455891785,0.014524427323725473,0.0553908455891785,0.009900523859792294,0.05449508459459827,0.013031618058366171,0.05518650973501801,0.009900523855028761,0.05449508440440662,0.013031618138770365,0.05518650950987879,0.016373897065909408,0.04061780681641804,
lewidi_convabuse,gemma,50,LP-temp,2,16,0.47091595569125255,0.1644736733934855,0.28843751940386236,0.4680257165160067,0.8416666666666667,0.8166666666666667,0.5198847795312644,,0.006205133861365411,,0.006205133861365418,,0.0026824441882354715,,0.004767588457636793,,0.002682444179417813,,0.004767588524624743,,0.016098079343301337,,
lewidi_convabuse,gemma,50,GPP-cosine,2,64,2.0045231005796853,0.3742573620807504,0.4585668737085889,0.2767078047859384,0.5357142857142857,0.544047619047619,0.2401466965675354,0.019313912838697433,-0.00422900527396973,0.06978637156325036,-0.004229005273969716,0.06978637156325035,-0.008508881604156755,0.06981597842077827,-0.00536634886803581,0.06942830456307357,-0.008508882027525443,0.06981597809398335,-0.005366349466718101,0.06942830389967211,-0.013663995628512591,0.01652601875671982,
lewidi_convabuse,gemma,50,GPP-rbf,2,64,0.4495244729047748,0.1343548223165569,0.22166413319563227,0.32723859946503636,0.8464285714285714,0.8214285714285714,0.25784164667129517,0.0865812599658966,0.11337444062568416,0.10853687981007228,0.11337444062568419,0.10853687981007232,0.11641075513897245,0.11167459000040683,0.11404274855482147,0.10923660547711156,0.11641075496936734,0.11167458976682232,0.11404274822424242,0.10923660497615452,0.11253979768881935,0.11289884246113302,
lewidi_convabuse,gemma,50,GPP-laplace,2,64,0.46647164471175045,0.1678736834335036,0.2963670394316848,0.4811028518745316,0.8464285714285714,0.8214285714285714,0.35140687227249146,0.1987478882074356,0.13096494514686124,0.12149304758003662,0.13096494514686127,0.12149304758003665,0.12869592459425974,0.11832666032116841,0.13109393627218563,0.12136727975668125,0.12869592460795606,0.11832666033903325,0.13109393622838966,0.12136727965736659,0.1097520331782374,0.09605886073689734,
lewidi_convabuse,gemma,50,LPE,2,64,0.586464952462355,0.1299135050214633,0.18416058083915102,0.193220012020987,0.8428571428571429,0.8202380952380952,0.13169042766094208,0.027499599382281303,0.10075223125800797,0.05920512607778445,0.100752231258008,0.059205126077784456,0.1047317725193699,0.06596482267791304,0.10168074044150995,0.06043922674643139,0.1047317722348879,0.06596482234952086,0.10168073990428443,0.06043922618799564,0.11319982304174939,0.12109998674086635,
lewidi_convabuse,gemma,50,LP-temp,2,64,0.47639913170517967,0.1735575297346956,0.30769403071344625,0.5059129855998024,0.8380952380952381,0.8154761904761905,0.5754162482903205,,0.08595889648106401,,0.08595889648106404,,0.08374959574684815,,0.08560612935496946,,0.08374959553867653,,0.08560612901981768,,0.093830469661005,,
lewidi_convabuse,gemma,50,GPP-cosine,2,256,1.129936766957215,0.2590214679886261,0.344987307537242,0.2757383892580213,0.6464285714285715,0.65,0.2483414113521576,0.012420390732586384,0.017656291467192706,0.003691743525296425,0.017656291467192706,0.003691743525296425,0.03077825121475336,0.009545562563336302,0.020251184586467942,0.005101485895511161,0.030778250891274644,0.009545562843801973,0.020251184318657738,0.005101486651527404,0.0012514635538551219,0.014947079387129313,
lewidi_convabuse,gemma,50,GPP-rbf,2,256,0.37879452418947096,0.11114651584675564,0.19070527154253797,0.29520055219947355,0.8571428571428571,0.8345238095238096,0.2580810785293579,0.06988216936588287,0.26106438427713363,0.23898545902440657,0.26106438427713374,0.23898545902440663,0.25638508705626506,0.23672278099486865,0.26045196820522537,0.23892423076784997,0.25638508702114515,0.2367227808639523,0.2604519679798057,0.23892423035596802,0.25910850867872504,0.24496424924162802,
lewidi_convabuse,gemma,50,GPP-laplace,2,256,0.4347780125084885,0.14526324494638057,0.2531589740743151,0.404447692887145,0.8464285714285714,0.8214285714285714,0.2913646101951599,0.1620982438325882,0.1534993544494616,0.14688269949900334,0.15349935444946164,0.14688269949900337,0.1538677245512085,0.14674803980181525,0.15396122060091266,0.14718080419620627,0.1538677244164185,0.14674803969502173,0.15396122032261778,0.14718080391544774,0.1410823367249842,0.13029061386134208,
lewidi_convabuse,gemma,50,LPE,2,256,0.4068098965493678,0.10456089003989816,0.17109714084304176,0.22634466700594957,0.8511904761904762,0.830952380952381,0.15982992947101593,0.0868101567029953,0.27012774419916974,0.2495839810152209,0.27012774419916974,0.24958398101522095,0.26583487798482336,0.24760251403719358,0.2698408760674504,0.24964538377083023,0.2658348779248682,0.24760251382600673,0.26984087570008475,0.24964538311947232,0.2564113509562461,0.26016376002138997,
lewidi_convabuse,gemma,50,LP-temp,2,256,0.41863035533440596,0.14213585589781316,0.24959969669970053,0.4162296086052214,0.844047619047619,0.8380952380952381,0.4732683777808232,,0.18457013258234206,,0.18457013258234206,,0.1842546053866822,,0.1846563014134172,,0.18425460558412182,,0.18465630157169005,,0.19429216383676098,,
lewidi_convabuse,gemma,50,GPP-cosine,2,1024,0.8387424474228824,0.1933339558395941,0.27234074929047,0.2781230194244288,0.7535714285714286,0.7523809523809524,0.2730230391025543,0.005766098853200674,0.0839744007816599,0.07684120517793641,0.08397440078165991,0.07684120517793643,0.08971800641979572,0.07502844768723557,0.08491489349841629,0.07589788329749192,0.08971800670598508,0.07502844934334423,0.08491489387565157,0.07589788583075906,0.07514975520220889,0.08661088183632787,
lewidi_convabuse,gemma,50,GPP-rbf,2,1024,0.33766624743196255,0.08934873249914606,0.15190210453632366,0.21950794925278921,0.8773809523809524,0.8571428571428571,0.2020186334848404,0.037154391407966614,0.3197911600049075,0.30508344860266867,0.3197911600049075,0.30508344860266867,0.31243525259474964,0.2973656790196013,0.3194662977664524,0.30486635727237416,0.31243525312393483,0.29736567924663193,0.3194662984398258,0.3048663575071134,0.3126114070681597,0.30006335771408627,
lewidi_convabuse,gemma,50,GPP-laplace,2,1024,0.41691841890480774,0.1290576702737967,0.21986359174950934,0.33637299891276823,0.8452380952380952,0.8202380952380952,0.23636429011821747,0.12825936079025269,0.1770101428923889,0.17161461622820096,0.17701014289238892,0.17161461622820096,0.17752263969197002,0.17100859581624278,0.17764208464777237,0.1720206054294235,0.17752263963760118,0.1710085957861242,0.17764208441875623,0.1720206052096653,0.17799040713023306,0.17161082827829266,
lewidi_convabuse,gemma,50,LPE,2,1024,0.3802750786610941,0.09158199620982056,0.15042729743014846,0.19429358860677182,0.8738095238095238,0.8583333333333333,0.08941853046417236,0.12241668999195099,0.29028726441257363,0.2934674772293298,0.2902872644125737,0.29346747722932987,0.28570267385249976,0.2900434779123949,0.2902579878459849,0.29380858682177446,0.2857026745111268,0.2900434783777315,0.29025798874780123,0.2938085873626314,0.2980658231075131,0.29175324271389486,
lewidi_convabuse,gemma,50,LP-temp,2,1024,0.3843734568598209,0.1189379938324282,0.20724110338999585,0.33893847777394887,0.85,0.8416666666666667,0.38805453193022166,,0.24529873877513786,,0.24529873877513794,,0.23656857794785713,,0.24440344037624112,,0.23656857846091217,,0.24440344100394112,,0.24649943982104966,,
lewidi_convabuse,gemma,50,GPP-cosine,3,16,1.0747868228435689,0.3173565085556395,0.4475979703594237,0.4316309922575021,0.5607142857142857,0.5714285714285714,0.39752283692359924,0.051546014845371246,-0.10028592741600373,-0.034089165616953986,-0.10028592741600374,-0.034089165616953986,-0.09498946649637854,-0.03397752175656055,-0.09972235205565186,-0.033824253115956215,-0.09498946703933053,-0.033977521898160515,-0.09972235274724375,-0.03382425334903197,-0.08621591208750952,-0.05513069443610881,
lewidi_convabuse,gemma,50,GPP-rbf,3,16,0.4419163254429868,0.13879040189651234,0.23441110193130693,0.3599835334532644,0.8476190476190476,0.8226190476190476,0.2737061679363251,0.11582091450691223,0.13417697065443487,0.12201768676776623,0.1341769706544349,0.12201768676776624,0.13481455713383084,0.12341162865343094,0.13488966082234605,0.12273753848608981,0.13481455699947523,0.12341162844729954,0.13488966052185997,0.12273753803458136,0.12078313630614973,0.11291291862881725,
lewidi_convabuse,gemma,50,GPP-laplace,3,16,0.5834978989271218,0.2261237857532981,0.38951629258115733,0.5853942285630447,0.8464285714285714,0.8214285714285714,0.42631784081459045,0.24444365501403809,0.10954264827726358,0.08809554508075904,0.10954264827726361,0.08809554508075905,0.10877216850748389,0.08828654331192345,0.10991711002471788,0.08821592638529442,0.10877216858621262,0.08828654335625241,0.1099171101692126,0.08821592632981098,0.12905184277422163,0.0683257691872777,
lewidi_convabuse,gemma,50,LPE,3,16,0.7440874724306606,0.1364611217787281,0.17317020591207047,0.13185887934512297,0.8476190476190476,0.8226190476190476,0.06302712112665176,0.00649010855704546,0.11865211449065055,0.13096951901723858,0.11865211449065058,0.1309695190172386,0.11409932839039105,0.12220346088807578,0.1188424093123381,0.13078528109279114,0.11409932817449155,0.12220346062373333,0.11884240885350884,0.13078528059258976,0.05660327681824579,0.054463067269320216,
lewidi_convabuse,gemma,50,LP-temp,3,16,0.45232607258006696,0.13877971065373704,0.23192124839909456,0.35863057489703704,0.8476190476190476,0.8226190476190476,0.37819417591493876,,0.07773688459061892,,0.07773688459061892,,0.07781455938068776,,0.07851029467289146,,0.07781455927971069,,0.07851029444575672,,0.04678345866846864,,
lewidi_convabuse,gemma,50,GPP-cosine,3,64,1.1998732372982215,0.2922542666682253,0.40084735890432366,0.360018357423318,0.594047619047619,0.6047619047619047,0.33207401633262634,0.027080390602350235,-0.05891774374290717,0.0015927787803077954,-0.05891774374290719,0.0015927787803078006,-0.05180164243174453,0.0020448238235094753,-0.05850570484785928,0.0007448103982291322,-0.051801642363579176,0.002044824402749206,-0.05850570488256255,0.0007448109039577822,-0.06571185559723222,-0.027195275682614258,
lewidi_convabuse,gemma,50,GPP-rbf,3,64,0.4062490614815185,0.12900505442420876,0.22584486613826205,0.36611332000357116,0.8476190476190476,0.8226190476190476,0.2975928783416748,0.10187499970197678,0.12059424585028491,0.12780720248049943,0.12059424585028493,0.12780720248049943,0.12490011649311591,0.13245246518122428,0.12241045624155487,0.1294236167729993,0.12490011587567217,0.13245246463634466,0.12241045529077664,0.12942361585063983,0.11959322242578516,0.1276035691137043,
lewidi_convabuse,gemma,50,GPP-laplace,3,64,0.4832918466463349,0.17889789683665405,0.3162032742286101,0.5114577580470554,0.8464285714285714,0.8214285714285714,0.37645599246025085,0.21300683915615082,0.1400827748675912,0.13087104453157072,0.1400827748675912,0.13087104453157075,0.13857470342932207,0.12909064738464307,0.14046804739897006,0.1310474982437973,0.13857470338493727,0.12909064734412393,0.14046804730490486,0.13104749808714128,0.11542168802942554,0.09553411301898719,
lewidi_convabuse,gemma,50,LPE,3,64,0.5118104528869251,0.11638937099062707,0.17466473725358983,0.20704332564585307,0.85,0.825,0.14791345596313477,0.02863721363246441,0.08045429256787999,0.05145333022394542,0.08045429256787998,0.05145333022394544,0.08361153017975521,0.04959388862892636,0.08202851425625762,0.052148803718051986,0.08361152950615923,0.04959388817082938,0.08202851320884705,0.052148802980694756,0.07373967852098995,0.0692657633656644,
lewidi_convabuse,gemma,50,LP-temp,3,64,0.4078335940039633,0.1330531624430915,0.23643878037975108,0.3990842286788725,0.8523809523809524,0.8297619047619048,0.4347338921975266,,0.06644956479643557,,0.06644956479643559,,0.07312033640411367,,0.06836671108693651,,0.07312033580483877,,0.06836671020206664,,0.06679783876715915,,
lewidi_convabuse,gemma,50,GPP-cosine,3,256,0.9009601592267534,0.2428731889099751,0.34000347078847754,0.3236513803532057,0.655952380952381,0.6571428571428571,0.3169255554676056,0.015346684493124485,0.04305526750999255,0.06404274055065463,0.043055267509992556,0.06404274055065465,0.049620103613624116,0.06256327570142638,0.043792652803579,0.0634029449334504,0.04962010328573715,0.06256327566100549,0.04379265240773583,0.06340294458748585,0.037378118742625574,0.05566347054986457,
lewidi_convabuse,gemma,50,GPP-rbf,3,256,0.39710191587456733,0.11038854142208829,0.18479504909967848,0.27643636326439514,0.8702380952380953,0.8452380952380952,0.22622442245483398,0.0589190348982811,0.14719762937801484,0.1587961306728225,0.14719762937801487,0.15879613067282253,0.13577080335234074,0.15066712026461473,0.14620394145514773,0.15822582985580613,0.13577080372304118,0.1506671204313716,0.1462039422963206,0.15822583027475917,0.16462260891856068,0.17204987146476303,
lewidi_convabuse,gemma,50,GPP-laplace,3,256,0.4323625736159675,0.14341039795936691,0.249841275679258,0.3992716779768692,0.8464285714285714,0.8214285714285714,0.28581053018569946,0.15875989198684692,0.13714797506509963,0.1324809170036296,0.13714797506509965,0.13248091700362963,0.1358304460846258,0.13068087773516676,0.137474149137005,0.1326332660129345,0.1358304459589489,0.13068087763193484,0.13747414891875853,0.13263326578225243,0.11659706511378379,0.11035114152393215,
lewidi_convabuse,gemma,50,LPE,3,256,0.47676434733507417,0.10684194226759201,0.1655884215607806,0.20128011075047084,0.8607142857142858,0.8380952380952381,0.1301191747188568,0.05422772467136383,0.14184921119310057,0.12215332273121891,0.14184921119310057,0.12215332273121893,0.12661319278239136,0.11118321100652387,0.1407095713700949,0.12185683696802013,0.12661319336766294,0.11118321133815283,0.14070957254855707,0.12185683763995706,0.17600476210218932,0.19749847226048678,
lewidi_convabuse,gemma,50,LP-temp,3,256,0.40054733498095446,0.11993543311365376,0.20768117753608445,0.3335704086190515,0.8535714285714285,0.830952380952381,0.3581301264031769,,0.12298182023082462,,0.12298182023082463,,0.10621787801770283,,0.1212269790798251,,0.10621787846259911,,0.12122697992773857,,0.12091106885443487,,
lewidi_convabuse,gemma,50,GPP-cosine,3,1024,0.7975684568947138,0.1883046051048075,0.2675451909936641,0.2898572449675011,0.7595238095238095,0.7654761904761904,0.28260645270347595,0.005574290174990892,0.057019640396217514,0.0319560944277278,0.057019640396217514,0.03195609442772781,0.07282342658002701,0.03658183984083344,0.059556515489008074,0.032567414088953694,0.07282342610152671,0.03658183971256017,0.059556514976785574,0.03256741395946283,0.039222967928371814,0.058804881690784246,
lewidi_convabuse,gemma,50,GPP-rbf,3,1024,0.31899148268624994,0.08295086973236739,0.1447269376034542,0.21785687327872422,0.8797619047619047,0.8595238095238096,0.20337127149105072,0.036165229976177216,0.32992404076381965,0.31365400205488664,0.32992404076381976,0.3136540020548867,0.3213432031572909,0.30667129774533103,0.3296801195114025,0.31368217801346426,0.32134320378663117,0.306671298099356,0.32968012046636846,0.31368217850185487,0.3175228621299116,0.3116456692190204,
lewidi_convabuse,gemma,50,GPP-laplace,3,1024,0.4017331071639836,0.12558199849399926,0.2174868194053748,0.3416623991862269,0.8476190476190476,0.8226190476190476,0.24223501980304718,0.13122262060642242,0.1985516086334731,0.19051180200643542,0.19855160863347315,0.19051180200643542,0.20025051887950443,0.19106872268067232,0.19929304907670037,0.19100602566950797,0.20025051890680104,0.19106872272845715,0.19929304900452627,0.1910060255960844,0.2012805540237707,0.19108366882388034,
lewidi_convabuse,gemma,50,LPE,3,1024,0.3546571076700387,0.0831947042859235,0.13906502024551248,0.1825405289844014,0.8809523809523809,0.8678571428571429,0.0855918675661087,0.1117265447974205,0.3100202214637101,0.31102709501762027,0.3100202214637101,0.31102709501762027,0.30841426034568875,0.30999869994837065,0.3102185193747059,0.311334257279392,0.30841426065427147,0.30999870035383914,0.3102185199341929,0.3113342579264405,0.3089210083048285,0.3108250662250328,
lewidi_convabuse,gemma,50,LP-temp,3,1024,0.3647427790819161,0.11335607787538461,0.20069815392174173,0.32895192724432054,0.8571428571428571,0.8511904761904762,0.37347709197249784,,0.2411866230806212,,0.24118662308062122,,0.23988410159087858,,0.24111470054396641,,0.2398841018386057,,0.24111470097542137,,0.2441773163040792,,
lewidi_convabuse,gemma,50,GPP-cosine,4,16,1.258356444057481,0.3087342549192415,0.3907904576375759,0.26639614877136575,0.6190476190476191,0.6130952380952381,0.2090563029050827,0.040945444256067276,0.01540205771101667,0.04930259239574741,0.01540205771101667,0.04930259239574741,0.0012440920796534388,0.03547312772162626,0.013581460229257679,0.04721245434667788,0.001244092102408556,0.03547312811493612,0.013581460347448168,0.047212454878721125,0.012670583760382574,0.06381599738635854,
lewidi_convabuse,gemma,50,GPP-rbf,4,16,0.4441244732063336,0.15070815446257166,0.26394525873253033,0.430902054806634,0.8464285714285714,0.8214285714285714,0.35078126192092896,0.13196785748004913,0.12267207436513089,0.14885504933597163,0.1226720743651309,0.14885504933597163,0.12709566173058798,0.15364983618300695,0.12307958165381871,0.14957768159790635,0.12709566176127524,0.153649836005083,0.12307958184771074,0.14957768125685422,0.1364194866004994,0.13336099569519952,
lewidi_convabuse,gemma,50,GPP-laplace,4,16,0.5914845137587628,0.22943419998926834,0.3943509566420246,0.588501201421171,0.8392857142857143,0.8142857142857143,0.42896416783332825,0.24492092430591583,0.10757556290631606,0.08861955367581065,0.10757556290631609,0.08861955367581065,0.10688465967443672,0.0887121794381759,0.10788288527834052,0.08855387128688244,0.10688465971928021,0.08871217943952599,0.10788288541156657,0.08855387114302257,0.12547851194431256,0.07611571512680916,
lewidi_convabuse,gemma,50,LPE,4,16,0.49176434164922544,0.13969773724280804,0.22167060199509642,0.306589514789252,0.8392857142857143,0.8142857142857143,0.24366144835948944,0.06972744315862656,0.135570404446728,0.033818915598738154,0.13557040444672802,0.033818915598738154,0.1434650860001063,0.03913449267042131,0.13664850525462535,0.033874802456803965,0.14346508601353472,0.03913449276096208,0.13664850547849763,0.03387480295167432,0.13586438336154552,0.11991070431610158,
lewidi_convabuse,gemma,50,LP-temp,4,16,0.4815345470002295,0.1743661404977804,0.3067945237505726,0.49888101221520853,0.8273809523809523,0.8023809523809524,0.5681950410521777,,0.1082100263504839,,0.1082100263504839,,0.11365446389159312,,0.10885091751584305,,0.11365446399144305,,0.10885091788335732,,0.12622511256159152,,
lewidi_convabuse,gemma,50,GPP-cosine,4,64,0.9082895824095701,0.2550865854901069,0.3571234917686178,0.333649383284752,0.6452380952380953,0.6369047619047619,0.3101078271865845,0.03148966655135155,0.022996386956080073,0.033700047659373976,0.02299638695608007,0.03370004765937398,0.02163808364447465,0.026208764677860936,0.022910802185711933,0.03239119508175742,0.021638083971900725,0.02620876561100033,0.02291080308171223,0.03239119657827923,0.025273297843326655,0.07263326477628491,
lewidi_convabuse,gemma,50,GPP-rbf,4,64,0.45375777100921894,0.1346184320014024,0.2206773479596623,0.3208478868356266,0.8464285714285714,0.8214285714285714,0.2479359209537506,0.08656370639801025,0.10394561161319077,0.11007296968641561,0.1039456116131908,0.11007296968641564,0.10211661895609812,0.111030194276005,0.10389974721447862,0.11050512431002059,0.1021166188141497,0.11103019404395859,0.10389974718484342,0.11050512400951962,0.1041290995875059,0.11563209598739428,
lewidi_convabuse,gemma,50,GPP-laplace,4,64,0.47598468751209894,0.1743757480428016,0.3083726130603325,0.5008291670754134,0.8464285714285714,0.8214285714285714,0.367385596036911,0.20836184918880463,0.14242644847670977,0.13174435757873793,0.14242644847670977,0.13174435757873793,0.14038100652026245,0.12950914610378195,0.14249457831577073,0.1316398868361759,0.14038100650906687,0.1295091460906369,0.1424945782836497,0.13163988673094285,0.12516581261244455,0.10604414170166764,
lewidi_convabuse,gemma,50,LPE,4,64,0.6854446185366547,0.13754787429966223,0.18452221030985086,0.1696054932029513,0.8452380952380952,0.8202380952380952,0.09751740097999573,0.021037664264440536,0.02983816138013595,0.046947388378782026,0.029838161380135945,0.04694738837878204,0.03000176525512467,0.04685870498255528,0.029986879725267576,0.046832909400508306,0.030001765151930905,0.046858704704084486,0.02998687980361564,0.04683290901434558,0.045992015890787975,0.06693110112650917,
lewidi_convabuse,gemma,50,LP-temp,4,64,0.45683362346210626,0.14902939100795043,0.2549569685243898,0.4011994026203181,0.8297619047619048,0.8095238095238095,0.4339709326093951,,0.03623448519341884,,0.03623448519341883,,0.030310759373081062,,0.03544080959105422,,0.030310759439139627,,0.03544080996987729,,0.04072643588232073,,
lewidi_convabuse,gemma,50,GPP-cosine,4,256,1.3003460987036062,0.2958170462117576,0.39209533447182965,0.30916164372175453,0.5857142857142857,0.594047619047619,0.2978724539279938,0.012791653163731098,0.030475179947453617,0.05738797973230358,0.030475179947453634,0.05738797973230359,0.030563163721923976,0.04505584598316217,0.030705790235839567,0.05602596915524754,0.03056316343558438,0.0450558461203109,0.03070578969422778,0.056025969151332386,0.026378277006536156,0.06857862772376008,
lewidi_convabuse,gemma,50,GPP-rbf,4,256,0.37742293681426325,0.11318512347934313,0.19724034345320737,0.31379401424787123,0.8607142857142858,0.8404761904761905,0.27142080664634705,0.07236745953559875,0.190046558799778,0.18006345596891818,0.19004655879977803,0.1800634559689182,0.16926869925204513,0.16681312120774724,0.1876121270936034,0.17863955795232392,0.16926869977085443,0.16681312143782567,0.18761212740509697,0.17863955786079366,0.1924569493094782,0.18917050580977351,
lewidi_convabuse,gemma,50,GPP-laplace,4,256,0.4321277053799171,0.14570714749021021,0.25551242680022757,0.4104556943432759,0.8464285714285714,0.8214285714285714,0.29656416177749634,0.16460394859313965,0.14409078417692606,0.13948472729994948,0.14409078417692606,0.13948472729994948,0.14114953333569907,0.13626677648427354,0.1441058324401099,0.13934691184572945,0.14114953339288128,0.13626677654903352,0.14410583238453928,0.13934691176210812,0.12620422038552626,0.11734742393117258,
lewidi_convabuse,gemma,50,LPE,4,256,0.42073110389571783,0.10746997605829442,0.1751665992194224,0.2378416972021616,0.861904761904762,0.844047619047619,0.16908279061317444,0.0775475725531578,0.18047398938323483,0.17491553907572124,0.1804739893832349,0.17491553907572127,0.15640729963981986,0.15409789814663497,0.17768062954253044,0.17247480809704824,0.1564073000749644,0.15409789859529424,0.17768062978380894,0.17247480817572314,0.187292550297605,0.20383423391569183,
lewidi_convabuse,gemma,50,LP-temp,4,256,0.40887628984929836,0.1339704466930927,0.2339365584561598,0.38207003259662375,0.8380952380952381,0.8202380952380952,0.42551238452783385,,0.1482771711491597,,0.14827717114915973,,0.12426475918024234,,0.14546054334114686,,0.12426475968332681,,0.14546054395441116,,0.14631091554509712,,
lewidi_convabuse,gemma,50,GPP-cosine,4,1024,0.7856344058380708,0.20122172670414198,0.2903282621822622,0.30991197748625277,0.7321428571428571,0.7357142857142858,0.3030802309513092,0.006021198816597462,0.022598057301234903,0.043479465020954955,0.0225980573012349,0.04347946502095497,0.03295775179664043,0.04300625748809847,0.024194301305542537,0.04310189344543318,0.032957751717058316,0.0430062578510858,0.02419430116050504,0.043101893695006256,0.012458450446908832,0.04624096271666177,
lewidi_convabuse,gemma,50,GPP-rbf,4,1024,0.31971054602928883,0.08380374506652002,0.14631650328263363,0.22626224766935887,0.8869047619047619,0.8690476190476191,0.20949123799800873,0.03800883889198303,0.30752644326434875,0.2953411458733694,0.30752644326434875,0.29534114587336946,0.2983505439961156,0.290574332010596,0.3080314965426534,0.2963686330926028,0.2983505443383969,0.2905743321106945,0.30803149695551213,0.29636863313765716,0.29799387065813715,0.2979299641735417,
lewidi_convabuse,gemma,50,GPP-laplace,4,1024,0.40514663217457864,0.1268937998972545,0.21946962617138135,0.3454265425801148,0.85,0.825,0.2452661395072937,0.13306032121181488,0.1853042713143953,0.18148924242734532,0.1853042713143953,0.18148924242734532,0.18242239485050837,0.17790545111733375,0.1858713728354855,0.18184278389547875,0.18242239470019447,0.17790545099630056,0.18587137246960606,0.18184278354528302,0.18735437268941216,0.18210010144673003,
lewidi_convabuse,gemma,50,LPE,4,1024,0.373407376697522,0.08940328056354707,0.14909526148365326,0.2020373162956781,0.8714285714285714,0.8630952380952381,0.08709871023893356,0.1291239708662033,0.2609485824807951,0.2651477857882134,0.2609485824807952,0.2651477857882135,0.25570734452087096,0.26187949388635334,0.26094248260959807,0.26576713398123686,0.2557073454443622,0.26187949454446763,0.2609424838324753,0.26576713490732706,0.2667626469324684,0.270795913124913,
lewidi_convabuse,gemma,50,LP-temp,4,1024,0.4077788300764945,0.1319497844817087,0.2296118081464972,0.3751584200361309,0.8404761904761905,0.8369047619047619,0.4229334652711611,,0.1830023107381299,,0.18300231073812995,,0.1815914560637597,,0.18306502492129262,,0.18159145639662086,,0.18306502532407126,,0.19222327467628386,,
lewidi_convabuse,gemma,62,GPP-cosine,0,16,1.0319507736363809,0.3147502837022081,0.4455381652524617,0.4256620198590716,0.5523809523809524,0.5535714285714286,0.33526161313056946,0.13413013517856598,0.04870540098907969,0.07245771339576769,0.0487054009890797,0.0724577133957677,0.04996253632324783,0.07430975928324107,0.04873176888615621,0.07261753247114303,0.04996253595869091,0.07430975871707096,0.04873176833746793,0.0726175315145276,0.046112329542486764,0.07278811933590154,
lewidi_convabuse,gemma,62,GPP-rbf,0,16,0.54012140125787,0.1321365356234679,0.19048726126396406,0.21983709299367654,0.8464285714285714,0.8214285714285714,0.166014164686203,0.02324298769235611,0.13502691566874217,0.11275913245527663,0.1350269156687422,0.11275913245527666,0.13791315305347687,0.12102334644001386,0.13597979742768618,0.1142327982454353,0.1379131528770699,0.12102334623434195,0.13597979724151504,0.11423279792238158,0.13591993639226033,0.13059224358561378,
lewidi_convabuse,gemma,62,GPP-laplace,0,16,0.540028340599082,0.20621784723756384,0.36009234146525465,0.5646370630078107,0.8464285714285714,0.8214285714285714,0.4119083285331726,0.23609688878059387,0.13685648538725687,0.11157601676719087,0.1368564853872569,0.11157601676719087,0.1365636431228117,0.11222480291496428,0.13726136270082498,0.11170877457988768,0.13656364306701418,0.11222480284913755,0.13726136263283978,0.11170877431030592,0.12858367353689987,0.09116858823283039,
lewidi_convabuse,gemma,62,LPE,0,16,0.8662665374033364,0.13874385456654317,0.1694295788766578,0.10949219127755724,0.8464285714285714,0.8214285714285714,0.03269904851913452,0.0021785791032016277,0.09723719725174432,0.03576534309905678,0.09723719725174433,0.035765343099056796,0.08874657761556431,0.03092036368510586,0.09687869892774777,0.03551094422857119,0.08874657747003442,0.030920363585264465,0.09687869880390584,0.035510944071552364,0.07463689754903537,0.07947800634010423,
lewidi_convabuse,gemma,62,LP-temp,0,16,0.4545273213211149,0.13627896124954197,0.22502214483644206,0.3426232293455113,0.8476190476190476,0.8226190476190476,0.3547255420085933,,0.09575510453226346,,0.09575510453226346,,0.09190177413902655,,0.09580995314726858,,0.09190177404804153,,0.0958099532099778,,0.07270608807714,,
lewidi_convabuse,gemma,62,GPP-cosine,0,64,1.2774081373597104,0.23750635619290167,0.3238857125771058,0.29539915535113653,0.6904761904761905,0.6916666666666667,0.22960829734802246,0.061204053461551666,0.02687044833145367,0.027625684112957308,0.026870448331453665,0.027625684112957308,0.016256537730996112,0.018710743057979054,0.025916958265883677,0.026800680379236427,0.016256537706892782,0.018710743065725212,0.025916958361348167,0.02680068045371395,0.03677475679771556,0.045760732839481726,
lewidi_convabuse,gemma,62,GPP-rbf,0,64,0.434736791330316,0.13477345930334864,0.2290501351967188,0.35927532712880816,0.85,0.825,0.2873312532901764,0.09819421172142029,0.09056645983537857,0.10595362607146667,0.09056645983537859,0.10595362607146669,0.09282484125528684,0.10955147091113926,0.09175194026579071,0.10711967449556947,0.09282484088702717,0.10955147066046624,0.09175193963176621,0.10711967401442682,0.08974598945069966,0.10951690651318242,
lewidi_convabuse,gemma,62,GPP-laplace,0,64,0.48027907622872373,0.17586423725456085,0.31044029700791553,0.5039201266708264,0.8476190476190476,0.8226190476190476,0.3685832917690277,0.20933978259563446,0.13463687005503355,0.12558219822087097,0.13463687005503358,0.12558219822087097,0.13220702644205218,0.12310252850346146,0.1346368522730504,0.12542121532575265,0.1322070264062462,0.12310252847395892,0.13463685213404486,0.1254212151236575,0.12075688076478171,0.10784223546150168,
lewidi_convabuse,gemma,62,LPE,0,64,0.5611174311186309,0.1241526345732759,0.17877382390821975,0.20207942327045336,0.8523809523809524,0.8273809523809523,0.14100788533687592,0.02578810229897499,0.05444025315333063,0.06734606205916921,0.054440253153330634,0.06734606205916922,0.05665422766803885,0.06456938521485704,0.055718160503669026,0.06784611747147297,0.05665422718549749,0.06456938480842972,0.055718159657890155,0.06784611676485781,0.048341335110371635,0.107248217768683,
lewidi_convabuse,gemma,62,LP-temp,0,64,0.44275567891313233,0.14983998085585598,0.26353116524550435,0.43459308152489434,0.8404761904761905,0.8178571428571428,0.4801134184128989,,0.04933327687879263,,0.04933327687879263,,0.05328837689671262,,0.050757168731079605,,0.05328837652318854,,0.05075716806559363,,0.04055716313282714,,
lewidi_convabuse,gemma,62,GPP-cosine,0,256,0.6962422035028222,0.17427066222667695,0.2524085921936963,0.2695003660103172,0.7654761904761904,0.7738095238095238,0.24073751270771027,0.031045187264680862,0.10464585690670813,0.09479558399762764,0.10464585690670813,0.09479558399762764,0.10641366329350582,0.10018611682764811,0.10418832267133903,0.09487566356067184,0.10641366381632059,0.10018611701240299,0.1041883231138316,0.09487566355127694,0.09594835208473247,0.10321578862989918,
lewidi_convabuse,gemma,62,GPP-rbf,0,256,0.4250465998242812,0.11788546843204202,0.19283388288292502,0.274176987219179,0.8476190476190476,0.8273809523809523,0.22983460128307343,0.06263821572065353,0.22462760845354285,0.21387203979106365,0.22462760845354285,0.21387203979106367,0.22046856023882805,0.21544357868642175,0.22488727700120686,0.21494882267723667,0.22046856030571976,0.2154435786696814,0.2248872768835721,0.21494882252244502,0.21587964108779942,0.21016082214608323,
lewidi_convabuse,gemma,62,GPP-laplace,0,256,0.444324734460476,0.144213000687209,0.24669470713096892,0.3840317507310553,0.8464285714285714,0.8214285714285714,0.2741309106349945,0.1522057056427002,0.14947074620583095,0.14326235165797285,0.14947074620583095,0.14326235165797285,0.14950246499534386,0.14294689521714685,0.14989190371648667,0.14353377939068068,0.14950246488507551,0.14294689513188497,0.14989190340958788,0.14353377908977455,0.14073577942667193,0.13684940761033945,
lewidi_convabuse,gemma,62,LPE,0,256,0.5068548737677353,0.11239000198938817,0.17047725616586798,0.19524295572532108,0.8595238095238096,0.8392857142857143,0.1272750198841095,0.06823086738586426,0.2160102669450778,0.25987006022332687,0.21601026694507786,0.2598700602233269,0.20630272602461652,0.2511177298620695,0.2153771474685582,0.25967166367528105,0.20630272610639588,0.2511177302597364,0.21537714735749702,0.25967166394409996,0.22609576143916119,0.2555389360489258,
lewidi_convabuse,gemma,62,LP-temp,0,256,0.42835947118399026,0.14014419555641228,0.24103447041784062,0.39137370863612364,0.8345238095238096,0.819047619047619,0.44200469454772207,,0.17832537699490986,,0.17832537699490986,,0.16876487155370246,,0.17745704782698984,,0.16876487177480848,,0.17745704811172222,,0.1786086993792159,,
lewidi_convabuse,gemma,62,GPP-cosine,0,1024,0.3733172117025792,0.09997797071670435,0.1647270248015134,0.22173105777028773,0.8583333333333333,0.8523809523809524,0.23375414311885834,0.008279941976070404,0.26984511155457436,0.2505815767168258,0.26984511155457447,0.2505815767168258,0.2626945153793432,0.24615429682560902,0.26913630385039233,0.2504332891195574,0.2626945158509865,0.24615429712956308,0.26913630437340574,0.2504332895106391,0.2843528683812057,0.2924018909701287,
lewidi_convabuse,gemma,62,GPP-rbf,0,1024,0.3443083309492476,0.09456195133380775,0.16124266800539944,0.24144504485284088,0.8738095238095238,0.8535714285714285,0.22638098895549774,0.042232681065797806,0.2963299873657209,0.29689977551564073,0.29632998736572097,0.29689977551564073,0.2890455867052427,0.295603615829828,0.29578394628975546,0.29712730215929534,0.28904558714887296,0.29560361609435115,0.2957839467411058,0.29712730236628165,0.2960859862069119,0.29130063584157345,
lewidi_convabuse,gemma,62,GPP-laplace,0,1024,0.4077673635589713,0.1303723335365048,0.22687524500014705,0.3607693098481698,0.8488095238095238,0.8238095238095238,0.25994542241096497,0.14153599739074707,0.19997690943092977,0.1910639072356009,0.1999769094309298,0.1910639072356009,0.19812878787136612,0.1882600765773148,0.20022382598409302,0.19108531070435503,0.1981287878186071,0.18826007656347088,0.20022382573142664,0.19108531048229305,0.19666980721444594,0.18756165450819864,
lewidi_convabuse,gemma,62,LPE,0,1024,0.4096938415550878,0.1063526711873269,0.17370898880707691,0.22894576450636248,0.8559523809523809,0.8476190476190476,0.09763144701719284,0.1524238884449005,0.21855968187918706,0.25895246698817564,0.2185596818791871,0.25895246698817564,0.21137926725804532,0.2524893824299136,0.21744658303255723,0.2578338495429438,0.2113792676874891,0.25248938313424,0.21744658358786573,0.2578338506016341,0.24168767955857562,0.2604704120676266,
lewidi_convabuse,gemma,62,LP-temp,0,1024,0.43221188224113893,0.14678675107019964,0.25375412471038916,0.40157359598122927,0.8202380952380952,0.8095238095238095,0.45718361782296374,,0.17965483692511947,,0.17965483692511947,,0.17318012445259362,,0.17830656245029766,,0.17318012499672697,,0.17830656320792357,,0.18962480387214434,,
lewidi_convabuse,gemma,62,GPP-cosine,1,64,0.9437158897143979,0.25852300350738733,0.3684304810655027,0.374243623082668,0.6452380952380953,0.6511904761904762,0.2975611090660095,0.07902929931879044,-0.06771852664253673,-0.05015714467372485,-0.06771852664253673,-0.05015714467372487,-0.06580529388731302,-0.049464585254792096,-0.06721241266281969,-0.049767903296397555,-0.065805293512077,-0.04946458489953788,-0.06721241214477397,-0.04976790280998903,-0.0681750311974168,-0.05798619196230711,
lewidi_convabuse,gemma,62,GPP-rbf,1,64,0.4468554962661154,0.1294435188235052,0.2115284256814491,0.3088338344471155,0.8464285714285714,0.8214285714285714,0.2387835532426834,0.07858610898256302,0.09128986054305857,0.10627338200261348,0.09128986054305858,0.10627338200261349,0.09045314322230302,0.10820657377326263,0.0915444689207221,0.10686668669341978,0.09045314306681096,0.10820657362509557,0.09154446843029476,0.1068666862133757,0.08993026083517712,0.10694435020707316,
lewidi_convabuse,gemma,62,GPP-laplace,1,64,0.4685490834239744,0.16805763529431572,0.29592356791365004,0.48027268005384777,0.8464285714285714,0.8214285714285714,0.350404292345047,0.19815611839294434,0.13037593526893604,0.1204396230892633,0.13037593526893607,0.12043962308926333,0.1280558462974097,0.11820261529094658,0.13051957482061732,0.12046770614915983,0.12805584623887464,0.11820261524954455,0.13051957462719227,0.12046770592229306,0.11958990777126964,0.1082170305088212,
lewidi_convabuse,gemma,62,LPE,1,64,0.6199881937885564,0.1271383924871677,0.17477994356954912,0.16994694996102383,0.8464285714285714,0.8214285714285714,0.10502422600984573,0.01714583858847618,0.05920162037236534,0.07022239089926977,0.05920162037236536,0.0702223908992698,0.05714306004315272,0.06927234663736814,0.05946249236408895,0.07065694387934518,0.05714305998358289,0.06927234663267791,0.05946249202866656,0.07065694371732147,0.0349852385672231,0.06927061486035166,
lewidi_convabuse,gemma,62,LP-temp,1,64,0.4242112786768857,0.13632961948731367,0.23745689296276315,0.390404088053462,0.8535714285714285,0.830952380952381,0.4194315110329408,,0.037445309829637126,,0.03744530982963713,,0.03775515003857232,,0.03754741523841889,,0.037755149918991496,,0.037547414728010306,,0.03198546032226178,,
lewidi_convabuse,gemma,62,GPP-cosine,1,256,0.6790869634609238,0.15701479273430322,0.22840630300708764,0.2502192731900517,0.7857142857142857,0.7869047619047619,0.21601520478725433,0.027818061411380768,0.0958137816570339,0.10490758181763697,0.09581378165703391,0.104907581817637,0.08791682788746653,0.09830156141479192,0.09470393317137182,0.10435915214555919,0.08791682821266111,0.09830156160949542,0.09470393360235305,0.10435915238280778,0.07353174755854815,0.0912637902751861,
lewidi_convabuse,gemma,62,GPP-rbf,1,256,0.3960013745455533,0.11363647972700419,0.19174747217773638,0.2907136818811126,0.8595238095238096,0.8369047619047619,0.2437218874692917,0.06863634288311005,0.20119292921989881,0.19434493848276382,0.20119292921989887,0.19434493848276388,0.19151280923071584,0.1884319081479557,0.20058708931901365,0.19434867637481087,0.1915128094867523,0.1884319082706418,0.2005870892953135,0.19434867620071106,0.18502533066769397,0.19455503285171782,
lewidi_convabuse,gemma,62,GPP-laplace,1,256,0.4372728211741618,0.14668243031126518,0.2554729311593941,0.40795889230501925,0.8464285714285714,0.8214285714285714,0.2945912182331085,0.16422420740127563,0.15473860127845696,0.14681687394700713,0.15473860127845698,0.14681687394700715,0.15181969622183183,0.14351030720751473,0.15479958415177358,0.1467348929891519,0.15181969618146388,0.14351030719003496,0.15479958394339044,0.14673489277708585,0.14505328512651627,0.13772019965852142,
lewidi_convabuse,gemma,62,LPE,1,256,0.46138590019317266,0.10635048583816183,0.16508727327454997,0.2048780971907387,0.861904761904762,0.8392857142857143,0.13571928441524506,0.06528791040182114,0.1823250180434261,0.22282403900751427,0.18232501804342613,0.2228240390075143,0.16816765659402555,0.20988271135201989,0.181137002780867,0.22183510725510852,0.1681676570388771,0.2098827116420097,0.1811370031074292,0.22183510719478217,0.16342603216903726,0.19730560826393997,
lewidi_convabuse,gemma,62,LP-temp,1,256,0.4083061820749671,0.13067264000644016,0.22709802709422003,0.37560513074565566,0.8571428571428571,0.8416666666666667,0.4115563617042841,,0.11245920145708771,,0.11245920145708774,,0.10046287459896892,,0.11133204982009617,,0.10046287499516199,,0.11133205013275821,,0.10943506316442636,,
lewidi_convabuse,gemma,62,GPP-cosine,1,1024,0.3700089817585139,0.09242395043227493,0.15360195927881987,0.21526737925491102,0.8738095238095238,0.8654761904761905,0.2216767519712448,0.008007113821804523,0.2595316087078745,0.2407164293339611,0.25953160870787456,0.24071642933396115,0.24696221152713457,0.23211778983342432,0.2583869980788699,0.24010861725445498,0.2469622115583482,0.23211778959942997,0.2583869976049834,0.24010861646944998,0.2636816915651341,0.26554381138865796,
lewidi_convabuse,gemma,62,GPP-rbf,1,1024,0.3615052825672197,0.09530054685059419,0.16119621018449487,0.23612551544111726,0.8666666666666667,0.8464285714285714,0.21099752187728882,0.03832148015499115,0.24242942338824122,0.23768074227649108,0.24242942338824125,0.23768074227649114,0.2375354366440252,0.23817432481660333,0.24263381755005886,0.23847110827789983,0.23753543628124674,0.23817432444728542,0.24263381662447814,0.23847110741615007,0.2515763923494576,0.2588934200533467,
lewidi_convabuse,gemma,62,GPP-laplace,1,1024,0.41608718934359473,0.13046571237419527,0.22382085788995026,0.34840340334858627,0.8476190476190476,0.8226190476190476,0.24704653024673462,0.13424456119537354,0.1845186710469228,0.17500305624751683,0.18451867104692285,0.17500305624751689,0.1837912865294237,0.17336153538658053,0.18504127005351007,0.17529452778198135,0.1837912863761949,0.17336153529082127,0.18504126958757303,0.17529452738368229,0.18183885529091157,0.1733279840739426,
lewidi_convabuse,gemma,62,LPE,1,1024,0.42154310494369135,0.10474311235051441,0.17226180891944254,0.23016210034122203,0.8583333333333333,0.8452380952380952,0.09094002842903137,0.14855225384235382,0.17158443783595084,0.19775714071957912,0.17158443783595084,0.19775714071957914,0.16358008489005302,0.19122209672912494,0.17048091378900926,0.19707627354792953,0.16358008462547596,0.19122209637927937,0.1704809129619242,0.1970762726997014,0.19076094193081014,0.2149233670698459,
lewidi_convabuse,gemma,62,LP-temp,1,1024,0.42939149976072133,0.14453013312315321,0.252205613953925,0.41025461359861787,0.825,0.8142857142857143,0.460887444485701,,0.13692864033542546,,0.13692864033542546,,0.13123483673343164,,0.13609128704834608,,0.1312348365508498,,0.13609128636379939,,0.1440681754640835,,
lewidi_convabuse,gemma,62,GPP-cosine,2,16,0.904364558915193,0.2920697114088015,0.42414772635425574,0.42168494178269605,0.5345238095238095,0.5476190476190477,0.3278326094150543,0.1347356140613556,0.041116986423647806,0.05216901667522811,0.04111698642364782,0.05216901667522813,0.038946506992615815,0.04966494270585735,0.04096929048242054,0.05182687959153131,0.038946506669002345,0.04966494238146575,0.04096928971389738,0.05182687877864885,0.05053831056368385,0.04784204114304916,
lewidi_convabuse,gemma,62,GPP-rbf,2,16,0.4567332805685913,0.16211407101896586,0.2872841525379391,0.4754662552534241,0.8452380952380952,0.8202380952380952,0.3829302191734314,0.15541952848434448,0.09808382136570079,0.10870284964364527,0.09808382136570082,0.10870284964364528,0.10311996482826646,0.1137099537756211,0.09848501105474254,0.10923369815348916,0.10311996463642198,0.11370995361496083,0.09848501076054653,0.10923369778287184,0.10530791030014634,0.10404313930135677,
lewidi_convabuse,gemma,62,GPP-laplace,2,16,0.613422994730077,0.2390694323011908,0.4076035977917768,0.5953880429551898,0.8452380952380952,0.8202380952380952,0.4328175187110901,0.24805715680122375,0.07109272649356556,0.048343546093172644,0.07109272649356557,0.04834354609317265,0.0708701706341836,0.05001960922163779,0.07122299345989548,0.04827825973509943,0.07087017068305634,0.05001960924776419,0.0712229935897423,0.04827825966207839,0.12356418793014427,0.047437522149406205,
lewidi_convabuse,gemma,62,LPE,2,16,0.4861612423169348,0.1326430450140051,0.20797211563968587,0.28717796377066773,0.844047619047619,0.819047619047619,0.24121782183647156,0.04280651733279228,0.059250360352275336,0.11331149905616017,0.05925036035227535,0.1133114990561602,0.0637815778275984,0.11284902111000081,0.059247563238079705,0.11322538502321652,0.06378157736480747,0.11284902059965869,0.05924756250718223,0.11322538419624556,0.04248771636380593,0.049200015504563224,
lewidi_convabuse,gemma,62,LP-temp,2,16,0.45288785436492235,0.1540601676629257,0.26959112637027677,0.4415789897139685,0.8357142857142857,0.8130952380952381,0.4875693363548794,,0.03994327600746771,,0.03994327600746771,,0.04293879247248904,,0.03969767749935645,,0.042938792026007054,,0.0396976767579563,,0.04058107895170805,,
lewidi_convabuse,gemma,62,GPP-cosine,2,64,1.251724048197682,0.2923859748358158,0.38803899180945817,0.3094214883553598,0.5928571428571429,0.6011904761904762,0.24478773772716522,0.06270458549261093,0.01501241705564759,0.03570667182743326,0.015012417055647587,0.03570667182743327,0.012822170518001368,0.03518019401559706,0.015214595320267693,0.0360368552859186,0.01282217026082515,0.03518019377832517,0.015214594811594258,0.03603685481805996,0.008448468012417542,0.042864868827558,
lewidi_convabuse,gemma,62,GPP-rbf,2,64,0.44445599336902986,0.13346479533690653,0.2206694472315056,0.3261877756523894,0.8452380952380952,0.8202380952380952,0.25988003611564636,0.0873010978102684,0.14248391826606333,0.1364342757746807,0.14248391826606335,0.1364342757746807,0.14413920130691432,0.13940851357791106,0.14328265920888572,0.1373363033583021,0.1441392013328976,0.1394085135133662,0.14328265918230015,0.1373363031535151,0.14806083601261386,0.141847984583729,
lewidi_convabuse,gemma,62,GPP-laplace,2,64,0.4706616379539439,0.1689778105107398,0.2968990627521028,0.4792140250761014,0.8464285714285714,0.8214285714285714,0.350299209356308,0.1979803591966629,0.1360954754639918,0.1269458256298723,0.13609547546399187,0.12694582562987233,0.13292333181456376,0.12325545301317122,0.13603343807404894,0.1266933493596327,0.13292333181476815,0.1232554530274084,0.13603343797775352,0.12669334922669157,0.12525448905230946,0.11505553684235867,
lewidi_convabuse,gemma,62,LPE,2,64,0.6146600931766423,0.13063820864398348,0.17958072715586934,0.16779183739130052,0.8392857142857143,0.8166666666666667,0.1077064722776413,0.020286591723561287,0.14161432642845015,0.09659766807422694,0.14161432642845018,0.09659766807422696,0.1395351782734077,0.1011501556183185,0.14212115264698444,0.09781619640325255,0.13953517809464733,0.1011501553400916,0.1421211523213139,0.09781619598813082,0.13864784302472893,0.1596574457606933,
lewidi_convabuse,gemma,62,LP-temp,2,64,0.463517366066376,0.1680540174504522,0.29983040342278056,0.49882995169319666,0.8321428571428572,0.8095238095238095,0.5677469096125952,,0.11439784876563518,,0.11439784876563519,,0.11016179120117375,,0.11428895801266198,,0.11016179115516293,,0.11428895790998236,,0.11297183695690315,,
lewidi_convabuse,gemma,62,GPP-cosine,2,256,0.7284487939136124,0.17555922294130744,0.25094892598905183,0.2612458925163897,0.7559523809523809,0.7595238095238095,0.219704732298851,0.028027832508087158,0.04712306584111444,0.037426228777402294,0.04712306584111445,0.0374262287774023,0.04623637063380687,0.03761083116056821,0.04719061527189922,0.03753330562513265,0.046236371037771846,0.03761083143253484,0.04719061567058694,0.037533305939588923,0.04101959257361745,0.04578362369469632,
lewidi_convabuse,gemma,62,GPP-rbf,2,256,0.4004317912070535,0.11739470478250631,0.19850930342883139,0.29786370039751664,0.8511904761904762,0.8261904761904761,0.2587692141532898,0.07201553881168365,0.25131879284132624,0.24183197986167798,0.25131879284132624,0.24183197986167804,0.2515213176130914,0.24162593025542511,0.25160065775893403,0.2421926421417152,0.25152131746760786,0.24162593013665562,0.2516006571845739,0.2421926415871743,0.24887908088242883,0.2419762068306461,
lewidi_convabuse,gemma,62,GPP-laplace,2,256,0.44091677184100686,0.1488051559999892,0.2591622936284347,0.41423872794313543,0.8464285714285714,0.8214285714285714,0.3006008565425873,0.16767823696136475,0.16694559782439383,0.15872101205363337,0.16694559782439386,0.15872101205363337,0.16672835318675164,0.15833857589364575,0.16734220411910458,0.15899281521830377,0.16672835304801997,0.15833857578734628,0.1673422037812568,0.15899281488765982,0.1572010520034342,0.1501950153586359,
lewidi_convabuse,gemma,62,LPE,2,256,0.4424495355252771,0.10994726900124359,0.17411896596139134,0.2172512300910186,0.8523809523809524,0.8297619047619048,0.14871849119663239,0.08918555080890656,0.2648675807572487,0.28273876744987275,0.2648675807572488,0.28273876744987286,0.26839341738589095,0.2835699075355975,0.2658720935946486,0.2830937578256064,0.2683934171273844,0.2835699074472675,0.2658720926980491,0.28309375719423524,0.2635806301476345,0.2905282403053587,
lewidi_convabuse,gemma,62,LP-temp,2,256,0.4363636737603143,0.14659028564586063,0.2531510299777806,0.4085571142159807,0.819047619047619,0.8107142857142857,0.46491846232133865,,0.18683626783785892,,0.18683626783785892,,0.1886605689160707,,0.18701756347909823,,0.18866056876782034,,0.1870175627754506,,0.20385507484357376,,
lewidi_convabuse,gemma,62,GPP-cosine,2,1024,0.37665226776792843,0.09759117969692434,0.16152512221734425,0.2174322585007831,0.8654761904761905,0.8571428571428571,0.21989493072032928,0.007888720370829105,0.24218415366192536,0.21616577644394128,0.2421841536619254,0.21616577644394133,0.23851023956822737,0.2132149601566939,0.24218175109978718,0.21621305802634389,0.23851023984915823,0.21321496019843256,0.24218175131632927,0.21621305791989437,0.25476426850991735,0.25819161034828614,
lewidi_convabuse,gemma,62,GPP-rbf,2,1024,0.3655619137150728,0.09804698616464005,0.16260593741005452,0.23512355229550322,0.8690476190476191,0.8511904761904762,0.213175967335701,0.039902567863464355,0.2714175508580189,0.2761462683190359,0.27141755085801894,0.2761462683190359,0.2685482163780199,0.27578418475116234,0.271805966542955,0.2769262741833396,0.26854821640387794,0.2757841846608365,0.27180596636869764,0.276926273889094,0.2612601978207134,0.2608747602339919,
lewidi_convabuse,gemma,62,GPP-laplace,2,1024,0.4250832056522301,0.13248541054344373,0.2249834892362179,0.3438274987249442,0.844047619047619,0.819047619047619,0.24370986223220825,0.13248948752880096,0.1832665110115534,0.1756759156382362,0.18326651101155342,0.1756759156382362,0.18422547052028876,0.1754601708406749,0.18391559733085378,0.17609361386060188,0.18422547039865128,0.17546017075861875,0.18391559697339505,0.1760936135386041,0.18322351287320562,0.17588120273221383,
lewidi_convabuse,gemma,62,LPE,2,1024,0.4226139752275397,0.10399211915804386,0.16788130184869182,0.21305463280242418,0.8547619047619047,0.844047619047619,0.093464195728302,0.12654229998588562,0.19421698453082872,0.2274114888501326,0.19421698453082878,0.22741148885013263,0.19722091179837384,0.22990244799286047,0.1949525819317326,0.22852163335674747,0.19722091182251394,0.22990244757387082,0.19495258162574153,0.2285216323232288,0.22059994042578174,0.2370796308247837,
lewidi_convabuse,gemma,62,LP-temp,2,1024,0.43175204987436255,0.13728185096492,0.23336445193725938,0.3585263451203309,0.8178571428571428,0.8142857142857143,0.3996953247338105,,0.1587511115285905,,0.15875111152859056,,0.16461556163349111,,0.15971086765488324,,0.16461556128300425,,0.1597108667937452,,0.15930373079944452,,
lewidi_convabuse,gemma,62,GPP-cosine,3,16,1.046241177702735,0.2909737250453632,0.3984103195097608,0.354692215450018,0.5869047619047619,0.5976190476190476,0.25623056292533875,0.1029428020119667,-0.033261929276160694,-0.02216357304756886,-0.03326192927616071,-0.022163573047568868,-0.031646257300215905,-0.020172614278235263,-0.032453183351273784,-0.02138232492205549,-0.031646257462399165,-0.02017261451533805,-0.0324531836346747,-0.02138232537973496,-0.034917471386151235,-0.021022705294573157,
lewidi_convabuse,gemma,62,GPP-rbf,3,16,0.44532669196785263,0.14166843295324583,0.2404943988802621,0.3712624710751124,0.8464285714285714,0.8214285714285714,0.2859320640563965,0.12002281844615936,0.14274461537157507,0.12715114010593367,0.1427446153715751,0.1271511401059337,0.1419973493044683,0.12804884687753104,0.14321107626068993,0.12771129183612295,0.14199734913566148,0.12804884667702304,0.14321107587144874,0.12771129137411683,0.133904652831532,0.12751902669396029,
lewidi_convabuse,gemma,62,GPP-laplace,3,16,0.582062893148379,0.22545181008488693,0.3884018473903693,0.584670157014143,0.8452380952380952,0.8202380952380952,0.4258406460285187,0.2441294938325882,0.11742114545459548,0.09645793213034719,0.11742114545459549,0.0964579321303472,0.11480329050935394,0.09515668101675401,0.1174545286830264,0.09629892953545648,0.11480329054847847,0.09515668102584605,0.11745452875139117,0.09629892941046406,0.14141321207920168,0.08412693406498559,
lewidi_convabuse,gemma,62,LPE,3,16,0.677874650776496,0.13541535660668141,0.17764148183182227,0.1546277295396774,0.8476190476190476,0.8226190476190476,0.08938831090927124,0.010024645365774632,0.08458931828891188,0.10324317910570653,0.08458931828891189,0.10324317910570655,0.07627028513575144,0.0908189693420147,0.08442059267764293,0.10265326316913997,0.07627028491524133,0.09081896905020245,0.08442059225535516,0.10265326265705839,0.08177163546486854,0.08147320021069022,
lewidi_convabuse,gemma,62,LP-temp,3,16,0.4535919492535598,0.14061469099263801,0.23623809375747604,0.3665679023685282,0.8476190476190476,0.8226190476190476,0.38931878735909026,,0.07463332901144491,,0.07463332901144495,,0.06838828996193207,,0.07457588764647971,,0.06838828981027331,,0.07457588727998683,,0.07360385375247412,,
lewidi_convabuse,gemma,62,GPP-cosine,3,64,1.2168645067882247,0.26626711677780224,0.3523267113349313,0.28573476778480816,0.6345238095238095,0.6476190476190476,0.20706652104854584,0.054831650108098984,-0.041883078478604285,-0.02876357637944662,-0.041883078478604306,-0.028763576379446612,-0.041938569893833676,-0.030472604928982974,-0.0425672539157522,-0.02970169555088898,-0.041938569577488864,-0.03047260467227665,-0.04256725357007236,-0.029701695347706357,-0.07607066797367416,-0.05845195253501299,
lewidi_convabuse,gemma,62,GPP-rbf,3,64,0.4212578398091408,0.13372556407627836,0.23080814268850233,0.36831247121949917,0.8488095238095238,0.8238095238095238,0.30182144045829773,0.10563182085752487,0.1558200816714318,0.16091721013058086,0.1558200816714318,0.1609172101305809,0.16143401296378612,0.16597270295934552,0.15772286931646662,0.1625912561181406,0.16143401251679187,0.1659727026225164,0.15772286857027007,0.16259125548367429,0.15805223308013386,0.16515745204237686,
lewidi_convabuse,gemma,62,GPP-laplace,3,64,0.4900285399387155,0.18182889002924962,0.32014168160967527,0.5152775802842515,0.8464285714285714,0.8214285714285714,0.3791762590408325,0.21490293741226196,0.14699618709418075,0.13764250105153958,0.14699618709418077,0.13764250105153958,0.14457401407585738,0.13529130571175427,0.14713511161980747,0.13763703316290216,0.1445740139923507,0.13529130563845915,0.14713511140433666,0.13763703289822962,0.1403913233038756,0.12194257520549662,
lewidi_convabuse,gemma,62,LPE,3,64,0.5412245853729389,0.12403334540039235,0.18406303406736696,0.21404349122587654,0.8452380952380952,0.8202380952380952,0.15728160738945007,0.033801402896642685,0.10685657139527949,0.07859517114127244,0.10685657139527949,0.07859517114127244,0.116452821280679,0.08233844757208728,0.10910860108697173,0.0799902555827228,0.1164528207032182,0.08233844711071334,0.10910860016282507,0.07999025480244698,0.10183483799953166,0.10985053218657123,
lewidi_convabuse,gemma,62,LP-temp,3,64,0.43393487752307575,0.14522392855872693,0.25388467820932703,0.4191572955090054,0.8404761904761905,0.8202380952380952,0.46632444981651566,,0.10608731461180934,,0.10608731461180937,,0.11221989697026391,,0.1079569111675108,,0.11221989662182646,,0.10795691067948178,,0.10635574773895821,,
lewidi_convabuse,gemma,62,GPP-cosine,3,256,0.5999393562645954,0.15997843996588754,0.24138422516999428,0.2796915187999956,0.7833333333333333,0.775,0.24640175700187683,0.030362429097294807,0.06069808561075718,0.07424181818655252,0.060698085610757194,0.07424181818655254,0.05653189243994112,0.07267321395609444,0.05947853893839722,0.07327239338800214,0.056531892769167896,0.0726732141924968,0.0594785394544584,0.0732723936589853,0.0770067331246733,0.10066060545793414,
lewidi_convabuse,gemma,62,GPP-rbf,3,256,0.4154848308202339,0.11550499554392672,0.19002852639463352,0.28081155046439815,0.8607142857142858,0.8357142857142857,0.22955015301704407,0.06025667488574982,0.13848728363477275,0.16986884398245072,0.1384872836347728,0.16986884398245072,0.13283641086702896,0.16737939807152272,0.1389041543638221,0.17058931300556252,0.132836410898796,0.16737939809404753,0.13890415440588721,0.17058931296020036,0.1336852251932996,0.15319194078805928,
lewidi_convabuse,gemma,62,GPP-laplace,3,256,0.4379479498373716,0.1445796067364548,0.2502925683167719,0.39709003637642803,0.8464285714285714,0.8214285714285714,0.28481125831604004,0.15805146098136902,0.14316144850005788,0.1384400234750121,0.1431614485000579,0.1384400234750121,0.14194549568276882,0.13695032453068898,0.14346319936213142,0.1386027688912811,0.1419454955756028,0.1369503244502954,0.14346319911144653,0.1386027686395768,0.13204799948089527,0.1285572978052198,
lewidi_convabuse,gemma,62,LPE,3,256,0.5082164215538858,0.11350122611889711,0.16976398856299207,0.19643682047816494,0.8595238095238096,0.8392857142857143,0.12059562653303146,0.05640542134642601,0.13082407859672374,0.15452344644055138,0.13082407859672374,0.15452344644055144,0.1239211423774181,0.14825827528007524,0.13126599694613994,0.1552447159335611,0.12392114256666634,0.1482582754471588,0.13126599727260013,0.15524471618288654,0.1485340959028117,0.18181615234570248,
lewidi_convabuse,gemma,62,LP-temp,3,256,0.41020315658680995,0.1288849704844211,0.22266311122661855,0.3599138146568585,0.8488095238095238,0.8333333333333334,0.3890530375198443,,0.10430186319950518,,0.10430186319950518,,0.09884917206662694,,0.10467908961225011,,0.09884917234822171,,0.104679090099464,,0.09736972044900873,,
lewidi_convabuse,gemma,62,GPP-cosine,3,1024,0.34637648075792254,0.08851704898148735,0.14962034981371766,0.21126961418321355,0.8797619047619047,0.8690476190476191,0.2220940887928009,0.00805329903960228,0.28528191255006885,0.26234191931453205,0.2852819125500689,0.2623419193145321,0.27575189403605205,0.25573483476872094,0.2845350713988752,0.2621149452904237,0.2757518942414283,0.2557348347451396,0.28453507146700246,0.26211494509732836,0.28386819722885615,0.29044205794374844,
lewidi_convabuse,gemma,62,GPP-rbf,3,1024,0.33168139652197404,0.08891262858656053,0.15365766087821353,0.23635397303131547,0.8845238095238095,0.8666666666666667,0.2216256707906723,0.04161859676241875,0.3090625216706172,0.3089634447665015,0.30906252167061726,0.30896344476650156,0.30445180922315335,0.30799330693191507,0.3100133529146185,0.31031444394160235,0.3044518090256187,0.3079933067248839,0.3100133523403126,0.3103144433870013,0.28656581618498483,0.28363228475832364,
lewidi_convabuse,gemma,62,GPP-laplace,3,1024,0.40944037633735564,0.1291500798940771,0.2231459692309034,0.35096498724100017,0.8476190476190476,0.8226190476190476,0.25010234117507935,0.1360267847776413,0.18826167286216716,0.18048012970571198,0.1882616728621672,0.18048012970571198,0.18901541968290647,0.18041869618897255,0.18906815632688792,0.18106310046631083,0.18901541950874517,0.18041869606159522,0.18906815591565235,0.18106310010037993,0.18346531888481946,0.17472118302012268,
lewidi_convabuse,gemma,62,LPE,3,1024,0.3548857325398873,0.09194012599740192,0.15713921560784347,0.22900996378092922,0.8761904761904762,0.8678571428571429,0.09492514282464981,0.15464171767234802,0.2335781207983432,0.2555142387166731,0.23357812079834323,0.2555142387166731,0.2243485348344626,0.2472916633970333,0.23345131766228697,0.25572367328439916,0.2243485347510873,0.24729166344373096,0.23345131725317686,0.25572367319921474,0.23599542425854503,0.2564331655996111,
lewidi_convabuse,gemma,62,LP-temp,3,1024,0.40315340553535706,0.13570361825040175,0.23887395257478333,0.3931844174132712,0.8428571428571429,0.8392857142857143,0.4439334679623762,,0.15599322666390475,,0.15599322666390475,,0.15269669324482937,,0.15613955934295812,,0.15269669351244164,,0.1561395596965504,,0.15622503035217616,,
lewidi_convabuse,gemma,62,GPP-cosine,4,16,0.9455812872251468,0.28665589552109494,0.4115448306717943,0.40311540389680844,0.5952380952380952,0.5988095238095238,0.31481504440307617,0.12877339124679565,0.05103308514575179,0.1153013273040156,0.0510330851457518,0.11530132730401561,0.04341479501210627,0.10738348545860221,0.04993055943387782,0.11455447987814947,0.04341479496369339,0.10738348533832837,0.04993055950145865,0.11455447964892695,0.04846468948761386,0.10990687102276357,
lewidi_convabuse,gemma,62,GPP-rbf,4,16,0.44992786648434296,0.15329320376221622,0.26796624197491575,0.43489269677862363,0.8464285714285714,0.8214285714285714,0.35114121437072754,0.13738670945167542,0.11832024675420419,0.15401955309077675,0.11832024675420419,0.15401955309077678,0.11903556660982266,0.15634429292937566,0.1182869494333171,0.1544810559924274,0.11903556653853883,0.15634429277016323,0.11828694947314075,0.15448105569333997,0.124173716114353,0.15068405968929513,
lewidi_convabuse,gemma,62,GPP-laplace,4,16,0.5935955540602469,0.2305108426001484,0.39595723353503715,0.5901626573737263,0.8380952380952381,0.8130952380952381,0.4297913908958435,0.2458140105009079,0.11048739051812519,0.09269633102457599,0.1104873905181252,0.092696331024576,0.10841731759309775,0.09229287721927712,0.11057145362178775,0.09250590722972687,0.10841731762988535,0.09229287720196849,0.11057145371598037,0.09250590701824106,0.1368556271086532,0.08527684037642251,
lewidi_convabuse,gemma,62,LPE,4,16,0.5294840683425468,0.14520158155475543,0.22467108047151538,0.29875472698133243,0.8369047619047619,0.8142857142857143,0.23392817378044128,0.05792338028550148,0.03210411678705997,-0.020617045098500236,0.03210411678705997,-0.02061704509850023,0.03072767271440707,-0.02253618869302623,0.031252694060142305,-0.02205138843615963,0.030727672557199593,-0.022536188760097824,0.031252694072593346,-0.02205138823729746,0.042988291535711314,0.02461933698336787,
lewidi_convabuse,gemma,62,LP-temp,4,16,0.4994915869167347,0.1829127911856156,0.3215490295886697,0.5150859980664142,0.8369047619047619,0.8142857142857143,0.5841422465957586,,0.026978101819798827,,0.026978101819798837,,0.026899687796293183,,0.026486699985577997,,0.02689968775550694,,0.026486700217293532,,0.03227338969886026,,
lewidi_convabuse,gemma,62,GPP-cosine,4,64,1.0185486578319372,0.2593540361001712,0.3575663655582741,0.32541220184607617,0.65,0.6535714285714286,0.26528435945510864,0.0655856505036354,0.01603846673917303,0.0718000766879171,0.016038466739173026,0.0718000766879171,0.021131391277550197,0.07684899895297034,0.016528609394660845,0.07257080494754978,0.02113139180154801,0.07684899941108349,0.016528610251247737,0.07257080565907978,0.011299780270311671,0.06478998619301168,
lewidi_convabuse,gemma,62,GPP-rbf,4,64,0.45719504650870135,0.13658481640685613,0.22376003807931694,0.3253499933546875,0.8452380952380952,0.8202380952380952,0.25118356943130493,0.09152548015117645,0.11314265831617115,0.12563979701041428,0.11314265831617115,0.12563979701041433,0.11076893824888835,0.12627323052502476,0.1130608479363931,0.12603257129509815,0.11076893801161589,0.1262732303119035,0.11306084756060794,0.12603257089890824,0.10502713858648438,0.12292942730616216,
lewidi_convabuse,gemma,62,GPP-laplace,4,64,0.48325339494175545,0.17765696138952844,0.312834591264393,0.5044540350549599,0.8464285714285714,0.8214285714285714,0.3704136908054352,0.21040424704551697,0.14967430616532232,0.13966265766907404,0.14967430616532235,0.13966265766907407,0.14735851095912966,0.13740481802062549,0.14969247136840363,0.1395444827509157,0.14735851091719096,0.13740481798405918,0.14969247122043175,0.13954448254691498,0.138186882698527,0.12302878045088458,
lewidi_convabuse,gemma,62,LPE,4,64,0.6883875280367209,0.1383992014141735,0.18497679510803122,0.16859652049078347,0.8416666666666667,0.819047619047619,0.09854362159967422,0.021057266741991043,0.039844293420363094,0.0701367136119803,0.03984429342036311,0.0701367136119803,0.03383345606565941,0.06772277613324018,0.03903036405606411,0.069609104398261,0.03383345577245066,0.06772277575350655,0.039030363712808554,0.06960910379771432,0.041639200192638726,0.054614898830194845,
lewidi_convabuse,gemma,62,LP-temp,4,64,0.4621035254412519,0.14659186741531272,0.24640494210852973,0.378284463768355,0.8333333333333334,0.8130952380952381,0.40083724447597324,,0.020818841499835084,,0.020818841499835088,,0.0147471027193409,,0.01970310316819464,,0.014747102613301586,,0.019703103190309955,,0.02225136330044495,,
lewidi_convabuse,gemma,62,GPP-cosine,4,256,0.8861263198224187,0.22180744721136103,0.30501824217707146,0.268281648113926,0.7,0.7083333333333334,0.23586826026439667,0.029173733666539192,0.08133634475252308,0.06336641059894116,0.0813363447525231,0.06336641059894117,0.0721030805450366,0.05779292688000594,0.0802644210419746,0.06278856502012935,0.0721030804250508,0.05779292665444645,0.08026442067282338,0.0627885645472288,0.10294926391119912,0.11790838654575228,
lewidi_convabuse,gemma,62,GPP-rbf,4,256,0.38774034325835244,0.11702028395132529,0.2023563922119571,0.3180504148256428,0.861904761904762,0.8392857142857143,0.2770584523677826,0.07162248343229294,0.18049913596766445,0.18158204090971425,0.18049913596766445,0.18158204090971428,0.16870468757851656,0.1754780821589969,0.17950890792939286,0.18122303744800844,0.1687046875437755,0.17547808200951137,0.17950890728864197,0.1812230367210515,0.1812181543773129,0.188652027939163,
lewidi_convabuse,gemma,62,GPP-laplace,4,256,0.43582196419066205,0.14744818185428502,0.25798836442797135,0.414827883193503,0.8464285714285714,0.8214285714285714,0.30114060640335083,0.1668727546930313,0.15548879301127816,0.14955364701226032,0.15548879301127816,0.14955364701226034,0.15313158215842648,0.14704556812610278,0.15558522799747396,0.1495041948856527,0.15313158210590158,0.14704556809835023,0.15558522768568386,0.14950419458006992,0.14550143340688912,0.13898235699996186,
lewidi_convabuse,gemma,62,LPE,4,256,0.4269901872697561,0.11143776608447811,0.18242292016341144,0.24695671752434428,0.8523809523809524,0.8321428571428572,0.175594300031662,0.08349011093378067,0.1864216200059759,0.17624194934765353,0.1864216200059759,0.17624194934765353,0.17192560914205038,0.1659155833583673,0.1851986481255187,0.1756635895749357,0.1719256090368572,0.16591558334284365,0.18519864739659495,0.17566358895078138,0.180502951813679,0.19767411686743935,
lewidi_convabuse,gemma,62,LP-temp,4,256,0.4272912010952439,0.1437154365127546,0.25091919600953533,0.41125240500039734,0.8285714285714286,0.8130952380952381,0.46010514587949114,,0.1306594151934353,,0.13065941519343532,,0.11511847795269568,,0.12894438369742078,,0.11511847782174522,,0.12894438309884235,,0.1325816297310396,,
lewidi_convabuse,gemma,62,GPP-cosine,4,1024,0.3657768461396979,0.09236271569146307,0.1564847189152975,0.22140001288843894,0.8690476190476191,0.8630952380952381,0.21908119320869446,0.007986334152519703,0.20774017959298385,0.16495519088145408,0.2077401795929839,0.1649551908814541,0.1992602455634836,0.1595114207669085,0.20764496246348607,0.16490525880047693,0.19926024585438623,0.1595114208448972,0.20764496263891724,0.16490525872621797,0.22826289336705555,0.24607831641601224,
lewidi_convabuse,gemma,62,GPP-rbf,4,1024,0.33534435704032606,0.09015801847315964,0.15536551821423927,0.2442453377578787,0.8773809523809524,0.8642857142857143,0.22404702007770538,0.04140903055667877,0.26153510959892046,0.273060202489648,0.26153510959892046,0.2730602024896481,0.25434981711004256,0.2709562384005635,0.26230749349115134,0.27435208146927725,0.2543498169800918,0.27095623820201153,0.26230749298136397,0.27435208091191277,0.2485498625528052,0.2581752621778083,
lewidi_convabuse,gemma,62,GPP-laplace,4,1024,0.40705618876755595,0.1292093921494073,0.22407836175213258,0.35492395241681735,0.8488095238095238,0.8238095238095238,0.254402756690979,0.1383703351020813,0.19649355580141242,0.1894823341660211,0.19649355580141242,0.18948233416602112,0.19217012863500138,0.18479420749071884,0.1969787150891701,0.18978527728228659,0.19217012839701425,0.18479420729889445,0.19697871452410895,0.1897852767682091,0.19330213434872984,0.18857459288865294,
lewidi_convabuse,gemma,62,LPE,4,1024,0.39473784777585463,0.09584105852909315,0.16075346886033487,0.22265025484000994,0.8607142857142858,0.8523809523809524,0.09573028236627579,0.13499195873737335,0.17231136723143053,0.2118666729916796,0.17231136723143056,0.21186667299167963,0.16336862703511756,0.20630498919129792,0.17194167521890508,0.2121683509661465,0.1633686271254085,0.2063049892287976,0.17194167511060193,0.21216835080462995,0.19919885281746452,0.23039341700933436,
lewidi_convabuse,gemma,62,LP-temp,4,1024,0.41756668299615174,0.13748329175090696,0.23954518392729174,0.3905620221415329,0.8392857142857143,0.8333333333333334,0.4378999293158218,,0.14223463286761773,,0.14223463286761773,,0.14031238099990684,,0.1424158425939464,,0.1403123813257888,,0.1424158429618777,,0.14843035249705183,,
