dataset,model,layer,method,seed,n_obs,soft_ce,jsd,tvd,entce,rankcs,acc,mean_alea,mean_mi,corrAlea_entropy,corrMI_entropy,corrAlea_norm_entropy,corrMI_norm_entropy,corrAlea_one_minus_max,corrMI_one_minus_max,corrAlea_gini,corrMI_gini,corrAlea_top2_margin,corrMI_top2_margin,corrAlea_bern_var,corrMI_bern_var,corrAleaS_entropy,corrMIS_entropy,mono_alea
lewidi_hsbrexit,gemma,0,GPP-cosine,0,64,0.5595892366356235,0.1444474198380104,0.26165061037976384,0.33201969064318815,0.7083333333333334,0.7321428571428571,0.3146052956581116,0.10678831487894058,0.19090276202459433,0.18054954026579662,0.19090276202459439,0.18054954026579667,0.16797595368275764,0.1629289564881259,0.1865509582858067,0.1775209774443659,0.1679759531768142,0.1629289562309701,0.18655095635786598,0.1775209753083761,0.19220227704529394,0.17298019033818166,
lewidi_hsbrexit,gemma,0,GPP-rbf,0,64,0.4469713815704608,0.07310835069419476,0.1432497600160007,0.23787945167529198,0.9404761904761905,0.8928571428571429,0.1604280173778534,0.013050822541117668,0.16946346539177495,0.13527554270819617,0.16946346539177498,0.1352755427081962,0.1501095146554015,0.1366891267016841,0.16634216489276493,0.1355495673224218,0.15010951478858053,0.13668912578380513,0.16634216410790997,0.13554956561836434,0.17034505417693102,0.09283858898966998,
lewidi_hsbrexit,gemma,0,GPP-laplace,0,64,0.4029083478431725,0.09272918765345535,0.1960105314584715,0.3564029621661066,0.9404761904761905,0.8928571428571429,0.28627637028694153,0.16132672131061554,0.01886926220680661,-0.005172707481455846,0.018869262206806625,-0.005172707481455818,0.044670315699010726,0.012865092780910928,0.022666465763250945,-0.0032111787830190197,0.04467031352634275,0.01286509061042039,0.022666462764376977,-0.003211182376656685,-0.0003346204649207168,-0.027020602542347883,
lewidi_hsbrexit,gemma,0,LPE,0,64,0.6698990840979108,0.08106891296459331,0.13275713464662703,0.1918433521542086,0.9404761904761905,0.8928571428571429,0.040781419724226,0.003246733220294118,0.12012148459001896,0.09053137024918202,0.12012148459001896,0.09053137024918202,0.09574832679566075,0.0656143024141298,0.11666672109986322,0.08621174197825675,0.09574832809891934,0.0656143030800293,0.11666672278474859,0.08621174246278254,0.153930061369987,0.15007263101048426,
lewidi_hsbrexit,gemma,0,LP-temp,0,64,0.3831192128337311,0.07729710612926173,0.1673796799425424,0.30269170052956007,0.9404761904761905,0.8928571428571429,0.3529172089015761,,0.1751077639828097,,0.17510776398280975,,0.15168062173606364,,0.17185980352409896,,0.15168062268203947,,0.17185980423195632,,0.17337058088058918,,
lewidi_hsbrexit,gemma,0,GPP-cosine,0,256,0.39528889046497245,0.06084747148817308,0.13037626328600926,0.20539079977207256,0.9285714285714286,0.9047619047619048,0.19683104753494263,0.02722400799393654,0.36056588923030986,0.3685008986532602,0.3605658892303099,0.36850089865326024,0.36110903178521414,0.36431602930940477,0.36183346616103795,0.3676394452343524,0.3611090307201427,0.36431602697451226,0.36183346621937884,0.3676394414554149,0.3363028622582348,0.3548045854644762,
lewidi_hsbrexit,gemma,0,GPP-rbf,0,256,0.4254176502029798,0.0679050895811345,0.13784766799723175,0.22454132762097545,0.9404761904761905,0.8928571428571429,0.1444624662399292,0.02926565334200859,0.23703824124132916,0.19523214140771109,0.23703824124132916,0.1952321414077111,0.26950190928964834,0.23056381166689904,0.2471345479827717,0.2049648686524261,0.2695019110850971,0.23056381263231224,0.24713455546343982,0.20496487367927468,0.24504442546402383,0.21331589888049973,
lewidi_hsbrexit,gemma,0,GPP-laplace,0,256,0.41411853924237363,0.07721121124831826,0.16080877797988555,0.28655314172550644,0.9404761904761905,0.8928571428571429,0.18025414645671844,0.09849713742733002,0.030712708220798052,0.01270045469655734,0.030712708220798052,0.012700454696557367,0.06043149348146755,0.03772394391389276,0.035814633466752704,0.01665895113413715,0.060431491730360776,0.03772394214974184,0.035814632013096634,0.016658949179221116,0.021006729186689443,0.0021053204251261764,
lewidi_hsbrexit,gemma,0,LPE,0,256,0.48309598088815536,0.06638670300046816,0.12774974250023552,0.19300781698884137,0.9404761904761905,0.8928571428571429,0.0947677493095398,0.025733178481459618,0.2981768303633231,0.19422853278346333,0.2981768303633231,0.19422853278346333,0.3361300515055204,0.22964282745598733,0.30830385031183033,0.20308257361751764,0.3361300516031799,0.22964282743059802,0.30830385390362014,0.20308257659213555,0.29871383003214097,0.2911848695714249,
lewidi_hsbrexit,gemma,0,LP-temp,0,256,0.3666174328772518,0.07253071885308228,0.1574973128666645,0.2802569044910089,0.9166666666666666,0.8809523809523809,0.3459816607360006,,0.2738618166762679,,0.27386181667626797,,0.2990102673488272,,0.2815043291041904,,0.29901026795460606,,0.2815043331098072,,0.26395048173204433,,
lewidi_hsbrexit,gemma,0,GPP-cosine,1,16,0.8737682365898488,0.2546332221258095,0.4037457131004582,0.41891352297774376,0.5535714285714286,0.5773809523809523,0.35480809211730957,0.16673657298088074,-0.11279803730346694,-0.11197204069287772,-0.11279803730346694,-0.11197204069287772,-0.09393373351245153,-0.0936634129207884,-0.10839960335838184,-0.10798518673180382,-0.09393373247439157,-0.09366341221073127,-0.10839960279429764,-0.10798518794001676,-0.10596779473135089,-0.10430398741966178,
lewidi_hsbrexit,gemma,0,GPP-rbf,1,16,0.40179527859233183,0.08848531306120391,0.1861462825798385,0.3422586869082459,0.9404761904761905,0.8928571428571429,0.3044729232788086,0.1103408932685852,0.008865799469290767,7.755022935004852e-05,0.008865799469290753,7.755022935004852e-05,0.03480783278940966,0.02672590833363478,0.014461544129882611,0.005264242980383915,0.03480783264771574,0.026725907622381015,0.014461545923855457,0.0052642431346368035,0.0118000188949125,-0.018041620066975315,
lewidi_hsbrexit,gemma,0,GPP-laplace,1,16,0.5848329494350273,0.18359403897423354,0.34246284297357005,0.49972862489753583,0.9404761904761905,0.8928571428571429,0.43106573820114136,0.24740354716777802,0.04867698075869048,-0.014655988478148876,0.048676980758690466,-0.01465598847814887,0.08329201684838358,-0.03356254170056,0.05664042355543285,-0.02036891949103377,0.0832920169725524,-0.03356254336214574,0.056640427065665216,-0.020368926037390683,0.04469506959920186,-0.02326076981844705,
lewidi_hsbrexit,gemma,0,LPE,1,16,0.44267615301917507,0.07505584083460269,0.14978755209761271,0.25737587700881165,0.9404761904761905,0.8928571428571429,0.17636029422283173,0.038692329078912735,0.07755700116013532,0.06676724863858229,0.07755700116013532,0.06676724863858231,0.0939711915989639,0.07839619106416584,0.08247228127212719,0.0706467549687286,0.09397119257072441,0.07839619211755389,0.08247228596278955,0.07064676019959332,0.05010476711542011,0.04017769332277218,
lewidi_hsbrexit,gemma,0,LP-temp,1,16,0.4205825698816133,0.10472852571603583,0.21563359556032816,0.38753776963849096,0.9404761904761905,0.8928571428571429,0.510233190665643,,0.03060210727948827,,0.030602107279488262,,0.03885040898663978,,0.03423580980526512,,0.03885041082358928,,0.034235815376759675,,0.02060704363136748,,
lewidi_hsbrexit,gemma,0,GPP-cosine,1,256,0.46851972018699356,0.07075887975170088,0.1399929132283086,0.20331346329813396,0.9047619047619048,0.8571428571428571,0.15693500638008118,0.022600829601287842,0.29228151682970405,0.2627231529996042,0.29228151682970405,0.26272315299960425,0.27824748514476116,0.247540015397454,0.2910832342819294,0.25952607584349174,0.2782474853251703,0.24754001382633772,0.29108323549709997,0.2595260722397224,0.2675987743009716,0.2543580284043171,
lewidi_hsbrexit,gemma,0,GPP-rbf,1,256,0.45304319713863145,0.07083759806758774,0.13775446661609403,0.2202268239388539,0.9404761904761905,0.8928571428571429,0.1384667158126831,0.007709358353167772,0.23982923263373696,0.17572045331383576,0.23982923263373696,0.1757204533138358,0.23330089497495599,0.17659307440076227,0.24134661241644845,0.1762197159926341,0.23330089669150753,0.1765930736021214,0.2413466167005061,0.17621971466967482,0.21517490146339263,0.1607804858879472,
lewidi_hsbrexit,gemma,0,GPP-laplace,1,256,0.4376326352285554,0.07661276882197532,0.15412709108065992,0.2678335047172687,0.9404761904761905,0.8928571428571429,0.14757029712200165,0.07979957014322281,0.0170727612644668,0.001969296572601545,0.017072761264466774,0.0019692965726015588,0.04618285471198537,0.027566771754511624,0.021902060042305813,0.005908486166972468,0.04618285289429505,0.027566769899057472,0.02190205808246866,0.005908483741011064,0.008774492191254353,-0.008741959646053725,
lewidi_hsbrexit,gemma,0,LPE,1,256,0.6437904914862362,0.07766826869726533,0.13217588088272827,0.1843118900576571,0.9345238095238095,0.8869047619047619,0.04489736258983612,0.01030756440013647,0.24968595361702672,0.17903866752296405,0.24968595361702672,0.17903866752296405,0.23920180332062677,0.1599345736300647,0.2502030299587792,0.17386320162560254,0.23920180482244027,0.1599345713557326,0.2502030333887689,0.17386319551978646,0.23405772019912696,0.23131104388290272,
lewidi_hsbrexit,gemma,0,LP-temp,1,256,0.39144834864439765,0.07122528355399431,0.15123910731360088,0.25647531441959587,0.9285714285714286,0.8809523809523809,0.2749711899174191,,0.25091194936055905,,0.25091194936055905,,0.24164956486292183,,0.25362396645469504,,0.24164956850082714,,0.25362397426148886,,0.21851645860614255,,
lewidi_hsbrexit,gemma,0,GPP-cosine,2,64,0.6591913844771395,0.15959851133400865,0.26979187286391,0.3196557811146163,0.7321428571428571,0.7440476190476191,0.2869105637073517,0.09598077833652496,0.15293683209361503,0.13432371270433704,0.15293683209361505,0.13432371270433707,0.14385880226913478,0.13197715502249902,0.15258377974002593,0.1347475179704986,0.14385880308997573,0.13197715519160597,0.15258378093417,0.13474751686665767,0.16089667354937803,0.14344528680247115,
lewidi_hsbrexit,gemma,0,GPP-rbf,2,64,0.4291994573851771,0.07292803680008604,0.14692967515605102,0.24677616961537516,0.9404761904761905,0.8928571428571429,0.15678948163986206,0.04516620188951492,0.14204289732635583,0.09980496825825219,0.14204289732635586,0.09980496825825218,0.1583846469903577,0.11710221760519413,0.14493657972575708,0.1023165950330234,0.1583846453124103,0.11710221554446505,0.14493657975734928,0.10231659339552751,0.1664969188303428,0.12458570559902299,
lewidi_hsbrexit,gemma,0,GPP-laplace,2,64,0.41434126616208866,0.1027097364328338,0.21489406869347608,0.3864689347266368,0.9404761904761905,0.8928571428571429,0.3241342008113861,0.18376831710338593,0.044141305426586966,0.015753445530763868,0.044141305426586966,0.015753445530763854,0.0653011457165937,0.027329466356607976,0.046734034824612,0.015980943056442112,0.06530114316860322,0.02732946369272675,0.046734031154575764,0.015980938386176077,0.030775787759791486,-0.011981271646744555,
lewidi_hsbrexit,gemma,0,LPE,2,64,0.584728946636659,0.0783213107867343,0.1353812287111179,0.19900435120962479,0.9404761904761905,0.8928571428571429,0.0643664002418518,0.006987572647631168,0.15074545340018788,0.04637648173770945,0.1507454534001879,0.04637648173770943,0.15536235849557223,0.0503636861285964,0.15284377293189771,0.04773803830310051,0.15536235872723542,0.05036368637209918,0.1528437773909993,0.047738041648570595,0.22094245697681772,0.2215559278291724,
lewidi_hsbrexit,gemma,0,LP-temp,2,64,0.38025200057958675,0.08071573143014941,0.1733951999599952,0.3153944741461843,0.9404761904761905,0.8928571428571429,0.3923663729127692,,0.20638240806743857,,0.20638240806743857,,0.21286467033622655,,0.20853010882696113,,0.21286466980777777,,0.20853011097623397,,0.21227020992762252,,
lewidi_hsbrexit,gemma,0,GPP-cosine,2,256,0.4506932955280442,0.07337828330107554,0.1419823007130552,0.1939760442410093,0.9107142857142857,0.8630952380952381,0.16266357898712158,0.023519618436694145,0.3539926731477128,0.33864789130422485,0.3539926731477128,0.3386478913042249,0.3640375484283916,0.34294456628568226,0.35749224568677795,0.33973287194992186,0.3640375475781473,0.3429445642473313,0.35749224620528786,0.33973286910746947,0.37144730608782456,0.3673203203538024,
lewidi_hsbrexit,gemma,0,GPP-rbf,2,256,0.44747559346061516,0.06996471147966292,0.1365840651879331,0.21496415122023502,0.9404761904761905,0.8928571428571429,0.13904602825641632,0.007761136628687382,0.2954747207158873,0.24027437771147583,0.2954747207158874,0.24027437771147583,0.31866837990391134,0.2599769948421321,0.3034725900873221,0.24642233361780708,0.31866838123975155,0.2599769953280396,0.3034725953271573,0.24642233689680557,0.32743541993783587,0.29556282065413764,
lewidi_hsbrexit,gemma,0,GPP-laplace,2,256,0.4397405700438487,0.07684411733100062,0.15415642454311074,0.2682013933985476,0.9404761904761905,0.8928571428571429,0.14836013317108154,0.08030106127262115,0.017805731915222278,0.00307313660294134,0.017805731915222278,0.00307313660294134,0.049447629949825364,0.030873852863147228,0.02330751266365283,0.007621895836534387,0.04944762825970554,0.030873851142770983,0.023307510994670266,0.007621893709221977,0.0046753914959755715,-0.009146292707832926,
lewidi_hsbrexit,gemma,0,LPE,2,256,0.6536322142494061,0.07885127016883978,0.13295139633434397,0.18643479635191354,0.9404761904761905,0.8928571428571429,0.04311344772577286,0.009840789251029491,0.21533771979162566,0.10213786712114761,0.21533771979162566,0.10213786712114761,0.22833720519423686,0.10628708740934845,0.22073343054226843,0.10498597774244679,0.22833720663532275,0.10628708890443,0.22073343635543075,0.10498598341455585,0.32196995234413084,0.30217622234277897,
lewidi_hsbrexit,gemma,0,LP-temp,2,256,0.383138736596509,0.06905342826437078,0.1453535793169448,0.24544158424158835,0.9345238095238095,0.8869047619047619,0.27315454371473,,0.31104873618330886,,0.31104873618330886,,0.3227615110758284,,0.3160776188478588,,0.32276151179991297,,0.3160776215851222,,0.31482208741290774,,
lewidi_hsbrexit,gemma,0,GPP-cosine,3,64,0.6744852416548884,0.17085872943088412,0.29671760773514205,0.3773800210030124,0.7202380952380952,0.6964285714285714,0.3108677566051483,0.10316462814807892,-0.08362665236789099,-0.0911829390635561,-0.08362665236789099,-0.09118293906355611,-0.07255637629223952,-0.07371566556204354,-0.08445939543318969,-0.09112359306424932,-0.07255637936659094,-0.07371566915049249,-0.08445939779732758,-0.09112359665199175,-0.08108504515932982,-0.08274885247101893,
lewidi_hsbrexit,gemma,0,GPP-rbf,3,64,0.46434080736408995,0.07374783351772755,0.14174227966439157,0.23320013778381685,0.9404761904761905,0.8928571428571429,0.13691428303718567,0.011518776416778564,0.08815083038977403,0.040614601380811036,0.08815083038977403,0.040614601380811036,0.10867924838480286,0.06678250424131953,0.08981138778520029,0.04355324857733977,0.10867924466766546,0.06678250088332187,0.08981138451753787,0.043553244712399505,0.08676429805006754,0.025166247465912246,
lewidi_hsbrexit,gemma,0,GPP-laplace,3,64,0.4048685356042431,0.0940723289506719,0.19857037056326157,0.3605811574636758,0.9404761904761905,0.8928571428571429,0.2896610498428345,0.16361068189144135,-0.0025181067838836307,-0.02688314231778159,-0.0025181067838836307,-0.02688314231778159,0.021261987090716958,-0.011017673476140605,9.900089409516089e-05,-0.026174960747376144,0.021261984235930093,-0.011017676371313817,9.8996815354635e-05,-0.02617496554158863,-0.016442877845687445,-0.046214804210716776,
lewidi_hsbrexit,gemma,0,LPE,3,64,0.7267304724975645,0.08215484710763096,0.13175961065142128,0.1874914215131333,0.9404761904761905,0.8928571428571429,0.025386789813637733,0.0018608116079121828,0.1215624886435991,0.11864630479447397,0.1215624886435991,0.11864630479447397,0.13698381156167666,0.1434375304362053,0.12170700307103126,0.12066988317151207,0.1369838071830899,0.14343752588822264,0.12170699847731227,0.1206698774470051,0.12113260830129949,0.16607399574273465,
lewidi_hsbrexit,gemma,0,LP-temp,3,64,0.3909727471925134,0.07234762294348232,0.15606204979131824,0.28093520954970086,0.9404761904761905,0.8928571428571429,0.28142969836646775,,0.10474450810265751,,0.10474450810265752,,0.11731527788234915,,0.10502380246235785,,0.1173152744560016,,0.10502379946081161,,0.09474406663713518,,
lewidi_hsbrexit,gemma,0,GPP-cosine,3,256,0.4973402063499804,0.08103313366526968,0.15532304680345987,0.22708774650352742,0.9047619047619048,0.8690476190476191,0.17147526144981384,0.024667393416166306,0.19763744925604343,0.17828858148584817,0.19763744925604346,0.17828858148584817,0.1822989969597262,0.16278174592374361,0.19634485543596691,0.1758214699201097,0.18229899796734117,0.16278174579177215,0.1963448591432977,0.17582147075278948,0.18359044758004273,0.17191126385301828,
lewidi_hsbrexit,gemma,0,GPP-rbf,3,256,0.45430288311419065,0.07351944232321911,0.14369799296504684,0.23755881761995368,0.9404761904761905,0.8928571428571429,0.15951882302761078,0.00882095005363226,0.10123353583841589,0.08386013903322759,0.10123353583841589,0.08386013903322759,0.10507259319005621,0.09812679819784279,0.10429966714422802,0.08797478878433598,0.10507259500889762,0.09812679876036504,0.10429967330747036,0.08797479216239351,0.10090201269296781,0.06890393073492428,
lewidi_hsbrexit,gemma,0,GPP-laplace,3,256,0.43102569888697806,0.07730133260558059,0.15722352539610474,0.2763958216307822,0.9404761904761905,0.8928571428571429,0.15981248021125793,0.08667568117380142,0.0036232635902002513,-0.01226758620640854,0.0036232635902002513,-0.012267586206408512,0.0327040777635908,0.0129601134887678,0.00839962540418411,-0.008454899202827867,0.03270407598153255,0.012960111675031985,0.008399623545429266,-0.008454901548383909,-0.00588839068131317,-0.031375316092774434,
lewidi_hsbrexit,gemma,0,LPE,3,256,0.6563515399164382,0.08039411991476614,0.1366678627239361,0.20084053939928154,0.9404761904761905,0.8928571428571429,0.0570787750184536,0.014101402834057808,0.0865908579360464,0.028071713530346744,0.08659085793604639,0.028071713530346758,0.07610672110756689,0.02367154370099174,0.08568221005625509,0.028192047219375082,0.07610672208345298,0.02367154472226258,0.08568221442092745,0.028192050761082103,0.10343490371215935,0.11814890915575642,
lewidi_hsbrexit,gemma,0,LP-temp,3,256,0.4153878685759638,0.08371402837981748,0.172249308695789,0.30119753844997776,0.9285714285714286,0.8809523809523809,0.3215714374157307,,0.07655476586025446,,0.07655476586025446,,0.07809027748129357,,0.07861816204730539,,0.07809027890536084,,0.07861816750915737,,0.05702490423023882,,
lewidi_hsbrexit,gemma,0,GPP-cosine,4,64,0.7139684301072314,0.18553518326387813,0.3072200722708658,0.33981350621249246,0.7142857142857143,0.7023809523809523,0.29988375306129456,0.09957630187273026,0.06385824403228962,0.05213923283750278,0.06385824403228967,0.05213923283750278,0.05952709259294767,0.057549833102283406,0.06270150104451991,0.05248454145267033,0.05952709194461123,0.05754983183204162,0.06270149738317819,0.05248453627339894,0.06483736258484611,0.052316980189062626,
lewidi_hsbrexit,gemma,0,GPP-rbf,4,64,0.4335069019243282,0.07218798108443367,0.14443019821607908,0.243396827287367,0.9404761904761905,0.8928571428571429,0.15379829704761505,0.042342547327280045,0.1614632915013474,0.12741164783335387,0.1614632915013474,0.1274116478333539,0.16163199797663313,0.13499065258301093,0.16163760839000432,0.12831418761262847,0.16163199708038395,0.13499065091620285,0.1616376078633172,0.12831418521822754,0.12708606407301393,0.0690108233834406,
lewidi_hsbrexit,gemma,0,GPP-laplace,4,64,0.4113350538597536,0.10015476528639451,0.2099745729716406,0.3792992020295843,0.9404761904761905,0.8928571428571429,0.31500762701034546,0.17830292880535126,0.018578831698798967,-0.009776660739284113,0.018578831698798995,-0.009776660739284099,0.04184144608378304,0.004073680065065269,0.02120756712554854,-0.009422036555470262,0.04184144323066939,0.0040736771554818335,0.02120756273499902,-0.00942204180873897,-0.008723369620224799,-0.04047513373603504,
lewidi_hsbrexit,gemma,0,LPE,4,64,0.5597556614459623,0.075516661678366,0.13277327881310375,0.19704777811617782,0.9404761904761905,0.8928571428571429,0.07448281347751617,0.008746598847210407,0.19752406005189937,0.16857840605810998,0.19752406005189937,0.16857840605810998,0.17772355346236535,0.13957424792742237,0.19266536171598145,0.16042468038700414,0.17772355158954214,0.13957424481582492,0.19266535822313674,0.16042467306865943,0.20319362981664804,0.20095817921071937,
lewidi_hsbrexit,gemma,0,LP-temp,4,64,0.377596483771139,0.07674011768277336,0.1691864241355044,0.3057299385241735,0.9404761904761905,0.8928571428571429,0.36352438037865786,,0.20623873999603895,,0.20623873999603895,,0.1938112515391386,,0.2041603586830238,,0.19381125090919327,,0.20416035805345534,,0.20550344052589248,,
lewidi_hsbrexit,gemma,0,GPP-cosine,4,256,0.4687764578519562,0.06927610381029106,0.13656690228258195,0.2009441865431081,0.9166666666666666,0.8690476190476191,0.15695880353450775,0.02238793857395649,0.30768392629313457,0.2930769229882886,0.3076839262931346,0.29307692298828864,0.2993340576675507,0.2821521721867819,0.30723930835505153,0.29066121376923754,0.29933405720405526,0.28215217025208206,0.3072393095364146,0.2906612107911085,0.2674454065878829,0.2767171819700611,
lewidi_hsbrexit,gemma,0,GPP-rbf,4,256,0.4656584764421319,0.07246150191552705,0.13899726466098355,0.22582340273615548,0.9404761904761905,0.8928571428571429,0.1371648609638214,0.0075586154125630856,0.16035865094259646,0.12541139887920963,0.16035865094259646,0.12541139887920966,0.1726224641174831,0.1392348106669357,0.16675246966284102,0.13080097597314028,0.17262246720470945,0.13923481248516545,0.16675247865430615,0.13080098190965572,0.16592992304256046,0.13637178197456382,
lewidi_hsbrexit,gemma,0,GPP-laplace,4,256,0.4470888930733481,0.07715504519121955,0.15351373824246584,0.2661857107318171,0.9404761904761905,0.8928571428571429,0.1427215188741684,0.07700168341398239,0.0007842393511243023,-0.013905919411719661,0.0007842393511243023,-0.013905919411719661,0.03030287292950208,0.012349950532582393,0.005565628590103983,-0.009948606043668554,0.030302871065032225,0.012349948640354075,0.0055656265264526494,-0.009948608545801096,-0.008263266480958813,-0.024506301548985275,
lewidi_hsbrexit,gemma,0,LPE,4,256,0.6944773029220305,0.07933861883313573,0.13118467191661476,0.19212486944922474,0.9404761904761905,0.8928571428571429,0.04271360859274864,0.008038065396249294,0.12159650825643226,0.1051799069502358,0.12159650825643226,0.10517990695023577,0.12639005527314484,0.10545936007388924,0.12608527873898895,0.10923964789278397,0.1263900583098028,0.10545936383760067,0.12608528730751217,0.10923965768543377,0.14095887084785197,0.12110007575609888,
lewidi_hsbrexit,gemma,0,LP-temp,4,256,0.41939199409823774,0.07469764014879246,0.1527461718592918,0.2635661193908628,0.9345238095238095,0.8869047619047619,0.2518238306493112,,0.12461719994990941,,0.1246171999499094,,0.12477388928379175,,0.12823980792212428,,0.12477389246489962,,0.12823981647455812,,0.12562209953898576,,
lewidi_hsbrexit,gemma,12,GPP-cosine,0,64,0.9240001737594978,0.22966370032338715,0.3518563334215027,0.3101181472201191,0.625,0.6488095238095238,0.3721792697906494,0.016606060788035393,0.20826252225066916,-0.03673720735834717,0.20826252225066916,-0.036737207358347165,0.18421014560283072,-0.06748508371673093,0.20204642009131618,-0.0473776459236408,0.18421014318437184,-0.06748508783595081,0.20204641357636666,-0.04737765643407769,0.20546161296777737,0.11057347363046797,
lewidi_hsbrexit,gemma,12,GPP-rbf,0,64,0.4131485954930185,0.07315757149027528,0.1507573757137704,0.25917964830143475,0.9404761904761905,0.8928571428571429,0.17967480421066284,0.06211025267839432,0.16778061406528236,0.13015586969498916,0.16778061406528236,0.13015586969498916,0.17593132680786566,0.14447756150276783,0.16973733730730373,0.13282502248596303,0.17593132591217453,0.14447756014349108,0.16973733598836843,0.1328250203061762,0.15944200402826433,0.1409031007703652,
lewidi_hsbrexit,gemma,12,GPP-laplace,0,64,0.43742841916390446,0.11579819814979153,0.2362701530523953,0.415454070304768,0.9404761904761905,0.8928571428571429,0.3569604456424713,0.20383544266223907,0.07219100624257074,0.036325819882695204,0.07219100624257072,0.03632581988269519,0.10547586019795652,0.06059610198586499,0.07878933336748688,0.04061717542623762,0.10547585897453972,0.06059610062153124,0.0787893332505406,0.0406171740730612,0.08182399868602973,0.060710376850823936,
lewidi_hsbrexit,gemma,12,LPE,0,64,0.6368682162567084,0.07917134500109219,0.13269962810166666,0.19221037896561216,0.9404761904761905,0.8928571428571429,0.048897020518779755,0.004479274153709412,0.18018977995070243,0.13411233435715209,0.18018977995070246,0.13411233435715206,0.17157883540499924,0.12547119285190494,0.18003534868636123,0.1356921590070746,0.17157883615609826,0.12547119583849056,0.18003535043915087,0.13569216631611533,0.18498005201075515,0.14786971294975623,
lewidi_hsbrexit,gemma,12,LP-temp,0,64,0.3808088420034209,0.0763362155282191,0.16508238111662238,0.29732656700543414,0.9404761904761905,0.8928571428571429,0.35466663423629924,,0.20849956517048324,,0.20849956517048324,,0.1906061721965986,,0.20579991132766884,,0.19060617218996612,,0.20579991072742487,,0.19135178336362046,,
lewidi_hsbrexit,gemma,12,GPP-cosine,0,256,0.750042478560501,0.21553698751539135,0.3635247122965549,0.3894882130364855,0.5654761904761905,0.6130952380952381,0.49829545617103577,0.016863100230693817,0.12357706880482384,-0.07918149854122286,0.12357706880482386,-0.07918149854122283,0.10337847328761897,-0.1058530117165588,0.11978761157631276,-0.0877230023086784,0.10337847318121178,-0.10585301421676796,0.11978761185377924,-0.08772300880218326,0.09643111148111046,0.04085622926552807,
lewidi_hsbrexit,gemma,12,GPP-rbf,0,256,0.4015168127168502,0.06874615226598992,0.14433350904229364,0.24336059765547777,0.9404761904761905,0.8928571428571429,0.17635145783424377,0.050382450222969055,0.24385841016989243,0.20482864608843052,0.24385841016989243,0.20482864608843054,0.2810056441802492,0.245944342642817,0.2526001772715887,0.21337976986936955,0.28100564328618893,0.24594434082545308,0.2526001790722804,0.21337976923481233,0.23339777428219996,0.21034614225432838,
lewidi_hsbrexit,gemma,12,GPP-laplace,0,256,0.3987739642908895,0.08610564920313893,0.18341230247391477,0.3329256647110244,0.9404761904761905,0.8928571428571429,0.25491437315940857,0.1431879997253418,0.058753217732438384,0.035954607736942465,0.05875321773243837,0.03595460773694245,0.09575241466301171,0.06909478642455559,0.0659245900103332,0.042105156111066244,0.09575241326113348,0.06909478497375937,0.06592458930067842,0.04210515481534498,0.07330047184346591,0.055305326841062916,
lewidi_hsbrexit,gemma,12,LPE,0,256,0.5175125274972062,0.06928007525504859,0.1300639698919023,0.19269922355605645,0.9404761904761905,0.8928571428571429,0.08430097997188568,0.02961631678044796,0.29008133139790016,0.2510820596387475,0.29008133139790016,0.2510820596387475,0.3310555434008039,0.3017849750749749,0.2999662659859121,0.26147214323721574,0.3310555425473185,0.3017849726712995,0.2999662671517467,0.2614721416455937,0.2571047047205413,0.258559374241655,
lewidi_hsbrexit,gemma,12,LP-temp,0,256,0.38330105408336546,0.0749039587815729,0.15873079729774806,0.2869788981974275,0.9166666666666666,0.8928571428571429,0.3346893741345866,,0.19804183098149983,,0.19804183098149986,,0.2205376902761625,,0.20449995422574105,,0.22053769070229207,,0.20449995757623962,,0.18252616860133655,,
lewidi_hsbrexit,gemma,12,GPP-cosine,1,16,1.1896458014242153,0.3399201088256502,0.4873543441423126,0.3349193322975128,0.44642857142857145,0.43452380952380953,0.3758588135242462,0.03152042254805565,0.14979763957009296,-0.1112293874443317,0.14979763957009296,-0.1112293874443317,0.16926643552557363,-0.12546033737917628,0.15603830478934724,-0.11683625777593938,0.1692664367593054,-0.1254603394321295,0.1560383078850506,-0.11683626308261377,0.14462575344260817,-0.010596314722489368,
lewidi_hsbrexit,gemma,12,GPP-rbf,1,16,0.4010977409672001,0.09267734196692351,0.19659909989596122,0.3610879642751558,0.9404761904761905,0.8928571428571429,0.31511685252189636,0.1340782344341278,-0.030373869732938354,-0.04345317458039551,-0.030373869732938354,-0.04345317458039552,0.022481644838876352,0.004967775407337172,-0.02113269827251462,-0.03492937169966022,0.022481642462804416,0.004967773396621106,-0.021132697943134805,-0.034929372048990076,-0.04225512870915496,-0.02957673109382558,
lewidi_hsbrexit,gemma,12,GPP-laplace,1,16,0.6150810000436542,0.19628032347438018,0.360391357957962,0.5061959069777774,0.9404761904761905,0.8928571428571429,0.43559741973876953,0.250445693731308,0.04686502563887011,-0.012091549415073306,0.0468650256388701,-0.01209154941507333,0.08389884439601464,-0.03323200442064777,0.05555378346727973,-0.01816535156129394,0.08389884475052756,-0.033232005957100165,0.055553788346139124,-0.018165358238156435,0.05246570039569406,-0.04421172892764971,
lewidi_hsbrexit,gemma,12,LPE,1,16,0.48652422714908183,0.07622831873656462,0.14530909918747575,0.24401331526005063,0.9404761904761905,0.8928571428571429,0.13858282566070557,0.022356746718287468,-0.017289237631534747,0.003217228978691365,-0.01728923763153473,0.0032172289786913683,0.008192765826805008,0.027646389039452685,-0.013250275494788317,0.007450658372070991,0.008192764235519644,0.027646387787188413,-0.013250274242763017,0.007450659827107289,-0.045136582712638915,-0.055909502680503105,
lewidi_hsbrexit,gemma,12,LP-temp,1,16,0.43474120622505974,0.11400237328717357,0.23329209740258575,0.41402323852229345,0.9404761904761905,0.8928571428571429,0.5483575559647849,,-0.05791754589700911,,-0.05791754589700912,,-0.029523110890662937,,-0.05311515251578797,,-0.029523112077029585,,-0.053115150007935166,,-0.051406068923445125,,
lewidi_hsbrexit,gemma,12,GPP-cosine,1,256,0.8232265514649297,0.2114398847630157,0.3395724247511409,0.3419361125536727,0.625,0.6369047619047619,0.4105875790119171,0.010706604458391666,0.10203364395844208,-0.059559790682260354,0.10203364395844208,-0.05955979068226034,0.08972124782666563,-0.08158561764227705,0.1010710393681119,-0.06526345487866575,0.08972124908671893,-0.08158561824339215,0.10107104252391949,-0.0652634564759477,0.07771095547137925,0.047334853266909734,
lewidi_hsbrexit,gemma,12,GPP-rbf,1,256,0.4277694028739336,0.06807936520481334,0.1373819090949837,0.2249256366419908,0.9404761904761905,0.8928571428571429,0.15776726603507996,0.012686957605183125,0.231971936186086,0.24853560120556184,0.23197193618608603,0.2485356012055619,0.22903821216441994,0.2566405535767081,0.23218599615813212,0.24971592759327632,0.2290382116085552,0.25664055130396957,0.23218599605269755,0.24971592404269707,0.1858073081601425,0.19568325938176087,
lewidi_hsbrexit,gemma,12,GPP-laplace,1,256,0.3998063778095454,0.08235754398135776,0.17530632229699267,0.3177113354265804,0.9404761904761905,0.8928571428571429,0.23128452897071838,0.12933480739593506,0.04830551210525264,0.026503524205313184,0.04830551210525265,0.026503524205313184,0.08288683361995189,0.05764430445077527,0.054775878965957744,0.03199345708065887,0.08288683209420145,0.05764430281280472,0.054775877913167625,0.03199345532775172,0.06741208116215275,0.05092272825189298,
lewidi_hsbrexit,gemma,12,LPE,1,256,0.6070268880552628,0.07371645704653512,0.1283849510701722,0.18599542778245054,0.9345238095238095,0.8988095238095238,0.057329948991537094,0.014718911610543728,0.22256679351072006,0.18281242556314714,0.22256679351072006,0.1828124255631472,0.20665471129330365,0.18565829514201115,0.2177554206107636,0.18036006497257298,0.20665470836498767,0.18565829053486574,0.21775541448191277,0.1803600553135846,0.18902338262854715,0.1749507330760481,
lewidi_hsbrexit,gemma,12,LP-temp,1,256,0.3906442817335171,0.07006019224484636,0.15044646808669745,0.2640845659351151,0.9404761904761905,0.9047619047619048,0.27724659340372426,,0.2005718798714502,,0.2005718798714502,,0.19116840505963462,,0.2000897878222913,,0.19116840550658484,,0.20008978902973007,,0.1758430543158367,,
lewidi_hsbrexit,gemma,12,GPP-cosine,2,64,1.3611553753550933,0.30285092206947845,0.40814707822565177,0.25752203711980454,0.5654761904761905,0.5654761904761905,0.21584264934062958,0.01478093583136797,0.1456322588247671,-0.0683671568404319,0.1456322588247671,-0.06836715684043193,0.1507187938724649,-0.07362868983169399,0.14859866804654848,-0.06861498820690098,0.15071879498861643,-0.07362868838384604,0.14859867281980682,-0.06861498397891644,0.13424787152360873,0.017897547366801117,
lewidi_hsbrexit,gemma,12,GPP-rbf,2,64,0.3910622258578783,0.07318447954911804,0.15691942042238743,0.278344124242255,0.9404761904761905,0.8928571428571429,0.21524521708488464,0.0772060751914978,0.16735323191279594,0.12524009023679672,0.16735323191279594,0.12524009023679672,0.16923229119005673,0.13539282053949972,0.1687974663306618,0.12768488806871578,0.16923229125203487,0.1353928199762664,0.1687974695361616,0.12768488946427148,0.16676647420486226,0.13821684203808499,
lewidi_hsbrexit,gemma,12,GPP-laplace,2,64,0.4555234366109715,0.12515672343448242,0.2514303575402924,0.43297994891752095,0.9404761904761905,0.8928571428571429,0.37470731139183044,0.21425853669643402,0.08193743479865012,0.040967434274403476,0.08193743479865015,0.040967434274403455,0.11289457854279987,0.0612527991175118,0.08779002310902911,0.0440275058383561,0.11289457699262789,0.061252797322515394,0.08779002227002373,0.0440275033150828,0.08347851098480437,0.057089969320640074,
lewidi_hsbrexit,gemma,12,LPE,2,64,0.5792600645811445,0.07602617628031585,0.13294569088681046,0.19471176621447364,0.9404761904761905,0.8928571428571429,0.061926063150167465,0.007529060821980238,0.20254428103473804,0.15612796905948628,0.20254428103473804,0.15612796905948634,0.19250004241970187,0.14905281196538683,0.20163986891386293,0.1553932298530892,0.1925000425399438,0.14905281185403055,0.20163987307014994,0.15539323392373006,0.20777142367702175,0.23013987225568022,
lewidi_hsbrexit,gemma,12,LP-temp,2,64,0.38168783424341346,0.07242725946405051,0.15712820832120838,0.2836870468935497,0.9404761904761905,0.8928571428571429,0.3210266871439093,,0.20447446544572628,,0.20447446544572634,,0.1882128164443745,,0.20271160927910797,,0.18821281710902377,,0.20271161289962455,,0.20233384112206013,,
lewidi_hsbrexit,gemma,12,GPP-cosine,2,256,0.8471811977215808,0.22175520273181185,0.348129190529018,0.33403002046453967,0.6309523809523809,0.6428571428571429,0.3865899443626404,0.014372250996530056,0.0952880059953983,-0.056089796194031524,0.09528800599539834,-0.05608979619403152,0.08571196259573041,-0.07972215457705567,0.09396168311166181,-0.06194352137155891,0.08571196282979918,-0.07972215497700365,0.09396168576603095,-0.06194352250621381,0.0877728069512869,0.02184792785544847,
lewidi_hsbrexit,gemma,12,GPP-rbf,2,256,0.44550827226917733,0.0705760672417252,0.13934995890234686,0.2241071587474423,0.9404761904761905,0.8928571428571429,0.14345194399356842,0.011651076376438141,0.22201175541748241,0.17321402294613192,0.22201175541748247,0.17321402294613186,0.25541078520028604,0.21452178262652888,0.22907172664779768,0.18156967628165036,0.2554107834890772,0.21452178075048858,0.2290717266709242,0.18156967560547144,0.23363944461797603,0.2157326022382605,
lewidi_hsbrexit,gemma,12,GPP-laplace,2,256,0.40084899265300356,0.08165023164805696,0.17329263713743007,0.3130690148328184,0.9404761904761905,0.8928571428571429,0.22561371326446533,0.12603943049907684,0.05592479017590514,0.03558349183535381,0.055924790175905154,0.03558349183535379,0.094483160044428,0.07053486254831529,0.06302293739930151,0.04171384914281901,0.09448315820040021,0.07053486063711059,0.06302293580961343,0.04171384695181252,0.08545834873558529,0.06724012342323514,
lewidi_hsbrexit,gemma,12,LPE,2,256,0.6616873200249711,0.07854500940083882,0.132439143875626,0.18833283839994713,0.9404761904761905,0.8928571428571429,0.041022829711437225,0.009034832008183002,0.19907940465792975,0.1380374955078275,0.19907940465792978,0.1380374955078275,0.23977232718939656,0.17800459790740092,0.20817391367931656,0.146945834437627,0.23977232611650712,0.17800459720055012,0.20817391481590433,0.14694583639339087,0.233276939114312,0.22943809878063814,
lewidi_hsbrexit,gemma,12,LP-temp,2,256,0.4047929276581592,0.06989890102995777,0.14482753015318298,0.24218654409890475,0.9404761904761905,0.8928571428571429,0.2397691500364818,,0.22836970850069135,,0.22836970850069133,,0.2541072444478281,,0.2342688602091503,,0.2541072432670767,,0.23426886096406474,,0.2249950826075242,,
lewidi_hsbrexit,gemma,12,GPP-cosine,3,64,1.433280722038502,0.31501172687960605,0.41423779791104953,0.2602007602750338,0.5714285714285714,0.5714285714285714,0.1806461215019226,0.01640237867832184,-0.01789361523590563,-0.05687019996695233,-0.01789361523590561,-0.05687019996695233,-0.028833995955858543,-0.08190294886172675,-0.018697230760793937,-0.062610376069867,-0.028833994073349894,-0.08190294878983605,-0.018697225640953913,-0.06261037654213414,-0.00872801712668203,-0.0684020000375432,
lewidi_hsbrexit,gemma,12,GPP-rbf,3,64,0.4412383449277528,0.07378275709324711,0.14681907020331847,0.24907207110070284,0.9404761904761905,0.8928571428571429,0.1661846786737442,0.020439747720956802,0.07251337214170711,0.026416106479056775,0.07251337214170711,0.02641610647905679,0.09457420253020046,0.053610532183245845,0.07858402912461819,0.03252752988744845,0.09457420344679232,0.05361053219653348,0.07858403517975877,0.03252753321921209,0.09089593129054695,0.089576039456693,
lewidi_hsbrexit,gemma,12,GPP-laplace,3,64,0.44428817517338903,0.11902233419742805,0.24123334299240792,0.42058009634629473,0.9404761904761905,0.8928571428571429,0.36142903566360474,0.20656926929950714,0.04383213613321368,0.006013906921050874,0.0438321361332137,0.006013906921050888,0.08144372197539045,0.034926333990429,0.05110241817514549,0.010966487532954247,0.08144372063157068,0.03492633242976089,0.05110241826143906,0.010966486256394833,0.05102497339395209,0.032444242577937835,
lewidi_hsbrexit,gemma,12,LPE,3,64,0.7030298731566786,0.08202760414308205,0.13272683185970804,0.19179507600226509,0.9404761904761905,0.8928571428571429,0.03222455829381943,0.0024725780822336674,0.08432334659386748,0.06087842508223627,0.08432334659386748,0.06087842508223627,0.10588319695143242,0.07622742028671844,0.08957729347710452,0.06466851145345144,0.10588319700478822,0.07622742037444478,0.08957729728622198,0.06466851452295592,0.09517628473765777,0.1336715807229119,
lewidi_hsbrexit,gemma,12,LP-temp,3,64,0.4019603964068312,0.07478605059731216,0.1580656374506216,0.28071334581072366,0.9404761904761905,0.8928571428571429,0.2774414825562661,,0.07839072685138768,,0.07839072685138772,,0.09471775312180021,,0.08396627732172973,,0.09471775484365849,,0.08396628486652524,,0.07489921406475378,,
lewidi_hsbrexit,gemma,12,GPP-cosine,3,256,0.9885161631780297,0.22452431782475082,0.34739197116370574,0.3253255083860659,0.6309523809523809,0.6428571428571429,0.39446139335632324,0.011453056707978249,0.14752591391490577,-0.10627793762643584,0.14752591391490574,-0.10627793762643584,0.14187007343149977,-0.11263302557621307,0.1497037681963081,-0.10891652687427396,0.14187007627020112,-0.11263302627505106,0.14970377420655756,-0.10891652880825421,0.1264354131690014,0.17416065697831865,
lewidi_hsbrexit,gemma,12,GPP-rbf,3,256,0.44654997044022177,0.07088557793803851,0.14122794598889804,0.23474837750314526,0.9404761904761905,0.8928571428571429,0.15927335619926453,0.012614434584975243,0.13307132794689788,0.12908245738073004,0.1330713279468979,0.12908245738073004,0.13163941956596803,0.14169133561136138,0.1340369620466612,0.13222560816244347,0.13163942012342592,0.1416913352026628,0.13403696484734173,0.13222560909256248,0.09001290506367282,0.09835982666086182,
lewidi_hsbrexit,gemma,12,GPP-laplace,3,256,0.3986441690262794,0.08342700842891697,0.17782821761266815,0.32278845747303514,0.9404761904761905,0.8928571428571429,0.23982572555541992,0.13428948819637299,0.05264147606914898,0.02986397578423783,0.05264147606914896,0.029863975784237842,0.09054641154049606,0.06408515407893164,0.05994101392285782,0.03614505721776606,0.09054641010065156,0.06408515255005287,0.05994101335151072,0.036145055976332316,0.07641430116981146,0.06249037182394387,
lewidi_hsbrexit,gemma,12,LPE,3,256,0.6622069543626808,0.07564008197802019,0.13118142078546735,0.19115391225466824,0.9404761904761905,0.8928571428571429,0.0541946142911911,0.01307155005633831,0.1847309360632976,0.2016707672743937,0.1847309360632976,0.2016707672743937,0.19680936194693988,0.23451707491906304,0.18941058021907947,0.2086027689676645,0.19680936301445714,0.23451707333208277,0.18941058292556484,0.20860276746117457,0.09389822046191892,0.12628204545591273,
lewidi_hsbrexit,gemma,12,LP-temp,3,256,0.43574296198404266,0.07332930368767972,0.14846816882898692,0.26239301815699956,0.9404761904761905,0.8928571428571429,0.24541621486330328,,0.09635529740170377,,0.09635529740170379,,0.09365548874031958,,0.09694185445253203,,0.09365548942301666,,0.09694185739780517,,0.05395290246200835,,
lewidi_hsbrexit,gemma,12,GPP-cosine,4,64,0.810639607877029,0.22883734773894138,0.3684097745785082,0.36250778483499874,0.5952380952380952,0.6071428571428571,0.4396045207977295,0.023225853219628334,0.10400902180535093,-0.10071540589173694,0.10400902180535095,-0.10071540589173691,0.11023843034951178,-0.1116665106888239,0.10796227005541728,-0.10337463191550653,0.11023843255575194,-0.11166651032930257,0.10796227580445691,-0.10337463102075894,0.08985488984412693,-0.0046986290282617325,
lewidi_hsbrexit,gemma,12,GPP-rbf,4,64,0.3992430878755841,0.07380038804376679,0.1564514208474152,0.2785199691887572,0.9404761904761905,0.8928571428571429,0.20731094479560852,0.07225021719932556,0.11534940485035537,0.0821206262787357,0.11534940485035539,0.0821206262787357,0.12276990121867162,0.09444401605469654,0.11768946030609527,0.08478029791237167,0.12276990126751466,0.09444401548283865,0.11768946126686342,0.08478029734778385,0.1189389852534859,0.08835374525844093,
lewidi_hsbrexit,gemma,12,GPP-laplace,4,64,0.4484835987238713,0.12141187728285913,0.24562044503788152,0.4265832853810026,0.9404761904761905,0.8928571428571429,0.367349237203598,0.20988494157791138,0.048150863815583436,0.007202832439038326,0.04815086381558342,0.007202832439038326,0.0840566571279628,0.032395145911749475,0.054602115432366774,0.010899801911542786,0.08405665525993254,0.03239514385141372,0.0546021140596917,0.01089979900628063,0.05803806063791544,0.03853247603691199,
lewidi_hsbrexit,gemma,12,LPE,4,64,0.5695931467736168,0.07640849864722596,0.13423483716265072,0.20206576435625304,0.9404761904761905,0.8928571428571429,0.07131785154342651,0.010278478264808655,0.10830572167446925,0.17566740420343285,0.10830572167446928,0.17566740420343285,0.08762817676474342,0.1484845131922942,0.10605412019283768,0.1730341448043626,0.08762817858434241,0.14848451573143012,0.1060541241297106,0.17303415100987216,0.1216113014663944,0.12478090087022677,
lewidi_hsbrexit,gemma,12,LP-temp,4,64,0.3873597291943452,0.08484069292342762,0.18288011419348993,0.3331188270504854,0.9345238095238095,0.8869047619047619,0.4135696397020694,,0.13244687570669517,,0.1324468757066952,,0.1194740533812557,,0.13126645389342592,,0.1194740543620274,,0.1312664552276146,,0.1125672539006206,,
lewidi_hsbrexit,gemma,12,GPP-cosine,4,256,0.9074703051238877,0.22221385681043546,0.34269855881275585,0.3141120661792566,0.6071428571428571,0.6309523809523809,0.3636559545993805,0.011518580839037895,0.14019308304842082,-0.018867901555436942,0.1401930830484208,-0.018867901555436956,0.12246080492129638,-0.041932067437289486,0.13880813695407812,-0.022827878700673168,0.12246080678146562,-0.04193206611109291,0.13880814300515626,-0.02282787538188398,0.1356002959026633,0.056941249114008656,
lewidi_hsbrexit,gemma,12,GPP-rbf,4,256,0.4338387850756764,0.06838613483066357,0.13575628104098586,0.21922167485643138,0.9404761904761905,0.8928571428571429,0.14653845131397247,0.01159718818962574,0.2774945301396517,0.23324990375811658,0.2774945301396517,0.23324990375811658,0.2955198762059727,0.25504636411059955,0.28463330439714546,0.24040799642160515,0.2955198779597903,0.25504636525648894,0.28463331048739277,0.24040800107524485,0.2528104087540588,0.24714509838269277,
lewidi_hsbrexit,gemma,12,GPP-laplace,4,256,0.40361247948184437,0.08157432847761788,0.17277338608567203,0.31187376739180744,0.9404761904761905,0.8928571428571429,0.22138504683971405,0.12353112548589706,0.04307110092485094,0.022000190440937942,0.04307110092485092,0.0220001904409379,0.08015811601324832,0.05555810332324842,0.0499889025077605,0.0279554723128038,0.08015811440990243,0.055558101644387986,0.04998890140235798,0.027955470590129407,0.06775599663998794,0.04595919135556901,
lewidi_hsbrexit,gemma,12,LPE,4,256,0.6362968832329161,0.07504440234126684,0.12806215612145674,0.17963463986162911,0.9345238095238095,0.8869047619047619,0.04812918230891228,0.011009625159204006,0.262194979863844,0.2942055410001154,0.26219497986384405,0.2942055410001154,0.291573319226911,0.3263931735221832,0.27068331748619057,0.30349294029865476,0.29157331982074786,0.3263931741136753,0.2706833214281164,0.3034929449427946,0.22852718751502069,0.2521597578500463,
lewidi_hsbrexit,gemma,12,LP-temp,4,256,0.3931760724320283,0.06777075612773893,0.14254384316429194,0.24133836264464886,0.9285714285714286,0.8809523809523809,0.2449619871984065,,0.27506127652043094,,0.275061276520431,,0.2885996105020868,,0.28249518520682426,,0.28859961369089915,,0.28249519396983513,,0.2466338726723972,,
lewidi_hsbrexit,gemma,25,GPP-cosine,0,64,0.880324427130089,0.21955486880309436,0.3479085564079772,0.3398541284473674,0.6130952380952381,0.625,0.40337562561035156,0.010537499561905861,0.1051439065401129,-0.06251855151976837,0.10514390654011291,-0.06251855151976835,0.07746913401008967,-0.07178664498839418,0.0976607162514299,-0.06749782451021885,0.07746913173317227,-0.07178664786650268,0.09766071030695084,-0.06749783139260324,0.11575079582382464,0.06353606077682111,
lewidi_hsbrexit,gemma,25,GPP-rbf,0,64,0.46369905243280163,0.07295969163377451,0.1409005483119039,0.22840613309574978,0.9404761904761905,0.8928571428571429,0.12087583541870117,0.029556063935160637,0.20743708094509833,0.14200384922246795,0.20743708094509838,0.14200384922246795,0.23318181848103192,0.1803213593467332,0.21298927944619175,0.14912886411746598,0.23318181704867266,0.18032135703185437,0.21298927624417271,0.14912885979205215,0.18278178145648433,0.12079334032992153,
lewidi_hsbrexit,gemma,25,GPP-laplace,0,64,0.40282313720355184,0.09352158536794478,0.1980660990590141,0.36261864055196313,0.9404761904761905,0.8928571428571429,0.29155123233795166,0.16438134014606476,-0.06194568963499055,-0.10723738299631091,-0.06194568963499053,-0.10723738299631089,-0.015847750938957558,-0.07087361806955902,-0.05403668128252312,-0.10175940404927067,-0.01584775294846027,-0.07087362012174142,-0.05403668356468683,-0.10175940727758509,-0.05300481114473299,-0.10053950718930371,
lewidi_hsbrexit,gemma,25,LPE,0,64,0.6151613715907013,0.07791767386142193,0.13127414371428175,0.18707850638196155,0.9404761904761905,0.8928571428571429,0.043372929096221924,0.00320376455783844,0.3007881733670644,0.28336695754880703,0.3007881733670645,0.28336695754880703,0.3156159954658156,0.29871056454331424,0.3047912697074612,0.2867299849295627,0.3156159943583582,0.29871056271178975,0.3047912660173859,0.2867299804056327,0.2698899949843871,0.26570259166642085,
lewidi_hsbrexit,gemma,25,LP-temp,0,64,0.3683402773281044,0.07216912496745602,0.15936637370072862,0.29229518128049764,0.9404761904761905,0.8928571428571429,0.35062729440325474,,0.2855261558140154,,0.2855261558140154,,0.28280430895228675,,0.284874731485416,,0.28280430703439025,,0.2848747260360816,,0.2652424885271549,,
lewidi_hsbrexit,gemma,25,GPP-cosine,0,256,0.9577012054936453,0.21655447605600542,0.352076802028479,0.36807239838188405,0.5654761904761905,0.6130952380952381,0.4430212676525116,0.0060094501823186874,0.044287098291840236,-0.07352805599595805,0.04428709829184025,-0.07352805599595805,0.02356110241126895,-0.07732723857765575,0.039716673528775406,-0.07597465283728315,0.023561102079717063,-0.07732723989718918,0.03971667213049977,-0.07597465596945194,0.04767412123828768,-0.011367800794389907,
lewidi_hsbrexit,gemma,25,GPP-rbf,0,256,0.4161477130795258,0.061635812359288424,0.12597341420422753,0.19608524798084886,0.9404761904761905,0.8928571428571429,0.1285935342311859,0.024850569665431976,0.40833856097009413,0.37766766079671277,0.40833856097009413,0.3776676607967128,0.3771457349589787,0.35477770251633667,0.39979261633303886,0.37025535808193116,0.37714573038548826,0.3547776973841945,0.3997926075003094,0.3702553478985894,0.3793898946232344,0.3432044093472247,
lewidi_hsbrexit,gemma,25,GPP-laplace,0,256,0.42222557731960986,0.07685828229161498,0.15856507831319636,0.28145168641600393,0.9404761904761905,0.8928571428571429,0.16633428633213043,0.09045811742544174,-0.018007940394321444,-0.04840739668415325,-0.018007940394321464,-0.04840739668415327,0.024572605155083305,-0.011087983938906282,-0.01135803156764853,-0.04313765603012783,0.024572602314987008,-0.011087986837277436,-0.011358035368283871,-0.04313766055828846,-0.026290944028562434,-0.05408303264281085,
lewidi_hsbrexit,gemma,25,LPE,0,256,0.4929507193210911,0.06229876801585447,0.11969541921756727,0.16918446946438684,0.9404761904761905,0.8928571428571429,0.07806108891963959,0.01930246874690056,0.41781222172241494,0.3847341417609167,0.417812221722415,0.38473414176091675,0.378455323933094,0.338116715829881,0.407023012709433,0.37385963630700564,0.3784553187881661,0.33811671257030207,0.40702300174632755,0.3738596303273204,0.40630825202352316,0.40566689613242507,
lewidi_hsbrexit,gemma,25,LP-temp,0,256,0.34287874895195125,0.05888507932052047,0.13538758782377786,0.24061045311814158,0.9345238095238095,0.8869047619047619,0.3048740424427961,,0.44593345219716657,,0.44593345219716657,,0.43211655926244036,,0.4398862746072161,,0.4321165529989943,,0.43988626105756895,,0.4257905990922405,,
lewidi_hsbrexit,gemma,25,GPP-cosine,1,16,0.9744854760919498,0.29530670714023544,0.45264056147564025,0.36963339337601514,0.47023809523809523,0.48214285714285715,0.4428044259548187,0.02945958636701107,0.04827444088444029,-0.061446996009366414,0.0482744408844403,-0.061446996009366414,0.06930112519924601,-0.05670904844958649,0.052956117711496734,-0.06213034504323135,0.06930112498000646,-0.05670904996228871,0.05295611580714593,-0.062130348362647,0.06310849018275574,-0.03131025100237318,
lewidi_hsbrexit,gemma,25,GPP-rbf,1,16,0.40187195065162146,0.08084808558761973,0.1723578094083461,0.3158887829156886,0.9404761904761905,0.8928571428571429,0.2501993775367737,0.09018359333276749,-0.0365120725066047,-0.08146379736840606,-0.03651207250660472,-0.08146379736840609,0.02405079552484233,-0.021420970283295523,-0.023960643523272238,-0.06980485093302675,0.024050794996240642,-0.021420971385963716,-0.023960640147685952,-0.06980484963537559,-0.03186795177724104,-0.08823291009055291,
lewidi_hsbrexit,gemma,25,GPP-laplace,1,16,0.5848918900773976,0.18369061094765948,0.3422399450182205,0.500053161782941,0.9404761904761905,0.8928571428571429,0.43120428919792175,0.2476382702589035,0.008451002196516871,-0.04676665436980122,0.008451002196516861,-0.046766654369801236,0.0552383911477985,-0.05879479119223266,0.01884844164823775,-0.05093369771067209,0.05523839128078618,-0.05879479259830059,0.018848445828003824,-0.05093370356043278,0.025152304946540548,-0.07683257675096238,
lewidi_hsbrexit,gemma,25,LPE,1,16,0.519369579670377,0.07667206446047911,0.13981005082383663,0.22373140684090392,0.9404761904761905,0.8928571428571429,0.09924894571304321,0.018508881330490112,0.05432228429503079,0.05864050717643079,0.05432228429503081,0.05864050717643081,0.08499789142347494,0.08248381238585542,0.06149505263638612,0.06396235528437323,0.08499789158942539,0.08248381212641262,0.061495056323744725,0.06396235793486776,0.0419855733346355,0.04407695124038998,
lewidi_hsbrexit,gemma,25,LP-temp,1,16,0.4009872680366474,0.0934638708724162,0.1975859052599304,0.3637342800954351,0.9404761904761905,0.8928571428571429,0.4629848723707179,,0.02064672043058962,,0.020646720430589616,,0.0635663419443342,,0.03067891002861867,,0.0635663425322568,,0.030678915179959278,,0.02424139368092304,,
lewidi_hsbrexit,gemma,25,GPP-cosine,1,256,0.9090467396124718,0.21770849841132162,0.34795266748299103,0.36596460447952,0.6071428571428571,0.6309523809523809,0.42660632729530334,0.006767363287508488,-0.015954351939147057,-0.15360778631093766,-0.01595435193914706,-0.1536077863109377,-0.038522542515280235,-0.15468797465482337,-0.021227830192888184,-0.15565474832701737,-0.03852254278941847,-0.15468797567067105,-0.021227831750696213,-0.15565475053364064,-0.002797798887253771,-0.043537840491351044,
lewidi_hsbrexit,gemma,25,GPP-rbf,1,256,0.4230402091995438,0.06534314073365735,0.13230322002034103,0.20837835677863498,0.9404761904761905,0.8928571428571429,0.13447269797325134,0.006946024484932423,0.35855776354545127,0.3187295895962353,0.35855776354545127,0.3187295895962354,0.3400907054222309,0.3130287114379616,0.3552994725830059,0.3164525636613869,0.34009070395879215,0.31302870822071577,0.35529946999086237,0.3164525581560045,0.3220396649409893,0.25729525248528784,
lewidi_hsbrexit,gemma,25,GPP-laplace,1,256,0.4359201291016506,0.07668586750122627,0.1550396428099789,0.2722782290126325,0.9404761904761905,0.8928571428571429,0.1475493609905243,0.07967978715896606,-0.05367750116444163,-0.08117674336729283,-0.053677501164441636,-0.08117674336729286,-0.009245494673126853,-0.04115952939941128,-0.04637980483426712,-0.07510819925425832,-0.009245497011178022,-0.04115953185240332,-0.046379807607168484,-0.07510820284286658,-0.06903870842218401,-0.0987316271774404,
lewidi_hsbrexit,gemma,25,LPE,1,256,0.5802395754650926,0.0699039957049995,0.12401234601873598,0.17217231253726745,0.9404761904761905,0.8928571428571429,0.04406612366437912,0.008092868141829967,0.3589459158653214,0.3545234064919017,0.35894591586532143,0.35452340649190184,0.3481760459296238,0.33458672998259714,0.3572307745043643,0.3496635487814601,0.3481760443084264,0.3345867271214985,0.3572307713668379,0.3496635438901028,0.3245121383762368,0.3336305460453264,
lewidi_hsbrexit,gemma,25,LP-temp,1,256,0.36875016688417184,0.05736179401251166,0.12711948480843055,0.21837535362439567,0.9464285714285714,0.8988095238095238,0.20503955366365953,,0.33900230353425176,,0.33900230353425187,,0.32875553236749544,,0.33896644833425993,,0.32875553261632134,,0.33896644793281017,,0.3050576763462629,,
lewidi_hsbrexit,gemma,25,GPP-cosine,2,64,1.2052072608985027,0.27758855213307404,0.3897424076285197,0.27565255950584905,0.5654761904761905,0.5773809523809523,0.27252060174942017,0.011185014620423317,0.1351693201394117,0.0004989420166110897,0.13516932013941174,0.0004989420166111105,0.13845632324744583,-0.0046636970713195,0.13647687451855164,0.0013761137544145569,0.13845632302420727,-0.004663694843792969,0.13647687601764433,0.0013761195780140068,0.11675930472504402,0.0322955223713064,
lewidi_hsbrexit,gemma,25,GPP-rbf,2,64,0.42951952164698765,0.07162748570718601,0.14583850057706946,0.2455650638670799,0.9404761904761905,0.8928571428571429,0.15110480785369873,0.040569573640823364,0.1213287421445653,0.061483140461963244,0.1213287421445653,0.06148314046196328,0.12472762122105832,0.07582425002027166,0.11822034172251643,0.06066885116538391,0.1247276161493262,0.07582424522834734,0.11822033551968282,0.0606688446769071,0.12124414845627306,0.07564746260436815,
lewidi_hsbrexit,gemma,25,GPP-laplace,2,64,0.4170655013465052,0.10428145815695279,0.2179283689530123,0.3931457490243666,0.9404761904761905,0.8928571428571429,0.32871904969215393,0.1863841712474823,-0.05244747127712533,-0.09959034290286958,-0.052447471277125346,-0.0995903429028696,-0.011405364735567858,-0.07036300765018481,-0.046544176409486326,-0.09664426644834868,-0.011405367808196482,-0.07036301083280218,-0.046544180572245936,-0.09664427188587943,-0.050471920125541456,-0.0950786871020559,
lewidi_hsbrexit,gemma,25,LPE,2,64,0.5711181355560443,0.07463432631486658,0.13184216359401207,0.19514248964020875,0.9404761904761905,0.8928571428571429,0.06463763862848282,0.005208340473473072,0.16849260534115526,0.1435185939984488,0.16849260534115532,0.1435185939984488,0.14999138714585034,0.10478125888177187,0.1599178995476496,0.13010133627679596,0.14999138101298287,0.10478125244561834,0.15991789215337085,0.1301013296016756,0.17829229021879803,0.15964184680592533,
lewidi_hsbrexit,gemma,25,LP-temp,2,64,0.3969408550439401,0.06765537274856001,0.14578557294935082,0.25677850958600806,0.9404761904761905,0.8928571428571429,0.23727821229759685,,0.17058602310817636,,0.17058602310817644,,0.16061302567063862,,0.16569875577479978,,0.16061302155165857,,0.16569875037780568,,0.1795145844170501,,
lewidi_hsbrexit,gemma,25,GPP-cosine,2,256,1.0292960151900759,0.24098312441238934,0.3577727932043168,0.30714230942513165,0.5952380952380952,0.6071428571428571,0.3492553234100342,0.005407024174928665,0.12361822969638603,-0.05150751010161039,0.12361822969638604,-0.051507510101610414,0.10525594103027966,-0.05897344219944387,0.11963282722021187,-0.054398750695032645,0.10525594025921324,-0.05897344326505141,0.11963282601173042,-0.05439875302515245,0.1309388469260594,0.09961930091077173,
lewidi_hsbrexit,gemma,25,GPP-rbf,2,256,0.4362425805820265,0.06805945579693522,0.13576969341236345,0.21358652213245585,0.9404761904761905,0.8928571428571429,0.1386118233203888,0.007227117195725441,0.2922295745585086,0.26541251350493655,0.2922295745585086,0.2654125135049366,0.3092078480654545,0.2940446027405839,0.29133273169821167,0.26638103404019553,0.30920784104126997,0.2940445951317615,0.29133272182523917,0.2663810233899214,0.30328232887960027,0.24435194700189625,
lewidi_hsbrexit,gemma,25,GPP-laplace,2,256,0.4463768083089375,0.07709156896485418,0.153682368158895,0.2681397707607205,0.9404761904761905,0.8928571428571429,0.13894350826740265,0.07469755411148071,-0.06723156151379227,-0.09288384398429628,-0.06723156151379225,-0.09288384398429628,-0.013512104671546066,-0.043910361628809916,-0.05858680236219714,-0.08552134229846758,-0.01351210768149426,-0.04391036474423872,-0.05858680589211629,-0.08552134660457354,-0.07649795628604165,-0.110373630852807,
lewidi_hsbrexit,gemma,25,LPE,2,256,0.6046457666807098,0.07340290114445089,0.1286156937792709,0.18021115063668977,0.9404761904761905,0.8928571428571429,0.04866372421383858,0.008296743966639042,0.24987341244411942,0.20654319168930732,0.24987341244411942,0.20654319168930732,0.25765577783686194,0.20469601879445026,0.24693637554951775,0.20176565492012413,0.2576557710547221,0.20469601258820525,0.24693636697020707,0.20176564730018356,0.2942103962750831,0.3065727634513206,
lewidi_hsbrexit,gemma,25,LP-temp,2,256,0.38447825024480103,0.06357220324526275,0.13617004566321636,0.23353710031928973,0.9345238095238095,0.8988095238095238,0.2226493542083725,,0.2886161447390035,,0.2886161447390035,,0.3054160168872427,,0.28830956327987206,,0.30541601058637324,,0.2883095534552199,,0.2762756688566241,,
lewidi_hsbrexit,gemma,25,GPP-cosine,3,64,1.667939353405379,0.36574963517392917,0.46083108885899754,0.2516666120982259,0.5297619047619048,0.5297619047619048,0.14909769594669342,0.009186627343297005,-0.06712237678151875,-0.09040266110902608,-0.06712237678151876,-0.09040266110902606,-0.08033901519171238,-0.10484102123455333,-0.07094957339583632,-0.09596329989304464,-0.08033901579859201,-0.10484102332098162,-0.07094957564771606,-0.09596330558959112,-0.04557809582607597,-0.023051632027871603,
lewidi_hsbrexit,gemma,25,GPP-rbf,3,64,0.45159705260631916,0.0734363800921912,0.1440811183031959,0.24169403527575004,0.9404761904761905,0.8928571428571429,0.15899717807769775,0.013271111994981766,0.06107110416932729,-0.004875744178295921,0.0610711041693273,-0.004875744178295907,0.042821787496034505,-0.005474864677344815,0.05149000217382496,-0.010261104659666766,0.042821780880618304,-0.005474870489346875,0.051489991145060546,-0.010261114416960752,0.06731448352655087,-0.014760480508169397,
lewidi_hsbrexit,gemma,25,GPP-laplace,3,64,0.4110552384212892,0.09961800157713932,0.20963197647194778,0.3809802423568204,0.9404761904761905,0.8928571428571429,0.31253594160079956,0.17701178789138794,-0.08325230651068351,-0.132218021155902,-0.08325230651068352,-0.132218021155902,-0.047955295191155885,-0.10748614313797619,-0.07814705405689742,-0.12978434193434377,-0.0479552975543438,-0.10748614558545849,-0.07814705694228381,-0.1297843459394567,-0.08298122779388054,-0.13409915131697728,
lewidi_hsbrexit,gemma,25,LPE,3,64,0.6896493327758939,0.08064466179365024,0.1320525349818213,0.1902178999282386,0.9404761904761905,0.8928571428571429,0.03429630026221275,0.0035975149367004633,0.09237783425106062,0.07636291143204565,0.09237783425106064,0.07636291143204567,0.06044825161197297,0.0392275795287129,0.07999946111190522,0.06322625390279721,0.06044824500829961,0.03922757345146678,0.07999944998482227,0.06322624447602146,0.11196307806118039,0.12937263724997214,
lewidi_hsbrexit,gemma,25,LP-temp,3,64,0.40426544945606596,0.07305288073192269,0.15424493460354227,0.27456314032932,0.9404761904761905,0.8928571428571429,0.27248674755364727,,0.10522389585428661,,0.10522389585428663,,0.0780672782307297,,0.09423656506668093,,0.0780672719301678,,0.09423655405125092,,0.11114511692470755,,
lewidi_hsbrexit,gemma,25,GPP-cosine,3,256,0.9595382721416721,0.2210695631827885,0.34698421167001026,0.3443686465231487,0.5773809523809523,0.6011904761904762,0.4021664261817932,0.006745481863617897,0.04639532403157813,-0.08731153280994358,0.04639532403157813,-0.08731153280994355,0.02114948523652733,-0.09507779910514158,0.04098231432652074,-0.09115944930929765,0.021149485053125527,-0.09507780092906357,0.04098231238296937,-0.09115945386374429,0.04611255906865767,0.006004578342743974,
lewidi_hsbrexit,gemma,25,GPP-rbf,3,256,0.41627504590147973,0.06582921447341501,0.13547109611265892,0.21865850021580122,0.9404761904761905,0.8928571428571429,0.15059642493724823,0.007953081279993057,0.3035115177370705,0.2641418905673961,0.30351151773707064,0.2641418905673961,0.30594477118602403,0.2836310176418936,0.3030555143972088,0.2665152756350405,0.3059447681152214,0.28363101382672695,0.30305550995741254,0.26651526974442846,0.29858369985133854,0.23905378964065155,
lewidi_hsbrexit,gemma,25,GPP-laplace,3,256,0.4288873677171408,0.07645162629656775,0.15632741572335362,0.2760678502170964,0.9404761904761905,0.8928571428571429,0.15561148524284363,0.0841778889298439,-0.03916346049733745,-0.06962086488862015,-0.03916346049733744,-0.06962086488862017,0.003806605778294614,-0.03139236277333825,-0.03243260175382391,-0.06418661788016135,0.003806603070977632,-0.03139236557195128,-0.03243260489065026,-0.06418662181912375,-0.052168259982431193,-0.08187976876351652,
lewidi_hsbrexit,gemma,25,LPE,3,256,0.5738276858668803,0.07036042310598417,0.12690380179988314,0.18531359925691207,0.9404761904761905,0.8928571428571429,0.05267118290066719,0.010866440832614899,0.24001420848595273,0.1869616560756555,0.24001420848595278,0.1869616560756555,0.2353320562366923,0.18407406179659885,0.23780219025825233,0.18536992488260462,0.23533205335550544,0.18407405951365233,0.2378021865291826,0.18536992269357888,0.26730598139416595,0.25991179862070957,
lewidi_hsbrexit,gemma,25,LP-temp,3,256,0.36941384823507434,0.060934467867243276,0.1353348667844828,0.24275440044433896,0.9583333333333334,0.9107142857142857,0.2391404417455238,,0.2458427019542237,,0.2458427019542237,,0.24611336111115778,,0.24512828878638426,,0.24611335865346567,,0.24512828476322354,,0.2586662668901713,,
lewidi_hsbrexit,gemma,25,GPP-cosine,4,64,0.9273519416102977,0.26109105047158226,0.4054918864082235,0.3648879763017475,0.5714285714285714,0.5833333333333334,0.42458289861679077,0.015804434195160866,-0.017529555091158545,-0.059906069914755763,-0.01752955509115852,-0.059906069914755763,-0.03611880553904756,-0.07881875349983347,-0.02063551375253316,-0.06522026800285585,-0.036118804359755674,-0.07881875442246672,-0.020635511862265025,-0.06522027070500949,-0.03309489348195034,-0.05107609596498164,
lewidi_hsbrexit,gemma,25,GPP-rbf,4,64,0.44062116752243546,0.07430239662567274,0.14828160078364558,0.2532882726453011,0.9404761904761905,0.8928571428571429,0.15762466192245483,0.04123609513044357,0.03244928636036373,-0.012512890195178768,0.03244928636036373,-0.01251289019517874,0.004843764017355395,-0.021879039341269932,0.024005606725212167,-0.017422564100188977,0.004843761127717845,-0.021879042443041515,0.02400560037521362,-0.01742257074762442,0.01587123455144789,-0.03910876683760878,
lewidi_hsbrexit,gemma,25,GPP-laplace,4,64,0.41375195951118354,0.10157880638664492,0.21303373125071326,0.38584308807551565,0.9404761904761905,0.8928571428571429,0.31926989555358887,0.18083393573760986,-0.08503554002856849,-0.1351868243043815,-0.08503554002856849,-0.1351868243043815,-0.05243946620122947,-0.11449971864484908,-0.08124880763668721,-0.13433654869143236,-0.05243946936253549,-0.11449972185060417,-0.08124881301445812,-0.13433655522432592,-0.08532821855478279,-0.1272859068506749,
lewidi_hsbrexit,gemma,25,LPE,4,64,0.5846842776315772,0.07790598854629553,0.13529154680976976,0.20509228511810124,0.9404761904761905,0.8928571428571429,0.07007128745317459,0.007028491701930761,0.04498850228239679,0.050318643590675005,0.044988502282396814,0.050318643590675005,0.0009350873349489863,0.012832152108746955,0.0340328319246658,0.041745912154576015,0.0009350855691778459,0.012832151361888845,0.034032826992909396,0.04174590928376057,0.08195877637328947,0.11457032918368766,
lewidi_hsbrexit,gemma,25,LP-temp,4,64,0.394355954456679,0.07965551483310075,0.17033887663064187,0.3071449449501403,0.9404761904761905,0.8928571428571429,0.3442380244463926,,0.07380622097952932,,0.07380622097952932,,0.03021699531794201,,0.06199894811129799,,0.030216992304955836,,0.06199894067955278,,0.07798051084589873,,
lewidi_hsbrexit,gemma,25,GPP-cosine,4,256,1.1021708497085063,0.24302762862407093,0.36341817785178065,0.31600519142162353,0.6130952380952381,0.6369047619047619,0.34828197956085205,0.004909009672701359,0.07036620956075684,-0.06454592957025088,0.07036620956075688,-0.06454592957025088,0.05030444671705354,-0.07749648928419955,0.06436911773414386,-0.0707053745944888,0.05030444446788268,-0.07749649256633147,0.06436911338356821,-0.07070538215231278,0.07645612872792656,-0.004842701728435929,
lewidi_hsbrexit,gemma,25,GPP-rbf,4,256,0.4123313878743816,0.06335431472634794,0.13002630389971837,0.20492207907094356,0.9404761904761905,0.8928571428571429,0.1465785801410675,0.007614651694893837,0.4167227833656225,0.3699673320837716,0.4167227833656226,0.36996733208377164,0.3947999296181531,0.35875156674122843,0.4123990231432795,0.36702121992023884,0.39479992743204995,0.35875156378780404,0.41239902135040846,0.36702121674018884,0.3997878004640264,0.3366979003070996,
lewidi_hsbrexit,gemma,25,GPP-laplace,4,256,0.43907582551875035,0.0761097160965188,0.15302680868522398,0.26703629096076564,0.9404761904761905,0.8928571428571429,0.14203861355781555,0.07639719545841217,-0.023174706092497013,-0.05211621843190238,-0.02317470609249704,-0.052116218431902395,0.020763148212665873,-0.01237923404150381,-0.01592105253499932,-0.046055866284120034,0.020763145747587967,-0.012379236624291981,-0.015921055417717614,-0.04605586997912742,-0.04542937561944454,-0.06616190192515728,
lewidi_hsbrexit,gemma,25,LPE,4,256,0.5390388157564069,0.06583586269726978,0.11993679599147201,0.16635879946050122,0.9464285714285714,0.8988095238095238,0.058825623244047165,0.011751880869269371,0.4108669306627879,0.36950258376279266,0.410866930662788,0.36950258376279277,0.38274143640912106,0.34179089054395323,0.4043789205403259,0.3639553137776409,0.38274143336216654,0.3417908887113992,0.4043789162086323,0.36395531187651037,0.4067032900723879,0.40643838220432565,
lewidi_hsbrexit,gemma,25,LP-temp,4,256,0.3528844647960917,0.05854394233062593,0.13087715106142897,0.22933109903800392,0.9523809523809523,0.9047619047619048,0.26183198736234986,,0.40923733237470555,,0.40923733237470566,,0.4088958391078019,,0.4116167410183481,,0.40889583917810457,,0.41161674250238744,,0.3864355144123983,,
lewidi_hsbrexit,gemma,37,GPP-cosine,0,64,0.8501358048795306,0.2065302115437257,0.31853830810742,0.3118723322775752,0.6369047619047619,0.6726190476190477,0.35778483748435974,0.023325327783823013,0.1841944900250499,-0.04040809048937173,0.1841944900250499,-0.04040809048937176,0.17218715942928534,-0.05191710555952159,0.1849428960053196,-0.04371794339963559,0.17218716198423833,-0.05191710617979299,0.18494290006610503,-0.04371794628029711,0.19417746728961763,0.05539827697020756,
lewidi_hsbrexit,gemma,37,GPP-rbf,0,64,0.4490216876894023,0.0731025542035055,0.14383001058983305,0.23907576310754233,0.9404761904761905,0.8928571428571429,0.1346648782491684,0.032024018466472626,0.1022477887110659,0.006341144666358316,0.1022477887110659,0.006341144666358309,0.08598068178095289,-0.00025755837415709915,0.09985347869160932,0.004963958445175637,0.085980682408867,-0.0002575583426251693,0.09985347872594738,0.004963957622272641,0.09875486470972655,0.03534428660725071,
lewidi_hsbrexit,gemma,37,GPP-laplace,0,64,0.4051667184684853,0.09337749085140658,0.1987005199106144,0.36218143187456164,0.9404761904761905,0.8928571428571429,0.2821725308895111,0.15844391286373138,-0.12870582141408893,-0.16193613329070858,-0.12870582141408898,-0.16193613329070858,-0.11483562782642132,-0.15511283296779751,-0.12687958620330245,-0.1620308872053845,-0.11483562833143886,-0.15511283367999174,-0.12687958745377265,-0.16203088952463968,-0.09933580301688057,-0.13113404219726313,
lewidi_hsbrexit,gemma,37,LPE,0,64,0.5945471184473605,0.07779663872965784,0.13226810190913274,0.19192308825416615,0.9404761904761905,0.8928571428571429,0.047777317464351654,0.0038487245328724384,0.2248334829097389,0.16731469722962988,0.2248334829097389,0.16731469722962988,0.20793437194030875,0.15077313467838566,0.22358329443999983,0.16618144122196307,0.20793437319783126,0.1507731363527473,0.2235832953682965,0.16618144306818228,0.22009661080160148,0.1971751089545324,
lewidi_hsbrexit,gemma,37,LP-temp,0,64,0.3656580750317248,0.07658197675756441,0.17036631461667345,0.3206662261398169,0.9404761904761905,0.8928571428571429,0.40375797700748217,,0.23613516598596712,,0.23613516598596718,,0.20276600239905518,,0.23101965823230358,,0.2027660032887632,,0.23101965883876713,,0.23329552914014087,,
lewidi_hsbrexit,gemma,37,GPP-cosine,0,256,1.1104464468375514,0.24835215195096616,0.375310921365364,0.32454514496000575,0.5238095238095238,0.5714285714285714,0.3404196798801422,0.012438448145985603,0.03122083819973378,-0.11446339038069214,0.031220838199733748,-0.11446339038069214,0.03186798953556423,-0.11690836367547766,0.03470527745427654,-0.11567403484629483,0.03186799305059592,-0.11690836368372287,0.03470528489775563,-0.11567403521188041,0.018334412973780943,-0.05090878573252128,
lewidi_hsbrexit,gemma,37,GPP-rbf,0,256,0.39645880911963716,0.06015516640110328,0.1286258567852201,0.20854215708160231,0.9464285714285714,0.8988095238095238,0.1405656635761261,0.026238447055220604,0.3737951512181332,0.25222660181057455,0.3737951512181333,0.25222660181057455,0.34610559211686914,0.22530748773107434,0.3691909127008577,0.24718795531921509,0.34610559129983887,0.2253074870334777,0.369190912007331,0.24718795410155622,0.36257521626096834,0.3058849324956503,
lewidi_hsbrexit,gemma,37,GPP-laplace,0,256,0.4134266996876065,0.07896291914160425,0.16566491882605033,0.2979020602672563,0.9404761904761905,0.8928571428571429,0.18499107658863068,0.10106714814901352,-0.0974455649937491,-0.12515191755883648,-0.09744556499374912,-0.12515191755883648,-0.08607935979100947,-0.11820389639917221,-0.09620680230983279,-0.12517210465652756,-0.08607936054369111,-0.11820389729776389,-0.09620680347150157,-0.12517210663198342,-0.06930826379670348,-0.09797408362491156,
lewidi_hsbrexit,gemma,37,LPE,0,256,0.46103085408487565,0.05807584373368669,0.11636406956018791,0.17667032861629342,0.9523809523809523,0.9047619047619048,0.09114912897348404,0.021487925201654434,0.38348756583784144,0.3249551393888111,0.3834875658378415,0.32495513938881115,0.36247974347103185,0.29561610707833474,0.3808903350343148,0.3209191103413509,0.3624797431985626,0.2956161076116206,0.38089033386979565,0.3209191107473991,0.3798081702043853,0.3684357219035381,
lewidi_hsbrexit,gemma,37,LP-temp,0,256,0.3410283190375985,0.05681401577138791,0.1268763385153905,0.23493715094469342,0.9523809523809523,0.9047619047619048,0.29540480668249736,,0.3902722072920311,,0.3902722072920311,,0.3803161015263183,,0.390073884771906,,0.3803161011906614,,0.3900738829678153,,0.3796362124654677,,
lewidi_hsbrexit,gemma,37,GPP-cosine,1,16,1.1585216057846304,0.31252214005301593,0.44785864732901765,0.3371021147801628,0.47023809523809523,0.48214285714285715,0.3604111969470978,0.04412296041846275,0.11153205074070728,-0.13697633318316627,0.11153205074070731,-0.13697633318316632,0.1286979382793543,-0.12975363317517347,0.1173175457200506,-0.13757339875429228,0.1286979398154128,-0.12975363470529833,0.11731754894855664,-0.1375734029053557,0.11871590494353876,-0.0464053519754633,
lewidi_hsbrexit,gemma,37,GPP-rbf,1,16,0.39133021288431447,0.07892493516697846,0.1712083978955412,0.3145282802234457,0.9404761904761905,0.8928571428571429,0.25020021200180054,0.0905003622174263,0.015144262496464125,-0.07964602183983854,0.01514426249646409,-0.07964602183983857,0.06367928308617443,-0.04233927541845972,0.02654018891844625,-0.07189278838569355,0.06367928386123362,-0.042339275348754216,0.026540193147520326,-0.07189278671612867,0.03064565757898898,-0.05178251694648092,
lewidi_hsbrexit,gemma,37,GPP-laplace,1,16,0.5781661718454494,0.18087585732226066,0.33761171548671665,0.49820237227366526,0.9404761904761905,0.8928571428571429,0.4295738637447357,0.24657242000102997,-0.0741273041572548,-0.11251040346804059,-0.07412730415725483,-0.11251040346804059,-0.038464261945436784,-0.12564378384643807,-0.06644383099357952,-0.11686049428981019,-0.038464261589530896,-0.1256437847601935,-0.06644382730964471,-0.11686049904546084,-0.04388640347564345,-0.11424500373168142,
lewidi_hsbrexit,gemma,37,LPE,1,16,0.5011544011804924,0.07350235036066348,0.1362177074396251,0.21362289693574077,0.9404761904761905,0.8928571428571429,0.09960135072469711,0.010706878267228603,0.18261702033497146,0.18615083832420043,0.18261702033497146,0.18615083832420037,0.21489828431835034,0.2158647596475161,0.19225281266791994,0.19528794347226103,0.2148982859995836,0.21586476137538277,0.1922528191648486,0.19528795059339893,0.13399225866846093,0.11771669105523384,
lewidi_hsbrexit,gemma,37,LP-temp,1,16,0.3828582763392858,0.08538424849728331,0.1846252963771806,0.34406553122639344,0.9404761904761905,0.8928571428571429,0.44038203052626673,,0.15344202250364075,,0.15344202250364075,,0.18792115812226012,,0.16325967654688558,,0.18792115966093473,,0.16325968232759158,,0.1267700336339221,,
lewidi_hsbrexit,gemma,37,GPP-cosine,1,256,0.8783548826416631,0.1977744729374104,0.3181314895823196,0.3544298613508228,0.6369047619047619,0.6607142857142857,0.37136417627334595,0.015867535024881363,-0.01098902201460832,-0.17210218678951036,-0.010989022014608345,-0.17210218678951036,-0.005640372263574677,-0.16981853160798333,-0.006147099338507652,-0.17239303019940272,-0.0056403681076557,-0.16981853136845904,-0.006147092655129385,-0.17239303023137773,-0.022693774030664724,-0.13108756713269082,
lewidi_hsbrexit,gemma,37,GPP-rbf,1,256,0.3900684697741855,0.058616430710004254,0.1258029147450413,0.20393664883131424,0.9404761904761905,0.8928571428571429,0.14514783024787903,0.007432232145220041,0.40765477577424625,0.33226346428067416,0.40765477577424625,0.3322634642806742,0.37801572182413873,0.30330657776304404,0.4006745607903557,0.3243005559813302,0.3780157186186469,0.30330657378863773,0.4006745558738075,0.3243005497006951,0.394373455441351,0.3025015477947852,
lewidi_hsbrexit,gemma,37,GPP-laplace,1,256,0.42531777131874,0.07789128308542022,0.16048762580612674,0.2857458049541365,0.9404761904761905,0.8928571428571429,0.16312620043754578,0.08851347863674164,-0.11040019923078388,-0.13482924249160655,-0.11040019923078392,-0.13482924249160655,-0.09594132986112706,-0.12408797115543767,-0.10895011620403375,-0.13447231723213915,-0.09594133104655106,-0.12408797249401662,-0.10895011793628587,-0.13447231973884044,-0.09223906065668705,-0.12015198443882348,
lewidi_hsbrexit,gemma,37,LPE,1,256,0.5036644149570519,0.05916697057568636,0.11297391240844133,0.1665494787325129,0.9523809523809523,0.9047619047619048,0.05665484070777893,0.01204599067568779,0.40103031373955,0.3270565130163571,0.40103031373955,0.32705651301635713,0.3809520438877084,0.29243135284677224,0.39662778583899055,0.31912939862317735,0.3809520412674814,0.2924313503241621,0.39662778107394137,0.3191293945040628,0.3957723548849778,0.3825780840528957,
lewidi_hsbrexit,gemma,37,LP-temp,1,256,0.3277769964341735,0.04772128545845765,0.11294713446647199,0.21221592250531648,0.9583333333333334,0.9226190476190477,0.22809333971725326,,0.4233687866174971,,0.4233687866174972,,0.41834543374355926,,0.42455847624059584,,0.41834543353721726,,0.4245584740295311,,0.39620922049195767,,
lewidi_hsbrexit,gemma,37,GPP-cosine,2,64,1.0827057831527782,0.24058180478267818,0.3480282875310538,0.2846906317625641,0.6071428571428571,0.6309523809523809,0.2945634722709656,0.022983713075518608,0.18131207705236155,-0.10079133590195997,0.18131207705236155,-0.10079133590195999,0.18575419269758298,-0.09866568508682776,0.18559940021321472,-0.10091958468477422,0.18575419520764747,-0.09866568509139476,0.18559940533164848,-0.10091958521315306,0.1686533618264985,0.057694145160080264,
lewidi_hsbrexit,gemma,37,GPP-rbf,2,64,0.40851506801975423,0.06940674736386404,0.1458568998939535,0.25473413589863775,0.9404761904761905,0.8928571428571429,0.16820727288722992,0.045867737382650375,0.13394851065975574,0.04303469306650849,0.13394851065975574,0.04303469306650849,0.12720317656717073,0.04031737287270598,0.12916585505900113,0.03922238177058203,0.12720317201782697,0.040317369013889964,0.12916584864045916,0.03922237576667155,0.1204401298391719,0.0439793536047881,
lewidi_hsbrexit,gemma,37,GPP-laplace,2,64,0.42101403290034156,0.10644748879938669,0.22276086125168063,0.3998335243980498,0.9404761904761905,0.8928571428571429,0.3304441571235657,0.18701918423175812,-0.11077321275450933,-0.14800759730678217,-0.11077321275450933,-0.14800759730678217,-0.10093059227021636,-0.14712127683755938,-0.11053612620873579,-0.15009877858079876,-0.10093059367988352,-0.14712127841709982,-0.11053612893800831,-0.15009878254066783,-0.0803182065938865,-0.1247576633379406,
lewidi_hsbrexit,gemma,37,LPE,2,64,0.5369653708314742,0.07045271665465974,0.12799112068889718,0.19420995391340992,0.9464285714285714,0.8988095238095238,0.07093124836683273,0.006667249370366335,0.2155997758534779,0.1565096310917181,0.21559977585347792,0.1565096310917181,0.19062025068409855,0.10961544336310527,0.2066767285670844,0.14281210600882574,0.19062024543284925,0.10961543851405964,0.20667672045658395,0.14281210014774887,0.21679688121696666,0.22286652465011186,
lewidi_hsbrexit,gemma,37,LP-temp,2,64,0.37768669032240965,0.0644222143888848,0.14106408271607598,0.25374540033058385,0.9523809523809523,0.9047619047619048,0.2487257556030476,,0.221434749131939,,0.221434749131939,,0.21791114077529228,,0.21836707435760389,,0.21791113678151994,,0.21836706715340767,,0.20811533915485694,,
lewidi_hsbrexit,gemma,37,GPP-cosine,2,256,1.1377115158061937,0.24561324868555007,0.3574658162875938,0.29086885523551725,0.5892857142857143,0.6130952380952381,0.2959088683128357,0.012237567454576492,0.11825461363459533,-0.10538457256351988,0.11825461363459536,-0.10538457256351993,0.12801672401923656,-0.09898816593630795,0.12410892234447746,-0.10463986776628156,0.12801672738826486,-0.09898816597854249,0.12410892855684191,-0.1046398684026619,0.12136033611770386,0.03161233892209328,
lewidi_hsbrexit,gemma,37,GPP-rbf,2,256,0.40555196137813015,0.06411579613036056,0.1336157085426662,0.21253825749896865,0.9404761904761905,0.8928571428571429,0.15303157269954681,0.007881108671426773,0.3380398135504228,0.2497814155278503,0.33803981355042284,0.24978141552785033,0.3361923453214394,0.24134597816637252,0.3359249900717916,0.24530249484620067,0.33619234122222164,0.24134597361313478,0.3359249833656557,0.245302486650868,0.3242658205340035,0.24528609579979987,
lewidi_hsbrexit,gemma,37,GPP-laplace,2,256,0.4315814733806643,0.07870280456527211,0.16066958494983347,0.28599206290940754,0.9404761904761905,0.8928571428571429,0.16013294458389282,0.08678310364484787,-0.13283878072815394,-0.15592264563349476,-0.13283878072815397,-0.15592264563349478,-0.11058503948443933,-0.13802708639429917,-0.12917578646132466,-0.1534930254778433,-0.11058503995817895,-0.13802708703012767,-0.12917578683601005,-0.15349302662678022,-0.11081049645978683,-0.13489387492116398,
lewidi_hsbrexit,gemma,37,LPE,2,256,0.5294624717872383,0.06667727003513628,0.12454618786566807,0.17771524317967355,0.9404761904761905,0.8928571428571429,0.06356833130121231,0.013918212614953518,0.32452488608195174,0.2132251032918027,0.32452488608195174,0.21322510329180272,0.3128945606525827,0.1832910328330967,0.31991180612154646,0.20358017446361415,0.31289455624128726,0.18329102799905708,0.3199117982283236,0.2035801670981693,0.33226882665335733,0.32268102083208733,
lewidi_hsbrexit,gemma,37,LP-temp,2,256,0.34758367096245474,0.056623232174862495,0.12828358873564755,0.22689173526022766,0.9345238095238095,0.8869047619047619,0.2516267539593624,,0.3712085025245971,,0.3712085025245972,,0.37630093800773795,,0.37200292464986473,,0.3763009352412033,,0.3720029190620749,,0.34326482693116867,,
lewidi_hsbrexit,gemma,37,GPP-cosine,3,64,1.4086085495161496,0.30718854035577703,0.41211767429879165,0.2696884689664591,0.5952380952380952,0.5952380952380952,0.22552113234996796,0.022589564323425293,0.1177569473571493,-0.10600076872325057,0.11775694735714928,-0.1060007687232506,0.10669136870451096,-0.11579195988710454,0.11805287894925677,-0.10944752463609125,0.10669137095894383,-0.11579196065111189,0.11805288689866561,-0.10944752492842266,0.09631492381967965,-0.01792078489908728,
lewidi_hsbrexit,gemma,37,GPP-rbf,3,64,0.4321985917295883,0.0717034185096157,0.14434556553827688,0.2433891450098981,0.9404761904761905,0.8928571428571429,0.16881494224071503,0.014084098860621452,0.12775185379585557,-0.03753905015804613,0.12775185379585563,-0.03753905015804613,0.10587485251842937,-0.04519281451311183,0.11993564972545408,-0.04229776579445848,0.10587484831461423,-0.04519281770072943,0.11993564569008748,-0.04229776898420341,0.16659916397240188,0.003206779455490203,
lewidi_hsbrexit,gemma,37,GPP-laplace,3,64,0.4180782449294056,0.10347656408202816,0.21701369733948792,0.39121496856263366,0.9404761904761905,0.8928571428571429,0.31820279359817505,0.180080384016037,-0.14973351461281606,-0.18799104961113083,-0.1497335146128161,-0.18799104961113086,-0.13573847769720726,-0.18276707351077667,-0.14811515139805054,-0.18865714997284702,-0.1357384783271381,-0.18276707430025402,-0.14811515192385644,-0.18865715164073402,-0.12202028203463083,-0.16579979286175797,
lewidi_hsbrexit,gemma,37,LPE,3,64,0.6336350787853663,0.07839497427791031,0.1314910796309483,0.19014001786251142,0.9404761904761905,0.8928571428571429,0.04104887694120407,0.004106711130589247,0.1448480154014664,0.10079086911674148,0.14484801540146644,0.1007908691167415,0.11358592706087464,0.05995168750543603,0.13442139533076994,0.0878081391026531,0.1135859221246378,0.05995168234119749,0.13442139004825898,0.08780813353626672,0.20696275755346336,0.21301381096077965,
lewidi_hsbrexit,gemma,37,LP-temp,3,64,0.3979611435921912,0.06930758071811527,0.14788490813185615,0.25993760942153293,0.9404761904761905,0.8928571428571429,0.2447068569890047,,0.16017376957581914,,0.16017376957581914,,0.1362073166868986,,0.1525390673969098,,0.136207312982301,,0.15253906405382378,,0.18831696164704786,,
lewidi_hsbrexit,gemma,37,GPP-cosine,3,256,1.135642663858129,0.2375849178075693,0.3491457839637113,0.2934310090545744,0.5773809523809523,0.625,0.3023509979248047,0.011984572745859623,0.11060979203776992,-0.1020792903878198,0.11060979203776992,-0.10207929038781982,0.11299436077681461,-0.10752717682384369,0.11477544959195943,-0.1045510579403377,0.11299436411121384,-0.10752717758500324,0.11477545470434983,-0.10455106104770423,0.09413059578478053,0.026230526444618412,
lewidi_hsbrexit,gemma,37,GPP-rbf,3,256,0.39768817490076813,0.06130694807946494,0.13079678330991773,0.21469796066587465,0.9404761904761905,0.8928571428571429,0.15756148099899292,0.008261710405349731,0.3489391771747328,0.2463407352367477,0.34893917717473283,0.24634073523674774,0.3266374949221376,0.23098819239466448,0.34370249430262045,0.24228447211211157,0.32663749225325045,0.2309881900156333,0.34370249167413086,0.24228446991784294,0.33657241763275436,0.24465868242807357,
lewidi_hsbrexit,gemma,37,GPP-laplace,3,256,0.4266669225957602,0.07851652198372285,0.16162908807330365,0.28840408205922685,0.9404761904761905,0.8928571428571429,0.16581006348133087,0.09004150331020355,-0.1189852662874627,-0.1433477707560559,-0.1189852662874627,-0.14334777075605593,-0.10212221575975365,-0.1303135366669806,-0.11640954030792308,-0.14190266840889604,-0.10212221622204937,-0.13031353729749023,-0.11640954048350047,-0.14190266939705393,-0.09219258559211473,-0.12308920851979423,
lewidi_hsbrexit,gemma,37,LPE,3,256,0.521034019120094,0.061419339941338316,0.1171503821706968,0.17534197009807773,0.9464285714285714,0.8988095238095238,0.060242608189582825,0.014024220407009125,0.3465793680159219,0.24808393913372956,0.346579368015922,0.24808393913372961,0.3317299234097748,0.2454536041710453,0.34290925306019854,0.24650355840295268,0.3317299206865846,0.24545360144103517,0.3429092496825561,0.2465035556375234,0.3348481927371212,0.3222673927573937,
lewidi_hsbrexit,gemma,37,LP-temp,3,256,0.3446529833981919,0.05361945759987331,0.12312897334219386,0.22845982171462179,0.9523809523809523,0.9166666666666666,0.2522242244569005,,0.3558875298782859,,0.355887529878286,,0.3463007382422352,,0.35563002458851967,,0.3463007379743771,,0.35563002408221533,,0.33898912099051504,,
lewidi_hsbrexit,gemma,37,GPP-cosine,4,64,1.078628384325096,0.2691703966300841,0.3965558541797994,0.3274899475751998,0.5714285714285714,0.5833333333333334,0.37037989497184753,0.02710951864719391,0.15212140459662699,-0.12394047482819538,0.152121404596627,-0.1239404748281954,0.15142553916027146,-0.13098482726149951,0.15672859876692558,-0.12639297592764662,0.15142554346496961,-0.13098482747103324,0.15672860893434848,-0.12639297586150433,0.15180150341257465,-0.01525311619263601,
lewidi_hsbrexit,gemma,37,GPP-rbf,4,64,0.4253928380702365,0.07344439928954245,0.1493564500401373,0.25738323332513185,0.9404761904761905,0.8928571428571429,0.16908451914787292,0.04443196952342987,0.0553926590778713,-0.038383956080836265,0.05539265907787128,-0.03838395608083626,0.028215414904514763,-0.05684838095942102,0.04602986967391571,-0.045642732596310395,0.0282154107394832,-0.05684838429355053,0.04602986077071837,-0.0456427398960266,0.06809061710490864,-0.010210571686539096,
lewidi_hsbrexit,gemma,37,GPP-laplace,4,64,0.41659201219715164,0.10291861010332448,0.21634676558009924,0.39040701395822824,0.9404761904761905,0.8928571428571429,0.31810319423675537,0.17975248396396637,-0.14348547367108863,-0.18079791369560272,-0.14348547367108863,-0.18079791369560277,-0.13015474301996555,-0.1762918421820286,-0.14243041042568924,-0.1820463453584309,-0.1301547441554527,-0.17629184349133709,-0.14243041265875278,-0.18204634876888925,-0.10606539236695277,-0.15109972993753257,
lewidi_hsbrexit,gemma,37,LPE,4,64,0.5404578718548547,0.07472774951467276,0.13377897820274007,0.2022529495200548,0.9404761904761905,0.8928571428571429,0.07966528087854385,0.008116806857287884,0.12552389543368,0.13681268604452068,0.12552389543368,0.13681268604452074,0.07990674543060557,0.0839719887851944,0.11158702717709183,0.12088057810340491,0.07990674020620882,0.0839719830247336,0.11158701541389879,0.12088056527740725,0.15626775711797478,0.18986470142777312,
lewidi_hsbrexit,gemma,37,LP-temp,4,64,0.3785504853713115,0.07962765672818899,0.17648499172770243,0.3245538662567368,0.9404761904761905,0.8928571428571429,0.3931160603833292,,0.1438932427000036,,0.14389324270000362,,0.10026630358911293,,0.13102326641505135,,0.10026629894802042,,0.13102325589744712,,0.14064284040876018,,
lewidi_hsbrexit,gemma,37,GPP-cosine,4,256,1.0526146724895484,0.24182458742189458,0.35978263485551343,0.3335800188694251,0.5833333333333334,0.6190476190476191,0.31857791543006897,0.014597475528717041,-0.03455269755479613,-0.18050579893745175,-0.03455269755479616,-0.18050579893745178,-0.018527497489230514,-0.17115377179016075,-0.028042807892297864,-0.17920086541108446,-0.018527493921015787,-0.17115377143985414,-0.028042799802423135,-0.17920086431445495,-0.034363662744774724,-0.12824794068732195,
lewidi_hsbrexit,gemma,37,GPP-rbf,4,256,0.4092207028607168,0.06216213132041924,0.12868507306917482,0.20619389404201416,0.9404761904761905,0.8928571428571429,0.14590762555599213,0.0072228736244142056,0.3982803139015343,0.3129029164482915,0.39828031390153434,0.31290291644829155,0.36509233585802653,0.28467613808763637,0.3910447833871533,0.30570443529000746,0.36509233329236235,0.2846761349116697,0.39104478114671126,0.30570443198289726,0.32871348421357477,0.26262594239173315,
lewidi_hsbrexit,gemma,37,GPP-laplace,4,256,0.42714274487127823,0.07796126255505456,0.160273675637741,0.2854034601141243,0.9404761904761905,0.8928571428571429,0.1623510867357254,0.0879574716091156,-0.116122326043272,-0.1421761594303493,-0.11612232604327201,-0.1421761594303493,-0.10189568734158727,-0.13146302060208548,-0.11441793794961357,-0.14154095240649373,-0.10189568815054234,-0.13146302157659617,-0.1144179386500596,-0.14154095392836957,-0.08274885247101893,-0.11009478046537306,
lewidi_hsbrexit,gemma,37,LPE,4,256,0.5536820074118405,0.06510925696228327,0.11934002772401679,0.1705745631959122,0.9523809523809523,0.9047619047619048,0.05508463829755783,0.012367762625217438,0.3785881581508944,0.3232149531335282,0.37858815815089447,0.3232149531335283,0.3459979230760129,0.28508520965014594,0.37091387496022,0.31272508320845427,0.34599792000500457,0.2850852051544049,0.3709138710254083,0.31272507602441946,0.31677404012494526,0.33297524763485664,
lewidi_hsbrexit,gemma,37,LP-temp,4,256,0.35974088202266985,0.057416578352319586,0.12587790192626547,0.2202267635079822,0.9464285714285714,0.8988095238095238,0.23429810489107356,,0.3754015555567535,,0.37540155555675353,,0.3720332071841057,,0.37829839873705207,,0.37203320878565566,,0.37829840292103506,,0.3207708956781649,,
lewidi_hsbrexit,gemma,50,GPP-cosine,0,64,1.029132450752218,0.23829269645693088,0.35148560946163343,0.30694679103172623,0.625,0.6607142857142857,0.29826703667640686,0.03464033454656601,0.08652498806350786,-0.02310429910859923,0.08652498806350786,-0.023104299108599242,0.08669348894029442,-0.022490827576690447,0.088911498622439,-0.02369062625416065,0.08669349099130189,-0.022490828227814057,0.0889115020938016,-0.023690628712999734,0.08088984988812607,0.038546418556283685,
lewidi_hsbrexit,gemma,50,GPP-rbf,0,64,0.43019709042257215,0.07124434533489112,0.14336702258082196,0.2394666747022348,0.9404761904761905,0.8928571428571429,0.1698942631483078,0.01126096211373806,0.20721759321845534,0.0808080314921491,0.2072175932184554,0.08080803149214914,0.16411459751675692,0.05546904172712362,0.19970868662226798,0.07549519123407607,0.16411459829916325,0.055469041454179475,0.1997086840915296,0.07549518888678894,0.1809831964575355,0.10638607031250177,
lewidi_hsbrexit,gemma,50,GPP-laplace,0,64,0.40086967573096594,0.08802584903971863,0.18738799875912568,0.3419484368830484,0.9404761904761905,0.8928571428571429,0.2579234540462494,0.14392602443695068,-0.07657558816045215,-0.1075565664902075,-0.07657558816045218,-0.1075565664902075,-0.07380687234771251,-0.11021733799301357,-0.0779351898584866,-0.11041754426378163,-0.07380687403542535,-0.11021733982909176,-0.07793519314037889,-0.11041754833584841,-0.0453224829709282,-0.07972797327381802,
lewidi_hsbrexit,gemma,50,LPE,0,64,0.6209111403083307,0.07869805435737123,0.13165614298885062,0.18868477225546673,0.9404761904761905,0.8928571428571429,0.041403815150260925,0.0028219898231327534,0.23835508196560906,0.23171254679296968,0.2383550819656091,0.2317125467929697,0.19468276161803985,0.18744063043792003,0.23165842448213772,0.22526650176299112,0.19468276323990097,0.18744063252744303,0.23165842201215436,0.22526649947962663,0.20829659190668898,0.21389683718765373,
lewidi_hsbrexit,gemma,50,LP-temp,0,64,0.36622853091081875,0.07391417386004569,0.16536192398252866,0.30634609646114397,0.9404761904761905,0.8928571428571429,0.37143275191032743,,0.23728438241276634,,0.23728438241276642,,0.1936137689574269,,0.23007108382628502,,0.19361377001124547,,0.23007108206542673,,0.2145056605335512,,
lewidi_hsbrexit,gemma,50,GPP-cosine,0,256,1.3412110029595847,0.2719320421704788,0.3951099088094968,0.32969203826611343,0.5238095238095238,0.5714285714285714,0.3088718056678772,0.020002003759145737,-0.0338123559251253,-0.06261874511127927,-0.033812355925125326,-0.0626187451112793,-0.040751445805246964,-0.0752921784858005,-0.033145439678186506,-0.06599055425427044,-0.04075144315670382,-0.07529217874755345,-0.03314543460680436,-0.06599055629767005,-0.04521559032241186,-0.0579311679893991,
lewidi_hsbrexit,gemma,50,GPP-rbf,0,256,0.4153514236654732,0.06171807460797792,0.12736533275303719,0.20425469602878568,0.9464285714285714,0.8988095238095238,0.1328320950269699,0.022844191640615463,0.3557491172265821,0.2629416111855991,0.3557491172265821,0.2629416111855991,0.32455488382401976,0.22754849135171695,0.34687041194866286,0.25279186809088494,0.3245548792224872,0.2275484869605025,0.34687040298035754,0.25279185932270926,0.3317297159043184,0.2745514439609909,
lewidi_hsbrexit,gemma,50,GPP-laplace,0,256,0.4173522111419835,0.0773870567628237,0.16074627499273492,0.2841889712578962,0.9404761904761905,0.8928571428571429,0.17092058062553406,0.09253724664449692,-0.03985837044543177,-0.06578436119392371,-0.039858370445431765,-0.06578436119392372,-0.040115353328650016,-0.06964235181285161,-0.042467410896273816,-0.06941165285693134,-0.040115355908845365,-0.06964235448151518,-0.042467415143697396,-0.06941165770089913,-0.0017428149214620667,-0.02406478843554822,
lewidi_hsbrexit,gemma,50,LPE,0,256,0.4777604211576369,0.05879552771349907,0.11437329151155631,0.17111845776394663,0.9523809523809523,0.9047619047619048,0.08908915519714355,0.0213058702647686,0.39849170967544956,0.3672188311176581,0.39849170967544967,0.3672188311176582,0.36577617942113316,0.33155272627742927,0.38995573265889655,0.3590300632783615,0.36577617529293033,0.3315527234559582,0.3899557223998792,0.35903005721808323,0.34456148123273644,0.33110695003904933,
lewidi_hsbrexit,gemma,50,LP-temp,0,256,0.35435213087346246,0.06277894903388435,0.1392516116205771,0.2573183385211789,0.9404761904761905,0.9166666666666666,0.3111131975060224,,0.3280770548082138,,0.32807705480821386,,0.3071518207106063,,0.3223827906019874,,0.30715181733370595,,0.32238278126501674,,0.2952746752537892,,
lewidi_hsbrexit,gemma,50,GPP-cosine,1,16,0.9793195225920528,0.26683198643274525,0.4061200860014651,0.3760050199209607,0.5595238095238095,0.5714285714285714,0.3707917630672455,0.07095163315534592,0.0092315404236686,-0.15105553575241698,0.009231540423668614,-0.15105553575241698,0.015587401639287901,-0.15691917016992954,0.009831473373126898,-0.1553841587027801,0.015587400701191592,-0.15691917257689475,0.009831469704939373,-0.1553841658025705,0.032123564632388815,-0.12138357364999003,
lewidi_hsbrexit,gemma,50,GPP-rbf,1,16,0.3975531674476484,0.07953901566196132,0.1703772670256772,0.30965114547624484,0.9404761904761905,0.8928571428571429,0.24899360537528992,0.08260034024715424,0.01195480587110865,-0.08011401551766598,0.011954805871108642,-0.08011401551766598,0.03642760351071958,-0.06255939651520473,0.01703365605246121,-0.07765835472560806,0.036427603131311534,-0.0625593975317395,0.01703365792136073,-0.07765835529122135,-0.006320608781835763,-0.059548500236515894,
lewidi_hsbrexit,gemma,50,GPP-laplace,1,16,0.5546640086797856,0.1707652313689073,0.3225496805583437,0.49052695990001877,0.9404761904761905,0.8928571428571429,0.4241761565208435,0.2430388182401657,-0.019234171023456786,-0.07941869712233289,-0.019234171023456786,-0.07941869712233288,0.0035914373180023496,-0.09488874195351944,-0.015433663119147394,-0.08515873030197929,0.003591436120019033,-0.09488874405999084,-0.015433663554389063,-0.08515873716919767,-0.009936368805562397,-0.08476122276700047,
lewidi_hsbrexit,gemma,50,LPE,1,16,0.47797501468037734,0.0742289782553653,0.1408056315960407,0.23021189420765478,0.9404761904761905,0.8928571428571429,0.1321207880973816,0.014589525759220123,0.10566641364809778,0.10769814362669376,0.10566641364809778,0.10769814362669378,0.11567734557582932,0.11146487817733884,0.10959472759411945,0.11031285795456912,0.11567734682414907,0.11146487946971596,0.10959473273372186,0.11031286308626392,0.054352588017330325,0.03611112517269403,
lewidi_hsbrexit,gemma,50,LP-temp,1,16,0.4078648054129497,0.10054279730437402,0.21000501841441943,0.383894155870395,0.9404761904761905,0.8928571428571429,0.5112476406516814,,0.09033021306931135,,0.09033021306931135,,0.11054796755015722,,0.09604440688425346,,0.11054796840265976,,0.09604441130438378,,0.07717649222879755,,
lewidi_hsbrexit,gemma,50,GPP-cosine,1,256,1.066606939541153,0.2269897644285686,0.3509528359870999,0.3383670137189905,0.6071428571428571,0.6428571428571429,0.3184385299682617,0.019950401037931442,-0.04446553527580149,-0.12200665125485283,-0.04446553527580151,-0.12200665125485285,-0.049133384910805655,-0.13033764265549078,-0.04440334237204263,-0.12615732901873222,-0.0491333834178076,-0.13033764445339596,-0.044403341321541126,-0.126157335139429,-0.06460033975552727,-0.07613080327592031,
lewidi_hsbrexit,gemma,50,GPP-rbf,1,256,0.40126977059891533,0.06111819598387081,0.12896195545770406,0.20759063563080363,0.9404761904761905,0.8928571428571429,0.141012504696846,0.006592821329832077,0.3755760611709681,0.2955768252137282,0.3755760611709682,0.29557682521372824,0.35327394819064456,0.27448666731552007,0.36861446025937206,0.2878346522690494,0.3532739434304164,0.27448666191229715,0.36861445334345544,0.2878346448525976,0.396915641473457,0.2858448846520651,
lewidi_hsbrexit,gemma,50,GPP-laplace,1,256,0.4288465467263234,0.076630500964902,0.15647044222402787,0.27404859410702803,0.9404761904761905,0.8928571428571429,0.1522916555404663,0.08189543336629868,-0.052439786278534746,-0.07613611722993713,-0.05243978627853475,-0.07613611722993713,-0.05063321469595824,-0.07802882955441826,-0.05427039018605209,-0.07902694277115974,-0.05063321683038788,-0.07802883181458634,-0.05427039335509122,-0.07902694662652188,-0.013408056129114835,-0.041674190402000946,
lewidi_hsbrexit,gemma,50,LPE,1,256,0.5325800099455463,0.06325015172482748,0.11857611693847589,0.17339242763174023,0.9523809523809523,0.9047619047619048,0.04941830784082413,0.009210214950144291,0.33412946209826894,0.2829860405962383,0.334129462098269,0.28298604059623833,0.3136128134402118,0.26207068915095527,0.32755665417450863,0.27547394268527114,0.31361280894756904,0.26207068404291745,0.32755664777761107,0.2754739363374201,0.3921519473547939,0.38316366986650696,
lewidi_hsbrexit,gemma,50,LP-temp,1,256,0.3306432101948297,0.04962634705414054,0.11928839119567154,0.22131266869358376,0.9583333333333334,0.9107142857142857,0.23857718459394678,,0.39313151751126174,,0.3931315175112618,,0.3812296052975209,,0.39052764463758444,,0.3812296027410378,,0.3905276388379747,,0.38545489054992244,,
lewidi_hsbrexit,gemma,50,GPP-cosine,2,64,1.0484367310922278,0.23507689882208735,0.34937951751328455,0.3056446122063667,0.6011904761904762,0.6488095238095238,0.3045225739479065,0.03765742480754852,0.11249845671455147,-0.05610280532524248,0.1124984567145515,-0.056102805325242464,0.10625472480408996,-0.060686764181005694,0.11579021160313313,-0.055341734226991304,0.10625472925214585,-0.06068676185553193,0.11579022060319116,-0.0553417299868661,0.09657518418128466,0.03141249614443229,
lewidi_hsbrexit,gemma,50,GPP-rbf,2,64,0.4134915693703752,0.07004336928447523,0.14660698620857493,0.2545849846480475,0.9404761904761905,0.8928571428571429,0.16727827489376068,0.04405563697218895,0.12467216555596747,0.02623048544029146,0.12467216555596745,0.02623048544029149,0.11038987507548333,0.018422574008942705,0.11854904607868016,0.021946533324272606,0.11038987092810834,0.018422570972475058,0.11854904005765932,0.02194652886248196,0.1529819700527116,0.08701991090521531,
lewidi_hsbrexit,gemma,50,GPP-laplace,2,64,0.4142432581740187,0.1021431404192299,0.21487593123068413,0.38769000000684306,0.9404761904761905,0.8928571428571429,0.31777751445770264,0.17932194471359253,-0.06306450304327428,-0.09649977839646515,-0.0630645030432743,-0.09649977839646515,-0.061877584630954365,-0.10223412192576783,-0.06530282364772809,-0.10050362433795579,-0.06187758699913483,-0.10223412435743894,-0.06530282823357031,-0.10050362974180427,-0.045136582712638915,-0.07771095547137925,
lewidi_hsbrexit,gemma,50,LPE,2,64,0.5583428952728465,0.07231674313433067,0.12899197748525434,0.1969783634882417,0.9464285714285714,0.8988095238095238,0.06614866852760315,0.0073496317490935326,0.18754189396017376,0.1272827553002235,0.1875418939601738,0.12728275530022354,0.16798373673367245,0.08000843876849557,0.17917680088107327,0.1120403416187663,0.16798373096713387,0.08000843248361869,0.1791767927488073,0.11204033467402265,0.17306849296086907,0.1673985350830458,
lewidi_hsbrexit,gemma,50,LP-temp,2,64,0.3761027298197933,0.06882429247028231,0.15116471894115596,0.27822706287619,0.9523809523809523,0.9047619047619048,0.2944584907710455,,0.16521586822573786,,0.16521586822573792,,0.16037739008114466,,0.1624666218267916,,0.1603773871264834,,0.16246661682741648,,0.1605341680457139,,
lewidi_hsbrexit,gemma,50,GPP-cosine,2,256,1.282619599814832,0.2523143951695038,0.368545109864524,0.31183587410933983,0.5952380952380952,0.6428571428571429,0.2897704541683197,0.017263656482100487,0.01184891062659553,-0.04407514377512463,0.011848910626595537,-0.04407514377512462,0.0033862697803767085,-0.05945045478884772,0.011800529204766173,-0.04838556654312906,0.003386271707146185,-0.05945045555804819,0.011800531438557929,-0.04838557072772692,-0.00740347778637086,-0.036376033040756255,
lewidi_hsbrexit,gemma,50,GPP-rbf,2,256,0.42529075056975657,0.06590792308270188,0.1335406796771124,0.21047911962890944,0.9404761904761905,0.8928571428571429,0.14083608984947205,0.006576639600098133,0.339773580428109,0.25509503741801504,0.339773580428109,0.2550950374180151,0.3353127776134536,0.23694963683458609,0.33670341018595823,0.24849301882851405,0.33531277307587143,0.2369496322464444,0.33670340347251526,0.24849301215535397,0.29451713170126037,0.21995718560788452,
lewidi_hsbrexit,gemma,50,GPP-laplace,2,256,0.4372023860992872,0.0779523609870239,0.15733122174251116,0.27517534168698093,0.9404761904761905,0.8928571428571429,0.14950738847255707,0.08037783950567245,-0.08276173497295505,-0.10410772789077058,-0.08276173497295505,-0.1041077278907706,-0.07339737930572438,-0.0987170855317758,-0.08277455827626153,-0.10521804245684417,-0.07339738105904961,-0.09871708740083684,-0.0827745605912025,-0.10521804541180398,-0.04845954982955992,-0.06647328485779183,
lewidi_hsbrexit,gemma,50,LPE,2,256,0.5777413736804617,0.06833776750643447,0.12403034113265762,0.17490736884329297,0.9404761904761905,0.8928571428571429,0.05399090424180031,0.009848921559751034,0.3040543280519936,0.2590870951827672,0.30405432805199367,0.2590870951827672,0.2869071183847072,0.22814492726662816,0.29777131462188133,0.24989883664064702,0.28690711359054316,0.22814492288759444,0.2977713069989817,0.24989883106717914,0.28348395137179117,0.25517598954078996,
lewidi_hsbrexit,gemma,50,LP-temp,2,256,0.36356757422480246,0.05636493422139085,0.12542295972369064,0.22412386343195895,0.9464285714285714,0.9107142857142857,0.22134481846315102,,0.338051811421313,,0.3380518114213131,,0.32904713361641247,,0.33415348637161624,,0.3290471292737571,,0.33415347872791396,,0.29877424761608506,,
lewidi_hsbrexit,gemma,50,GPP-cosine,3,64,1.3047303948846927,0.30127648570751336,0.4201403726269096,0.310928457963795,0.5535714285714286,0.5535714285714286,0.2727319002151489,0.03597249090671539,0.0507903353291368,-0.11372998566898432,0.05079033532913682,-0.11372998566898435,0.04157979940114091,-0.11372420999808797,0.05076174723344268,-0.11415417719685461,0.041579801278743556,-0.11372420973230479,0.0507617519893474,-0.11415417599682992,0.038007307807244754,-0.05449666071750452,
lewidi_hsbrexit,gemma,50,GPP-rbf,3,64,0.4403776017954149,0.07227872395303325,0.14409840932404178,0.24466103246887969,0.9404761904761905,0.8928571428571429,0.16651348769664764,0.013381587341427803,0.07878235982297917,-0.04218357373050556,0.07878235982297918,-0.04218357373050555,0.0571687843128659,-0.06040132062588144,0.06828356541733502,-0.050606393631622115,0.057168777379726046,-0.060401325289894545,0.06828355518320497,-0.0506064003366634,0.07492709910349717,-0.017832482276399865,
lewidi_hsbrexit,gemma,50,GPP-laplace,3,64,0.4123999847137043,0.09931962205730693,0.20915985763782546,0.3784938951437506,0.9404761904761905,0.8928571428571429,0.3039746582508087,0.17143014073371887,-0.09385364824973803,-0.12635037988601955,-0.09385364824973808,-0.12635037988601955,-0.09493590329062906,-0.1341310294838047,-0.09683119541374971,-0.1310414980461625,-0.09493590572917696,-0.13413103198834703,-0.09683119970281029,-0.1310415030772478,-0.0774274575774881,-0.10460607533938186,
lewidi_hsbrexit,gemma,50,LPE,3,64,0.6288502187373425,0.07702640260643759,0.1310591443708247,0.19489258213925872,0.9404761904761905,0.8928571428571429,0.05073273926973343,0.004408980254083872,0.11206447606711245,0.07955766063365227,0.11206447606711245,0.0795576606336523,0.08545275321899667,0.04383389440897302,0.10108805148910739,0.06753060887124819,0.08545274675363485,0.043833889201820395,0.10108804228452775,0.06753060291175388,0.11043404843675102,0.11675000971212954,
lewidi_hsbrexit,gemma,50,LP-temp,3,64,0.4060448308057763,0.07007742440977746,0.1467859694432933,0.2607323390847992,0.9464285714285714,0.8988095238095238,0.24180745431917564,,0.11572561330729532,,0.11572561330729536,,0.09268658638950539,,0.105502875307312,,0.09268657986992332,,0.1055028648649449,,0.11225587096798602,,
lewidi_hsbrexit,gemma,50,GPP-cosine,3,256,1.4074432992419939,0.27066948125060025,0.3798900627931254,0.29791091187369273,0.5952380952380952,0.6309523809523809,0.2585635781288147,0.015336012467741966,-0.0037362564964151697,-0.0702562784301194,-0.0037362564964151905,-0.0702562784301194,0.021600504349821265,-0.06357422797192626,0.002982113641019392,-0.07133497742225295,0.021600505685703583,-0.06357423033976026,0.002982117665144151,-0.07133498310243311,0.025059354817395903,0.016605540571690575,
lewidi_hsbrexit,gemma,50,GPP-rbf,3,256,0.40283855429991466,0.06345024421728725,0.13433902556010122,0.22306339219912702,0.9404761904761905,0.8928571428571429,0.16286207735538483,0.007730049546808004,0.2664739808191598,0.17347097145300966,0.26647398081915985,0.1734709714530097,0.24003546951461624,0.14925515921951216,0.2593738323261444,0.16626395617942324,0.24003546631488942,0.14925515596479838,0.2593738282821417,0.16626395248204576,0.2968734174750771,0.2065492601658268,
lewidi_hsbrexit,gemma,50,GPP-laplace,3,256,0.4301048985102058,0.07747277623453416,0.15815573136344374,0.27817694342020505,0.9404761904761905,0.8928571428571429,0.15588222444057465,0.08394905179738998,-0.07518682848715272,-0.09808563181044014,-0.07518682848715268,-0.09808563181044011,-0.07229706143795825,-0.09856871801777155,-0.07653020272375595,-0.10041171998911268,-0.0722970631460788,-0.09856871984997874,-0.07653020493640551,-0.10041172287284036,-0.04667955485644,-0.0704236653464392,
lewidi_hsbrexit,gemma,50,LPE,3,256,0.5269307105857545,0.0638660825192635,0.12122289877379444,0.18432789522667745,0.9464285714285714,0.8988095238095238,0.06501122564077377,0.015006579458713531,0.26456558736367686,0.20090898204417068,0.2645655873636769,0.20090898204417068,0.2548785470389409,0.18900395141927065,0.25973903513160357,0.19507754924967655,0.25487854230733276,0.18900394652295685,0.2597390294641742,0.19507754395199917,0.30272927561118956,0.3044860330520234,
lewidi_hsbrexit,gemma,50,LP-temp,3,256,0.34875849221353766,0.05957046393765094,0.1343183713445557,0.24951862951776452,0.9583333333333334,0.9107142857142857,0.28711110221922004,,0.3120824096340945,,0.3120824096340945,,0.3067037152188935,,0.3123572951589934,,0.3067037148046211,,0.31235729550519775,,0.30430013279373413,,
lewidi_hsbrexit,gemma,50,GPP-cosine,4,64,1.334075125349619,0.289607992998357,0.40648695133614593,0.31165940155768634,0.5535714285714286,0.5654761904761905,0.31686607003211975,0.03800008445978165,0.11390302828285943,-0.013636271273838872,0.11390302828285945,-0.013636271273838875,0.11533561748094019,-0.019033090793668838,0.11890805438367198,-0.013474915203387998,0.11533562195890834,-0.01903308921345922,0.11890806561647321,-0.013474910417740668,0.10689264851634009,0.03731482934511716,
lewidi_hsbrexit,gemma,50,GPP-rbf,4,64,0.4444978001457024,0.0748176605419785,0.14891313336833956,0.2542579006480619,0.9404761904761905,0.8928571428571429,0.16270999610424042,0.03896387293934822,0.03802773578457591,-0.024898667533155866,0.03802773578457591,-0.024898667533155873,0.01076387636754142,-0.042662275595774346,0.03012015138069618,-0.031018507169146878,0.010763873954808323,-0.0426622779212439,0.03012014844433538,-0.03101851026591755,0.03641786059887135,-0.01655441800066102,
lewidi_hsbrexit,gemma,50,GPP-laplace,4,64,0.40925774245875957,0.09702389648559209,0.20460608606004999,0.3720692062046077,0.9404761904761905,0.8928571428571429,0.29755428433418274,0.16710370779037476,-0.09884779999733818,-0.13210876167316826,-0.09884779999733814,-0.13210876167316826,-0.09884299254091558,-0.13875005796739695,-0.10164500007880423,-0.1366802692448517,-0.09884299501074355,-0.13875006057851588,-0.10164500460803508,-0.13668027469958385,-0.07248251070699306,-0.09897794501967369,
lewidi_hsbrexit,gemma,50,LPE,4,64,0.5690231148933674,0.07771531989947068,0.13603098492170657,0.20672882424712485,0.9404761904761905,0.8928571428571429,0.07780760526657104,0.007487256079912186,0.08023718690561979,0.06590500217213452,0.08023718690561979,0.06590500217213453,0.044278208280165265,0.040777651712770514,0.07093203078843403,0.05847765816831885,0.04427820615295241,0.04077764913354755,0.07093202767000381,0.05847765463087153,0.12054702248768823,0.09897329751321647,
lewidi_hsbrexit,gemma,50,LP-temp,4,64,0.39367887011784963,0.08197312195386035,0.17406441972075573,0.31627486709301517,0.9404761904761905,0.8928571428571429,0.37611924519326695,,0.11502251038091096,,0.11502251038091096,,0.06983530343434687,,0.10422190737588319,,0.06983530166165733,,0.10422190404061386,,0.10946271958718949,,
lewidi_hsbrexit,gemma,50,GPP-cosine,4,256,1.2804058496534902,0.26202879601688855,0.3794884151279315,0.33761890537675515,0.5714285714285714,0.6071428571428571,0.28661036491394043,0.019182292744517326,-0.10116349050471632,-0.17181735220853608,-0.10116349050471635,-0.17181735220853606,-0.0876812172403742,-0.1560123130464639,-0.0943248765826977,-0.16807584291557082,-0.08768121225549334,-0.15601231161171633,-0.09432486591879194,-0.16807583988453462,-0.09800661617011217,-0.1518526259836042,
lewidi_hsbrexit,gemma,50,GPP-rbf,4,256,0.41323005986100203,0.06366356576032974,0.13039881045032026,0.20831483634301393,0.9404761904761905,0.8928571428571429,0.14431937038898468,0.006704950705170631,0.3554724268110661,0.24984349989445978,0.35547242681106617,0.24984349989445984,0.3113729882651425,0.20612695974638018,0.34513604618695204,0.23875681409321187,0.3113729851819563,0.20612695642196072,0.3451360422720242,0.23875680989045217,0.4009822096235351,0.27292946420741687,
lewidi_hsbrexit,gemma,50,GPP-laplace,4,256,0.43150955346724224,0.07723618322569177,0.15707077663059213,0.2757375609021298,0.9404761904761905,0.8928571428571429,0.15358704328536987,0.08251816034317017,-0.06703811324833742,-0.09093481232114664,-0.06703811324833742,-0.09093481232114664,-0.06793548864643967,-0.09496861758833171,-0.06952954260724994,-0.09436780289651332,-0.06793549076353282,-0.09496861983474231,-0.06952954573988814,-0.09436780670887923,-0.03876949886623083,-0.06424712926477763,
lewidi_hsbrexit,gemma,50,LPE,4,256,0.5631853160550788,0.06872196590277199,0.12236862997417033,0.17865149693602275,0.9464285714285714,0.8988095238095238,0.05413379147648811,0.011130151338875294,0.26086869007573066,0.20434857699505027,0.26086869007573077,0.20434857699505032,0.2159984314310105,0.14563846964571212,0.24887712243115617,0.18940226949788083,0.21599842730909716,0.14563846596986196,0.24887711569546986,0.18940226557181797,0.3598145974253725,0.35197425403202176,
lewidi_hsbrexit,gemma,50,LP-temp,4,256,0.35230347876354556,0.057227271155848525,0.13200727824559663,0.22815877608923968,0.9464285714285714,0.8988095238095238,0.23878880275444314,,0.34453819820712706,,0.34453819820712706,,0.3174265242029132,,0.3403998529353555,,0.317426523953619,,0.340399852548758,,0.37410567978136144,,
lewidi_hsbrexit,gemma,62,GPP-cosine,0,64,0.9555980336060452,0.22250852801121476,0.3379611837256648,0.3101486244886608,0.6190476190476191,0.6309523809523809,0.26611319184303284,0.08008376508951187,0.09749775013191087,0.06943018427556392,0.09749775013191087,0.06943018427556392,0.10229114013309412,0.07662540674989415,0.10323121141499263,0.07532649767135934,0.10229114471065803,0.07662541110697231,0.10323122038956789,0.07532650631660351,0.10671604327096527,0.07357002721798538,
lewidi_hsbrexit,gemma,62,GPP-rbf,0,64,0.4567721100311241,0.07392467589338955,0.14407744484820537,0.2383784596814821,0.9404761904761905,0.8928571428571429,0.13131988048553467,0.0334964320063591,0.08380957022326428,0.029587097875301643,0.0838095702232643,0.029587097875301647,0.0535444465881936,0.009027354308757111,0.07873294261405994,0.025165661168010823,0.05354444775616773,0.0090273541979934,0.07873294446404552,0.025165660745609983,0.09366119763260009,0.058479573751352494,
lewidi_hsbrexit,gemma,62,GPP-laplace,0,64,0.4064142712050217,0.09563894437776023,0.20225820528520716,0.3673781396178439,0.9404761904761905,0.8928571428571429,0.29667049646377563,0.1673762947320938,-0.046212411151584254,-0.09106114715603827,-0.04621241115158429,-0.09106114715603829,-0.04332098437156434,-0.0968900840402128,-0.04668084925531857,-0.09356809598787137,-0.0433209852952844,-0.09689008481944233,-0.04668085057816337,-0.09356809766340082,-0.038402345856109486,-0.07932828771849605,
lewidi_hsbrexit,gemma,62,LPE,0,64,0.6008205519097084,0.07789171859084941,0.13260096209307362,0.19312700120528056,0.9404761904761905,0.8928571428571429,0.05089008808135986,0.004462640266865492,0.18745504014981829,0.21111471838553228,0.18745504014981829,0.21111471838553236,0.1623125988949609,0.1743447533430979,0.18487709085881962,0.2053443586357449,0.16231260092291583,0.1743447544939327,0.18487709434601465,0.20534436107371623,0.17068896965476618,0.18030930802123682,
lewidi_hsbrexit,gemma,62,LP-temp,0,64,0.3722992196085512,0.07702510251607593,0.16912429779527086,0.3136644015813102,0.9404761904761905,0.8928571428571429,0.38301870651326825,,0.1785131432258926,,0.1785131432258926,,0.1484268433255957,,0.17583023766056727,,0.14842684649694785,,0.17583024274667383,,0.15850320772390342,,
lewidi_hsbrexit,gemma,62,GPP-cosine,0,256,0.8259327734918172,0.17732628191995414,0.2758785943602951,0.26719818522657474,0.6785714285714286,0.7142857142857143,0.2666139602661133,0.03476806357502937,0.22980951478422734,0.18843769718806755,0.2298095147842274,0.18843769718806758,0.23194147943546867,0.19399633031460806,0.22983797931361274,0.1893738620483851,0.23194147745559696,0.1939963287799063,0.2298379769220972,0.1893738598807882,0.22824833712758674,0.1872247976295983,
lewidi_hsbrexit,gemma,62,GPP-rbf,0,256,0.40613775822083875,0.06320068959402132,0.13181921593301618,0.21169251717330845,0.9404761904761905,0.8928571428571429,0.14254634082317352,0.027535000815987587,0.34549992182399486,0.2636038749069596,0.3454999218239949,0.2636038749069596,0.31532267502442934,0.2314302040617544,0.33701986608402085,0.2543336172452574,0.31532267068558484,0.2314301998615991,0.3370198571861166,0.25433360825765605,0.34526325470777847,0.2900787630346036,
lewidi_hsbrexit,gemma,62,GPP-laplace,0,256,0.42769750857587935,0.07782369469362005,0.1588147352338724,0.2795142828484482,0.9404761904761905,0.8928571428571429,0.16250795125961304,0.0881693959236145,-0.035455537156162,-0.05836228520601665,-0.03545553715616201,-0.05836228520601665,-0.029956279806860192,-0.05728384813254868,-0.03596363523212777,-0.05993642711899479,-0.02995628147863543,-0.057283849766237044,-0.03596363768890189,-0.059936429867119716,-0.012204351956691699,-0.04278959195173666,
lewidi_hsbrexit,gemma,62,LPE,0,256,0.465079957699854,0.06280186819193398,0.12313847035695635,0.17852494017874176,0.9464285714285714,0.8988095238095238,0.09613359719514847,0.026720192283391953,0.37409442822069583,0.3382552461460898,0.3740944282206959,0.3382552461460898,0.33631911664451514,0.28935193476266136,0.3638222953766721,0.3265191330922207,0.33631911197417014,0.28935193140261495,0.36382228453526566,0.32651912690133467,0.37573230704139265,0.3719445892787485,
lewidi_hsbrexit,gemma,62,LP-temp,0,256,0.3669348712826871,0.0784200369032461,0.16968835729471804,0.3121367831833351,0.9404761904761905,0.8928571428571429,0.41912320376946915,,0.3376995629188623,,0.3376995629188623,,0.31916030570692977,,0.3317564435873811,,0.3191603014106279,,0.3317564324839287,,0.3474568777555921,,
lewidi_hsbrexit,gemma,62,GPP-cosine,1,16,0.8064822887494035,0.23281872718488603,0.3845842954857896,0.4137917659843821,0.5595238095238095,0.5833333333333334,0.35288748145103455,0.16182227432727814,-0.048775226277907424,-0.07161006597056863,-0.04877522627790745,-0.07161006597056864,-0.0544665991013302,-0.06876271626806604,-0.05032359365420827,-0.07163060249151801,-0.054466599122666534,-0.06876271651791427,-0.05032359533610542,-0.0716306045315368,-0.03477264331301116,-0.09568286294149608,
lewidi_hsbrexit,gemma,62,GPP-rbf,1,16,0.39699028750046866,0.07961349741381445,0.1704981381827522,0.3112857724941489,0.9404761904761905,0.8928571428571429,0.25426942110061646,0.08308278024196625,0.038935326161331066,-0.05743944076641906,0.038935326161331066,-0.05743944076641906,0.0747655643934291,-0.031461278772583263,0.04783005765888543,-0.05198995370602778,0.07476556532117182,-0.031461278654908005,0.0478300619875193,-0.05198995193484712,0.011200490561929548,-0.07419744058971171,
lewidi_hsbrexit,gemma,62,GPP-laplace,1,16,0.5606876289187238,0.17335386786394613,0.32749569739791606,0.49327595403645724,0.9404761904761905,0.8928571428571429,0.42617326974868774,0.2443270981311798,0.018402582928938906,-0.06113719388909271,0.018402582928938906,-0.061137193889092695,0.04699322394789358,-0.08283136425938108,0.025501154555165377,-0.06667030760890241,0.046993224771640314,-0.08283136474120609,0.025501159144942574,-0.06667031157705312,0.00989919501728531,-0.09801126367656941,
lewidi_hsbrexit,gemma,62,LPE,1,16,0.4387802999663955,0.07249458585173199,0.14382598434929691,0.24309035450625488,0.9404761904761905,0.8928571428571429,0.16252842545509338,0.029121143743395805,0.15193688324152324,0.18234611876866358,0.1519368832415232,0.18234611876866358,0.17667359408326605,0.18920242183887492,0.15956804767975155,0.18715998594325187,0.1766735955687324,0.18920242434084522,0.15956805277940286,0.18715999230671498,0.09309884935127499,0.10087877516068165,
lewidi_hsbrexit,gemma,62,LP-temp,1,16,0.4017693736107018,0.09701654078955643,0.20401673506927362,0.3740116487828285,0.9404761904761905,0.8928571428571429,0.4962753576979368,,0.11424143961466618,,0.11424143961466621,,0.14375754218901388,,0.12146721662954628,,0.14375754230651325,,0.12146721880885761,,0.08416169443401751,,
lewidi_hsbrexit,gemma,62,GPP-cosine,1,256,0.5429439507769928,0.10191656334942706,0.18512450566912603,0.25737204534667385,0.8333333333333334,0.8571428571428571,0.23642653226852417,0.030216088518500328,0.16990832013405954,0.14181619839723694,0.16990832013405957,0.14181619839723691,0.12749541236594028,0.1011926722133574,0.16378043870657122,0.13535169468925076,0.12749541475888923,0.10119267397939602,0.1637804380754554,0.1353516929070795,0.17133032554586425,0.15005404098465533,
lewidi_hsbrexit,gemma,62,GPP-rbf,1,256,0.38980686036802037,0.05985648509262852,0.12861696935613595,0.20489404975697725,0.9404761904761905,0.8928571428571429,0.14980025589466095,0.007895569317042828,0.4197155885268244,0.3974337456362528,0.4197155885268244,0.3974337456362528,0.40436451552178354,0.38374347619763227,0.4169689576647548,0.3946123976206543,0.4043645134724149,0.3837434738061422,0.41696895633122066,0.3946123965129791,0.3968877564347136,0.34819583128229203,
lewidi_hsbrexit,gemma,62,GPP-laplace,1,256,0.4355460974310959,0.07690699483565588,0.15482260113848106,0.270098837114405,0.9404761904761905,0.8928571428571429,0.1475086510181427,0.07971066236495972,-0.032880768856198825,-0.052838441218436366,-0.032880768856198825,-0.05283844121843637,-0.023736772968069274,-0.0479413473799428,-0.03272986676346206,-0.05372475350753908,-0.023736774809828054,-0.047941349212998974,-0.03272986903982411,-0.05372475612130543,-0.022256908423684902,-0.04596383886202624,
lewidi_hsbrexit,gemma,62,LPE,1,256,0.4888012970715788,0.058797806323856665,0.11690940234703226,0.16994642254649645,0.9404761904761905,0.8928571428571429,0.06467165052890778,0.014007040299475193,0.38102468803537126,0.29010721540236406,0.38102468803537126,0.2901072154023641,0.37211395806094766,0.27086886241213365,0.38003536787016234,0.2859900781295305,0.3721139566514975,0.2708688606258078,0.3800353670630248,0.2859900776681087,0.37529544143441285,0.3869746251614373,
lewidi_hsbrexit,gemma,62,LP-temp,1,256,0.32243255085975187,0.05105831809428141,0.12119455934399713,0.23456305562598032,0.9464285714285714,0.9107142857142857,0.2774958005461583,,0.39668847821761166,,0.39668847821761166,,0.3967926750778361,,0.3985662766020823,,0.3967926745634436,,0.39856627623344065,,0.3693233956368695,,
lewidi_hsbrexit,gemma,62,GPP-cosine,2,64,1.0704839425396806,0.21567621313703111,0.32701999669769155,0.3236093111551031,0.6488095238095238,0.6964285714285714,0.2283468246459961,0.06913354247808456,-0.06799839033623757,-0.08210589388040479,-0.06799839033623761,-0.08210589388040478,-0.08077250545411228,-0.08896576870781839,-0.06902838569565614,-0.08187979526436029,-0.08077250305197498,-0.08896576625500785,-0.06902837944207453,-0.08187978923202376,-0.08556059387764439,-0.10159449115509542,
lewidi_hsbrexit,gemma,62,GPP-rbf,2,64,0.4203109304390858,0.06958108505954501,0.142508904244529,0.24041573202364153,0.9404761904761905,0.8928571428571429,0.15101012587547302,0.04048241302371025,0.1852344901503175,0.11611418414772837,0.18523449015031757,0.11611418414772838,0.15526958906224336,0.09254010362534378,0.17632161590856874,0.10826762895416649,0.1552695852317243,0.092540099876008,0.17632161048624645,0.10826762309639523,0.1811783917287392,0.13428505157526657,
lewidi_hsbrexit,gemma,62,GPP-laplace,2,64,0.4137284764806188,0.10175558694691861,0.2136064866735112,0.3856063535453629,0.9404761904761905,0.8928571428571429,0.3193935751914978,0.1808115839958191,-0.03272982587694838,-0.08066160515061256,-0.03272982587694838,-0.08066160515061255,-0.029178567238371395,-0.08673756813041442,-0.03349787267273461,-0.08366226209807627,-0.029178568743332974,-0.08673756946623301,-0.03349787446202629,-0.08366226430574415,-0.022136073255796865,-0.061760713310158415,
lewidi_hsbrexit,gemma,62,LPE,2,64,0.5689718318532245,0.07367791909183924,0.1293778277163039,0.18830952482002075,0.9404761904761905,0.8928571428571429,0.05723309516906738,0.0050281742587685585,0.2518913277632384,0.15266172829382058,0.25189132776323847,0.15266172829382063,0.21512124595128718,0.10525652555175294,0.2412307829075886,0.13812523706804616,0.21512124139856886,0.10525651991889512,0.24123077683608019,0.13812523038063107,0.26116662536416224,0.26111085528667544,
lewidi_hsbrexit,gemma,62,LP-temp,2,64,0.3719713289495588,0.06647874363859987,0.14631928303043246,0.2643320950380491,0.9464285714285714,0.8988095238095238,0.28092072571111393,,0.250612799716716,,0.2506127997167161,,0.22470789175489914,,0.244605198731572,,0.22470788974357256,,0.24460519549461324,,0.23429009552198857,,
lewidi_hsbrexit,gemma,62,GPP-cosine,2,256,0.6094760483199433,0.12947577527466336,0.22679975034370295,0.2660351676364311,0.7380952380952381,0.7857142857142857,0.2548196017742157,0.0337333120405674,0.2044189102247254,0.15565241356286946,0.2044189102247254,0.1556524135628695,0.20035151539584012,0.15255798581180224,0.20556738452264794,0.15662331123786571,0.20035151633384696,0.15255798663261153,0.2055673870192486,0.15662331301674914,0.218404918451169,0.18663921181598703,
lewidi_hsbrexit,gemma,62,GPP-rbf,2,256,0.4215638415155207,0.06568103899271135,0.13338782060808235,0.20928613981392155,0.9404761904761905,0.8928571428571429,0.13881103694438934,0.007005230989307165,0.3711008928061287,0.3335878312733303,0.3711008928061287,0.3335878312733303,0.38822588252161444,0.35074077085059324,0.3726464786015675,0.33416837555501383,0.38822587766565275,0.3507407651583003,0.37264647280932583,0.3341683683140344,0.3274028873926353,0.29427546136548427,
lewidi_hsbrexit,gemma,62,GPP-laplace,2,256,0.4482539199919459,0.0776881909987124,0.15376979262301965,0.26689874842846517,0.9404761904761905,0.8928571428571429,0.13863150775432587,0.0745505690574646,-0.06195945247944345,-0.07963933357948097,-0.061959452479443455,-0.07963933357948097,-0.04885871996340724,-0.07083539755211254,-0.060758174791361454,-0.07949379739889967,-0.0488587214100712,-0.07083539901334764,-0.06075817614034052,-0.07949379914046928,-0.05890249683896063,-0.07326329179180807,
lewidi_hsbrexit,gemma,62,LPE,2,256,0.5722044473522638,0.07083069175052817,0.1266473391956749,0.1753605033934829,0.9404761904761905,0.8928571428571429,0.04795663058757782,0.008105289191007614,0.33993255714951487,0.2936176918509007,0.3399325571495149,0.2936176918509007,0.34489250106215397,0.2850052597282168,0.33752841405010714,0.2878496664192055,0.34489249497374974,0.2850052534995064,0.33752840582440813,0.2878496599115133,0.32608299555878134,0.34574659537933067,
lewidi_hsbrexit,gemma,62,LP-temp,2,256,0.345946482393337,0.05609624775769893,0.1304647730571225,0.2352088707563827,0.9404761904761905,0.8928571428571429,0.255132728500983,,0.3600386068720428,,0.3600386068720428,,0.3771968929279538,,0.3626117425655151,,0.37719688927856665,,0.3626117376094825,,0.33238036680833094,,
lewidi_hsbrexit,gemma,62,GPP-cosine,3,64,1.2489438096057452,0.2938448793821183,0.42146573659909425,0.34929323126866374,0.5595238095238095,0.5595238095238095,0.28931310772895813,0.08566108345985413,-0.019575206771102485,-0.06358641962256517,-0.019575206771102506,-0.06358641962256517,0.03748132863013644,-0.0038613308484713,-0.003899864646923993,-0.04763259974831017,0.03748133231827276,-0.003861327213483569,-0.0038998546728066866,-0.047632589781172206,-0.023237532286160892,-0.07579153530454234,
lewidi_hsbrexit,gemma,62,GPP-rbf,3,64,0.45315556968144916,0.07297334822755404,0.14246776425057933,0.23569608257498756,0.9404761904761905,0.8928571428571429,0.1482839584350586,0.01180410385131836,0.10839833200397614,-0.009275117612981845,0.10839833200397618,-0.009275117612981838,0.10357962045918015,-0.015299763960927026,0.10253059773166717,-0.015140963762730598,0.10357961440064328,-0.015299768959582911,0.1025305888188644,-0.015140971194692389,0.1250643987641179,0.03007866179120666,
lewidi_hsbrexit,gemma,62,GPP-laplace,3,64,0.40832198884051674,0.09615262901491196,0.2030820588891705,0.3686597345960068,0.9404761904761905,0.8928571428571429,0.29501330852508545,0.16660015285015106,-0.08531443241133166,-0.12917516089123826,-0.08531443241133167,-0.1291751608912383,-0.08000224927788749,-0.13233511762222994,-0.0859234987006553,-0.13172400845084647,-0.08000225069251546,-0.1323351188493364,-0.08592350011533237,-0.1317240100939901,-0.08127094541761909,-0.11979877394807385,
lewidi_hsbrexit,gemma,62,LPE,3,64,0.6735928866488885,0.08016776743427781,0.13162658291618018,0.189050845697879,0.9404761904761905,0.8928571428571429,0.034055691212415695,0.0025416589342057705,0.12211808792065791,0.09902327623790155,0.12211808792065793,0.09902327623790158,0.11424057871990638,0.08606799971252771,0.11554544880554789,0.09186329156910605,0.11424057253196457,0.08606799425600767,0.115545440335729,0.09186328486580653,0.16894150722684692,0.16691054690503646,
lewidi_hsbrexit,gemma,62,LP-temp,3,64,0.39328031622329684,0.07084990375372498,0.15210289628188306,0.2708256462346239,0.9404761904761905,0.8928571428571429,0.26479882694852436,,0.1279895910743165,,0.12798959107431654,,0.11923145690208062,,0.12165908346257223,,0.11923145115938732,,0.12165907434472584,,0.15768059908097334,,
lewidi_hsbrexit,gemma,62,GPP-cosine,3,256,0.7620966347452294,0.16535669590930646,0.26023881739508525,0.26563152367742005,0.7261904761904762,0.75,0.26793771982192993,0.03431537747383118,0.2254126093449594,0.17694764817553182,0.2254126093449594,0.17694764817553185,0.22925205993907452,0.1908507618948916,0.22936843381729743,0.18301097363919042,0.22925206194044997,0.19085076410820118,0.22936843815447694,0.18301097810170713,0.22705857547453528,0.19796983255871908,
lewidi_hsbrexit,gemma,62,GPP-rbf,3,256,0.39223847937313205,0.06238087255560282,0.13322655409934842,0.21525277349014843,0.9404761904761905,0.8928571428571429,0.16584022343158722,0.008459385484457016,0.3992116178281868,0.3309588737329322,0.3992116178281869,0.3309588737329322,0.38972103676511916,0.32288089215820076,0.3990643824203344,0.3302558691419227,0.3897210363150104,0.32288089119000685,0.39906438241320485,0.33025586851233724,0.3934950767209341,0.3419681726296009,
lewidi_hsbrexit,gemma,62,GPP-laplace,3,256,0.4365992528279736,0.07729245815836927,0.15554044910130047,0.27216327989491307,0.9404761904761905,0.8928571428571429,0.1485109031200409,0.08006284385919571,-0.05371449011019343,-0.07607649376293475,-0.05371449011019344,-0.07607649376293477,-0.044386250707640545,-0.07093549689262152,-0.05313816958048348,-0.07654180727824926,-0.04438625198569878,-0.07093549816577588,-0.05313817136735682,-0.07654180941018737,-0.03793294770392904,-0.06325256288292994,
lewidi_hsbrexit,gemma,62,LPE,3,256,0.49927632178702164,0.06468732093966646,0.12303729895507959,0.17529088670163276,0.9404761904761905,0.8928571428571429,0.06128593906760216,0.013699452392756939,0.3768522079124013,0.28702740065987764,0.37685220791240137,0.28702740065987764,0.3745333917864831,0.2809992431268237,0.37783454784156434,0.28655034347833996,0.3745333909942073,0.28099924219697603,0.377834547463281,0.28655034407717905,0.3798918253206155,0.38534799790140606,
lewidi_hsbrexit,gemma,62,LP-temp,3,256,0.3288706182459117,0.05470765183562508,0.12917371345375117,0.23866565978128865,0.9464285714285714,0.8988095238095238,0.2977725791660637,,0.42214958002571334,,0.42214958002571334,,0.4228374255689097,,0.4254125762210793,,0.42283742628773263,,0.4254125788805255,,0.3877786437785385,,
lewidi_hsbrexit,gemma,62,GPP-cosine,4,64,1.2083720701120029,0.27652976162986626,0.3921545757425303,0.31488007089035097,0.5773809523809523,0.5892857142857143,0.2781028151512146,0.08359178155660629,0.1317735697116012,0.12772323473310285,0.13177356971160123,0.12772323473310288,0.11694776989042754,0.11284707736909358,0.12862558406650887,0.12483762108996181,0.11694776913786417,0.11284707694688875,0.12862558312707378,0.12483762042616009,0.1338574809812012,0.13824472707682836,
lewidi_hsbrexit,gemma,62,GPP-rbf,4,64,0.4550809334069541,0.07424996382823805,0.14502500742951052,0.2438145065769749,0.9404761904761905,0.8928571428571429,0.14042320847511292,0.03395264595746994,0.05701587778456893,-0.0023566330695433055,0.057015877784568986,-0.0023566330695433124,0.044567155894899554,-0.012505843586632051,0.05257258031298988,-0.007027663225031976,0.04456715360953283,-0.012505846298595066,0.05257257705041982,-0.007027667922526258,0.05032784742536726,0.005028601986725217,
lewidi_hsbrexit,gemma,62,GPP-laplace,4,64,0.4058088985196231,0.09552044322967942,0.20231090033692972,0.36825567367142936,0.9404761904761905,0.8928571428571429,0.29660648107528687,0.1670893281698227,-0.07861008455576579,-0.1253608267854117,-0.07861008455576582,-0.12536082678541172,-0.07090754777514774,-0.12670046846173777,-0.07853394501124195,-0.12738849754669135,-0.07090754905246127,-0.12670046957658132,-0.0785339466388966,-0.12738849953238865,-0.06320608781835763,-0.10037684446330059,
lewidi_hsbrexit,gemma,62,LPE,4,64,0.596543941158605,0.07840208876968402,0.1339043104820857,0.19946151649346763,0.9404761904761905,0.8928571428571429,0.05942361056804657,0.004024081863462925,0.10059483987398682,0.08149417385230345,0.10059483987398685,0.08149417385230345,0.07699130914970498,0.06408470281416276,0.09470587519091453,0.07700705103533965,0.07699130768550733,0.06408470152714126,0.09470587408348678,0.07700705004006404,0.16129171159824274,0.20388610827877562,
lewidi_hsbrexit,gemma,62,LP-temp,4,64,0.3845775510944034,0.07858005308154664,0.1703172633827935,0.3116094225909779,0.9404761904761905,0.8928571428571429,0.36560818636630743,,0.13326621532734467,,0.13326621532734467,,0.10814401222261816,,0.12758363801416073,,0.10814401114491722,,0.12758363637191267,,0.1354608707089463,,
lewidi_hsbrexit,gemma,62,GPP-cosine,4,256,0.6032920778438509,0.12467198293399447,0.21792091482508286,0.25251704948595394,0.7797619047619048,0.7916666666666666,0.2218080759048462,0.028608012944459915,0.1448243862065337,0.09378785874006851,0.14482438620653368,0.09378785874006851,0.15381920214933706,0.1125983829777945,0.14993081436187838,0.10112848717374937,0.15381920470052787,0.11259838595882363,0.14993081965289676,0.10112849366505247,0.1630438215326193,0.14965435542933336,
lewidi_hsbrexit,gemma,62,GPP-rbf,4,256,0.4157587126748476,0.06361854005670067,0.1301807901680669,0.2018080856201773,0.9404761904761905,0.8928571428571429,0.136147141456604,0.006940287537872791,0.4044804237375866,0.3462491620777778,0.40448042373758664,0.3462491620777778,0.38139088375102387,0.3244292860768422,0.3993173661873108,0.34105062343588155,0.3813908809946993,0.3244292833507114,0.3993173635933934,0.341050621749323,0.3927793607265203,0.3371022333688788,
lewidi_hsbrexit,gemma,62,GPP-laplace,4,256,0.434027932258869,0.076896878780679,0.15513041434210859,0.270790114132846,0.9404761904761905,0.8928571428571429,0.14820167422294617,0.08001492917537689,-0.03927542481585937,-0.06064661241527877,-0.03927542481585939,-0.06064661241527878,-0.03378876600940183,-0.05905307930438005,-0.03945322009718022,-0.06179545159125317,-0.03378876728594694,-0.05905308057546199,-0.039453221485948695,-0.0617954533205547,-0.01730731404673263,-0.04472295463794525,
lewidi_hsbrexit,gemma,62,LPE,4,256,0.5547915668757878,0.0676943242668379,0.12300364371883786,0.17015934312115608,0.9464285714285714,0.8988095238095238,0.05376182124018669,0.009548051282763481,0.359043820073835,0.28360908059252404,0.35904382007383506,0.2836090805925241,0.3303328113278379,0.2469730180113362,0.35219316671909207,0.27363532670468804,0.3303328083566449,0.24697301398376612,0.35219316276523793,0.27363532173934374,0.37568118447036314,0.3676038182476936,
lewidi_hsbrexit,gemma,62,LP-temp,4,256,0.35661839125530514,0.0563030524868053,0.12651495400973423,0.2168864456785465,0.9404761904761905,0.8928571428571429,0.2284772654915413,,0.41232446901987646,,0.4123244690198765,,0.40097066896002564,,0.41130413866954985,,0.40097066790671504,,0.4113041381714636,,0.37669434087803977,,
