dataset,model,layer,method,seed,n_obs,soft_ce,jsd,tvd,entce,rankcs,acc,mean_alea,mean_mi,corrAlea_entropy,corrMI_entropy,corrAlea_norm_entropy,corrMI_norm_entropy,corrAlea_one_minus_max,corrMI_one_minus_max,corrAlea_gini,corrMI_gini,corrAlea_top2_margin,corrMI_top2_margin,corrAlea_bern_var,corrMI_bern_var,corrAleaS_entropy,corrMIS_entropy,mono_alea
lewidi_convabuse,qwen,0,GPP-cosine,0,16,0.46297474388466925,0.13561162633642646,0.21983784240714851,0.3244939360841218,0.8464285714285714,0.8214285714285714,0.32186076045036316,0.00784385297447443,0.08266211953715226,0.04265502034371724,0.08266211953715229,0.04265502034371724,0.07896192214666006,0.04495033085276989,0.08293152286877914,0.04339105548461432,0.07896192236971938,0.044950331341029104,0.08293152314568446,0.04339105601681673,0.10836223424336541,0.05548709222817082,
lewidi_convabuse,qwen,0,GPP-rbf,0,16,0.5202573251209189,0.1318329263362897,0.19412522706025767,0.23363230819147077,0.8464285714285714,0.8214285714285714,0.1864635944366455,0.02408573217689991,0.14867186315554237,0.07972983106203889,0.1486718631555424,0.0797298310620389,0.14279752226461506,0.07997708720672159,0.14858072642970155,0.08010294565206902,0.14279752263339537,0.07997708752970822,0.14858072684587093,0.08010294595106518,0.1760737934051163,0.14983398898990066,
lewidi_convabuse,qwen,0,GPP-laplace,0,16,0.49391471524262504,0.1830904511612221,0.3225462892092764,0.5215567975460722,0.8404761904761905,0.8178571428571428,0.38137125968933105,0.21622665226459503,0.1321587082905028,0.1211213905141548,0.13215870829050283,0.12112139051415483,0.1247312388494154,0.11331249776882822,0.13182324534572296,0.12054378835286184,0.12473123904422198,0.11331249798048525,0.13182324551601418,0.12054378845995387,0.13433467633773868,0.12149774097431155,
lewidi_convabuse,qwen,0,LPE,0,16,0.8196684556335696,0.13783690490941114,0.16995906315811832,0.11174975438652261,0.844047619047619,0.819047619047619,0.0398956723511219,0.00231719296425581,0.1855112732140105,0.14562651532643564,0.18551127321401054,0.1456265153264356,0.1663745835895717,0.12841831980981497,0.18453759123622693,0.14464165491046907,0.16637458325562723,0.12841831956630592,0.18453759066818198,0.14464165445246477,0.1219392953217644,0.12022663228351854,
lewidi_convabuse,qwen,0,LP-temp,0,16,0.4409306531811568,0.13998786253428158,0.2395863995296267,0.3827771905182306,0.844047619047619,0.819047619047619,0.4119839910521041,,0.1500545045664256,,0.1500545045664256,,0.1397162840300628,,0.14973981828218205,,0.13971628397441466,,0.14973981828858907,,0.11512496104802443,,
lewidi_convabuse,qwen,0,GPP-cosine,0,64,0.4429738601099005,0.15568542525882698,0.2787674465127999,0.4666036333454043,0.8297619047619048,0.8047619047619048,0.5171942114830017,0.00763386907055974,0.11109792995338705,0.023343133775187458,0.11109792995338708,0.023343133775187465,0.10410424563976464,0.027297336529474983,0.11030925569333336,0.02382290113126463,0.10410424568904926,0.027297337075713028,0.11030925578833231,0.023822901751156478,0.13356737145439995,0.06683907714862038,
lewidi_convabuse,qwen,0,GPP-rbf,0,64,0.43818320409677547,0.1311498154290349,0.2178398574186888,0.32664576202640566,0.844047619047619,0.8214285714285714,0.26308825612068176,0.08616835623979568,0.13960422095127276,0.14306133468329632,0.13960422095127278,0.14306133468329635,0.12686175337399475,0.13150112566130417,0.13866734495384025,0.14204690268110662,0.1268617534081105,0.1315011259483872,0.13866734487928506,0.14204690288749638,0.13525603326012603,0.14465998948501957,
lewidi_convabuse,qwen,0,GPP-laplace,0,64,0.465612083331656,0.16543461350468674,0.2898009472992271,0.46674200643165803,0.8404761904761905,0.8178571428571428,0.33981141448020935,0.19092966616153717,0.12814371854662115,0.12255961477861163,0.12814371854662118,0.12255961477861163,0.11707927566049796,0.11116177143798968,0.12731573234593935,0.12156421452967191,0.1170792758566408,0.1111617716584837,0.1273157325132215,0.12156421467839781,0.1341294786117404,0.12442004904882648,
lewidi_convabuse,qwen,0,LPE,0,64,0.5999211861189158,0.1257512615933356,0.17699147245427108,0.18064146077771068,0.844047619047619,0.819047619047619,0.11445481330156326,0.027673162519931793,0.08142592625041356,0.08721884983329571,0.08142592625041359,0.08721884983329573,0.07023933406343032,0.07969472876853889,0.0802447332941422,0.08712573885448373,0.07023933364804122,0.07969472940433864,0.08024473251009182,0.08712574012791183,0.0892252566600232,0.09619121722546818,
lewidi_convabuse,qwen,0,LP-temp,0,64,0.4412753565129725,0.14155259268053694,0.2446352809440841,0.3945473592773477,0.8404761904761905,0.8178571428571428,0.42778677341175697,,0.058972494139563555,,0.05897249413956354,,0.04915361125845757,,0.057874457699773535,,0.04915361052322347,,0.05787445638992504,,0.07198693940339079,,
lewidi_convabuse,qwen,0,GPP-cosine,0,256,0.4013938002027208,0.12687357469124277,0.22157167255701055,0.3606980225722333,0.8464285714285714,0.8214285714285714,0.39349326491355896,0.0033787188585847616,0.24148884408201052,0.15199041311978506,0.24148884408201057,0.15199041311978506,0.23294476690306581,0.15422328316528572,0.2412748532242815,0.15266034593307704,0.23294476661039026,0.15422328343336955,0.24127485253099784,0.15266034598901385,0.24121826328212653,0.16402394721443697,
lewidi_convabuse,qwen,0,GPP-rbf,0,256,0.40894544458659005,0.11786309670997812,0.1976171166792656,0.2878240115911159,0.844047619047619,0.8214285714285714,0.24388158321380615,0.06812886148691177,0.21458975129765082,0.18132265961548022,0.21458975129765084,0.18132265961548025,0.20396056681870262,0.17013971465873892,0.2142114943849916,0.1807941869455162,0.20396056679530267,0.17013971479569015,0.2142114942988037,0.1807941870303766,0.21175472713266588,0.1999865032295798,
lewidi_convabuse,qwen,0,GPP-laplace,0,256,0.44303748017037126,0.14615528462392333,0.25076967465269956,0.3914181070988946,0.8428571428571429,0.8202380952380952,0.28172335028648376,0.1558382660150528,0.15264192182276085,0.1485960439570288,0.15264192182276087,0.1485960439570288,0.14379072094764672,0.13925489273853278,0.15207991803852883,0.1478758276197948,0.14379072123265105,0.13925489303852756,0.1520799183366869,0.14787582789034437,0.14905416246710504,0.14541533645891783,
lewidi_convabuse,qwen,0,LPE,0,256,0.5216342445783276,0.10905291613776467,0.16688937917436603,0.19152354099428903,0.85,0.8273809523809523,0.12059103697538376,0.0681062713265419,0.21702712689167872,0.21854373609038735,0.21702712689167872,0.21854373609038735,0.2095682731585339,0.21080224989493074,0.21723538207046494,0.21892320642215002,0.2095682726884871,0.21080224985982493,0.2172353813344542,0.21892320622833794,0.2005487299660146,0.21669491427072216,
lewidi_convabuse,qwen,0,LP-temp,0,256,0.4605203198749465,0.13283000284267707,0.222301031411689,0.3448314202777268,0.8488095238095238,0.830952380952381,0.3794606635503233,,0.16608414992618092,,0.16608414992618098,,0.15694506352241097,,0.1653287440940409,,0.156945063071401,,0.16532874339578565,,0.16675528498453876,,
lewidi_convabuse,qwen,0,GPP-cosine,0,1024,0.34224957164704095,0.1078678643362951,0.1965824315509443,0.348388881355289,0.875,0.8571428571428571,0.3968988358974457,0.0022266723681241274,0.2933351721672482,0.20293611185175953,0.29333517216724825,0.20293611185175955,0.28365426414859957,0.2089817770952062,0.29282124330143305,0.20380651232245348,0.28365426436991603,0.2089817778783682,0.2928212434377614,0.20380651309989822,0.2923569975615436,0.23291998897015612,
lewidi_convabuse,qwen,0,GPP-rbf,0,1024,0.337531824451475,0.09436730801510174,0.16439284345189142,0.2580503081267639,0.8857142857142857,0.8678571428571429,0.242234006524086,0.04891383275389671,0.2965878626590048,0.2312500238414863,0.29658786265900483,0.23125002384148635,0.2785954312546365,0.21504201988159827,0.29487631058644503,0.22973041418082532,0.27859543154144206,0.2150420203970238,0.29487631074995935,0.22973041467780614,0.28015634255944327,0.26379838367854525,
lewidi_convabuse,qwen,0,GPP-laplace,0,1024,0.40484158265179143,0.13229349701222723,0.2318724816615161,0.3732428774004491,0.8464285714285714,0.8238095238095238,0.27189433574676514,0.14781995117664337,0.2009295409596728,0.1924194037807132,0.2009295409596728,0.1924194037807132,0.19058797353979418,0.18123107540612995,0.20023181883141541,0.19151673153348409,0.1905879739378166,0.18123107581203565,0.20023181923740624,0.19151673190580157,0.20310715885625638,0.1947239981121115,
lewidi_convabuse,qwen,0,LPE,0,1024,0.4147863514479513,0.09946523484046244,0.16724767369920732,0.23976077923783426,0.8666666666666667,0.8535714285714285,0.0965195968747139,0.16176855564117432,0.1806574312487908,0.23124225186836497,0.18065743124879083,0.23124225186836503,0.17329653766011582,0.21729824283117014,0.17951387355393034,0.2295019327633117,0.17329653756771468,0.21729824301647166,0.17951387318196727,0.22950193287821133,0.1959322081992477,0.22699979647558763,
lewidi_convabuse,qwen,0,LP-temp,0,1024,0.44442445452175056,0.15074198063113792,0.26234349607156043,0.4242645056148315,0.8261904761904761,0.8154761904761905,0.47880139407220085,,0.12539561650369085,,0.12539561650369088,,0.12193796432135348,,0.12428563802089637,,0.12193796423912573,,0.12428563766229349,,0.13050204678297717,,
lewidi_convabuse,qwen,0,GPP-cosine,1,64,0.4273404670664891,0.14339317367118296,0.25373016902733414,0.42303106429408066,0.8452380952380952,0.8202380952380952,0.46458324790000916,0.006192483007907867,0.210162362735337,0.0752454455943123,0.21016236273533703,0.07524544559431232,0.20729341917015748,0.07538324880572082,0.21063713620530947,0.07565473843939796,0.20729341888755995,0.07538324917828557,0.21063713551014396,0.07565473871290081,0.21857604717025628,0.07295561658951356,
lewidi_convabuse,qwen,0,GPP-rbf,1,64,0.4223959582526205,0.13120480640498447,0.22386061081418857,0.3506586318821611,0.8452380952380952,0.825,0.2891272008419037,0.08781164139509201,0.10652244096711296,0.12035669664602786,0.10652244096711298,0.12035669664602786,0.10618949789336635,0.11694354121338947,0.10674435061845104,0.12017885435054401,0.10618949810851323,0.11694354158375211,0.10674435090588355,0.12017885474270225,0.10957457780214097,0.12460237300233792,
lewidi_convabuse,qwen,0,GPP-laplace,1,64,0.46637289894319467,0.1676268286093264,0.2954408520034381,0.4810231730525115,0.8416666666666667,0.819047619047619,0.3519345223903656,0.1964775025844574,0.1282261661814933,0.11954532711961605,0.1282261661814933,0.11954532711961606,0.11830736152539774,0.10908236312637444,0.12757395994083978,0.11869225228211827,0.11830736176212991,0.10908236337722196,0.12757396016579267,0.11869225246281594,0.1330467069946346,0.12286333423241196,
lewidi_convabuse,qwen,0,LPE,1,64,0.5504170482867918,0.12236336309336394,0.17832215671743532,0.1981592459233626,0.8464285714285714,0.8238095238095238,0.1413528174161911,0.02873993292450905,0.090113084280344,0.14507886241642,0.09011308428034398,0.14507886241642007,0.10240046910927847,0.13757369850233978,0.091358661252619,0.1431399977253032,0.1024004691277051,0.13757370000244434,0.0913586613875387,0.1431399994229418,0.08547696453227246,0.11990050592762169,
lewidi_convabuse,qwen,0,LP-temp,1,64,0.44007841307790996,0.13430897371846873,0.2264432645096552,0.3531566087217511,0.8464285714285714,0.8285714285714286,0.37352515081041254,,0.065378704133151,,0.06537870413315101,,0.07164788755113216,,0.06597571437966386,,0.07164788768194477,,0.06597571461798542,,0.06586281566255411,,
lewidi_convabuse,qwen,0,GPP-cosine,1,256,0.3775388423775779,0.12298382909250243,0.22191390812263956,0.3826031998025862,0.85,0.825,0.4265701174736023,0.00390511192381382,0.26485308704958416,0.13284142111555863,0.26485308704958416,0.1328414211155587,0.2539548258438482,0.13258384157616554,0.26420606524145146,0.13308457257607692,0.2539548259056137,0.13258384240713883,0.2642060650816628,0.1330845734046666,0.2689737498016482,0.18228025866167943,
lewidi_convabuse,qwen,0,GPP-rbf,1,256,0.3865691040202835,0.11484953584758394,0.19709141457805388,0.31088672032590114,0.8595238095238096,0.844047619047619,0.2636279761791229,0.07517344504594803,0.18145445174978989,0.16678014049410622,0.1814544517497899,0.16678014049410622,0.1716202705386783,0.15547120382340468,0.18051456837719565,0.1658754214302263,0.17162027090589646,0.1554712041704629,0.18051456872222907,0.1658754216795164,0.17850396517524525,0.17934189005519377,
lewidi_convabuse,qwen,0,GPP-laplace,1,256,0.4415582427043186,0.149612725047544,0.26006727770880045,0.4150944332390066,0.8428571428571429,0.8202380952380952,0.3013669550418854,0.16678796708583832,0.15340397161344677,0.14742319304634535,0.15340397161344682,0.14742319304634535,0.1432542669118455,0.1368736926255899,0.15265487756484045,0.14652409933977173,0.14325426726090001,0.13687369297916024,0.15265487792561175,0.14652409965954205,0.1505653005658236,0.14512001026119403,
lewidi_convabuse,qwen,0,LPE,1,256,0.47874417452433987,0.10815242270473438,0.16623123822579183,0.20381655147441294,0.8571428571428571,0.844047619047619,0.12908156216144562,0.06815436482429504,0.1559913146630934,0.2135025327367856,0.1559913146630934,0.2135025327367856,0.14766825449537813,0.20574998507331085,0.1552228173831382,0.21270711508385287,0.14766825479329043,0.20574998557326846,0.15522281772820865,0.21270711547580418,0.1578268264871812,0.20043641103091317,
lewidi_convabuse,qwen,0,LP-temp,1,256,0.4390983328143692,0.1294135111721681,0.21862448664791959,0.33987850843995826,0.844047619047619,0.830952380952381,0.36711137164348084,,0.12720003294465826,,0.1272000329446583,,0.11546992648134127,,0.12564465715930476,,0.11546992681081696,,0.12564465754108758,,0.12465727688939741,,
lewidi_convabuse,qwen,0,GPP-cosine,1,1024,0.34356146602240983,0.10393953939713513,0.18681562761682602,0.321617492327524,0.8642857142857143,0.8464285714285714,0.36184895038604736,0.0019980769138783216,0.3010408267656824,0.20242530629284178,0.30104082676568245,0.20242530629284183,0.29156882606218654,0.20858915605806233,0.3009131130847045,0.20357306241337564,0.2915688261903851,0.20858915674608658,0.3009131129949315,0.20357306303884326,0.29252820065927543,0.235794721676927,
lewidi_convabuse,qwen,0,GPP-rbf,1,1024,0.348680162555348,0.09390120939956186,0.16057456956495159,0.24686212915906575,0.8785714285714286,0.8654761904761905,0.2211756706237793,0.04489393159747124,0.24216184977290245,0.19094089065049927,0.24216184977290248,0.1909408906504993,0.22803243504172935,0.17756168107940823,0.24127957433723868,0.18999895693842672,0.22803243495798026,0.17756168121012467,0.24127957388134316,0.1899989568119677,0.2399241270742967,0.22563331491564306,
lewidi_convabuse,qwen,0,GPP-laplace,1,1024,0.40900637418312447,0.13063260040814642,0.22601663054111193,0.35659496064323426,0.8452380952380952,0.8226190476190476,0.256814181804657,0.1394038051366806,0.1885213670423945,0.17997346406963471,0.18852136704239453,0.17997346406963477,0.17854411387052432,0.16923566120877254,0.18804854002506288,0.17928655930190068,0.17854411413083096,0.1692356615061436,0.18804854018559716,0.17928655947769162,0.18937910299859845,0.18181492238930286,
lewidi_convabuse,qwen,0,LPE,1,1024,0.4509932690260207,0.10408630571790278,0.16968908467774693,0.22703940163500255,0.8595238095238096,0.8535714285714285,0.08605613559484482,0.14548249542713165,0.1600856487697037,0.1744545462281513,0.16008564876970371,0.17445454622815132,0.14670658026753652,0.15857051263308541,0.15837948739591995,0.17264219509098394,0.14670658021368937,0.1585705126453285,0.1583794870784658,0.17264219488225835,0.17328252693534105,0.18430930813312707,
lewidi_convabuse,qwen,0,LP-temp,1,1024,0.4531181852721606,0.1456741579378843,0.2545920476698271,0.41276319977474546,0.8392857142857143,0.8357142857142857,0.46089333975402025,,0.10999813102219824,,0.10999813102219826,,0.09656572631578571,,0.10811590154737911,,0.09656572611929645,,0.10811590108344585,,0.12401853661527139,,
lewidi_convabuse,qwen,0,GPP-cosine,2,16,0.48746203166177177,0.18005717206711516,0.3202502673846625,0.5261696480475133,0.8464285714285714,0.8214285714285714,0.5867371559143066,0.013294651173055172,0.07046578004999943,0.019352220572650812,0.07046578004999943,0.019352220572650812,0.06561094966008248,0.02167789535775732,0.06981542885298157,0.019743095549040548,0.06561094930505273,0.0216778959210549,0.0698154283813864,0.019743096148403055,0.08140003488764237,0.052777771562378124,
lewidi_convabuse,qwen,0,GPP-rbf,2,16,0.4841242677684999,0.17886526266369734,0.31726944287795394,0.5188928186341624,0.8357142857142857,0.8154761904761905,0.42397210001945496,0.16832350194454193,0.060946372484323635,0.10549398717361365,0.060946372484323635,0.10549398717361366,0.06834922942663427,0.10165586154269199,0.061960307896868,0.10518970836680969,0.06834922931674649,0.10165586175316121,0.06196030756473511,0.10518970839077318,0.078271418709824,0.10854266146561267,
lewidi_convabuse,qwen,0,GPP-laplace,2,16,0.6216696434790596,0.24258028217911035,0.41249977261537596,0.5974014253093527,0.8261904761904761,0.8035714285714286,0.4346108138561249,0.2484530806541443,0.09029489472183366,0.06379588435476978,0.09029489472183369,0.0637958843547698,0.0864755151483477,0.06115371553599378,0.09033564738596794,0.06344831025861684,0.0864755151826481,0.06115371556710581,0.0903356473999733,0.06344831006038715,0.09638529409568683,0.037583948529551416,
lewidi_convabuse,qwen,0,LPE,2,16,0.4449462120691251,0.1398954267434016,0.23922779133537828,0.3823561110923768,0.8428571428571429,0.8202380952380952,0.3162294030189514,0.09131734818220139,0.0036173372100954827,0.07282250562786596,0.003617337210095481,0.07282250562786598,0.0055286052727707615,0.06964984555850792,0.0037632380431372146,0.07290593562512815,0.005528604812450761,0.06964984537298646,0.0037632373371200376,0.07290593551254004,0.016358949679108833,0.03543109794141097,
lewidi_convabuse,qwen,0,LP-temp,2,16,0.5006488881554959,0.1849100304191179,0.32657185632470365,0.5280411307116806,0.8369047619047619,0.8166666666666667,0.5963176778831426,,-0.02684764044742825,,-0.02684764044742826,,-0.026991894726406687,,-0.026941481603556347,,-0.026991895229970496,,-0.02694148245297885,,0.009853009889838312,,
lewidi_convabuse,qwen,0,GPP-cosine,2,64,0.44297617627779057,0.15243312940239276,0.2704174826010352,0.45067961757681924,0.8464285714285714,0.8214285714285714,0.49656814336776733,0.006395848002284765,0.12512581020548735,0.06583487347029128,0.12512581020548735,0.0658348734702913,0.11134793233052229,0.06373700633911415,0.12396212120814647,0.06592221009187979,0.11134793203071106,0.06373700675741685,0.12396212074770178,0.06592221045629434,0.13045105484057748,0.06565973752416125,
lewidi_convabuse,qwen,0,GPP-rbf,2,64,0.43699715421635743,0.14128705034930056,0.2423420456482009,0.3810196423779206,0.8488095238095238,0.8261904761904761,0.3191665709018707,0.10124257206916809,0.12025338568303806,0.13868152177231763,0.12025338568303809,0.13868152177231763,0.10825340840735176,0.12730770333378133,0.11912155390035739,0.13763317307066664,0.10825340862911104,0.12730770371240369,0.11912155398995057,0.13763317332881067,0.12468679584298754,0.1403618214330132,
lewidi_convabuse,qwen,0,GPP-laplace,2,64,0.4790848513947771,0.17470661000169063,0.30727300434816807,0.4956956148218651,0.8404761904761905,0.8178571428571428,0.3635675311088562,0.20366701483726501,0.12978782235073816,0.12235468915660577,0.12978782235073816,0.12235468915660577,0.1200846681450217,0.11234560845396585,0.1291388366015302,0.12153662779806258,0.12008466836323002,0.11234560867697276,0.12913883679663424,0.1215366279384856,0.13847385544237026,0.12746706103607758,
lewidi_convabuse,qwen,0,LPE,2,64,0.5403905445782047,0.12861730090580212,0.18983639370791414,0.22057263494894108,0.8476190476190476,0.825,0.16154025495052338,0.04206555709242821,0.11932837881214117,0.09801114589281312,0.1193283788121412,0.09801114589281315,0.1116775258041047,0.10015267704352517,0.11896035593940651,0.09887723077977764,0.11167752544400569,0.10015267655202256,0.11896035506983657,0.09887722991516107,0.09900776613234613,0.10144519806177821,
lewidi_convabuse,qwen,0,LP-temp,2,64,0.45977420435053085,0.15691446545896456,0.2706506025179557,0.43142874608010523,0.8261904761904761,0.805952380952381,0.48049107322431406,,0.09396550238582271,,0.09396550238582273,,0.08307022090690909,,0.09266852453886362,,0.0830702208483643,,0.09266852413158505,,0.0979100812938953,,
lewidi_convabuse,qwen,0,GPP-cosine,2,256,0.39088501275070636,0.1301964934979568,0.2340533772860432,0.4019589265482844,0.8511904761904762,0.8261904761904761,0.45215702056884766,0.004171574022620916,0.2577384591625297,0.1203900859337939,0.25773845916252974,0.12039008593379391,0.2539419608852084,0.1241271957636831,0.25776321109892514,0.12101138001312065,0.2539419608945427,0.12412719635758943,0.2577632108369646,0.12101138052178637,0.25884001944633117,0.17412407423491597,
lewidi_convabuse,qwen,0,GPP-rbf,2,256,0.4112439318172125,0.1216989547112799,0.2045351060664481,0.3102096641162015,0.8595238095238096,0.8392857142857143,0.26743361353874207,0.0710737332701683,0.1876765727755491,0.16323069793151396,0.18767657277554914,0.163230697931514,0.1863817025533891,0.15532988902906703,0.18777653948667788,0.16258430547191954,0.18638170258554124,0.15532988924874805,0.18777653902125063,0.16258430528221282,0.18423122298448089,0.18214453362166522,
lewidi_convabuse,qwen,0,GPP-laplace,2,256,0.43970673194374765,0.14794880880585565,0.2565290319500491,0.4078241481034649,0.8452380952380952,0.8226190476190476,0.2965456545352936,0.16377520561218262,0.1681618061545699,0.16125591421809624,0.16816180615456994,0.16125591421809626,0.16119409653034109,0.1534652688106447,0.16787026513005748,0.16076137116675937,0.1611940967551913,0.15346526905807212,0.167870265260011,0.1607613712849837,0.16382353016156587,0.15714698517003556,
lewidi_convabuse,qwen,0,LPE,2,256,0.506830532577483,0.11680285752183826,0.18028434861645282,0.2227643102316982,0.8464285714285714,0.8285714285714286,0.14875519275665283,0.07247117906808853,0.16002763359108108,0.16642351770957425,0.16002763359108108,0.16642351770957425,0.1599743648151886,0.16642641263895783,0.15989985076809082,0.16670072588161458,0.15997436477223437,0.16642641246661807,0.1598998503661058,0.16670072517336934,0.1439813952070013,0.17164367836379843,
lewidi_convabuse,qwen,0,LP-temp,2,256,0.48131606693144946,0.14227816432926435,0.23494418205739429,0.34985641628461156,0.8095238095238095,0.7964285714285714,0.37243677869568576,,0.08195300684460077,,0.0819530068446008,,0.08636093371780368,,0.08244835916443649,,0.08636093328426514,,0.0824483582212403,,0.07686935382793018,,
lewidi_convabuse,qwen,0,GPP-cosine,2,1024,0.3463675916966033,0.10598595479373747,0.19060192391973813,0.3263021767383463,0.8654761904761905,0.8452380952380952,0.36677566170692444,0.002163160592317581,0.28399231921263857,0.16862010057705779,0.2839923192126386,0.1686201005770578,0.27484385801859534,0.17285993555411483,0.2835718984680597,0.16932863305807094,0.27484385810171785,0.1728599362544476,0.283571898318259,0.16932863369756,0.2791832249719065,0.22351169476848418,
lewidi_convabuse,qwen,0,GPP-rbf,2,1024,0.35121525593577957,0.09541178316586418,0.16388845103384006,0.246049862439851,0.8738095238095238,0.8630952380952381,0.2176789492368698,0.04431972652673721,0.23846822596471384,0.17534937044505577,0.2384682259647139,0.17534937044505583,0.22806714655757793,0.16406100886215252,0.2379287193468693,0.17467373867571095,0.22806714671230088,0.16406100935309045,0.2379287192380958,0.17467373911452638,0.2432470592805226,0.22738427742955394,
lewidi_convabuse,qwen,0,GPP-laplace,2,1024,0.4111851659209338,0.13149792411821742,0.22694787478872708,0.35459679850072284,0.8452380952380952,0.8226190476190476,0.25655752420425415,0.13922913372516632,0.20158399105945934,0.19145498115263446,0.20158399105945937,0.19145498115263448,0.1912255659629114,0.18037356357429402,0.201038662386602,0.19071510411065562,0.19122556620726983,0.1803735638501808,0.20103866254303193,0.19071510427175148,0.2015887947636902,0.19266913387113524,
lewidi_convabuse,qwen,0,LPE,2,1024,0.43045970376640524,0.09884122135350658,0.1610667642625007,0.21831920117266515,0.8690476190476191,0.8607142857142858,0.08764098584651947,0.1300627440214157,0.18154850662139016,0.159088102753893,0.1815485066213902,0.159088102753893,0.18083626956956655,0.15266882016560412,0.18183209037622586,0.1586891672420873,0.18083626972671407,0.15266882058089415,0.18183209039223225,0.15868916745138037,0.19846684084970295,0.19471894162469097,
lewidi_convabuse,qwen,0,LP-temp,2,1024,0.4332741311188694,0.1336748900499477,0.2285896271477927,0.36487691032807146,0.844047619047619,0.8380952380952381,0.40062052214745164,,0.12270444213461403,,0.12270444213461405,,0.12161846322155007,,0.12256346129088318,,0.12161846323319978,,0.1225634611264419,,0.12659437280511288,,
lewidi_convabuse,qwen,0,GPP-cosine,3,16,0.45145263784725753,0.15664950499413272,0.27764332682071696,0.4609886453822767,0.8464285714285714,0.8214285714285714,0.5037676095962524,0.011650639586150646,0.21910576082905958,0.03188906129400911,0.21910576082905964,0.031889061294009105,0.21099379182459885,0.034837931731656654,0.2190760722106111,0.032424351462897585,0.21099379178540792,0.03483793231036094,0.21907607219751912,0.03242435207726777,0.2183401528875924,0.04657679206363299,
lewidi_convabuse,qwen,0,GPP-rbf,3,16,0.4448934629064699,0.14315857388897008,0.24349442282358982,0.3784697157210675,0.8452380952380952,0.8226190476190476,0.298274964094162,0.1191035658121109,0.145023969169985,0.13604352150688018,0.145023969169985,0.1360435215068802,0.13766984512399028,0.1287563597513503,0.14474720695743057,0.13566107894997814,0.13766984532975077,0.1287563600498523,0.14474720723211404,0.13566107924056833,0.1379693341603495,0.13557973386867928,
lewidi_convabuse,qwen,0,GPP-laplace,3,16,0.5555558763604493,0.21334887366344035,0.37034503326618246,0.5683147757575181,0.8392857142857143,0.8166666666666667,0.4154593348503113,0.23673862218856812,0.12160954135997938,0.10816075194267494,0.1216095413599794,0.10816075194267494,0.11573215458072542,0.1028990998923283,0.12138532149399539,0.10778169378337676,0.11573215471930028,0.1028991000199874,0.12138532163605609,0.10778169381308725,0.13538362415385574,0.10139041375381311,
lewidi_convabuse,qwen,0,LPE,3,16,0.6775830013974552,0.13425126150126498,0.17670471871526736,0.156500321467725,0.8452380952380952,0.8226190476190476,0.09421633183956146,0.00878263171762228,0.083298031003192,0.08821320668113469,0.08329803100319201,0.08821320668113472,0.08107775175939441,0.09179430372973618,0.08371041866658897,0.0890899217095589,0.08107775164641218,0.09179430351983382,0.08371041867559721,0.08908992142416017,0.03830974238440396,0.046868769810962434,
lewidi_convabuse,qwen,0,LP-temp,3,16,0.4529460486077995,0.1544538403456925,0.27091163888760333,0.44716478586541114,0.8464285714285714,0.8238095238095238,0.4958109190632573,,0.051167464853181514,,0.05116746485318153,,0.049410202017202254,,0.051839959075867595,,0.04941020200035617,,0.05183995937393486,,0.035708145441082154,,
lewidi_convabuse,qwen,0,GPP-cosine,3,64,0.4439068396602273,0.15730616688463525,0.2816520217273917,0.4753578186902817,0.8452380952380952,0.8202380952380952,0.5334672927856445,0.007093369495123625,0.17895829382783174,0.08799992365864649,0.17895829382783174,0.08799992365864649,0.17478543488009263,0.0873685671763131,0.17931895608681292,0.08834025376818111,0.17478543439552136,0.08736856740500827,0.17931895516967508,0.08834025383562158,0.20276582887264236,0.10606071355810318,
lewidi_convabuse,qwen,0,GPP-rbf,3,64,0.4154344877937532,0.1352246008954546,0.23577488906504143,0.38465109175916656,0.8464285714285714,0.8238095238095238,0.321438729763031,0.10618820041418076,0.13961651347598425,0.14576805118139474,0.13961651347598425,0.1457680511813948,0.14306791608637112,0.14229977459206988,0.14077381492299373,0.1458720292031831,0.14306791595217505,0.1422997747784183,0.14077381432213695,0.14587202908912997,0.13969609044900733,0.14812002766434415,
lewidi_convabuse,qwen,0,GPP-laplace,3,64,0.48369333714349866,0.1780966868310503,0.31348140237719885,0.5040938904304662,0.8404761904761905,0.8178571428571428,0.3705746531486511,0.20810358226299286,0.1362622287953878,0.1277847086892908,0.13626222879538782,0.12778470868929084,0.12923174991819478,0.12034293093961543,0.13605602624683039,0.12737680032459184,0.12923175004040263,0.12034293107199012,0.13605602627247992,0.1273768003113139,0.14833554335791677,0.1336336182727001,
lewidi_convabuse,qwen,0,LPE,3,64,0.5069374211883303,0.12053434702742835,0.18354033239348674,0.23247927068961016,0.8535714285714285,0.830952380952381,0.17500926554203033,0.03885076195001602,0.08082051579301631,0.0780120815406127,0.08082051579301633,0.0780120815406127,0.09001981364198076,0.08512386947508437,0.08223957370935953,0.07915584176942446,0.09001981338133827,0.08512386924752186,0.08223957293902458,0.07915584113896486,0.0583792996937983,0.0897434441242616,
lewidi_convabuse,qwen,0,LP-temp,3,64,0.4489080054742352,0.14456673789981586,0.24990401727336548,0.409903799846908,0.844047619047619,0.830952380952381,0.4457854572535205,,0.04504864195907319,,0.04504864195907319,,0.05230977809046981,,0.046055496998248284,,0.05230977771214786,,0.04605549598397972,,0.05337146388195625,,
lewidi_convabuse,qwen,0,GPP-cosine,3,256,0.3894816720407378,0.12455751703122915,0.2202109788677522,0.36819939712502814,0.8523809523809524,0.8273809523809523,0.4058551490306854,0.003615576308220625,0.25001258330029674,0.11813655628664596,0.25001258330029674,0.11813655628664596,0.24586723164369756,0.12173939187264965,0.2502424647051946,0.11892403970151283,0.24586723178855022,0.12173939261254779,0.25024246477804324,0.11892404047544256,0.24435484001108668,0.1755652927361582,
lewidi_convabuse,qwen,0,GPP-rbf,3,256,0.4008288037233511,0.1136938944318581,0.1900960854030148,0.28259329380382014,0.8595238095238096,0.844047619047619,0.2395666539669037,0.06363917142152786,0.20004691289097334,0.16785745451068787,0.20004691289097337,0.16785745451068793,0.19215389973702346,0.15920215018303105,0.19955939252878702,0.16728599253425178,0.19215389983742853,0.15920215060619045,0.19955939270496234,0.16728599309226744,0.19615426657755702,0.18831739438483563,
lewidi_convabuse,qwen,0,GPP-laplace,3,256,0.43645903080880666,0.14517440559158434,0.25103255813120906,0.39691666276574195,0.844047619047619,0.8214285714285714,0.28712937235832214,0.15833376348018646,0.16145056710290823,0.15583254488444453,0.16145056710290823,0.15583254488444453,0.1515453900333849,0.14556674088153204,0.16075006130126984,0.15498588201619629,0.15154539027502434,0.1455667411496854,0.16075006155444643,0.15498588225478105,0.15437039276341655,0.14895520222512135,
lewidi_convabuse,qwen,0,LPE,3,256,0.49545328751344364,0.10913163946291286,0.16719055349047787,0.1938416018981655,0.8523809523809524,0.8369047619047619,0.12378209084272385,0.06209367886185646,0.19636121694958752,0.18291040982714146,0.19636121694958752,0.1829104098271415,0.18785257751936713,0.17882572466304106,0.19593091288740527,0.18326089300845924,0.18785257756964777,0.1788257249604155,0.1959309131250071,0.18326089356617317,0.18353397436773544,0.2030934755913109,
lewidi_convabuse,qwen,0,LP-temp,3,256,0.4239043875647348,0.12425174183883841,0.21246059046882232,0.3349402731026192,0.8416666666666667,0.8285714285714286,0.3610427556659212,,0.13631177961264104,,0.13631177961264107,,0.12371514712338613,,0.13506226575737945,,0.12371514689853888,,0.13506226570355556,,0.12376393564055627,,
lewidi_convabuse,qwen,0,GPP-cosine,3,1024,0.33934177327081455,0.10425049436363168,0.18933836780595897,0.3296394994526601,0.8654761904761905,0.8452380952380952,0.37339985370635986,0.0020853602327406406,0.30252650212468435,0.20352273775608792,0.3025265021246844,0.20352273775608792,0.29394685336641624,0.20732104686956296,0.30253536714578416,0.20431532962831028,0.293946853459394,0.20732104766568815,0.30253536708229123,0.20431533038697341,0.3008013828020236,0.2421636434226605,
lewidi_convabuse,qwen,0,GPP-rbf,3,1024,0.34036043090882123,0.09182731164446008,0.15913783591940522,0.2425625764863208,0.8738095238095238,0.8607142857142858,0.2198125272989273,0.04339882358908653,0.2713699105836671,0.20733531546663456,0.2713699105836672,0.2073353154666346,0.26016483752344555,0.193116549668722,0.27158666183844715,0.20670088155786873,0.2601648377317768,0.19311655011291923,0.2715866619684782,0.2067008820025545,0.26695115483343335,0.24822375327963614,
lewidi_convabuse,qwen,0,GPP-laplace,3,1024,0.4061920722201451,0.12986309911108804,0.2253005481474767,0.3562167512737338,0.8452380952380952,0.8226190476190476,0.2572793960571289,0.13925139605998993,0.19634187207717546,0.1880568326777182,0.19634187207717552,0.18805683267771825,0.18831019195839785,0.17905317385834874,0.19624534131107418,0.18770050706846902,0.18831019224182766,0.17905317416836392,0.19624534153791456,0.18770050729236448,0.1983060411331843,0.19054399128810465,
lewidi_convabuse,qwen,0,LPE,3,1024,0.40719429470045365,0.09384369174602748,0.15577087220645014,0.21830957476506943,0.8714285714285714,0.8607142857142858,0.08443471044301987,0.14496523141860962,0.21514505121639504,0.2258971732606826,0.21514505121639504,0.2258971732606826,0.2057431959848405,0.20968904508639774,0.21518202541935555,0.22482674523614046,0.20574319604046334,0.20968904505389932,0.2151820253258216,0.2248267449925315,0.21686323038746047,0.22891094372781734,
lewidi_convabuse,qwen,0,LP-temp,3,1024,0.42332436511778343,0.14323805031948317,0.25454155158665953,0.4273568473539491,0.8535714285714285,0.8404761904761905,0.48149611750994875,,0.1221010812383758,,0.12210108123837582,,0.11170057131997685,,0.12107749014427983,,0.1117005710009345,,0.12107748961855483,,0.14331518590661776,,
lewidi_convabuse,qwen,0,GPP-cosine,4,16,0.4537296536828087,0.1582167337012211,0.2807081361168197,0.46541811747707956,0.8464285714285714,0.8214285714285714,0.5081644058227539,0.01227840967476368,0.09071136035445787,0.030827724481025894,0.09071136035445787,0.0308277244810259,0.08772223599347541,0.033127137191517754,0.09007300191579308,0.03134149082432523,0.08772223644572077,0.03312713779766059,0.09007300260949395,0.0313414914971778,0.17123002097748766,0.09496421661844935,
lewidi_convabuse,qwen,0,GPP-rbf,4,16,0.4491218672279663,0.1491098376405034,0.2585791459839259,0.4178206030405516,0.8452380952380952,0.8202380952380952,0.3881163001060486,0.07323825359344482,0.1054174464946608,0.11244568655085478,0.10541744649466081,0.1124456865508548,0.10854703629936174,0.11028651403085896,0.10513882793286827,0.1123704821150349,0.10854703686053753,0.11028651453106766,0.10513882910603639,0.11237048269112715,0.09649868924263794,0.14062535667435316,
lewidi_convabuse,qwen,0,GPP-laplace,4,16,0.5954876054409256,0.23118844265359237,0.3969105652045636,0.589434569800903,0.8273809523809523,0.8047619047619048,0.4300243854522705,0.24465949833393097,0.0860878770481956,0.09445221217422359,0.08608787704819561,0.0944522121742236,0.08364497792409438,0.09195542784454283,0.08617080894951894,0.09413695859162746,0.08364497807393277,0.09195542797113515,0.08617080922306479,0.09413695859787147,0.09243983312399072,0.08847402662351803,
lewidi_convabuse,qwen,0,LPE,4,16,0.5346390252635871,0.16002921741355708,0.25557693147344424,0.3549203436194348,0.7928571428571428,0.7702380952380953,0.25511831045150757,0.10715997219085693,-0.007272165428115617,-0.03851699729208829,-0.0072721654281156164,-0.038516997292088295,-0.002527747896383589,-0.034713360530148715,-0.007668547054935021,-0.038761214381355616,-0.002527747710941922,-0.03471335982545287,-0.007668546556762081,-0.03876121301941363,-0.003396217108368074,-0.043786396577223094,
lewidi_convabuse,qwen,0,LP-temp,4,16,0.5369955560222988,0.20081625152693175,0.3484718049097667,0.5385822127854415,0.7869047619047619,0.7690476190476191,0.6117159813006083,,-0.014299133614483752,,-0.01429913361448375,,-0.008562399265307843,,-0.01442300881022094,,-0.008562398757455647,,-0.014423007837433227,,0.0016980573060007206,,
lewidi_convabuse,qwen,0,GPP-cosine,4,64,0.4368662972333882,0.14210865377740786,0.24644518003665974,0.3998931320552906,0.8464285714285714,0.8214285714285714,0.42966222763061523,0.005823142826557159,0.17070713858962408,0.06765919314981203,0.1707071385896241,0.06765919314981203,0.15906240046571576,0.06688246192782311,0.1696864312912726,0.06792854031521288,0.15906240056416907,0.06688246244319171,0.1696864311922475,0.06792854081874419,0.17343061710239727,0.08654586716471097,
lewidi_convabuse,qwen,0,GPP-rbf,4,64,0.4689402105382876,0.14161426826074014,0.23077633269075748,0.3274745271387943,0.8345238095238096,0.8119047619047619,0.2622870206832886,0.08947215974330902,0.136256920075779,0.15132276499984326,0.13625692007577903,0.15132276499984326,0.12822507563369528,0.14105749815078267,0.13553249231402942,0.15043372307102154,0.1282250758936831,0.1410574985574595,0.1355324926235602,0.15043372344975786,0.15342988610319663,0.15896364785495787,
lewidi_convabuse,qwen,0,GPP-laplace,4,64,0.4758208884962039,0.17220677615341629,0.3022402927634262,0.4855020430529273,0.8404761904761905,0.8178571428571428,0.3554810881614685,0.20004330575466156,0.14014053907176108,0.13367119116444526,0.14014053907176108,0.13367119116444529,0.13213027749995104,0.12519774299382969,0.1396425191886954,0.13300076110996323,0.132130277670007,0.12519774318144045,0.13964251933487187,0.13300076122243637,0.1417910820175202,0.13420764917402547,
lewidi_convabuse,qwen,0,LPE,4,64,0.7416804578519277,0.1423224137049809,0.18911265334752766,0.16570383126367133,0.8321428571428572,0.8095238095238095,0.09066636115312576,0.026202572509646416,0.07075017200142031,0.03020850825341964,0.07075017200142034,0.030208508253419645,0.06843514976842256,0.025924453536489766,0.07065661954246541,0.028982602780076,0.06843514976513401,0.025924453602072732,0.07065661947050818,0.028982602620312277,0.10497696661501776,0.1191934005769518,
lewidi_convabuse,qwen,0,LP-temp,4,64,0.5148643479684332,0.15211610511529172,0.24359185905986486,0.34108033160259354,0.8154761904761905,0.7928571428571428,0.35900978550273205,,0.08461805683267326,,0.08461805683267327,,0.07638913293900595,,0.08374264197822669,,0.0763891329003662,,0.0837426418804253,,0.09384049722220722,,
lewidi_convabuse,qwen,0,GPP-cosine,4,256,0.38962171363638853,0.13141720258492157,0.23767866380069227,0.411813037191123,0.85,0.825,0.4653591215610504,0.004031069576740265,0.24716812511067343,0.14430146985749148,0.24716812511067343,0.14430146985749154,0.23640964458535751,0.1425480463468827,0.24642102565472335,0.1443173184710883,0.2364096446329636,0.14254804696161852,0.24642102543178313,0.1443173189582819,0.24203543264783198,0.17219287097894312,
lewidi_convabuse,qwen,0,GPP-rbf,4,256,0.38841135732093124,0.11894458516588348,0.20494818767349768,0.32774466907333516,0.8523809523809524,0.8416666666666667,0.2907855212688446,0.07410869747400284,0.192009291444456,0.18958545260265747,0.19200929144445603,0.1895854526026575,0.1788166055284707,0.1816042163809285,0.1910332175062131,0.18911963489383748,0.17881660545733252,0.18160421657192108,0.1910332171388812,0.18911963490304645,0.18728412851281337,0.19343285138164182,
lewidi_convabuse,qwen,0,GPP-laplace,4,256,0.43590581650095017,0.14876047826061273,0.2601463252988954,0.4199855702463374,0.8452380952380952,0.8226190476190476,0.3069595694541931,0.16898509860038757,0.16438860643860162,0.15760894070072023,0.16438860643860165,0.15760894070072023,0.1540387994056366,0.14720082161189757,0.1637581583634551,0.15685324940151196,0.15403879961538208,0.14720082184379563,0.16375815849751807,0.15685324951954577,0.1667364256530784,0.15787672513500348,
lewidi_convabuse,qwen,0,LPE,4,256,0.4404622518742233,0.1153383548501422,0.18767129199361643,0.2564429347679547,0.830952380952381,0.8202380952380952,0.17663881182670593,0.09736458212137222,0.16841387956409404,0.2160626638215579,0.16841387956409404,0.21606266382155792,0.157911046214596,0.2076947152403966,0.16766534811453498,0.2155437428327674,0.15791104613637078,0.20769471547704266,0.16766534780892609,0.2155437427940816,0.15989735558952442,0.20186707239909743,
lewidi_convabuse,qwen,0,LP-temp,4,256,0.468602331608772,0.1552545199202294,0.2641704987494526,0.4120696932511522,0.8023809523809524,0.794047619047619,0.4570663688328648,,0.10639193684102971,,0.10639193684102972,,0.09586322080600013,,0.10518838763367644,,0.09586322087372807,,0.105188387545082,,0.12203417279181053,,
lewidi_convabuse,qwen,0,GPP-cosine,4,1024,0.33790727076282867,0.10402553358877846,0.1892508751902261,0.3337895677387727,0.8678571428571429,0.85,0.37914806604385376,0.0021245842799544334,0.3095157237741077,0.20548741958852296,0.3095157237741078,0.20548741958852296,0.2996381157113912,0.21055485102276691,0.3094179213550625,0.20643325623828085,0.29963811576203137,0.21055485157534753,0.3094179211905788,0.2064332566682226,0.305244053648254,0.2472200613633416,
lewidi_convabuse,qwen,0,GPP-rbf,4,1024,0.32293963292214506,0.08893666534614422,0.15533294275362658,0.24562755574954298,0.8809523809523809,0.8726190476190476,0.22815482318401337,0.04543163627386093,0.29151840956933406,0.22428032610220366,0.29151840956933406,0.22428032610220372,0.27847395054452084,0.21091433833462692,0.29132285372689254,0.22376225747209486,0.2784739507064973,0.2109143387657849,0.2913228537822574,0.22376225786035803,0.2865959159513193,0.25817085483404306,
lewidi_convabuse,qwen,0,GPP-laplace,4,1024,0.4006916866049545,0.1292450712507147,0.22591476188251927,0.3617801210320205,0.8452380952380952,0.8226190476190476,0.2630796432495117,0.14248664677143097,0.20385147325361752,0.19524773831148934,0.20385147325361758,0.19524773831148934,0.19309172023312737,0.1837848114089928,0.20349175311808226,0.19466725495085677,0.1930917204700858,0.1837848116755374,0.20349175328906777,0.19466725511947733,0.20431036370415534,0.1970612398431603,
lewidi_convabuse,qwen,0,LPE,4,1024,0.37777131151966464,0.08988114154659645,0.15232656377154097,0.21764558489971284,0.8702380952380953,0.8690476190476191,0.08892717212438583,0.14306484162807465,0.22033716460029495,0.23912488182342254,0.220337164600295,0.23912488182342256,0.21459303096857665,0.2257527775486153,0.22040381272452159,0.23853393263081146,0.2145930308022767,0.22575277761428897,0.22040381236142426,0.23853393242598753,0.23086937597052015,0.24279827893922212,
lewidi_convabuse,qwen,0,LP-temp,4,1024,0.4206389591073929,0.14152546667578436,0.25022422197404515,0.42032490215296353,0.8476190476190476,0.8392857142857143,0.47445201610829707,,0.13637644143750136,,0.13637644143750138,,0.13449094443316192,,0.13639364152621794,,0.13449094435104053,,0.1363936412595609,,0.165322710350844,,
lewidi_convabuse,qwen,10,GPP-cosine,0,16,0.8737850124127533,0.22544443658795618,0.31377054515289,0.2888161751427794,0.6738095238095239,0.6607142857142857,0.2586376667022705,0.009593795984983444,-0.03909172814736713,-0.052750182543840694,-0.03909172814736714,-0.05275018254384069,-0.04138736907778324,-0.05651114824330525,-0.03892056690589191,-0.05314209541212742,-0.04138736968281727,-0.05651114847599302,-0.03892056780146276,-0.0531420957916951,-0.0580569315380113,-0.07672435563460075,
lewidi_convabuse,qwen,10,GPP-rbf,0,16,0.4917705723524253,0.13163391288031684,0.20158038915223664,0.2664171168778195,0.8476190476190476,0.8226190476190476,0.2202761322259903,0.033811528235673904,0.12743435727611527,0.07139544250845294,0.12743435727611527,0.07139544250845295,0.12533206359777266,0.06718099885025566,0.12718418934379316,0.07063269664297961,0.12533206340080338,0.06718099872257413,0.1271841889852222,0.07063269636818632,0.12624986543413325,0.10282167353790705,
lewidi_convabuse,qwen,10,GPP-laplace,0,16,0.5500663969176532,0.2108442300542098,0.3672944561622682,0.5694060027473279,0.8452380952380952,0.8202380952380952,0.41501304507255554,0.2377053052186966,0.11270331605875625,0.09107920173938691,0.11270331605875628,0.09107920173938691,0.10623025042273779,0.08544572691083792,0.11240033026287974,0.09053814900722218,0.10623025058729268,0.0854457270491956,0.11240033049259346,0.09053814904553392,0.09678748983835278,0.06205628882992971,
lewidi_convabuse,qwen,10,LPE,0,16,0.7324511217262424,0.13472655124705274,0.17130660232013767,0.13149211397099972,0.8488095238095238,0.8238095238095238,0.06096532940864563,0.007632905151695013,0.15567662004082794,0.0657040847194564,0.15567662004082797,0.06570408471945641,0.15515522451475414,0.06611313317160854,0.15619163059521682,0.06614332758720921,0.15515522401573265,0.06611313294720042,0.15619162984241047,0.06614332721332764,0.08790078152767018,0.0765559028560402,
lewidi_convabuse,qwen,10,LP-temp,0,16,0.4404567807180494,0.14232668212216562,0.2455125699489016,0.3988055556752774,0.8488095238095238,0.8238095238095238,0.433533477743411,,0.12158159991490738,,0.12158159991490741,,0.12532915864882727,,0.12215866301389182,,0.12532915818880275,,0.12215866233794635,,0.09356063089311716,,
lewidi_convabuse,qwen,10,GPP-cosine,0,64,0.5907625209810502,0.18232946811660258,0.2902066817955063,0.3746761456614132,0.7226190476190476,0.7119047619047619,0.3935583233833313,0.006869303993880749,0.03668821954387734,0.062020303855079145,0.03668821954387734,0.06202030385507915,0.03401925447526076,0.04946074680708987,0.03710212173783971,0.0610137590850438,0.034019254218867985,0.04946074679195732,0.03710212147974087,0.06101375894464874,0.0367949827473977,0.09753494459202033,
lewidi_convabuse,qwen,10,GPP-rbf,0,64,0.42288002573062045,0.13069344859317872,0.22439445635259506,0.355345990110476,0.85,0.825,0.28064125776290894,0.09963110834360123,0.08727084862598392,0.08376462189765213,0.08727084862598393,0.08376462189765216,0.07234045887067624,0.07143177942481584,0.08614697136326235,0.08271276230937091,0.07234045872452435,0.07143177939522277,0.08614697119510398,0.08271276223520074,0.09101106793858912,0.09387015283761956,
lewidi_convabuse,qwen,10,GPP-laplace,0,64,0.4831700784117413,0.1770425705913587,0.3119695513686609,0.501892446151339,0.8476190476190476,0.8226190476190476,0.36617693305015564,0.20766043663024902,0.10857072769804585,0.10007221202986039,0.10857072769804586,0.10007221202986039,0.0991802424466733,0.09069333488154516,0.10775614800550092,0.09913489504040299,0.09918024260963296,0.09069333504597364,0.10775614816934515,0.09913489515286261,0.08716496011161544,0.07160341508217972,
lewidi_convabuse,qwen,10,LPE,0,64,0.5556653601560042,0.11852749659025069,0.1711618169016306,0.18509340382707137,0.8476190476190476,0.8226190476190476,0.12045127898454666,0.026347985491156578,0.08435882368838732,0.06420661051637112,0.08435882368838735,0.06420661051637114,0.07621218953059,0.05802591376804569,0.08436966774370888,0.06438236587772224,0.07621218913858324,0.05802591353700043,0.08436966714791974,0.06438236548768261,0.087341578434051,0.1191508645847993,
lewidi_convabuse,qwen,10,LP-temp,0,64,0.4250339592526595,0.14276729660228682,0.25365471344662194,0.42998100851445226,0.8583333333333333,0.8333333333333334,0.4766968437075113,,0.07598413538000977,,0.07598413538000978,,0.0655398609356748,,0.07581495198035827,,0.06553986055513096,,0.07581495158028412,,0.0770651048054705,,
lewidi_convabuse,qwen,10,GPP-cosine,0,256,0.4806483406440526,0.1485477925093166,0.25360965422505477,0.3941913978196667,0.8452380952380952,0.8297619047619048,0.43454939126968384,0.005161453504115343,0.1103263962700356,0.10704285584016278,0.1103263962700356,0.10704285584016278,0.10868444721435869,0.08516516916802087,0.11030971455098793,0.10322241302122558,0.10868444698098506,0.08516516957113891,0.11030971412244933,0.10322241290117183,0.11819346310681283,0.1609559226107519,
lewidi_convabuse,qwen,10,GPP-rbf,0,256,0.4238437342655746,0.11874216079089939,0.1962012321375022,0.28347709318052783,0.8511904761904762,0.8261904761904761,0.22688773274421692,0.06925079971551895,0.17472694913589054,0.13323844432795154,0.17472694913589057,0.13323844432795157,0.1705449926509957,0.12511746261252782,0.1745253015222838,0.13241549237838132,0.17054499274061863,0.1251174626647531,0.17452530150204232,0.13241549228110372,0.1753224779549723,0.16105544495337734,
lewidi_convabuse,qwen,10,GPP-laplace,0,256,0.44853038064753936,0.15116202815002114,0.2625972531924379,0.412534240141256,0.8464285714285714,0.8214285714285714,0.2955528199672699,0.1652735322713852,0.11244146495223181,0.10692250963864029,0.11244146495223184,0.1069225096386403,0.10495928589017997,0.09938789834924386,0.11186614400044381,0.10625188984753334,0.10495928605471269,0.09938789851578167,0.1118661441364265,0.10625188995478199,0.09233872045830774,0.08620574830082033,
lewidi_convabuse,qwen,10,LPE,0,256,0.5484629800149875,0.11267118771867625,0.16681594372053501,0.18194155527852465,0.8583333333333333,0.8380952380952381,0.11028550565242767,0.057937588542699814,0.1878103103223977,0.20891262169378494,0.18781031032239773,0.208912621693785,0.1864194072483687,0.19986957420923868,0.18794320584406232,0.2080350993279685,0.186419407407803,0.19986957457509294,0.18794320594045894,0.2080350995630728,0.1913388164458842,0.21598543442089196,
lewidi_convabuse,qwen,10,LP-temp,0,256,0.42555560332034703,0.13073578416897833,0.22133418436099567,0.34745814499100836,0.8416666666666667,0.8285714285714286,0.38318479834273905,,0.17673676182855325,,0.17673676182855327,,0.17557337388918423,,0.1766405712098824,,0.17557337409461576,,0.17664057144538123,,0.17121022122930954,,
lewidi_convabuse,qwen,10,GPP-cosine,0,1024,0.44365850294158876,0.14107161938450719,0.24378916491555533,0.3839599564851338,0.8238095238095238,0.8154761904761905,0.42319434881210327,0.003147452138364315,0.11469633080617112,0.042135882328660786,0.11469633080617113,0.042135882328660786,0.1166209375361571,0.02682542021667199,0.11523255115844831,0.03904725845968122,0.11662093761582132,0.026825420863964767,0.11523255124824519,0.039047258815072754,0.10408927974906916,0.13622389074651864,
lewidi_convabuse,qwen,10,GPP-rbf,0,1024,0.322410177762437,0.08653803392587395,0.1523270512513201,0.24837264773877424,0.8916666666666667,0.8738095238095238,0.22535836696624756,0.04894368350505829,0.2981077615738603,0.23348426398250002,0.2981077615738603,0.23348426398250005,0.28808227115071344,0.22108176435151014,0.2969802385256042,0.23176343897400387,0.28808227152510973,0.22108176469556515,0.2969802387282374,0.2317634391844277,0.2803731565403266,0.2552668081955165,
lewidi_convabuse,qwen,10,GPP-laplace,0,1024,0.41003065498177077,0.1351666120755351,0.2389799428100343,0.3861288874138239,0.8464285714285714,0.8214285714285714,0.2772359549999237,0.15239842236042023,0.14832414637726699,0.14131067785614534,0.14832414637726699,0.14131067785614534,0.13760703574656036,0.13042319986781306,0.14741656615046275,0.14028277617540408,0.13760703601453467,0.1304232001369633,0.14741656632493433,0.1402827763295718,0.14151688715405047,0.13073435479794976,
lewidi_convabuse,qwen,10,LPE,0,1024,0.36878853249242655,0.08900371930483247,0.15138092230559613,0.21500568129483189,0.8714285714285714,0.8678571428571429,0.09014841914176941,0.14136114716529846,0.266261914508768,0.23987248780144602,0.26626191450876807,0.23987248780144607,0.26213103523519465,0.2345171337772599,0.2657595308039887,0.2392353221454794,0.26213103533683907,0.23451713403434743,0.2657595307146141,0.23923532227232708,0.26105315516011574,0.24817942360106754,
lewidi_convabuse,qwen,10,LP-temp,0,1024,0.4088664597044641,0.12831370105533643,0.22179961004028179,0.3555281049566081,0.8369047619047619,0.8404761904761905,0.39642001682091266,,0.16348973474626477,,0.16348973474626477,,0.16393649582557357,,0.16365708154482145,,0.16393649605507146,,0.16365708174740112,,0.16914854097995222,,
lewidi_convabuse,qwen,10,GPP-cosine,1,64,0.5455857195078996,0.17036732259885423,0.2755784541035171,0.3716103062312767,0.7428571428571429,0.7273809523809524,0.3908160328865051,0.006963332649320364,0.050792836613627115,0.06871985077817899,0.050792836613627115,0.068719850778179,0.052575354794187665,0.056085322720197325,0.05120779726716693,0.06699535477954766,0.05257535439437209,0.0560853227415032,0.0512077965675511,0.06699535441132766,0.046928713102714674,0.14250297125325295,
lewidi_convabuse,qwen,10,GPP-rbf,1,64,0.4218850387458521,0.12956921563235016,0.2213318184661191,0.3451425749609181,0.8488095238095238,0.8238095238095238,0.2761295437812805,0.0938376635313034,0.12023044488717308,0.10275047424155519,0.1202304448871731,0.10275047424155521,0.1102289737242334,0.09207353806689622,0.11954686909551561,0.10175875319608357,0.11022897381528902,0.09207353817644752,0.11954686905068261,0.10175875315996141,0.11620862096697436,0.1074832590200991,
lewidi_convabuse,qwen,10,GPP-laplace,1,64,0.4793781938519793,0.1749988937128491,0.30875630123274667,0.497940487986078,0.8464285714285714,0.8214285714285714,0.36348775029182434,0.2053348422050476,0.10545786473502208,0.09632988073829427,0.10545786473502208,0.0963298807382943,0.09548033855943575,0.08654872913265281,0.10467805815901834,0.09545033765290897,0.09548033875192954,0.08654872931719977,0.10467805833081174,0.09545033776282599,0.08395222858224732,0.06758716328659607,
lewidi_convabuse,qwen,10,LPE,1,64,0.5540812290078609,0.12055072938433141,0.17318071707902294,0.18267974225237998,0.8488095238095238,0.8238095238095238,0.12384386360645294,0.02452664077281952,0.12216170510149121,0.09665462579682073,0.12216170510149124,0.09665462579682074,0.11680239173255486,0.09027320330262671,0.12212822927824951,0.0955634697952081,0.11680239170071458,0.09027320327747008,0.1221282290064665,0.09556346957698716,0.09755863833544022,0.11984085304224155,
lewidi_convabuse,qwen,10,LP-temp,1,64,0.417653945125847,0.13870602389747938,0.24598052209159324,0.4138084638065845,0.8535714285714285,0.8333333333333334,0.4578511412772998,,0.10051703096271547,,0.10051703096271547,,0.09634528517465239,,0.10025839946858874,,0.09634528508681187,,0.10025839921382337,,0.10099127581941837,,
lewidi_convabuse,qwen,10,GPP-cosine,1,256,0.4851988177380953,0.1543908616215691,0.26699672128303237,0.43041307199003875,0.8547619047619047,0.8321428571428572,0.476923406124115,0.005895293317735195,0.08857902122557776,0.08389671906340981,0.08857902122557776,0.08389671906340984,0.09132174884295767,0.06710936078387014,0.08937317469248204,0.08180905574025497,0.09132174865955217,0.06710936084428654,0.08937317445233545,0.08180905544365641,0.1250560225540314,0.1441982611659354,
lewidi_convabuse,qwen,10,GPP-rbf,1,256,0.3643105306508975,0.1082152711552147,0.19108039711330396,0.31378125485800396,0.8714285714285714,0.8488095238095238,0.26199454069137573,0.07864969968795776,0.19341410265746456,0.15089712555893336,0.1934141026574646,0.15089712555893336,0.1786626534523575,0.1363028019303435,0.19206255458208282,0.1493617464082373,0.1786626536747143,0.13630280215273877,0.1920625544780707,0.14936174636221516,0.19372734052570478,0.16379988849541158,
lewidi_convabuse,qwen,10,GPP-laplace,1,256,0.44465636553082033,0.15268835591621746,0.2679573011540231,0.4285070840875176,0.8464285714285714,0.8214285714285714,0.3095064163208008,0.17293483018875122,0.12092592408962549,0.11373014255877112,0.1209259240896255,0.11373014255877113,0.11080747926943457,0.10362094977789196,0.12009375743460846,0.11280621656887056,0.11080747949118344,0.10362095000139035,0.12009375761707444,0.11280621671903628,0.10038623976718669,0.0935068203006351,
lewidi_convabuse,qwen,10,LPE,1,256,0.409080971526936,0.0957682903375358,0.15657551227306743,0.21009956676675262,0.8726190476190476,0.85,0.1386805921792984,0.07098571211099625,0.20365233680465417,0.19977965629650724,0.20365233680465422,0.19977965629650726,0.1929268419539772,0.18247912411078346,0.20306548036130395,0.19828685818926794,0.1929268422114489,0.18247912419613674,0.20306548030540503,0.19828685786153702,0.18861869953727967,0.19756208833871006,
lewidi_convabuse,qwen,10,LP-temp,1,256,0.38097683163060725,0.11722085674371846,0.2061242445199101,0.3521501649793434,0.8654761904761905,0.8476190476190476,0.3843927492871567,,0.1386140822129715,,0.1386140822129715,,0.12874887824924178,,0.1377048515380752,,0.12874887831791415,,0.13770485128372947,,0.13146462432747855,,
lewidi_convabuse,qwen,10,GPP-cosine,1,1024,0.42129289980769086,0.136120450369197,0.2379684489054774,0.3890557569927813,0.8595238095238096,0.8464285714285714,0.434832900762558,0.0030378755182027817,0.1432889605233174,0.0672520086619661,0.14328896052331747,0.06725200866196611,0.1475122631829528,0.05194278730198774,0.14452473294251306,0.06479167500183888,0.14751226302358914,0.05194278763617248,0.14452473266719407,0.06479167496548563,0.1503939608062696,0.16418310532946243,
lewidi_convabuse,qwen,10,GPP-rbf,1,1024,0.33004604615865646,0.08733748958574519,0.15331813595812058,0.24771873134867642,0.8916666666666667,0.8761904761904762,0.2194867879152298,0.04637826606631279,0.2602645568221982,0.20318218981826608,0.26026455682219823,0.20318218981826613,0.2489744173622215,0.19065444170536355,0.25905968464628215,0.20165431022610414,0.24897441743726545,0.19065444180186922,0.2590596843930506,0.20165431006927542,0.24760026788141057,0.22654512259320583,
lewidi_convabuse,qwen,10,GPP-laplace,1,1024,0.41267937505415403,0.13381514358886235,0.23442737829394728,0.37427942193568325,0.8464285714285714,0.8214285714285714,0.26630279421806335,0.14613774418830872,0.1436623210760851,0.13571092692958342,0.14366232107608512,0.13571092692958345,0.13353434460065544,0.12531649765142108,0.1427998500011523,0.13472518551387483,0.13353434476874873,0.12531649784101112,0.1427998500213854,0.13472518554408905,0.13706738321671122,0.12987589647921918,
lewidi_convabuse,qwen,10,LPE,1,1024,0.40842921756428824,0.09723781541696157,0.161899595712207,0.22940493835200335,0.875,0.861904761904762,0.09348932653665543,0.14061586558818817,0.19194854194846106,0.16249161144485702,0.19194854194846106,0.16249161144485705,0.1837081541891184,0.15187367041202057,0.19088635098950701,0.16124699462600955,0.18370815421024783,0.15187367028728987,0.19088635078025673,0.16124699427663164,0.19838648369826306,0.18462263952592262,
lewidi_convabuse,qwen,10,LP-temp,1,1024,0.42250078693526166,0.13276206973433116,0.23105627726091305,0.3723631960392162,0.8404761904761905,0.825,0.4081776365946685,,0.11347787428933623,,0.11347787428933623,,0.11376333548465024,,0.11375782591582059,,0.11376333566170468,,0.11375782609793689,,0.11596276634887853,,
lewidi_convabuse,qwen,10,GPP-cosine,2,16,0.5686404112420522,0.19775458303286053,0.332747811977017,0.48839237249700346,0.7404761904761905,0.7226190476190476,0.5188042521476746,0.019041894003748894,-0.041857977462507745,-0.027556582261408648,-0.04185797746250776,-0.027556582261408648,-0.03370151630480917,-0.0380905988866989,-0.04096431128161586,-0.029767440650619363,-0.03370151653913535,-0.038090598687882664,-0.040964311490748744,-0.029767440778513975,-0.04248670848286737,-0.006226586005046052,
lewidi_convabuse,qwen,10,GPP-rbf,2,16,0.48115157015509397,0.1747282987565371,0.30817140799814036,0.5001738662062399,0.8416666666666667,0.819047619047619,0.4046404957771301,0.16381514072418213,0.0826199801316293,0.07614655527340491,0.08261998013162931,0.07614655527340494,0.08336826565127825,0.07204837437919413,0.08246207012459383,0.07554531993114673,0.08336826588592852,0.07204837462221843,0.0824620704761073,0.0755453201407715,0.0936052168126023,0.0694092582789499,
lewidi_convabuse,qwen,10,GPP-laplace,2,16,0.6148690563741029,0.23964645210272076,0.40838639902926627,0.5949163064743774,0.8392857142857143,0.8166666666666667,0.4328138828277588,0.24769458174705505,0.08039046847407796,0.0587776772845921,0.08039046847407798,0.05877767728459211,0.07830232080685007,0.05795403468465181,0.08039310989122062,0.05854505441122787,0.07830232087144562,0.0579540347358723,0.08039310999779026,0.05854505434672932,0.11535969481034063,0.04296169372857018,
lewidi_convabuse,qwen,10,LPE,2,16,0.4883515535108104,0.1451004917606979,0.23643365815958187,0.3502627794929117,0.8392857142857143,0.819047619047619,0.2946929633617401,0.0702325850725174,0.012661331842511805,0.07297285442989489,0.012661331842511805,0.0729728544298949,0.009579190055974164,0.07106429005944603,0.011601557907995698,0.07194455542297666,0.009579190422697427,0.07106429019731009,0.011601558511044018,0.07194455560032187,0.019194426248358244,0.03689320843208719,
lewidi_convabuse,qwen,10,LP-temp,2,16,0.503382631539718,0.18304622311318697,0.3203088401449574,0.5087503125476794,0.8214285714285714,0.8011904761904762,0.573918879957293,,0.01580512978436355,,0.01580512978436355,,0.013062453469285987,,0.0146972021284924,,0.013062453751853265,,0.014697202496071229,,0.0329463808421693,,
lewidi_convabuse,qwen,10,GPP-cosine,2,64,0.6589777019151516,0.21013968961515042,0.33801161922255274,0.4421968652331791,0.6190476190476191,0.6130952380952381,0.47387033700942993,0.007619665935635567,0.002952103488453024,0.048642660260936554,0.002952103488453024,0.04864266026093657,0.005339546145593064,0.03443886536680316,0.00315559198050485,0.04616431786077692,0.00533954611782371,0.03443886577414433,0.003155592251635926,0.04616431812797263,-0.03849030681695489,0.06999984305210262,
lewidi_convabuse,qwen,10,GPP-rbf,2,64,0.45462033420764536,0.14279019579497826,0.24108452188028467,0.36830953993368293,0.8416666666666667,0.8166666666666667,0.2953508496284485,0.10452906042337418,0.10589710211116184,0.09462044995117926,0.10589710211116185,0.09462044995117927,0.09397000271846498,0.08253660052802954,0.10477320605757018,0.09326593391575988,0.09397000280548615,0.08253660064095811,0.10477320588646757,0.09326593380582662,0.10630046803188775,0.10042935657208345,
lewidi_convabuse,qwen,10,GPP-laplace,2,64,0.48682536885877803,0.17835374513282268,0.3132212825163844,0.5005862386576615,0.8464285714285714,0.8214285714285714,0.3660616874694824,0.20699059963226318,0.11233510637686131,0.1036803266715819,0.11233510637686134,0.10368032667158192,0.1036207334340555,0.09482059837245521,0.11164746958380872,0.10285100711107348,0.10362073363297855,0.09482059856694894,0.1116474697837119,0.10285100725458604,0.09194224742944544,0.07555080640211409,
lewidi_convabuse,qwen,10,LPE,2,64,0.6274108140629833,0.13345988611586562,0.1856591322350834,0.187310188861004,0.8452380952380952,0.8202380952380952,0.12130719423294067,0.02794056385755539,0.0839065711839328,0.05083008990347624,0.08390657118393281,0.05083008990347624,0.07229616548705337,0.04781270164653761,0.08235172308344345,0.04979956994785065,0.0722961653677162,0.04781270139889725,0.08235172258596915,0.049799569424330926,0.10647934127438925,0.11099181214629641,
lewidi_convabuse,qwen,10,LP-temp,2,64,0.47013470792428846,0.16462978274949078,0.2876597097036003,0.46233368130421865,0.8273809523809523,0.8047619047619048,0.520814157095861,,0.10083127759964605,,0.10083127759964608,,0.08793362773908381,,0.09937536953139088,,0.08793362786659673,,0.09937536941721878,,0.10330759120894638,,
lewidi_convabuse,qwen,10,GPP-cosine,2,256,0.5209277725899751,0.16867538840027238,0.2759935688148747,0.3757162828539503,0.736904761904762,0.7285714285714285,0.402809202671051,0.00583554245531559,0.08743214087659379,0.008314289678367871,0.08743214087659379,0.008314289678367871,0.08651037666751688,-0.0035649666613971932,0.0872360500772984,0.005328418053789363,0.08651037672639979,-0.003564965974962385,0.08723604991392822,0.00532841833457947,0.08296862219985847,0.14003629368138987,
lewidi_convabuse,qwen,10,GPP-rbf,2,256,0.39002278392111844,0.11791168417489498,0.20268593458126166,0.32204301716167955,0.8678571428571429,0.8476190476190476,0.2760043144226074,0.08062491565942764,0.21796256885155763,0.17393303428906165,0.21796256885155763,0.17393303428906165,0.21089505271086206,0.16248669202364124,0.21738112551091116,0.1726854570068061,0.2108950525721262,0.16248669190534232,0.2173811248939389,0.17268545644215777,0.2147425634791062,0.18772624659028267,
lewidi_convabuse,qwen,10,GPP-laplace,2,256,0.4460204581745496,0.15317427434366915,0.2685345906365131,0.4286191749602252,0.8464285714285714,0.8214285714285714,0.3102385103702545,0.17316287755966187,0.13019444743366476,0.12241392426396003,0.13019444743366476,0.12241392426396006,0.12216261848321974,0.11431278783285542,0.12961865764089053,0.12173451087586312,0.12216261861272018,0.1143127879720281,0.1296186576849137,0.1217345108990866,0.1053771465958066,0.09703395943464842,
lewidi_convabuse,qwen,10,LPE,2,256,0.4261725664743243,0.10924561978952227,0.17758299897908392,0.2376765656174097,0.8476190476190476,0.8297619047619048,0.16458100080490112,0.08942025154829025,0.22102394516221152,0.21266147592494228,0.22102394516221152,0.2126614759249423,0.2189785241474585,0.20799638056614045,0.2212436658130676,0.21248661928863782,0.21897852380961919,0.20799638036012122,0.2212436649537981,0.2124866185781903,0.21817947164502738,0.23096630336789895,
lewidi_convabuse,qwen,10,LP-temp,2,256,0.43268567888881376,0.1413782394675385,0.24177504035289493,0.3806753822998601,0.8202380952380952,0.8095238095238095,0.4289918761216446,,0.17728998561883927,,0.1772899856188393,,0.1792744560194158,,0.1779238218657977,,0.17927445533950429,,0.1779238205231535,,0.17460841993409915,,
lewidi_convabuse,qwen,10,GPP-cosine,2,1024,0.4643896596123537,0.14707274160306869,0.2461798609419204,0.3579819507855528,0.7797619047619048,0.7690476190476191,0.3904520571231842,0.002807920565828681,0.11337157848397317,0.07335742527963558,0.1133715784839732,0.07335742527963561,0.10902071057007472,0.055190885292755086,0.11322100526053037,0.07074706218148194,0.10902071054437401,0.055190885509115446,0.11322100507855218,0.07074706201402084,0.10044247610701239,0.15233767005082968,
lewidi_convabuse,qwen,10,GPP-rbf,2,1024,0.33612666761550847,0.08942887851364001,0.15550320848702714,0.2442783283182208,0.8821428571428571,0.8690476190476191,0.2145264744758606,0.047348130494356155,0.2644891766492905,0.20490330544021165,0.2644891766492905,0.20490330544021168,0.25510669456211255,0.19234993889090013,0.26358039264610383,0.20324287861522833,0.25510669489764454,0.19234993922260538,0.2635803927795143,0.20324287881526648,0.24379819932663335,0.22020015334773166,
lewidi_convabuse,qwen,10,GPP-laplace,2,1024,0.4212449795075767,0.13525003203373112,0.23417589064421399,0.3654677558733858,0.8464285714285714,0.8214285714285714,0.2587527334690094,0.14202053844928741,0.13802772220730583,0.13146538449315498,0.13802772220730586,0.131465384493155,0.12920416961656905,0.12230949095736096,0.1373520697862579,0.13066725298511941,0.12920416976186608,0.12230949111611816,0.13735206978055048,0.1306672529793091,0.13441204401181847,0.12883106560049518,
lewidi_convabuse,qwen,10,LPE,2,1024,0.41230308188726605,0.09216691029557804,0.15378556679506883,0.21042112261665613,0.8785714285714286,0.8678571428571429,0.0940595343708992,0.11625415086746216,0.19852245013987949,0.17712825557464884,0.1985224501398795,0.1771282555746489,0.1911156311463189,0.1657414618685313,0.1980593549803225,0.17553753384336904,0.19111563142418347,0.16574146221518332,0.19805935519653947,0.17553753419067303,0.1970692687252132,0.18873479375521876,
lewidi_convabuse,qwen,10,LP-temp,2,1024,0.40977868934845185,0.12268123989207222,0.2103211373057435,0.3281480249345236,0.8428571428571429,0.8345238095238096,0.35789753748196523,,0.1542102392893856,,0.15421023928938563,,0.1512250737848332,,0.15412240508546032,,0.1512250736881101,,0.1541224048152328,,0.15248314424733997,,
lewidi_convabuse,qwen,10,GPP-cosine,3,16,0.5935162520108743,0.21606913239546102,0.35773150069774906,0.4873332568370124,0.594047619047619,0.5952380952380952,0.5315173268318176,0.01929786056280136,0.051115461636031034,0.08241727218292696,0.05111546163603103,0.08241727218292698,0.05892107873067097,0.06809610783844833,0.052373281353272225,0.07997533784949393,0.05892107880373895,0.06809610818148006,0.052373281835312764,0.07997533804998104,0.004329429443829265,0.10493028111334801,
lewidi_convabuse,qwen,10,GPP-rbf,3,16,0.44308526153141886,0.14287639708329125,0.2452328420421552,0.3817020174081478,0.8464285714285714,0.8214285714285714,0.29032543301582336,0.12720224261283875,0.11224290147950158,0.0947732622537023,0.11224290147950161,0.0947732622537023,0.10343854128825045,0.08623618685434768,0.11148311771281091,0.09395348092388145,0.1034385415683911,0.08623618706708466,0.1114831180582678,0.0939534811181282,0.1062102370637956,0.096365290709224,
lewidi_convabuse,qwen,10,GPP-laplace,3,16,0.5811634343005103,0.22489697255030777,0.387526094359124,0.5819429780755763,0.8404761904761905,0.8178571428571428,0.42397627234458923,0.24290356040000916,0.10751432817154652,0.0908584493417352,0.10751432817154655,0.0908584493417352,0.10250517678986724,0.08692346992444405,0.1072732097986138,0.09046868679635409,0.10250517691431363,0.08692347002243765,0.10727320996258766,0.09046868680688863,0.11026999856701476,0.05912808690023207,
lewidi_convabuse,qwen,10,LPE,3,16,0.7001784556368905,0.13456389363651455,0.1739731460149328,0.14095584495919283,0.8464285714285714,0.8214285714285714,0.07278810441493988,0.0067604053765535355,0.07704437884272114,0.08077393586007327,0.07704437884272117,0.08077393586007328,0.06820532547819869,0.07187816404139687,0.0759785363411775,0.07934494089793184,0.06820532592697001,0.07187816422959867,0.07597853697638113,0.0793449410193244,0.06134885859333081,0.05553054984506999,
lewidi_convabuse,qwen,10,LP-temp,3,16,0.43804258585558103,0.1422534540267615,0.24675618086739098,0.40144462041049694,0.8464285714285714,0.8214285714285714,0.4354837671516603,,0.06768581274956012,,0.06768581274956015,,0.05973491962682463,,0.06674508253481644,,0.0597349201898862,,0.06674508342701665,,0.06033204338815303,,
lewidi_convabuse,qwen,10,GPP-cosine,3,64,0.4790053168163278,0.1631990420609524,0.28431172421006157,0.4593464984067004,0.85,0.8273809523809523,0.5068443417549133,0.010734330862760544,0.07404531330569188,0.04931610558722123,0.07404531330569189,0.04931610558722124,0.0805695781541761,0.0364312560803214,0.0750948245578267,0.04684880659238745,0.08056957800850346,0.03643125642362125,0.07509482439676216,0.046848806540515084,0.11897990064525626,0.13178004248111042,
lewidi_convabuse,qwen,10,GPP-rbf,3,64,0.4030627482801541,0.13309244323805014,0.23743269716367302,0.39887264191743427,0.8559523809523809,0.830952380952381,0.3270505666732788,0.11540450900793076,0.12223901210449793,0.11123447014998311,0.12223901210449797,0.11123447014998311,0.12026579610624093,0.10485923850660858,0.12299572183918363,0.11101430003487217,0.12026579575944804,0.10485923830968198,0.12299572096346234,0.11101429943777565,0.12609316557227992,0.11123283235243274,
lewidi_convabuse,qwen,10,GPP-laplace,3,64,0.4975440812314405,0.18587794545969447,0.3270133103244007,0.5223678104054715,0.8464285714285714,0.8214285714285714,0.3840799927711487,0.2172614336013794,0.12737921393812637,0.11810515767013542,0.1273792139381264,0.11810515767013544,0.1206945573563328,0.11148179190706223,0.12703734887064133,0.11761727185991623,0.12069455745357767,0.11148179199978936,0.12703734889833518,0.11761727182906828,0.09801001574744514,0.0793044454236575,
lewidi_convabuse,qwen,10,LPE,3,64,0.47281465361474395,0.11337531083135094,0.17638096562340727,0.22977742114617847,0.8607142857142858,0.8357142857142857,0.17151162028312683,0.03867074474692345,0.08665293181131484,0.07486463156414036,0.08665293181131484,0.07486463156414036,0.087584837294397,0.07012579120081673,0.08768462526934584,0.07491824664249466,0.087584836991515,0.07012579093678697,0.0876846245716712,0.07491824604014091,0.0804052051531073,0.09900692907868529,
lewidi_convabuse,qwen,10,LP-temp,3,64,0.40927103782715835,0.13347919932410812,0.23587233425729165,0.39897408928545397,0.861904761904762,0.8416666666666667,0.43688466773299994,,0.08128079519824745,,0.08128079519824745,,0.08258100541917893,,0.08249029908228644,,0.0825810051310449,,0.0824902983657799,,0.07894528107224943,,
lewidi_convabuse,qwen,10,GPP-cosine,3,256,0.5299704602949495,0.16241044368691562,0.26292820633470715,0.35207631499951386,0.7452380952380953,0.7345238095238096,0.372257262468338,0.004637355916202068,0.08158057636180735,0.05358699716179886,0.08158057636180738,0.05358699716179887,0.07444062795293743,0.030836272256714852,0.08054260651409964,0.04858841057901736,0.07444062821718339,0.030836273138541745,0.08054260670857227,0.04858841102570928,0.08680808484572883,0.10657584322189245,
lewidi_convabuse,qwen,10,GPP-rbf,3,256,0.37986219133231436,0.10879217456003566,0.18732752239253994,0.2951461915819209,0.8678571428571429,0.8452380952380952,0.24024584889411926,0.07050579786300659,0.15486984247079355,0.13150872424083165,0.1548698424707936,0.13150872424083165,0.15081654545241496,0.12347770310800991,0.15478212505812022,0.1308531466145305,0.15081654554093438,0.12347770328392386,0.15478212521368656,0.1308531468127433,0.15611236976251927,0.14918974807743207,
lewidi_convabuse,qwen,10,GPP-laplace,3,256,0.44239287866156307,0.1502226733167514,0.26299989623283704,0.4188692707095727,0.8464285714285714,0.8214285714285714,0.3011718988418579,0.16808509826660156,0.11622198913082293,0.11145488511000323,0.11622198913082296,0.11145488511000325,0.10754309320046238,0.10284316662901613,0.1154922210647906,0.11064908852047729,0.10754309333724389,0.10284316677319943,0.11549222116530822,0.11064908859657083,0.09764652896982759,0.09195517905436891,
lewidi_convabuse,qwen,10,LPE,3,256,0.4526058762397508,0.10194058780434637,0.16045951956534737,0.20126676674475225,0.8666666666666667,0.8488095238095238,0.12479135394096375,0.0635845884680748,0.15862656369054615,0.14206775596304286,0.15862656369054617,0.14206775596304289,0.1539964460540773,0.137510618793665,0.15843550660742745,0.1424995889311372,0.1539964462589369,0.13751061928670244,0.15843550692472325,0.14249958963585868,0.15288028350258537,0.17675860579604363,
lewidi_convabuse,qwen,10,LP-temp,3,256,0.385948834786317,0.11641712267425047,0.20348054763382548,0.3371698256688614,0.8559523809523809,0.85,0.36272342077138925,,0.12781023336568387,,0.12781023336568387,,0.11652583975975547,,0.1269358392710286,,0.11652583992833088,,0.12693583961835714,,0.11876021676610726,,
lewidi_convabuse,qwen,10,GPP-cosine,3,1024,0.42800559952544454,0.13066002996206239,0.2264488552993344,0.3598299843380339,0.8630952380952381,0.85,0.3961934447288513,0.0026702957693487406,0.1374768690537571,0.0713295243438952,0.1374768690537571,0.07132952434389518,0.13547312018833674,0.05381036832696162,0.13759826490565724,0.06856973657740814,0.13547311991651007,0.053810368501024816,0.13759826435655362,0.06856973639903449,0.1360377559657044,0.1758528993225632,
lewidi_convabuse,qwen,10,GPP-rbf,3,1024,0.31293225770995564,0.08238864770511681,0.14721093843386154,0.23995246456927807,0.8964285714285715,0.8761904761904762,0.21676421165466309,0.047351591289043427,0.30408053463389173,0.23923974807393522,0.3040805346338918,0.23923974807393528,0.293400838428111,0.22567155444674264,0.30388191344389687,0.23817487168386703,0.29340083834359054,0.22567155439271722,0.3038819130878027,0.23817487140609694,0.2771978532675071,0.24856221336498444,
lewidi_convabuse,qwen,10,GPP-laplace,3,1024,0.4128107773604153,0.1335878325355244,0.23376440809307886,0.3716585650594449,0.8464285714285714,0.8214285714285714,0.26411503553390503,0.14487916231155396,0.13961998406835047,0.1336801728511318,0.13961998406835047,0.13368017285113182,0.13132004967695377,0.12505643790669232,0.13914709671847167,0.13306219065312183,0.13132004982692452,0.12505643807204786,0.139147096791431,0.13306219072304065,0.13569063493737563,0.127944848496735,
lewidi_convabuse,qwen,10,LPE,3,1024,0.34977347742686205,0.08414984214041589,0.1459106120163328,0.21398915431712254,0.8869047619047619,0.8785714285714286,0.0901409164071083,0.13836003839969635,0.2666395354863199,0.2346522675886736,0.2666395354863199,0.23465226758867366,0.2617710127339792,0.2275024251803643,0.26665705029140147,0.2341251110523973,0.26177101267349256,0.2275024249599969,0.2666570500339981,0.2341251105554396,0.2541427476253856,0.24438318025646058,
lewidi_convabuse,qwen,10,LP-temp,3,1024,0.4002737945089835,0.12510697669191717,0.21605573800213063,0.3423600269656169,0.8464285714285714,0.8428571428571429,0.38115004687789544,,0.1747169471928378,,0.17471694719283787,,0.17256527572640767,,0.17470601105513456,,0.17256527575107672,,0.17470601114414175,,0.17740023305116315,,
lewidi_convabuse,qwen,10,GPP-cosine,4,16,0.8929032122230666,0.2658547605284316,0.361374351115609,0.29595218571041776,0.6392857142857142,0.6285714285714286,0.26586899161338806,0.017528239637613297,-0.030913529002063286,-0.015460673830059876,-0.03091352900206329,-0.015460673830059881,-0.03966765313201545,-0.02696892187058167,-0.031977507740265546,-0.017080603846173072,-0.03966765349129181,-0.026968921908142637,-0.0319775084359683,-0.017080604150727534,-0.015953029901788564,0.06599158593254027,
lewidi_convabuse,qwen,10,GPP-rbf,4,16,0.456202345452993,0.16011385257504984,0.2832790494053846,0.4629487132803102,0.8464285714285714,0.8214285714285714,0.3676244020462036,0.15255877375602722,0.055758691407669134,0.08833477287960914,0.055758691407669134,0.08833477287960914,0.05876717927056867,0.08556063285447113,0.055912610350153644,0.08800192771834417,0.05876717963506858,0.08556063308466194,0.05591261109866951,0.08800192802878891,0.05440187693844061,0.07736676869519775,
lewidi_convabuse,qwen,10,GPP-laplace,4,16,0.6051955339635227,0.2353498568065337,0.4026964626674141,0.5919582464400728,0.8345238095238096,0.8119047619047619,0.4310256242752075,0.24631908535957336,0.08334664703726254,0.075935009949122,0.08334664703726255,0.075935009949122,0.08013415299539772,0.07375211680874615,0.0833242855736109,0.07562430292794103,0.08013415310286781,0.0737521168810805,0.08332428577880249,0.07562430289349362,0.08677737054042312,0.05212536430462157,
lewidi_convabuse,qwen,10,LPE,4,16,0.5154806652855658,0.14393090714040413,0.22459004108566746,0.3049832915894926,0.8273809523809523,0.8023809523809524,0.23798377811908722,0.05832022428512573,-0.001997655102900134,-0.04718808670774271,-0.001997655102900125,-0.04718808670774272,0.006445764940948598,-0.041634317613630525,-0.002098145481274955,-0.04718668168732959,0.006445765401263463,-0.041634317175893276,-0.002098144472587488,-0.04718668079242322,-0.0022568845796089136,-0.04328093574517489,
lewidi_convabuse,qwen,10,LP-temp,4,16,0.4857924214724024,0.17497373030863736,0.3081322527383435,0.49605984813802295,0.8238095238095238,0.7988095238095239,0.5582442826679309,,0.007673768577377339,,0.007673768577377335,,0.015137102722905284,,0.0076553534828671535,,0.015137103078199897,,0.007655354261434593,,0.0028226645234203447,,
lewidi_convabuse,qwen,10,GPP-cosine,4,64,0.80147856136004,0.22473371261094588,0.3154437018720866,0.28975654654719135,0.6702380952380952,0.6595238095238095,0.268628865480423,0.0063979728147387505,-0.015101954688871076,-0.019453364496423774,-0.015101954688871079,-0.019453364496423785,-0.02084796922711878,-0.031726495365274415,-0.01574843533908627,-0.021991737009472635,-0.02084796952890373,-0.03172649507117101,-0.01574843596013534,-0.021991737086367452,-0.010650927021344594,0.0356793101577885,
lewidi_convabuse,qwen,10,GPP-rbf,4,64,0.44924309001859414,0.142679131736018,0.2420011180231259,0.366733358659289,0.8416666666666667,0.8166666666666667,0.28870889544487,0.10835718363523483,0.10172960231330083,0.09023128445324173,0.10172960231330083,0.09023128445324174,0.09577775848810552,0.08156169050236352,0.10108480216410595,0.08923792419645024,0.09577775861090908,0.08156169064013825,0.10108480208155879,0.08923792415468886,0.09961632122649886,0.09713300509027097,
lewidi_convabuse,qwen,10,GPP-laplace,4,64,0.49646813230802844,0.1846718291571425,0.32473861167894763,0.5181513777610887,0.8452380952380952,0.8202380952380952,0.3799416720867157,0.21565042436122894,0.12506681707911407,0.11516755583131359,0.12506681707911407,0.1151675558313136,0.11841308795861989,0.10863493809574358,0.12459305608977549,0.11457323893562327,0.11841308810976137,0.10863493823643115,0.12459305621283731,0.11457323899005853,0.09618450420029696,0.07752932793267689,
lewidi_convabuse,qwen,10,LPE,4,64,0.6544410788707518,0.13796497424812973,0.19011956509971892,0.1874439673047169,0.8416666666666667,0.8166666666666667,0.11653546243906021,0.02967645414173603,0.056540606560604306,0.04062415411435451,0.05654060656060432,0.040624154114354515,0.053674667709869193,0.03779496806428895,0.0562551988274181,0.0401865272803677,0.05367466767437472,0.03779496779554974,0.05625519851773089,0.04018652677040273,0.0679000334457418,0.07471848465687483,
lewidi_convabuse,qwen,10,LP-temp,4,64,0.47852350451793835,0.15781145229205218,0.26758471238892156,0.41161668269365215,0.8119047619047619,0.7916666666666666,0.4506706273030885,,0.06147816082583503,,0.06147816082583504,,0.05639616101465722,,0.06060395488260841,,0.056396161133917426,,0.06060395479186206,,0.0650289393890876,,
lewidi_convabuse,qwen,10,GPP-cosine,4,256,0.4682832913928964,0.15530005028320668,0.2689952488454211,0.42928144322316336,0.8226190476190476,0.8023809523809524,0.4794164001941681,0.006582248955965042,0.11704595364108238,0.03596639680117131,0.11704595364108239,0.03596639680117131,0.12290046150098202,0.022104011682581692,0.11754677672462588,0.032574269883777734,0.12290046153722536,0.022104012169565902,0.11754677664811986,0.0325742699808915,0.1449346114166836,0.16491247114753835,
lewidi_convabuse,qwen,10,GPP-rbf,4,256,0.3799343263111439,0.11597110218511121,0.20502249240830894,0.331994219262837,0.8642857142857143,0.8416666666666667,0.2793751060962677,0.07928729057312012,0.13393900642376172,0.12145791614664815,0.13393900642376172,0.12145791614664816,0.11962586160608804,0.1091286242207032,0.13271030781638138,0.1201918824020836,0.11962586194589926,0.10912862447914987,0.13271030803844258,0.12019188251658806,0.13095735272628653,0.1305017734593328,
lewidi_convabuse,qwen,10,GPP-laplace,4,256,0.4439001816859289,0.1537402100336535,0.2712092382345526,0.43637517507345674,0.8464285714285714,0.8214285714285714,0.3159862756729126,0.17591334879398346,0.11270085785159537,0.10816379316660957,0.11270085785159538,0.10816379316660957,0.10286673735095163,0.09863478879015383,0.11187469606587569,0.10726763400791178,0.10286673757366474,0.09863478900722553,0.11187469623667068,0.10726763413618648,0.09156393334020485,0.08234037072058453,
lewidi_convabuse,qwen,10,LPE,4,256,0.4344882000679427,0.1095014723997645,0.18012669772835493,0.24489725639584442,0.8583333333333333,0.8404761904761905,0.1677766740322113,0.0777973011136055,0.135105801872859,0.12539094224662456,0.13510580187285903,0.12539094224662461,0.12093300927499086,0.1079409579750151,0.133674539470125,0.12364551678206964,0.12093300942302285,0.10794095827167846,0.13367453941269547,0.12364551699690006,0.1251669571552053,0.13987921729072408,
lewidi_convabuse,qwen,10,LP-temp,4,256,0.43640518734839073,0.13489442426621012,0.22808369893704974,0.35142986616182526,0.8238095238095238,0.8107142857142857,0.37741199986887214,,0.10226117992648316,,0.10226117992648318,,0.08551838485237098,,0.10041250710355244,,0.08551838475447479,,0.10041250679757131,,0.09897409607590735,,
lewidi_convabuse,qwen,10,GPP-cosine,4,1024,0.4233965056419795,0.13505059618383194,0.23725849940933236,0.3875963393491893,0.8583333333333333,0.8476190476190476,0.43403980135917664,0.0029559407848864794,0.14848489172295054,0.07139302618024458,0.14848489172295054,0.07139302618024458,0.1483847946692144,0.05291570521723022,0.1489190003870289,0.06811878975884393,0.14838479471129956,0.05291570570193014,0.1489190004417742,0.06811878987968913,0.1576592278450093,0.17395735033299578,
lewidi_convabuse,qwen,10,GPP-rbf,4,1024,0.31114544522677534,0.08233113817951754,0.1471086283418117,0.24080337947882957,0.8976190476190476,0.8797619047619047,0.2195114642381668,0.04675882309675217,0.3135038141735025,0.24516264777874336,0.3135038141735026,0.24516264777874341,0.3014149248422927,0.23249460560659144,0.31303244720578555,0.24435166786601387,0.3014149251270003,0.2324946058642958,0.31303244733185515,0.2443516680103147,0.28660119451420085,0.2608319167527395,
lewidi_convabuse,qwen,10,GPP-laplace,4,1024,0.4088060669046348,0.13329274248067816,0.23470072981158627,0.37716305079419565,0.8476190476190476,0.8226190476190476,0.26994451880455017,0.14800876379013062,0.14991060597207032,0.1434190029626659,0.14991060597207034,0.1434190029626659,0.1384553974197362,0.13190335471089176,0.14914855330711257,0.14253648933044683,0.13845539755822225,0.13190335486147653,0.14914855329808072,0.1425364893189987,0.14740967659539758,0.14060839352567547,
lewidi_convabuse,qwen,10,LPE,4,1024,0.364468604613527,0.0839044926514525,0.14243813164105198,0.20111536462720078,0.8797619047619047,0.8690476190476191,0.08890713006258011,0.12192580103874207,0.24556565578357503,0.24827407524199083,0.2455656557835751,0.24827407524199085,0.2412672473982087,0.23754931928863243,0.24525294183749394,0.24706232327660055,0.24126724790615406,0.23754931957865244,0.24525294248655027,0.24706232352059604,0.25206171264546257,0.2621646086771509,
lewidi_convabuse,qwen,10,LP-temp,4,1024,0.38440148338138985,0.11867626904786553,0.20782681351180965,0.3467827329594159,0.8678571428571429,0.861904761904762,0.3856769234557327,,0.17032386100471505,,0.17032386100471508,,0.16608486093003685,,0.1699093836323357,,0.1660848613146838,,0.16990938426755156,,0.1741169498560963,,
lewidi_convabuse,qwen,19,GPP-cosine,0,16,0.828319122040762,0.23041851086535217,0.32697809002551786,0.31834131079575395,0.6642857142857143,0.6511904761904762,0.28634119033813477,0.018644776195287704,-0.05543361130058506,-0.05356086974831044,-0.05543361130058507,-0.05356086974831045,-0.05742871699029804,-0.05758912360658712,-0.05512058035050159,-0.05387439399171175,-0.0574287176695008,-0.05758912382443036,-0.05512058129160668,-0.05387439433055159,-0.06943829891616245,-0.028847158237796638,
lewidi_convabuse,qwen,19,GPP-rbf,0,16,0.5016920497580478,0.13143604246778634,0.1986384973972149,0.25561236235295176,0.8476190476190476,0.8226190476190476,0.2060258835554123,0.03239055722951889,0.10537265329054167,0.06670236438695894,0.10537265329054168,0.06670236438695892,0.10180086703315823,0.06313223559459086,0.10535747038047587,0.06622989760790565,0.1018008668978334,0.06313223544210947,0.1053574700247771,0.06622989726559882,0.0884899477258016,0.08704804592274329,
lewidi_convabuse,qwen,19,GPP-laplace,0,16,0.5555744419148052,0.2134235777164628,0.37121608594343775,0.5728076074391668,0.8464285714285714,0.8214285714285714,0.417354553937912,0.23924733698368073,0.1117592231958946,0.08859868342441955,0.11175922319589461,0.08859868342441957,0.10611497140861051,0.08402156766297551,0.11157163441270256,0.08818445373730097,0.10611497156656893,0.08402156777740885,0.11157163464127372,0.08818445374135969,0.09089198424328992,0.05760176225652412,
lewidi_convabuse,qwen,19,LPE,0,16,0.750039720106441,0.13498026233243948,0.17065357054574026,0.12685278330800798,0.8476190476190476,0.8226190476190476,0.05828527361154556,0.004113676957786083,0.15478468833036824,0.060409931363222494,0.15478468833036824,0.06040993136322251,0.15558588212178634,0.06049287149258067,0.15596315263277494,0.060856731261012736,0.15558588170530976,0.060492871316050724,0.15596315188749496,0.06085673094962387,0.051996235965392386,0.062206565272039376,
lewidi_convabuse,qwen,19,LP-temp,0,16,0.4474027174900113,0.1361693828497515,0.22739912225391923,0.3535883690866073,0.8476190476190476,0.8226190476190476,0.3708989140582906,,0.09704850392671216,,0.09704850392671219,,0.0996733240491018,,0.09831973271268488,,0.09967332374789452,,0.0983197321051407,,0.042200914447240404,,
lewidi_convabuse,qwen,19,GPP-cosine,0,64,0.5749077603634568,0.17355721417947917,0.27269786127434104,0.3417936802654801,0.7488095238095238,0.7380952380952381,0.35283923149108887,0.009307799860835075,0.06373919213542148,0.11052823930865172,0.0637391921354215,0.11052823930865172,0.05973534942401512,0.09338271612887883,0.06410377432463453,0.10919597504363224,0.05973534910602359,0.09338271607459427,0.06410377401841427,0.10919597489137298,0.06305930087696628,0.13931485732876742,
lewidi_convabuse,qwen,19,GPP-rbf,0,64,0.4238743690246101,0.13254086956028033,0.22872433953674598,0.36587377257899834,0.8523809523809524,0.8273809523809523,0.2903323471546173,0.10302872210741043,0.08239023072504975,0.0802227439362575,0.08239023072504978,0.0802227439362575,0.07765602658911704,0.07409908517510161,0.0824653768941474,0.07985957973267278,0.07765602630271558,0.0740990849954368,0.08246537658270123,0.0798595794951241,0.08342117782399654,0.08687187175122979,
lewidi_convabuse,qwen,19,GPP-laplace,0,64,0.4855348657798571,0.17869312862766867,0.3153409458807714,0.5079192475423081,0.8476190476190476,0.8226190476190476,0.3709088861942291,0.21044623851776123,0.10747701633573911,0.09928135166325835,0.10747701633573911,0.09928135166325837,0.09903501062777634,0.09077863815230475,0.10677027777588671,0.09844641580557287,0.09903501073027615,0.09077863825157927,0.10677027790523075,0.09844641587127842,0.07518328897736988,0.06190179232585762,
lewidi_convabuse,qwen,19,LPE,0,64,0.5418370365012227,0.11948647282736759,0.17544848888389555,0.19915767941773369,0.8488095238095238,0.8238095238095238,0.1369158774614334,0.029759835451841354,0.09845115731807413,0.048008143452955794,0.09845115731807413,0.04800814345295581,0.10033932900239204,0.04652102113232546,0.09982098659427197,0.04861762920136724,0.10033932856140046,0.04652102087412699,0.09982098600453737,0.04861762882165014,0.07897189596211832,0.08691667974617596,
lewidi_convabuse,qwen,19,LP-temp,0,64,0.4309923725982934,0.1418044501550168,0.24995038354164453,0.4172599346043551,0.8428571428571429,0.8226190476190476,0.4598026334472946,,0.07328852327766885,,0.07328852327766885,,0.0763308455638205,,0.07472674603538627,,0.0763308451023786,,0.07472674554933684,,0.0749728977215845,,
lewidi_convabuse,qwen,19,GPP-cosine,0,256,0.43247534392266007,0.13066152708351034,0.2249604785642009,0.35589497324214553,0.8595238095238096,0.8464285714285714,0.38828524947166443,0.0074370545335114,0.1460200081407491,0.10179550179287308,0.14602000814074914,0.10179550179287311,0.14610879691866757,0.08578860631956219,0.14690611934728795,0.09993885201064492,0.14610879646863753,0.08578860615287329,0.14690611877647902,0.09993885156696722,0.14589759894665155,0.21304339687413126,
lewidi_convabuse,qwen,19,GPP-rbf,0,256,0.41816912319689414,0.11843375823873091,0.19662634161359166,0.282829847678226,0.8523809523809524,0.8297619047619048,0.22475965321063995,0.06874646991491318,0.16422462128455179,0.12118354741594076,0.16422462128455179,0.12118354741594076,0.15559024457125734,0.11008185950849617,0.1633781869826618,0.1198684672934624,0.15559024477378416,0.11008185960763436,0.16337818716165242,0.11986846734496588,0.17230469451493918,0.15720979836005353,
lewidi_convabuse,qwen,19,GPP-laplace,0,256,0.4473985884009089,0.1501522068876458,0.26073566698801837,0.4099267967176362,0.8464285714285714,0.8214285714285714,0.29277193546295166,0.16363178193569183,0.10837284534244933,0.10392113366437047,0.10837284534244934,0.10392113366437049,0.10047098085620906,0.09598803581647122,0.10773080463022787,0.10319025335121677,0.10047098095964964,0.09598803591875073,0.10773080471646007,0.10319025340359461,0.08719357368063368,0.08096577486494824,
lewidi_convabuse,qwen,19,LPE,0,256,0.5134610208307845,0.11431856945160294,0.17389650620163696,0.19934122163584791,0.8452380952380952,0.825,0.12281223386526108,0.06347717344760895,0.1520212019684928,0.16265050860905705,0.15202120196849284,0.1626505086090571,0.14592332192827415,0.1505587306327251,0.15141876478260746,0.16128175309614964,0.1459233223237807,0.15055873091169475,0.15141876535780324,0.16128175338324455,0.17891842631645155,0.2080791892706881,
lewidi_convabuse,qwen,19,LP-temp,0,256,0.420965750588442,0.13507703051533285,0.23348728860833184,0.37300743928475566,0.8333333333333334,0.8178571428571428,0.4106261844296735,,0.12397344294844852,,0.12397344294844853,,0.11565499800019266,,0.1231503694865519,,0.1156549984333719,,0.12315037034196084,,0.1169505579995715,,
lewidi_convabuse,qwen,19,GPP-cosine,0,1024,0.39707190161947997,0.12466841655643551,0.21912996156832518,0.3530139216708327,0.8571428571428571,0.8511904761904762,0.3912927508354187,0.004364471882581711,0.166322224173043,0.09526268654635707,0.16632222417304302,0.09526268654635708,0.1678659399913891,0.08038587051132072,0.16749021045176465,0.09388903754707054,0.16786593994101595,0.08038587052377635,0.1674902105796094,0.09388903756066401,0.16706328656626945,0.16058987391634616,
lewidi_convabuse,qwen,19,GPP-rbf,0,1024,0.3145447927558935,0.08554849433931545,0.15272751916310795,0.2494229424495023,0.8904761904761904,0.8726190476190476,0.22645898163318634,0.048570722341537476,0.29215535636901735,0.23492527731889784,0.2921553563690174,0.23492527731889787,0.27560137932027584,0.21636468032947925,0.2903572270223389,0.23254668608414192,0.2756013798992075,0.21636468076542414,0.29035722751778026,0.232546686451925,0.2825775971456752,0.2543325367309334,
lewidi_convabuse,qwen,19,GPP-laplace,0,1024,0.41084429802909334,0.13500856092319838,0.23817055589142477,0.3843755179742172,0.8464285714285714,0.8214285714285714,0.27563589811325073,0.1513914167881012,0.1495040481473084,0.14250304200621838,0.1495040481473084,0.14250304200621838,0.14085855452558205,0.13337986964868648,0.14888897122745587,0.14172498689467328,0.14085855473204187,0.13337986985667216,0.1488889713956529,0.1417249870371387,0.13789169316262537,0.13127994295753456,
lewidi_convabuse,qwen,19,LPE,0,1024,0.35181711548686845,0.08620427730667211,0.14848577896884002,0.22133750591655316,0.8869047619047619,0.8714285714285714,0.09099607914686203,0.14512860774993896,0.2513797467056118,0.22103006793686408,0.25137974670561186,0.22103006793686414,0.23900659413173947,0.21070091218602488,0.25018029392456775,0.22003468216965805,0.23900659484424666,0.21070091263061047,0.25018029468004105,0.22003468252273284,0.2518040367797484,0.2344168264678545,
lewidi_convabuse,qwen,19,LP-temp,0,1024,0.3839602417223184,0.11814011897895532,0.20667317596815857,0.3418994018612507,0.8642857142857143,0.8511904761904762,0.38276653496237134,,0.17907321200978485,,0.17907321200978488,,0.17352999855288587,,0.17876628247456866,,0.17352999882449643,,0.1787662828443682,,0.1806051577739394,,
lewidi_convabuse,qwen,19,GPP-cosine,1,64,0.5077791677887913,0.16024017225189777,0.2600683436852667,0.3488831433487564,0.7476190476190476,0.7321428571428571,0.36581847071647644,0.010744687169790268,0.09126266061623109,0.11467045276890778,0.09126266061623109,0.11467045276890778,0.09068765956630312,0.09691637161521333,0.09166778569254805,0.11244422680036234,0.09068765906346163,0.09691637151730348,0.09166778482998945,0.1124442262624064,0.08635841620258425,0.1807643175485919,
lewidi_convabuse,qwen,19,GPP-rbf,1,64,0.43046651978599443,0.12890698799281058,0.2171941008086183,0.3316183210537084,0.8476190476190476,0.8226190476190476,0.2584741711616516,0.08804745227098465,0.08225156680319821,0.07650614766389986,0.08225156680319821,0.07650614766389988,0.07142771003190586,0.06622399793644299,0.08121176817729282,0.07525566240585731,0.07142770995700377,0.0662239978695075,0.08121176780234116,0.07525566206778846,0.08531942761675831,0.0814216274555463,
lewidi_convabuse,qwen,19,GPP-laplace,1,64,0.4774774041515289,0.17382139967061347,0.30689663927824723,0.4951662841971694,0.8464285714285714,0.8214285714285714,0.36126819252967834,0.20421332120895386,0.10502563475065604,0.09640514635167777,0.10502563475065604,0.0964051463516778,0.09587309109799272,0.08741412429957324,0.10434797238456915,0.09562981952994437,0.09587309123339201,0.08741412442738099,0.1043479724985923,0.09562981958200248,0.07535855738376705,0.06330899910881085,
lewidi_convabuse,qwen,19,LPE,1,64,0.6028593488074298,0.12355685094676505,0.1710887324924919,0.16648637661313195,0.8488095238095238,0.8238095238095238,0.09998167306184769,0.01674100011587143,0.05549730663976396,0.05187973854839659,0.05549730663976396,0.0518797385483966,0.04994032935230876,0.04483118695154173,0.054931336967917674,0.05032097071276177,0.04994032922488019,0.04483118688115298,0.054931336521504365,0.0503209704478775,0.07362003109567428,0.11442304884659724,
lewidi_convabuse,qwen,19,LP-temp,1,64,0.4173313653439243,0.13233534733048039,0.23140313793597328,0.3797698499554236,0.8523809523809524,0.8273809523809523,0.40982762292304636,,0.07659243472247623,,0.07659243472247623,,0.06858132000579172,,0.07581767692343519,,0.06858131974450084,,0.07581767620157698,,0.07237013915277418,,
lewidi_convabuse,qwen,19,GPP-cosine,1,256,0.41770961404026064,0.13297301218150404,0.2336964135849268,0.39353987248325084,0.8607142857142858,0.8428571428571429,0.4332287013530731,0.008372987620532513,0.1341226852213744,0.08686688979348145,0.1341226852213744,0.08686688979348145,0.13740885492604255,0.07015546926449184,0.13511343720319804,0.08441953016210678,0.1374088547185045,0.0701554694615809,0.13511343685069155,0.08441952999713158,0.1620412891731043,0.1732115166661517,
lewidi_convabuse,qwen,19,GPP-rbf,1,256,0.3661134816800163,0.11008681828104509,0.19479164688825784,0.32117886723166206,0.8642857142857143,0.8416666666666667,0.2682425081729889,0.08046185970306396,0.184799901773481,0.1488018048886771,0.18479990177348102,0.14880180488867714,0.17208066330552685,0.13511655734490638,0.1834031624682766,0.14710433688489116,0.1720806637709042,0.13511655767776057,0.18340316283325686,0.1471043371102923,0.17879507193920932,0.1576954261451583,
lewidi_convabuse,qwen,19,GPP-laplace,1,256,0.44354761969133705,0.15193785061473714,0.2665610354526767,0.4264917416717268,0.8464285714285714,0.8214285714285714,0.3074852228164673,0.17183668911457062,0.11983795613321402,0.11336889236178138,0.11983795613321405,0.1133688923617814,0.11132073838716162,0.10464787543320232,0.11916323073490037,0.11258973377505249,0.11132073853401245,0.10464787558099824,0.11916323085204683,0.11258973385927731,0.09783560060080902,0.0908979973634657,
lewidi_convabuse,qwen,19,LPE,1,256,0.40773145149879714,0.09868067990631005,0.16061832663008752,0.21728693051527978,0.8726190476190476,0.8523809523809524,0.1477794498205185,0.07267057150602341,0.19554953452519797,0.23590061169297977,0.19554953452519797,0.23590061169297982,0.18417639620750365,0.21380780881640876,0.1940756358726828,0.23301350766132586,0.18417639655063672,0.21380780897981708,0.19407563608421186,0.23301350747168637,0.1808487745546971,0.20179286502965554,
lewidi_convabuse,qwen,19,LP-temp,1,256,0.380425063251556,0.11516195623026707,0.2018842971074557,0.33698101521883966,0.8666666666666667,0.8488095238095238,0.36935907776128807,,0.16957315879661583,,0.16957315879661586,,0.15683703880189281,,0.16769894002714647,,0.15683703909519742,,0.16769894027376903,,0.16346327251558038,,
lewidi_convabuse,qwen,19,GPP-cosine,1,1024,0.39027812207518436,0.12196650302768368,0.21435571770282136,0.3557050316611029,0.8559523809523809,0.8476190476190476,0.3931546211242676,0.0042118472047150135,0.1623877104840467,0.07939721868062052,0.16238771048404674,0.07939721868062055,0.16817994986172952,0.06781517747996825,0.16387721923543458,0.07809249198918328,0.16817994979545434,0.06781517755152167,0.1638772191987573,0.07809249196669556,0.17644438610140392,0.17339773460676056,
lewidi_convabuse,qwen,19,GPP-rbf,1,1024,0.3152512154539977,0.0841852287954009,0.1500661765080059,0.24306001376691333,0.888095238095238,0.8702380952380953,0.2204883098602295,0.045844413340091705,0.2952518691313304,0.23253531920657614,0.2952518691313304,0.23253531920657616,0.2855804931259142,0.21929742043028072,0.2943524194105588,0.2309975747080901,0.28558049322039086,0.2192974204853301,0.2943524191051405,0.23099757445303942,0.2782139680808462,0.2512082595659692,
lewidi_convabuse,qwen,19,GPP-laplace,1,1024,0.4133617318998853,0.1338718337483431,0.23431961176961305,0.37393346011685896,0.8464285714285714,0.8214285714285714,0.26575103402137756,0.14575347304344177,0.14428878520755506,0.13635562818057848,0.14428878520755506,0.1363556281805785,0.13692045066410014,0.12827391170674785,0.14377714539859898,0.13565855872479393,0.13692045070506753,0.1282739117760931,0.1437771452664927,0.13565855861291032,0.13481673383273912,0.12848833483320385,
lewidi_convabuse,qwen,19,LPE,1,1024,0.37970096115612495,0.08671892077345698,0.14700714316880809,0.20866608687594287,0.8833333333333333,0.875,0.09154810011386871,0.13110722601413727,0.2652284516992429,0.24575758794975888,0.265228451699243,0.24575758794975894,0.25902803326740154,0.23567824682073452,0.26472959421179854,0.2449361770669896,0.259028033251495,0.23567824668391044,0.2647295938406187,0.24493617657531785,0.2540582222883693,0.2507938838384018,
lewidi_convabuse,qwen,19,LP-temp,1,1024,0.40939139352436255,0.12264389349679214,0.21083011347028052,0.3309200797224107,0.8476190476190476,0.8416666666666667,0.36973406803300457,,0.19421031316116216,,0.19421031316116222,,0.18593517215772257,,0.19403379680078472,,0.18593517204384663,,0.19403379645676166,,0.19191773300735238,,
lewidi_convabuse,qwen,19,GPP-cosine,2,16,0.5934943880032112,0.21060460749210339,0.3493452503143566,0.4976926415408842,0.7107142857142857,0.6976190476190476,0.5159364938735962,0.03111579827964306,-0.05697249611823839,-0.040987692993491726,-0.0569724961182384,-0.04098769299349173,-0.05290373933221944,-0.05285487849213177,-0.05702236259948297,-0.043784646361730684,-0.052903739397116484,-0.05285487811236124,-0.057022362676113936,-0.043784646330018905,-0.026093080866381207,0.005123297994785424,
lewidi_convabuse,qwen,19,GPP-rbf,2,16,0.47715175055688547,0.1724702681644827,0.3043124645504923,0.49526107875502146,0.8404761904761905,0.8178571428571428,0.4013291001319885,0.1598038375377655,0.06621670620134318,0.0572624958733397,0.0662167062013432,0.057262495873339724,0.06270595118105139,0.05116478127098792,0.06565903204694831,0.05634171469665459,0.0627059515491233,0.05116478154274084,0.06565903267832626,0.056341715010807814,0.06350936242284962,0.046142916400117626,
lewidi_convabuse,qwen,19,GPP-laplace,2,16,0.6124561520991274,0.23862640822800152,0.4071976383704515,0.5945799347648351,0.844047619047619,0.8214285714285714,0.4325576722621918,0.24748994410037994,0.07750111359872094,0.05602445699957484,0.07750111359872097,0.056024456999574854,0.07494244849360969,0.05487679306060253,0.0774203191807378,0.05572737148689077,0.07494244858988092,0.05487679313289194,0.07742031935055428,0.05572737146627105,0.11117475107800764,0.03760619024111067,
lewidi_convabuse,qwen,19,LPE,2,16,0.4925614350341835,0.14180727922263556,0.2270107036800168,0.3270259765264082,0.8392857142857143,0.8166666666666667,0.27206775546073914,0.0639558881521225,0.038127629138599406,0.08210513825745988,0.03812762913859942,0.08210513825745988,0.03586904135626001,0.07536654332918319,0.03761186594761355,0.08098657254318892,0.0358690418665775,0.07536654361440673,0.03761186684672593,0.08098657308519859,0.034710172484636995,0.06898413751561382,
lewidi_convabuse,qwen,19,LP-temp,2,16,0.49860813703610823,0.18088854230191412,0.31651909510866993,0.5060389817650076,0.8333333333333334,0.8130952380952381,0.570620471836054,,0.01144289857709096,,0.011442898577090957,,0.007648030542370313,,0.010622883725326254,,0.0076480309776615985,,0.010622884499204465,,0.017132370178989945,,
lewidi_convabuse,qwen,19,GPP-cosine,2,64,0.5995445346844871,0.1942657383856844,0.31743241895676527,0.42996954324044784,0.7261904761904762,0.7202380952380952,0.45793506503105164,0.012702565640211105,0.02607853623010533,0.06593066122755996,0.02607853623010534,0.06593066122755997,0.024738728779855786,0.04754554402254487,0.025715137326499535,0.06255204570783422,0.024738728831849716,0.04754554469170784,0.025715137686889267,0.06255204621964185,-0.004825187286502923,0.11777495395524902,
lewidi_convabuse,qwen,19,GPP-rbf,2,64,0.4537118654881088,0.1417085120119198,0.2387903864029795,0.36286211846845434,0.8380952380952381,0.8130952380952381,0.2886325418949127,0.10380329191684723,0.10724591594158678,0.09387390681905491,0.1072459159415868,0.09387390681905491,0.1005163019872381,0.08529991420169312,0.10649866087751862,0.09279308477382858,0.10051630195709158,0.08529991418625588,0.10649866061958685,0.09279308455840127,0.10546701882661555,0.09905933888749004,
lewidi_convabuse,qwen,19,GPP-laplace,2,64,0.4870447753329481,0.17866133399631118,0.31393665261344894,0.5017449167509779,0.8464285714285714,0.8214285714285714,0.3671778440475464,0.20788730680942535,0.1158014511432259,0.10718432459842059,0.11580145114322592,0.10718432459842062,0.1074703265684204,0.09861614375212226,0.11515089497196943,0.1063915405899556,0.10747032671862317,0.09861614389525031,0.11515089512583103,0.10639154068348824,0.08757304939536276,0.07263587806599672,
lewidi_convabuse,qwen,19,LPE,2,64,0.6349716005260808,0.13491322212216936,0.18693384294387042,0.18588475246261432,0.844047619047619,0.819047619047619,0.11965039372444153,0.028085296973586082,0.08239114703073766,0.06311661869025766,0.08239114703073766,0.06311661869025766,0.07696064304714645,0.07166520433897358,0.08169809522675259,0.06409461997374138,0.07696064288796094,0.07166520401558257,0.08169809472222553,0.06409461937177639,0.1016040503473308,0.1012544010752918,
lewidi_convabuse,qwen,19,LP-temp,2,64,0.4660336667108521,0.16273764046916242,0.28497429254823686,0.4590536699475927,0.825,0.8047619047619048,0.5164918365466539,,0.09649561086722318,,0.09649561086722319,,0.08860251134091293,,0.09543075420328694,,0.08860251131752181,,0.09543075391626943,,0.09254407192885597,,
lewidi_convabuse,qwen,19,GPP-cosine,2,256,0.47057792819872357,0.148122169869039,0.24467045091356535,0.34179421747314215,0.775,0.7690476190476191,0.3632630407810211,0.0071986960247159,0.11627866037023626,0.05731101440187134,0.11627866037023629,0.057311014401871356,0.11614495330879729,0.043654496757750114,0.1165888324409298,0.05484443562753005,0.11614495343577919,0.04365449737539759,0.11658883252341196,0.054844435998773686,0.10936336695596692,0.16322691672030795,
lewidi_convabuse,qwen,19,GPP-rbf,2,256,0.39638367463249574,0.12273360853082382,0.2133604005913228,0.33966241418415166,0.8511904761904762,0.830952380952381,0.2879299223423004,0.08549151569604874,0.18151159826833815,0.1424254125632334,0.18151159826833818,0.14242541256323343,0.17169396262591344,0.12936365463753463,0.1799763080752912,0.1405082537994938,0.17169396254464186,0.12936365451099457,0.17997630767284625,0.14050825332876415,0.18204844327794725,0.14963912631420453,
lewidi_convabuse,qwen,19,GPP-laplace,2,256,0.4466023173578144,0.15406747561430562,0.2705720934673168,0.4329519095170757,0.8464285714285714,0.8214285714285714,0.31363776326179504,0.1752903014421463,0.1287059363948981,0.12190364062283479,0.12870593639489813,0.12190364062283482,0.12072365963326619,0.11395594867378654,0.1280622455258899,0.12117992685461751,0.12072365971913179,0.11395594876548898,0.12806224557381302,0.12117992687337374,0.09692297295231318,0.09044347722563385,
lewidi_convabuse,qwen,19,LPE,2,256,0.4429824871022523,0.1185772337751244,0.1941923151175756,0.2621417782985137,0.8404761904761905,0.8202380952380952,0.17108111083507538,0.1011182963848114,0.15199228537734172,0.14409287647804178,0.15199228537734172,0.1440928764780418,0.14490807820407708,0.13633873690905757,0.15097133879653032,0.14311718467317602,0.14490807809850034,0.13633873668067484,0.15097133834773474,0.14311718405615897,0.16137923097556942,0.1811683240604017,
lewidi_convabuse,qwen,19,LP-temp,2,256,0.4637266613469072,0.16114190625172822,0.2799112044568768,0.44281991711137486,0.8119047619047619,0.7916666666666666,0.4993904732234562,,0.11280118460911755,,0.11280118460911756,,0.10721516531487697,,0.11171887514528865,,0.10721516498728387,,0.1117188744457023,,0.10965464454720872,,
lewidi_convabuse,qwen,19,GPP-cosine,2,1024,0.4055212998846109,0.12438351090680966,0.21401422151929814,0.3348269722932528,0.8535714285714285,0.8452380952380952,0.3632228970527649,0.003973932471126318,0.13682532375630177,0.08770654673662287,0.1368253237563018,0.0877065467366229,0.13454596004878241,0.06907391573607688,0.13712183354082924,0.08534913644030692,0.1345459599769035,0.06907391565071226,0.1371218334474412,0.08534913612480115,0.12795865069317486,0.16337892048669633,
lewidi_convabuse,qwen,19,GPP-rbf,2,1024,0.3330918071555919,0.08811855239388887,0.15374816806177563,0.24110478993616624,0.888095238095238,0.8726190476190476,0.21478572487831116,0.04696151614189148,0.2796315479268158,0.2231239473575965,0.2796315479268159,0.2231239473575965,0.26848701624143695,0.20839395419869028,0.27862493679137046,0.2214296036898879,0.2684870165522527,0.2083939544453987,0.2786249368916337,0.22142960380763543,0.2607290616488238,0.23211368186143877,
lewidi_convabuse,qwen,19,GPP-laplace,2,1024,0.42053437947290306,0.13490342582680354,0.2336380710625755,0.3658979890067305,0.8464285714285714,0.8214285714285714,0.25868263840675354,0.14190272986888885,0.13464564520854788,0.12881960939589915,0.13464564520854794,0.12881960939589915,0.12797874761943,0.1214854761517431,0.1341992022558032,0.12821603982490987,0.12797874767929307,0.12148547622503308,0.13419920221236378,0.1282160397750261,0.12744632260456226,0.12107403807738053,
lewidi_convabuse,qwen,19,LPE,2,1024,0.40785847107669165,0.08960647504862032,0.14912874157049721,0.20219892656781688,0.8738095238095238,0.8583333333333333,0.09215822070837021,0.11853714287281036,0.25056967327511187,0.22964496711529916,0.25056967327511187,0.2296449671152992,0.24163163073751204,0.21521728249789157,0.24984339069660438,0.22808941462767696,0.2416316310834548,0.21521728288087627,0.2498433907280916,0.22808941481735356,0.24516370717109492,0.23587960336425032,
lewidi_convabuse,qwen,19,LP-temp,2,1024,0.4005149018052074,0.11728237551648828,0.20115160642628144,0.31073619149080034,0.8452380952380952,0.8297619047619048,0.34574960222357154,,0.2134089437249744,,0.2134089437249744,,0.20554100344516285,,0.2126155092613799,,0.2055410037454037,,0.21261550932273884,,0.210888546349174,,
lewidi_convabuse,qwen,19,GPP-cosine,3,16,0.5704366385181174,0.21112248288273985,0.35371039763170603,0.4946179915781249,0.5976190476190476,0.6011904761904762,0.5333991646766663,0.03099576011300087,0.06872864206970403,0.09412175662087899,0.06872864206970404,0.09412175662087902,0.07365771627745797,0.07777640613301189,0.06946613762421044,0.09136036582342988,0.07365771636868922,0.07777640648549897,0.06946613806816222,0.09136036595163868,-0.0014826611915225102,0.10388129753844405,
lewidi_convabuse,qwen,19,GPP-rbf,3,16,0.44008883740868115,0.1436764996670921,0.24801268210035882,0.3914418174294064,0.8464285714285714,0.8214285714285714,0.29941046237945557,0.13170376420021057,0.12202259376267069,0.09856721406579363,0.1220225937626707,0.09856721406579366,0.11475948821626039,0.09100788562144133,0.12134053169923137,0.09776959259662824,0.11475948842743301,0.09100788576027914,0.12134053200366689,0.09776959273500008,0.11343098651396122,0.09788761750687501,
lewidi_convabuse,qwen,19,GPP-laplace,3,16,0.5857751779495388,0.2269669948808789,0.39059319419209804,0.5843144256007203,0.8428571428571429,0.8202380952380952,0.4255518913269043,0.24390071630477905,0.1074644039605804,0.08980514715102714,0.10746440396058042,0.08980514715102714,0.10331641178113574,0.0867811070298217,0.10734385073157535,0.08952257262413764,0.10331641188784554,0.08678110710801133,0.10734385088898156,0.08952257261727668,0.11425398108983693,0.06008217493724929,
lewidi_convabuse,qwen,19,LPE,3,16,0.623203967522773,0.1313989644204722,0.17795009682174298,0.16802738413663543,0.8464285714285714,0.8214285714285714,0.10675767064094543,0.014548773877322674,0.11364490702484706,0.13500008777205225,0.11364490702484709,0.13500008777205225,0.10554720164029294,0.12297851710990268,0.11267254436846436,0.13352363689199837,0.10554720204628507,0.12297851748430605,0.11267254498414184,0.13352363750851662,0.07558688512316873,0.07753183909365939,
lewidi_convabuse,qwen,19,LP-temp,3,16,0.4397166424691149,0.14337452567296266,0.24859373151725356,0.40534064666675274,0.8476190476190476,0.8226190476190476,0.44267341344538313,,0.09408995908128974,,0.09408995908128977,,0.08801434790139216,,0.09349754931607214,,0.08801434841307175,,0.09349755022822162,,0.07536293056207671,,
lewidi_convabuse,qwen,19,GPP-cosine,3,64,0.4224031110299137,0.1451731181100779,0.25729290563847207,0.431249353889044,0.8607142857142858,0.8428571428571429,0.47461894154548645,0.016184944659471512,0.1297264527544262,0.09605213904644061,0.12972645275442624,0.09605213904644061,0.1325472172526641,0.07954560691417717,0.1303974607607209,0.09324436630052221,0.13254721708515865,0.07954560715500647,0.13039746054048615,0.0932443661447737,0.15629296836052575,0.18579688915024792,
lewidi_convabuse,qwen,19,GPP-rbf,3,64,0.41258369770712433,0.13620321908775448,0.2406656696405705,0.39598665162384905,0.8464285714285714,0.8214285714285714,0.324634850025177,0.11640693992376328,0.1426865774139208,0.12304962313939952,0.1426865774139208,0.12304962313939954,0.13682106302449318,0.11539061449773641,0.14298313178615596,0.1226910445415946,0.13682106247997905,0.1153906140991888,0.14298313072731975,0.12269104373361221,0.14051710342846147,0.11676638911146067,
lewidi_convabuse,qwen,19,GPP-laplace,3,64,0.49952334237845447,0.18674964459324375,0.3284513613630441,0.5236739223959063,0.8464285714285714,0.8214285714285714,0.3850376009941101,0.21790184080600739,0.12799343521082432,0.1195301155591946,0.12799343521082435,0.11953011555919461,0.12077118480933237,0.11246734208186451,0.12758453295827912,0.1189930750635737,0.1207711848708032,0.11246734213637585,0.12758453296795452,0.11899307500885811,0.09352158025079486,0.0741400976599676,
lewidi_convabuse,qwen,19,LPE,3,64,0.4750467730751054,0.11697183535249885,0.1812720728809533,0.22856363662920753,0.8488095238095238,0.8238095238095238,0.17779599130153656,0.04036315158009529,0.1465317615808745,0.09596498086249097,0.1465317615808745,0.09596498086249097,0.14646035451106854,0.08846537698169796,0.14764391535477187,0.09576631723673407,0.146460353908818,0.08846537651037414,0.1476439142008305,0.09576631637742761,0.13563547480939958,0.13117785724033262,
lewidi_convabuse,qwen,19,LP-temp,3,64,0.4219777843162951,0.1444393671471826,0.256372829075658,0.4325095842945972,0.8392857142857143,0.8166666666666667,0.4857485949638392,,0.12650451097842902,,0.12650451097842905,,0.12555193983221216,,0.12745681534164716,,0.12555193938188797,,0.12745681443469853,,0.12601511458908926,,
lewidi_convabuse,qwen,19,GPP-cosine,3,256,0.490203290616526,0.14618533231641048,0.23837615319213992,0.33067806696083113,0.780952380952381,0.7702380952380953,0.34604185819625854,0.006624208297580481,0.10036704375923303,0.056283471209374464,0.10036704375923305,0.05628347120937448,0.09555702009469298,0.03682051342602417,0.0997211447841162,0.05193714975011489,0.09555702056470905,0.036820514428371184,0.09972114539608204,0.051937150571693805,0.09686212427598902,0.14010706955038704,
lewidi_convabuse,qwen,19,GPP-rbf,3,256,0.3818394540640661,0.11013891491392581,0.18972377356978887,0.2964159221273306,0.8678571428571429,0.8428571428571429,0.23936107754707336,0.07033627480268478,0.13468229694523065,0.11433073143161224,0.13468229694523068,0.11433073143161226,0.12345801207896914,0.10141349540039138,0.1336981301650596,0.1129170278814482,0.12345801253432608,0.10141349578172948,0.1336981308290136,0.11291702842434301,0.14375185459392778,0.13556601643827826,
lewidi_convabuse,qwen,19,GPP-laplace,3,256,0.4413157199218831,0.14997574622483154,0.26291515226697637,0.4197594491262801,0.8464285714285714,0.8214285714285714,0.30152690410614014,0.16828663647174835,0.11328140043326079,0.10930177756230998,0.11328140043326082,0.10930177756230999,0.10494141124721351,0.10095774244084232,0.11261590651754091,0.10855330608015415,0.1049414113524941,0.1009577425486442,0.11261590661518142,0.10855330614468073,0.09082030511755826,0.08618338657383148,
lewidi_convabuse,qwen,19,LPE,3,256,0.4559732683290193,0.10277551096994741,0.16118452627561056,0.20109699764916505,0.8678571428571429,0.8452380952380952,0.12283250689506531,0.058333661407232285,0.12267731504355006,0.11682293152673266,0.12267731504355008,0.1168229315267327,0.11333584316629913,0.10787747325496559,0.12199849608711621,0.11654913033150664,0.1133358437142562,0.10787747384480267,0.121998496973685,0.11654913121256072,0.14015170388141657,0.15258842509859932,
lewidi_convabuse,qwen,19,LP-temp,3,256,0.38503902628180464,0.11697782971723741,0.2065375109075179,0.3462774328028414,0.8595238095238096,0.8416666666666667,0.369506328800106,,0.0993706334066844,,0.09937063340668441,,0.09344676410555237,,0.09908830806944743,,0.09344676493944379,,0.09908830938865121,,0.099915593534338,,
lewidi_convabuse,qwen,19,GPP-cosine,3,1024,0.38446175237621116,0.11460587956131014,0.20097976673963105,0.32693835125651394,0.8797619047619047,0.861904761904762,0.3585520386695862,0.0038130921311676502,0.1761856494141337,0.10981377470971428,0.1761856494141337,0.10981377470971429,0.1735829631482831,0.08660321942926423,0.1761077066839361,0.1059145074063377,0.17358296299764236,0.0866032197773375,0.1761077062667688,0.10591450733108161,0.17839074085557188,0.1920178407078237,
lewidi_convabuse,qwen,19,GPP-rbf,3,1024,0.3113287995402568,0.08324006487337246,0.14987597441546052,0.24066426419643958,0.8892857142857142,0.8690476190476191,0.22012387216091156,0.047340571880340576,0.31595010761735526,0.25096521435867375,0.31595010761735526,0.2509652143586738,0.3018059302772416,0.23460135455637238,0.3152389473749784,0.2494883931266036,0.3018059303804241,0.23460135461459017,0.31523894723117546,0.24948839300705228,0.2906105790532201,0.2621871749605378,
lewidi_convabuse,qwen,19,GPP-laplace,3,1024,0.4131065799720112,0.1332131808884102,0.2326854263216124,0.36916608764634185,0.8464285714285714,0.8214285714285714,0.26221880316734314,0.14368116855621338,0.14541789303754954,0.1397804026147737,0.14541789303754957,0.1397804026147737,0.13889929441428545,0.1327569242095245,0.14513165057191282,0.13932878655272535,0.13889929444252325,0.13275692425565172,0.14513165049569257,0.1393287864772322,0.14030015278575597,0.134773121628737,
lewidi_convabuse,qwen,19,LPE,3,1024,0.3748283624329203,0.08224179807461388,0.14215344567292412,0.20136479565680868,0.8892857142857142,0.8761904761904762,0.09287182241678238,0.12974709272384644,0.2846340761791218,0.29815538509509854,0.2846340761791218,0.29815538509509865,0.2737126671831559,0.28346988971546333,0.28400573933673817,0.2968817924323972,0.2737126672204835,0.2834698899056102,0.2840057392113694,0.296881792461024,0.2736886168321989,0.27686914741971663,
lewidi_convabuse,qwen,19,LP-temp,3,1024,0.38088153591515567,0.11201571033967694,0.1945389180369179,0.31264006158984725,0.861904761904762,0.8511904761904762,0.3550121640896448,,0.23600661534979323,,0.23600661534979325,,0.22995188602372357,,0.23611141635094957,,0.22995188604405575,,0.23611141625499815,,0.2316798659896667,,
lewidi_convabuse,qwen,19,GPP-cosine,4,16,0.879424484106176,0.2635400842584301,0.35951260163010806,0.299245685232718,0.6476190476190476,0.6369047619047619,0.26894378662109375,0.023874441161751747,0.010225030208485178,0.01496680743889935,0.01022503020848517,0.014966807438899356,-0.0013582722989010079,-0.00083870657411525,0.008818776901239679,0.0126438204422483,-0.0013582725590754567,-0.000838706531040307,0.00881877641915689,0.012643820171690353,0.03095258735297825,0.07999675794189284,
lewidi_convabuse,qwen,19,GPP-rbf,4,16,0.46179116448914115,0.16355141541673207,0.2892857903126805,0.4732196376251688,0.8464285714285714,0.8214285714285714,0.3756085932254791,0.1568758636713028,0.04445274621260754,0.08834648137868198,0.044452746212607544,0.08834648137868198,0.04543503431417408,0.0847629139827869,0.04418750988113759,0.08785418705717835,0.045435034793691355,0.08476291420290602,0.04418751088832687,0.08785418739949166,0.051393164426854494,0.073082420569959,
lewidi_convabuse,qwen,19,GPP-laplace,4,16,0.6088792297578601,0.23695443680566142,0.4048808092207071,0.5932074810858785,0.8357142857142857,0.8130952380952381,0.43180331587791443,0.24686762690544128,0.08646474299715863,0.07697381428628898,0.08646474299715864,0.07697381428628898,0.08274614537010577,0.07462797487929121,0.08634450696317794,0.0766017585659195,0.08274614548616632,0.07462797495102733,0.08634450719197512,0.07660175853460963,0.08746782023500996,0.04964782238167585,
lewidi_convabuse,qwen,19,LPE,4,16,0.5092070536577383,0.14314771095765,0.22499678061479547,0.30964529363915094,0.8333333333333334,0.8083333333333333,0.22891849279403687,0.07588907331228256,0.014085906036850202,-0.029615250671882788,0.014085906036850202,-0.02961525067188278,0.018705753306872058,-0.024973168566333713,0.013795076937075218,-0.029908110840411468,0.018705753750884693,-0.02497316819181549,0.01379507797143113,-0.029908109917449674,0.0060721922484095305,-0.023482037174601445,
lewidi_convabuse,qwen,19,LP-temp,4,16,0.4803001654827195,0.16921098267048718,0.29571324063870863,0.47352358203438366,0.825,0.8,0.5260459949528534,,-0.005387976587556581,,-0.005387976587556581,,-0.0012390300648988366,,-0.005656356170787627,,-0.00123902957701069,,-0.0056563551363974195,,-0.012471535816382249,,
lewidi_convabuse,qwen,19,GPP-cosine,4,64,0.7288646462297744,0.2081167196899763,0.2985502255972473,0.29103735327834207,0.6880952380952381,0.6773809523809524,0.26899006962776184,0.009870192967355251,-0.0032294215543227887,0.005314754927393205,-0.0032294215543227853,0.005314754927393202,-0.011911806811296794,-0.01120530470456579,-0.004311763401281411,0.002248726409073639,-0.011911807020247111,-0.011205304394862479,-0.004311763921382144,0.002248726301435827,0.011420965141126838,0.061388148867206595,
lewidi_convabuse,qwen,19,GPP-rbf,4,64,0.4497077831792699,0.14137693956286573,0.23909415915286877,0.36248163469616107,0.844047619047619,0.8214285714285714,0.2805168926715851,0.10599131137132645,0.06820205157936499,0.06496322685834452,0.06820205157936499,0.06496322685834452,0.05767467118709287,0.05368390972731936,0.06706299583847371,0.06363886867157303,0.05767467126706403,0.05368390978896099,0.06706299581880291,0.06363886861463729,0.06223259934916403,0.06900415847256271,
lewidi_convabuse,qwen,19,GPP-laplace,4,64,0.4954895714251579,0.18438121990946713,0.3246355639704104,0.5185948936676349,0.8464285714285714,0.8214285714285714,0.3804037570953369,0.21603454649448395,0.12549630288011576,0.1159408791630808,0.1254963028801158,0.11594087916308081,0.11928495896744687,0.10986507612102907,0.12507976465687165,0.11540983080191378,0.1192849590907118,0.10986507622802372,0.12507976478548927,0.11540983085078194,0.08539483077714428,0.0674171559798083,
lewidi_convabuse,qwen,19,LPE,4,64,0.6567671738036607,0.13880968330692978,0.19205078338660922,0.19334199292044094,0.8380952380952381,0.8178571428571428,0.12564273178577423,0.02352375164628029,0.014080549232295275,0.025893317583341624,0.014080549232295278,0.025893317583341638,0.0048249869981534035,0.020301027283751626,0.0125323114727793,0.02410672495219044,0.004824986943908642,0.020301027033552424,0.012532311257994897,0.024106724501012713,0.03504880339726302,0.06273590775751296,
lewidi_convabuse,qwen,19,LP-temp,4,64,0.4750942262592703,0.1528308458759745,0.25805714751752096,0.39484881030064867,0.825,0.8047619047619048,0.4214995664933594,,0.006813080326564889,,0.006813080326564899,,-0.007574990352834087,,0.004586733459223457,,-0.007574990206126998,,0.004586733480125817,,0.014278734670118812,,
lewidi_convabuse,qwen,19,GPP-cosine,4,256,0.4457366586059153,0.1409543574741683,0.24217416971853176,0.3794448994473743,0.8261904761904761,0.8107142857142857,0.420295774936676,0.008784022182226181,0.16479328158297227,0.05673442037098784,0.16479328158297227,0.056734420370987845,0.1681492695874073,0.04357435696886778,0.16537977601382636,0.05376345156593085,0.16814926958164134,0.0435743573187561,0.16537977581508434,0.05376345155418474,0.17556611181845777,0.18744393932863704,
lewidi_convabuse,qwen,19,GPP-rbf,4,256,0.3785005113664968,0.11525159127076672,0.20362714611165714,0.32950939018313147,0.8607142857142858,0.8404761904761905,0.2762082517147064,0.07800289988517761,0.12820009290431617,0.10819390235164976,0.12820009290431622,0.10819390235164976,0.11429030055558209,0.09557308768629605,0.1271924180753199,0.10691524954808816,0.11429030060303427,0.09557308767064195,0.12719241759764985,0.10691524908918336,0.12538366863972195,0.11973123317812806,
lewidi_convabuse,qwen,19,GPP-laplace,4,256,0.4415148344855274,0.15261641002245946,0.26932718543601886,0.43418170744285817,0.8464285714285714,0.8214285714285714,0.3142070174217224,0.17485903203487396,0.11374050327667556,0.10940465106791172,0.11374050327667559,0.10940465106791174,0.10538928487761891,0.1011486978705631,0.11315537366151647,0.10871263872859258,0.1053892850157181,0.10114869800659601,0.1131553737154159,0.10871263874982337,0.08771051410574472,0.07940842798760617,
lewidi_convabuse,qwen,19,LPE,4,256,0.4265360434688149,0.10705180377205925,0.17740937471713725,0.24459962254868484,0.8547619047619047,0.8369047619047619,0.17264343798160553,0.07619237154722214,0.15110977391753483,0.13917728904376486,0.15110977391753486,0.13917728904376486,0.13614984763490384,0.1228538736172312,0.15009972543791744,0.13777732311578061,0.13614984753899634,0.12285387371400774,0.15009972477991557,0.13777732275954985,0.13696271734365165,0.14837117792804935,
lewidi_convabuse,qwen,19,LP-temp,4,256,0.42169379285436703,0.1274937172162127,0.21665536075076045,0.33382486505195796,0.8392857142857143,0.8238095238095238,0.3560483068940408,,0.10363909579968598,,0.103639095799686,,0.08845333251169882,,0.10212982632922388,,0.08845333230816074,,0.10212982553128096,,0.09208927846737977,,
lewidi_convabuse,qwen,19,GPP-cosine,4,1024,0.38704822048819676,0.12062285515795601,0.21316663578225742,0.3517237920483937,0.8607142857142858,0.8452380952380952,0.3882087767124176,0.003946518991142511,0.15872023417272962,0.06368566063951558,0.15872023417272965,0.06368566063951558,0.1625233703782932,0.049052168608641714,0.15965159172598375,0.061090562588348905,0.162523370280722,0.04905216893452076,0.15965159156744133,0.061090562658357106,0.16490115987761228,0.17985604963708357,
lewidi_convabuse,qwen,19,GPP-rbf,4,1024,0.31272635747365907,0.08363228802977406,0.1492068977938505,0.24399955085911684,0.8904761904761904,0.8726190476190476,0.22372977435588837,0.047937873750925064,0.30837985335066803,0.2514494225481929,0.30837985335066803,0.2514494225481929,0.2930901737102277,0.23581329871774936,0.3076297372659473,0.25023141621101797,0.2930901740188208,0.2358132989201573,0.307629737454997,0.25023141632754586,0.2763130704652798,0.25551279947543454,
lewidi_convabuse,qwen,19,GPP-laplace,4,1024,0.41138969770729633,0.1337290425879688,0.23467282622088012,0.3762138619184633,0.8476190476190476,0.8226190476190476,0.2685101330280304,0.14720210433006287,0.14551747243560187,0.1402195497207097,0.14551747243560187,0.14021954972070977,0.13613879297408635,0.13054053928121448,0.14508503233383097,0.13962648445548043,0.13613879294730175,0.13054053927429526,0.1450850321332628,0.13962648426191504,0.13933270666383954,0.13476919260134942,
lewidi_convabuse,qwen,19,LPE,4,1024,0.3631758385615741,0.08525457682430654,0.14313429764536514,0.20176872738802903,0.8857142857142857,0.8702380952380953,0.09088979661464691,0.12553146481513977,0.24998524978348197,0.2737988023067157,0.249985249783482,0.2737988023067158,0.24090525192413126,0.26215692252334716,0.24945369350807078,0.27276609009534863,0.24090525256031523,0.2621569233027864,0.24945369435913348,0.2727660911270915,0.24502116889056466,0.2648299241950625,
lewidi_convabuse,qwen,19,LP-temp,4,1024,0.3802549842769506,0.11779496510613237,0.206114065011499,0.33844633718987427,0.8595238095238096,0.8535714285714285,0.37807669544323386,,0.1926447685458296,,0.19264476854582963,,0.187620326827578,,0.1921992070915423,,0.18762032732012646,,0.1921992077146782,,0.19602243916733986,,
lewidi_convabuse,qwen,29,GPP-cosine,0,16,0.8051490693555343,0.24112160747061337,0.34853204080722033,0.3514418497806839,0.6547619047619048,0.6416666666666667,0.32435208559036255,0.027162818238139153,-0.05438395067903551,-0.03573455220051014,-0.05438395067903553,-0.03573455220051014,-0.05765122887397886,-0.04475335753231868,-0.05429208560469606,-0.03680011242942755,-0.05765122963457574,-0.0447533578055989,-0.05429208667752974,-0.036800112910662014,-0.0667001426470306,-0.009186322273077177,
lewidi_convabuse,qwen,29,GPP-rbf,0,16,0.5004521033446595,0.13139717527393255,0.19852811188126604,0.25502844616937287,0.8464285714285714,0.8214285714285714,0.2048826366662979,0.0322423055768013,0.1081515860392573,0.06416272820950604,0.10815158603925731,0.06416272820950605,0.10731660908376855,0.06192649638369463,0.10825085941291948,0.06357361546452506,0.1073166092442372,0.06192649633198969,0.10825085959535788,0.06357361530680018,0.0956396671938909,0.0949797789835285,
lewidi_convabuse,qwen,29,GPP-laplace,0,16,0.5603200605612898,0.21570125585420424,0.3746770093927071,0.5763506460952325,0.8464285714285714,0.8214285714285714,0.4198286533355713,0.24083179235458374,0.12024374330405463,0.09172122019237308,0.12024374330405467,0.0917212201923731,0.1161187204091728,0.0891901975878581,0.1202599680225486,0.09149652604461599,0.11611872058162051,0.08919019770417239,0.12025996828703532,0.09149652603797839,0.10308513992789829,0.0629326153678085,
lewidi_convabuse,qwen,29,LPE,0,16,0.8091076273183906,0.13708835606024836,0.1698353116861697,0.11554375151780764,0.8476190476190476,0.8226190476190476,0.04103853926062584,0.004087144508957863,0.15436150993642928,0.04333416553707822,0.1543615099364293,0.04333416553707824,0.1553867217478159,0.04368346591653038,0.15553213541761865,0.043718862695589375,0.15538672174572488,0.04368346584678154,0.15553213535738777,0.043718862566360546,0.055858247811921884,0.06726515420855861,
lewidi_convabuse,qwen,29,LP-temp,0,16,0.44037900855729195,0.13932988401542373,0.23802423737885983,0.38141755287252554,0.8476190476190476,0.8226190476190476,0.40874347094257774,,0.10072871764673294,,0.10072871764673293,,0.10540584545436577,,0.10197576568174414,,0.1054058457260586,,0.10197576609626789,,0.047355832545200094,,
lewidi_convabuse,qwen,29,GPP-cosine,0,64,0.5894260286262254,0.1726665498714075,0.26553647170871886,0.3166039298116236,0.7547619047619047,0.7440476190476191,0.3194088041782379,0.012451428920030594,0.07973939044138814,0.11779912307324213,0.07973939044138814,0.11779912307324213,0.07446849452296699,0.09956153998164502,0.07994377030052985,0.1161528396661454,0.07446849409347593,0.09956153983103946,0.07994376980686982,0.11615283937942475,0.07955643274102352,0.15767549139993156,
lewidi_convabuse,qwen,29,GPP-rbf,0,64,0.41388315054508973,0.1328319316579867,0.23271952165246365,0.3787931509656243,0.8523809523809524,0.8273809523809523,0.3045676648616791,0.1090785413980484,0.10570365005643809,0.0970324166840828,0.10570365005643811,0.0970324166840828,0.09688561358890338,0.08880463589894046,0.1055520312976634,0.09656740330208824,0.09688561341817051,0.08880463579721301,0.10555203119519678,0.09656740320199764,0.10853963782279702,0.10470760616350754,
lewidi_convabuse,qwen,29,GPP-laplace,0,64,0.48836216686850636,0.18083931829497057,0.31948274610164973,0.5157324818152828,0.8464285714285714,0.8214285714285714,0.3771294057369232,0.21436651051044464,0.11915607721190144,0.10903574014260226,0.11915607721190147,0.10903574014260228,0.1123682857327167,0.10220632467606766,0.11869002752334315,0.10841529221258969,0.11236828584308385,0.10220632477609555,0.11869002763644743,0.1084152922454856,0.09234543397032217,0.07611400685403195,
lewidi_convabuse,qwen,29,LPE,0,64,0.49722924074496117,0.1162167692653785,0.1760722494258343,0.2139558541974461,0.8523809523809524,0.8297619047619048,0.15273934602737427,0.034861620515584946,0.09416850182391817,0.051462995815051066,0.09416850182391817,0.05146299581505108,0.09002871839553003,0.05109904751246312,0.09498337556012029,0.052210913838415106,0.0900287179523615,0.05109904714850486,0.09498337495764546,0.05221091327838468,0.10080780732314619,0.12333720910080959,
lewidi_convabuse,qwen,29,LP-temp,0,64,0.42290134643021426,0.14348592868603416,0.25674783047238164,0.4381158735299268,0.8511904761904762,0.830952380952381,0.48840685447208076,,0.08318663235519197,,0.08318663235519197,,0.07822603539396888,,0.0839916948691376,,0.07822603498519723,,0.08399169448577305,,0.08568995198213482,,
lewidi_convabuse,qwen,29,GPP-cosine,0,256,0.4154828645900361,0.12057775547826664,0.2074665975040736,0.3301949476687075,0.8714285714285714,0.8511904761904762,0.355618953704834,0.010032664984464645,0.1672378093026921,0.12002007768182903,0.16723780930269214,0.12002007768182904,0.1694065667899589,0.1051994868902492,0.16853352196780005,0.11852206602116361,0.16940656642677634,0.10519948689152889,0.16853352156329116,0.11852206585172662,0.16894898055411872,0.20594077340817862,
lewidi_convabuse,qwen,29,GPP-rbf,0,256,0.40141357436407954,0.11585298333158779,0.19558202526684562,0.2902010103408875,0.8535714285714285,0.830952380952381,0.23462265729904175,0.07154197245836258,0.17967401107030656,0.14394233058823544,0.17967401107030662,0.14394233058823547,0.17294557541043698,0.135400169814403,0.17883820204507178,0.14277320579851888,0.17294557563614538,0.13540016998002458,0.17883820225387562,0.1427732059205074,0.18616690103379127,0.17062751230227596,
lewidi_convabuse,qwen,29,GPP-laplace,0,256,0.44599060281193204,0.15030079076930442,0.2613644858578309,0.41227898913349365,0.8464285714285714,0.8214285714285714,0.2955653667449951,0.16544438898563385,0.12112925777326086,0.11563662710892922,0.12112925777326089,0.11563662710892922,0.11558474475792178,0.10995026364837485,0.1207313071118237,0.11512888804292547,0.11558474482943101,0.10995026372214564,0.12073130714162252,0.11512888804189284,0.10057179235624707,0.09609546853630566,
lewidi_convabuse,qwen,29,LPE,0,256,0.4766373976202059,0.10959191023046133,0.17027610109937108,0.20366520221698547,0.8547619047619047,0.8321428571428572,0.12712149322032928,0.06891842186450958,0.1691081099920571,0.19288947379607668,0.1691081099920571,0.1928894737960767,0.16451327053995857,0.18191787234226325,0.16839687039417908,0.19131845797641475,0.1645132709360324,0.18191787268510118,0.16839687084785476,0.19131845828897937,0.18472103603788984,0.2106772500893611,
lewidi_convabuse,qwen,29,LP-temp,0,256,0.4169589551357654,0.13409916715552875,0.2319836267596463,0.3760032967839938,0.85,0.8345238095238096,0.41682910283262486,,0.14760992527615463,,0.14760992527615463,,0.1418261417587271,,0.14708820217620763,,0.1418261420930789,,0.14708820267024622,,0.149262981731391,,
lewidi_convabuse,qwen,29,GPP-cosine,0,1024,0.3773298166290456,0.1136716882596813,0.20042507269330928,0.32727837231955825,0.8607142857142858,0.85,0.3582741916179657,0.00510953227058053,0.17402163602967535,0.07509145357876623,0.17402163602967535,0.07509145357876625,0.176355564686886,0.0641688679489672,0.17551920202725835,0.07430916401608002,0.17635556476971423,0.0641688683282842,0.17551920239889587,0.07430916475987413,0.17351056426837064,0.1940879578913605,
lewidi_convabuse,qwen,29,GPP-rbf,0,1024,0.307627506102021,0.08275306484521999,0.14842920422725867,0.24166964226851456,0.8952380952380953,0.8797619047619047,0.21992561221122742,0.04792944714426994,0.3048103718172443,0.25040095073983404,0.3048103718172443,0.25040095073983404,0.2919430757866341,0.2359289778994828,0.30329774662674297,0.24837175375739565,0.29194307615550863,0.23592897821036352,0.3032977467909449,0.24837175391210714,0.29656647209095727,0.275932228132329,
lewidi_convabuse,qwen,29,GPP-laplace,0,1024,0.40914288005284416,0.1345654043782272,0.23762598299377022,0.3833366874761601,0.8464285714285714,0.8214285714285714,0.27577754855155945,0.15191806852817535,0.165188970344793,0.1569987493033661,0.16518897034479302,0.15699874930336616,0.15833661060556678,0.14964359924951517,0.16467280925671623,0.1563280860218223,0.15833661075945654,0.14964359940904942,0.1646728093141813,0.15632808606333926,0.15834181948132622,0.1493925200560867,
lewidi_convabuse,qwen,29,LPE,0,1024,0.3523391966574075,0.0816453723906588,0.13886336203434,0.19448948202744226,0.888095238095238,0.8773809523809524,0.08849700540304184,0.11703073233366013,0.2547828871252765,0.26299961131696714,0.2547828871252766,0.26299961131696714,0.24552393583869236,0.24754777653798787,0.25354332573407856,0.26080398087479406,0.24552393626389588,0.24754777698283156,0.25354332621236025,0.26080398129169585,0.2659970332391791,0.26904406230915806,
lewidi_convabuse,qwen,29,LP-temp,0,1024,0.37289629666415114,0.10697337297091852,0.18496790326179446,0.2951561327852807,0.8666666666666667,0.8630952380952381,0.32202292239368546,,0.1856876791590879,,0.18568767915908793,,0.17537767985379038,,0.1844667894753787,,0.17537768014759716,,0.18446678988577733,,0.18544474579995418,,
lewidi_convabuse,qwen,29,GPP-cosine,1,64,0.5037730096589307,0.15738956703589596,0.25426788994652005,0.3338367038442714,0.7583333333333333,0.7428571428571429,0.345645010471344,0.015846846625208855,0.11437528434902587,0.1321543624031613,0.11437528434902589,0.13215436240316134,0.11140138140018792,0.11063871885358237,0.11445190344714189,0.12911772531539217,0.11140138078883435,0.11063871863808471,0.11445190234484391,0.12911772458142617,0.11190667763213037,0.17632976189055616,
lewidi_convabuse,qwen,29,GPP-rbf,1,64,0.4226949639149104,0.12752096296983437,0.2169255019786457,0.33529917819679056,0.8464285714285714,0.8214285714285714,0.2613196074962616,0.0900653675198555,0.07909342835804123,0.07884255236623744,0.07909342835804123,0.07884255236623745,0.06901704153127916,0.06981748546901566,0.07814794443750449,0.07775996622518912,0.06901704135019233,0.0698174853330883,0.078147943922502,0.07775996580458834,0.08196858223335289,0.08523029891600536,
lewidi_convabuse,qwen,29,GPP-laplace,1,64,0.4809896531467316,0.17609219455018585,0.3109766663828244,0.5022485841176273,0.8464285714285714,0.8214285714285714,0.36693185567855835,0.20780879259109497,0.11178260974731799,0.10188774860133286,0.11178260974731802,0.10188774860133286,0.10469351577524248,0.09503843109890082,0.1113041515264982,0.10131349201310634,0.10469351589376365,0.09503843120936531,0.11130415162382595,0.1013134920437326,0.08805942882048953,0.07295149854431375,
lewidi_convabuse,qwen,29,LPE,1,64,0.5804368721928999,0.12068965588612691,0.17065919219814446,0.17528933681125353,0.8476190476190476,0.8226190476190476,0.11087335646152496,0.01724379137158394,0.047354945958489714,0.03638108122802686,0.04735494595848972,0.036381081228026864,0.04321162581577569,0.032885636584310055,0.04708002678232534,0.03584254334036192,0.04321162556260849,0.032885636433546375,0.04708002615513797,0.03584254297339438,0.056980378033814554,0.08485467492499099,
lewidi_convabuse,qwen,29,LP-temp,1,64,0.41308598702714755,0.12632595031210844,0.21936178647045082,0.3580092696359324,0.861904761904762,0.8369047619047619,0.3791963171365858,,0.058334223135362906,,0.05833422313536292,,0.05071701006791049,,0.057592252877635974,,0.05071700966298012,,0.05759225195717921,,0.05584094300868875,,
lewidi_convabuse,qwen,29,GPP-cosine,1,256,0.39507939933935066,0.12028290494461086,0.21035834283232124,0.3516615868502141,0.861904761904762,0.844047619047619,0.38377439975738525,0.01011057198047638,0.17109838344298706,0.11235614228591528,0.17109838344298706,0.1123561422859153,0.17224633686569712,0.09421696021753646,0.17196302131857755,0.10965920057137965,0.1722463366355264,0.09421696044768804,0.17196302087664722,0.10965920042364764,0.18361957591660139,0.2059802697173683,
lewidi_convabuse,qwen,29,GPP-rbf,1,256,0.37762192108262466,0.11294013294347388,0.19682502815433378,0.31458079659227106,0.8571428571428571,0.8345238095238096,0.2606317698955536,0.07915939390659332,0.17715866551413864,0.15012591986413049,0.17715866551413867,0.15012591986413049,0.15866767440525198,0.1326897720013996,0.1748878872493326,0.14783228164060314,0.15866767487075686,0.1326897723711437,0.1748878875752138,0.1478322818756337,0.17349896509621338,0.1600148164256853,
lewidi_convabuse,qwen,29,GPP-laplace,1,256,0.44333990479773433,0.1518657502175863,0.2663643248479015,0.4263400715027974,0.8464285714285714,0.8214285714285714,0.3077045679092407,0.17230364680290222,0.12768314783993537,0.12041482901441461,0.1276831478399354,0.12041482901441462,0.11959745199351804,0.11219668768347724,0.12702013825047775,0.11964779106108363,0.11959745215778259,0.11219668784631218,0.12702013837881562,0.1196477911519423,0.1105510436043211,0.10170155855745386,
lewidi_convabuse,qwen,29,LPE,1,256,0.4355754042950142,0.10337960313335293,0.16540533971321045,0.21411469123619659,0.861904761904762,0.844047619047619,0.13821810483932495,0.07119788229465485,0.1585437792376238,0.19533622546863294,0.1585437792376238,0.195336225468633,0.1421836709212982,0.17945532763150385,0.15625079960385008,0.1934384679731102,0.14218367149694358,0.1794553278536684,0.15625080009964643,0.19343846794549727,0.1489880864760826,0.1861528931970182,
lewidi_convabuse,qwen,29,LP-temp,1,256,0.39095556242767454,0.12560348965521062,0.22312349126208744,0.3793947292472923,0.8523809523809524,0.8369047619047619,0.41765878360304104,,0.12562590511547292,,0.12562590511547297,,0.1043537659019755,,0.12267179115562726,,0.10435376634898096,,0.12267179154718355,,0.12594080472328073,,
lewidi_convabuse,qwen,29,GPP-cosine,1,1024,0.3733718853258343,0.11026954396823385,0.19496470110198386,0.31836394100549037,0.8702380952380953,0.8571428571428571,0.349468857049942,0.0049810465425252914,0.19166196987949213,0.13463671499295143,0.19166196987949213,0.13463671499295143,0.1915688216988554,0.1153971827748553,0.19250427115314941,0.13204600916669407,0.19156882176991316,0.11539718331156468,0.19250427132042788,0.1320460096753732,0.19043785726436854,0.19060707780176697,
lewidi_convabuse,qwen,29,GPP-rbf,1,1024,0.3157573648819954,0.08441245267392192,0.15064022019235251,0.24283641636906297,0.8892857142857142,0.8690476190476191,0.21696168184280396,0.04597669467329979,0.27022421571715816,0.22095816897276999,0.2702242157171582,0.22095816897277004,0.26024656564621396,0.2088320063408195,0.26932223852593995,0.21955457468556722,0.2602465656889573,0.20883200638114702,0.2693222380598095,0.21955457433666845,0.2672067807718148,0.24946706837234395,
lewidi_convabuse,qwen,29,GPP-laplace,1,1024,0.4122622527720927,0.13357060465058326,0.2336647522635758,0.3724591577864249,0.8464285714285714,0.8214285714285714,0.26529738306999207,0.14588148891925812,0.15894220555898467,0.14996029748194092,0.1589422055589847,0.14996029748194095,0.1525427305517321,0.14293464265646844,0.15847730037013863,0.14931845120618265,0.15254273060651663,0.14293464273838147,0.15847730023877088,0.14931845109417716,0.15028820163863263,0.14098892836952642,
lewidi_convabuse,qwen,29,LPE,1,1024,0.35381907184936856,0.08603797844116666,0.14915728003458406,0.22418627726038975,0.8833333333333333,0.8678571428571429,0.08782640844583511,0.1530662477016449,0.25109857934672486,0.2283227569006406,0.2510985793467249,0.22832275690064063,0.24189070672748525,0.21814582642421654,0.25071148891781425,0.22749203736886725,0.2418907066645957,0.21814582654271703,0.2507114884227139,0.22749203724773073,0.24345729641121364,0.24092761775181232,
lewidi_convabuse,qwen,29,LP-temp,1,1024,0.40176897872210215,0.12896214016874633,0.22718857705761444,0.37965939782509833,0.8476190476190476,0.8392857142857143,0.4277363268223251,,0.1685440791620128,,0.16854407916201283,,0.1630185350353606,,0.1686718534658534,,0.1630185350764067,,0.16867185334708573,,0.17364153754219921,,
lewidi_convabuse,qwen,29,GPP-cosine,2,16,0.6217539255174147,0.22025674946261095,0.36094600786815306,0.4957570566784106,0.680952380952381,0.6702380952380952,0.5072752237319946,0.04104163125157356,-0.03770546295326193,-0.024566261057343556,-0.03770546295326194,-0.02456626105734358,-0.03206737897668789,-0.03503434389425619,-0.037276087769710274,-0.02681962798809971,-0.03206737913322371,-0.03503434355156685,-0.03727608792009333,-0.02681962798468328,-0.0159809772444237,0.017986455501489737,
lewidi_convabuse,qwen,29,GPP-rbf,2,16,0.4693472394861129,0.168978447818429,0.2990942765315551,0.4902894529856886,0.8428571428571429,0.8202380952380952,0.3951207399368286,0.16058507561683655,0.08026586941884531,0.0720159142725488,0.08026586941884532,0.07201591427254882,0.08492283653408006,0.0703452513516155,0.08046162842990706,0.07154578077440885,0.08492283693728711,0.07034525164214048,0.08046162913015614,0.07154578113694579,0.08127116278932978,0.0622094351703051,
lewidi_convabuse,qwen,29,GPP-laplace,2,16,0.6198368286065943,0.2417991393789803,0.4114038069377698,0.59669979023114,0.844047619047619,0.8214285714285714,0.43386754393577576,0.248488649725914,0.07260703987115522,0.05033582265833034,0.07260703987115523,0.050335822658330344,0.07118294308500583,0.0505056386815621,0.07263020946451888,0.05012622575386879,0.07118294317345211,0.05050563875051313,0.07263020964760337,0.05012622574070862,0.10848032714105155,0.036827252020159164,
lewidi_convabuse,qwen,29,LPE,2,16,0.4758614480826989,0.14125727729548035,0.23050045141329367,0.34035925715419246,0.8392857142857143,0.8166666666666667,0.29138827323913574,0.061979956924915314,0.03335750088623344,0.08023191708324452,0.03335750088623343,0.08023191708324454,0.037072372101053394,0.0833236087852603,0.03345556105385485,0.08029138949163517,0.037072372560977354,0.08332360898793321,0.03345556186502404,0.08029139000612263,0.036134086358246,0.05139673471695886,
lewidi_convabuse,qwen,29,LP-temp,2,16,0.4821564495101799,0.17367967080063956,0.3058993564420846,0.4970649131583759,0.8333333333333334,0.8130952380952381,0.5597023795771268,,0.020448436264267934,,0.02044843626426794,,0.025062457234456062,,0.0205525540839483,,0.025062457665922595,,0.020552554883264774,,0.03202203444242181,,
lewidi_convabuse,qwen,29,GPP-cosine,2,64,0.5901461905651979,0.19469930235706753,0.3155228755284335,0.4153587586134932,0.7095238095238096,0.7035714285714286,0.4360474944114685,0.02009527198970318,0.04250457198257447,0.07447360833684086,0.042504571982574485,0.07447360833684087,0.03959937845177007,0.0565352075734632,0.04213633686549939,0.07155531176746516,0.03959937850840502,0.056535208190313054,0.042136337193756535,0.07155531227172121,0.018696550147440844,0.1351748048895698,
lewidi_convabuse,qwen,29,GPP-rbf,2,64,0.44960426574618584,0.14006819849736787,0.23537454061276677,0.35746673754299896,0.8404761904761905,0.8154761904761905,0.2831917703151703,0.1024375855922699,0.11191041862148562,0.0996099793944954,0.11191041862148562,0.09960997939449542,0.10649463080830379,0.09250432056918508,0.11151879307907403,0.09876512885253372,0.10649463061442141,0.09250432042488346,0.11151879252842953,0.09876512840224126,0.10911148213496755,0.1069940780276177,
lewidi_convabuse,qwen,29,GPP-laplace,2,64,0.4845910306947226,0.17769183040886863,0.31274122201970644,0.5014059441086184,0.8464285714285714,0.8214285714285714,0.3668302893638611,0.20798945426940918,0.12057815356339412,0.11109942222744446,0.12057815356339413,0.11109942222744446,0.11372397194916248,0.1039780159586288,0.12009974714839931,0.1104669108173349,0.11372397208840973,0.10397801608972748,0.12009974727767746,0.11046691088374223,0.09988192398345713,0.08318254919974828,
lewidi_convabuse,qwen,29,LPE,2,64,0.6242986161005223,0.1349682240227911,0.18709428358956107,0.18547009898818675,0.8380952380952381,0.8154761904761905,0.12157666683197021,0.024942545220255852,0.07736551159929869,0.06715120405730321,0.07736551159929872,0.06715120405730324,0.06934607956852684,0.07001452126509251,0.07684997890092227,0.06789484548082927,0.06934607919052486,0.07001452090888532,0.07684997811978034,0.06789484485125746,0.0948259143737399,0.11442851531948431,
lewidi_convabuse,qwen,29,LP-temp,2,64,0.46173384415279906,0.1619020560532582,0.28523461567362274,0.46303509029331735,0.8226190476190476,0.8,0.5201881081454085,,0.08507194273411159,,0.08507194273411159,,0.07955026334652675,,0.08471880428005932,,0.07955026297288502,,0.08471880334491738,,0.08833299162303171,,
lewidi_convabuse,qwen,29,GPP-cosine,2,256,0.4471953771075638,0.13367337198878818,0.22161072272350132,0.31342891994815464,0.8011904761904762,0.7976190476190477,0.32831934094429016,0.008714140392839909,0.13373007413821875,0.09267003087992326,0.13373007413821877,0.09267003087992326,0.13443957546046942,0.07607387214991586,0.1342147355472313,0.0900366629823012,0.134439575751094,0.0760738730510859,0.13421473587386792,0.09003666378040567,0.12974393240717982,0.17406172139720916,
lewidi_convabuse,qwen,29,GPP-rbf,2,256,0.3880159832424846,0.11757917697976002,0.20351867906754792,0.3237402145271079,0.8666666666666667,0.8464285714285714,0.2727983295917511,0.08159267157316208,0.19717379232331522,0.15707734870676276,0.19717379232331525,0.1570773487067628,0.19277235860769196,0.14927443672531254,0.19629410051842966,0.15572189286910823,0.19277235848078225,0.14927443662350337,0.19629409994538807,0.1557218923885575,0.20058537241708577,0.1707131650993252,
lewidi_convabuse,qwen,29,GPP-laplace,2,256,0.4448705255651918,0.15360968890891338,0.2701135811828343,0.43383213332993614,0.8464285714285714,0.8214285714285714,0.31454163789749146,0.17608459293842316,0.13733666655307852,0.12944400466849282,0.13733666655307855,0.12944400466849282,0.13197111556176203,0.12400465750326893,0.1369771841478325,0.12897904270443267,0.13197111559988997,0.12400465755306606,0.13697718408587684,0.12897904262234522,0.11234315840943489,0.1040854019698649,
lewidi_convabuse,qwen,29,LPE,2,256,0.4385537346472658,0.1112012114124156,0.17892127010200923,0.2347901751970829,0.8488095238095238,0.830952380952381,0.15149395167827606,0.0904017984867096,0.18296739100245535,0.19394239352830975,0.18296739100245538,0.19394239352830975,0.1799644088985215,0.18903052174888785,0.1821046673409396,0.1928895551778261,0.17996440867596558,0.18903052143622034,0.18210466651342044,0.19288955450160822,0.19173710024389035,0.21086483552302637,
lewidi_convabuse,qwen,29,LP-temp,2,256,0.4429245596869535,0.14984018352808134,0.26060011810345146,0.42059218832941747,0.8154761904761905,0.8,0.47142513048546564,,0.13053399878054806,,0.13053399878054806,,0.12311753407380943,,0.1293083204465984,,0.12311753376486759,,0.12930831961156078,,0.14490770612044257,,
lewidi_convabuse,qwen,29,GPP-cosine,2,1024,0.38026956909705273,0.11288244698175531,0.1969989757007203,0.3132193601732669,0.8678571428571429,0.8547619047619047,0.33641746640205383,0.004763979464769363,0.15079288199485905,0.10249242171627249,0.15079288199485907,0.10249242171627251,0.14476655201443245,0.08071972542407986,0.15083291614190847,0.0997979984138795,0.14476655184196627,0.08071972528277907,0.15083291589354134,0.09979799805349962,0.15052430201917058,0.18635031828188015,
lewidi_convabuse,qwen,29,GPP-rbf,2,1024,0.3255357156275971,0.08708107104750532,0.15355213210949886,0.2413549840294152,0.8845238095238095,0.8690476190476191,0.21315903961658478,0.047478921711444855,0.275050730780478,0.22487801843507485,0.2750507307804781,0.22487801843507493,0.26246789143587834,0.20986041016207313,0.2735888233498974,0.2228258359494811,0.26246789170300944,0.20986041041907555,0.2735888234143439,0.22282583610293283,0.26613933236152054,0.24382452381013012,
lewidi_convabuse,qwen,29,GPP-laplace,2,1024,0.42105057624631625,0.1349731214402255,0.23333489012272496,0.3638057021772146,0.8464285714285714,0.8214285714285714,0.2577740550041199,0.1417650282382965,0.14853813681584987,0.1422984743444729,0.14853813681584987,0.1422984743444729,0.1425193791543491,0.13574943171670278,0.14809784065780593,0.14171430218095338,0.14251937918458707,0.13574943176654342,0.14809784053973257,0.1417143020669409,0.14272854795219664,0.13638369828581687,
lewidi_convabuse,qwen,29,LPE,2,1024,0.3878176177816419,0.08808907826100387,0.14755635145806,0.20468187797854429,0.8809523809523809,0.8678571428571429,0.0880131945014,0.12096808850765228,0.22324571624180714,0.21160296509778248,0.22324571624180717,0.21160296509778248,0.20976068758396094,0.1905711139520535,0.2217193327896595,0.20893689823168757,0.20976068782314472,0.19057111413545805,0.2217193329774678,0.20893689838317916,0.2263339800779429,0.22120907633267872,
lewidi_convabuse,qwen,29,LP-temp,2,1024,0.399562058225104,0.1176384901456989,0.20145423464194342,0.31919942795719564,0.8607142857142858,0.8476190476190476,0.3477572506879254,,0.17188160583548645,,0.17188160583548648,,0.15925480880878082,,0.17019696275568807,,0.15925480903041217,,0.17019696306555404,,0.17020710637180497,,
lewidi_convabuse,qwen,29,GPP-cosine,3,16,0.6003413736662672,0.22030122430988527,0.3619277042467036,0.48590156851886473,0.6333333333333333,0.6392857142857142,0.5113852620124817,0.0413343608379364,0.05778120653601691,0.09196431663532918,0.05778120653601693,0.0919643166353292,0.0627899773463729,0.07955360378268828,0.05832860704167882,0.08976879101759347,0.06278997746648543,0.07955360419716197,0.05832860744636492,0.08976879120551887,-0.008208865672686288,0.10506171455927078,
lewidi_convabuse,qwen,29,GPP-rbf,3,16,0.4421439242918924,0.1457003206266098,0.25229895672472635,0.39808777803670825,0.8464285714285714,0.8214285714285714,0.3043573200702667,0.1356775164604187,0.12167434271231556,0.10454441639251806,0.12167434271231556,0.10454441639251806,0.11467183909560744,0.09817336477722063,0.12096223365426201,0.10383385117870664,0.11467183923168892,0.09817336485439222,0.12096223378278267,0.10383385117346886,0.10765196803957622,0.0997900867333965,
lewidi_convabuse,qwen,29,GPP-laplace,3,16,0.5937589186895659,0.2304966104174404,0.39554284084588287,0.5878485996161349,0.844047619047619,0.8214285714285714,0.42783111333847046,0.2454136461019516,0.10930445008466619,0.08860340258028397,0.1093044500846662,0.08860340258028399,0.10607814825171878,0.08670010288923329,0.10930584827493611,0.08841999607214811,0.1060781483444534,0.0867001029507397,0.10930584841254662,0.08841999602538826,0.12011629494483865,0.06312185782606766,
lewidi_convabuse,qwen,29,LPE,3,16,0.633824583990116,0.13284308898971448,0.17922863663282312,0.16914296525830294,0.8464285714285714,0.8214285714285714,0.10739891231060028,0.01269530225545168,0.07390226523000368,0.07755667427003148,0.0739022652300037,0.07755667427003148,0.06304639599028038,0.06582315238593643,0.07255471360433009,0.07602065576972136,0.06304639618375735,0.06582315238588968,0.07255471378163192,0.07602065565012309,0.055598129116136354,0.05490680820592787,
lewidi_convabuse,qwen,29,LP-temp,3,16,0.4431506599855608,0.14514936663849706,0.2519368297078604,0.40959268144828453,0.8464285714285714,0.8214285714285714,0.4460520339228951,,0.05771776418413877,,0.057717764184138785,,0.048550079143528026,,0.056591527923727236,,0.04855007945553079,,0.056591528353878415,,0.050853418560167715,,
lewidi_convabuse,qwen,29,GPP-cosine,3,64,0.42548185735918764,0.14212772182910832,0.24986044629485354,0.4153217576854584,0.8476190476190476,0.8392857142857143,0.4479360282421112,0.022892365232110023,0.1322902685995386,0.09219831997170155,0.13229026859953863,0.09219831997170157,0.1341878475275533,0.07574940451247789,0.13302925566352325,0.089536891241491,0.13418784729775873,0.07574940467349581,0.1330292554470987,0.08953689113269327,0.139997122277807,0.17067618099369863,
lewidi_convabuse,qwen,29,GPP-rbf,3,64,0.41034691487319347,0.13470204159481938,0.23817474674100855,0.389788023736839,0.8511904761904762,0.8261904761904761,0.3166637718677521,0.11519081145524979,0.12834183484579206,0.12695457423770962,0.1283418348457921,0.12695457423770962,0.1193577926391799,0.11775852665873936,0.12789751846206224,0.12618780668766494,0.11935779203916966,0.11775852621028084,0.1278975172524829,0.1261878057537748,0.1291772983269798,0.1270193056584435,
lewidi_convabuse,qwen,29,GPP-laplace,3,64,0.5014878795302947,0.1877858734469424,0.3302097106773761,0.5261877294552472,0.8464285714285714,0.8214285714285714,0.38672980666160583,0.21934276819229126,0.13247655609817896,0.12334087051858005,0.132476556098179,0.12334087051858006,0.12693090006177965,0.11792943759517399,0.13222771823294877,0.12295305631261975,0.1269309001260903,0.11792943765111713,0.13222771824232848,0.12295305625300504,0.10977902388811728,0.08799555650134971,
lewidi_convabuse,qwen,29,LPE,3,64,0.49298845277099207,0.11775091401163207,0.17976911907258217,0.2169066007926998,0.8511904761904762,0.8261904761904761,0.15629129111766815,0.038465309888124466,0.11611079741989576,0.04661822515938081,0.11611079741989577,0.04661822515938083,0.10878184558565612,0.03494443941897005,0.11562041724983727,0.044437262123249256,0.10878184496991222,0.03494443908993264,0.11562041596779156,0.044437261361930686,0.1181037275378261,0.11135323141777038,
lewidi_convabuse,qwen,29,LP-temp,3,64,0.4133194003562329,0.13922553507427712,0.24797386992581077,0.4199091776120661,0.8523809523809524,0.8273809523809523,0.46777094652849016,,0.11037025625943689,,0.1103702562594369,,0.10234682150565794,,0.1098474899663116,,0.1023468207460761,,0.10984748841454303,,0.1130184386382654,,
lewidi_convabuse,qwen,29,GPP-cosine,3,256,0.45773939252098295,0.13333066830399168,0.2206482927294676,0.3151774004346292,0.8166666666666667,0.8083333333333333,0.32675889134407043,0.008770555257797241,0.11285207943590556,0.0706895006232036,0.11285207943590557,0.0706895006232036,0.11173044315733904,0.05510993673383187,0.11277955454497013,0.06720178240000381,0.1117304435866346,0.05510993785885328,0.11277955515534988,0.06720178354790943,0.115459577519624,0.15714546480726385,
lewidi_convabuse,qwen,29,GPP-rbf,3,256,0.3754815565227586,0.10785946163939289,0.18678648545367954,0.29344390092355543,0.8702380952380953,0.8452380952380952,0.2359037548303604,0.07009896636009216,0.14017042624426168,0.12606493716867034,0.14017042624426168,0.12606493716867034,0.13426774724521962,0.11856651204467057,0.13977595966417297,0.1252465015308617,0.13426774751145373,0.1185665122904986,0.13977596001420106,0.1252465018203741,0.15392019455571102,0.1480944206554138,
lewidi_convabuse,qwen,29,GPP-laplace,3,256,0.4399484500004549,0.14977238569131832,0.2627137182158462,0.4200877112746233,0.8464285714285714,0.8214285714285714,0.3026696741580963,0.16923922300338745,0.1267791840257039,0.12160116073987032,0.12677918402570393,0.12160116073987033,0.12073081249153064,0.11544390464601244,0.12633033898145915,0.12105235656789806,0.12073081258578526,0.11544390474394561,0.12633033906298693,0.12105235661727254,0.1071088739582461,0.10180473823319725,
lewidi_convabuse,qwen,29,LPE,3,256,0.44435546059947423,0.0993898033350262,0.15618174743241026,0.19534174197165366,0.8666666666666667,0.844047619047619,0.11992213129997253,0.05516795068979263,0.1309990201771505,0.1343327258589661,0.13099902017715054,0.13433272585896613,0.12587891482068875,0.12292148936090935,0.13077376600439414,0.13371869681932935,0.12587891529654602,0.12292148997408545,0.13077376670176744,0.13371869784053314,0.15571164313444172,0.17527353593990527,
lewidi_convabuse,qwen,29,LP-temp,3,256,0.3698365939287591,0.11069560466056066,0.19603848355234899,0.329426117606381,0.8654761904761905,0.8476190476190476,0.3518776710980423,,0.12658592470659003,,0.12658592470659005,,0.1191929100462839,,0.12596920896595115,,0.11919291075745818,,0.1259692101494828,,0.12632190329714815,,
lewidi_convabuse,qwen,29,GPP-cosine,3,1024,0.35486044720075,0.10313995752286328,0.18308490644047107,0.3023774271088226,0.875,0.8595238095238096,0.32933393120765686,0.004587880335748196,0.19434342227613205,0.1028570145164645,0.19434342227613205,0.10285701451646452,0.18861534848127814,0.0809304980651405,0.1939529192579753,0.09918105444465863,0.18861534835076704,0.08093049844942937,0.1939529189973802,0.09918105462163082,0.19612719045403829,0.22430342796455913,
lewidi_convabuse,qwen,29,GPP-rbf,3,1024,0.3037279446962573,0.08007981030608924,0.14431939578651162,0.2356450969906225,0.8928571428571429,0.8726190476190476,0.2160925716161728,0.04700509086251259,0.32519426489393205,0.2627070662068978,0.3251942648939321,0.2627070662068979,0.31406292745273856,0.24985371310032356,0.32490038732424564,0.26163327375621437,0.3140629275808695,0.2498537132022203,0.32490038715774094,0.2616332736570074,0.30120403977833937,0.2757365113202442,
lewidi_convabuse,qwen,29,GPP-laplace,3,1024,0.4107834803098663,0.1327346576266833,0.23217781637462653,0.3685324727386399,0.8464285714285714,0.8214285714285714,0.26263427734375,0.14438672363758087,0.15952922438132244,0.15242718477144931,0.15952922438132247,0.15242718477144934,0.15418032069442844,0.14664036839737715,0.15933927683427251,0.15207614475197678,0.15418032075779675,0.14664036847353257,0.1593392767920906,0.15207614470255143,0.1597371196030223,0.15024612688012998,
lewidi_convabuse,qwen,29,LPE,3,1024,0.34181908075077017,0.07798569534297739,0.13531685192496334,0.19760992316167322,0.8988095238095238,0.8904761904761904,0.08919300138950348,0.12682650983333588,0.31993901373529327,0.2717338247968706,0.3199390137352933,0.27173382479687064,0.30958901986157344,0.25801001453849615,0.31964523099222764,0.2706106829009678,0.309589019943367,0.2580100147316977,0.3196452308619635,0.2706106829493433,0.2913298302233359,0.2702872407400437,
lewidi_convabuse,qwen,29,LP-temp,3,1024,0.3642195030332842,0.10624111725341487,0.18602952855197996,0.30249968692869866,0.8678571428571429,0.8595238095238096,0.33518584315246497,,0.20862377605364926,,0.2086237760536493,,0.19577319241425561,,0.20737114735645887,,0.19577319259684647,,0.20737114755499111,,0.20550880247100592,,
lewidi_convabuse,qwen,29,GPP-cosine,4,16,0.9089263333247115,0.26793008522489953,0.36228456288559496,0.294446333852231,0.6452380952380953,0.6345238095238095,0.25824180245399475,0.02933136187493801,0.019866790914730616,0.0162083926012672,0.019866790914730623,0.0162083926012672,0.00732816856464563,-0.00018604979791538023,0.017935095257182624,0.013422137372903167,0.007328168486267368,-0.00018604963507213787,0.017935095007667098,0.01342213719320344,0.04324294375860977,0.08383850928782183,
lewidi_convabuse,qwen,29,GPP-rbf,4,16,0.45393413750675377,0.15766109685561375,0.2781302044057243,0.45316879011682853,0.8464285714285714,0.8214285714285714,0.3568156063556671,0.14998911321163177,0.052115747540496166,0.0835885408295021,0.05211574754049618,0.08358854082950211,0.049793949062007355,0.07970459782929767,0.05167339419985631,0.08304800707693072,0.049793949454649225,0.07970459799416457,0.05167339504720707,0.08304800737655199,0.05289948519634134,0.07514223880198916,
lewidi_convabuse,qwen,29,GPP-laplace,4,16,0.6091810365769488,0.23722924330048212,0.4054794121577981,0.5944732932102533,0.8380952380952381,0.8154761904761905,0.4323728382587433,0.24760621786117554,0.08528160112345949,0.0712379631211059,0.0852816011234595,0.0712379631211059,0.08158383235807605,0.0694144575582033,0.0851554392563879,0.07085071566380777,0.0815838324836916,0.06941445763012123,0.0851554395280874,0.0708507156347226,0.09097162438062131,0.05142292253863347,
lewidi_convabuse,qwen,29,LPE,4,16,0.5201946663499001,0.14037286301893476,0.21542562907395352,0.283577934346065,0.8357142857142857,0.8107142857142857,0.21444080770015717,0.05331918224692345,0.0006015900603828957,-0.04438632859865498,0.0006015900603828922,-0.04438632859865499,-0.0027984077568954154,-0.04624833970099829,-0.0009801013101681036,-0.04552840900687638,-0.0027984071349869584,-0.04624833930184962,-0.000980100078234571,-0.0455284080205922,0.0008227554176868947,-0.023231194399996158,
lewidi_convabuse,qwen,29,LP-temp,4,16,0.46477719723239985,0.15809389533352888,0.2755421615347248,0.44114478242813904,0.8297619047619048,0.8047619047619048,0.4823542916039936,,-0.011728252048833054,,-0.01172825204883305,,-0.013873937892095373,,-0.012838413392125086,,-0.013873937250897752,,-0.012838412121239652,,-0.008157702903008896,,
lewidi_convabuse,qwen,29,GPP-cosine,4,64,0.6711543312268854,0.19638406520280283,0.2873346132974867,0.29233998060559474,0.705952380952381,0.6952380952380952,0.27354007959365845,0.014210881665349007,0.028805740994747035,0.03794247115506266,0.028805740994747035,0.03794247115506266,0.019207515770489757,0.017862429146937718,0.027656555331730982,0.034459342683594865,0.019207515647334007,0.017862429490956344,0.027656554946733292,0.03445934253836327,0.04844251610696569,0.09690577113594066,
lewidi_convabuse,qwen,29,GPP-rbf,4,64,0.44461401753447255,0.13887082746108087,0.23486383959174245,0.35553792974700155,0.8428571428571429,0.8202380952380952,0.2746508717536926,0.10527165979146957,0.08901274807287726,0.08506953950089555,0.08901274807287726,0.08506953950089557,0.08399439943295789,0.07849416113251159,0.08817479654566451,0.08404555101460254,0.08399439939116485,0.07849416108492646,0.08817479631662863,0.08404555076599424,0.08573018180603807,0.08950701917189596,
lewidi_convabuse,qwen,29,GPP-laplace,4,64,0.49664146788384295,0.18500208113933814,0.3256638243206821,0.5203043861514882,0.8464285714285714,0.8214285714285714,0.3816065490245819,0.21700742840766907,0.12971372503051853,0.11946761198442421,0.1297137250305186,0.11946761198442422,0.12534048410979728,0.11521209124675957,0.12945085845599544,0.11908479591635114,0.12534048421407748,0.11521209133623625,0.12945085855662752,0.11908479593704169,0.0983022153099035,0.08072290972421252,
lewidi_convabuse,qwen,29,LPE,4,64,0.6567537759881407,0.1366644615841404,0.18789853765114717,0.18377019130175876,0.8416666666666667,0.819047619047619,0.11189600825309753,0.025491902604699135,0.023670421136238455,0.03987541492070916,0.023670421136238465,0.03987541492070916,0.01885927883894472,0.035282845840919674,0.022362916828970403,0.03799494847672301,0.01885927859109922,0.035282845515376186,0.02236291626417262,0.03799494789847795,0.04373543880027896,0.06383154266863113,
lewidi_convabuse,qwen,29,LP-temp,4,64,0.45983951180111365,0.1512640903259355,0.259923509495535,0.40967280885308544,0.8321428571428572,0.8119047619047619,0.44355392893570605,,0.023172931009669606,,0.0231729310096696,,0.01378493914974079,,0.02110567924035019,,0.01378493909054158,,0.021105678917447846,,0.02879481675990297,,
lewidi_convabuse,qwen,29,GPP-cosine,4,256,0.4548004691332893,0.13781821376468348,0.23215575542917927,0.3438879244033318,0.8071428571428572,0.794047619047619,0.37656018137931824,0.011404306627810001,0.19334200720383793,0.0797884433867842,0.19334200720383796,0.07978844338678422,0.19249177227823375,0.06786653720999133,0.1940345499296207,0.07779307066140614,0.19249177231696432,0.06786653764449513,0.19403454982766016,0.07779307084077931,0.1946213821663846,0.20658188922709067,
lewidi_convabuse,qwen,29,GPP-rbf,4,256,0.3781476957415624,0.1156379484868617,0.20321886953371132,0.32722582712368486,0.8571428571428571,0.8369047619047619,0.2747481167316437,0.07940889149904251,0.1453977613667382,0.13305703553466852,0.14539776136673827,0.13305703553466852,0.13343526578265358,0.12204546815662447,0.1443917737961791,0.13177383369932116,0.13343526574618256,0.12204546809569129,0.1443917731446135,0.13177383311279622,0.14190157310075005,0.13877785966580228,
lewidi_convabuse,qwen,29,GPP-laplace,4,256,0.442055278747578,0.1528813247485701,0.2695247548654498,0.4340698674547445,0.8464285714285714,0.8214285714285714,0.31454119086265564,0.17556440830230713,0.12454912885050629,0.1192159061770694,0.12454912885050629,0.1192159061770694,0.11782615382912062,0.1125223969222135,0.12406538325293731,0.11862404624737181,0.11782615393290914,0.11252239703157328,0.12406538326099317,0.11862404623056494,0.10507122910686412,0.09571466036881035,
lewidi_convabuse,qwen,29,LPE,4,256,0.42140331682460613,0.107222654967445,0.17580479514184238,0.24117174055502252,0.8464285714285714,0.8285714285714286,0.16753306984901428,0.07949177175760269,0.16353065992200722,0.16345628128883308,0.16353065992200727,0.16345628128883308,0.1485455223847859,0.14820394457890118,0.16224624272458216,0.16200335380763692,0.14854552221935366,0.14820394437087173,0.16224624190281425,0.16200335305036764,0.14546631131858972,0.16129011038478247,
lewidi_convabuse,qwen,29,LP-temp,4,256,0.41988160112312095,0.13103743082627478,0.224950812497412,0.3572488594678348,0.830952380952381,0.8178571428571428,0.39028851210786397,,0.12872245852749575,,0.1287224585274958,,0.11275213508050783,,0.12702651820495234,,0.11275213484280447,,0.12702651722912514,,0.12197199166272016,,
lewidi_convabuse,qwen,29,GPP-cosine,4,1024,0.36683925165831927,0.10872480018739686,0.1921770863203699,0.3177546173863761,0.8690476190476191,0.8559523809523809,0.34628522396087646,0.004711431916803122,0.17984102338575209,0.1082459264485048,0.17984102338575214,0.10824592644850481,0.17931223510253455,0.09201931371047535,0.18052763353033383,0.10624890385614885,0.17931223495668908,0.09201931402721453,0.1805276334927908,0.10624890426886711,0.17939067832571082,0.19900245370353087,
lewidi_convabuse,qwen,29,GPP-rbf,4,1024,0.3096156627662318,0.0809953705119986,0.14530209199354951,0.2405820127092694,0.8964285714285715,0.8785714285714286,0.21784406900405884,0.04747266322374344,0.2956749433637045,0.24482175643504842,0.2956749433637045,0.24482175643504847,0.28079350356153343,0.23002501188285257,0.2948864214986979,0.24368932200027474,0.2807935038805263,0.2300250121114641,0.2948864217701198,0.24368932220822354,0.2708354083915221,0.25981274413112915,
lewidi_convabuse,qwen,29,GPP-laplace,4,1024,0.41042930767612396,0.13367630914356018,0.23471473744416255,0.3763926769146865,0.8476190476190476,0.8226190476190476,0.2693909704685211,0.14813677966594696,0.15771301122950776,0.15136380516494444,0.15771301122950776,0.15136380516494446,0.14984418790181736,0.1431160579559077,0.15736840583887796,0.15084823080413276,0.1498441879184842,0.14311605798771249,0.1573684057072893,0.15084823066959824,0.15609058928460984,0.15003964794954883,
lewidi_convabuse,qwen,29,LPE,4,1024,0.3783592835542341,0.08375365874453128,0.1423594656121253,0.2027240314705859,0.8833333333333333,0.8678571428571429,0.09098036587238312,0.12490915507078171,0.2582213318170276,0.25840920147020907,0.25822133181702767,0.2584092014702092,0.24505625129848446,0.2468903601097866,0.25758185901074426,0.25781543980357136,0.24505625178899798,0.24689036048022245,0.2575818595160065,0.25781544023401626,0.23621779012595429,0.24164543397279528,
lewidi_convabuse,qwen,29,LP-temp,4,1024,0.3919343653504209,0.11903332789889833,0.207576962202801,0.3365810411891213,0.8607142857142858,0.8476190476190476,0.3702832432605629,,0.15662406985037336,,0.15662406985037336,,0.14653535993695918,,0.15559939732895844,,0.14653536035064985,,0.15559939788263172,,0.15728608982228365,,
lewidi_convabuse,qwen,38,GPP-cosine,0,16,0.8287479758216789,0.25994662060821755,0.3786054473963142,0.38618721868350114,0.6309523809523809,0.6178571428571429,0.3686886131763458,0.03891035169363022,-0.011921413192679323,0.0387629617325093,-0.011921413192679323,0.038762961732509316,-0.014544514374875063,0.023000554113735944,-0.011888702395052051,0.03678623918404117,-0.014544515046116483,0.02300055387868528,-0.011888703400830156,0.03678623857624238,-0.013792594403180841,0.029387416735062618,
lewidi_convabuse,qwen,38,GPP-rbf,0,16,0.48542176461800146,0.13112533577990335,0.20217838081575576,0.2697977002498133,0.8464285714285714,0.8214285714285714,0.22285711765289307,0.03514711186289787,0.11517818568902517,0.06627113362226203,0.11517818568902519,0.06627113362226204,0.11435747421042369,0.06460157282366695,0.11549876883705906,0.06615671586850959,0.1143574743014561,0.0646015728082594,0.11549876887668398,0.06615671577538597,0.11092711985622353,0.09628694883190295,
lewidi_convabuse,qwen,38,GPP-laplace,0,16,0.5636003745938639,0.21717581696832877,0.37688721300413214,0.5780709926816886,0.8464285714285714,0.8214285714285714,0.4209343194961548,0.2415248304605484,0.12136933024937435,0.09041520467279665,0.1213693302493744,0.09041520467279668,0.11654304554564435,0.08717399310832832,0.12128152051184307,0.09005615546883869,0.11654304576332498,0.08717399325699363,0.1212815208726577,0.090056155526628,0.1044141419831109,0.06391989486020244,
lewidi_convabuse,qwen,38,LPE,0,16,0.6987994766460044,0.1332285516665063,0.17165079730974478,0.1358789181221463,0.8476190476190476,0.8226190476190476,0.06985920667648315,0.006005784496665001,0.14615814116730602,0.0705090170523105,0.14615814116730602,0.0705090170523105,0.14422511660974568,0.0695240840244203,0.14680910676239575,0.07091053323757693,0.14422511646534283,0.06952408390856979,0.1468091064641846,0.07091053301683158,0.07119682907847635,0.07552777888507733,
lewidi_convabuse,qwen,38,LP-temp,0,16,0.43383245976227847,0.14158673981888883,0.24646533200403967,0.4052053841483738,0.8476190476190476,0.8226190476190476,0.4413796722068742,,0.10025060974417895,,0.10025060974417895,,0.10376883884242036,,0.10142984521679413,,0.10376883887350759,,0.1014298451605276,,0.06880394890307387,,
lewidi_convabuse,qwen,38,GPP-cosine,0,64,0.6328832634044453,0.17732578545424463,0.26519297218950494,0.3006967972312252,0.7619047619047619,0.7511904761904762,0.2916698753833771,0.016670456156134605,0.07013120373954318,0.10182735514512817,0.07013120373954318,0.1018273551451282,0.0641529035411519,0.08679101841655792,0.07020400424671185,0.10070000468901272,0.06415290314446405,0.08679101838920392,0.07020400384114565,0.10070000467348955,0.07386224709275466,0.14100597693184297,
lewidi_convabuse,qwen,38,GPP-rbf,0,64,0.42446813091325086,0.13589193280838016,0.23593949370108366,0.3800121965995171,0.85,0.8273809523809523,0.301686555147171,0.11006806045770645,0.07779025410543086,0.07589910462667664,0.07779025410543088,0.07589910462667665,0.0752494708642945,0.07167514672239989,0.07842023227125869,0.07599652720140429,0.07524947067039979,0.07167514663848921,0.07842023212390771,0.07599652712301039,0.08271839440345298,0.08491082585117783,
lewidi_convabuse,qwen,38,GPP-laplace,0,64,0.4958320466724883,0.18433499099885287,0.324856510146388,0.5215058560922549,0.8464285714285714,0.8214285714285714,0.38133057951927185,0.21694542467594147,0.11580512458759787,0.10591106566770361,0.11580512458759787,0.10591106566770364,0.10979040750353064,0.0998318938974316,0.115449257890363,0.10539360957549095,0.10979040766291631,0.09983189403513026,0.11544925811087027,0.10539360969536879,0.08485079714578672,0.06787184694491787,
lewidi_convabuse,qwen,38,LPE,0,64,0.5365983862563901,0.12169014328439877,0.17903792447250452,0.20692077635161157,0.85,0.8297619047619048,0.1405540555715561,0.03314856439828873,0.07091545234386401,0.03442772745309501,0.07091545234386402,0.03442772745309502,0.0764303011688728,0.03745986510889629,0.07291143403961767,0.03562061054941692,0.07643030084172461,0.037459864861061044,0.0729114335827973,0.03562061012858374,0.07764885577889817,0.09956857500237587,
lewidi_convabuse,qwen,38,LP-temp,0,64,0.43708318737616203,0.14626080006700662,0.2574615908449867,0.42835435054892823,0.8464285714285714,0.8261904761904761,0.47205313407179816,,0.05113203877168905,,0.05113203877168905,,0.05594321073910553,,0.053157677025016975,,0.05594321044873388,,0.05315767678646862,,0.053813838200342155,,
lewidi_convabuse,qwen,38,GPP-cosine,0,256,0.3879426879700578,0.11288072863691688,0.19528992630185663,0.30932594307255995,0.861904761904762,0.8488095238095238,0.3263324797153473,0.01375106256455183,0.18085211782455385,0.1153255358763837,0.1808521178245539,0.11532553587638372,0.18078003479242716,0.1016650751233838,0.18174732122119644,0.11393128815834327,0.18078003420928723,0.10166507490642826,0.18174732039440816,0.11393128773086597,0.183769135198246,0.2174336568332259,
lewidi_convabuse,qwen,38,GPP-rbf,0,256,0.4047413065440864,0.11624336705116178,0.19474974686038746,0.2882403427242063,0.8511904761904762,0.8285714285714286,0.23296308517456055,0.07169433683156967,0.1799192357595134,0.14561537464791519,0.1799192357595134,0.14561537464791519,0.16975020976530977,0.13533317413601145,0.17920572805263824,0.14474934021294178,0.16975020962030068,0.13533317398274777,0.1792057277475842,0.14474933987749702,0.18272085360851203,0.16702027225773933,
lewidi_convabuse,qwen,38,GPP-laplace,0,256,0.44898966059876727,0.15118487803504788,0.2625492110016889,0.41318777382800154,0.8464285714285714,0.8214285714285714,0.29577580094337463,0.16568520665168762,0.11492931683128775,0.10982897611973018,0.11492931683128776,0.10982897611973019,0.10920653201526911,0.10398704992837024,0.11462433086525986,0.10940617850869244,0.10920653213933712,0.10398705004677725,0.1146243309953672,0.10940617859697052,0.09276066383427822,0.08777180693299096,
lewidi_convabuse,qwen,38,LPE,0,256,0.4979594758404471,0.11124092329589537,0.16956421564863203,0.19938148282252818,0.8559523809523809,0.8357142857142857,0.12123636156320572,0.06362732499837875,0.15742571023600588,0.15315650430659947,0.15742571023600593,0.1531565043065995,0.15166042650773437,0.14464434927720227,0.15690243967036244,0.15240851800056288,0.15166042661087045,0.14464434924274439,0.1569024397072078,0.15240851771032024,0.1840561762730003,0.20015669844637304,
lewidi_convabuse,qwen,38,LP-temp,0,256,0.41817738186419173,0.13082406886420717,0.22543005044059627,0.3590732729123804,0.85,0.8369047619047619,0.3911736114385165,,0.12347123226376756,,0.12347123226376758,,0.11194082202140702,,0.12181848073090365,,0.11194082208020487,,0.12181848083055634,,0.1249450525214459,,
lewidi_convabuse,qwen,38,GPP-cosine,0,1024,0.3495244976073887,0.1026784124157732,0.18116077710596443,0.2971248288499523,0.8666666666666667,0.8559523809523809,0.32445308566093445,0.005807141307741404,0.21620131591420366,0.11999258831082986,0.21620131591420372,0.11999258831082987,0.21310243672482837,0.106603526906144,0.2170438301791266,0.11907917281949693,0.21310243675219423,0.10660352732238645,0.21704383044178066,0.11907917364046385,0.21433852280184085,0.231568537852776,
lewidi_convabuse,qwen,38,GPP-rbf,0,1024,0.3084567966021265,0.08323008828557794,0.14786828016319,0.24304303512246556,0.8940476190476191,0.8809523809523809,0.22122615575790405,0.049197252839803696,0.30435218140990883,0.2510579821194201,0.3043521814099089,0.2510579821194201,0.2908925324530911,0.23651456661989884,0.30296677542867056,0.2494332058939485,0.2908925327024139,0.23651456684709488,0.3029667755453437,0.24943320602547492,0.28702754523393653,0.26506387215190125,
lewidi_convabuse,qwen,38,GPP-laplace,0,1024,0.41060157138034487,0.13511597922222066,0.23843231827042818,0.3841286590289255,0.8464285714285714,0.8214285714285714,0.2760545313358307,0.15226756036281586,0.16057139993466593,0.15253759636645092,0.16057139993466596,0.15253759636645092,0.1536853683765545,0.14525603376510698,0.16017016654676863,0.15198277705673036,0.15368536853661569,0.14525603392377984,0.1601701666428305,0.15198277712729924,0.15364430850219185,0.14311330222980728,
lewidi_convabuse,qwen,38,LPE,0,1024,0.3741198344682891,0.08548799942366814,0.14523641069489315,0.20483376682232304,0.8869047619047619,0.8809523809523809,0.08729340881109238,0.12927287817001343,0.23035081120131734,0.24665790324587347,0.23035081120131742,0.24665790324587356,0.21872051354958627,0.23095185983376165,0.22908178675905164,0.24511235776322154,0.21872051384642363,0.23095186012973715,0.22908178706140175,0.24511235802126616,0.245609139297752,0.25620145548011053,
lewidi_convabuse,qwen,38,LP-temp,0,1024,0.38074180846427375,0.11314609583361003,0.19868073886481208,0.32184407760883166,0.8678571428571429,0.8642857142857143,0.3569463983130297,,0.17699834850725996,,0.17699834850725996,,0.16380386148345016,,0.1755661324083533,,0.16380386178176173,,0.17556613285893674,,0.17212173850050017,,
lewidi_convabuse,qwen,38,GPP-cosine,1,64,0.5329495120797428,0.1647915340521749,0.26056809397178726,0.3241709645745713,0.7416666666666667,0.7285714285714285,0.3292809724807739,0.024087093770503998,0.13860219639543808,0.13620416992528728,0.13860219639543808,0.13620416992528733,0.13733138335463815,0.11905525154718608,0.13872359175111615,0.1334071911200915,0.1373313827772977,0.1190552514379996,0.13872359057169528,0.1334071904258649,0.1363161190147505,0.15951200341644176,
lewidi_convabuse,qwen,38,GPP-rbf,1,64,0.4214334851717409,0.12978477333041014,0.22288943207711867,0.3514795713566233,0.8476190476190476,0.8226190476190476,0.27668192982673645,0.09535595029592514,0.06941649959861156,0.06810496191631363,0.06941649959861157,0.06810496191631363,0.059867389646279856,0.059740988410398835,0.06847151446447902,0.06714032805697046,0.05986738936502708,0.05974098819169352,0.06847151385584845,0.06714032754603166,0.07201681709426418,0.07064681649239855,
lewidi_convabuse,qwen,38,GPP-laplace,1,64,0.4838894163703465,0.1773857853040953,0.31304333855930183,0.5045545211968978,0.8464285714285714,0.8214285714285714,0.3685291111469269,0.20881950855255127,0.10802679810282656,0.09861605053241485,0.10802679810282659,0.09861605053241487,0.10153037527425654,0.09223987420734348,0.10767036429602125,0.09813855885384376,0.10153037540161787,0.09223987431629863,0.10767036442717848,0.09813855890045406,0.0777023247168248,0.06449079929881141,
lewidi_convabuse,qwen,38,LPE,1,64,0.5554465373698082,0.11980390649288393,0.1724279571105442,0.18560988932065875,0.8511904761904762,0.8261904761904761,0.12337817251682281,0.022022230550646782,0.07004021393836714,0.05570044035493554,0.07004021393836714,0.05570044035493556,0.06507157444194732,0.05035177646109397,0.06989083803442506,0.0551988711910151,0.06507157393854952,0.050351776154622496,0.0698908370847508,0.05519887059315229,0.0655970084184205,0.09755168566523698,
lewidi_convabuse,qwen,38,LP-temp,1,64,0.4184511502666838,0.1275717256486348,0.22049184620333837,0.35709353110447534,0.8595238095238096,0.8345238095238096,0.3779688956230452,,0.058239638626085485,,0.05823963862608549,,0.051629707446094186,,0.05750693904455498,,0.05162970686317535,,0.0575069379292926,,0.054006753445072296,,
lewidi_convabuse,qwen,38,GPP-cosine,1,256,0.3635103479302998,0.10743377421482915,0.1900187949002191,0.3180485491649023,0.8738095238095238,0.8607142857142858,0.3399132192134857,0.013403643853962421,0.19448347873484473,0.12058560773182789,0.19448347873484476,0.12058560773182789,0.19206231243384964,0.101303107954754,0.19443493735289577,0.11708474374660582,0.1920623123387949,0.10130310841664014,0.19443493698639833,0.11708474381563609,0.1971929989224664,0.22650373114381409,
lewidi_convabuse,qwen,38,GPP-rbf,1,256,0.37536726790897335,0.1123809625419398,0.19593217141338667,0.3116455868282026,0.8607142857142858,0.8380952380952381,0.2620435357093811,0.08034723252058029,0.21835931014437723,0.1760610598420841,0.21835931014437726,0.17606105984208412,0.19913686144088028,0.15814181155507576,0.21583472533475928,0.17370554178389155,0.1991368618253507,0.15814181187468712,0.21583472555984323,0.17370554196448862,0.20962596193953928,0.1859205168511345,
lewidi_convabuse,qwen,38,GPP-laplace,1,256,0.44613234793017736,0.1531468882590112,0.26840432711566486,0.4287593301925158,0.8464285714285714,0.8214285714285714,0.3096037805080414,0.17351841926574707,0.12746047538971783,0.12015350249423465,0.12746047538971786,0.12015350249423466,0.11985231749099512,0.11234330671270347,0.1268962031484683,0.1194705172689947,0.11985231767027119,0.11234330688648232,0.12689620332556084,0.1194705174009852,0.1049798199619169,0.09686414052814936,
lewidi_convabuse,qwen,38,LPE,1,256,0.43504444276493043,0.10200557336193936,0.16315035773347214,0.20827230250478157,0.8607142857142858,0.8404761904761905,0.14252305030822754,0.06991083920001984,0.21323336469417115,0.22985958425077233,0.2132333646941712,0.22985958425077235,0.19698843508827216,0.20664954270309632,0.2109269619601312,0.22651473112194773,0.19698843535231234,0.2066495431832432,0.21092696197762567,0.22651473159173582,0.19460660560686177,0.2163580770445122,
lewidi_convabuse,qwen,38,LP-temp,1,256,0.3960527778022999,0.12643979987519846,0.2223573837254972,0.3725605405391242,0.8523809523809524,0.8345238095238096,0.41274191556377626,,0.15452123509974433,,0.15452123509974436,,0.13324777496519663,,0.15119748252906443,,0.1332477750855008,,0.15119748249349996,,0.1596290371844083,,
lewidi_convabuse,qwen,38,GPP-cosine,1,1024,0.35855658394225526,0.10366060669158281,0.18109686327008193,0.2894404199476937,0.861904761904762,0.8488095238095238,0.31540724635124207,0.0057059843093156815,0.2216008355247094,0.13330607428571395,0.22160083552470944,0.13330607428571398,0.21438010350092712,0.11230050003078706,0.22139281115391624,0.13049259123784443,0.21438010352684977,0.11230050045200607,0.22139281115921816,0.13049259163407342,0.2221477380582992,0.23135558456836922,
lewidi_convabuse,qwen,38,GPP-rbf,1,1024,0.3173516535444618,0.08510438004297881,0.1505577009001475,0.24023486913879552,0.8940476190476191,0.8738095238095238,0.21557648479938507,0.04636036604642868,0.29156626427754045,0.23014800913878025,0.2915662642775405,0.2301480091387803,0.27841214596686237,0.21627932724779128,0.2903059736724891,0.22878404661706708,0.2784121460732324,0.21627932734852034,0.2903059734753839,0.22878404649377507,0.28615275582745586,0.2599579643999197,
lewidi_convabuse,qwen,38,GPP-laplace,1,1024,0.4135102926805877,0.1342190926802816,0.23491319900300975,0.37444689171709516,0.8464285714285714,0.8214285714285714,0.2667357325553894,0.14687013626098633,0.1553468328989442,0.14664457684490395,0.1553468328989442,0.14664457684490398,0.14724173099323687,0.13817563467272262,0.15475843443613857,0.1459100229194804,0.14724173110059502,0.13817563479329004,0.1547584344447595,0.14591002292273997,0.14492589922551985,0.13586405878971783,
lewidi_convabuse,qwen,38,LPE,1,1024,0.388244831043707,0.09403212738540905,0.15907021878043848,0.22070466114582094,0.8714285714285714,0.8559523809523809,0.08751191943883896,0.14785423874855042,0.24875872853953584,0.22553768122335183,0.2487587285395359,0.22553768122335188,0.2399428851195583,0.21233134220582556,0.24820769690819872,0.22441965929821267,0.23994288508421668,0.2123313420048718,0.24820769656336178,0.2244196587548478,0.24316975993735385,0.2325286896499338,
lewidi_convabuse,qwen,38,LP-temp,1,1024,0.4331959713363469,0.13467290321757688,0.23210757498468493,0.367883239962303,0.8369047619047619,0.8285714285714286,0.4077528327236516,,0.13806636833173624,,0.13806636833173624,,0.12998809094312824,,0.1373620774359539,,0.12998809067954964,,0.13736207698133743,,0.14032411985282023,,
lewidi_convabuse,qwen,38,GPP-cosine,2,16,0.6928960982805137,0.23758394272419045,0.37778457615325656,0.4866984027571994,0.6547619047619048,0.6488095238095238,0.4869491457939148,0.054333705455064774,-0.008686664152812742,-0.0003787080780479693,-0.008686664152812728,-0.00037870807804797624,-0.002130255766968427,-0.009259151309503472,-0.00788322931838303,-0.0020961427968010857,-0.0021302560452093767,-0.009259150996285263,-0.007883229677296984,-0.0020961427906782473,0.006239568815120412,0.04091680580061283,
lewidi_convabuse,qwen,38,GPP-rbf,2,16,0.4757697701698688,0.17278850358926948,0.30603061320614955,0.49974081429393874,0.8464285714285714,0.8214285714285714,0.402824729681015,0.16460226476192474,0.0706650424203015,0.07156058573912927,0.07066504242030149,0.07156058573912928,0.06694703317069012,0.06653599754162944,0.07004141803082305,0.07091998291762545,0.06694703365877926,0.06653599787546746,0.070041418823348,0.07091998332696751,0.0631655212782531,0.053147372659042055,
lewidi_convabuse,qwen,38,GPP-laplace,2,16,0.6177876395264941,0.2409236353134145,0.41028852170067176,0.5962722282333555,0.8428571428571429,0.8202380952380952,0.4335177540779114,0.24836404621601105,0.07647212847085744,0.05289453718394627,0.07647212847085745,0.05289453718394629,0.07474435868738517,0.05299381990807994,0.07650789617046266,0.05271476811999438,0.07474435878442871,0.052993819978363554,0.07650789636240657,0.05271476810324405,0.10746576630686049,0.04203145378774133,
lewidi_convabuse,qwen,38,LPE,2,16,0.475359657505507,0.13870669060251986,0.22477733579386647,0.33050424752255764,0.8464285714285714,0.8214285714285714,0.2610149681568146,0.07567261904478073,0.010286556831708003,0.04749250091687858,0.010286556831707996,0.04749250091687858,0.007987871518603307,0.04295130008047955,0.010098920954115527,0.047360439709257206,0.007987872201975402,0.04295130041334572,0.010098922074682597,0.04736044027749069,0.010813725417012558,0.027500885544806446,
lewidi_convabuse,qwen,38,LP-temp,2,16,0.4921885631543262,0.17955447387824283,0.31606427450138663,0.5103761916977316,0.8345238095238096,0.8119047619047619,0.5758653022645938,,0.0013965777357976758,,0.0013965777357976827,,0.0010604060739949905,,0.001288293415457109,,0.0010604067688482974,,0.0012882945177963845,,0.010344240809652365,,
lewidi_convabuse,qwen,38,GPP-cosine,2,64,0.7031171255654919,0.2207339883076733,0.3353885321030881,0.38115888353715227,0.6857142857142857,0.6797619047619048,0.38093212246894836,0.02782544679939747,0.027397531912096717,0.06692999504071748,0.02739753191209672,0.06692999504071749,0.030225664166890886,0.059603336550725264,0.028008498857038426,0.06623965161034218,0.030225664081651425,0.05960333686455368,0.02800849901046952,0.06623965204201993,0.011594406076196809,0.12433700990912634,
lewidi_convabuse,qwen,38,GPP-rbf,2,64,0.4513953377420789,0.14022391470431397,0.23561601475590752,0.35747382587753557,0.844047619047619,0.819047619047619,0.28299596905708313,0.10336209088563919,0.11465136663259967,0.10075111932755967,0.11465136663259967,0.10075111932755969,0.11055068905358681,0.09480570026271726,0.11449439255791957,0.10018885102943999,0.11055068908043429,0.09480570026140368,0.11449439247201246,0.10018885087926135,0.115287264044587,0.10587924213048369,
lewidi_convabuse,qwen,38,GPP-laplace,2,64,0.4871714059922264,0.178780051094849,0.314329639420889,0.5026010871734801,0.8464285714285714,0.8214285714285714,0.367593377828598,0.20859010517597198,0.11774980914822769,0.10838347525758199,0.11774980914822772,0.10838347525758202,0.11096615541604946,0.1012185854584442,0.11731423021078788,0.10777553614299158,0.11096615558871414,0.10121858561486316,0.1173142304183627,0.10777553627303964,0.09012835214642222,0.07507464244819502,
lewidi_convabuse,qwen,38,LPE,2,64,0.6150750482289224,0.1325772957258707,0.18425028472929192,0.18274746328474692,0.8476190476190476,0.8226190476190476,0.11680994182825089,0.027590075507760048,0.09621963031157416,0.06663999513460503,0.09621963031157416,0.06663999513460503,0.09249111733688398,0.07020329950105966,0.09624551262826589,0.06742364852520541,0.0924911171108573,0.07020329919218506,0.09624551213655477,0.06742364798978918,0.11531401559627806,0.12192503124407468,
lewidi_convabuse,qwen,38,LP-temp,2,64,0.45838385299043133,0.16057688916880256,0.2825081890824961,0.46011188538601233,0.825,0.8023809523809524,0.5184968843082106,,0.10381462464482201,,0.10381462464482201,,0.09799643794482045,,0.1031579021856453,,0.09799643788585996,,0.10315790184429516,,0.10957527819397964,,
lewidi_convabuse,qwen,38,GPP-cosine,2,256,0.422650687719899,0.12418257719947808,0.20725625058978683,0.2953132199671041,0.8369047619047619,0.8333333333333334,0.3058469891548157,0.011615991592407227,0.14662745332647903,0.10219247017314063,0.14662745332647903,0.10219247017314065,0.14502241916585104,0.08820491050478876,0.1469708379522856,0.10062676603439726,0.14502241924337647,0.08820491106637018,0.146970838039021,0.10062676671486155,0.1510467943308076,0.202253107881291,
lewidi_convabuse,qwen,38,GPP-rbf,2,256,0.38614040641334707,0.11723321140555658,0.20263199883019772,0.3236348829349288,0.8642857142857143,0.8464285714285714,0.27370986342430115,0.08289865404367447,0.20987112411565012,0.16769166503891889,0.20987112411565018,0.1676916650389189,0.20946446040117253,0.16373547565925015,0.2097125792593883,0.1671171446409421,0.20946446026377813,0.16373547553720796,0.2097125787252604,0.16711714417674672,0.20902499157651733,0.17942656913676,
lewidi_convabuse,qwen,38,GPP-laplace,2,256,0.44673365459651065,0.15442649679074635,0.27138045536620276,0.43546213999985983,0.8464285714285714,0.8214285714285714,0.31582751870155334,0.17697954177856445,0.13756910257613422,0.129728077994966,0.13756910257613425,0.129728077994966,0.13289512897388156,0.12485601508209236,0.13739202869602765,0.12941897879457176,0.1328951290554516,0.12485601516594487,0.13739202872952622,0.12941897879309983,0.11010962591869042,0.10174055842495752,
lewidi_convabuse,qwen,38,LPE,2,256,0.4378614406775026,0.11171843847273549,0.17966799958445834,0.23748236877504766,0.8511904761904762,0.8357142857142857,0.16129060089588165,0.08401045948266983,0.19116301723046156,0.17594936427571656,0.19116301723046158,0.17594936427571656,0.1929654742119252,0.17950463071650613,0.19141979788104851,0.1766735793691649,0.19296547403088046,0.17950463050418153,0.19141979728022995,0.1766735787308519,0.19169304388896613,0.19926173433839356,
lewidi_convabuse,qwen,38,LP-temp,2,256,0.4358166442404026,0.1385500186248219,0.23573010548542742,0.36767082260302586,0.8226190476190476,0.8071428571428572,0.40491458015181053,,0.1349152492788176,,0.1349152492788176,,0.13573181687892655,,0.135076666381363,,0.13573181656192213,,0.1350766656965969,,0.1379344341475111,,
lewidi_convabuse,qwen,38,GPP-cosine,2,1024,0.3617922698447138,0.10531372269563913,0.18363132679336197,0.2893905647732028,0.8714285714285714,0.8583333333333333,0.3075910210609436,0.005403599236160517,0.17617096825209808,0.10299794795034081,0.1761709682520981,0.10299794795034081,0.1748758474551534,0.0868268548654697,0.17660839474229828,0.10107110069299552,0.17487584721003654,0.08682685468785462,0.176608394439718,0.10107110034207958,0.18192889834899822,0.222818287499344,
lewidi_convabuse,qwen,38,GPP-rbf,2,1024,0.3241612623945254,0.08663408426966705,0.1523251671218618,0.23747064272753685,0.8857142857142857,0.8702380952380953,0.21075624227523804,0.04714362695813179,0.2895323364170048,0.2282281170984894,0.2895323364170048,0.22822811709848942,0.27866669350919376,0.21510508478963955,0.28837820649949264,0.22665441333109482,0.27866669368860375,0.21510508496438027,0.2883782063895127,0.2266544133165338,0.2772072829332373,0.24815480739034795,
lewidi_convabuse,qwen,38,GPP-laplace,2,1024,0.4219522416959028,0.13546298476561136,0.23444493656224083,0.36609869661094663,0.8464285714285714,0.8214285714285714,0.2591027617454529,0.14263561367988586,0.1433177420792051,0.13682937350619412,0.1433177420792051,0.13682937350619417,0.13856199449861076,0.13146231881694992,0.143043071730057,0.13639956939789977,0.13856199453918505,0.13146231887247548,0.14304307164936572,0.13639956931623187,0.1353060002388594,0.12779518607112375,
lewidi_convabuse,qwen,38,LPE,2,1024,0.3718441946099795,0.08970722743263923,0.15019323653341854,0.20726331009618368,0.8714285714285714,0.8607142857142858,0.08870211243629456,0.1268042027950287,0.22646198574317547,0.23643101767809332,0.2264619857431755,0.23643101767809335,0.21500686314021977,0.21445185763982688,0.22502435426786854,0.23377270295071786,0.2150068635476014,0.2144518580972096,0.2250243544658616,0.23377270330822397,0.23017889211397252,0.2400172108579268,
lewidi_convabuse,qwen,38,LP-temp,2,1024,0.39121236362282985,0.11713074789200176,0.20191826697120308,0.321065383662275,0.8607142857142858,0.85,0.3487621692070524,,0.15143838370980706,,0.1514383837098071,,0.14541837097742238,,0.15071575385209451,,0.14541837125930956,,0.15071575398239084,,0.1504929552137088,,
lewidi_convabuse,qwen,38,GPP-cosine,3,16,0.7232824309220712,0.2516118669916811,0.389777437020703,0.46214879208302884,0.6226190476190476,0.6309523809523809,0.4569847583770752,0.051578037440776825,-0.021279607199951762,0.043406573215356126,-0.02127960719995177,0.04340657321535613,-0.013542640569121633,0.03700120702054297,-0.02060632304646503,0.042127963130377144,-0.013542640546629743,0.037001207431081304,-0.02060632289684361,0.04212796338512222,-0.045301993267890174,0.06291001491896604,
lewidi_convabuse,qwen,38,GPP-rbf,3,16,0.44096451158369193,0.14614343782278025,0.25362678949965073,0.4024987993697039,0.8464285714285714,0.8214285714285714,0.30794641375541687,0.13899332284927368,0.13384664466492874,0.10831880369985458,0.13384664466492874,0.10831880369985461,0.12816830147025038,0.10294136367477881,0.13351231538572406,0.10796734540155949,0.12816830174865051,0.10294136383843412,0.13351231576702055,0.10796734556363652,0.12518433028934953,0.10336211927599485,
lewidi_convabuse,qwen,38,GPP-laplace,3,16,0.5988698190105805,0.23271803955362566,0.398730416148014,0.5897276064165641,0.8428571428571429,0.8202380952380952,0.42900535464286804,0.24617193639278412,0.1048697974356004,0.08375371536221815,0.10486979743560043,0.08375371536221816,0.10166233191349014,0.08193869995303923,0.10487960096839231,0.08356610750458515,0.10166233202644541,0.08193870002593327,0.10487960114726508,0.08356610747932741,0.10848239360203277,0.06215610289420064,
lewidi_convabuse,qwen,38,LPE,3,16,0.6543926701568272,0.13225226239836183,0.17545139111794664,0.15336018495460776,0.8464285714285714,0.8214285714285714,0.08759606629610062,0.01239822432398796,0.11152094512149621,0.08885237373621928,0.11152094512149624,0.0888523737362193,0.10429947049659612,0.08346992522094573,0.11106176014697638,0.0886885237942459,0.10429947123743086,0.08346992592639661,0.11106176125468006,0.0886885248202169,0.09510306454911419,0.09571563408429336,
lewidi_convabuse,qwen,38,LP-temp,3,16,0.4378860075901922,0.1469508098079984,0.2583300759300225,0.4281429841131209,0.8488095238095238,0.8238095238095238,0.47357971393681614,,0.09926187076938886,,0.09926187076938886,,0.09222934381248933,,0.09881865624934022,,0.09222934447792233,,0.0988186573822047,,0.08692511861369538,,
lewidi_convabuse,qwen,38,GPP-cosine,3,64,0.5218814074654461,0.16389070402192368,0.27034709137195545,0.3989876899417379,0.8035714285714286,0.7976190476190477,0.41057655215263367,0.03202255815267563,0.1022895008051555,0.05009905897219666,0.1022895008051555,0.05009905897219667,0.10953648416068765,0.04388882474571613,0.10362035065189512,0.04875937972994347,0.10953648392275375,0.04388882500851775,0.10362035042126734,0.04875937998385352,0.10872961483835036,0.12060252123585184,
lewidi_convabuse,qwen,38,GPP-rbf,3,64,0.4205906352081969,0.1405477991431224,0.24833827838634273,0.40840028896916564,0.85,0.825,0.3344400227069855,0.12094415724277496,0.12247500338636917,0.12038936285520563,0.12247500338636919,0.12038936285520566,0.12133299192500356,0.11607759408835538,0.12310247555605473,0.12039067002137958,0.12133299137201273,0.11607759369467163,0.12310247458505962,0.12039066929669397,0.12324863515731131,0.11356231852507301,
lewidi_convabuse,qwen,38,GPP-laplace,3,64,0.5041744976754945,0.18885764300591779,0.33160882935903613,0.5273951565625379,0.8464285714285714,0.8214285714285714,0.3874329924583435,0.21971580386161804,0.12696049813809882,0.11869694922680442,0.12696049813809884,0.11869694922680443,0.12194413329663192,0.1137252294766331,0.12678903840381198,0.11837831658443754,0.121944133372378,0.11372522953705802,0.12678903845078687,0.11837831654989026,0.09341305320789413,0.07610584169537084,
lewidi_convabuse,qwen,38,LPE,3,64,0.4870514263890283,0.1204730808498573,0.18690427551849834,0.2399744856870576,0.8511904761904762,0.8261904761904761,0.18333929777145386,0.04415376856923103,0.11300611175152664,0.06797655381638532,0.11300611175152664,0.06797655381638533,0.11103184441031196,0.061388077028728116,0.11328220931915227,0.06713039837739769,0.11103184379942765,0.06138807659708854,0.11328220825808585,0.06713039760968126,0.1030327472018213,0.11358145118017773,
lewidi_convabuse,qwen,38,LP-temp,3,64,0.43823628013234966,0.15349428553804337,0.27263491564875836,0.45929678117346573,0.8607142857142858,0.8404761904761905,0.5161140455824623,,0.09117212251082887,,0.0911721225108289,,0.09448542883355747,,0.09188204025574782,,0.09448542821496814,,0.0918820392185362,,0.09812347872922418,,
lewidi_convabuse,qwen,38,GPP-cosine,3,256,0.4345527825582969,0.12659081733626776,0.20913588293978708,0.29612226933019375,0.8416666666666667,0.8380952380952381,0.3060210347175598,0.011931706219911575,0.14575664002551017,0.12083237093358043,0.1457566400255102,0.12083237093358046,0.14229086951102915,0.10228953302321049,0.1456195594585405,0.11793904080659347,0.14229086962018936,0.10228953363258521,0.1456195596360644,0.11793904157242788,0.14879874152145683,0.18239886127273602,
lewidi_convabuse,qwen,38,GPP-rbf,3,256,0.3839718000606443,0.11001974298663007,0.18932964863931936,0.297688389173292,0.8702380952380953,0.8452380952380952,0.23871496319770813,0.0716155394911766,0.12372274042512871,0.11615524637199444,0.12372274042512872,0.11615524637199444,0.11326285860624363,0.1049056357839471,0.12251645276251812,0.11476888486153405,0.11326285883969515,0.10490563599318967,0.12251645314036866,0.11476888514140471,0.13691061502394677,0.13407522386833629,
lewidi_convabuse,qwen,38,GPP-laplace,3,256,0.44314570074354614,0.1511628797860412,0.26499970388887006,0.42342477311224913,0.8464285714285714,0.8214285714285714,0.30468064546585083,0.17051905393600464,0.11857028734808037,0.11403879927545274,0.1185702873480804,0.11403879927545277,0.11170991174186595,0.10711858678500533,0.11810745833129416,0.11347173348564041,0.1117099118620373,0.10711858690356552,0.1181074584801857,0.11347173359240953,0.09482629019375087,0.08963192807736545,
lewidi_convabuse,qwen,38,LPE,3,256,0.4605256261084406,0.10021442706326081,0.15723949336917745,0.1996059690890123,0.875,0.8523809523809524,0.12409644573926926,0.0549820140004158,0.12439543926063956,0.11335153750096336,0.12439543926063958,0.11335153750096337,0.11388165744314607,0.10369412928696499,0.12310192423523744,0.11265681780045106,0.11388165784514306,0.1036941299048521,0.1231019249028269,0.11265681877531789,0.14197866745118545,0.15702164919637177,
lewidi_convabuse,qwen,38,LP-temp,3,256,0.39128968144965387,0.10628199517362315,0.180878805503825,0.2763288641652921,0.8642857142857143,0.8416666666666667,0.2835738923999615,,0.13285707890528495,,0.13285707890528498,,0.12206858038945326,,0.1315165436615512,,0.12206858112157147,,0.13151654485499056,,0.12359867733208911,,
lewidi_convabuse,qwen,38,GPP-cosine,3,1024,0.3414162064748354,0.09496005421139973,0.16676408214768096,0.2705010042796359,0.8785714285714286,0.8630952380952381,0.29250189661979675,0.005166732706129551,0.22854879384138518,0.13393453747932732,0.2285487938413852,0.13393453747932732,0.2219397450611681,0.11416633790158706,0.22837410057332574,0.13134645132471465,0.22193974454782056,0.11416633770472834,0.22837409966697989,0.13134645079039275,0.22758076296438842,0.24934755760885044,
lewidi_convabuse,qwen,38,GPP-rbf,3,1024,0.2958227246682734,0.07868999519779617,0.14329078585343225,0.236683381939033,0.8892857142857142,0.8714285714285714,0.2183171808719635,0.047967374324798584,0.3337674216632686,0.26934825054082384,0.33376742166326867,0.2693482505408239,0.3192374220338302,0.253417845764214,0.3330984548346742,0.2681224236859888,0.3192374220671469,0.2534178457998607,0.33309845457379655,0.2681224234908504,0.3120262723937825,0.28253203751070705,
lewidi_convabuse,qwen,38,GPP-laplace,3,1024,0.41276906717820305,0.13385549923678833,0.2342138495185368,0.37206530022012535,0.8464285714285714,0.8214285714285714,0.264882355928421,0.14579828083515167,0.15285929745821047,0.14609137639635938,0.1528592974582105,0.14609137639635944,0.14725301962416543,0.14014894959000496,0.1527241325759161,0.14580018121341337,0.14725301970239246,0.1401489496754751,0.1527241325824448,0.14580018120651247,0.14641295067807977,0.13958636808852723,
lewidi_convabuse,qwen,38,LPE,3,1024,0.3428617717485548,0.07874973091327438,0.13744117512768944,0.19277378091342956,0.8821428571428571,0.8714285714285714,0.09104910492897034,0.11885955184698105,0.2865006195362183,0.2903784136658679,0.2865006195362183,0.290378413665868,0.2724632933292983,0.2727820680893907,0.28530650528041435,0.28869938022739217,0.27246329334920466,0.27278206808658684,0.2853065050677746,0.2886993799427249,0.2844230100614379,0.2892208137353222,
lewidi_convabuse,qwen,38,LP-temp,3,1024,0.3867530936889633,0.11126295073717622,0.1907125692616054,0.29424910664364956,0.8595238095238096,0.8583333333333333,0.32122741307526853,,0.19058720102021134,,0.1905872010202114,,0.17552912632881432,,0.18864339339739966,,0.1755291264389695,,0.1886433934778344,,0.1884355385301074,,
lewidi_convabuse,qwen,38,GPP-cosine,4,16,0.9474153716234286,0.26926373046886104,0.3603849320905283,0.28719428372702094,0.6488095238095238,0.638095238095238,0.2445545792579651,0.036424245685338974,0.038611552454404445,0.0355960961583924,0.03861155245440446,0.03559609615839239,0.026807625010068864,0.02045526342531626,0.03649461772128276,0.032722514715363055,0.02680762506619591,0.020455263695678776,0.036494617725154825,0.03272251464662844,0.05048069052290861,0.09195247998338091,
lewidi_convabuse,qwen,38,GPP-rbf,4,16,0.45538239383957796,0.15637244426533853,0.2743519772065892,0.44428267647620967,0.8464285714285714,0.8214285714285714,0.3485323488712311,0.14546805620193481,0.04216978933772352,0.07516768005812266,0.04216978933772353,0.07516768005812266,0.04207731090302746,0.07221828369248363,0.0421240735880821,0.0748767981548997,0.04207731134142931,0.07221828393900372,0.042124074516963206,0.07487679857061447,0.0404403685230494,0.06527513566173888,
lewidi_convabuse,qwen,38,GPP-laplace,4,16,0.6036012733588649,0.23482711643881238,0.4021681991671877,0.5928176198577947,0.8369047619047619,0.8142857142857143,0.4312329888343811,0.24701431393623352,0.09130700539741485,0.07552951734946772,0.09130700539741485,0.07552951734946772,0.08818240625269268,0.0738582619241184,0.09134085154463542,0.07524953657856812,0.08818240639503763,0.07385826201103128,0.09134085183500884,0.0752495365748936,0.09155595616975086,0.057354370192928786,
lewidi_convabuse,qwen,38,LPE,4,16,0.5649415181809816,0.14024983621104778,0.20569655201557213,0.2480980281330072,0.8404761904761905,0.8154761904761905,0.17852038145065308,0.038750067353248596,-0.02536222307504292,-0.04023343455154296,-0.025362223075042913,-0.04023343455154296,-0.021746029888062735,-0.03999431891751708,-0.025641209859999264,-0.04106229855590655,-0.021746029154030178,-0.03999431849084341,-0.02564120836478435,-0.041062297670109854,-0.03135568848021612,-0.03417353567440474,
lewidi_convabuse,qwen,38,LP-temp,4,16,0.4661491026576118,0.15528692215444903,0.26785392737209746,0.4256355845542338,0.8345238095238096,0.8095238095238095,0.4598068838721283,,-0.03129157363927185,,-0.03129157363927186,,-0.026407586666122987,,-0.031215666312632246,,-0.026407585980336667,,-0.031215664913756914,,-0.031075173007470726,,
lewidi_convabuse,qwen,38,GPP-cosine,4,64,0.6266627384569418,0.18559063889223312,0.27817471000236027,0.30454413552046655,0.7273809523809524,0.7166666666666667,0.2874748110771179,0.021512508392333984,0.05226632512689858,0.05582808941600008,0.05226632512689858,0.055828089416000065,0.041588724930588704,0.03470106945310666,0.050804993453446814,0.05216909938665093,0.04158872488121799,0.03470106975131156,0.05080499323981626,0.05216909921778755,0.05805348082700135,0.11309300474499052,
lewidi_convabuse,qwen,38,GPP-rbf,4,64,0.44709048464158374,0.13893142927492802,0.2340730721507931,0.35382994412365165,0.8452380952380952,0.8202380952380952,0.27164557576179504,0.10417881608009338,0.07611997016850366,0.07260828510514072,0.07611997016850368,0.07260828510514072,0.06966323117123745,0.06579082311626314,0.07544851715969661,0.071877746489013,0.06966323096693453,0.06579082293435698,0.07544851668004185,0.0718777460321124,0.07246745945289175,0.07547010759611877,
lewidi_convabuse,qwen,38,GPP-laplace,4,64,0.49549310703599303,0.1841442271085606,0.32398366179938115,0.5173206531954189,0.8464285714285714,0.8214285714285714,0.37920060753822327,0.2156813144683838,0.1258407828188146,0.11650971600055822,0.1258407828188146,0.11650971600055823,0.12081927240364485,0.1115636761557571,0.12558922460104838,0.11612916415787425,0.12081927252667886,0.11156367625832404,0.12558922475261658,0.11612916422126301,0.08805787429226228,0.07286557242362017,
lewidi_convabuse,qwen,38,LPE,4,64,0.6689940825130964,0.13669533584767296,0.1865087300754177,0.17844686140266464,0.8416666666666667,0.819047619047619,0.10843288153409958,0.021920491009950638,0.03040264720473177,0.030432406691175126,0.030402647204731764,0.030432406691175126,0.025386890300726304,0.026399616915427172,0.02979272470769393,0.029791714567216895,0.025386889955188827,0.026399616577690466,0.029792724082306862,0.029791714006095676,0.044840383798032915,0.06320981679136611,
lewidi_convabuse,qwen,38,LP-temp,4,64,0.4621761845041034,0.14927181494131736,0.25352343630636587,0.3943732544342304,0.8285714285714286,0.805952380952381,0.42478188484681473,,0.03391677737201814,,0.03391677737201814,,0.02664710212072455,,0.032688637788493846,,0.026647101771933124,,0.03268863702984237,,0.035363586821919216,,
lewidi_convabuse,qwen,38,GPP-cosine,4,256,0.4613317227367255,0.13522690400370133,0.2221302549700129,0.31300841578694827,0.8083333333333333,0.7976190476190477,0.3361286222934723,0.01462602149695158,0.20021238472350575,0.12144383899923919,0.20021238472350583,0.12144383899923919,0.1994267743111516,0.11032346170058323,0.20089205642380095,0.12002719986940741,0.19942677437129708,0.11032346200302826,0.2008920564183705,0.12002720003353413,0.19887421265888386,0.20224219201824464,
lewidi_convabuse,qwen,38,GPP-rbf,4,256,0.3760669554894355,0.11513701028979506,0.20354742710423168,0.3309335520507168,0.8630952380952381,0.8428571428571429,0.27763697504997253,0.0804065614938736,0.1391196672394242,0.12156347220264263,0.13911966723942423,0.12156347220264264,0.12383560964795938,0.10882944228726713,0.13756528521066985,0.1201224911562181,0.12383560997398302,0.10882944249608398,0.13756528531167633,0.1201224911346791,0.14023182187466765,0.12930606792892577,
lewidi_convabuse,qwen,38,GPP-laplace,4,256,0.4453593067691853,0.15413276373637644,0.2714292663559761,0.4361389983361208,0.8464285714285714,0.8214285714285714,0.31567493081092834,0.17624889314174652,0.11766622951213773,0.11295561260605674,0.11766622951213773,0.11295561260605674,0.11016019364092641,0.10555140614458158,0.11717561301777119,0.11235619353777396,0.11016019381975195,0.1055514063125028,0.11717561316622002,0.11235619363658551,0.09174606938371081,0.08275384106358007,
lewidi_convabuse,qwen,38,LPE,4,256,0.43116532248982237,0.10984533741209115,0.18082583785776857,0.24930094882000875,0.8547619047619047,0.8345238095238096,0.1689584106206894,0.08046829700469971,0.12193600794910378,0.120643053575272,0.12193600794910381,0.12064305357527201,0.1039769553849055,0.10208076884232209,0.1200672484520486,0.11865929592269192,0.10397695566946508,0.10208076923260484,0.12006724852473193,0.11865929616016152,0.12193189850063907,0.13592331877235922,
lewidi_convabuse,qwen,38,LP-temp,4,256,0.4311575470117642,0.1369683923518018,0.23507508580211411,0.36950871289328296,0.8285714285714286,0.8154761904761905,0.4023032272324434,,0.09459175606559773,,0.09459175606559776,,0.07945937759883208,,0.09272455752842751,,0.07945937779726185,,0.09272455762541353,,0.08810714087915697,,
lewidi_convabuse,qwen,38,GPP-cosine,4,1024,0.34488973820582164,0.09954466953711896,0.17444266174467365,0.28315238522553055,0.8797619047619047,0.8642857142857143,0.3104691505432129,0.005543738137930632,0.23790227746782744,0.18466008675144233,0.23790227746782744,0.18466008675144235,0.23261363467129,0.16245014032741895,0.23786350030076386,0.18199342443982494,0.23261363442278551,0.16245014047298273,0.23786349992236938,0.18199342448286393,0.23396821695383183,0.23794958581930484,
lewidi_convabuse,qwen,38,GPP-rbf,4,1024,0.30902297131675494,0.082281068814159,0.1477646227879935,0.24348475751414445,0.8928571428571429,0.875,0.2203345000743866,0.04900173097848892,0.2919039030787717,0.23931124883706545,0.2919039030787718,0.2393112488370655,0.2768672816354062,0.2245159005637714,0.2910071954704651,0.23821901659845648,0.27686728185840714,0.22451590070782268,0.2910071955187416,0.23821901659950928,0.2692096281067251,0.25380560291007576,
lewidi_convabuse,qwen,38,GPP-laplace,4,1024,0.41066021001245684,0.13414944673088425,0.23585940508803885,0.3786966031856366,0.8476190476190476,0.8226190476190476,0.2708989381790161,0.14916251599788666,0.15423702949943063,0.14793039372264497,0.15423702949943063,0.147930393722645,0.1465428624034942,0.13992576203869178,0.1539478912972898,0.14747762754103594,0.14654286246265874,0.13992576210133387,0.15394789124525057,0.14747762747140436,0.15092287622354886,0.14428664646956066,
lewidi_convabuse,qwen,38,LPE,4,1024,0.37569202430045195,0.08462830816809877,0.1436427107596338,0.1985651683175254,0.888095238095238,0.8726190476190476,0.09174938499927521,0.118653304874897,0.2550464396520758,0.24855201594005777,0.25504643965207585,0.24855201594005782,0.2422390112045505,0.23537637826477587,0.2540622097911708,0.24735667140662065,0.24223901167009634,0.23537637859047617,0.2540622102436433,0.24735667174490727,0.24898603584100984,0.2530206174034929,
lewidi_convabuse,qwen,38,LP-temp,4,1024,0.38447480216349,0.11649971452173147,0.2022276608738019,0.3246465972759166,0.8511904761904762,0.8404761904761905,0.3602075381880493,,0.19219311039551895,,0.19219311039551898,,0.1803852157132556,,0.19081225257831333,,0.18038521621500303,,0.19081225317812733,,0.19029135482708331,,
lewidi_convabuse,qwen,48,GPP-cosine,0,16,1.2424032426670135,0.3354124336627959,0.4540702387938273,0.3848942322650773,0.5476190476190477,0.5488095238095239,0.31534117460250854,0.1052207201719284,0.0802691917803585,0.07622762145200274,0.08026919178035853,0.07622762145200274,0.08015662217449057,0.07479371254653602,0.08025698905312229,0.07609600011132979,0.0801566221860032,0.07479371228221807,0.08025698896414175,0.0760959994865622,0.08400337426919693,0.0757933128055666,
lewidi_convabuse,qwen,48,GPP-rbf,0,16,0.5251216728615401,0.13203160123920954,0.19405365917454695,0.23468551606101562,0.8476190476190476,0.8226190476190476,0.18299590051174164,0.02861974388360977,0.14779247831924938,0.11158324462725741,0.14779247831924938,0.11158324462725744,0.14763253196229906,0.11654930144853307,0.14824839237956128,0.11229078193285284,0.1476325320219588,0.11654930127719362,0.1482483925815277,0.1122907817100103,0.13419688705552904,0.12647233379790912,
lewidi_convabuse,qwen,48,GPP-laplace,0,16,0.5511555329324089,0.21126179515514087,0.36753256026478043,0.5698583016613538,0.8452380952380952,0.8202380952380952,0.4154926836490631,0.2382175326347351,0.13460661369849447,0.11034980995264321,0.1346066136984945,0.11034980995264322,0.13102019879369692,0.10795168101113432,0.13451784169124675,0.11003647807970103,0.13102019891894376,0.10795168108856404,0.13451784190451702,0.1100364780544921,0.12474383507101855,0.09241246659409982,
lewidi_convabuse,qwen,48,LPE,0,16,0.8516622247327467,0.13826591357857604,0.1696256213800336,0.1119463880287235,0.8476190476190476,0.8226190476190476,0.03785337135195732,0.0017641759477555752,0.14747261018819185,0.021924527526714116,0.14747261018819183,0.021924527526714116,0.13714016507397764,0.0193801447008749,0.14730647656475143,0.02186696923834987,0.13714016502189397,0.01938014466175436,0.14730647652883455,0.021866969181470526,0.07964461378178302,0.0717344396041916,
lewidi_convabuse,qwen,48,LP-temp,0,16,0.45110719860050413,0.13936490034241694,0.23383636713914052,0.3651766642225034,0.8476190476190476,0.8226190476190476,0.3866319624525609,,0.11590771735312454,,0.11590771735312456,,0.10933021360448657,,0.11599944754195396,,0.10933021387691627,,0.11599944812355856,,0.07813371484125324,,
lewidi_convabuse,qwen,48,GPP-cosine,0,64,1.211598530903822,0.25313678666786144,0.33613414453662643,0.27972198337104925,0.680952380952381,0.6773809523809524,0.22946272790431976,0.044437866657972336,0.051811129533906,0.03653483056202539,0.051811129533906014,0.036534830562025375,0.048460759185024266,0.03182553908303273,0.05137534335942699,0.03578877636652621,0.04846075928790093,0.03182553906135338,0.051375343856346456,0.03578877643907358,0.05460237691430156,0.05039286821943233,
lewidi_convabuse,qwen,48,GPP-rbf,0,64,0.42169013621150425,0.13600343620569103,0.23717815854165347,0.38574218966551843,0.85,0.8273809523809523,0.31163761019706726,0.11113321781158447,0.09742458016700437,0.10567042278766722,0.09742458016700437,0.10567042278766724,0.08957255303140639,0.10068527494056559,0.09664745409358466,0.10510905647397338,0.08957255284180499,0.10068527473101785,0.09664745386589899,0.1051090561527807,0.09805808604731263,0.10876506149847745,
lewidi_convabuse,qwen,48,GPP-laplace,0,64,0.49206925015693126,0.1821989162521453,0.3211726529257638,0.5187128209766823,0.8464285714285714,0.8214285714285714,0.37912172079086304,0.21561655402183533,0.12474883504620288,0.11484907261113897,0.1247488350462029,0.11484907261113897,0.11973575216083814,0.11001098184500713,0.12429236523672639,0.1142610451266987,0.11973575222011368,0.11001098189043201,0.1242923653111112,0.11426104510512995,0.11242635129368495,0.09841147643673376,
lewidi_convabuse,qwen,48,LPE,0,64,0.4994975404496681,0.11957718651409852,0.18217890023993927,0.22923990972130814,0.8511904761904762,0.8285714285714286,0.1753796935081482,0.03499440848827362,0.09070623583574687,0.08433753765349494,0.09070623583574687,0.08433753765349497,0.07990161296365723,0.07860554343361628,0.08975756832908953,0.0843726088279334,0.07990161272480968,0.07860554311202737,0.08975756801574036,0.08437260833750512,0.07631165401435495,0.10685905614730715,
lewidi_convabuse,qwen,48,LP-temp,0,64,0.44652348264729114,0.1564158395422383,0.2777144306941807,0.4668679080782203,0.8559523809523809,0.8333333333333334,0.5229088381257566,,0.06396874091203583,,0.06396874091203585,,0.05171692642810717,,0.06250227965550033,,0.05171692629939613,,0.06250227956192908,,0.06969288280814982,,
lewidi_convabuse,qwen,48,GPP-cosine,0,256,0.5181108287050966,0.1393548698430014,0.21677138477666089,0.2700298889794684,0.8107142857142857,0.8095238095238095,0.25250765681266785,0.02280866913497448,0.12339994256409506,0.09829043649836562,0.12339994256409509,0.09829043649836564,0.1242307875591208,0.09814353566587765,0.12378752795132494,0.09879792072105317,0.12423078766468919,0.09814353569986461,0.12378752809004841,0.09879792080544242,0.125626585028641,0.12705119911119397,
lewidi_convabuse,qwen,48,GPP-rbf,0,256,0.39806070687866685,0.11496314662848761,0.19403041362474185,0.2906618260043242,0.8511904761904762,0.8333333333333334,0.24124076962471008,0.06975384056568146,0.1961479788266956,0.18388201254452596,0.19614797882669563,0.18388201254452596,0.19580472406533925,0.18577843893568202,0.19705790166419454,0.184824419076636,0.19580472372919297,0.185778438541033,0.1970579010660249,0.1848244184286617,0.1937723022652009,0.190069894344246,
lewidi_convabuse,qwen,48,GPP-laplace,0,256,0.44508919867195673,0.14761839630437606,0.2547470754200947,0.4025826092341731,0.8464285714285714,0.8214285714285714,0.2887289226055145,0.16118831932544708,0.14069982901783623,0.13311938880344493,0.14069982901783623,0.13311938880344493,0.13856016070138316,0.13079276938541906,0.14072910960183888,0.1330159557666373,0.13856016059580983,0.1307927692906498,0.14072910940287897,0.13301595554889434,0.1307721930399649,0.1234693269173989,
lewidi_convabuse,qwen,48,LPE,0,256,0.47454128213579616,0.11227063811497798,0.17538451495549637,0.21670082775838811,0.8511904761904762,0.8357142857142857,0.13370001316070557,0.07443055510520935,0.1346971459403463,0.1625327204448249,0.13469714594034632,0.16253272044482492,0.13164462698652693,0.15562280369636106,0.13501042028689259,0.16239973561152887,0.13164462698744409,0.15562280375541612,0.1350104200695939,0.16239973546257558,0.1529808666037074,0.18578365003622457,
lewidi_convabuse,qwen,48,LP-temp,0,256,0.4337572114285871,0.1417668911648216,0.24393965127030226,0.3908272675629818,0.8285714285714286,0.8154761904761905,0.4313222336118329,,0.10949258921764801,,0.10949258921764803,,0.10245480716016389,,0.10905043270355189,,0.10245480732855045,,0.10905043274433715,,0.11364154821647995,,
lewidi_convabuse,qwen,48,GPP-cosine,0,1024,0.3539317530192481,0.09846897174566434,0.1662662456523668,0.23580640977041753,0.8547619047619047,0.8488095238095238,0.25690507888793945,0.007175429258495569,0.2822935249642135,0.2547352671335364,0.28229352496421356,0.2547352671335364,0.2728491371702006,0.24947533828851493,0.2812945309595843,0.2544009832955897,0.27284913729310445,0.24947533802609448,0.2812945309862948,0.25440098271086276,0.2859100102658146,0.29116267573208604,
lewidi_convabuse,qwen,48,GPP-rbf,0,1024,0.32489846328384875,0.09157862124326141,0.16092753752447952,0.2518507114682072,0.8726190476190476,0.8547619047619047,0.2356618493795395,0.04943627119064331,0.3146077112757092,0.28593600250013923,0.31460771127570925,0.2859360025001393,0.30110186589602134,0.2759778166777475,0.312911265886627,0.2844767649983143,0.30110186601984207,0.27597781667788834,0.31291126590540874,0.28447676490063584,0.3069913092102384,0.29696559594884003,
lewidi_convabuse,qwen,48,GPP-laplace,0,1024,0.40633507872854885,0.13288655242420752,0.23377297074378778,0.3790283689890458,0.8476190476190476,0.8226190476190476,0.27494966983795166,0.15101012587547302,0.19903542044203157,0.1879239859741556,0.1990354204420316,0.1879239859741556,0.19537779170848613,0.18367160807224972,0.1987876306241138,0.18750814784684255,0.19537779158830287,0.1836716079861355,0.19878763035683647,0.18750814759910628,0.19643331293571403,0.1871331342820359,
lewidi_convabuse,qwen,48,LPE,0,1024,0.3780377827181765,0.09854036821062502,0.16569552257922535,0.23220897028592477,0.861904761904762,0.8559523809523809,0.09445467591285706,0.1620766520500183,0.24439211090684718,0.26221728308714937,0.2443921109068472,0.2622172830871494,0.23787214512733537,0.25484876711928284,0.24350488326412445,0.26092371792646973,0.23787214545542928,0.25484876756237995,0.24350488364779346,0.26092371848178625,0.2470852578045378,0.25664374438485754,
lewidi_convabuse,qwen,48,LP-temp,0,1024,0.4306885093589603,0.14491378086861215,0.2501120736484272,0.403373803754584,0.8380952380952381,0.8369047619047619,0.4582111372572901,,0.16613215232066958,,0.16613215232066958,,0.16424301447059897,,0.1660526595825879,,0.16424301469733366,,0.16605265968079339,,0.17290559654705,,
lewidi_convabuse,qwen,48,GPP-cosine,1,64,0.9033320163260247,0.24000615181239685,0.3419345455930592,0.349104492887479,0.6726190476190477,0.6833333333333333,0.29371023178100586,0.05798964574933052,-0.024393582424581152,-0.014365901729129112,-0.02439358242458116,-0.014365901729129129,-0.021013486038614686,-0.01632422642286526,-0.023844500247165657,-0.014497918267275256,-0.021013486085658013,-0.016324226579255738,-0.023844500426106606,-0.014497918717735515,-0.02469813948196835,-0.0276638718504799,
lewidi_convabuse,qwen,48,GPP-rbf,1,64,0.43050805430184774,0.12980989812174248,0.2185417243822788,0.33258892568697057,0.8464285714285714,0.8214285714285714,0.2614808976650238,0.08896277099847794,0.0974934999611015,0.10298694323827016,0.09749349996110153,0.10298694323827016,0.09337054965498746,0.10163222043122981,0.09711100383500536,0.10271244033029656,0.09337054940060358,0.10163222016765829,0.09711100320725255,0.10271243973865544,0.09690296907809208,0.10743848519060846,
lewidi_convabuse,qwen,48,GPP-laplace,1,64,0.4792881723016342,0.17455576724903504,0.3074116142023177,0.4980662004805629,0.8452380952380952,0.8202380952380952,0.36411115527153015,0.20616571605205536,0.12879515173031642,0.11762430558743296,0.12879515173031647,0.11762430558743298,0.12372282257863242,0.1129306740255859,0.128514301430091,0.11725993413905376,0.1237228226154476,0.11293067405493457,0.12851430143398423,0.1172599340741949,0.11764833618087786,0.10423217676688265,
lewidi_convabuse,qwen,48,LPE,1,64,0.5846909616354197,0.12451301366586666,0.17737829574889474,0.18670166783165834,0.8488095238095238,0.8238095238095238,0.1271659880876541,0.02356022037565708,0.09170876533486265,0.09000800104690822,0.09170876533486265,0.09000800104690822,0.087385310159179,0.08543865778517187,0.09155386039090194,0.08985096518676795,0.08738530969315163,0.08543865733986858,0.09155385941351595,0.08985096436147136,0.04730214153181243,0.07395649250187325,
lewidi_convabuse,qwen,48,LP-temp,1,64,0.43609888572302274,0.13592441317320628,0.23408925534268718,0.37630476914050376,0.8416666666666667,0.8166666666666667,0.40191385786127093,,0.050576612611026146,,0.05057661261102614,,0.04924366239421625,,0.05024997296340718,,0.049243662087987625,,0.05024997211777174,,0.04275786262079367,,
lewidi_convabuse,qwen,48,GPP-cosine,1,256,0.5271393743178652,0.1374490059794635,0.21135948710178645,0.2547514541833147,0.8011904761904762,0.7976190476190477,0.23753738403320312,0.019929848611354828,0.13366642897674544,0.1436163641691786,0.13366642897674547,0.1436163641691786,0.13051129319702265,0.13848500583470172,0.13306449592936748,0.14295749533743368,0.1305112934274668,0.13848500589227813,0.13306449610618243,0.1429574951405726,0.1347438076678801,0.14218126860256236,
lewidi_convabuse,qwen,48,GPP-rbf,1,256,0.38031418512669035,0.11395682389328719,0.19810889093080603,0.31628907377083615,0.8559523809523809,0.8380952380952381,0.26448899507522583,0.07939238101243973,0.17762084978603626,0.17050149455127073,0.17762084978603626,0.17050149455127073,0.16866502673834655,0.1653689245241666,0.17666611854548156,0.16999024375561114,0.1686650268690315,0.16536892453367003,0.17666611831127374,0.1699902434580054,0.17314583094770886,0.17627733410652072,
lewidi_convabuse,qwen,48,GPP-laplace,1,256,0.4424905523253614,0.15096764410685942,0.26416165108149425,0.425774631984825,0.8464285714285714,0.8214285714285714,0.3082149624824524,0.17253956198692322,0.14573643034000194,0.13696635324813153,0.145736430340002,0.13696635324813156,0.14026244954666472,0.13143022236244334,0.1453066223082038,0.1364376508498472,0.14026244956732978,0.13143022238738075,0.14530662227522495,0.13643765078411962,0.1374019655228553,0.12996667409460005,
lewidi_convabuse,qwen,48,LPE,1,256,0.4606988646299795,0.10848142236534902,0.17331923118912138,0.22537586363946993,0.8535714285714285,0.8357142857142857,0.1446342170238495,0.07726175338029861,0.14175229923393917,0.1818989248772108,0.14175229923393917,0.18189892487721082,0.13084821398479626,0.17329001778899028,0.14074092673010297,0.18144699128653885,0.1308482142067527,0.1732900176961824,0.14074092655745218,0.181446990718331,0.14166229533284647,0.18222034676751772,
lewidi_convabuse,qwen,48,LP-temp,1,256,0.43557250024777006,0.13856870437104854,0.23825644732495901,0.3880154226045647,0.8476190476190476,0.8345238095238096,0.4237483881097271,,0.08733012742652736,,0.08733012742652739,,0.06975279645470342,,0.08522153658399295,,0.06975279657882599,,0.08522153639900792,,0.08885121325272566,,
lewidi_convabuse,qwen,48,GPP-cosine,1,1024,0.3502855588512758,0.09036057897213644,0.15327637706939726,0.2192051267376952,0.8738095238095238,0.8583333333333333,0.23779983818531036,0.006586227100342512,0.30959766595167604,0.2827950940290861,0.30959766595167604,0.28279509402908615,0.304152762572084,0.2782520048655429,0.3099003198104845,0.28336875222233215,0.30415276244327494,0.2782520043164419,0.3099003193293114,0.2833687511289892,0.2961696915729951,0.3018228274264276,
lewidi_convabuse,qwen,48,GPP-rbf,1,1024,0.33396366736927546,0.09171066400441928,0.159682777999357,0.24066646629720487,0.8714285714285714,0.8511904761904762,0.22123883664608002,0.04437170922756195,0.29677477784188555,0.272866917669102,0.2967747778418856,0.27286691766910204,0.28656411955731625,0.26512307316856776,0.295789653232865,0.2721610498600112,0.2865641194002392,0.26512307291567305,0.2957896525333306,0.2721610490935439,0.2960317827116911,0.29384073496491575,
lewidi_convabuse,qwen,48,GPP-laplace,1,1024,0.40737320433944574,0.1310172462018416,0.22886177483901737,0.36733928500043733,0.8476190476190476,0.8226190476190476,0.2633874714374542,0.1443963348865509,0.189967101522098,0.17909644825712262,0.18996710152209803,0.17909644825712268,0.18678085758468868,0.17536105510922945,0.1898532033909415,0.17881333136601846,0.18678085736481054,0.1753610549363889,0.18985320290376229,0.17881333092808857,0.1894240647380946,0.17899335116045992,
lewidi_convabuse,qwen,48,LPE,1,1024,0.4023237898790239,0.09876773469451296,0.16177326611490445,0.21020077016660327,0.8559523809523809,0.8428571428571429,0.09084150940179825,0.1338631510734558,0.24099552939825056,0.2519333925144075,0.2409955293982506,0.25193339251440755,0.22855807617841267,0.24021194302764376,0.23930584667718205,0.2506605239946499,0.22855807614580304,0.24021194293474388,0.23930584627548832,0.250660523484596,0.253673895078953,0.26004773413436194,
lewidi_convabuse,qwen,48,LP-temp,1,1024,0.42386867629803876,0.13047432330922012,0.22065365908645845,0.3422534345981112,0.8369047619047619,0.8238095238095238,0.38717253915987027,,0.2095347451617933,,0.20953474516179332,,0.19668930834123122,,0.20797832768294128,,0.1966893084130948,,0.20797832748365955,,0.21473253591790398,,
lewidi_convabuse,qwen,48,GPP-cosine,2,16,1.3957607548788684,0.3212961325351809,0.41528942327048796,0.3094379266528851,0.580952380952381,0.5892857142857143,0.22498662769794464,0.07722015678882599,-0.0013425766766951494,-0.0013511212963289929,-0.0013425766766951668,-0.0013511212963289894,0.005974886993679143,0.006479161634251714,0.00045237562922234575,0.0004922979351839624,0.00597488625906337,0.0064791608945219195,0.00045237449600978724,0.0004922967653263315,-0.01951047379486957,-0.022993983642152993,
lewidi_convabuse,qwen,48,GPP-rbf,2,16,0.4608026150974351,0.1636468180291779,0.28896916027491293,0.47569108319744163,0.8452380952380952,0.8226190476190476,0.3812541365623474,0.15700674057006836,0.09311959618201243,0.09862328125692582,0.09311959618201245,0.09862328125692582,0.10473841806381995,0.10414990892117851,0.09442916692875061,0.09907263480608244,0.10473841771996992,0.10414990864574877,0.09442916647331209,0.09907263430412544,0.08895560580214086,0.0939807634999438,
lewidi_convabuse,qwen,48,GPP-laplace,2,16,0.6182150446688787,0.2411102167879944,0.41043420850875834,0.5965780170715129,0.8428571428571429,0.8178571428571428,0.4336355924606323,0.24861884117126465,0.07592192241649381,0.05122938889231869,0.07592192241649381,0.05122938889231869,0.07476685709741945,0.05207990562819282,0.07600369966875023,0.051087602695891694,0.0747668571504655,0.052079905658962644,0.07600369980640422,0.05108760261768199,0.11769391289857377,0.04221176197937567,
lewidi_convabuse,qwen,48,LPE,2,16,0.5044961288012151,0.13595067682668013,0.20990273285202593,0.28245153556127894,0.844047619047619,0.8214285714285714,0.2241945117712021,0.05002811178565025,0.03158956293896454,0.0944653236272483,0.03158956293896453,0.09446532362724833,0.044970323726405255,0.1017698772951405,0.033325121692395945,0.09562917184230847,0.04497032340541082,0.10176987695882989,0.03332512131670704,0.09562917136580897,0.01577070594827711,0.04734179078259455,
lewidi_convabuse,qwen,48,LP-temp,2,16,0.46812980306950436,0.16348327377051688,0.2869584994356199,0.46703288354270484,0.8392857142857143,0.8166666666666667,0.5192754600834334,,0.006989807341059754,,0.006989807341059754,,0.0213178996410571,,0.008711742615959493,,0.02131789928727374,,0.008711742135363814,,0.016686801390510677,,
lewidi_convabuse,qwen,48,GPP-cosine,2,64,1.2425383788735194,0.286540743580837,0.3789085246621767,0.29921811102828344,0.6083333333333333,0.611904761904762,0.254336953163147,0.04852554574608803,0.061861896370434516,0.06376545970034592,0.061861896370434516,0.06376545970034592,0.05874834843073737,0.05957838184352361,0.06178471156559721,0.06342994029390717,0.05874834879297486,0.059578382204196687,0.06178471218835977,0.06342994075313163,0.05652722451420447,0.06063720923707354,
lewidi_convabuse,qwen,48,GPP-rbf,2,64,0.455801535048731,0.13597565534728298,0.2240171480696604,0.33094334196391884,0.844047619047619,0.819047619047619,0.2604224979877472,0.09215151518583298,0.13010358476776035,0.12295863682801762,0.13010358476776038,0.12295863682801764,0.1283833318227084,0.121286704805106,0.12992859151687627,0.12269734059232834,0.12838333188715115,0.12128670472878839,0.1299285915858896,0.12269734042062042,0.13015825688656396,0.13140471520118188,
lewidi_convabuse,qwen,48,GPP-laplace,2,64,0.47924539392720256,0.17345039476773547,0.30417968515040616,0.48898915803565113,0.8452380952380952,0.8202380952380952,0.35750633478164673,0.2024720013141632,0.13281227795544437,0.12314977138582431,0.13281227795544442,0.12314977138582434,0.12749876287928957,0.1175774239476935,0.13240598376341456,0.12259077837163913,0.12749876294980972,0.11757742401279939,0.13240598383070468,0.122590778377239,0.12287850369467357,0.11135229186774294,
lewidi_convabuse,qwen,48,LPE,2,64,0.6562220454219192,0.13183415616234967,0.17912213435446617,0.16665384168841182,0.844047619047619,0.819047619047619,0.10285971313714981,0.020552989095449448,0.10843621041046572,0.07635932696166321,0.10843621041046576,0.07635932696166321,0.10167101853556784,0.08001286159988404,0.10785170228111852,0.07705219751937428,0.10167101842192029,0.08001286131982296,0.1078517020397933,0.07705219706351753,0.12713174417263934,0.15687526730209278,
lewidi_convabuse,qwen,48,LP-temp,2,64,0.4583730131297286,0.1599545475507038,0.28224366368682446,0.4633060862432785,0.8321428571428572,0.8095238095238095,0.5212738239968924,,0.0996676144894324,,0.09966761448943243,,0.0872863604602181,,0.09804611389032089,,0.0872863607796682,,0.09804611430389178,,0.10819125267261313,,
lewidi_convabuse,qwen,48,GPP-cosine,2,256,0.5429117345682678,0.1480288597497064,0.2283426092020255,0.2720149710072083,0.7869047619047619,0.7857142857142857,0.24727724492549896,0.020517874509096146,0.06993542825344479,0.06102650234920654,0.06993542825344479,0.06102650234920654,0.06863020447755006,0.05763895116774258,0.06945036139512839,0.06018285045214075,0.06863020478061661,0.05763895125845359,0.06945036172421998,0.06018285036608968,0.09489641479125528,0.10668310405125467,
lewidi_convabuse,qwen,48,GPP-rbf,2,256,0.3844106143342037,0.11682893707660695,0.20180290498233044,0.32044477280482225,0.8654761904761905,0.8404761904761905,0.27645987272262573,0.08171805739402771,0.23444607932294242,0.2143693560876381,0.23444607932294248,0.21436935608763813,0.23636565484170163,0.21545648886762592,0.2345039962583128,0.21432757643155842,0.23636565449171043,0.21545648852383237,0.23450399528822108,0.21432757555512805,0.2346118599708284,0.22276111048168368,
lewidi_convabuse,qwen,48,GPP-laplace,2,256,0.4445261858201836,0.15320547843377239,0.26863627296295906,0.43471884958023294,0.8464285714285714,0.8214285714285714,0.31634244322776794,0.17720825970172882,0.15839117669995215,0.14888336917028697,0.15839117669995217,0.14888336917028697,0.15669529511636054,0.14717812540780006,0.1584261294717378,0.1488151599943276,0.15669529504433335,0.14717812535030508,0.15842612927423383,0.14881515977984827,0.14509216541492553,0.13578720359747123,
lewidi_convabuse,qwen,48,LPE,2,256,0.4325215689463283,0.1083729108634553,0.17397491022992698,0.23174997072130893,0.8464285714285714,0.8333333333333334,0.15421469509601593,0.09353561699390411,0.21902236778087592,0.2570819923939466,0.21902236778087594,0.2570819923939466,0.21501262995906706,0.25677340464677795,0.21833446167794335,0.2570618263175447,0.21501262976080443,0.25677340425360357,0.21833446088920505,0.2570618253400477,0.21172527543817846,0.2483604663499961,
lewidi_convabuse,qwen,48,LP-temp,2,256,0.4455618876452849,0.15159763277617216,0.2624273882343705,0.4282860874360845,0.8178571428571428,0.8071428571428572,0.4812867489355525,,0.12116192189892047,,0.12116192189892049,,0.11715607063932737,,0.1205782256034214,,0.11715607034245046,,0.1205782248662063,,0.13621635588456155,,
lewidi_convabuse,qwen,48,GPP-cosine,2,1024,0.36864831474144355,0.09834370192789917,0.16406946311814993,0.23081429805350975,0.8666666666666667,0.8583333333333333,0.2415926307439804,0.006760873831808567,0.24654216516572253,0.2136842207252918,0.24654216516572255,0.21368422072529183,0.23874458214952887,0.20473500455785273,0.24557886546765956,0.21258334329787418,0.23874458235965534,0.2047350043318016,0.24557886556976183,0.21258334268269677,0.25541699953808866,0.25981932098132143,
lewidi_convabuse,qwen,48,GPP-rbf,2,1024,0.35236300721032443,0.0956990280200282,0.16348640666086187,0.24069803497814365,0.8738095238095238,0.8559523809523809,0.21648475527763367,0.04502014070749283,0.2778416254003135,0.25555636633309825,0.27784162540031354,0.2555563663330983,0.2728291421107445,0.2486240331942412,0.27724799142925494,0.25453757105712593,0.27282914228434946,0.24862403322426546,0.2772479914499191,0.25453757096546986,0.2677845186250667,0.2581740151386809,
lewidi_convabuse,qwen,48,GPP-laplace,2,1024,0.4204440841416171,0.13357624050685052,0.22974885743876386,0.35845899462904396,0.8464285714285714,0.8214285714285714,0.25592657923698425,0.14025793969631195,0.1826243334006837,0.17296321194941205,0.18262433340068374,0.17296321194941205,0.18236137717223,0.1717693431630513,0.1828555688888851,0.17299653489939554,0.18236137703284366,0.17176934305214825,0.18285556859630847,0.17299653462331485,0.18202223837354486,0.1725535044449396,
lewidi_convabuse,qwen,48,LPE,2,1024,0.3738727024506127,0.09629271386903931,0.1624754818558095,0.2274767932427372,0.8583333333333333,0.8476190476190476,0.0906776413321495,0.1574072688817978,0.23027393983826636,0.25525345288082607,0.23027393983826636,0.2552534528808261,0.22741334831933446,0.24531223706595587,0.23003661782806817,0.25378488308044767,0.22741334866870727,0.24531223725733334,0.23003661794868482,0.2537848830019873,0.23913637416581485,0.25759576480359586,
lewidi_convabuse,qwen,48,LP-temp,2,1024,0.4225749666472928,0.145176737617483,0.2551854274017918,0.4228041601984918,0.8321428571428572,0.8261904761904761,0.4819310309208831,,0.16995784054509305,,0.1699578405450931,,0.1705806763303864,,0.16996445974418195,,0.17058067666156362,,0.16996446016502634,,0.17971026199687098,,
lewidi_convabuse,qwen,48,GPP-cosine,3,16,1.242387028169797,0.28227453316776613,0.37022253975966296,0.29005813973236927,0.6297619047619047,0.638095238095238,0.20803576707839966,0.069427989423275,0.0023324718341222028,0.005072229535094557,0.002332471834122215,0.005072229535094566,0.002366405167008097,0.005180089780558467,0.0021496784467798964,0.004802911738825916,0.002366405391672006,0.005180089842571291,0.002149678643880054,0.004802911613556006,0.0015941259902353601,0.0135622850673576,
lewidi_convabuse,qwen,48,GPP-rbf,3,16,0.44108239239223573,0.1405681013679718,0.23991053830943115,0.3740769478851598,0.8476190476190476,0.8226190476190476,0.2874006927013397,0.12255192548036575,0.14391333640208598,0.12431726697473582,0.14391333640208598,0.12431726697473582,0.14117214146759716,0.123239900739077,0.143660475425677,0.12419418639130125,0.14117214152203406,0.123239900683313,0.14366047547207647,0.12419418626178819,0.13660857531420859,0.12517806092825717,
lewidi_convabuse,qwen,48,GPP-laplace,3,16,0.5864657008077909,0.22732409313119833,0.3910943451825352,0.5860177684163349,0.8428571428571429,0.8178571428571428,0.42661598324775696,0.24466051161289215,0.11256581580333386,0.09059846752965814,0.11256581580333386,0.09059846752965815,0.10897761686261641,0.08840764289306888,0.11244812034611706,0.09029936578032621,0.10897761695931159,0.08840764294739878,0.11244812050756803,0.09029936573171657,0.13240332088872137,0.07511181446382709,
lewidi_convabuse,qwen,48,LPE,3,16,0.6635800882730902,0.13202531213235005,0.17462791871678615,0.15238915935291472,0.8476190476190476,0.8226190476190476,0.08840391784906387,0.01015354786068201,0.10409272994236118,0.08027544649535723,0.10409272994236121,0.08027544649535724,0.09952769181859139,0.07204017498877974,0.10330769181558863,0.07900976804937583,0.09952769212420731,0.07204017504512447,0.10330769222169468,0.07900976807058976,0.08284704442630456,0.08547898029414958,
lewidi_convabuse,qwen,48,LP-temp,3,16,0.44013108798749595,0.14840411262927347,0.26148691277400277,0.4337394817611644,0.85,0.825,0.47982287604614327,,0.08166294065282452,,0.08166294065282453,,0.07731241905809172,,0.08086321828055461,,0.0773124194134078,,0.08086321882747274,,0.07501075304632741,,
lewidi_convabuse,qwen,48,GPP-cosine,3,64,1.1974884510031663,0.25272225069221305,0.3399794116465913,0.29427638614041113,0.6678571428571428,0.6738095238095239,0.23507796227931976,0.04538458585739136,-0.010835282147898832,0.00942841320328944,-0.01083528214789883,0.009428413203289437,-0.011391310517683162,0.0025195292322695182,-0.011411986550314253,0.008133083170814268,-0.011391310014254972,0.0025195297687188555,-0.011411985599580541,0.008133084067805038,-0.0416762355464486,-0.028032875853084692,
lewidi_convabuse,qwen,48,GPP-rbf,3,64,0.4205836536385269,0.13806622337102445,0.24166031339028407,0.3940704279509401,0.8488095238095238,0.8238095238095238,0.3264087438583374,0.11473424732685089,0.16133697204755942,0.15907678224206223,0.16133697204755948,0.1590767822420623,0.15742545536921088,0.1564679063249541,0.16162510333379748,0.15922559944060277,0.1574254549916767,0.1564679060028617,0.16162510274913597,0.15922559891653176,0.1633831203568738,0.15831824531700076,
lewidi_convabuse,qwen,48,GPP-laplace,3,64,0.49893339048980156,0.18601564066934995,0.3268608493054108,0.5232486302122108,0.8452380952380952,0.8202380952380952,0.38455167412757874,0.21791085600852966,0.1364222134194653,0.1264169092866062,0.1364222134194653,0.1264169092866062,0.13201161934419772,0.12221708797748584,0.13623994475535495,0.12610639605560736,0.132011619372216,0.12221708799404517,0.1362399447628187,0.12610639598306705,0.12333948110360328,0.10906347966992798,
lewidi_convabuse,qwen,48,LPE,3,64,0.49311306703830476,0.1222417254549442,0.1882271726481295,0.2353137495069797,0.8523809523809524,0.8273809523809523,0.18372571468353271,0.04178677499294281,0.14179218171348418,0.08973585622742365,0.1417921817134842,0.08973585622742367,0.13595032282567904,0.08286877771313492,0.14178846243107468,0.08932480831202567,0.1359503222474073,0.08286877719189802,0.14178846147513396,0.08932480746594904,0.1431595451738863,0.14678974440454862,
lewidi_convabuse,qwen,48,LP-temp,3,64,0.4342389042970004,0.14705377421035665,0.2572545308525469,0.4252265994433373,0.8428571428571429,0.8226190476190476,0.4777183241602999,,0.12779797172401905,,0.12779797172401905,,0.12275411190859489,,0.12770764767864634,,0.12275411156605583,,0.1277076471115073,,0.13091795995604408,,
lewidi_convabuse,qwen,48,GPP-cosine,3,256,0.5019012558042044,0.13935768401493528,0.21631959169120646,0.2633597545459988,0.8011904761904762,0.7976190476190477,0.25578203797340393,0.02122858539223671,0.16318389253946877,0.17194774886050068,0.1631838925394688,0.17194774886050068,0.1657431972238973,0.17316537990639322,0.163673379967471,0.17202429837825572,0.16574319756035827,0.17316537993201625,0.16367338030295348,0.17202429806008152,0.16922488369036567,0.18169525880092008,
lewidi_convabuse,qwen,48,GPP-rbf,3,256,0.39837860253645085,0.113646173236183,0.19166340720867517,0.29395981370615937,0.8666666666666667,0.844047619047619,0.2424052655696869,0.06799349188804626,0.1596782801518532,0.1617917162895351,0.15967828015185323,0.1617917162895351,0.15771658865445948,0.16079071500143816,0.1598306170241542,0.161992970812728,0.157716588414061,0.16079071474021397,0.159830616587052,0.16199297032403304,0.17191459334353587,0.17678159914762487,
lewidi_convabuse,qwen,48,GPP-laplace,3,256,0.4399382842700802,0.14825207015567402,0.2584316402030665,0.41480845624624363,0.8464285714285714,0.8214285714285714,0.29953306913375854,0.16712479293346405,0.14759534690598597,0.1406689054216343,0.14759534690598597,0.14066890542163432,0.1438391484356727,0.13689651898882194,0.14737305411235527,0.14034558801421942,0.14383914835355205,0.1368965189188837,0.14737305395357492,0.14034558783416867,0.13648113816502885,0.13087123869558745,
lewidi_convabuse,qwen,48,LPE,3,256,0.49479448797927694,0.1112220386164723,0.16991836040597263,0.2048207318969512,0.8642857142857143,0.844047619047619,0.12860077619552612,0.059616878628730774,0.13341985164825348,0.13213170579306288,0.13341985164825348,0.13213170579306288,0.12793665730006373,0.1301458672160352,0.13324296937536603,0.13263504695895406,0.12793665724267733,0.13014586716441764,0.1332429691966369,0.13263504677686266,0.15981262525977488,0.1840325679432193,
lewidi_convabuse,qwen,48,LP-temp,3,256,0.4239842417967947,0.12796747214562285,0.2178623338786274,0.3437778774003892,0.85,0.8321428571428572,0.3673777669563002,,0.10014586713800933,,0.10014586713800934,,0.09432483295947139,,0.10020297028571848,,0.09432483306366744,,0.10020297046732116,,0.10052201328751921,,
lewidi_convabuse,qwen,48,GPP-cosine,3,1024,0.3304028326434476,0.0851650620204531,0.14595362688519561,0.21597292349441863,0.8869047619047619,0.8738095238095238,0.23445668816566467,0.006552239879965782,0.3116337814862734,0.2836821366038518,0.3116337814862734,0.2836821366038518,0.3056963461857263,0.27929895680033634,0.311744193153896,0.2840547552760371,0.3056963460201262,0.27929895619324924,0.31174419275014165,0.2840547541860266,0.2978919551042489,0.30488396682954627,
lewidi_convabuse,qwen,48,GPP-rbf,3,1024,0.31631189039593854,0.08590848875967964,0.15185195864393053,0.23696056038096028,0.8809523809523809,0.8630952380952381,0.22124724090099335,0.04587097465991974,0.3323840159285453,0.29362729619673644,0.3323840159285454,0.29362729619673644,0.32833341771756497,0.29097744781323037,0.33285820216218454,0.2938519013592703,0.32833341769768154,0.29097744768867795,0.33285820187816695,0.2938519010165876,0.31470018052376353,0.30022470407789353,
lewidi_convabuse,qwen,48,GPP-laplace,3,1024,0.40593658329014976,0.13111118867040908,0.22946452747121276,0.3683032597771526,0.8476190476190476,0.8226190476190476,0.2653648555278778,0.14553263783454895,0.19591442153386063,0.18545213709918046,0.19591442153386068,0.18545213709918046,0.1945765241732142,0.18370416481643986,0.19614245521120208,0.18551895626028989,0.19457652401536546,0.18370416468987982,0.19614245488858703,0.18551895595823303,0.19423753327334586,0.18500800878173307,
lewidi_convabuse,qwen,48,LPE,3,1024,0.36474859786302605,0.08698378800037133,0.14825316559751744,0.2129009678829961,0.875,0.8642857142857143,0.08886756747961044,0.14618486166000366,0.26133260734296193,0.2880586270937127,0.26133260734296193,0.2880586270937127,0.2552256325429164,0.28194315116739965,0.26066553361020567,0.2875929949610905,0.25522563294859557,0.28194315145716414,0.26066553393785785,0.28759299518420955,0.2581842647753441,0.27739355299686413,
lewidi_convabuse,qwen,48,LP-temp,3,1024,0.39267713058002895,0.12272352316671695,0.21523129888117137,0.35445422216659456,0.8547619047619047,0.8488095238095238,0.3969803551493162,,0.17119805886072975,,0.1711980588607298,,0.16430446522357633,,0.170493161802042,,0.16430446547887334,,0.17049316194483233,,0.17462808215376485,,
lewidi_convabuse,qwen,48,GPP-cosine,4,16,1.0891348735216222,0.27710013971234904,0.3829385336931799,0.35072195397690675,0.6273809523809524,0.6214285714285714,0.2732677161693573,0.09297055006027222,0.01201717390985389,0.07369895408193658,0.012017173909853891,0.07369895408193658,0.0067256001286505485,0.06743580195786486,0.011251464789178121,0.07318518530557312,0.006725599978777745,0.06743580168520853,0.011251464673577018,0.07318518482441434,0.010785419337094215,0.07194216557390015,
lewidi_convabuse,qwen,48,GPP-rbf,4,16,0.44878510214016226,0.15443331251862055,0.27173292945981736,0.44604744618182973,0.8464285714285714,0.8214285714285714,0.35715165734291077,0.14215371012687683,0.08097735667856165,0.11856267886268221,0.08097735667856168,0.11856267886268221,0.07887980891598108,0.1175276686493699,0.08051168894899888,0.1182309956519288,0.07887980930652704,0.1175276687321754,0.0805116895889233,0.11823099575181906,0.08905598391052963,0.11298174493901096,
lewidi_convabuse,qwen,48,GPP-laplace,4,16,0.6001642687749025,0.23337293809431725,0.4001535286949504,0.5924884819933276,0.8380952380952381,0.8130952380952381,0.4310738742351532,0.2468004673719406,0.08917233768742304,0.07135553733390991,0.08917233768742304,0.07135553733390992,0.08598668362068784,0.06991269727738036,0.08909921245664101,0.07098916576739409,0.08598668371113463,0.06991269731239115,0.08909921265722856,0.0709891656554142,0.11519744364503963,0.06137600304776064,
lewidi_convabuse,qwen,48,LPE,4,16,0.5007117949245499,0.13883890072100924,0.21826413260839347,0.299552929505205,0.8369047619047619,0.8119047619047619,0.22991587221622467,0.06143852323293686,0.006728027432457335,-0.005527194023219818,0.006728027432457331,-0.005527194023219814,-0.0002647867762877922,-0.01467782938009604,0.004881132388514786,-0.007609082576737116,-0.0002647861947836297,-0.014677828962515366,0.004881133403222134,-0.007609081696275142,0.012856546334909484,0.010507278363509138,
lewidi_convabuse,qwen,48,LP-temp,4,16,0.47671902073656125,0.17084946521999075,0.3020798489330696,0.49072390179045444,0.8321428571428572,0.8071428571428572,0.5502055663822625,,0.005523767581944446,,0.0055237675819444585,,0.00011245953404721495,,0.00410706221552372,,0.00011246013529711031,,0.004107063188277124,,0.010851871148127624,,
lewidi_convabuse,qwen,48,GPP-cosine,4,64,0.9647165332759142,0.24560122402665058,0.340071270729344,0.31034138063757577,0.6547619047619048,0.6583333333333333,0.2611018121242523,0.04753774777054787,0.01009573403311013,0.05420774022691932,0.010095734033110138,0.05420774022691932,0.013295128169672597,0.056059382766858484,0.009635765029017463,0.054026445855411026,0.013295128622159392,0.05605938308145714,0.009635766045558566,0.05402644653945543,0.00863827420069317,0.04761982902018989,
lewidi_convabuse,qwen,48,GPP-rbf,4,64,0.4484844289306363,0.13916869223549938,0.23352156551776543,0.3545180765434009,0.8464285714285714,0.8214285714285714,0.2765694856643677,0.10314274579286575,0.09231499632613757,0.10656742500120635,0.09231499632613759,0.10656742500120636,0.09464299921691893,0.10977587468303941,0.09217656770569008,0.10664872175009489,0.09464299885301516,0.10977587433990274,0.09217656705935096,0.10664872113222704,0.09640323095984753,0.10723327038188242,
lewidi_convabuse,qwen,48,GPP-laplace,4,64,0.4920999606931976,0.18225483781757004,0.3205810423984769,0.5147759695104125,0.8452380952380952,0.8202380952380952,0.37755048274993896,0.2145853340625763,0.13817129585252366,0.12755555855238948,0.1381712958525237,0.12755555855238948,0.13393110810430903,0.12357999194366381,0.13785063645237153,0.1271318432496154,0.13393110814335785,0.12357999196881343,0.13785063647099038,0.12713184318711732,0.12232299047025315,0.10753042443147781,
lewidi_convabuse,qwen,48,LPE,4,64,0.6759661651585009,0.1369123136250892,0.18677028012881194,0.1813884410627265,0.844047619047619,0.8214285714285714,0.10947152227163315,0.021525749936699867,0.005809451640926383,0.010351333340849748,0.005809451640926382,0.010351333340849748,0.007623070900525887,0.01196170517979954,0.005501848538321439,0.010300499108860758,0.0076230705628203286,0.011961704861531676,0.005501847941458928,0.010300498590578112,0.0325306897445634,0.06697220216952882,
lewidi_convabuse,qwen,48,LP-temp,4,64,0.4782019700447451,0.1448123845711708,0.23864743946380038,0.35540288786796886,0.8321428571428572,0.8095238095238095,0.368051214551287,,0.0037955602264813076,,0.003795560226481311,,0.005650305630211161,,0.0032464211954450293,,0.005650305345395535,,0.003246420638659925,,0.01575258117411093,,
lewidi_convabuse,qwen,48,GPP-cosine,4,256,0.6493967960708578,0.18421055590573324,0.26934176133865356,0.2793719314344197,0.7333333333333333,0.7321428571428571,0.2734197974205017,0.023616855964064598,0.1580104221451194,0.13945244390328862,0.1580104221451194,0.13945244390328862,0.15529592473606466,0.13916178729412748,0.15817092196597535,0.13985827015123126,0.1552959246800427,0.1391617869270099,0.15817092166906574,0.1398582694152529,0.16732878632130319,0.1567726342736381,
lewidi_convabuse,qwen,48,GPP-rbf,4,256,0.386671055206201,0.11815336275291786,0.20620581228175155,0.32664098168815053,0.8595238095238096,0.8369047619047619,0.2807827293872833,0.07562433928251266,0.15888867446979293,0.16447942153332368,0.15888867446979296,0.16447942153332368,0.14596560216624754,0.15527783553782115,0.15757706207516883,0.16339616187879094,0.14596560256801733,0.1552778356994753,0.1575770621953514,0.16339616175736604,0.16331938469955612,0.1746221031990446,
lewidi_convabuse,qwen,48,GPP-laplace,4,256,0.4413078897259433,0.150987081844238,0.2646695622564515,0.427527835291302,0.8464285714285714,0.8214285714285714,0.31047171354293823,0.17276132106781006,0.1483509749008189,0.14032247303080383,0.14835097490081894,0.14032247303080386,0.14379348300868594,0.13585494165882792,0.14803138431677992,0.1398850472173719,0.14379348307621995,0.13585494172413873,0.14803138428699544,0.13988504715186176,0.1385752243489698,0.13011414928345644,
lewidi_convabuse,qwen,48,LPE,4,256,0.4479356581328316,0.11458808358974579,0.18696579639053132,0.24974561015594768,0.8559523809523809,0.8357142857142857,0.17184127867221832,0.08119990676641464,0.1394404222906656,0.12969266871912416,0.1394404222906656,0.1296926687191242,0.12380441767108177,0.1147349601399745,0.1380778118839206,0.12830862950975655,0.12380441788288869,0.11473496046688039,0.13807781178658102,0.12830862959999823,0.14795538433407682,0.160916135308396,
lewidi_convabuse,qwen,48,LP-temp,4,256,0.43971921573245276,0.14507070551071954,0.2503049728225605,0.40447715217061936,0.8404761904761905,0.8202380952380952,0.4478341509667048,,0.09921721266703762,,0.09921721266703765,,0.08285328302614732,,0.09776003163328842,,0.08285328322671853,,0.09776003171102891,,0.10021344797577206,,
lewidi_convabuse,qwen,48,GPP-cosine,4,1024,0.34239790641277684,0.0906308643377736,0.1557375233379952,0.2331253535100802,0.8797619047619047,0.8714285714285714,0.2434571534395218,0.007051761727780104,0.2468664627020844,0.20720077161949213,0.24686646270208445,0.20720077161949213,0.24946999468048678,0.21102434577181853,0.24800119436925527,0.20823528334717978,0.24946999467038433,0.21102434539774406,0.24800119418323158,0.20823528257688362,0.25621524124142264,0.262678919691749,
lewidi_convabuse,qwen,48,GPP-rbf,4,1024,0.32075327509524904,0.08773990373668669,0.15493703140313128,0.25136922133033235,0.8761904761904762,0.8607142857142858,0.23236389458179474,0.047784749418497086,0.29320985515355674,0.27072292020801164,0.2932098551535568,0.27072292020801164,0.2837952040852343,0.263960066956252,0.29294529920676976,0.27052828543711593,0.28379520418281645,0.2639600668719029,0.292945299067084,0.2705282851123014,0.28150838921442045,0.27649462569604144,
lewidi_convabuse,qwen,48,GPP-laplace,4,1024,0.4060513952733408,0.13168739244392622,0.2307661614513823,0.3722033547131673,0.8476190476190476,0.8226190476190476,0.2686193287372589,0.1472693383693695,0.1959617026350834,0.18572901863564417,0.19596170263508345,0.18572901863564417,0.19140696324587553,0.18089996623147298,0.19592761510398587,0.18554024542818284,0.19140696304015825,0.18089996605586867,0.19592761469324427,0.18554024503654856,0.1965759878780665,0.18980569287652294,
lewidi_convabuse,qwen,48,LPE,4,1024,0.3851163750116242,0.09407396674095043,0.15897872715133432,0.23255558736119022,0.8869047619047619,0.8785714285714286,0.09711438417434692,0.15121401846408844,0.18979533683571487,0.22863484961458244,0.18979533683571487,0.22863484961458247,0.1900374312422202,0.2283359826633818,0.19007705867552935,0.22903213149554685,0.1900374316108397,0.2283359828407795,0.19007705923049362,0.2290321316889356,0.22059040826368492,0.2394676424227711,
lewidi_convabuse,qwen,48,LP-temp,4,1024,0.4427280973068246,0.14571435925212953,0.24996437487120088,0.3957090705636364,0.8297619047619048,0.8285714285714286,0.44185862943025006,,0.11997959914529682,,0.11997959914529684,,0.11549426815106115,,0.11965688007394401,,0.11549426861054216,,0.11965688086602647,,0.10951063715209006,,
