dataset,model,layer,method,seed,n_obs,soft_ce,jsd,tvd,entce,rankcs,acc,mean_alea,mean_mi,corrAlea_entropy,corrMI_entropy,corrAlea_norm_entropy,corrMI_norm_entropy,corrAlea_one_minus_max,corrMI_one_minus_max,corrAlea_gini,corrMI_gini,corrAlea_top2_margin,corrMI_top2_margin,corrAlea_bern_var,corrMI_bern_var,corrAleaS_entropy,corrMIS_entropy,mono_alea
lewidi_md,gemma,0,GPP-cosine,0,16,0.9089813847863742,0.20872288622814394,0.38120503742730694,0.30413027250575925,0.4887144259077527,0.4887144259077527,0.3793213665485382,0.1618288904428482,0.017896275244254987,-0.008063377209032566,0.01789627524425499,-0.008063377209032562,0.02023142391717686,-0.003841104711726998,0.018729603027220584,-0.006833634393522414,0.02023142391717685,-0.003841104711726998,0.018729602733330436,-0.006833634651669933,0.01968550336351577,-0.015635378478835636,1.0
lewidi_md,gemma,0,GPP-rbf,0,16,0.687016326595095,0.15139526808857534,0.31875796098899406,0.3434812108080371,0.5649329407916258,0.5649329407916258,0.4932249188423157,0.18289335072040558,0.12365721188751222,-0.14907803727633206,0.12365721188751222,-0.14907803727633206,0.11420549485340363,-0.13871188612073365,0.12162815057526487,-0.146944896013437,0.11420549485340364,-0.13871188612073365,0.12162815008471695,-0.14694489596671528,0.12261996131370348,-0.14438067982421968,1.0
lewidi_md,gemma,0,GPP-laplace,0,16,0.6803988038519273,0.15013238497758244,0.3191719374085978,0.3533964070161263,0.65129211645404,0.65129211645404,0.4392269551753998,0.2514163553714752,-0.023063838716452463,-0.03838456942257176,-0.02306383871645246,-0.03838456942257174,-0.02391037794681516,-0.034955119442653525,-0.02347953914411136,-0.03760391628202288,-0.023910377946815168,-0.034955119442653525,-0.023479538780365017,-0.03760391667305521,-0.022793982609208948,-0.035390361513186544,-1.0
lewidi_md,gemma,0,LPE,0,16,0.7389428061195715,0.16589275228589762,0.33549371566398006,0.32472574249677266,0.5220804710500491,0.5220804710500491,0.49575430154800415,0.14043165743350983,0.05776655555036786,-0.050132812488711,0.05776655555036786,-0.050132812488710994,0.05395050810133864,-0.04077209746029852,0.057001077556176394,-0.047627556417166116,0.053950508101338654,-0.04077209746029853,0.05700107706520752,-0.047627555871467386,0.04302022408122706,-0.0308226187987362,1.0
lewidi_md,gemma,0,LP-temp,0,16,0.6927235492585592,0.1549941639086985,0.3271786046357924,0.3541749783439008,0.5158652273470723,0.5158652273470723,0.6914218781717418,,0.04142512522220735,,0.04142512522220736,,0.04340955005083108,,0.04231296592332117,,0.04340955005083109,,0.04231296578119473,,0.018570061252249165,,1.0
lewidi_md,gemma,0,GPP-cosine,0,64,1.1960879027408673,0.21549140478013973,0.35923367786610266,0.3059774692407876,0.57801766437684,0.57801766437684,0.2676692008972168,0.07534275203943253,0.020568918357195716,0.006893138288355288,0.02056891835719572,0.006893138288355291,0.02030152432670189,0.007185861878397778,0.020628506305872915,0.0070294668894987904,0.020301524326701893,0.007185861878397777,0.020628506541089373,0.007029467091970467,0.026863737059189045,0.014898987967026153,1.0
lewidi_md,gemma,0,GPP-rbf,0,64,0.6657043922157997,0.13459761378386742,0.28911178879376465,0.3087313498934959,0.6578344782466471,0.6578344782466471,0.4529443383216858,0.1389373242855072,0.10785484806675426,-0.08856446534526413,0.10785484806675426,-0.08856446534526415,0.09721638357120463,-0.08344174949108243,0.10535631314373424,-0.08761238620202888,0.09721638357120463,-0.08344174949108245,0.10535631082743967,-0.08761238722061906,0.1052897520636631,-0.07783531195853993,0.5
lewidi_md,gemma,0,GPP-laplace,0,64,0.6600790220131729,0.1404223269975949,0.30156430036394977,0.3382292599504907,0.6637226038599935,0.6637226038599935,0.42807266116142273,0.24202078580856323,-0.050336544888846625,-0.06940228061370354,-0.05033654488884662,-0.06940228061370353,-0.04873935409751272,-0.0642883012343248,-0.05019543189975302,-0.06832153469185744,-0.04873935409751272,-0.0642883012343248,-0.05019543259717593,-0.06832153529584613,-0.06491963575568237,-0.07555666313106327,-1.0
lewidi_md,gemma,0,LPE,0,64,0.7620369386807125,0.14824553022568393,0.29588871669574374,0.28747633666070793,0.6480209355577363,0.6480209355577363,0.3622170686721802,0.10803031176328659,0.11961407318683184,0.006640311472254622,0.11961407318683183,0.00664031147225462,0.1096152897872044,0.006319111600134501,0.1173908088438971,0.006588066217261679,0.1096152897872044,0.006319111600134509,0.1173908065800392,0.00658806492927359,0.10846323110856754,0.020511745083953033,1.0
lewidi_md,gemma,0,LP-temp,0,64,0.6722796857391948,0.14674475525062072,0.313798851808197,0.3515379688263007,0.6388616290480864,0.6388616290480864,0.6886910669145735,,0.09726511011739719,,0.09726511011739719,,0.0892172361319494,,0.09548241868680171,,0.0892172361319494,,0.09548241684506642,,0.08858265478400554,,1.0
lewidi_md,gemma,0,GPP-cosine,0,256,0.8108025844414506,0.1415002940237056,0.27624545206815715,0.2795178622694339,0.6980700032711809,0.6980700032711809,0.3390284776687622,0.044776253402233124,0.14379294587951638,0.09474482320220878,0.1437929458795164,0.09474482320220878,0.13336489703250481,0.09009423426624716,0.14160474599436323,0.09397878722198388,0.13336489703250481,0.09009423426624716,0.14160474383648575,0.09397878564680628,0.1355103127525761,0.12044488830505476,1.0
lewidi_md,gemma,0,GPP-rbf,0,256,0.6820680961749719,0.13005246269993326,0.27671185434193235,0.2939976396816048,0.6787700359829899,0.6787700359829899,0.416316956281662,0.0988973006606102,0.1272855310566371,-0.04831159740379665,0.12728553105663706,-0.04831159740379665,0.116398554346244,-0.046702944899995005,0.12484452981049621,-0.04815311843930773,0.116398554346244,-0.04670294489999502,0.12484452650605957,-0.048153120487152416,0.12404373731664443,-0.034273308362476745,1.0
lewidi_md,gemma,0,GPP-laplace,0,256,0.6601995854345123,0.13518480368388214,0.2926767370086267,0.3110169810298903,0.6663395485770363,0.6663395485770363,0.39257022738456726,0.21845373511314392,-0.06294161712123061,-0.0827396235305132,-0.06294161712123061,-0.08273962353051319,-0.060309036791642415,-0.0771416352277931,-0.06257178151554171,-0.08160298039990846,-0.060309036791642436,-0.0771416352277931,-0.0625717835891302,-0.08160298200053742,-0.06615773423339162,-0.08654575460926248,-1.0
lewidi_md,gemma,0,LPE,0,256,0.8037520662914748,0.14608030534806593,0.2863570194792587,0.2832049843933234,0.6705920837422309,0.6705920837422309,0.2609076499938965,0.1710294485092163,0.1597175497420435,0.03794380393051004,0.1597175497420435,0.03794380393051004,0.14514790346603368,0.033141021821228835,0.1563780355807935,0.03674217089067815,0.14514790346603368,0.03314102182122885,0.15637803296769237,0.03674216901377945,0.149459676315044,0.04440060896395019,0.5
lewidi_md,gemma,0,LP-temp,0,256,0.6539219703279692,0.1332714980048029,0.28728012199411385,0.3147806070106611,0.6516192345436702,0.6516192345436702,0.625644186858312,,0.15634314251814505,,0.15634314251814502,,0.13869701405639068,,0.15204420733119184,,0.13869701405639068,,0.15204420592427237,,0.13083424583172712,,0.5
lewidi_md,gemma,0,GPP-cosine,0,1024,0.7061375614494865,0.11643584180561997,0.24325188769929723,0.2618921201755238,0.732090284592738,0.732090284592738,0.38981518149375916,0.013728839345276356,0.22263342537554276,0.15923280281770125,0.22263342537554276,0.15923280281770125,0.21560728127571768,0.15733381636051744,0.22202088271799067,0.1597461483592965,0.2156072812757177,0.15733381636051744,0.22202088190385866,0.1597461477975824,0.21396728143192068,0.19850174966926432,1.0
lewidi_md,gemma,0,GPP-rbf,0,1024,0.6418601733968127,0.11085652945797882,0.244783802833974,0.2698553305468958,0.7222767419038273,0.7222767419038273,0.40360671281814575,0.07022200524806976,0.24903190854522173,0.014431413847405788,0.24903190854522173,0.014431413847405788,0.2374542163024002,0.01826834900060347,0.2472150688496137,0.015698048533696184,0.2374542163024002,0.018268349000603472,0.2472150666024336,0.01569804733416331,0.2348267914874606,0.06604874836270785,1.0
lewidi_md,gemma,0,GPP-laplace,0,1024,0.6418976186999812,0.12701439756493627,0.2783722456765206,0.30169755166254686,0.6666666666666666,0.6666666666666666,0.38451093435287476,0.21267297863960266,0.10245427216594327,0.06376476026205868,0.10245427216594327,0.06376476026205868,0.09396542007650234,0.0595194529288557,0.1005729369663181,0.06290974948815758,0.09396542007650235,0.059519452928855715,0.10057293329416264,0.06290974617991862,0.07356761583250201,0.036434527283216736,1.0
lewidi_md,gemma,0,LPE,0,1024,0.7949621755308904,0.12438466799585364,0.25411703997839824,0.26677223848205844,0.7072293097808309,0.7072293097808309,0.13383951783180237,0.2617819905281067,0.22548490165934287,0.16364087144133355,0.22548490165934287,0.1636408714413336,0.21857856246635965,0.1575258674614009,0.22492836259879623,0.1629013266035354,0.21857856246635965,0.15752586746140093,0.22492836273728156,0.16290132635361176,0.22890791839727537,0.1575574094194184,1.0
lewidi_md,gemma,0,LP-temp,0,1024,0.6162193394257582,0.11916005194287746,0.26610676786569104,0.3138615865241259,0.6980700032711809,0.6980700032711809,0.6256534543882442,,0.18355781206941993,,0.18355781206941993,,0.17650955044262145,,0.1826707383545347,,0.17650955044262148,,0.18267073944663637,,0.19052177592391317,,1.0
lewidi_md,gemma,0,GPP-cosine,1,16,0.7684337329697815,0.16674090358688404,0.3287073737944881,0.30550877400117293,0.5583905789990187,0.5583905789990187,0.39741119742393494,0.16914105415344238,0.057427185293534126,0.04815988019694999,0.057427185293534126,0.04815988019695,0.05554949682225861,0.0465671303459273,0.0572493006058466,0.04800520126245875,0.05554949682225861,0.04656713034592731,0.05724930028318103,0.04800520089324366,0.06060108830188375,0.044202864306317834,1.0
lewidi_md,gemma,0,GPP-rbf,1,16,0.6989990778885066,0.14341037391287592,0.2997227358063004,0.3011171587329887,0.6647039581288845,0.6647039581288845,0.39927762746810913,0.15946155786514282,-0.04919657798662305,-0.12131778520617756,-0.049196577986623045,-0.12131778520617756,-0.05004567186841334,-0.1135733622472055,-0.0497921533505908,-0.11979228789497365,-0.05004567186841334,-0.11357336224720552,-0.04979215390510287,-0.11979228794777724,-0.0552431683971411,-0.11585912163985673,-1.0
lewidi_md,gemma,0,GPP-laplace,1,16,0.6676369087771843,0.1442000159329542,0.30727941106114076,0.3440415417000237,0.6611056591429506,0.6611056591429506,0.43183836340904236,0.24778999388217926,-0.09013078618949355,-0.06972989918710013,-0.09013078618949355,-0.06972989918710011,-0.08439993207323856,-0.06325755211362463,-0.08900436115544669,-0.06823799365816366,-0.08439993207323856,-0.06325755211362463,-0.08900436087114155,-0.06823799380425882,-0.09733721078345353,-0.07127343145694277,-1.0
lewidi_md,gemma,0,LPE,1,16,0.8936289516906305,0.17181208620577132,0.31725222154500726,0.29251580803578636,0.6630683676807327,0.6630683676807327,0.2917274534702301,0.0637660026550293,0.020191701779092006,-0.043277959757452994,0.020191701779092002,-0.043277959757452994,0.01641712084771897,-0.045542300409350325,0.01918132912929505,-0.04426368806040373,0.01641712084771897,-0.045542300409350325,0.01918132836425444,-0.04426368840297911,0.015361172383070828,-0.027382321872516453,0.5
lewidi_md,gemma,0,LP-temp,1,16,0.6592325378501233,0.13518486497164253,0.29187077703501885,0.3132242376511018,0.6578344782466471,0.6578344782466471,0.6205964203141298,,0.052014055448566035,,0.05201405544856602,,0.04702817712136027,,0.05085312770963102,,0.047028177121360266,,0.05085312701351135,,0.024900880808429955,,0.5
lewidi_md,gemma,0,GPP-cosine,1,64,1.092807175378731,0.218025566292422,0.37202122928297926,0.3079047095001044,0.5531566895649329,0.5531566895649329,0.3184896409511566,0.08883261680603027,-0.003068088522728881,-0.005644229533605997,-0.0030680885227288793,-0.005644229533606004,-0.005096249760090118,-0.007295620892312643,-0.0037063647929611067,-0.006185495119521815,-0.005096249760090118,-0.007295620892312645,-0.0037063640194358524,-0.006185494508374159,-0.004791250878046458,-0.0071792515100173385,-0.5
lewidi_md,gemma,0,GPP-rbf,1,64,0.7051714239545047,0.15506200697846656,0.3212408616104263,0.32936670389735057,0.5639515865227347,0.5639515865227347,0.4917316436767578,0.15471233427524567,0.09704082509728754,-0.12213536968796332,0.09704082509728751,-0.1221353696879633,0.08700576902979819,-0.11382569073416891,0.09465181862182037,-0.12044344588143548,0.0870057690297982,-0.11382569073416891,0.09465181844727802,-0.12044344588479289,0.09517118875761593,-0.11508616641443377,0.5
lewidi_md,gemma,0,GPP-laplace,1,64,0.6860858092395015,0.15243340757484639,0.32344751284476936,0.35441285212471807,0.6064769381746811,0.6064769381746811,0.44155120849609375,0.2500965893268585,0.04080858018609883,-0.04785648235786124,0.040808580186098835,-0.047856482357861226,0.035530323908676026,-0.043394842263184116,0.039481874976595915,-0.04682660759679261,0.035530323908676026,-0.043394842263184116,0.039481875081969924,-0.046826607976215066,0.03610639092403586,-0.046078593676566255,0.5
lewidi_md,gemma,0,LPE,1,64,0.8301819141716549,0.18138148777727917,0.3448687518753296,0.3054503672842698,0.5518482172064115,0.5518482172064115,0.42917364835739136,0.11647197604179382,0.07593577586382726,-0.08207327168892543,0.07593577586382724,-0.08207327168892543,0.06772050402329793,-0.07562586602292459,0.07395596073877245,-0.08067355057188624,0.06772050402329793,-0.07562586602292459,0.07395596061046787,-0.08067355031929976,0.07556187368233568,-0.06770654435418404,0.5
lewidi_md,gemma,0,LP-temp,1,64,0.767294491340318,0.1700392232744815,0.3362414683659084,0.3129547526865253,0.5436702649656526,0.5436702649656526,0.5974520790744943,,0.05158261015565188,,0.051582610155651874,,0.044862781764040675,,0.04989101612212767,,0.04486278176404068,,0.0498910160407758,,0.03764493254275965,,0.5
lewidi_md,gemma,0,GPP-cosine,1,256,0.8254565153160986,0.1433609801682857,0.2800830958322973,0.28745362539893893,0.6869479882237488,0.6869479882237488,0.33466556668281555,0.04380248859524727,0.10273805955519827,0.08341733613360558,0.10273805955519827,0.08341733613360558,0.09673233338423048,0.08004239411176385,0.10161438247529493,0.08296189834156029,0.09673233338423048,0.08004239411176384,0.10161438118395863,0.08296189735156491,0.09781106256022425,0.09888964524670442,1.0
lewidi_md,gemma,0,GPP-rbf,1,256,0.684660540824847,0.1293035439768125,0.2742862687049367,0.2923893835667823,0.6879293424926398,0.6879293424926398,0.40922409296035767,0.09272299706935883,0.10683306937539822,-0.05755993219713167,0.10683306937539822,-0.05755993219713166,0.10063552867643731,-0.05116450988533545,0.10567908020113109,-0.05600803256487229,0.10063552867643732,-0.051164509885335455,0.10567907734078483,-0.056008034125904514,0.10735349967914921,-0.0354047322854466,1.0
lewidi_md,gemma,0,GPP-laplace,1,256,0.6700516484924569,0.13701118834894757,0.29341246800891396,0.3047601803644072,0.6666666666666666,0.6666666666666666,0.3811721205711365,0.21129027009010315,-0.07495987602324641,-0.08765063810074535,-0.07495987602324641,-0.08765063810074535,-0.07082792051921614,-0.08140722865756417,-0.0742160870081201,-0.08635122486747025,-0.07082792051921614,-0.08140722865756417,-0.07421608846767541,-0.0863512260472366,-0.08151878513498474,-0.09139761153680971,-1.0
lewidi_md,gemma,0,LPE,1,256,0.7910325465754078,0.14186821915459796,0.28092309654405206,0.2858996365123959,0.6748446189074255,0.6748446189074255,0.23855026066303253,0.18378426134586334,0.1446352581311693,0.020095809487684316,0.1446352581311693,0.020095809487684302,0.138548545111769,0.02499576880218193,0.1437740707591472,0.021724784606546713,0.138548545111769,0.02499576880218194,0.14377406891537314,0.0217247828094744,0.13960809399738894,0.03670256925712939,1.0
lewidi_md,gemma,0,LP-temp,1,256,0.6440687254115279,0.1318755684139397,0.28721104713736345,0.32383775824172684,0.6545632973503435,0.6545632973503435,0.6441825416937792,,0.1176779926469707,,0.11767799264697071,,0.11608658243468477,,0.1180001550928674,,0.11608658243468477,,0.11800015452044121,,0.10423772657711738,,1.0
lewidi_md,gemma,0,GPP-cosine,1,1024,0.6711704575166535,0.11167120880494567,0.24018810536761304,0.26184844388217093,0.7363428197579326,0.7363428197579326,0.41045835614204407,0.014146347530186176,0.2341053187771517,0.1641916714249883,0.2341053187771517,0.1641916714249883,0.22135430779900436,0.15622277033104487,0.2318290943698845,0.16289168736642323,0.2213543077990044,0.1562227703310449,0.2318290918237208,0.16289168525275807,0.2215877199451374,0.1969546125604896,1.0
lewidi_md,gemma,0,GPP-rbf,1,1024,0.6199470433052754,0.10562667595836628,0.23668795717077903,0.2668014675215037,0.7314360484134773,0.7314360484134773,0.41306135058403015,0.06439124047756195,0.2587006590513282,0.017502017281680823,0.2587006590513282,0.01750201728168082,0.2457538482619819,0.01819911792609388,0.25653340611751096,0.017834120403251646,0.24575384826198193,0.018199117926093876,0.25653340239212574,0.017834118081808112,0.24713364920283573,0.07145452175937582,1.0
lewidi_md,gemma,0,GPP-laplace,1,1024,0.6390739980254249,0.1258041215844473,0.27652890143363373,0.3000298526471475,0.6692836113837095,0.6692836113837095,0.3839692771434784,0.21073395013809204,0.12002690340713179,0.07128818773030142,0.12002690340713179,0.07128818773030142,0.10880868466173654,0.06544042967866501,0.11743534604128725,0.06999704882666533,0.10880868466173654,0.06544042967866501,0.11743534185353206,0.06999704504496108,0.08887714362854897,0.04394168923242537,0.5
lewidi_md,gemma,0,LPE,1,1024,0.7467404261608442,0.11796043439534756,0.24457464160855297,0.26343531664274616,0.7275106313379129,0.7275106313379129,0.14262333512306213,0.25743016600608826,0.2242955146998498,0.17839522501952432,0.2242955146998498,0.17839522501952432,0.2165019131638187,0.17014173153442266,0.2234607953762373,0.17710597053967972,0.2165019131638187,0.1701417315344227,0.22346079390111642,0.17710596856270056,0.223857287868094,0.17246005011735166,1.0
lewidi_md,gemma,0,LP-temp,1,1024,0.6122036301524371,0.11797329715322236,0.26258001974787293,0.3130202767562984,0.7173699705593719,0.7173699705593719,0.6273104602633961,,0.19578215500930793,,0.19578215500930793,,0.18501491720005192,,0.193847028068502,,0.18501491720005195,,0.19384702706401932,,0.20171812745303005,,1.0
lewidi_md,gemma,0,GPP-cosine,2,16,0.9097382036680677,0.1976266829283235,0.35895119325608876,0.3051339731304636,0.5433431468760223,0.5433431468760223,0.3520379364490509,0.14756625890731812,0.006843650758614095,-0.012143782750772207,0.006843650758614102,-0.012143782750772214,0.012424443943290973,-0.005901805727280026,0.008589008484798301,-0.010327328684611392,0.012424443943290979,-0.005901805727280029,0.008589008662280182,-0.010327328391792071,0.01651630019445331,-0.012242586924535507,0.5
lewidi_md,gemma,0,GPP-rbf,2,16,0.7460418252922404,0.15326616562138534,0.3090699845982857,0.29792753229040747,0.6647039581288845,0.6647039581288845,0.3710448741912842,0.13717550039291382,-0.10325183253878392,-0.1453932337297917,-0.10325183253878392,-0.1453932337297917,-0.09630754938919497,-0.13538375938541536,-0.10184603660708955,-0.14334338995797033,-0.09630754938919497,-0.13538375938541536,-0.10184603638091144,-0.14334338979963535,-0.10261841159763845,-0.13698603214164906,-1.0
lewidi_md,gemma,0,GPP-laplace,2,16,0.6662478647719591,0.1435115757780023,0.30565189709110047,0.3424828459046631,0.6647039581288845,0.6647039581288845,0.4310361444950104,0.24690040946006775,-0.10581061131891517,-0.08502655558668497,-0.10581061131891516,-0.08502655558668495,-0.09834879373780933,-0.07720454132056959,-0.10426484550404726,-0.08322872678227015,-0.09834879373780933,-0.0772045413205696,-0.10426484536442118,-0.083228727034027,-0.10518053850459949,-0.08610671982803748,-1.0
lewidi_md,gemma,0,LPE,2,16,0.9097272994539692,0.1767261669690524,0.32280114682034916,0.2955597376165569,0.6630683676807327,0.6630683676807327,0.28595873713493347,0.07529746741056442,-0.017786414169244594,-0.058019919486004164,-0.01778641416924459,-0.05801991948600416,-0.016576672608459728,-0.05375280801650745,-0.017540139028971058,-0.057118901306258296,-0.016576672608459735,-0.05375280801650745,-0.017540139147271833,-0.05711890116935665,-0.01817387574382922,-0.04645123637703877,-1.0
lewidi_md,gemma,0,LP-temp,2,16,0.7122709007741901,0.1461055649640493,0.30097273397612545,0.29312199378777365,0.6545632973503435,0.6545632973503435,0.5488245500503423,,-0.0009968789034012961,,-0.0009968789034012996,,-0.0015167764414751603,,-0.0011619362276972705,,-0.001516776441475162,,-0.0011619364472900424,,-0.014341825346170732,,-0.5
lewidi_md,gemma,0,GPP-cosine,2,64,0.9548686638783632,0.19270480038282659,0.3463724094253015,0.3047873342439525,0.5897939156035329,0.5897939156035329,0.34585386514663696,0.09635407477617264,0.01045896295534509,-0.003946416944662507,0.010458962955345093,-0.00394641694466251,0.009545863626213645,-0.0038692334737160153,0.010252749984710922,-0.0039499732424372784,0.009545863626213638,-0.0038692334737160184,0.010252749421748511,-0.003949973908503134,0.008415402922477208,-0.0052450146795757985,1.0
lewidi_md,gemma,0,GPP-rbf,2,64,0.6841382595872754,0.14714351356394642,0.3088989760202688,0.32869545896453667,0.6064769381746811,0.6064769381746811,0.47839367389678955,0.16392827033996582,0.061127838887436295,-0.13729212120347095,0.06112783888743628,-0.13729212120347095,0.05866703416142524,-0.12639905056637596,0.06079785087545379,-0.1349178442470159,0.05866703416142523,-0.12639905056637596,0.060797849277293925,-0.13491784488055597,0.0721574548256912,-0.1294863754981926,1.0
lewidi_md,gemma,0,GPP-laplace,2,64,0.677066845766159,0.14876858704954687,0.3166526529571181,0.3525504515732726,0.6470395812888453,0.6470395812888453,0.4395216405391693,0.2502402365207672,-0.009741190158549958,-0.05183513097111062,-0.009741190158549956,-0.05183513097111062,-0.009844536555630832,-0.04657580195591953,-0.009839402572464476,-0.05058975515906383,-0.009844536555630837,-0.046575801955919545,-0.009839402992012853,-0.05058975585646221,-0.010190268181787506,-0.04580026786302976,-1.0
lewidi_md,gemma,0,LPE,2,64,0.7947128398584047,0.16695423440300083,0.32508286815917153,0.3092323287690535,0.5989532221131828,0.5989532221131828,0.4114338457584381,0.11573243886232376,0.042198098373934234,-0.10174270068705661,0.04219809837393423,-0.1017427006870566,0.03916949319859469,-0.09573031522596223,0.04156557367050483,-0.10061017535502728,0.03916949319859468,-0.09573031522596223,0.041565571982788097,-0.10061017663451507,0.0428455971645777,-0.08344070271786484,1.0
lewidi_md,gemma,0,LP-temp,2,64,0.8355299226809708,0.17563512051861688,0.3329378470459647,0.3042925462481485,0.5888125613346418,0.5888125613346418,0.5149414635032272,,0.02695426168586236,,0.026954261685862357,,0.025523999856641177,,0.02670370421918053,,0.025523999856641173,,0.02670370266790716,,0.026195179493739004,,1.0
lewidi_md,gemma,0,GPP-cosine,2,256,0.8176526570065712,0.14041871206507386,0.2716228479943814,0.26808307009630383,0.6951259404645077,0.6951259404645077,0.31979498267173767,0.04286988079547882,0.2026145873069616,0.15568265668500522,0.20261458730696158,0.1556826566850052,0.19736711473330126,0.1544158356359361,0.20240616799453054,0.15636406462812116,0.1973671147333013,0.15441583563593614,0.20240616602564637,0.15636406301419997,0.2014258095658866,0.17704665419898521,1.0
lewidi_md,gemma,0,GPP-rbf,2,256,0.7066996427246227,0.13382816764507705,0.27733717008331155,0.28393126741262176,0.6836768073274452,0.6836768073274452,0.38876453042030334,0.09421947598457336,0.15747300985288787,-0.027525788659041053,0.15747300985288787,-0.027525788659041057,0.15179017357063054,-0.021171142158022894,0.15682272003505773,-0.025780463474804713,0.15179017357063054,-0.02117114215802289,0.1568227170250439,-0.025780465303280133,0.14614740130396756,0.004951181343910696,1.0
lewidi_md,gemma,0,GPP-laplace,2,256,0.6854365987822184,0.14027896080014032,0.2956985248399592,0.29894277238988903,0.6663395485770363,0.6663395485770363,0.36650851368904114,0.20411370694637299,-0.07384645528996006,-0.08143286301893267,-0.07384645528996006,-0.08143286301893267,-0.0667876156267218,-0.07340169169442501,-0.07220426922047306,-0.07954675054501081,-0.0667876156267218,-0.07340169169442501,-0.07220427013062877,-0.07954675130053623,-0.08212123877020913,-0.08587391529552703,-0.5
lewidi_md,gemma,0,LPE,2,256,0.8212927674547169,0.14738582452599258,0.28504269394534926,0.2800362539442496,0.6745175008177953,0.6745175008177953,0.22978444397449493,0.17246279120445251,0.1788689271292975,0.04720096147135582,0.17886892712929747,0.047200961471355815,0.16983251203517646,0.04876507699417176,0.1773446451623709,0.04800046943260588,0.16983251203517646,0.04876507699417177,0.17734464249173432,0.04800046727835415,0.17344810323837434,0.06550556872572738,1.0
lewidi_md,gemma,0,LP-temp,2,256,0.6455487959810731,0.1323827216717806,0.2862155305923049,0.3224942410424605,0.6545632973503435,0.6545632973503435,0.6450080785870002,,0.15633037159772478,,0.15633037159772478,,0.14969330965733807,,0.1553818423236008,,0.14969330965733807,,0.15538184138384561,,0.1495030765431303,,1.0
lewidi_md,gemma,0,GPP-cosine,2,1024,0.6597133343321642,0.10844146628352479,0.23592902378734723,0.2605077200067936,0.7324174026823683,0.7324174026823683,0.41460543870925903,0.013982146978378296,0.2456241836330646,0.1896118785065704,0.2456241836330646,0.18961187850657038,0.23294496847460072,0.18605063856050186,0.2434487526246617,0.18982753389720317,0.23294496847460072,0.18605063856050186,0.24344875072828534,0.18982753252920356,0.2325837177189094,0.2172933686445324,1.0
lewidi_md,gemma,0,GPP-rbf,2,1024,0.6185434518993134,0.10515703185397612,0.2359695332111453,0.26890719633726196,0.7415767091920183,0.7415767091920183,0.4125857651233673,0.06952479481697083,0.2563603212887644,0.0028261049119086366,0.25636032128876435,0.0028261049119086418,0.24473329800901447,0.008896095579095285,0.2545786925704133,0.00469281099195311,0.2447332980090145,0.008896095579095294,0.25457868979962633,0.004692809705923341,0.2446293784545979,0.06014147966433202,1.0
lewidi_md,gemma,0,GPP-laplace,2,1024,0.6395292190566171,0.1266114653059217,0.27872207425449425,0.3048739141147953,0.6699378475629703,0.6699378475629703,0.3872510492801666,0.21375258266925812,0.07819149998610411,0.03632706268244619,0.07819149998610411,0.03632706268244619,0.06840767278697936,0.031855618178664516,0.07574977088203987,0.035215188619231015,0.06840767278697937,0.031855618178664516,0.07574976727499912,0.0352151855985016,0.03137882092736158,0.0016174792661593292,0.5
lewidi_md,gemma,0,LPE,2,1024,0.7321525795882232,0.11676088407528612,0.24468086697018476,0.26420972442119417,0.7311089303238469,0.7311089303238469,0.13949978351593018,0.26620155572891235,0.23537833838385522,0.17053449544154411,0.2353783383838552,0.17053449544154411,0.2223364341145588,0.1674664556263987,0.23302230814782926,0.1707695066420253,0.2223364341145588,0.1674664556263987,0.23302230725698042,0.17076950599200624,0.23452381329687633,0.16585806678670442,1.0
lewidi_md,gemma,0,LP-temp,2,1024,0.6084522675065829,0.11820313990376914,0.265362570327672,0.32084869180770126,0.7232580961727183,0.7232580961727183,0.6430668351931921,,0.19600529193258415,,0.19600529193258412,,0.1880935349138138,,0.19494072973439353,,0.1880935349138138,,0.19494073015025437,,0.21324352032905378,,1.0
lewidi_md,gemma,0,GPP-cosine,3,16,1.1250830188278833,0.22390553342974318,0.37895046684598216,0.30172457015258497,0.5351651946352634,0.5351651946352634,0.2995278835296631,0.12939254939556122,0.029856007109653256,0.019165714140356012,0.02985600710965326,0.019165714140356012,0.03179832615771066,0.02135383836204966,0.030651745858181995,0.01996299652066359,0.03179832615771065,0.021353838362049665,0.03065174602302402,0.01996299671201729,0.031599285863338496,0.0187731892352332,1.0
lewidi_md,gemma,0,GPP-rbf,3,16,0.65958916572637,0.13840974111287524,0.2987543398774563,0.32960426171921986,0.6601243048740595,0.6601243048740595,0.48148679733276367,0.16875895857810974,0.08508762666307897,-0.13496571386514436,0.08508762666307898,-0.13496571386514433,0.0787499484476473,-0.12587334860446178,0.0837419584440762,-0.13312351888180662,0.0787499484476473,-0.12587334860446178,0.08374195790692548,-0.13312351914903764,0.0863416272087654,-0.13148761448379437,1.0
lewidi_md,gemma,0,GPP-laplace,3,16,0.6801938236576762,0.15011227101653335,0.31986563843831856,0.3541895428563813,0.6555446516192346,0.6555446516192346,0.43978527188301086,0.25165119767189026,-0.0016108511848219112,-0.022863986494001766,-0.0016108511848219181,-0.022863986494001766,-0.003741055019130135,-0.020344721807812015,-0.0022701960510615495,-0.02225397028966616,-0.003741055019130135,-0.02034472180781201,-0.0022701957398694114,-0.02225397077013474,-0.004668320961628817,-0.022768719396377788,-0.5
lewidi_md,gemma,0,LPE,3,16,0.6793154203117024,0.14299338675168757,0.3027001563995823,0.3197298323860728,0.6195616617598954,0.6195616617598954,0.4753052592277527,0.1535811573266983,0.07673045112773719,-0.022903653552528318,0.07673045112773719,-0.022903653552528314,0.07059152207111197,-0.02284799745782286,0.07538799526611743,-0.023043682526915726,0.07059152207111198,-0.022847997457822865,0.07538799471765228,-0.023043681974467555,0.05874403188718993,-0.014388774861074984,1.0
lewidi_md,gemma,0,LP-temp,3,16,0.6915016441882387,0.15468950130910575,0.3275575716850143,0.3558665946113734,0.6094210009813543,0.6094210009813543,0.6931134944392143,,0.07802033626149736,,0.07802033626149736,,0.06989648393692686,,0.07608262997676005,,0.06989648393692688,,0.07608262969981935,,0.049669845690360676,,0.5
lewidi_md,gemma,0,GPP-cosine,3,64,0.8670701981926199,0.16518568665992014,0.30829160557385793,0.2823595543618034,0.6297023225384364,0.6297023225384364,0.32547712326049805,0.0924278125166893,0.12594490155891044,0.08617908486076105,0.12594490155891044,0.08617908486076103,0.12150884790635677,0.08354320577959867,0.12545798296120136,0.08596750038907423,0.12150884790635678,0.08354320577959867,0.12545798245285616,0.08596750031384164,0.12375630021150237,0.08666217591002683,1.0
lewidi_md,gemma,0,GPP-rbf,3,64,0.695036113849473,0.1386083718421881,0.2901309036129113,0.29693223317710776,0.6722276741903828,0.6722276741903828,0.4059937596321106,0.1277238428592682,0.06037544764129574,-0.0868220627952595,0.06037544764129574,-0.0868220627952595,0.05471102977643291,-0.08168717426242286,0.059065317295163684,-0.08585433768787765,0.054711029776432926,-0.08168717426242286,0.05906531480809221,-0.08585433886570171,0.048557009313454115,-0.07639014059429994,0.5
lewidi_md,gemma,0,GPP-laplace,3,64,0.6621870227791025,0.13878715603491892,0.2992019789755871,0.3257156052309269,0.6666666666666666,0.6666666666666666,0.4101616144180298,0.23230554163455963,-0.09749445668137803,-0.09497952371876547,-0.09749445668137803,-0.09497952371876547,-0.09125210791493313,-0.08772325910965675,-0.0962628296314461,-0.09342208628372015,-0.09125210791493313,-0.08772325910965678,-0.09626283009010328,-0.09342208669925191,-0.10637248196800951,-0.10004156605848533,-1.0
lewidi_md,gemma,0,LPE,3,64,0.8236559539802196,0.1550345489723386,0.2978765996118606,0.2888744803370574,0.6656853123977756,0.6656853123977756,0.31027328968048096,0.09335799515247345,0.10569858518800915,-0.00989963517665634,0.10569858518800915,-0.009899635176656346,0.09518739841955538,-0.011001523234719939,0.10322400822307418,-0.010302829110485818,0.0951873984195554,-0.011001523234719937,0.10322400571282145,-0.010302831240472106,0.09483249450948196,0.016476721063894063,0.5
lewidi_md,gemma,0,LP-temp,3,64,0.649619178024481,0.13511567321396428,0.2923012048957462,0.3301529029209423,0.6617598953222114,0.6617598953222114,0.6576510571576858,,0.12974578196019387,,0.12974578196019387,,0.11934850013922911,,0.12747067521705263,,0.11934850013922912,,0.1274706731403169,,0.091807184553419,,1.0
lewidi_md,gemma,0,GPP-cosine,3,256,0.8264022570207566,0.14748083168569287,0.2839095748018132,0.2816906734323166,0.6751717369970559,0.6751717369970559,0.34341466426849365,0.044567372649908066,0.12865216580062475,0.08027590508208493,0.12865216580062475,0.08027590508208493,0.12218914592904337,0.07791658494636944,0.12756691528064423,0.08010803170928787,0.1221891459290434,0.07791658494636944,0.1275669146199201,0.08010803182781143,0.12269228011879398,0.10336418178186399,1.0
lewidi_md,gemma,0,GPP-rbf,3,256,0.660818330942248,0.12834266555601304,0.2760132082435158,0.29555010450212876,0.676153091265947,0.676153091265947,0.4423721432685852,0.1099243238568306,0.16937126194174507,-0.04483997530312224,0.16937126194174507,-0.04483997530312224,0.1588599322802138,-0.04168082993653842,0.16733301420294344,-0.044185827840071884,0.15885993228021383,-0.04168082993653843,0.16733301111926593,-0.0441858293890514,0.16613326814925505,-0.029714472912972363,1.0
lewidi_md,gemma,0,GPP-laplace,3,256,0.6587381727763106,0.13619667137876854,0.2947364142703823,0.3190672841810182,0.666993784756297,0.666993784756297,0.40301644802093506,0.2252620905637741,-0.05539803115278989,-0.0717780563564347,-0.05539803115278988,-0.0717780563564347,-0.053495230673052875,-0.06715344701839183,-0.05519859733611274,-0.07086252713356003,-0.05349523067305288,-0.06715344701839185,-0.055198598878289235,-0.07086252834993696,-0.07535758678470639,-0.08666599812936086,-1.0
lewidi_md,gemma,0,LPE,3,256,0.7813835886875012,0.1482544110036258,0.2930407845920395,0.2870169001425249,0.6499836440955185,0.6499836440955185,0.27168941497802734,0.1924533247947693,0.16919043618784102,0.02099503466887485,0.16919043618784105,0.020995034668874844,0.1576913144622542,0.019388769152895724,0.16685032507215394,0.020650071518108982,0.1576913144622542,0.019388769152895717,0.16685032287558105,0.02065007034423086,0.16138532543287026,0.027473382274069532,1.0
lewidi_md,gemma,0,LP-temp,3,256,0.6715880558979584,0.1386418855645766,0.29381029296036687,0.3138118068290218,0.62381419692509,0.62381419692509,0.6185539173331528,,0.11911403128598685,,0.11911403128598685,,0.11138381515834753,,0.11757775452282032,,0.11138381515834754,,0.11757775379323895,,0.11929169806532602,,1.0
lewidi_md,gemma,0,GPP-cosine,3,1024,0.6935534419020531,0.11849839440322053,0.250711475294305,0.27023751862684614,0.719332679097154,0.719332679097154,0.41383737325668335,0.014445553533732891,0.19373473592466597,0.13890523152189346,0.19373473592466595,0.13890523152189344,0.17731475514181327,0.12960236874361952,0.19006522447024357,0.13702597282703216,0.17731475514181327,0.12960236874361952,0.19006522129715897,0.13702597035465391,0.17617872399444254,0.15313294281407247,1.0
lewidi_md,gemma,0,GPP-rbf,3,1024,0.6289496295170776,0.10829226872478609,0.24103090307460864,0.2718723907915245,0.7353614654890416,0.7353614654890416,0.4116472005844116,0.0673666000366211,0.2357238608145804,0.002286182756956456,0.2357238608145804,0.002286182756956458,0.2198800970697934,0.0016676655603114566,0.23251748215401108,0.002113611630174749,0.2198800970697934,0.0016676655603114626,0.2325174782934932,0.002113609340677767,0.22255500636518877,0.04261863112409667,1.0
lewidi_md,gemma,0,GPP-laplace,3,1024,0.6464417070959636,0.12813218399180865,0.2800269115510274,0.300115118904832,0.6666666666666666,0.6666666666666666,0.3803766369819641,0.2095220535993576,0.07627928826021041,0.033029437186159215,0.07627928826021038,0.033029437186159215,0.0641073297126846,0.026001608538989387,0.07309765143103758,0.031116954672165496,0.0641073297126846,0.026001608538989387,0.07309764705987117,0.03111695086149593,0.056715061071379386,0.01708601616935455,0.5
lewidi_md,gemma,0,LPE,3,1024,0.7636128883592301,0.12113004209469434,0.24886718712600686,0.27262311038981507,0.7304546941445862,0.7304546941445862,0.13966530561447144,0.26040783524513245,0.20134367617239846,0.13017556748437326,0.20134367617239846,0.13017556748437326,0.19271086856364528,0.12434452890006495,0.20009625576968004,0.12929309425509372,0.19271086856364533,0.12434452890006496,0.20009625457288088,0.12929309289175941,0.19867966949520113,0.12465280155072507,1.0
lewidi_md,gemma,0,LP-temp,3,1024,0.6111118181755888,0.11758164793961583,0.26278315341861425,0.313343405829641,0.7196597971867844,0.7196597971867844,0.6250303136219149,,0.1735696975804254,,0.1735696975804254,,0.16405232391334604,,0.17186272333187744,,0.16405232391334604,,0.17186272277313372,,0.16799129011519828,,1.0
lewidi_md,gemma,0,GPP-cosine,4,16,0.8616652941897276,0.19198408518653137,0.35800016938584117,0.303988850280345,0.5250245338567223,0.5250245338567223,0.38556474447250366,0.1593935787677765,0.03237746916993484,0.025831110844647114,0.032377469169934836,0.02583111084464711,0.03143105608191478,0.025522957879426787,0.0323113332443855,0.0259143580178973,0.03143105608191477,0.025522957879426787,0.032311333870123866,0.025914358470225704,0.029161410160140355,0.019199005244857383,1.0
lewidi_md,gemma,0,GPP-rbf,4,16,0.6665643660639873,0.13853463044179784,0.29696858415089483,0.3184970244605183,0.6656853123977756,0.6656853123977756,0.44248467683792114,0.18234466016292572,0.04935664401988672,-0.10696461995350684,0.04935664401988673,-0.10696461995350684,0.047983328706766235,-0.09808630206710901,0.04927694954663828,-0.10499566604441116,0.04798332870676625,-0.09808630206710903,0.04927694926247374,-0.1049956661172355,0.0386486993813355,-0.10406165499798992,1.0
lewidi_md,gemma,0,GPP-laplace,4,16,0.6748902922038119,0.14779156518784253,0.31488584267876685,0.35130658625727873,0.6561988877984952,0.6561988877984952,0.43732333183288574,0.25121307373046875,-0.041415919086279035,-0.0289577534496683,-0.041415919086279035,-0.0289577534496683,-0.03858370990627686,-0.025039964260605764,-0.040837804867613965,-0.02796387391210292,-0.03858370990627686,-0.025039964260605757,-0.04083780457688631,-0.027963874349638873,-0.04078928180013039,-0.02723624507091101,-1.0
lewidi_md,gemma,0,LPE,4,16,0.7796491138473649,0.1537908039660447,0.3029512627552805,0.2873495796168562,0.6637226038599935,0.6637226038599935,0.3552016615867615,0.09047433733940125,0.03828468037891043,-0.01804409246088116,0.038284680378910425,-0.018044092460881154,0.03496636906386083,-0.013189420221383221,0.03753716654333717,-0.0166902870266711,0.03496636906386084,-0.013189420221383214,0.03753716557680187,-0.016690287380589523,0.026489564646023346,-0.013185570681476758,1.0
lewidi_md,gemma,0,LP-temp,4,16,0.6863423569167098,0.14151525815089067,0.2975502568876998,0.30578331813907866,0.6352633300621524,0.6352633300621524,0.5903001254373837,,0.06540895914115878,,0.06540895914115878,,0.06184387072840846,,0.06477223414197407,,0.06184387072840848,,0.06477223362761787,,0.038424008132533806,,1.0
lewidi_md,gemma,0,GPP-cosine,4,64,0.9782507609882948,0.1945778839621994,0.34675692875540565,0.30329346631274084,0.5881583251553811,0.5881583251553811,0.3429854214191437,0.09274124354124069,0.02132745087938756,0.005107704675124489,0.021327450879387564,0.005107704675124489,0.023018769576194465,0.008023503178126085,0.02198835092302289,0.00603010225143358,0.02301876957619446,0.008023503178126092,0.021988350638241422,0.0060301019126206955,0.025319716040151652,0.008581607539767711,1.0
lewidi_md,gemma,0,GPP-rbf,4,64,0.6754307644785615,0.14174044559708807,0.30144573981780165,0.3217400368247354,0.6323192672554793,0.6323192672554793,0.4596344530582428,0.1653333604335785,0.06627199446576851,-0.11485882623811322,0.06627199446576851,-0.1148588262381132,0.06506919465437028,-0.10500503144243731,0.06636012182479045,-0.11264709816032471,0.06506919465437028,-0.10500503144243731,0.06636012054144047,-0.11264709865905514,0.08780846085690733,-0.10865602345034116,1.0
lewidi_md,gemma,0,GPP-laplace,4,64,0.6683605043876102,0.14470376904509585,0.3082093504355903,0.34583099545729723,0.6611056591429506,0.6611056591429506,0.43427345156669617,0.24790653586387634,-0.07082714943268459,-0.06901514867033805,-0.0708271494326846,-0.06901514867033803,-0.06512926986956993,-0.06203984386018244,-0.06957846480013202,-0.06736527479878887,-0.06512926986956993,-0.06203984386018245,-0.06957846474530416,-0.0673652750912041,-0.07705692136796734,-0.06741784085098519,-1.0
lewidi_md,gemma,0,LPE,4,64,0.7866748336744349,0.16023897441212004,0.3146274581233909,0.3019695337527786,0.6179260713117435,0.6179260713117435,0.37010321021080017,0.13438136875629425,0.06668769377441844,-0.040825673562933165,0.06668769377441844,-0.040825673562933165,0.06495413067030878,-0.035361423311923545,0.06661713785899886,-0.03944248019396981,0.06495413067030878,-0.035361423311923545,0.06661713692294341,-0.03944248128400888,0.07419315445364591,-0.022068609775730805,1.0
lewidi_md,gemma,0,LP-temp,4,64,0.6923308808965244,0.14881121343319698,0.31002732267848127,0.3233294696826216,0.5940464507687275,0.5940464507687275,0.6369676516734043,,0.05296015571136349,,0.05296015571136349,,0.04937997438574776,,0.05223352102822319,,0.04937997438574777,,0.052233520359457455,,0.05778322709889356,,1.0
lewidi_md,gemma,0,GPP-cosine,4,256,0.8387848308019096,0.14198318873270455,0.27336506584216985,0.27262655222288723,0.6928361138370952,0.6928361138370952,0.3207278847694397,0.04266253113746643,0.1799864078270852,0.1385235000095048,0.1799864078270852,0.1385235000095048,0.1797448312089357,0.14321697631380137,0.18114640082782946,0.1409012635411852,0.1797448312089357,0.14321697631380137,0.1811464001932644,0.14090126345460752,0.18159304486155334,0.16139267764092846,1.0
lewidi_md,gemma,0,GPP-rbf,4,256,0.6907704108700735,0.13274335736853604,0.279474955431582,0.29276485231863103,0.6692836113837095,0.6692836113837095,0.4056103527545929,0.1063292846083641,0.12991925110831587,-0.04077319805018427,0.12991925110831587,-0.040773198050184256,0.12213455604838287,-0.03612354163256269,0.12844044647646513,-0.03963755809990191,0.12213455604838289,-0.03612354163256269,0.12844044356827525,-0.03963755976079567,0.1252949622327354,-0.02390979095713529,1.0
lewidi_md,gemma,0,GPP-laplace,4,256,0.6793980530529764,0.1395822622145337,0.2960325222965702,0.3037974722358363,0.666012430487406,0.666012430487406,0.3749149441719055,0.21013328433036804,-0.08287241253872918,-0.08723511861241753,-0.08287241253872918,-0.0872351186124175,-0.0764762555520145,-0.07980006762830101,-0.08149376522913511,-0.08557019411701547,-0.0764762555520145,-0.07980006762830102,-0.0814937661640661,-0.08557019490357333,-0.09004587398030278,-0.09278547213355809,-1.0
lewidi_md,gemma,0,LPE,4,256,0.8132916396934596,0.1484135871028257,0.28954684737886105,0.28433676583019496,0.6584887144259077,0.6584887144259077,0.2581009566783905,0.15885955095291138,0.15618419416259013,0.0367105955020076,0.1561841941625901,0.03671059550200761,0.14442753487142085,0.03664004922038317,0.15367656755098852,0.03694071695196134,0.14442753487142085,0.03664004922038318,0.1536765654474991,0.03694071504920589,0.14662358711691195,0.051378400392986676,1.0
lewidi_md,gemma,0,LP-temp,4,256,0.6753284926282561,0.13506728200736917,0.2852488229523789,0.29936408100839107,0.6463853451095846,0.6463853451095846,0.5793634449585241,,0.1481628300173562,,0.1481628300173562,,0.13801664098558916,,0.14609035965167183,,0.13801664098558916,,0.14609035912706425,,0.12609871059861613,,1.0
lewidi_md,gemma,0,GPP-cosine,4,1024,0.6762872280157264,0.11094389815872757,0.23672582886972698,0.262064454376985,0.7402682368334969,0.7402682368334969,0.40118539333343506,0.013883281499147415,0.22899317870191827,0.16839176637392364,0.22899317870191827,0.16839176637392364,0.22134626121161058,0.16553458687090633,0.22823529597437386,0.16867626576414413,0.2213462612116106,0.16553458687090633,0.22823529487394734,0.1686762647845521,0.22256644560436917,0.19956596892713763,1.0
lewidi_md,gemma,0,GPP-rbf,4,1024,0.6174746411996669,0.10460603696200729,0.23377566489194984,0.26826147939956596,0.7428851815505397,0.7428851815505397,0.40784701704978943,0.07264498621225357,0.25301231202781305,0.008598916128507515,0.25301231202781305,0.008598916128507522,0.24343308781197098,0.01400127558472635,0.2518309642229133,0.010301998920225073,0.24343308781197098,0.014001275584726355,0.25183096162143326,0.01030199761364535,0.24184816712086032,0.062328273974512564,1.0
lewidi_md,gemma,0,GPP-laplace,4,1024,0.6388310075599121,0.12671359249570124,0.27901258411743224,0.30597659564939106,0.6676480209355578,0.6676480209355578,0.38873904943466187,0.21535982191562653,0.06826925719142479,0.02712948620997666,0.06826925719142479,0.027129486209976652,0.059221800978969966,0.022882689587174238,0.06598363399284353,0.02602294692489597,0.059221800978969966,0.022882689587174234,0.06598362973371241,0.026022943292822707,0.03298905814357319,-0.0018027947559654497,0.5
lewidi_md,gemma,0,LPE,4,1024,0.7439619988440196,0.11910048607459463,0.24745202251998275,0.27472544673790716,0.7350343473994112,0.7350343473994112,0.13802218437194824,0.2767290771007538,0.1927567708167188,0.11777724746300278,0.1927567708167188,0.11777724746300276,0.1868200047982574,0.1196220422488835,0.19227101299425398,0.11914586293682167,0.1868200047982574,0.11962204224888348,0.19227101359448973,0.11914586339137319,0.19215047684534936,0.11583179510497893,1.0
lewidi_md,gemma,0,LP-temp,4,1024,0.6140045696149037,0.12061826445946958,0.26747472224703284,0.3228969643108204,0.7307818122342166,0.7307818122342166,0.6442447664212706,,0.15505401625242832,,0.1550540162524283,,0.15161859020682952,,0.1550711237984172,,0.15161859020682952,,0.1550711256372685,,0.1691166034490996,,1.0
lewidi_md,gemma,12,GPP-cosine,0,16,0.7453685536914305,0.16916801028355533,0.33853989489081643,0.332752198630209,0.5178279358848544,0.5178279358848544,0.6341325640678406,0.018302522599697113,0.010297556776343635,-0.03971749304535493,0.010297556776343638,-0.039717493045354935,0.00902833680347941,-0.03759963151374292,0.009981856061796725,-0.03934514305910093,0.009028336803479415,-0.03759963151374292,0.00998185577769912,-0.03934514253359395,-0.0035932636630327426,-0.053176502304837024,0.5
lewidi_md,gemma,12,GPP-rbf,0,16,0.6834149378379017,0.15009744299276165,0.31655354044008066,0.3444334925416975,0.582597317631665,0.582597317631665,0.4814024269580841,0.19529864192008972,0.13120156413966363,-0.1990749214453056,0.13120156413966366,-0.19907492144530559,0.12463199225821506,-0.19126215915101355,0.1301013576199624,-0.19806152457014004,0.12463199225821509,-0.19126215915101355,0.13010135722573796,-0.19806152447275627,0.13861828862916947,-0.19693810535985376,1.0
lewidi_md,gemma,12,GPP-laplace,0,16,0.6853357022517995,0.15220357879391525,0.3230537568012756,0.3549313140535169,0.633954857703631,0.633954857703631,0.4395507276058197,0.25262752175331116,-0.017386469832550124,-0.018798896411601596,-0.017386469832550117,-0.018798896411601596,-0.018131260743778965,-0.017908549429709666,-0.017732295094533862,-0.018656764567433946,-0.01813126074377897,-0.017908549429709663,-0.017732294729533252,-0.018656765066067865,-0.017216013936911606,-0.01912239418383377,-1.0
lewidi_md,gemma,12,LPE,0,16,0.7064623466136563,0.15193412941108128,0.3144749012398864,0.3193101189619819,0.5933922145894668,0.5933922145894668,0.48185157775878906,0.13337385654449463,0.016873570411184036,-0.07420653012774023,0.016873570411184025,-0.07420653012774026,0.01842388157014538,-0.07430282316886969,0.017461032184044614,-0.07474440105925435,0.01842388157014538,-0.07430282316886969,0.01746103217430461,-0.07474440107062344,0.0224553864728317,-0.06525025946842851,1.0
lewidi_md,gemma,12,LP-temp,0,16,0.6925927530929645,0.15511913564632765,0.32813154781923887,0.35587246075685103,0.5502126267582598,0.5502126267582598,0.6931193605846918,,0.028892820992312666,,0.02889282099231267,,0.028188375433922025,,0.028876443735971178,,0.028188375433922025,,0.028876444071122304,,0.022924504884293456,,1.0
lewidi_md,gemma,12,GPP-cosine,0,64,0.7297109991694355,0.1582643290019223,0.32539156472062625,0.3273653517189349,0.5230618253189402,0.5230618253189402,0.6217131018638611,0.009637787938117981,0.0402235205854522,-0.023082524843705838,0.0402235205854522,-0.023082524843705834,0.03615436876922355,-0.020735581719698127,0.039260783950471036,-0.022526450616953103,0.036154368769223566,-0.020735581719698123,0.03926078388147567,-0.022526450005577094,-0.01190553072464879,-0.05029299726263152,0.5
lewidi_md,gemma,12,GPP-rbf,0,64,0.6515367466736605,0.1336538470206376,0.29000083966644363,0.323399060555794,0.6679751390251881,0.6679751390251881,0.46742212772369385,0.16554948687553406,0.11273017625432004,-0.14404542238792603,0.11273017625432002,-0.144045422387926,0.10337744511932762,-0.13845026844326197,0.11065635318791475,-0.1433297934773035,0.10337744511932763,-0.13845026844326197,0.1106563514280505,-0.1433297942543391,0.13156952565823585,-0.14687231203420387,1.0
lewidi_md,gemma,12,GPP-laplace,0,64,0.6690653435290076,0.14535710813653366,0.31034117634141606,0.3494745894720966,0.6647039581288845,0.6647039581288845,0.43700534105300903,0.24963873624801636,-0.03328637325209606,-0.0633083910398854,-0.03328637325209606,-0.06330839103988539,-0.03702395107347416,-0.06187002470061138,-0.03465198968338532,-0.06330451552254057,-0.03702395107347417,-0.061870024700611384,-0.0346519903922544,-0.06330451632710708,-0.03447522267383966,-0.06534862905158817,-1.0
lewidi_md,gemma,12,LPE,0,64,0.7208343632655994,0.14288119268220262,0.29324611324467087,0.29940472216809977,0.6454039908406934,0.6454039908406934,0.40966182947158813,0.1177663654088974,0.09643987527755803,-0.04462313700677604,0.09643987527755801,-0.04462313700677604,0.09308116848053079,-0.043917113388921736,0.09607862684592564,-0.044714085234996384,0.0930811684805308,-0.043917113388921736,0.09607862570719378,-0.04471408633551811,0.10570106939649825,-0.038684156541795425,1.0
lewidi_md,gemma,12,LP-temp,0,64,0.6829671551697932,0.14175297832925074,0.29810197465659155,0.31378414968883944,0.6228328426561989,0.6228328426561989,0.6062364147804309,,0.06262171777887167,,0.06262171777887168,,0.060679237898249846,,0.062459714585892834,,0.06067923789824986,,0.062459713837022666,,0.06776436820309015,,1.0
lewidi_md,gemma,12,GPP-cosine,0,256,0.8237951504904876,0.16992420441168793,0.33362810477341365,0.29718478532814757,0.5371279031730455,0.5371279031730455,0.5371072292327881,0.00505879195407033,0.06148657741729491,0.015664675448626653,0.061486577417294894,0.01566467544862666,0.06000795357425669,0.022306530358983362,0.06145796438126186,0.01779340992254769,0.060007953574256694,0.02230653035898337,0.06145796478974623,0.01779340992938065,0.006183495842149654,-0.03112596840004778,1.0
lewidi_md,gemma,12,GPP-rbf,0,256,0.6519698256405434,0.12065982164147535,0.262252513018105,0.2903504613164127,0.7052666012430487,0.7052666012430487,0.4009169340133667,0.11447440087795258,0.15318289319387318,-0.03940497017435285,0.15318289319387318,-0.03940497017435284,0.14491020320004253,-0.03702277908662018,0.1517150069008652,-0.03895003243554185,0.14491020320004255,-0.03702277908662018,0.15171500235190605,-0.038950035499066914,0.1491806695602582,-0.025036406932821716,1.0
lewidi_md,gemma,12,GPP-laplace,0,256,0.6603141159396879,0.13622613826048177,0.2947093620165174,0.31633216775453726,0.666993784756297,0.666993784756297,0.3963104784488678,0.2240889072418213,-0.12050460593859769,-0.1277038762238499,-0.12050460593859769,-0.1277038762238499,-0.1149473953204232,-0.12128634985588146,-0.11963919064305208,-0.12662597218868227,-0.11494739532042322,-0.12128634985588146,-0.11963919328447548,-0.12662597439880705,-0.12189250294780163,-0.12989969953225497,-1.0
lewidi_md,gemma,12,LPE,0,256,0.7442834725743577,0.13139655394022934,0.2669128477558402,0.28176227770650464,0.7062479555119399,0.7062479555119399,0.2503119111061096,0.18121524155139923,0.17869973088337168,0.04627910527998858,0.17869973088337168,0.04627910527998856,0.1706988889432824,0.04484024332928658,0.17748945513285408,0.04615837085175399,0.1706988889432824,0.044840243329286586,0.17748945243550157,0.046158368293703955,0.17282094200254774,0.05083359548265253,1.0
lewidi_md,gemma,12,LP-temp,0,256,0.6369454913884588,0.12487124819499217,0.2715491200597639,0.3032726666850394,0.6872751063133792,0.6872751063133792,0.6004866055908072,,0.15917308863765828,,0.15917308863765828,,0.1526837122338895,,0.1582889881061634,,0.1526837122338895,,0.1582889866196511,,0.1308658673152257,,1.0
lewidi_md,gemma,12,GPP-cosine,0,1024,0.7887133223686679,0.15276304036638955,0.3117290614226298,0.299282339864818,0.5744193653909061,0.5744193653909061,0.5286403894424438,0.002686271211132407,0.06304514095846177,-0.014768728419301548,0.06304514095846177,-0.014768728419301554,0.0597168862626425,-0.01464177126567177,0.06246429367463366,-0.014831305977048565,0.0597168862626425,-0.014641771265671772,0.06246429549831336,-0.014831304944064743,0.00994417612156792,0.0007743790481453416,1.0
lewidi_md,gemma,12,GPP-rbf,0,1024,0.6164341748559512,0.10143557845378338,0.23036032763126146,0.2642871376288452,0.7461563624468434,0.7461563624468434,0.3782678246498108,0.08065721392631531,0.2781898374025856,0.04679711749307013,0.2781898374025856,0.04679711749307013,0.27021632645372945,0.05019012646338655,0.2776697225337137,0.04815046221712382,0.2702163264537295,0.05019012646338657,0.2776697195071963,0.048150459982338786,0.26953314230590397,0.08607309788481644,1.0
lewidi_md,gemma,12,GPP-laplace,0,1024,0.636226362032998,0.12572122071236508,0.27785105432609464,0.30532876178635254,0.6709192018318613,0.6709192018318613,0.3870488107204437,0.21767836809158325,0.07468178140472109,0.03929069320541601,0.07468178140472109,0.03929069320541601,0.06479329266079611,0.032427927494289625,0.07218414624525162,0.037471356591199045,0.06479329266079613,0.032427927494289625,0.07218414138903581,0.037471352088657546,0.05228021620462942,0.019884338867962422,0.5
lewidi_md,gemma,12,LPE,0,1024,0.7281537863746288,0.11081591474413399,0.2356740198056342,0.25957111629160573,0.7353614654890416,0.7353614654890416,0.11507109552621841,0.2812337577342987,0.2659865826281055,0.1998842314475589,0.26598658262810554,0.1998842314475589,0.26472146349114495,0.20384313060581638,0.2674244626694102,0.2024589622487025,0.26472146349114495,0.20384313060581638,0.2674244626348793,0.2024589614699,0.2733448951007931,0.19998278223570415,1.0
lewidi_md,gemma,12,LP-temp,0,1024,0.5926580423131621,0.10932886146635054,0.24746640942308262,0.298948064909768,0.7301275760549558,0.7301275760549558,0.6097756081191374,,0.2642643441054694,,0.2642643441054694,,0.25921665494769597,,0.2645392356569603,,0.25921665494769597,,0.2645392358927383,,0.2578369032257399,,1.0
lewidi_md,gemma,12,GPP-cosine,1,16,0.6893335063683406,0.15201071975449468,0.32214513959646124,0.3474854629479586,0.5332024860974812,0.5332024860974812,0.6571860313415527,0.020962076261639595,0.03369916261375541,-0.034972246662742845,0.03369916261375541,-0.03497224666274285,0.030392688588312303,-0.03336465599902564,0.03292382506099522,-0.03472267128875703,0.0303926885883123,-0.03336465599902564,0.032923824633213264,-0.034722670789720377,0.03902761310162914,-0.048343640056327956,0.5
lewidi_md,gemma,12,GPP-rbf,1,16,0.6983050277184752,0.14337186574475652,0.30014684489609217,0.30012911030930467,0.6663395485770363,0.6663395485770363,0.39330679178237915,0.16443729400634766,-0.08025690621059102,-0.16708801420197975,-0.08025690621059102,-0.16708801420197972,-0.0747100623128886,-0.15915341000330094,-0.07911881334879384,-0.1658183177646476,-0.07471006231288861,-0.1591534100033009,-0.07911881414385095,-0.16581831800309704,-0.07518089269925125,-0.16530337507591572,-1.0
lewidi_md,gemma,12,GPP-laplace,1,16,0.6730255748381887,0.14692696925153226,0.31262751528795224,0.34954125539548236,0.6647039581288845,0.6647039581288845,0.43600401282310486,0.25076791644096375,-0.09220018382365074,-0.060055160046354306,-0.09220018382365074,-0.0600551600463543,-0.08989870691964885,-0.056693993525817034,-0.0921316359798136,-0.059443804935695746,-0.08989870691964888,-0.05669399352581704,-0.09213163574269798,-0.0594438053141035,-0.09091159304970399,-0.05952913379108977,-1.0
lewidi_md,gemma,12,LPE,1,16,0.8171560916839925,0.1597006971376185,0.3082159775621381,0.2839565513364613,0.6637226038599935,0.6637226038599935,0.3019298315048218,0.09531333297491074,0.03131441616281834,-0.004599730182872443,0.03131441616281834,-0.004599730182872443,0.02894472569823806,-0.005035333434091195,0.03080783525854404,-0.004763825118770545,0.028944725698238073,-0.005035333434091207,0.030807833965444384,-0.004763826206550331,0.028415110956708976,0.018577757742741115,1.0
lewidi_md,gemma,12,LP-temp,1,16,0.6546037025757303,0.133827261030051,0.2903489766718402,0.31375779488684735,0.6594700686947988,0.6594700686947988,0.6233340873723198,,0.045117977554445174,,0.045117977554445174,,0.04184831573281778,,0.04443210082598295,,0.041848315732817776,,0.0444320995774989,,0.026873966249545366,,1.0
lewidi_md,gemma,12,GPP-cosine,1,64,1.6005082665961667,0.3390694096956393,0.49119159417156233,0.3094009247026887,0.46156362446843313,0.46156362446843313,0.19843098521232605,0.007333063520491123,-0.02542859579461208,-0.02339227737390357,-0.025428595794612076,-0.023392277373903567,-0.027323755478219705,-0.024429678028069984,-0.026179639378457117,-0.023868315378741033,-0.027323755478219712,-0.024429678028069987,-0.026179639485966875,-0.02386831520914063,-0.01883730340116624,-0.05579683489704906,-1.0
lewidi_md,gemma,12,GPP-rbf,1,64,0.6761418212792706,0.1447409810439471,0.30665569813628973,0.32948755973204386,0.6104023552502453,0.6104023552502453,0.4835321307182312,0.16765037178993225,0.1511833833643202,-0.1442829137871626,0.15118338336432016,-0.14428291378716263,0.14525165041931126,-0.13620401251766368,0.15041423930155687,-0.14281301015721598,0.14525165041931132,-0.13620401251766373,0.15041423819810143,-0.1428130105441374,0.15615723690676567,-0.14588497933746197,1.0
lewidi_md,gemma,12,GPP-laplace,1,64,0.6835835574556048,0.1514846192550067,0.3220934848093035,0.3547355835250286,0.6352633300621524,0.6352633300621524,0.44061198830604553,0.25136518478393555,0.03380178026020905,-0.03966592850084238,0.03380178026020906,-0.03966592850084237,0.0317705615579851,-0.0375605569744139,0.033415256509928326,-0.03929702632496157,0.03177056155798509,-0.0375605569744139,0.03341525664241173,-0.03929702678395757,0.03382243020574507,-0.04068061406778352,1.0
lewidi_md,gemma,12,LPE,1,64,0.7549250136623075,0.1585847795593266,0.3152968896648329,0.29889992418118255,0.5933922145894668,0.5933922145894668,0.4310553967952728,0.11974143236875534,0.12698844257063624,-0.056821442999917746,0.12698844257063627,-0.056821442999917746,0.1232781444602802,-0.05063561591560316,0.12672955180537987,-0.055328270324259604,0.1232781444602802,-0.050635615915603165,0.12672955086429177,-0.055328271064188486,0.12265108289444311,-0.044898886722574353,1.0
lewidi_md,gemma,12,LP-temp,1,64,0.6808340703099492,0.1493187686532848,0.3153600374233893,0.34516384483179907,0.5731108930323847,0.5731108930323847,0.680790291515945,,0.09753262858486453,,0.09753262858486454,,0.09461815291559217,,0.09731406626576299,,0.09461815291559217,,0.09731406568274145,,0.0776874506571563,,1.0
lewidi_md,gemma,12,GPP-cosine,1,256,0.724634875141895,0.14843249365675276,0.3094115360481375,0.32591711849424343,0.5852142623487079,0.5852142623487079,0.6137502193450928,0.006078782957047224,0.0552692283203614,-0.04104061033726819,0.05526922832036139,-0.04104061033726819,0.05021870433919538,-0.0427605112275507,0.05411093527707517,-0.04184531073939422,0.05021870433919538,-0.0427605112275507,0.054110935519194284,-0.04184531026942416,0.022830915051996106,-0.047612463968134865,0.5
lewidi_md,gemma,12,GPP-rbf,1,256,0.6813219094756786,0.12940477463155473,0.27507874756210016,0.2920941316510315,0.6872751063133792,0.6872751063133792,0.3991107940673828,0.11427805572748184,0.14351024852296282,-0.04521034841543592,0.14351024852296282,-0.04521034841543592,0.13027267416672944,-0.04639870008556354,0.14046506171102913,-0.045881854188836224,0.13027267416672944,-0.04639870008556356,0.1404650586167413,-0.045881856256881313,0.13929465518493264,-0.03341707468900331,0.5
lewidi_md,gemma,12,GPP-laplace,1,256,0.670204502761577,0.13865267257633893,0.2975995014106326,0.3125721823419815,0.666993784756297,0.666993784756297,0.3885931372642517,0.21969303488731384,-0.13795103860756347,-0.14133672263672395,-0.13795103860756344,-0.14133672263672395,-0.13480126994656633,-0.13714696413721084,-0.13793786985483789,-0.14103024729229494,-0.13480126994656635,-0.13714696413721086,-0.1379378711238778,-0.14103024840417328,-0.14176928747096254,-0.14637620118788594,-1.0
lewidi_md,gemma,12,LPE,1,256,0.7818782621397103,0.14091136988737257,0.27976669930271,0.28251357756977014,0.6741903827281649,0.6741903827281649,0.24688361585140228,0.18576869368553162,0.18422333996558432,0.048408835945364714,0.1842233399655843,0.048408835945364714,0.17151448131232905,0.04569971598381157,0.18161808428111584,0.047916107713551634,0.17151448131232905,0.045699715983811576,0.18161808205377244,0.047916105647940785,0.17625242848075698,0.05398227160873132,1.0
lewidi_md,gemma,12,LP-temp,1,256,0.6513521004233519,0.13141036919983345,0.28308126981953174,0.3107640002710068,0.65129211645404,0.65129211645404,0.6160910077203161,,0.16060729703689616,,0.16060729703689616,,0.1514559549273517,,0.158922884449073,,0.1514559549273517,,0.15892288336444954,,0.16295234614214277,,1.0
lewidi_md,gemma,12,GPP-cosine,1,1024,0.8064277460075113,0.1593045023011242,0.3201476776681852,0.2914070683561026,0.5574092247301276,0.5574092247301276,0.5114704370498657,0.0025834462139755487,0.07090862840345075,0.02690908081794295,0.07090862840345075,0.026909080817942955,0.06689389502740575,0.026260190874398286,0.07017274999018991,0.026896016013019112,0.06689389502740577,0.026260190874398286,0.07017275174377391,0.026896017307220032,-0.004355649574103364,0.006004253454076305,1.0
lewidi_md,gemma,12,GPP-rbf,1,1024,0.6051679357074056,0.09903068125162323,0.22650048055555513,0.26239040491718585,0.7494275433431469,0.7494275433431469,0.387201189994812,0.07818688452243805,0.2840031862098948,0.06226165277575024,0.2840031862098948,0.06226165277575025,0.27721023905892594,0.06422158655570427,0.283882204555811,0.06328484041565517,0.27721023905892594,0.06422158655570429,0.28388220052898305,0.06328483748241708,0.27868570858356395,0.0972821422167272,1.0
lewidi_md,gemma,12,GPP-laplace,1,1024,0.63614199242987,0.1260638779154567,0.2779889964286237,0.30589127476958977,0.6692836113837095,0.6692836113837095,0.390099436044693,0.21893733739852905,0.09108359411872202,0.04905926404954723,0.09108359411872202,0.04905926404954723,0.08775383312268425,0.04835858481389177,0.09069444643476884,0.049182241225190715,0.08775383312268425,0.04835858481389177,0.09069444155478595,0.0491822367220026,0.07449302838892179,0.03551454134204141,1.0
lewidi_md,gemma,12,LPE,1,1024,0.725092597149867,0.11092664672596478,0.23552791382313343,0.26269741468924646,0.7428851815505397,0.7428851815505397,0.11936432123184204,0.27094531059265137,0.24020794278552576,0.19128053930913358,0.24020794278552576,0.19128053930913358,0.23623825662956946,0.18967346239552177,0.24064604566295347,0.19210235959318267,0.2362382566295695,0.1896734623955218,0.24064604427863223,0.19210235800234396,0.24408430543249435,0.18649117096344847,1.0
lewidi_md,gemma,12,LP-temp,1,1024,0.5884888702135397,0.10837009724547084,0.24732799299370622,0.30260691198362827,0.7314360484134773,0.7314360484134773,0.6146802750022066,,0.24497089488459078,,0.24497089488459078,,0.237625770987223,,0.24441436113465065,,0.237625770987223,,0.24441436031043623,,0.23740996671821984,,1.0
lewidi_md,gemma,12,GPP-cosine,2,16,0.7426981924971869,0.1698033737469525,0.34403505219200836,0.34082943752339184,0.45600261694471705,0.45600261694471705,0.6470697522163391,0.019679760560393333,0.02282887761889956,-0.035749196005664265,0.022828877618899554,-0.035749196005664265,0.025076223739971974,-0.03143999070015602,0.023669288592527715,-0.03468273739668755,0.025076223739971974,-0.03143999070015602,0.02366928832685717,-0.03468273671959982,0.032516901702021636,-0.050578913461758954,1.0
lewidi_md,gemma,12,GPP-rbf,2,16,0.7307365270357316,0.14977196217059652,0.3050975936331223,0.2965108879937085,0.6673209028459274,0.6673209028459274,0.36765217781066895,0.1527312994003296,-0.09001976089384661,-0.1611550486297429,-0.09001976089384661,-0.1611550486297429,-0.08313375332847092,-0.1519358391799161,-0.08854101617689258,-0.15945373527868198,-0.08313375332847092,-0.1519358391799161,-0.08854101666113495,-0.15945373534290436,-0.08646043582610577,-0.1563507975460688,-1.0
lewidi_md,gemma,12,GPP-laplace,2,16,0.6711746780364201,0.1459234486142986,0.3100776097350039,0.3467001277042834,0.6637226038599935,0.6637226038599935,0.43398478627204895,0.2494707703590393,-0.11358394116456993,-0.08489959257460547,-0.11358394116456993,-0.08489959257460547,-0.10933255341437889,-0.08020548139055317,-0.11306850939549015,-0.0840528380017585,-0.10933255341437889,-0.0802054813905532,-0.11306850903671846,-0.08405283823493574,-0.11308902543744445,-0.08623460961801661,-1.0
lewidi_md,gemma,12,LPE,2,16,0.9963568661894541,0.1862848835196573,0.3254857504226104,0.2938021955123073,0.6676480209355578,0.6676480209355578,0.22437557578086853,0.05028131231665611,0.040622485153873664,0.01776783541556162,0.04062248515387366,0.017767835415561616,0.043145586779717124,0.019352100566838344,0.04166876567114664,0.018371759461531172,0.04314558677971714,0.01935210056683835,0.04166876501243916,0.01837175866697824,0.04137006255127635,0.03418215932813132,1.0
lewidi_md,gemma,12,LP-temp,2,16,0.7215353743564541,0.14387529339446442,0.2938522664946551,0.2801115042153652,0.6637226038599935,0.6637226038599935,0.5003254289183492,,0.05342287795151928,,0.053422877951519274,,0.05356750652823071,,0.05383302113745386,,0.05356750652823071,,0.05383302024632328,,0.046566591287801176,,1.0
lewidi_md,gemma,12,GPP-cosine,2,64,0.9518175399762673,0.21777898364364404,0.3934747234439165,0.2834459683467848,0.46679751390251883,0.46679751390251883,0.4978492259979248,0.008258325047791004,0.013145196515683152,-0.018755942439475357,0.013145196515683147,-0.018755942439475357,0.006907275339332401,-0.019740252562177006,0.011336839867674513,-0.01918404835956685,0.0069072753393324094,-0.019740252562177006,0.011336839855550332,-0.01918404817875139,-0.020549769058384938,-0.05040690574348972,0.5
lewidi_md,gemma,12,GPP-rbf,2,64,0.6543902054820371,0.13654195733776794,0.29228231592343296,0.3286163410678965,0.6535819430814525,0.6535819430814525,0.4703281819820404,0.1783914864063263,0.1289466138457876,-0.1473729171089685,0.1289466138457876,-0.14737291710896852,0.1297368722312905,-0.13728263406803032,0.13007084012700304,-0.14531204757356359,0.1297368722312905,-0.13728263406803035,0.13007083808442438,-0.14531204841692358,0.15559622153854544,-0.14448632437193604,1.0
lewidi_md,gemma,12,GPP-laplace,2,64,0.683513981025687,0.15150437158141974,0.32199433772761643,0.355040491262881,0.6561988877984952,0.6561988877984952,0.440135657787323,0.2521516978740692,0.007207974273160993,-0.02749401041197522,0.007207974273161,-0.027494010411975228,0.006814718380017966,-0.02578988307557473,0.007137689933036786,-0.02716380396310486,0.006814718380017973,-0.025789883075574727,0.007137689976893683,-0.027163804553531675,0.010408078933502896,-0.02627655187827458,1.0
lewidi_md,gemma,12,LPE,2,64,0.7292182716954562,0.1466243023677903,0.2952106975647352,0.2961598727450876,0.6490022898266274,0.6490022898266274,0.4145776033401489,0.11511779576539993,0.1171818741539481,-0.04012917482584284,0.11718187415394811,-0.04012917482584285,0.11700225946078341,-0.03543950415969559,0.11793030160963151,-0.03897694322799969,0.11700225946078341,-0.03543950415969559,0.11793029962374416,-0.03897694465594785,0.12568669034178637,-0.019081666187068667,1.0
lewidi_md,gemma,12,LP-temp,2,64,0.6772348456420533,0.14023498736857637,0.29328891394244416,0.31102057157225815,0.638534510958456,0.638534510958456,0.6103617087085408,,0.10322438058533948,,0.10322438058533948,,0.10011869176461308,,0.10298663226700513,,0.10011869176461308,,0.10298663069979438,,0.10346534839690699,,1.0
lewidi_md,gemma,12,GPP-cosine,2,256,0.7820229250542146,0.1641475655221808,0.3296980127691396,0.29565486517015843,0.534838076545633,0.534838076545633,0.540198564529419,0.00555691123008728,0.05184151582468051,0.009779100957424576,0.051841515824680516,0.009779100957424576,0.050694774103831254,0.01596300867910805,0.051847806395374105,0.011728127980537947,0.050694774103831275,0.01596300867910805,0.051847807067273495,0.011728128020234652,-0.02764663958286983,-0.027066489044077182,1.0
lewidi_md,gemma,12,GPP-rbf,2,256,0.6899441542658087,0.13078140279657194,0.27637952827576745,0.2903220550420226,0.6830225711481845,0.6830225711481845,0.3805225193500519,0.10991548001766205,0.12001970735485179,-0.04699209586024176,0.12001970735485178,-0.04699209586024176,0.11028729056364506,-0.04595192710057953,0.11788028884649569,-0.04699758589687347,0.11028729056364507,-0.045951927100579534,0.1178802845839676,-0.046997588792263525,0.11336636962739623,-0.040034574826460056,1.0
lewidi_md,gemma,12,GPP-laplace,2,256,0.6829342466385926,0.14120880627190283,0.2991405056657298,0.30602751877273976,0.6673209028459274,0.6673209028459274,0.37496107816696167,0.21202389895915985,-0.15371328991888164,-0.15402703226081427,-0.15371328991888164,-0.15402703226081424,-0.14967648432465447,-0.14926696856385696,-0.1535381854336261,-0.1536339619839457,-0.14967648432465447,-0.14926696856385696,-0.15353818635275984,-0.15363396281035846,-0.15596447843854194,-0.1579600320948662,-1.0
lewidi_md,gemma,12,LPE,2,256,0.7888786575989735,0.14197976288310524,0.2807968905845919,0.2805823453479529,0.6794242721622505,0.6794242721622505,0.2447659969329834,0.17007508873939514,0.17330768196586943,0.04993324745743688,0.17330768196586943,0.04993324745743689,0.1613740259059297,0.04696569737056555,0.17086354193068432,0.04937231610238227,0.1613740259059297,0.04696569737056555,0.17086353897519446,0.04937231319994414,0.16360386335084487,0.058799926790651845,1.0
lewidi_md,gemma,12,LP-temp,2,256,0.6455636520892576,0.1279007627576723,0.27703975096189387,0.3028182006714819,0.6561988877984952,0.6561988877984952,0.5989184262314418,,0.1656711787437305,,0.1656711787437305,,0.15965471400616327,,0.16497553774319684,,0.15965471400616327,,0.16497553588230324,,0.14271112224374463,,1.0
lewidi_md,gemma,12,GPP-cosine,2,1024,0.7132614081293281,0.13454939564455862,0.2833803143440948,0.3092744352300585,0.6463853451095846,0.6463853451095846,0.5735396146774292,0.0025297198444604874,0.11105625558991633,0.00019410898708151214,0.11105625558991633,0.00019410898708150867,0.10867668152605023,0.001020388837157122,0.11109316742390896,0.0004469088578330227,0.10867668152605026,0.001020388837157122,0.11109316856098803,0.00044690944750415407,0.08424550586367034,0.02669104019926028,1.0
lewidi_md,gemma,12,GPP-rbf,2,1024,0.6053518331056701,0.1001940443426543,0.2287948747228107,0.26706242396445534,0.7536800785083415,0.7536800785083415,0.3904188871383667,0.08171524107456207,0.2656652364670049,0.03228562182357009,0.2656652364670049,0.03228562182357009,0.25822488183165526,0.03456879320802069,0.26522154632277617,0.033201746450560184,0.25822488183165526,0.03456879320802069,0.26522154322930896,0.03320174448430992,0.2559163501912466,0.06985978991086556,1.0
lewidi_md,gemma,12,GPP-laplace,2,1024,0.636251365577869,0.12666357446530666,0.2802190304077896,0.31086067695807784,0.6686293752044488,0.6686293752044488,0.3929712772369385,0.2208794206380844,0.01627568769156927,-0.018441472879502152,0.016275687691569278,-0.018441472879502152,0.011952569520856231,-0.019739937142253736,0.015071535598742216,-0.018963033125379586,0.011952569520856226,-0.01973993714225374,0.015071530742097449,-0.018963037386293263,-0.0062049298636797185,-0.03753976564511776,0.5
lewidi_md,gemma,12,LPE,2,1024,0.7290865277699724,0.11642466429446727,0.24506770130862623,0.266186951328429,0.7281648675171737,0.7281648675171737,0.11979838460683823,0.2844703197479248,0.24536097163143528,0.1714085739333973,0.24536097163143522,0.17140857393339728,0.24117161913025129,0.1681251662813245,0.24576753700814774,0.17158403058864174,0.2411716191302513,0.16812516628132457,0.24576753655458283,0.17158402972008363,0.24789887584023249,0.1658723776730742,1.0
lewidi_md,gemma,12,LP-temp,2,1024,0.6001088888603288,0.11405267469341665,0.2564436582770327,0.31127147060902366,0.722930978083088,0.722930978083088,0.6310681821625742,,0.23175752310610787,,0.23175752310610787,,0.22543929163595974,,0.23142295706177993,,0.22543929163595977,,0.23142295669457374,,0.2292287507884128,,1.0
lewidi_md,gemma,12,GPP-cosine,3,16,1.4412485070078023,0.3029558261317524,0.4676818788568865,0.29475330388981535,0.45665685312397775,0.45665685312397775,0.29682469367980957,0.0076150973327457905,0.007079751479006299,-0.015243140480054505,0.007079751479006297,-0.015243140480054498,0.008897938912764976,-0.015795578775312465,0.0076816178633241335,-0.015515736210195284,0.00889793891276498,-0.015795578775312465,0.007681617652106858,-0.015515736142250054,0.016361663874274943,-0.03634279811491098,0.5
lewidi_md,gemma,12,GPP-rbf,3,16,0.6566745339502197,0.1379144368735268,0.29825753893119505,0.33267177404361375,0.666993784756297,0.666993784756297,0.4735526740550995,0.1820843368768692,0.1085739078166817,-0.17186513706075945,0.10857390781668172,-0.17186513706075945,0.09602262629961522,-0.1664946722667859,0.10549815516688263,-0.1714085488561449,0.09602262629961522,-0.1664946722667859,0.10549815335254045,-0.17140854944421383,0.10520962502144189,-0.17116498387387954,0.5
lewidi_md,gemma,12,GPP-laplace,3,16,0.6827140929912,0.15116818290251213,0.3215716972381686,0.3548971678172091,0.662414131501472,0.662414131501472,0.4396628141403198,0.25248125195503235,-0.00405429304156903,-0.01218436277073708,-0.004054293041569023,-0.012184362770737084,-0.005450690003857856,-0.011643178026597683,-0.004507057338219905,-0.01210316289815197,-0.005450690003857865,-0.011643178026597681,-0.004507057170668394,-0.01210316348336959,-0.0033933232943926485,-0.012767533959669636,-0.5
lewidi_md,gemma,12,LPE,3,16,0.6683416016722755,0.13645675061005466,0.29182903570972085,0.3105165748470295,0.6545632973503435,0.6545632973503435,0.45654523372650146,0.14462220668792725,0.07963222127506528,-0.00020531554643886223,0.07963222127506527,-0.0002053155464388683,0.06675117883225144,-0.010229464417653496,0.0762577611375877,-0.003257466774912535,0.06675117883225144,-0.010229464417653497,0.07625775985732738,-0.003257468601714277,0.05132971623700067,-0.011443532520630033,0.5
lewidi_md,gemma,12,LP-temp,3,16,0.6729100612927681,0.14623712485842466,0.31113497566926046,0.3450234829039193,0.5947006869479883,0.5947006869479883,0.6802084593070759,,0.08772279120858555,,0.08772279120858552,,0.07495719315490842,,0.0844389130625296,,0.07495719315490842,,0.08443891222546208,,0.04835997790043678,,0.5
lewidi_md,gemma,12,GPP-cosine,3,64,1.346681675560911,0.2966144310120717,0.4604903534257588,0.3012455598602658,0.47235852142623486,0.47235852142623486,0.270860493183136,0.006325360853224993,-0.025602848785172782,-0.03458937659572482,-0.025602848785172775,-0.034589376595724815,-0.028121578098122595,-0.03366087252841175,-0.026544863438661064,-0.03454385012245781,-0.028121578098122598,-0.03366087252841176,-0.026544863145272768,-0.03454385001446903,-0.04241511443959137,-0.06485758156102206,-1.0
lewidi_md,gemma,12,GPP-rbf,3,64,0.6658533054269324,0.13168633590637574,0.28282738198539303,0.30071768982076047,0.676153091265947,0.676153091265947,0.4195074737071991,0.1433405727148056,0.09741418773566227,-0.10094244776632283,0.09741418773566227,-0.10094244776632282,0.08429537501922407,-0.10042773749447682,0.09408923119952242,-0.10147759753770672,0.08429537501922407,-0.10042773749447682,0.09408922857321585,-0.10147759886853663,0.09010219989747219,-0.10267606820308356,0.5
lewidi_md,gemma,12,GPP-laplace,3,64,0.6614945867007315,0.13980085824381783,0.30097319521338944,0.33207646103263216,0.6656853123977756,0.6656853123977756,0.4177800416946411,0.23834086954593658,-0.13571456723665015,-0.1311968013340576,-0.13571456723665015,-0.1311968013340576,-0.1324176731372561,-0.1266420513090123,-0.1356412950300404,-0.13070975198284218,-0.1324176731372561,-0.1266420513090123,-0.13564129558713442,-0.13070975253532865,-0.15184765293979344,-0.14231805344294268,-1.0
lewidi_md,gemma,12,LPE,3,64,0.7676575344062802,0.14217072954772544,0.2829171754803475,0.2831116531865978,0.6745175008177953,0.6745175008177953,0.3428017795085907,0.09423551708459854,0.1313179481276352,0.030455608310268306,0.1313179481276352,0.030455608310268313,0.1164525177852071,0.021459037230129267,0.1276937820891076,0.02792632035987373,0.1164525177852071,0.02145903723012927,0.12769377983550756,0.027926317960152935,0.11878971578982551,0.03780342070140131,0.5
lewidi_md,gemma,12,LP-temp,3,64,0.6462549529897634,0.129770525664205,0.28321375961649214,0.3132191181542697,0.6591429506051685,0.6591429506051685,0.6195616520772371,,0.12906213234381714,,0.12906213234381714,,0.1149942854602719,,0.12566524247911595,,0.1149942854602719,,0.12566524117162006,,0.10386695985932813,,0.5
lewidi_md,gemma,12,GPP-cosine,3,256,0.7047452189094198,0.139972382438266,0.2942746263397653,0.32064575994820654,0.628393850179915,0.628393850179915,0.6064878106117249,0.005918406881392002,0.09361356749045129,-0.015525387610619144,0.09361356749045129,-0.015525387610619147,0.0899982448584457,-0.011920626469467835,0.09315485098601076,-0.014534717825630835,0.0899982448584457,-0.011920626469467835,0.09315485059627124,-0.014534717899354418,0.058329126180674505,-0.011880138179384034,1.0
lewidi_md,gemma,12,GPP-rbf,3,256,0.6607491073705928,0.1274950307391285,0.2748403710523047,0.29784607810508074,0.6774615636244684,0.6774615636244684,0.42810362577438354,0.12362963706254959,0.1549441632308314,-0.06023468355235186,0.1549441632308314,-0.06023468355235186,0.14324136398893395,-0.059833549092814485,0.1524444299612575,-0.06052541336315382,0.14324136398893395,-0.05983354909281449,0.15244442789453938,-0.06052541466048556,0.15261452933243963,-0.06129182073996757,1.0
lewidi_md,gemma,12,GPP-laplace,3,256,0.6575678558279182,0.13690523668840696,0.29678830353066077,0.32488462678655006,0.6663395485770363,0.6663395485770363,0.40906476974487305,0.23155316710472107,-0.099996958213721,-0.11361680822181222,-0.09999695821372098,-0.11361680822181222,-0.09841527085696158,-0.11020012791511036,-0.10020090495362279,-0.11335563612140304,-0.0984152708569616,-0.11020012791511036,-0.10020090605437647,-0.11335563708666366,-0.11636310458235592,-0.1252571254062575,-1.0
lewidi_md,gemma,12,LPE,3,256,0.7678752500742588,0.14323284855239235,0.2852634992776804,0.2838702846780203,0.6601243048740595,0.6601243048740595,0.2591198980808258,0.20163260400295258,0.1841637482400298,0.03447215737478426,0.18416374824002976,0.034472157374784256,0.17202602708010525,0.02968881153899658,0.18173190383141052,0.03325264706527506,0.17202602708010525,0.02968881153899658,0.18173190272528522,0.03325264645273872,0.17512384911921772,0.0333456092164076,1.0
lewidi_md,gemma,12,LP-temp,3,256,0.6559280001910918,0.1379861215931911,0.2966875979341448,0.33323631068007337,0.647693817468106,0.647693817468106,0.6637240286418867,,0.14638099374478938,,0.1463809937447894,,0.1400634228261201,,0.14546151138310986,,0.1400634228261201,,0.14546151156891846,,0.13651712046003636,,1.0
lewidi_md,gemma,12,GPP-cosine,3,1024,0.7521382480622233,0.14723740280725253,0.30621722363859605,0.3007733006084411,0.5662414131501472,0.5662414131501472,0.5551652908325195,0.0029258772265166044,0.08052811251867634,0.02350196981995828,0.08052811251867634,0.023501969819958286,0.07660198637518194,0.02139749103142551,0.07988512671273122,0.023022561673421163,0.07660198637518195,0.021397491031425513,0.07988512764164302,0.023022561900776183,0.008206395553001277,-0.00499767066568217,1.0
lewidi_md,gemma,12,GPP-rbf,3,1024,0.6118789249848359,0.10067847526445937,0.2295627092707937,0.2683623884809156,0.7517173699705594,0.7517173699705594,0.387586772441864,0.08028022944927216,0.2595822652626746,0.02672373242240997,0.2595822652626746,0.02672373242240997,0.24970390105595314,0.027829458841146668,0.2583549037039132,0.027243396363873983,0.24970390105595314,0.027829458841146668,0.258354900574814,0.02724339401152267,0.2532232201924194,0.05927623900962456,1.0
lewidi_md,gemma,12,GPP-laplace,3,1024,0.6424156862582655,0.12759775404870877,0.2803076772548753,0.3042472231996,0.6679751390251881,0.6679751390251881,0.38347962498664856,0.2153569906949997,0.03575036341977875,0.0020871281477911697,0.03575036341977875,0.002087128147791168,0.028694985883893853,-0.0022282866668510174,0.033848144218782086,0.0007880809747494288,0.02869498588389385,-0.002228286666851013,0.033848139779898714,0.0007880770048387005,0.01346525523747546,-0.018618231628172978,0.5
lewidi_md,gemma,12,LPE,3,1024,0.7197018897935195,0.11254152774887745,0.2402552854238276,0.26785062866187986,0.7350343473994112,0.7350343473994112,0.11821228265762329,0.28673282265663147,0.23325208128094987,0.16587359540862856,0.23325208128094987,0.16587359540862856,0.22333739341944764,0.1617546511130166,0.23183321438280208,0.16575683200518376,0.22333739341944764,0.16175465111301662,0.2318332132694442,0.16575683071477376,0.2327052000835115,0.15824847950840615,1.0
lewidi_md,gemma,12,LP-temp,3,1024,0.5976960473087807,0.11332241108419898,0.2569898232804626,0.3131025003415717,0.7330716388616291,0.7330716388616291,0.632079364575543,,0.22966905172944932,,0.22966905172944932,,0.218407302024523,,0.22781566490372396,,0.218407302024523,,0.22781566408711607,,0.2214932766208267,,1.0
lewidi_md,gemma,12,GPP-cosine,4,16,1.9827708131914146,0.3761503253010422,0.5090460319473845,0.3213138441215251,0.4599280340202813,0.4599280340202813,0.11521437019109726,0.00810446310788393,-0.02326522285494611,-0.01534703566214435,-0.023265222854946113,-0.015347035662144345,-0.017417157419309867,-0.013839042121860816,-0.02164487102807909,-0.014993272698385122,-0.017417157419309867,-0.01383904212186082,-0.021644870607974563,-0.014993272084239862,-0.03524267229838081,-0.05528129882686083,-0.5
lewidi_md,gemma,12,GPP-rbf,4,16,0.6766141337106286,0.14045106214490297,0.2992645559486978,0.3120973520274839,0.6663395485770363,0.6663395485770363,0.42756882309913635,0.17868222296237946,0.014999922516030594,-0.15173080277052237,0.014999922516030592,-0.15173080277052237,0.010767203381287446,-0.14670761566447,0.013814539120802345,-0.15124191673441453,0.010767203381287446,-0.14670761566447,0.013814539385511613,-0.15124191651927837,0.012306725094471895,-0.15337584057043496,0.5
lewidi_md,gemma,12,GPP-laplace,4,16,0.6769628832431471,0.14868332500777034,0.31656232284425245,0.3521598041550986,0.6620870134118417,0.6620870134118417,0.43771761655807495,0.2516861855983734,-0.05316706815252485,-0.036116075610634756,-0.05316706815252486,-0.03611607561063475,-0.053537186129073856,-0.034730587976117985,-0.05364408350179569,-0.0359419340425758,-0.05353718612907386,-0.034730587976117985,-0.053644083165572974,-0.03594193446731171,-0.053860817387257745,-0.03643766588510941,-1.0
lewidi_md,gemma,12,LPE,4,16,0.7832060375904176,0.15445061849701963,0.30222670834730564,0.2828176343305066,0.662414131501472,0.662414131501472,0.36787694692611694,0.0870438888669014,0.07074919719568279,0.021753127324837328,0.07074919719568279,0.021753127324837338,0.06588840658163715,0.021295916562880657,0.06975473753178825,0.021763062378461998,0.06588840658163717,0.021295916562880657,0.06975473788982973,0.02176306296183117,0.06314921560979879,0.02851121455474829,1.0
lewidi_md,gemma,12,LP-temp,4,16,0.7354181990518879,0.14845012887356307,0.3001914865137856,0.288795884183862,0.6447497546614328,0.6447497546614328,0.5181873790065401,,0.07066173591034977,,0.07066173591034977,,0.06599525805528095,,0.06972581388298071,,0.06599525805528096,,0.06972581433509198,,0.06207824572040934,,1.0
lewidi_md,gemma,12,GPP-cosine,4,64,0.7710080045994989,0.17534130802094572,0.34997160884367845,0.3186837950777029,0.4674517500817795,0.4674517500817795,0.6095917224884033,0.011555382050573826,0.01629707493067436,-0.02964559834863388,0.016297074930674352,-0.02964559834863388,0.015699214849751383,-0.02902735547143118,0.01622681247391012,-0.029660615035649263,0.01569921484975138,-0.029027355471431183,0.01622681280119355,-0.029660614583760885,-0.002470800727483865,-0.05494876595559548,1.0
lewidi_md,gemma,12,GPP-rbf,4,64,0.6575259079339622,0.13416525174681282,0.290250947643504,0.3154978937940529,0.6575073601570167,0.6575073601570167,0.44141361117362976,0.17198045551776886,0.1068644209556737,-0.11634066930537026,0.1068644209556737,-0.11634066930537028,0.10367864099585264,-0.11018410731585115,0.1066272443034661,-0.11526431071483591,0.10367864099585263,-0.11018410731585115,0.10662724233746948,-0.11526431150956863,0.11440358616948385,-0.12345555214638089,1.0
lewidi_md,gemma,12,GPP-laplace,4,64,0.6685078358593198,0.14456339241655378,0.30801553554079836,0.3443896757976478,0.6633954857703631,0.6633954857703631,0.4319160580635071,0.24757927656173706,-0.10614266009816589,-0.09606086722647861,-0.10614266009816589,-0.09606086722647861,-0.10328300302406544,-0.09220012514144263,-0.10599978901353367,-0.09554423215870202,-0.10328300302406546,-0.09220012514144263,-0.10599978927206877,-0.09554423265358733,-0.12196857293949057,-0.10456079582828598,-1.0
lewidi_md,gemma,12,LPE,4,64,0.7670485958087839,0.14793263128102282,0.2945545123680584,0.2885945271206637,0.6535819430814525,0.6535819430814525,0.3443920612335205,0.11767078936100006,0.1254271452857632,-0.018039180361551357,0.1254271452857632,-0.01803918036155136,0.12009263477739301,-0.010448157759518538,0.1246632424297162,-0.015852561852160944,0.12009263477739301,-0.010448157759518534,0.12466324079175305,-0.01585256224884567,0.11737145926117734,-0.0011134946529998385,1.0
lewidi_md,gemma,12,LP-temp,4,64,0.6588325194731491,0.13699425157615797,0.29460398891197004,0.322654945239603,0.6336277396140007,0.6336277396140007,0.6422674089210816,,0.11752155156443027,,0.11752155156443025,,0.11057341053039385,,0.1162123772580771,,0.11057341053039385,,0.11621237616808328,,0.0927970453534393,,1.0
lewidi_md,gemma,12,GPP-cosine,4,256,0.7345770132879793,0.14694189831590387,0.30562294359950415,0.3156570058007648,0.5763820739286882,0.5763820739286882,0.5889673233032227,0.00540527980774641,0.07126150956674726,-0.026123639348100375,0.07126150956674727,-0.02612363934810038,0.06874947239727028,-0.022037762831883544,0.07098537934283022,-0.025059180957009652,0.06874947239727028,-0.022037762831883544,0.07098537917089384,-0.02505918059038563,0.025920784499358224,-0.025577519853391142,1.0
lewidi_md,gemma,12,GPP-rbf,4,256,0.6616490484079498,0.12486729575590522,0.26875033940709236,0.29189878714435064,0.6967615309126595,0.6967615309126595,0.40176069736480713,0.11988772451877594,0.13131488864828292,-0.054737974083878885,0.13131488864828292,-0.054737974083878885,0.1269655706344846,-0.04906863059939579,0.13089116966248066,-0.05338770895845288,0.1269655706344846,-0.0490686305993958,0.13089116654910665,-0.05338771095992237,0.1302191933941941,-0.04807652890887655,1.0
lewidi_md,gemma,12,GPP-laplace,4,256,0.6779824077495393,0.14044246102176372,0.2990731140942912,0.3096559692498477,0.6666666666666666,0.6666666666666666,0.38117027282714844,0.2159527838230133,-0.15470617929527197,-0.15430688053401811,-0.15470617929527197,-0.15430688053401811,-0.14941793716519752,-0.14840427117484334,-0.1541570179247409,-0.15356800642442908,-0.14941793716519755,-0.14840427117484334,-0.1541570189565894,-0.1535680073675103,-0.16171655069588847,-0.16131942453568043,-1.0
lewidi_md,gemma,12,LPE,4,256,0.7507817867474428,0.13542391675043722,0.27445458299173736,0.2841676637478374,0.6830225711481845,0.6830225711481845,0.26168954372406006,0.17467163503170013,0.16103428010998594,0.03722040011939516,0.16103428010998594,0.03722040011939516,0.15810440950746923,0.03914671008101901,0.16124623311926273,0.038061737616079595,0.15810440950746923,0.03914671008101902,0.16124623154977274,0.03806173609340431,0.1570805462750662,0.045191608684443094,1.0
lewidi_md,gemma,12,LP-temp,4,256,0.6575633590498019,0.12910418909202784,0.2766265586722024,0.2969519820189856,0.6591429506051685,0.6591429506051685,0.5716571062837689,,0.13465424477604776,,0.13465424477604776,,0.13223590324634998,,0.1348410840030253,,0.13223590324634998,,0.13484108375280618,,0.1130912548683125,,1.0
lewidi_md,gemma,12,GPP-cosine,4,1024,0.7162233915670861,0.13275121881991325,0.28264409751176994,0.30843497354188465,0.6450768727510632,0.6450768727510632,0.5757007002830505,0.0028461322654038668,0.11022742698347562,0.02118299499309255,0.11022742698347562,0.021182994993092553,0.10530976341776246,0.02261444864338651,0.10948621773837364,0.02176381783667177,0.10530976341776246,0.022614448643386513,0.10948621849270102,0.021763817800737308,0.06111336712957433,0.01063518402923049,1.0
lewidi_md,gemma,12,GPP-rbf,4,1024,0.5973575846946655,0.09746589016483484,0.22584795971341018,0.26386338995812425,0.7526987242394504,0.7526987242394504,0.39018404483795166,0.0843706950545311,0.2926783467296251,0.04711308210339857,0.2926783467296251,0.04711308210339857,0.2898550624023323,0.05323108109179545,0.29382494426919387,0.04929791426087692,0.2898550624023323,0.05323108109179546,0.29382494127686,0.04929791209301512,0.2915805863146784,0.0855514600839564,1.0
lewidi_md,gemma,12,GPP-laplace,4,1024,0.6374070700706462,0.126953799876379,0.28038259335459353,0.31000270738026486,0.6686293752044488,0.6686293752044488,0.3916481137275696,0.22048130631446838,0.027383936463187316,-0.006691494537655743,0.02738393646318732,-0.006691494537655748,0.0236133641139483,-0.007801281564541091,0.0264240748626082,-0.007075105849446123,0.0236133641139483,-0.0078012815645410955,0.026424070265385007,-0.007075109913749524,0.0007608875156288799,-0.03221869607066003,0.5
lewidi_md,gemma,12,LPE,4,1024,0.7190519825594256,0.11264167197965902,0.24089245410856017,0.26344316409697666,0.723912332351979,0.723912332351979,0.1168019250035286,0.2916601300239563,0.2594920042487783,0.17982165594781907,0.2594920042487783,0.17982165594781907,0.2582483206704116,0.1819091727776246,0.26089189819718367,0.1816893549006244,0.2582483206704116,0.1819091727776246,0.2608918981119303,0.18168935415876086,0.2649285100079626,0.17466076198386435,1.0
lewidi_md,gemma,12,LP-temp,4,1024,0.5976888604882598,0.11212350394591987,0.25266968676159607,0.3057715241944776,0.7170428524697415,0.7170428524697415,0.6186083835225485,,0.22508337244197923,,0.22508337244197926,,0.22353903810018794,,0.2261559512494354,,0.223539038100188,,0.2261559514136678,,0.23402947644472052,,1.0
lewidi_md,gemma,25,GPP-cosine,0,16,0.7673356902993493,0.16713235750142766,0.332600412237283,0.3330934851509843,0.539417729800458,0.539417729800458,0.6143744587898254,0.013616894371807575,0.007109528350918035,-0.018553405541999038,0.007109528350918035,-0.018553405541999045,0.0073159633637254785,-0.012860682952115048,0.007221078934649471,-0.016948038824277083,0.00731596336372548,-0.012860682952115048,0.007221077906154923,-0.016948038876312105,0.023374974512562423,-0.033756563720556,1.0
lewidi_md,gemma,25,GPP-rbf,0,16,0.6755414858362263,0.14721946661212018,0.3133096544326112,0.3453578919411821,0.6038599934576382,0.6038599934576382,0.4761328399181366,0.20308230817317963,0.11527277804404665,-0.17234968788990349,0.11527277804404665,-0.1723496878899035,0.10456104347236256,-0.16624014615822993,0.11280278199900048,-0.1716714902124441,0.10456104347236256,-0.16624014615822996,0.1128027818442851,-0.17167149038663648,0.11702045608271851,-0.17241237146740646,0.5
lewidi_md,gemma,25,GPP-laplace,0,16,0.6873215083741985,0.1530198837818119,0.32472594131831056,0.35546416295917405,0.6306836768073274,0.6306836768073274,0.4396326243877411,0.2530784606933594,-0.010785703123362602,0.0008316857580560541,-0.010785703123362604,0.0008316857580560541,-0.010961646193958226,0.0011651096166857451,-0.010913168008959778,0.0009388596516211288,-0.01096164619395822,0.0011651096166857416,-0.010913167521996914,0.0009388591460708466,-0.00996501346360303,-0.0006318715715367753,-1.0
lewidi_md,gemma,25,LPE,0,16,0.6843361071818694,0.147585888271558,0.311783861867306,0.33019485782764424,0.5940464507687275,0.5940464507687275,0.4686204493045807,0.18078245222568512,0.010082915229127612,0.007129650520779705,0.010082915229127609,0.0071296505207797106,-0.001500367725704708,0.005872189146738066,0.006626767065600872,0.0067958175632376674,-0.0015003677257047002,0.005872189146738066,0.0066267668404290415,0.006795817090058231,-0.011435099229985892,0.013611771023504785,-0.5
lewidi_md,gemma,25,LP-temp,0,16,0.688043574283895,0.15301602793787114,0.323633169066352,0.35257930321289144,0.5567549885508669,0.5567549885508669,0.6897851714623386,,0.03334664967275008,,0.03334664967275007,,0.0205225184118105,,0.029672297487040526,,0.020522518411810502,,0.029672297311672393,,0.007701869554439087,,0.5
lewidi_md,gemma,25,GPP-cosine,0,64,0.6971905579571194,0.14866379893061504,0.313382494225007,0.3287829029527984,0.5538109257441937,0.5538109257441937,0.6286001205444336,0.008990486152470112,0.040254887146946444,-0.005884262693857679,0.040254887146946444,-0.005884262693857683,0.0341321083060669,-0.007521899858879423,0.03866736572476851,-0.006422987372994988,0.03413210830606691,-0.007521899858879422,0.038667365644607384,-0.00642298681546734,-0.013671774674794123,-0.032031915315333094,0.5
lewidi_md,gemma,25,GPP-rbf,0,64,0.6422690653644102,0.12864396185497812,0.2817800190686049,0.31584156978925493,0.6846581615963363,0.6846581615963363,0.4570588171482086,0.161006897687912,0.10961081502480863,-0.0874597221631144,0.10961081502480863,-0.0874597221631144,0.09650112785025657,-0.08655168485916587,0.10637222380853051,-0.08778276482421107,0.09650112785025657,-0.08655168485916587,0.10637222192775866,-0.08778276581571823,0.11663620662062275,-0.09661209066247843,0.5
lewidi_md,gemma,25,GPP-laplace,0,64,0.6641646640436079,0.14313833874406146,0.3060789218316836,0.34635225014205345,0.6666666666666666,0.6666666666666666,0.4346265494823456,0.2486303597688675,-0.05184712511837469,-0.049494261876790825,-0.05184712511837469,-0.049494261876790825,-0.05479743648006134,-0.04899004566309626,-0.053100349082865705,-0.04968001170693208,-0.05479743648006135,-0.04899004566309627,-0.053100349627273,-0.04968001248892316,-0.06216085024310368,-0.056437021249027,-1.0
lewidi_md,gemma,25,LPE,0,64,0.7133547356108976,0.13766164922958424,0.2837623783291583,0.2926431866785103,0.6692836113837095,0.6692836113837095,0.40063756704330444,0.10465181618928909,0.10269634271987968,0.027701662150184027,0.10269634271987965,0.02770166215018402,0.09155517539929656,0.016589451629539426,0.10000946231684302,0.024509627795173662,0.09155517539929658,0.016589451629539426,0.10000946116658924,0.024509625766138875,0.09416384908948182,0.02025004129801138,0.5
lewidi_md,gemma,25,LP-temp,0,64,0.6554727846638201,0.1377443953028124,0.29713680525462466,0.3337699319872086,0.6368989205103042,0.6368989205103042,0.6617140795959117,,0.0923436094181372,,0.09234360941813718,,0.0808264157820699,,0.08947133820584455,,0.08082641578206988,,0.08947133775502739,,0.07233839043833334,,0.5
lewidi_md,gemma,25,GPP-cosine,0,256,0.8860478377410161,0.1791858798042234,0.34444720609740287,0.29940087050422926,0.5361465489041544,0.5361465489041544,0.4984736740589142,0.0035509951412677765,0.009552357601567509,0.013427537487222826,0.009552357601567505,0.013427537487222821,0.004691945234938383,0.015420586230260738,0.008138608178989976,0.01412612482544508,0.004691945234938387,0.015420586230260736,0.008138609032752053,0.01412612549656186,-0.03213805322085589,-0.014680357867028444,0.5
lewidi_md,gemma,25,GPP-rbf,0,256,0.6416929573469032,0.11520957661143379,0.25448481348680746,0.28344618541144584,0.719332679097154,0.719332679097154,0.3868030309677124,0.11296328902244568,0.17150580106539218,0.044395321360441165,0.17150580106539215,0.044395321360441165,0.1564535964036865,0.03668845306196897,0.16810021464604952,0.04235407494436628,0.15645359640368656,0.03668845306196896,0.16810021013411527,0.0423540710622443,0.16468437163559024,0.038803067693185804,1.0
lewidi_md,gemma,25,GPP-laplace,0,256,0.655367842857348,0.13393533389293752,0.2915085206599769,0.313243561829869,0.666993784756297,0.666993784756297,0.39354032278060913,0.22344373166561127,-0.08917901694234537,-0.08868872951390369,-0.08917901694234535,-0.0886887295139037,-0.08596696642493608,-0.08465206661550283,-0.0888126404216121,-0.08806803077722423,-0.08596696642493609,-0.08465206661550283,-0.08881264315159121,-0.08806803318522699,-0.0978124266059141,-0.0981892993982513,-1.0
lewidi_md,gemma,25,LPE,0,256,0.7472115043031646,0.12643294780689632,0.26013222678938774,0.2775157771705079,0.7144259077526988,0.7144259077526988,0.2618976831436157,0.14585843682289124,0.17581411844580241,0.1059062374201738,0.17581411844580236,0.10590623742017378,0.15693330510641815,0.09378262415598779,0.17127286181581675,0.10294235855359274,0.15693330510641817,0.09378262415598779,0.1712728589171637,0.10294235584856945,0.1638450369892227,0.10173274508887378,0.5
lewidi_md,gemma,25,LP-temp,0,256,0.6632016825343411,0.1204577822631563,0.2611161092563152,0.2841580706901299,0.6974157670919202,0.6974157670919202,0.49006865583609655,,0.15201468848148963,,0.15201468848148963,,0.13554526557947524,,0.1480442067198112,,0.13554526557947524,,0.14804420476083904,,0.13268608911146293,,0.5
lewidi_md,gemma,25,GPP-cosine,0,1024,0.7818275958574602,0.14685540687463858,0.3030792375267811,0.30008730364018954,0.5901210336931633,0.5901210336931633,0.5225189924240112,0.0020236338023096323,0.052484817629968324,0.032809258734525976,0.05248481762996833,0.03280925873452597,0.05287359973487227,0.031824994743673035,0.05296283749161997,0.03273456250107744,0.052873599734872274,0.03182499474367304,0.05296283914944203,0.03273456331637514,-0.005886568114601652,0.03318732253091106,1.0
lewidi_md,gemma,25,GPP-rbf,0,1024,0.5980634528785023,0.09061978214589178,0.2112855893367785,0.24787616824696163,0.7811579980372915,0.7811579980372915,0.34234338998794556,0.07118882983922958,0.33152724696670166,0.19132375729536072,0.33152724696670166,0.19132375729536072,0.3194156042338577,0.18572705203830686,0.3301132765316268,0.19093167240509207,0.31941560423385773,0.18572705203830686,0.3301132728343211,0.19093166893649963,0.3209282809503092,0.21345226519751664,1.0
lewidi_md,gemma,25,GPP-laplace,0,1024,0.6315510998954753,0.12304861470497418,0.2734418824159089,0.29921125713753205,0.6679751390251881,0.6679751390251881,0.3792492747306824,0.21396198868751526,0.09331435317352547,0.07306822500887575,0.09331435317352546,0.07306822500887573,0.08503572247222894,0.06691821062783408,0.09143435734921249,0.0716972968375774,0.08503572247222894,0.06691821062783408,0.09143435130011851,0.07169729119010261,0.07489510327754262,0.05864422599708637,1.0
lewidi_md,gemma,25,LPE,0,1024,0.7611305031351597,0.1035171997988956,0.22005176652071687,0.24801919478329285,0.7693817468105987,0.7693817468105987,0.11334633827209473,0.21945247054100037,0.29682353638290726,0.2626233958985003,0.29682353638290726,0.2626233958985003,0.2913848199102446,0.2561932869547834,0.29720256323554883,0.26246631651625363,0.2913848199102447,0.25619328695478344,0.2972025622537406,0.262466315212954,0.3057962552830049,0.2667932404051901,1.0
lewidi_md,gemma,25,LP-temp,0,1024,0.5728074189277471,0.09588123256228395,0.22561963879719346,0.2710726756974259,0.7464834805364736,0.7464834805364736,0.5377028391401775,,0.2931915281264185,,0.2931915281264185,,0.28335997758880743,,0.2922087506877127,,0.2833599775888075,,0.2922087499769729,,0.2794707532768138,,1.0
lewidi_md,gemma,25,GPP-cosine,1,16,0.8043452466935859,0.1684731930504539,0.33213225585715533,0.3304065256001196,0.5528295714753025,0.5528295714753025,0.5965691804885864,0.012248922139406204,0.01786475831421191,-0.015851318265476214,0.0178647583142119,-0.01585131826547621,0.016783907332608736,-0.0105874587960707,0.017658246585885155,-0.014357953104564187,0.01678390733260874,-0.0105874587960707,0.0176582457652354,-0.014357953156274063,0.017601372320498163,-0.0252182247593059,1.0
lewidi_md,gemma,25,GPP-rbf,1,16,0.6768066980492365,0.13787143770672786,0.29379854549915524,0.3002207635155769,0.666012430487406,0.666012430487406,0.40367814898490906,0.17358458042144775,-0.051895528981300176,-0.14285476600291264,-0.05189552898130017,-0.14285476600291264,-0.049274765717135655,-0.13519955294416697,-0.051453586793630955,-0.14150401978523813,-0.049274765717135655,-0.135199552944167,-0.0514535880010608,-0.14150402026706235,-0.05626171054384474,-0.14461650982999832,-1.0
lewidi_md,gemma,25,GPP-laplace,1,16,0.6762815558216573,0.14847653503083935,0.31679646771962944,0.3529795788877227,0.666012430487406,0.666012430487406,0.4380576014518738,0.25216883420944214,-0.03693350034885238,-0.01399272500561323,-0.036933500348852386,-0.013992725005613235,-0.03646799683577968,-0.012805822738292654,-0.03704494837596456,-0.01372740119027391,-0.03646799683577968,-0.01280582273829266,-0.03704494805091013,-0.013727401709949814,-0.03843358256354176,-0.015098413662917972,-1.0
lewidi_md,gemma,25,LPE,1,16,0.7936725648179624,0.1553490559057412,0.3042498669041139,0.2852425910604539,0.666012430487406,0.666012430487406,0.32761919498443604,0.08920306712388992,0.02124758547970807,-0.029159859826767293,0.021247585479708078,-0.029159859826767297,0.020308706541909305,-0.029503082779552537,0.02110746522974147,-0.029464159563858762,0.020308706541909305,-0.02950308277955254,0.021107463930603018,-0.02946416073028548,0.014963631621709154,-0.00820485250720703,1.0
lewidi_md,gemma,25,LP-temp,1,16,0.6519857962197902,0.13374700135750175,0.2902232937515758,0.31901088713267556,0.656853123977756,0.656853123977756,0.6319357928070642,,0.03153810673962505,,0.031538106739625045,,0.030467504462594136,,0.031428422677218265,,0.030467504462594136,,0.031428421272923425,,0.013379543263144385,,1.0
lewidi_md,gemma,25,GPP-cosine,1,64,1.8131298482655542,0.3395675773030236,0.48436565414417937,0.3162724866194946,0.47268563951586523,0.47268563951586523,0.18424329161643982,0.003594719571992755,-0.03121050444685512,-0.03634951597096897,-0.03121050444685512,-0.03634951597096897,-0.033902744287767676,-0.027901216577272472,-0.032243756567564896,-0.034027481891219,-0.03390274428776768,-0.027901216577272472,-0.03224375590164432,-0.03402748119458422,-0.028099548224896288,-0.031109662755222187,-1.0
lewidi_md,gemma,25,GPP-rbf,1,64,0.6627991147838854,0.13953534632982478,0.2991783456790962,0.3288506909530001,0.6270853778213935,0.6270853778213935,0.4808703064918518,0.1694130152463913,0.1515015015710538,-0.0997448090656958,0.15150150157105377,-0.0997448090656958,0.13902852730442558,-0.09737463337836288,0.1487437797945567,-0.09970705961477402,0.13902852730442558,-0.09737463337836288,0.1487437784766526,-0.09970706031379464,0.16499186646113115,-0.1122285342516614,1.0
lewidi_md,gemma,25,GPP-laplace,1,64,0.6806571561610156,0.1503396131621341,0.32036418691496854,0.3547805932128736,0.6633954857703631,0.6633954857703631,0.44019046425819397,0.25182729959487915,0.02408211869954142,-0.00929248883983521,0.024082118699541417,-0.009292488839835203,0.0211298238385564,-0.00927764110483542,0.023348662639115884,-0.009351654996314672,0.02112982383855641,-0.00927764110483542,0.02334866270303851,-0.009351655637740482,0.023085187423305197,-0.01094532431970758,0.5
lewidi_md,gemma,25,LPE,1,64,0.7289071630959074,0.15125296700362748,0.3070975144900684,0.3006255739013801,0.6074582924435721,0.6074582924435721,0.44297870993614197,0.11586658656597137,0.1035716962057274,0.03502557726434635,0.1035716962057274,0.03502557726434635,0.09592693251570984,0.029638311607854784,0.10195490854532346,0.033626063112412105,0.09592693251570986,0.029638311607854788,0.1019549077449858,0.03362606236703883,0.10172592865563258,0.0352629222604856,1.0
lewidi_md,gemma,25,LP-temp,1,64,0.7021254209709776,0.15120614427799184,0.3128474960693212,0.3180754819999983,0.5832515538109257,0.5832515538109257,0.623068899694999,,0.06675810151661898,,0.06675810151661898,,0.06128559817939408,,0.06555012105433589,,0.06128559817939408,,0.06555012063976748,,0.06536894906429451,,1.0
lewidi_md,gemma,25,GPP-cosine,1,256,0.7022414734245604,0.1411584569111178,0.29957314241061866,0.32045575413910704,0.6051684658161597,0.6051684658161597,0.6062893867492676,0.004399382509291172,0.08069766884918944,0.010364570886873634,0.08069766884918944,0.010364570886873637,0.07543117472970559,0.01174478443998253,0.07964791820098613,0.01085565663215338,0.0754311747297056,0.01174478443998253,0.07964791855473023,0.010855658114218987,0.03346035638079086,-0.010448283369797093,1.0
lewidi_md,gemma,25,GPP-rbf,1,256,0.6562568906829689,0.11897490637263,0.2583427693477994,0.28427819258809633,0.7069021916912005,0.7069021916912005,0.3819662630558014,0.1109868735074997,0.14898823343927747,0.03295410798213341,0.14898823343927747,0.03295410798213341,0.13791000043731994,0.02962118193478182,0.14663776210748863,0.03216561389653773,0.13791000043731994,0.029621181934781825,0.14663775791055544,0.032165610543601994,0.140829863864454,0.03275748450801632,1.0
lewidi_md,gemma,25,GPP-laplace,1,256,0.6632724172250247,0.13551180415357406,0.29282297939793284,0.30832658326766094,0.666993784756297,0.666993784756297,0.38420987129211426,0.21797823905944824,-0.1125333496004618,-0.10904957453466667,-0.1125333496004618,-0.10904957453466665,-0.11058133823693739,-0.10612015965986842,-0.11271050871753643,-0.10890539557210865,-0.11058133823693739,-0.10612015965986843,-0.11271051092594334,-0.1089053975474283,-0.12727569165063812,-0.12277374541379442,-1.0
lewidi_md,gemma,25,LPE,1,256,0.7570370353935734,0.13102014719662444,0.26438135814354247,0.2779054850717305,0.704612365063788,0.704612365063788,0.25106313824653625,0.1626010239124298,0.1685923778380224,0.09536736030368383,0.1685923778380224,0.09536736030368381,0.1599310930734374,0.09136969949791673,0.1671118337923539,0.0948043026026016,0.1599310930734374,0.09136969949791673,0.16711183104657404,0.09480430034665972,0.16153762623349951,0.09702581929832464,1.0
lewidi_md,gemma,25,LP-temp,1,256,0.6566312576003915,0.1254443692634178,0.26849498501435787,0.28716547460407604,0.6777886817140988,0.6777886817140988,0.5429887143993772,,0.1700242803243459,,0.1700242803243459,,0.16077422763079074,,0.16837436432533914,,0.16077422763079074,,0.1683743633097355,,0.14910431245013644,,1.0
lewidi_md,gemma,25,GPP-cosine,1,1024,0.8134637821026863,0.15431056180605307,0.3131587038058853,0.29573511704186106,0.5793261367353615,0.5793261367353615,0.5013469457626343,0.001998896012082696,0.05081865787832797,0.05899641107051164,0.05081865787832797,0.05899641107051164,0.047510827449021395,0.05628994180932832,0.0501602338346511,0.05857705017129751,0.0475108274490214,0.05628994180932834,0.050160235797108904,0.05857705146452798,-0.013725545317153245,0.016195666493873315,1.0
lewidi_md,gemma,25,GPP-rbf,1,1024,0.5868632803300338,0.09049419510745235,0.21319736950401647,0.24611185436010793,0.7553156689564933,0.7553156689564933,0.363002210855484,0.07254601269960403,0.34094751925818423,0.21062839837827246,0.34094751925818423,0.21062839837827246,0.3277296405130603,0.2032640892545325,0.3392614382009247,0.20983066380889187,0.3277296405130603,0.2032640892545325,0.3392614340158224,0.20983065979842389,0.32876366069960683,0.22312425234161862,1.0
lewidi_md,gemma,25,GPP-laplace,1,1024,0.633087194818423,0.1236966399267911,0.2746348953009198,0.29987054637202615,0.6673209028459274,0.6673209028459274,0.38009604811668396,0.21410773694515228,0.0915442750702652,0.06969951048296683,0.09154427507026519,0.06969951048296684,0.08144850728209214,0.06214043913847264,0.08909912170500592,0.06787666360348957,0.08144850728209216,0.06214043913847265,0.08909911566837858,0.06787665793381428,0.0795784695703426,0.05947218250087886,0.5
lewidi_md,gemma,25,LPE,1,1024,0.6768268597048559,0.10016366523768756,0.2206902666454684,0.24881407807068323,0.756951259404645,0.756951259404645,0.11773404479026794,0.2657628357410431,0.29795484582998444,0.26041875030892137,0.29795484582998444,0.26041875030892137,0.2894354231987257,0.25391483360170497,0.29740404550007,0.26022409904889254,0.2894354231987257,0.253914833601705,0.29740404389271974,0.2602240970012909,0.30181649010824746,0.25641452362186007,1.0
lewidi_md,gemma,25,LP-temp,1,1024,0.5739461904765135,0.10220232027830552,0.23775198887645854,0.29365375135528343,0.7415767091920183,0.7415767091920183,0.6037379083884556,,0.30715355490168406,,0.30715355490168406,,0.2944413008220055,,0.3053897526840866,,0.2944413008220055,,0.3053897514080979,,0.2849594054957484,,1.0
lewidi_md,gemma,25,GPP-cosine,2,16,0.7272483860961305,0.165766665149677,0.3379957570743436,0.34377169655559014,0.5031076218514884,0.5031076218514884,0.6522510647773743,0.020050598308444023,-0.0027429575114220617,-0.011261880285452445,-0.0027429575114220617,-0.011261880285452441,-0.006854962856502641,-0.01102634783595268,-0.00401320154194669,-0.011267380351132485,-0.006854962856502643,-0.011026347835952677,-0.00401320221231896,-0.011267379781757281,0.012387992813684,-0.04067187788582266,-0.5
lewidi_md,gemma,25,GPP-rbf,2,16,0.7219417085927422,0.14700409365740735,0.30088102504230807,0.28874417787741263,0.666993784756297,0.666993784756297,0.3649991750717163,0.15488050878047943,-0.06457618602990732,-0.13034139114447457,-0.0645761860299073,-0.13034139114447457,-0.05746402301292103,-0.12047918208757111,-0.06285423893023662,-0.12823321009406244,-0.05746402301292103,-0.12047918208757111,-0.06285423908969426,-0.1282332100712427,-0.0629038031409082,-0.12803466167566788,-0.5
lewidi_md,gemma,25,GPP-laplace,2,16,0.6721395382431277,0.1466003729599125,0.3125369181191761,0.35002188337643136,0.6663395485770363,0.6663395485770363,0.43619048595428467,0.2510465979576111,-0.06095043837265701,-0.03228284492523817,-0.06095043837265701,-0.03228284492523817,-0.05908897735749516,-0.029960091110102605,-0.06080163851394848,-0.03179718570104875,-0.05908897735749516,-0.029960091110102616,-0.060801638248163654,-0.03179718618767512,-0.06636774217176725,-0.033717187684089475,-1.0
lewidi_md,gemma,25,LPE,2,16,1.03353918110357,0.19199205600436095,0.32926087252548014,0.2954204554674544,0.666993784756297,0.666993784756297,0.22095802426338196,0.03803391009569168,0.03766654162511221,0.021907447806313873,0.03766654162511221,0.021907447806313877,0.042622255198719164,0.027495729639125926,0.039432903777167905,0.02375832246977072,0.042622255198719164,0.027495729639125922,0.039432904083361364,0.023758323275671737,0.036383191825070965,0.025119370140090528,1.0
lewidi_md,gemma,25,LP-temp,2,16,0.7214327837916339,0.14451460355453946,0.2948814754181815,0.28006521403099816,0.6650310762185149,0.6650310762185149,0.5057564137228234,,0.04963510385780449,,0.049635103857804494,,0.05372930025668447,,0.05122129737414807,,0.05372930025668447,,0.05122129742702539,,0.04614342700453907,,1.0
lewidi_md,gemma,25,GPP-cosine,2,64,0.9865150931596717,0.22413688370136567,0.39870409546692565,0.28403715133848206,0.47530258423290805,0.47530258423290805,0.4671328663825989,0.0068968236446380615,-0.0020349409897593273,0.004864163949919093,-0.0020349409897593342,0.004864163949919088,-0.008004556324702237,0.0014458846871716006,-0.0038656767518589485,0.0038571825995259382,-0.008004556324702242,0.0014458846871716075,-0.003865676147630906,0.003857183272577465,-0.01612007273046778,-0.03976651361047354,-0.5
lewidi_md,gemma,25,GPP-rbf,2,64,0.6534608337726562,0.13648239265218207,0.29260345659894144,0.32939165888031163,0.6506378802747792,0.6506378802747792,0.4796621799468994,0.1725846827030182,0.11599823226316748,-0.126881782217178,0.11599823226316748,-0.126881782217178,0.11452808331267403,-0.11815028617166337,0.11634578726946558,-0.12509401176551233,0.11452808331267403,-0.11815028617166337,0.11634578631292088,-0.1250940122063125,0.1236744942495211,-0.1306353556126653,1.0
lewidi_md,gemma,25,GPP-laplace,2,64,0.6808411711915746,0.1504403995086052,0.32022429959550575,0.35485620943485935,0.6735361465489041,0.6735361465489041,0.4400964677333832,0.2520066201686859,0.003177302840507632,-0.015690694873022965,0.0031773028405076217,-0.01569069487302296,0.002930491563943132,-0.01442915690867521,0.0031239636751713845,-0.015414293293224024,0.002930491563943125,-0.014429156908675213,0.0031239636890413175,-0.015414294006935163,0.004148049177926798,-0.016318624094624885,1.0
lewidi_md,gemma,25,LPE,2,64,0.7081053492716816,0.14421867708013672,0.294796763913734,0.3007266952000027,0.6372260385999345,0.6372260385999345,0.4384520351886749,0.1153106614947319,0.07823165315857084,-0.015782880179781866,0.07823165315857081,-0.01578288017978186,0.07945482902461046,-0.013427616373960817,0.07914006468481584,-0.015174246440851483,0.07945482902461047,-0.01342761637396082,0.07914006456176886,-0.015174247269217098,0.06365011200822786,-0.01250117971784665,1.0
lewidi_md,gemma,25,LP-temp,2,64,0.6674934927607061,0.14406613943170946,0.3065012390072851,0.3438832033831955,0.6185803074910042,0.6185803074910042,0.6788365226553973,,0.07984275124950255,,0.07984275124950255,,0.07848013916944259,,0.07997524690953636,,0.0784801391694426,,0.07997524697063692,,0.0465309209800425,,1.0
lewidi_md,gemma,25,GPP-cosine,2,256,0.763373488081248,0.16046348841015953,0.32597900512923034,0.30076911901942904,0.5433431468760223,0.5433431468760223,0.5505840182304382,0.004811888560652733,0.02942803942496513,0.029952939433799047,0.02942803942496512,0.029952939433799047,0.026890536900056133,0.02968341086473681,0.02885745864102779,0.030076189971099728,0.026890536900056137,0.029683410864736817,0.028857459585147252,0.030076190720120504,-0.06964985391548226,-0.004117901347927681,1.0
lewidi_md,gemma,25,GPP-rbf,2,256,0.6777872833509211,0.12421067305923592,0.26571876593123017,0.2781882407130887,0.6951259404645077,0.6951259404645077,0.3626236617565155,0.10426739603281021,0.17367017435252624,0.05332118657688353,0.17367017435252624,0.05332118657688352,0.16188913648182074,0.04882102735184292,0.17127496635186368,0.05231704059003837,0.16188913648182074,0.048821027351842926,0.17127496144846588,0.0523170363852451,0.15975338652861754,0.05417656805733934,1.0
lewidi_md,gemma,25,GPP-laplace,2,256,0.6773800531341536,0.13818211414324025,0.2939824533055021,0.29901817865307123,0.6673209028459274,0.6673209028459274,0.3682849407196045,0.20875999331474304,-0.11078476028083441,-0.10892749961984918,-0.11078476028083441,-0.10892749961984918,-0.10585078458711467,-0.1036208806765283,-0.11004240622532883,-0.1080590070131082,-0.10585078458711468,-0.10362088067652832,-0.11004240802238519,-0.10805900866420673,-0.126950069497959,-0.12387494268536127,-1.0
lewidi_md,gemma,25,LPE,2,256,0.7860756484017395,0.1342903871796541,0.26781053882377376,0.2741873546792552,0.7016683022571149,0.7016683022571149,0.23094500601291656,0.14845451712608337,0.1752310867224524,0.11986813029340777,0.1752310867224524,0.11986813029340776,0.165311987840143,0.11258691139872289,0.17341323775841086,0.11847366923186539,0.16531198784014303,0.11258691139872289,0.17341323386666727,0.11847366499913442,0.16688029598655957,0.12537033819767668,1.0
lewidi_md,gemma,25,LP-temp,2,256,0.6293321817295476,0.1200273778437512,0.26476613778507896,0.2947616349458987,0.6810598626104023,0.6810598626104023,0.5788633779272606,,0.18359453217622215,,0.18359453217622215,,0.1723052312931712,,0.1814169944914263,,0.17230523129317124,,0.18141699173386716,,0.1442343195012077,,1.0
lewidi_md,gemma,25,GPP-cosine,2,1024,0.7185503858902987,0.1342422813821657,0.28546184233091776,0.3095980841486882,0.647693817468106,0.647693817468106,0.5688838958740234,0.002219910267740488,0.08718135407661406,0.01752813097484174,0.08718135407661406,0.01752813097484174,0.08420692774266066,0.01670792447956168,0.08687360524099638,0.017398636617243522,0.08420692774266064,0.016707924479561684,0.08687360567390759,0.0173986360087901,0.04020275687751585,0.047128566485284164,1.0
lewidi_md,gemma,25,GPP-rbf,2,1024,0.5758382349214406,0.08717509527040143,0.2089407531159219,0.24886982120715065,0.774288518155054,0.774288518155054,0.3664800822734833,0.07497519254684448,0.3363443125534107,0.19176347910533004,0.3363443125534107,0.19176347910533004,0.32228480495691514,0.18450652404600196,0.334370543119627,0.19086912825357563,0.3222848049569152,0.18450652404600199,0.33437053982802595,0.19086912525796357,0.3201680411658717,0.20953853516630064,1.0
lewidi_md,gemma,25,GPP-laplace,2,1024,0.6262639072493987,0.12239747391094367,0.27359411911536247,0.3060480841359826,0.671573438011122,0.671573438011122,0.38921478390693665,0.2195315808057785,0.09191844813148466,0.06884393349582651,0.09191844813148464,0.06884393349582651,0.08353638408256361,0.06344987973768719,0.08999740679694399,0.06767412332481132,0.08353638408256361,0.06344987973768719,0.08999740066018704,0.067674117646963,0.06878252366427814,0.05041698726662113,0.5
lewidi_md,gemma,25,LPE,2,1024,0.6807036590489164,0.09675885615156997,0.21712786262416062,0.24788161388446692,0.76153091265947,0.76153091265947,0.11261868476867676,0.2738087773323059,0.304821923941027,0.2555615668971332,0.304821923941027,0.2555615668971332,0.29398399850396456,0.24643897613502905,0.3036125743626971,0.25453666167304867,0.2939839985039646,0.24643897613502905,0.30361257361582017,0.2545366610465995,0.30284463771766235,0.24293112193625307,1.0
lewidi_md,gemma,25,LP-temp,2,1024,0.5823299244824796,0.10699638692786755,0.2464890522362523,0.3075682044290755,0.7461563624468434,0.7461563624468434,0.6259821392626603,,0.2613910548011085,,0.2613910548011085,,0.25400758225365594,,0.26093538355255014,,0.25400758225365594,,0.2609353843623705,,0.25101311564577583,,1.0
lewidi_md,gemma,25,GPP-cosine,3,16,1.3697814274757578,0.2992168819786949,0.4639861271388647,0.29501992770169977,0.4690873405299313,0.4690873405299313,0.28880763053894043,0.008454502560198307,-0.0017543787698870474,0.016107507900906183,-0.0017543787698870508,0.016107507900906183,-0.002436886965992934,0.014827795589613904,-0.0019741163656152097,0.015828431725920244,-0.0024368869659929376,0.014827795589613902,-0.0019741162739369753,0.015828431948759755,0.003815107304761521,-0.028977759010561818,-0.5
lewidi_md,gemma,25,GPP-rbf,3,16,0.6548809318379122,0.13708940548587611,0.2961385919278963,0.3310336640028786,0.6650310762185149,0.6650310762185149,0.47007372975349426,0.185331329703331,0.08959751793797358,-0.1392106821338766,0.08959751793797358,-0.1392106821338766,0.08444639791255142,-0.13282826927664984,0.08864387418094202,-0.1382223249787484,0.08444639791255142,-0.13282826927664987,0.0886438726901515,-0.13822232570506218,0.09912506981637882,-0.13903659460719736,1.0
lewidi_md,gemma,25,GPP-laplace,3,16,0.6859196984479009,0.15246081373656833,0.3237562348440382,0.3553722515746024,0.6467124631992149,0.6467124631992149,0.4397684931755066,0.25285065174102783,-0.002587320357926578,0.004521546413329976,-0.002587320357926571,0.004521546413329969,-0.0032597113766470384,0.0043900667447859774,-0.002809687358116913,0.00451251981304009,-0.003259711376647042,0.004390066744785974,-0.0028096869649890804,0.004512519296708834,-0.001992916626465049,0.0022207282808227196,-0.5
lewidi_md,gemma,25,LPE,3,16,0.6713994993397803,0.14208288697438132,0.30220252813300374,0.3258730005159681,0.6130192999672882,0.6130192999672882,0.4700855314731598,0.1729646623134613,0.05163894995919452,0.012585762196614444,0.05163894995919452,0.012585762196614437,0.050117995626614474,0.010147605479408798,0.051529964603323326,0.011929989825610558,0.05011799562661448,0.010147605479408801,0.051529964382838044,0.01192998831633281,0.042224590074411525,0.01353174638831616,1.0
lewidi_md,gemma,25,LP-temp,3,16,0.6781713043650764,0.14784786886485368,0.3127627393514207,0.3418487784916164,0.5888125613346418,0.5888125613346418,0.6754317940448419,,0.044704042654292106,,0.04470404265429212,,0.04489714690028547,,0.0450691854540365,,0.04489714690028546,,0.045069185138181755,,0.023194563212459017,,1.0
lewidi_md,gemma,25,GPP-cosine,3,64,1.377279453215627,0.2996239712896394,0.4608623397327983,0.3026734049868597,0.47759241086032056,0.47759241086032056,0.2563723027706146,0.005527084693312645,-0.027287401610727707,0.01908243533180457,-0.027287401610727718,0.019082435331804568,-0.028724709785020036,0.021875915529364385,-0.027911842003101726,0.020063380686239942,-0.028724709785020036,0.02187591552936439,-0.02791184114157804,0.020063380959657783,-0.0425050376642493,-0.052063700097514785,-1.0
lewidi_md,gemma,25,GPP-rbf,3,64,0.6865005614136473,0.13417963873298325,0.2834177590604405,0.28723143679720425,0.6686293752044488,0.6686293752044488,0.3861730396747589,0.1327478438615799,0.09482312503790907,-0.04304610355424143,0.09482312503790909,-0.04304610355424143,0.080224473146319,-0.045285618353141335,0.0910300375124034,-0.04402268737287924,0.080224473146319,-0.045285618353141335,0.09103003429182782,-0.044022689489566995,0.08573842933181035,-0.047962853786535836,0.5
lewidi_md,gemma,25,GPP-laplace,3,64,0.6575623295800508,0.1374947358532527,0.2970792546400378,0.32719027519484206,0.666993784756297,0.666993784756297,0.4123522639274597,0.23578891158103943,-0.09695348724847366,-0.09034088946612326,-0.09695348724847364,-0.09034088946612323,-0.09461021966423172,-0.08725380758147405,-0.09690479702088545,-0.09002050858026876,-0.09461021966423173,-0.08725380758147405,-0.09690479784943115,-0.09002050942533335,-0.13293723347229383,-0.11246950966786479,-1.0
lewidi_md,gemma,25,LPE,3,64,0.810487817409561,0.14806027678726544,0.2876299828970733,0.2799743228130518,0.6751717369970559,0.6751717369970559,0.3133804202079773,0.07565148174762726,0.12468511405978877,0.0889904712391476,0.12468511405978877,0.0889904712391476,0.11113177698593169,0.07667934481846256,0.12141481248978893,0.08585359463391323,0.11113177698593169,0.07667934481846256,0.1214148095664452,0.0858535913081219,0.1142321294541827,0.09195706082741038,0.5
lewidi_md,gemma,25,LP-temp,3,64,0.6363740436139466,0.1275297217412252,0.27971837819654227,0.3175553264364448,0.6745175008177953,0.6745175008177953,0.6312804732948715,,0.12488277777890108,,0.12488277777890107,,0.11302791362465262,,0.12213074321542279,,0.11302791362465264,,0.12213074136295743,,0.11280345988088414,,0.5
lewidi_md,gemma,25,GPP-cosine,3,256,0.704360706542564,0.13848689064822414,0.2936260222497331,0.31604545272429396,0.6297023225384364,0.6297023225384364,0.5982136130332947,0.004555856809020042,0.09068422426811215,0.018012933025766995,0.09068422426811214,0.018012933025766995,0.08607521949642685,0.013196584770404697,0.08990301518413515,0.016670577545174835,0.08607521949642685,0.013196584770404694,0.0899030151527124,0.0166705779488429,0.04233522837259242,0.005084981512801005,1.0
lewidi_md,gemma,25,GPP-rbf,3,256,0.6323872779466224,0.11480808103127314,0.25543849836726634,0.28506688881274156,0.708210664049722,0.708210664049722,0.40777498483657837,0.12022442370653152,0.20376664341888032,0.05294066218195714,0.20376664341888032,0.05294066218195714,0.19326270363875864,0.04991088606841147,0.20196636915104355,0.05238140393120295,0.19326270363875864,0.049910886068411486,0.2019663663198814,0.05238140154810828,0.20075880170901236,0.042918249055291444,1.0
lewidi_md,gemma,25,GPP-laplace,3,256,0.6520891477963421,0.13445532955437484,0.2926659630961889,0.3218597941300598,0.666993784756297,0.666993784756297,0.40636658668518066,0.230949267745018,-0.06672317076527078,-0.07187375194440988,-0.06672317076527078,-0.07187375194440987,-0.06379381375056545,-0.06814676510469718,-0.06628893070563095,-0.07123206051192436,-0.06379381375056542,-0.06814676510469718,-0.0662889323942806,-0.07123206206750775,-0.09716470230651202,-0.0971165477806058,-1.0
lewidi_md,gemma,25,LPE,3,256,0.7400541499439598,0.1294634919964778,0.26603979406682254,0.2741904799098312,0.6908734052993131,0.6908734052993131,0.2549290657043457,0.17130425572395325,0.19807544037515531,0.12255858034127481,0.19807544037515531,0.12255858034127483,0.18906822848020857,0.11712066677213914,0.19669167552691397,0.12174354850231886,0.1890682284802086,0.11712066677213914,0.1966916736205595,0.12174354699159551,0.1880669026076183,0.11701094573090065,1.0
lewidi_md,gemma,25,LP-temp,3,256,0.6285825376557981,0.1256264918108544,0.27722827292829744,0.31918152943240075,0.662414131501472,0.662414131501472,0.6400256780585566,,0.17110518206782088,,0.17110518206782085,,0.16299058009711284,,0.16980823636125275,,0.16299058009711287,,0.16980823551840074,,0.15789384324723765,,1.0
lewidi_md,gemma,25,GPP-cosine,3,1024,0.7541625763222335,0.14111503652282334,0.29602695850941735,0.3026530058630722,0.6087667648020936,0.6087667648020936,0.5352503657341003,0.002127166837453842,0.05710088653939882,0.02317833541408531,0.05710088653939882,0.023178335414085306,0.055793240069446255,0.01843423745639952,0.05709425188289569,0.021893368988796173,0.055793240069446255,0.018434237456399525,0.05709425309959609,0.021893369695468394,-0.008593751882017912,0.022432409691402738,1.0
lewidi_md,gemma,25,GPP-rbf,3,1024,0.6018713350213245,0.09454852447153422,0.21893120027581897,0.2521875942946169,0.7556427870461236,0.7556427870461236,0.36199337244033813,0.07410291582345963,0.3162979270543493,0.17277343391252367,0.3162979270543493,0.17277343391252364,0.30337523596105037,0.16685954932412042,0.3145327503572732,0.17215768651603738,0.3033752359610504,0.16685954932412042,0.3145327463247414,0.17215768292054062,0.30693188811551214,0.18758437680807935,1.0
lewidi_md,gemma,25,GPP-laplace,3,1024,0.6393397648085423,0.1253522199358473,0.2766878726311201,0.2977276319431607,0.6683022571148185,0.6683022571148185,0.37497395277023315,0.2112930864095688,0.06532451873050255,0.04526402036202824,0.06532451873050253,0.04526402036202824,0.05587553833618472,0.03832328943322257,0.06289651448027794,0.04346189330443759,0.05587553833618473,0.03832328943322258,0.06289650893744149,0.043461888232851784,0.049768877203528655,0.031118723568368634,0.5
lewidi_md,gemma,25,LPE,3,1024,0.7003878776538589,0.10412153115922555,0.2255692427223676,0.25119753011156837,0.7464834805364736,0.7464834805364736,0.10936718434095383,0.28230181336402893,0.28593101521166386,0.24403917597795738,0.28593101521166386,0.24403917597795732,0.27288225462704707,0.2365409512696938,0.28391935476641655,0.2434296621900252,0.27288225462704707,0.23654095126969382,0.28391935332846596,0.24342966044857367,0.2830884843248188,0.23432177595884265,1.0
lewidi_md,gemma,25,LP-temp,3,1024,0.5858680389329718,0.10831239973084186,0.24800673911037552,0.30728278198432313,0.7347072293097808,0.7347072293097808,0.6267278360364406,,0.2837617169719226,,0.28376171697192254,,0.27154122346702747,,0.2819872638744626,,0.27154122346702747,,0.2819872636203869,,0.28019689260960184,,1.0
lewidi_md,gemma,25,GPP-cosine,4,16,1.9422194207507149,0.3717701680801147,0.5065085377737162,0.3202016930140413,0.46156362446843313,0.46156362446843313,0.12242448329925537,0.00744117796421051,-0.01873564807520158,-0.008340686477877078,-0.018735648075201575,-0.008340686477877083,-0.015633873969450304,-0.008077635974112997,-0.01792005821440864,-0.008317791677755662,-0.0156338739694503,-0.008077635974112998,-0.01792005827298468,-0.008317791541287572,-0.032305113661036264,-0.04317883219509853,-0.5
lewidi_md,gemma,25,GPP-rbf,4,16,0.6725433287284694,0.13740317121299453,0.2937391698445746,0.3040108744412517,0.6663395485770363,0.6663395485770363,0.420032799243927,0.16976162791252136,0.019944060530409664,-0.11623451220171059,0.01994406053040966,-0.1162345122017106,0.010715952876518334,-0.11405122185447472,0.01727226728660579,-0.11636664945042505,0.010715952876518331,-0.11405122185447475,0.017272266272122118,-0.11636664990133627,0.006356226905719449,-0.12477514848031418,0.5
lewidi_md,gemma,25,GPP-laplace,4,16,0.675158805828848,0.1480000803943785,0.3159810105837713,0.3526118431213702,0.6656853123977756,0.6656853123977756,0.4379991292953491,0.2518596351146698,-0.02535923241999123,-0.0116462463878779,-0.02535923241999123,-0.0116462463878779,-0.026666727949535167,-0.011321275451540058,-0.025930951235243648,-0.011627160997083937,-0.026666727949535167,-0.011321275451540054,-0.025930951024428564,-0.011627161557578154,-0.031180595383955567,-0.014188757996119827,-1.0
lewidi_md,gemma,25,LPE,4,16,0.771389242838845,0.15239221967867467,0.301063167121984,0.2827745081419857,0.6647039581288845,0.6647039581288845,0.3772996962070465,0.07432636618614197,0.04132479184843353,0.03169927234156139,0.041324791848433524,0.03169927234156139,0.03268479691708402,0.025719186275543447,0.03897851468093285,0.030096543128077913,0.03268479691708403,0.02571918627554344,0.038978513961752226,0.03009654204679505,0.03376747613751169,0.028796375206870232,0.5
lewidi_md,gemma,25,LP-temp,4,16,0.7860307506250761,0.15532300408023916,0.3044261623057902,0.28954856990638506,0.6506378802747792,0.6506378802747792,0.45459993594111753,,0.03171789452852859,,0.03171789452852859,,0.022735529482451312,,0.029201580955443663,,0.022735529482451326,,0.029201580160543243,,0.024773536692412147,,0.5
lewidi_md,gemma,25,GPP-cosine,4,64,0.8023244152480061,0.17793850185936194,0.3497007199814266,0.3084840451182535,0.49362119725220804,0.49362119725220804,0.5758377909660339,0.008231014013290405,0.024578271651410275,0.013189539568686126,0.02457827165141028,0.01318953956868612,0.022048954559221467,0.012664211683295956,0.023976944741776716,0.013120054417310938,0.022048954559221463,0.012664211683295958,0.02397694468642199,0.013120054558111032,-0.012584026477651973,-0.029746844343451682,0.5
lewidi_md,gemma,25,GPP-rbf,4,64,0.6496826866893517,0.13185437176093848,0.2875541695178842,0.31732320882530773,0.6663395485770363,0.6663395485770363,0.4531923234462738,0.16963942348957062,0.10410916280829685,-0.09045382803725396,0.10410916280829684,-0.09045382803725395,0.09988499030516998,-0.0846017270837959,0.10353707950640048,-0.0892927167322409,0.09988499030516998,-0.0846017270837959,0.10353707906734304,-0.08929271701536501,0.11812208594868269,-0.1030080552911063,1.0
lewidi_md,gemma,25,GPP-laplace,4,64,0.665673890382826,0.1437198828973248,0.30694365104868165,0.3463172024337433,0.6673209028459274,0.6673209028459274,0.43422985076904297,0.24895136058330536,-0.05483334546611435,-0.045714720567861904,-0.05483334546611435,-0.04571472056786189,-0.05307690103794297,-0.04274454411740674,-0.054674583569537666,-0.045124078761112706,-0.05307690103794298,-0.04274454411740674,-0.054674583571480494,-0.045124079303786625,-0.07131642627913651,-0.05452945715058994,-1.0
lewidi_md,gemma,25,LPE,4,64,0.720219441430036,0.14077980176601557,0.28968132578416417,0.29301885013099427,0.6424599280340203,0.6424599280340203,0.39696651697158813,0.11348382383584976,0.09468081837674826,0.03580988793459075,0.09468081837674826,0.03580988793459075,0.09302582565430623,0.03846593707158996,0.09482602190229032,0.036863647094351706,0.09302582565430625,0.03846593707158996,0.0948260217742249,0.03686364712532662,0.09709341463006124,0.037668452339234444,1.0
lewidi_md,gemma,25,LP-temp,4,64,0.661675275032857,0.14109094338165254,0.304335920887398,0.3394514356770834,0.6179260713117435,0.6179260713117435,0.6721978579017119,,0.07961870641248,,0.07961870641248,,0.07698628341609404,,0.07936321303188616,,0.07698628341609404,,0.07936321342030381,,0.06435395059836907,,1.0
lewidi_md,gemma,25,GPP-cosine,4,256,0.7004478405445134,0.1390350943841312,0.2954073776079851,0.31655534261878865,0.6018972849198561,0.6018972849198561,0.5990732908248901,0.005076655652374029,0.07799302121761326,0.017307333267220705,0.07799302121761326,0.017307333267220705,0.07491533154271986,0.01741872816613904,0.07759087418359116,0.01745984877191209,0.07491533154271987,0.017418728166139038,0.0775908745057859,0.017459849214150034,0.016992765888092256,-0.001735582405001959,1.0
lewidi_md,gemma,25,GPP-rbf,4,256,0.6574363826508153,0.11915867858973803,0.2588773957057772,0.281175021329954,0.7167157343801113,0.7167157343801113,0.3758266568183899,0.1090506762266159,0.1645230453806902,0.04208576762529412,0.16452304538069018,0.042085767625294104,0.15524400214546194,0.0399776035812474,0.16282660439111313,0.0417325996404068,0.15524400214546197,0.0399776035812474,0.16282659983245473,0.041732595890561164,0.15510922094845375,0.041162966621941376,1.0
lewidi_md,gemma,25,GPP-laplace,4,256,0.6753821664587345,0.1378907443856406,0.29412520053410474,0.3008939171999663,0.666993784756297,0.666993784756297,0.3711797297000885,0.210491344332695,-0.11352095872741512,-0.11122602004258493,-0.1135209587274151,-0.11122602004258492,-0.10819172085752678,-0.10565698900724892,-0.11267706298521094,-0.11029341770143047,-0.10819172085752678,-0.10565698900724893,-0.11267706453249504,-0.11029341913869993,-0.12415974875747982,-0.12197579707256971,-1.0
lewidi_md,gemma,25,LPE,4,256,0.743112518399773,0.12755498474521085,0.2608754628523812,0.27532618059450176,0.7144259077526988,0.7144259077526988,0.25687262415885925,0.14652927219867706,0.17251407715136774,0.11699999597731682,0.17251407715136774,0.1169999959773168,0.1637352218761428,0.11100803719873677,0.17102462863415202,0.11597825125301318,0.1637352218761428,0.11100803719873677,0.17102462570180404,0.11597824838780285,0.1631446132598038,0.119165960401339,1.0
lewidi_md,gemma,25,LP-temp,4,256,0.6463919134424351,0.12380613719109705,0.2677642742079459,0.2929901604775879,0.6876022244030094,0.6876022244030094,0.5556634465431054,,0.13795124586162805,,0.13795124586162805,,0.12995137202874968,,0.1364620001066294,,0.12995137202874968,,0.13646199913687518,,0.11516063865307707,,1.0
lewidi_md,gemma,25,GPP-cosine,4,1024,0.7135022439379021,0.13180392488531412,0.2817831376387221,0.30816123449223237,0.6529277069021917,0.6529277069021917,0.57120281457901,0.002377450466156006,0.09364818977449102,0.029955380327830426,0.09364818977449102,0.029955380327830426,0.09215867456776247,0.024762426177225245,0.09383667764818482,0.02858025487643672,0.09215867456776247,0.024762426177225245,0.09383667844317388,0.028580255223911385,0.05054788507334279,0.037814493117846744,1.0
lewidi_md,gemma,25,GPP-rbf,4,1024,0.5918538962408325,0.09225410874950746,0.21598202670528852,0.2554543856221851,0.7710173372587504,0.7710173372587504,0.36801061034202576,0.07728910446166992,0.304781681473803,0.15578209156762965,0.3047816814738029,0.15578209156762965,0.29287075343080726,0.15094185543029737,0.3032454990576391,0.15537664973210402,0.2928707534308073,0.15094185543029737,0.303245496095776,0.15537664696332043,0.2943930978158948,0.16999102524666201,1.0
lewidi_md,gemma,25,GPP-laplace,4,1024,0.634156468933239,0.12490263788383113,0.27693168463969603,0.3049980283039268,0.6679751390251881,0.6679751390251881,0.38559770584106445,0.21756626665592194,0.04804173005565219,0.028099439557092428,0.04804173005565218,0.028099439557092425,0.04073265675535108,0.023680678767518226,0.04614653856249925,0.02694721224292456,0.04073265675535108,0.02368067876751823,0.04614653312317552,0.026947207264423387,0.023295919791702188,0.008174704740133345,0.5
lewidi_md,gemma,25,LPE,4,1024,0.7338760547304288,0.11053418139281948,0.23592245864078484,0.2596258907932491,0.7432122996401701,0.7432122996401701,0.11508455127477646,0.26541200280189514,0.25679330046094484,0.21072212314044836,0.25679330046094484,0.21072212314044836,0.2494237828079377,0.20306630963225739,0.2563103661040934,0.2098363146130074,0.2494237828079377,0.2030663096322574,0.2563103656011284,0.20983631397877694,0.2641270013434709,0.20290914679242614,1.0
lewidi_md,gemma,25,LP-temp,4,1024,0.5873012769665374,0.10789033416233135,0.24757236306658295,0.3019022263708297,0.7304546941445862,0.7304546941445862,0.6129005844267132,,0.25486765852742266,,0.25486765852742266,,0.24569074000032332,,0.25382146360620994,,0.24569074000032337,,0.2538214637821764,,0.2365296005212139,,1.0
lewidi_md,gemma,37,GPP-cosine,0,16,0.8766159757683054,0.19893768047999671,0.36721102257870325,0.2968974272996677,0.5260058881256133,0.5260058881256133,0.508536159992218,0.026819340884685516,0.013977642446432053,-0.022077165803707118,0.013977642446432053,-0.022077165803707118,0.0057454587906571875,-0.022937679523505825,0.011568058082386215,-0.022490357180820535,0.005745458790657193,-0.022937679523505825,0.011568057806885131,-0.02249035687236229,-0.009758999061837196,-0.03418148202081018,0.5
lewidi_md,gemma,37,GPP-rbf,0,16,0.6644795988192909,0.1419678504350425,0.3051155886162252,0.3394317471670418,0.6480209355577363,0.6480209355577363,0.4732600152492523,0.19497407972812653,0.06187221836680927,-0.15055933309024405,0.06187221836680928,-0.15055933309024405,0.05339895431078075,-0.14292234200293225,0.059717503198786125,-0.14926693482305842,0.05339895431078075,-0.14292234200293225,0.05971750252268798,-0.1492669350139757,0.0623512979455825,-0.14538855683780502,0.5
lewidi_md,gemma,37,GPP-laplace,0,16,0.6826449720944062,0.15111117411150102,0.32138187252533446,0.3545504310297346,0.6532548249918221,0.6532548249918221,0.43910443782806396,0.25269293785095215,-0.02239157368623749,-0.008453547365291424,-0.02239157368623749,-0.008453547365291426,-0.021990749364843395,-0.007420922928911496,-0.022423044871288683,-0.008197214322693219,-0.021990749364843395,-0.007420922928911498,-0.022423044481986405,-0.008197214838591049,-0.02121763863501168,-0.009042664100651547,-1.0
lewidi_md,gemma,37,LPE,0,16,0.6735467129519296,0.13995990113772236,0.29939388890534707,0.3188415756587823,0.6444226365718024,0.6444226365718024,0.47281569242477417,0.14431482553482056,-0.006709074804545956,-0.03171288350144586,-0.0067090748045459565,-0.03171288350144586,-0.013747566107434283,-0.03241859400037098,-0.008897145299557504,-0.032144999333054036,-0.013747566107434286,-0.03241859400037098,-0.008897145830736648,-0.032144998916494236,-0.012278289876869014,-0.03833944893772661,-0.5
lewidi_md,gemma,37,LP-temp,0,16,0.6791688570885164,0.14937129039100963,0.31769102289234846,0.3508115275219086,0.6051684658161597,0.6051684658161597,0.687840764104708,,-0.016110976658124648,,-0.01611097665812465,,-0.019858499576918813,,-0.017361910345989683,,-0.019858499576918813,,-0.017361910109636017,,-0.023122923747672334,,-0.5
lewidi_md,gemma,37,GPP-cosine,0,64,0.7502632930157578,0.15497316680598927,0.3130551909923606,0.3105467960294929,0.5695125940464507,0.5695125940464507,0.5685979127883911,0.013759610243141651,0.08917844466794066,0.00232186773156964,0.08917844466794066,0.0023218677315696417,0.08233994463808719,0.0019394862431125412,0.08770839251365728,0.0022214065828491496,0.08233994463808719,0.001939486243112543,0.08770839251014802,0.0022214077560703954,0.05149750496276927,0.032877262889604214,1.0
lewidi_md,gemma,37,GPP-rbf,0,64,0.6461525669822439,0.1301325721328629,0.284303660897217,0.316093122207432,0.666993784756297,0.666993784756297,0.46107956767082214,0.15659034252166748,0.0991572018216679,-0.08405759612444759,0.0991572018216679,-0.08405759612444758,0.08720862830634232,-0.08166459028110112,0.09620034078889768,-0.08390538820718937,0.08720862830634232,-0.08166459028110112,0.09620033874075395,-0.08390538921858401,0.1030708020830657,-0.08826830395207977,0.5
lewidi_md,gemma,37,GPP-laplace,0,64,0.6633264682273097,0.14266946575744893,0.3051382825119768,0.34512952345824194,0.6673209028459274,0.6673209028459274,0.43390795588493347,0.2476433664560318,-0.04282859522140268,-0.04805990750239318,-0.04282859522140268,-0.04805990750239318,-0.04306659339956995,-0.045679462537802445,-0.0431945478724819,-0.047664816706580335,-0.04306659339956995,-0.04567946253780246,-0.04319454853418343,-0.04766481738948365,-0.05739897979199465,-0.05367275118261257,-1.0
lewidi_md,gemma,37,LPE,0,64,0.7134941445078455,0.1375974146243405,0.28489124623794776,0.2951227919820152,0.6630683676807327,0.6630683676807327,0.39791634678840637,0.10447048395872116,0.08326949861971869,-0.0001571103276330121,0.08326949861971869,-0.00015711032763300777,0.07489585586270331,-0.0033720596379585572,0.08129174572460449,-0.0011366230229593838,0.07489585586270331,-0.0033720596379585538,0.08129174387486829,-0.0011366246956720045,0.08197969101252932,0.0033327654810988584,0.5
lewidi_md,gemma,37,LP-temp,0,64,0.661263742312558,0.13616289792220745,0.29267284206386557,0.3170168916132297,0.6362446843310435,0.6362446843310435,0.6225270364173798,,0.06589038899391586,,0.06589038899391585,,0.05792366088140165,,0.06391737073398734,,0.05792366088140165,,0.06391736967840227,,0.0549034762763481,,0.5
lewidi_md,gemma,37,GPP-cosine,0,256,0.8058612559630841,0.1590264219750555,0.3159640173106102,0.2966501287621271,0.5953549231272489,0.5953549231272489,0.4813990592956543,0.0076041193678975105,0.045813513172186224,0.03270753150263544,0.045813513172186224,0.03270753150263544,0.043597996382615536,0.03572593569678352,0.04545322114709788,0.03385030799614788,0.043597996382615536,0.035725935696783534,0.045453223117442675,0.03385030925048382,-0.001348985633622977,0.032331075443396945,1.0
lewidi_md,gemma,37,GPP-rbf,0,256,0.6422110672613228,0.1152484041245813,0.2537005063999989,0.28121096227628517,0.7160614982008505,0.7160614982008505,0.3871226906776428,0.11030468344688416,0.1860869224789794,0.05192432483875921,0.1860869224789794,0.05192432483875921,0.17182617403223463,0.04617999106660233,0.18302213731130762,0.05053195421650813,0.17182617403223466,0.04617999106660234,0.18302213203915185,0.05053195020504325,0.18139554814222067,0.05187709950215724,1.0
lewidi_md,gemma,37,GPP-laplace,0,256,0.6575633842380275,0.13475910295525748,0.29179325732464956,0.3131137827924454,0.666993784756297,0.666993784756297,0.39415624737739563,0.22316528856754303,-0.07491474085653758,-0.07516426658139178,-0.07491474085653757,-0.07516426658139179,-0.07019850525790924,-0.06985989744383603,-0.07399282302066051,-0.07406506659108031,-0.07019850525790924,-0.06985989744383603,-0.07399282579331595,-0.07406506896599935,-0.0845617209054238,-0.07971461078130342,-1.0
lewidi_md,gemma,37,LPE,0,256,0.7526433582595362,0.1265146823616153,0.25806979644289946,0.27274161373938555,0.7170428524697415,0.7170428524697415,0.25371405482292175,0.14459247887134552,0.18946581230497067,0.12187807234162379,0.18946581230497067,0.12187807234162379,0.17403169481845832,0.11251958362225414,0.18606708142736395,0.11986519097497597,0.17403169481845834,0.11251958362225417,0.18606707762684496,0.11986518737161506,0.17834287992375045,0.1229729787822435,1.0
lewidi_md,gemma,37,LP-temp,0,256,0.667133436251573,0.12178754391616498,0.26007772855503547,0.28072124757400263,0.7016683022571149,0.7016683022571149,0.4910119423869674,,0.16498118773303577,,0.16498118773303577,,0.15190661093582036,,0.16213275590363418,,0.15190661093582036,,0.16213275353870232,,0.14678856984709304,,1.0
lewidi_md,gemma,37,GPP-cosine,0,1024,0.8447274617815863,0.14139285223994758,0.2838143311834131,0.2935938849059317,0.6804056264311417,0.6804056264311417,0.4395001232624054,0.0033013615757226944,0.08375771312914687,0.044532891869640774,0.08375771312914687,0.04453289186964077,0.08692898698130275,0.05152117616741118,0.0852968799178365,0.046964903183710466,0.08692898698130276,0.05152117616741117,0.0852968826151599,0.0469649038732709,0.06633390935528369,0.09504863931793706,1.0
lewidi_md,gemma,37,GPP-rbf,0,1024,0.5970102448639351,0.09135553068731239,0.21292112734407387,0.24787544749835552,0.7670919201831862,0.7670919201831862,0.35379865765571594,0.0712403878569603,0.32746589687879124,0.1814287191667951,0.3274658968787912,0.18142871916679512,0.31458787672637184,0.17803845856658768,0.32579085359427995,0.1816403280629399,0.31458787672637184,0.17803845856658768,0.32579084996911606,0.18164032488888257,0.313780674930451,0.20356996536947145,1.0
lewidi_md,gemma,37,GPP-laplace,0,1024,0.6249985232771762,0.12089958438056655,0.27007845028903427,0.3000350888046741,0.6732090284592738,0.6732090284592738,0.3821800649166107,0.21482673287391663,0.12102240418011379,0.09943671040268322,0.12102240418011379,0.09943671040268322,0.1126887315639204,0.09343497194620201,0.11931555058546948,0.09829162155880977,0.1126887315639204,0.09343497194620203,0.11931554427534197,0.09829161562931318,0.10449395810039265,0.0849813271549309,1.0
lewidi_md,gemma,37,LPE,0,1024,0.7557213443274137,0.10586455842088247,0.22445239505265008,0.2518731582427739,0.7638207392868825,0.7638207392868825,0.11499699205160141,0.22369128465652466,0.27540930765087773,0.24342407432527846,0.27540930765087773,0.24342407432527846,0.2635017065290806,0.23833120423221923,0.2736728378634903,0.2435423893566383,0.26350170652908067,0.23833120423221926,0.27367283691868904,0.24354238827798919,0.2881149735526496,0.2500516850139335,1.0
lewidi_md,gemma,37,LP-temp,0,1024,0.5744100376333401,0.09772739329206041,0.2288347546729849,0.275027750485772,0.7464834805364736,0.7464834805364736,0.5507637937021433,,0.2917344664170516,,0.2917344664170516,,0.28471618046574987,,0.29159789063302766,,0.28471618046574987,,0.291597890134703,,0.2749391977022322,,1.0
lewidi_md,gemma,37,GPP-cosine,1,16,0.6802772412987657,0.14749728569832793,0.31084985663035275,0.336105055116829,0.5708210664049722,0.5708210664049722,0.6282980442047119,0.036219265311956406,0.07106858771975322,-0.020628660692982456,0.07106858771975322,-0.020628660692982453,0.06425739782081803,-0.018696416084678043,0.06948273348010338,-0.020181978340871674,0.06425739782081805,-0.01869641608467805,0.06948273298835152,-0.02018197779500118,0.07990279805908615,-0.01988922580852954,0.5
lewidi_md,gemma,37,GPP-rbf,1,16,0.6881159516440722,0.13965859032065248,0.29367788307341947,0.2937299492989654,0.6666666666666666,0.6666666666666666,0.3920923173427582,0.1656688153743744,-0.009117918353902792,-0.09833299878046348,-0.009117918353902788,-0.09833299878046349,-0.006202462051877674,-0.0928001047121626,-0.008293118448304862,-0.09732303363842565,-0.006202462051877677,-0.09280010471216263,-0.00829311978630949,-0.09732303426594054,-0.019945552372618372,-0.10115360615608002,-0.5
lewidi_md,gemma,37,GPP-laplace,1,16,0.6758985503553988,0.14830521404603375,0.3163492696437135,0.3527260559577169,0.6656853123977756,0.6656853123977756,0.43795502185821533,0.25201794505119324,-0.030529245498601094,-0.011237788647952284,-0.030529245498601098,-0.01123778864795228,-0.029957563417906355,-0.010059695923744647,-0.030564488438658208,-0.010956265313039525,-0.029957563417906362,-0.010059695923744645,-0.030564488236690397,-0.010956265867279307,-0.030893011401491782,-0.011546151249216402,-1.0
lewidi_md,gemma,37,LPE,1,16,0.7893900872885076,0.15314901368140763,0.2996700401304428,0.27969767582917093,0.6647039581288845,0.6647039581288845,0.330594927072525,0.0843522846698761,0.07416722804709586,0.04591437860211735,0.07416722804709586,0.04591437860211734,0.07327614434632927,0.043716102760468833,0.07440433191541578,0.045560024946518424,0.07327614434632927,0.043716102760468833,0.07440433055259199,0.04556002344489347,0.07516147275344569,0.06441116340634831,1.0
lewidi_md,gemma,37,LP-temp,1,16,0.6610928627039517,0.13257360002671267,0.2851589187748759,0.29992816341326073,0.6627412495911024,0.6627412495911024,0.5885337108755181,,0.07020046808266121,,0.07020046808266121,,0.06940734241531948,,0.07044019875413943,,0.06940734241531948,,0.07044019761375697,,0.07671345938154937,,1.0
lewidi_md,gemma,37,GPP-cosine,1,64,1.6741812179906377,0.3327856230661534,0.4825516277234763,0.3110665357624861,0.46450768727510633,0.46450768727510633,0.21013875305652618,0.008802751079201698,-0.021192602406444,-0.037407823668570574,-0.021192602406443998,-0.03740782366857058,-0.029490386283453754,-0.04202771135974414,-0.023863186374330023,-0.039070207659471716,-0.029490386283453757,-0.042027711359744147,-0.0238631861382696,-0.03907020757419212,-0.019935125515029534,-0.03316137451006025,-0.5
lewidi_md,gemma,37,GPP-rbf,1,64,0.6612058376036887,0.13836791175591295,0.2957082959729782,0.32431607148310143,0.6261040235525025,0.6261040235525025,0.4755795896053314,0.16895759105682373,0.17183685287976347,-0.06835196176769823,0.17183685287976344,-0.06835196176769823,0.15968031588197995,-0.0654391883968161,0.16931480123586423,-0.06793393148048332,0.15968031588198,-0.0654391883968161,0.1693147993208336,-0.067933932280083,0.16588248710956865,-0.07720846909328379,1.0
lewidi_md,gemma,37,GPP-laplace,1,64,0.6773527442559654,0.14896781559556976,0.31776661448738797,0.3539042935368651,0.6650310762185149,0.6650310762185149,0.4397134780883789,0.2514179050922394,0.02451184477038854,-0.009718184953237435,0.024511844770388532,-0.009718184953237428,0.02144084151455144,-0.008907237838076409,0.023745206134147868,-0.009537984103707355,0.021440841514551445,-0.008907237838076407,0.023745205915621403,-0.009537984773335223,0.02100528065173618,-0.008778231742532245,0.5
lewidi_md,gemma,37,LPE,1,64,0.7432072275103652,0.1544723575953831,0.30893951068736036,0.2928816566920622,0.5992803402028132,0.5992803402028132,0.4337097406387329,0.11312583833932877,0.13704524971232213,0.028637675435355888,0.1370452497123221,0.028637675435355885,0.12737005861002262,0.025591202714762812,0.13503992966145623,0.02790677827277313,0.12737005861002265,0.025591202714762812,0.13503992835450332,0.027906777357025542,0.12328667897562981,0.02876126489890172,1.0
lewidi_md,gemma,37,LP-temp,1,64,0.6824276272420899,0.14573202671112587,0.30579987784414364,0.3224783118507621,0.5947006869479883,0.5947006869479883,0.6405552571086217,,0.11167012704411837,,0.11167012704411836,,0.10271217598279067,,0.10970918622042035,,0.10271217598279067,,0.10970918487792036,,0.0925066053704883,,1.0
lewidi_md,gemma,37,GPP-cosine,1,256,0.7417860195668764,0.1416375890873511,0.29348902974116386,0.30165388793417175,0.6408243375858685,0.6408243375858685,0.5251712203025818,0.007771322503685951,0.08077441070326973,0.012283845051696728,0.08077441070326973,0.012283845051696732,0.07994733330441087,0.019824492262430594,0.08107627571407516,0.014662947397589866,0.07994733330441087,0.0198244922624306,0.0810762775999836,0.014662948745338914,0.04658173366208971,0.05568361477091654,1.0
lewidi_md,gemma,37,GPP-rbf,1,256,0.6688764165322788,0.12265397011913863,0.2649520011812949,0.2874170043477723,0.7029767746156362,0.7029767746156362,0.3831068277359009,0.10739398002624512,0.13657795387606705,0.022271006543898443,0.13657795387606705,0.022271006543898436,0.122974387919867,0.016364716288680227,0.13337387176270674,0.0206261208695299,0.12297438791986703,0.016364716288680234,0.1333738676080244,0.020626117953241905,0.12754824510096904,0.021057394941204375,0.5
lewidi_md,gemma,37,GPP-laplace,1,256,0.6612201128103539,0.1353810238827441,0.2924774704945216,0.31056191336827316,0.666993784756297,0.666993784756297,0.38910725712776184,0.22009705007076263,-0.09235310995719245,-0.08986211886536477,-0.09235310995719245,-0.08986211886536477,-0.08913442906697262,-0.0858955947785456,-0.092006468801205,-0.08927080781414953,-0.08913442906697264,-0.0858955947785456,-0.09200647123922087,-0.08927080985734487,-0.1039655442313162,-0.09920830036835056,-1.0
lewidi_md,gemma,37,LPE,1,256,0.7860877728286648,0.13525667421881243,0.27087902976572353,0.28117960246998724,0.6961072947333987,0.6961072947333987,0.24036215245723724,0.16446658968925476,0.1537550854460577,0.09782988269325357,0.1537550854460577,0.09782988269325357,0.1371667904015375,0.08346564424806871,0.14976035379247865,0.09412874286802048,0.1371667904015375,0.08346564424806871,0.1497603504732477,0.09412874006334154,0.14200836337905584,0.09003807989263954,0.5
lewidi_md,gemma,37,LP-temp,1,256,0.6347183296332565,0.1255484748555465,0.2757349424567012,0.31161830160714526,0.6797513902518809,0.6797513902518809,0.6165495253705375,,0.13939691103083307,,0.13939691103083307,,0.12405775285635597,,0.1356839390766612,,0.12405775285635598,,0.13568393756593458,,0.11494605029420893,,0.5
lewidi_md,gemma,37,GPP-cosine,1,1024,0.8495539491900873,0.15082752248977702,0.29851081629040854,0.29165898794716694,0.638534510958456,0.638534510958456,0.43670934438705444,0.003463708097115159,0.07731408229086253,0.05759455510184047,0.07731408229086255,0.05759455510184047,0.07248769007986969,0.05597031951663825,0.07637508303626264,0.05749495317841304,0.07248769007986969,0.05597031951663825,0.07637508531343457,0.05749495485326443,0.05546400141029027,0.07338150457863134,1.0
lewidi_md,gemma,37,GPP-rbf,1,1024,0.5989468590886632,0.09360285163664007,0.21815197492232513,0.2545384141749267,0.7628393850179915,0.7628393850179915,0.36706873774528503,0.07056473940610886,0.3027638156836647,0.16315537501549782,0.3027638156836647,0.16315537501549782,0.2939822199691733,0.15991053769933875,0.30216618340984436,0.16328600788127234,0.29398221996917334,0.15991053769933877,0.302166179449749,0.16328600422149378,0.29356681077240504,0.18518703177121687,1.0
lewidi_md,gemma,37,GPP-laplace,1,1024,0.6266893144861393,0.12174414114316041,0.2709237686512242,0.30103718889911296,0.6758259731763167,0.6758259731763167,0.38451239466667175,0.2156238704919815,0.11721614514859499,0.09561941811779617,0.11721614514859498,0.09561941811779617,0.11205028687171896,0.09278878030167688,0.11644729676189658,0.09541325901795687,0.11205028687171897,0.09278878030167689,0.1164472908163823,0.0954132532761064,0.11205441057743784,0.09017794360377128,1.0
lewidi_md,gemma,37,LPE,1,1024,0.715862821684052,0.10552967364541468,0.22738472005577393,0.25516768387539757,0.7435394177298005,0.7435394177298005,0.11822183430194855,0.2593704164028168,0.2457631799812518,0.2330248135502625,0.24576317998125177,0.2330248135502625,0.2367323615953136,0.23094298613667474,0.2446990526958831,0.23398823767460503,0.2367323615953136,0.2309429861366748,0.24469905145891996,0.23398823582401468,0.254228727052985,0.2354145694419405,1.0
lewidi_md,gemma,37,LP-temp,1,1024,0.5797818113087908,0.10516323085423432,0.24259008632721155,0.30102228028273886,0.7396140006542362,0.7396140006542362,0.6138936647835814,,0.26962942772071263,,0.26962942772071263,,0.26280911160014053,,0.2694016078557405,,0.26280911160014053,,0.2694016068048102,,0.2624064857993152,,1.0
lewidi_md,gemma,37,GPP-cosine,2,16,0.7745576036393628,0.17945400814428933,0.35514604129449523,0.32767827038461605,0.4576382073928688,0.4576382073928688,0.6135017275810242,0.03157639503479004,0.038172839310767454,-0.031237702846609205,0.038172839310767454,-0.031237702846609212,0.035182453734104044,-0.026879036069945426,0.037524359730863224,-0.0301252722066357,0.03518245373410405,-0.026879036069945433,0.037524358823792986,-0.03012527178841344,0.03955205768144528,-0.030963009660093615,1.0
lewidi_md,gemma,37,GPP-rbf,2,16,0.7034375483131415,0.1440884172108159,0.29900043746557037,0.29542409231689604,0.6663395485770363,0.6663395485770363,0.3867879807949066,0.16532477736473083,-0.05400249971940185,-0.11114517295243458,-0.05400249971940185,-0.11114517295243458,-0.04880966863402353,-0.10286083349618275,-0.052792215642087255,-0.10938564101844817,-0.04880966863402353,-0.10286083349618277,-0.05279221627606806,-0.10938564122701132,-0.0490092858232867,-0.10876956702407427,-0.5
lewidi_md,gemma,37,GPP-laplace,2,16,0.6734500956398899,0.14709875532194555,0.3131569385855152,0.34983052956743127,0.666993784756297,0.666993784756297,0.4360789358615875,0.25095227360725403,-0.05952748364453846,-0.032993759506619764,-0.05952748364453845,-0.03299375950661977,-0.05653205564179607,-0.030046090976783964,-0.05902382083530861,-0.03232278623529949,-0.05653205564179607,-0.030046090976783957,-0.059023820513090866,-0.032322786618946775,-0.061679449179226346,-0.033000424631179706,-1.0
lewidi_md,gemma,37,LPE,2,16,0.926343530429157,0.17716645544562856,0.3200507149035032,0.2880897651167006,0.6663395485770363,0.6663395485770363,0.2619522213935852,0.055070552974939346,0.033920156974227775,0.033240674747044244,0.03392015697422778,0.033240674747044244,0.033599222511231576,0.03119298831792492,0.03405495149762799,0.032845293751191044,0.03359922251123158,0.031192988317924927,0.034054950543974415,0.032845292819883694,0.03476563582751233,0.027396812472299723,1.0
lewidi_md,gemma,37,LP-temp,2,16,0.7179504282721094,0.1438712912872574,0.2945637898676622,0.2847196505394075,0.6647039581288845,0.6647039581288845,0.5116956115546365,,0.03965498569767928,,0.03965498569767929,,0.04013195860524341,,0.04007191785519095,,0.04013195860524342,,0.04007191704608329,,0.03783566860168668,,1.0
lewidi_md,gemma,37,GPP-cosine,2,64,1.0548544457081717,0.23408869047228312,0.4063277404706448,0.2950667366436009,0.48838730781812234,0.48838730781812234,0.41893309354782104,0.012197401374578476,-0.027367781108353126,-0.023239437915364352,-0.027367781108353126,-0.02323943791536435,-0.029721676799550588,-0.020775263232295886,-0.028271726127853454,-0.022648760882498127,-0.0297216767995506,-0.02077526323229588,-0.028271725130735153,-0.0226487601729165,-0.04198341533533604,-0.03345072969234484,-1.0
lewidi_md,gemma,37,GPP-rbf,2,64,0.6446650969164625,0.13266080161890192,0.28703677191438337,0.3275987436127228,0.6689564932940791,0.6689564932940791,0.48204025626182556,0.1657240390777588,0.11942560368964686,-0.10118596623532759,0.11942560368964686,-0.10118596623532759,0.11307892338813871,-0.09509995743829186,0.1183125268047508,-0.10002721890665753,0.11307892338813871,-0.09509995743829186,0.11831252493761323,-0.10002721981025917,0.1300744987447337,-0.09920615445415117,1.0
lewidi_md,gemma,37,GPP-laplace,2,64,0.6812069034499831,0.15059075620003734,0.32037152670443275,0.35490723722369943,0.6735361465489041,0.6735361465489041,0.4405689239501953,0.2515851855278015,0.015895954537355907,-0.017482208755405428,0.015895954537355907,-0.017482208755405425,0.014518831843183574,-0.0159220190734948,0.015585782683892107,-0.01712719358705751,0.014518831843183583,-0.0159220190734948,0.01558578256698987,-0.01712719415978356,0.015594393853204965,-0.017854830503069564,1.0
lewidi_md,gemma,37,LPE,2,64,0.697329896486983,0.13904924778520839,0.2876220404644264,0.29818504855195904,0.6457311089303238,0.6457311089303238,0.43616756796836853,0.11170408129692078,0.11009770960696214,0.00037808804258268776,0.11009770960696214,0.0003780880425826947,0.10312476990151065,-0.0017115557088307684,0.10873010971526587,-0.0002552818437999236,0.10312476990151066,-0.0017115557088307632,0.10873010864714874,-0.0002552832232123794,0.11128110096115403,0.002595238241130908,1.0
lewidi_md,gemma,37,LP-temp,2,64,0.6622522554948457,0.14228223475042834,0.3048900975521853,0.3465097052572373,0.6401701014066078,0.6401701014066078,0.6821571805225543,,0.09838587831864681,,0.09838587831864684,,0.08822487213103362,,0.09596775840452257,,0.08822487213103362,,0.09596775738469421,,0.09647588771160369,,0.5
lewidi_md,gemma,37,GPP-cosine,2,256,0.8319694671753691,0.16569648804773837,0.32512339442188437,0.2981040661542342,0.5845600261694471,0.5845600261694471,0.470192551612854,0.007374727167189121,0.023241462117082043,0.011117678996846918,0.023241462117082036,0.011117678996846927,0.02331897972928283,0.013932533469025787,0.02342433623512246,0.012050543926794569,0.023318979729282836,0.013932533469025793,0.023424337793737628,0.01205054473605114,-0.015584964495006978,0.03685729225774904,1.0
lewidi_md,gemma,37,GPP-rbf,2,256,0.6700223431493584,0.12095947294663864,0.26076481845668564,0.27697110313660983,0.7059208374223095,0.7059208374223095,0.3655987083911896,0.10066113620996475,0.17985073310643518,0.05465813757979052,0.17985073310643515,0.0546581375797905,0.16850877066558972,0.05159198901615059,0.17763151077325573,0.05409958025946144,0.16850877066558972,0.0515919890161506,0.17763150621166546,0.05409957648397594,0.1664920217945483,0.05851754283102272,1.0
lewidi_md,gemma,37,GPP-laplace,2,256,0.6740516784576336,0.13736955659502187,0.29275780317876554,0.3000721660513169,0.6673209028459274,0.6673209028459274,0.3716883957386017,0.21001218259334564,-0.07982915431991013,-0.0805999092988699,-0.07982915431991011,-0.0805999092988699,-0.07637958842501413,-0.07653765873252216,-0.07932641438353327,-0.07991598750887409,-0.07637958842501413,-0.07653765873252218,-0.07932641639550819,-0.079915989253735,-0.09350819322927179,-0.0924696688990786,-1.0
lewidi_md,gemma,37,LPE,2,256,0.7805971075602822,0.13047957373694238,0.26224563800703987,0.27405892751816335,0.7098462544978738,0.7098462544978738,0.23908443748950958,0.14425484836101532,0.1844189401829504,0.11985782045897284,0.1844189401829504,0.11985782045897285,0.1734223045200478,0.11213000957329414,0.18233612205225352,0.11832737317178835,0.17342230452004784,0.11213000957329414,0.1823361188269102,0.11832736992128001,0.17810537494507037,0.1260720405449411,1.0
lewidi_md,gemma,37,LP-temp,2,256,0.6430202229511163,0.11893003762260196,0.25974954783159115,0.2849462501582776,0.6980700032711809,0.6980700032711809,0.5328258677512366,,0.17557555592435925,,0.17557555592435925,,0.1668790216408884,,0.17413214239516556,,0.16687902164088841,,0.17413214043001166,,0.15785358295573118,,1.0
lewidi_md,gemma,37,GPP-cosine,2,1024,0.7767732896948583,0.13502569943760043,0.27799204761380886,0.292756028283054,0.6581615963362774,0.6581615963362774,0.47690311074256897,0.0035641700960695744,0.10198862497283759,0.034989705809733804,0.10198862497283759,0.034989705809733804,0.10020356798072008,0.03284034033145808,0.10214432794496695,0.03457536663155506,0.1002035679807201,0.03284034033145808,0.10214432992602376,0.034575367166748666,0.07096404874542278,0.10520208886512912,1.0
lewidi_md,gemma,37,GPP-rbf,2,1024,0.5848262987911435,0.08930844408289278,0.2101468513528711,0.24665419180071846,0.7759241086032057,0.7759241086032057,0.36221611499786377,0.07173801213502884,0.33785599718373116,0.18165886804182016,0.33785599718373116,0.18165886804182013,0.3274440162291278,0.17705802945878513,0.33700267420507957,0.18150362757645472,0.3274440162291278,0.17705802945878518,0.33700267136392775,0.18150362492357003,0.3237533638170693,0.20458955069967752,1.0
lewidi_md,gemma,37,GPP-laplace,2,1024,0.618547938007432,0.12000652223599508,0.26962954312499576,0.30771701979664207,0.6784429178933595,0.6784429178933595,0.3936977982521057,0.22128324210643768,0.12705748836260877,0.10151822464950072,0.1270574883626088,0.10151822464950071,0.11997795551181165,0.09744278390732106,0.1257736796891026,0.10097364962233368,0.11997795551181167,0.09744278390732106,0.12577367300077125,0.10097364342097813,0.10477834962793554,0.07621136290520103,1.0
lewidi_md,gemma,37,LPE,2,1024,0.7120901876958929,0.10088892460371074,0.21930444016032283,0.2472501529675219,0.7677461563624468,0.7677461563624468,0.11476815491914749,0.24987979233264923,0.3052621538660978,0.2675628194309264,0.3052621538660978,0.2675628194309264,0.2994559973895001,0.262976383200611,0.30558718723165823,0.2680006941399467,0.2994559973895001,0.2629763832006111,0.3055871864827672,0.2680006937385014,0.31597524447539926,0.26646878699476306,1.0
lewidi_md,gemma,37,LP-temp,2,1024,0.5765621024876135,0.10366887476716435,0.23955354510195415,0.2985863642530383,0.7585868498527969,0.7585868498527969,0.6117866244297899,,0.28920319081411894,,0.28920319081411894,,0.2808197289210772,,0.28863379033142966,,0.2808197289210772,,0.28863379074418555,,0.2886943935994859,,1.0
lewidi_md,gemma,37,GPP-cosine,3,16,2.140151216087155,0.3461928771761373,0.4807146402390174,0.31755512065730973,0.46974157670919203,0.46974157670919203,0.1748030036687851,0.008047590032219887,0.0048882314230477685,0.0044649167530424,0.004888231423047763,0.004464916753042402,0.008247720183076271,0.004893688754747866,0.005944157323230767,0.0046260087431511734,0.00824772018307626,0.004893688754747868,0.005944157320772892,0.004626009288172472,0.005848232057280673,-0.015154682241583154,0.5
lewidi_md,gemma,37,GPP-rbf,3,16,0.6573749367159801,0.137518631522761,0.29693509317571365,0.32844395573990015,0.656853123977756,0.656853123977756,0.4702434241771698,0.17918235063552856,0.06941676419937734,-0.11677321800179814,0.06941676419937735,-0.11677321800179813,0.06347161275679694,-0.11051731991682175,0.06808315907631265,-0.11566959193523088,0.06347161275679694,-0.11051731991682176,0.06808315766135783,-0.11566959237499286,0.08044684983371815,-0.1150447614435834,1.0
lewidi_md,gemma,37,GPP-laplace,3,16,0.684391946860674,0.1518473312107448,0.32268208609196264,0.3551583141244238,0.6480209355577363,0.6480209355577363,0.43974319100379944,0.2526620030403137,-0.0028634396501351356,0.0021293758643689507,-0.0028634396501351495,0.0021293758643689507,-0.003658407401705123,0.00214201212220785,-0.0031250039368423133,0.002147814987092822,-0.003658407401705111,0.0021420121222078467,-0.0031250036704281586,0.00214781447940586,-0.0013975494266221529,0.0004445242660677609,-0.5
lewidi_md,gemma,37,LPE,3,16,0.6682627920445611,0.13848875456856008,0.29594595795439416,0.3173858850038921,0.6378802747791953,0.6378802747791953,0.4430711567401886,0.17876076698303223,0.07443094258218107,-0.0008723538421988039,0.07443094258218107,-0.0008723538421987996,0.06867609693875328,-0.0013556197554466295,0.07318961906803055,-0.0010254093004134438,0.06867609693875326,-0.0013556197554466286,0.0731896191046697,-0.00102541054175732,0.06243389699871551,0.001629925709845617,1.0
lewidi_md,gemma,37,LP-temp,3,16,0.6971285943393336,0.15111005604066693,0.3147944668834768,0.32509471173607424,0.5747464834805365,0.5747464834805365,0.640740767459534,,0.057366191460908676,,0.05736619146090868,,0.05130380840406468,,0.055914321040108295,,0.05130380840406469,,0.05591432085701761,,0.022203072427497462,,0.5
lewidi_md,gemma,37,GPP-cosine,3,64,1.4039532774726295,0.2976507332497924,0.4558462602875526,0.31018280809308796,0.4782466470395813,0.4782466470395813,0.245909184217453,0.009902773424983025,-0.04638517159892959,-0.013996295292610539,-0.046385171598929575,-0.013996295292610534,-0.043535530731877076,-0.012371598129265231,-0.04583580837953868,-0.01359775768049622,-0.04353553073187709,-0.012371598129265228,-0.045835807213609164,-0.013597757251560443,-0.040949794880405475,-0.03414126674955267,-1.0
lewidi_md,gemma,37,GPP-rbf,3,64,0.7109356911225082,0.14015165835183696,0.29050511281570557,0.29000441015434664,0.671573438011122,0.671573438011122,0.37656331062316895,0.12624289095401764,0.06259137135207059,-0.05676883004531364,0.0625913713520706,-0.056768830045313634,0.048369760979407844,-0.05946813826244447,0.05869213615509708,-0.05797939413478421,0.048369760979407844,-0.05946813826244448,0.05869213348775458,-0.057979395726233396,0.05223370318768219,-0.05984218997373862,0.5
lewidi_md,gemma,37,GPP-laplace,3,64,0.6644113162596755,0.1388513346239851,0.29800801432460283,0.3218186763098764,0.666993784756297,0.666993784756297,0.4044942855834961,0.2306930422782898,-0.0839694968133406,-0.08063087845642533,-0.0839694968133406,-0.08063087845642532,-0.07953001096312604,-0.07602414805094534,-0.08319386048407497,-0.07978146220566479,-0.07953001096312604,-0.07602414805094534,-0.08319386102703583,-0.07978146273895786,-0.11608414249982241,-0.10274261747058841,-1.0
lewidi_md,gemma,37,LPE,3,64,0.8940089332548764,0.16231379229600246,0.3005994061782827,0.28519575154710025,0.6774615636244684,0.6774615636244684,0.27290257811546326,0.06661785393953323,0.0992967005418009,0.05686584496437831,0.09929670054180088,0.05686584496437832,0.08367843441553852,0.04184615978202609,0.09522396325295106,0.0526844849273509,0.08367843441553854,0.04184615978202608,0.09522396080258838,0.05268448219201235,0.08903018393932735,0.05850952461255162,0.5
lewidi_md,gemma,37,LP-temp,3,64,0.6433901476024873,0.1308299134469515,0.28555665528275975,0.3213251774865655,0.6666666666666666,0.6666666666666666,0.638014048238841,,0.1014004601812734,,0.10140046018127337,,0.09007968179614206,,0.09865003587394491,,0.09007968179614208,,0.09865003467761646,,0.09439298974749288,,0.5
lewidi_md,gemma,37,GPP-cosine,3,256,0.8619398737372839,0.1577294551649306,0.30715294284724926,0.2914776097979967,0.6097481190709846,0.6097481190709846,0.46655169129371643,0.006031348370015621,0.09190144159816635,0.024521580306771346,0.09190144159816635,0.02452158030677134,0.08777427599435053,0.023293156227021435,0.09127521723619057,0.024315777956073696,0.08777427599435053,0.02329315622702144,0.09127521729342737,0.02431577824455701,0.053061227359453546,0.08077894950726437,1.0
lewidi_md,gemma,37,GPP-rbf,3,256,0.6332694551964754,0.11631251843664771,0.25755214992539555,0.28757436216527704,0.7065750736015701,0.7065750736015701,0.4151787757873535,0.1175728514790535,0.17516266086157556,0.023581668643763466,0.17516266086157556,0.02358166864376347,0.17275723622243513,0.027761407165458777,0.17563105056347156,0.025015342049525942,0.17275723622243513,0.02776140716545878,0.1756310479141161,0.025015339905285046,0.1752789121026821,0.023135485179131027,1.0
lewidi_md,gemma,37,GPP-laplace,3,256,0.647999843901695,0.13379131767956426,0.2912203969910989,0.3257044712697623,0.666993784756297,0.666993784756297,0.41316863894462585,0.2341531217098236,-0.03575126323112429,-0.04934393822200063,-0.03575126323112429,-0.04934393822200064,-0.033956423288160904,-0.04576955774895394,-0.03545003940377331,-0.048594285673663314,-0.0339564232881609,-0.045769557748953936,-0.03545004200606802,-0.04859428774128692,-0.055858893381238645,-0.06755894680585584,-1.0
lewidi_md,gemma,37,LPE,3,256,0.7425253199425229,0.1312556722955723,0.2674070252662998,0.27857278027321103,0.6905462872096827,0.6905462872096827,0.26191774010658264,0.16975799202919006,0.17148719706517507,0.09530893700077031,0.17148719706517507,0.09530893700077031,0.17182562474447216,0.10204421835925369,0.17276545998833495,0.09801193679997554,0.17182562474447216,0.1020442183592537,0.17276545870951393,0.09801193540430722,0.17176846622284622,0.10395452336832735,1.0
lewidi_md,gemma,37,LP-temp,3,256,0.6392838407636295,0.12660169595685192,0.27451836404834795,0.30525899915203725,0.6696107294733399,0.6696107294733399,0.6083871680261655,,0.15108524517063077,,0.15108524517063077,,0.15747344931056378,,0.15406487161534185,,0.15747344931056378,,0.15406487105642214,,0.14082050977779062,,1.0
lewidi_md,gemma,37,GPP-cosine,3,1024,0.8410205996908706,0.14573521817921736,0.29142264716552624,0.2955749732781539,0.661432777232581,0.661432777232581,0.4498435854911804,0.003457077080383897,0.0715073071789267,0.02477174799185478,0.0715073071789267,0.02477174799185478,0.07034009919128088,0.026174773179064113,0.07164214609449235,0.02536851400126237,0.07034009919128088,0.026174773179064116,0.0716421484429664,0.025368515037799837,0.04894871108348842,0.07774130874763883,1.0
lewidi_md,gemma,37,GPP-rbf,3,1024,0.6088256252747467,0.09749121562109517,0.2240929843971539,0.2586710478372375,0.7553156689564933,0.7553156689564933,0.36852729320526123,0.0734742060303688,0.28407903048687166,0.12829844944590296,0.28407903048687166,0.12829844944590293,0.27301144770850877,0.12479904099928196,0.28265762829379193,0.12811271869651386,0.27301144770850877,0.12479904099928196,0.28265762490282653,0.12811271573464506,0.27442712231256033,0.14889769433383426,1.0
lewidi_md,gemma,37,GPP-laplace,3,1024,0.6328535215904301,0.12339246843477956,0.27332133586778334,0.29868317826828983,0.6712463199214916,0.6712463199214916,0.379093199968338,0.21289785206317902,0.09795901110460202,0.07266964848500125,0.097959011104602,0.07266964848500124,0.09130492739314724,0.06862524710100568,0.09660526062652788,0.07193680985654893,0.09130492739314724,0.06862524710100568,0.09660525489386554,0.0719368046743793,0.08602479223000938,0.060231738108221106,1.0
lewidi_md,gemma,37,LPE,3,1024,0.6995907730061293,0.10842799485144768,0.23491429510265893,0.2598100882340119,0.7347072293097808,0.7347072293097808,0.1119716465473175,0.29069578647613525,0.25459588310994724,0.21442529230221427,0.25459588310994724,0.21442529230221427,0.24395948333929302,0.2081201021262724,0.2531036478662676,0.21397591096573101,0.24395948333929302,0.2081201021262724,0.25310364677986674,0.2139759095904833,0.25545444386948524,0.20483060220812152,1.0
lewidi_md,gemma,37,LP-temp,3,1024,0.5963014154436184,0.11364594054860455,0.2578606530385458,0.31802079946317546,0.7396140006542362,0.7396140006542362,0.6450252967105985,,0.2755792246365913,,0.2755792246365913,,0.2644076550726848,,0.2740679228059677,,0.26440765507268493,,0.27406792209867037,,0.26660350743767874,,1.0
lewidi_md,gemma,37,GPP-cosine,4,16,2.055203765129794,0.3644613480791548,0.49661514308463595,0.32587315470543976,0.46483480536473665,0.46483480536473665,0.12683162093162537,0.010000694543123245,-0.04159719138221678,-0.04528862407482701,-0.04159719138221677,-0.04528862407482702,-0.03080463479242271,-0.03865070118957735,-0.0385976716030901,-0.04357882207426411,-0.030804634792422715,-0.038650701189577356,-0.038597671146861634,-0.04357882137647903,-0.036703652922272706,-0.05518042006941984,-0.5
lewidi_md,gemma,37,GPP-rbf,4,16,0.668813576650667,0.13620609666838543,0.2923001478327756,0.3038191828750526,0.666012430487406,0.666012430487406,0.43084463477134705,0.162416011095047,0.06516077120832225,-0.09648662623422588,0.06516077120832225,-0.09648662623422588,0.058490637425048196,-0.09273799729533327,0.06357735743130781,-0.09600702950761134,0.05849063742504821,-0.09273799729533329,0.06357735691078611,-0.09600702982603732,0.06810551675954737,-0.10051975406704876,0.5
lewidi_md,gemma,37,GPP-laplace,4,16,0.675413204171283,0.1481035999672085,0.3161987800627586,0.35270644745234925,0.6676480209355578,0.6676480209355578,0.4382518231868744,0.2517015337944031,-0.01806429626990367,-0.01207637019848801,-0.018064296269903676,-0.012076370198488003,-0.018213893411547107,-0.010873581350482765,-0.018233625975899784,-0.011793077972034136,-0.01821389341154711,-0.010873581350482765,-0.018233625615303686,-0.011793078428521092,-0.019711351155749242,-0.014059477410089043,-1.0
lewidi_md,gemma,37,LPE,4,16,0.7226786834927229,0.14254014258623135,0.2921856706284138,0.28285552622623306,0.6617598953222114,0.6617598953222114,0.39296960830688477,0.10467763990163803,0.0893778065686135,0.07472667186074572,0.08937780656861348,0.07472667186074572,0.08098439449391495,0.06675673120583518,0.08743589961326059,0.0728132342551224,0.08098439449391495,0.06675673120583518,0.08743589902284112,0.07281323402222958,0.08625162307926633,0.07325463761837113,0.5
lewidi_md,gemma,37,LP-temp,4,16,0.6868457359956451,0.13793223713162148,0.2919900215190383,0.29734843108239084,0.6454039908406934,0.6454039908406934,0.5611716975107032,,0.08377061925861186,,0.08377061925861184,,0.07563215618568828,,0.08186787519071717,,0.07563215618568828,,0.08186787457379459,,0.07919957904922696,,0.5
lewidi_md,gemma,37,GPP-cosine,4,64,0.8704364009313101,0.1903820446922029,0.35999599154379003,0.3020413748226222,0.5122669283611384,0.5122669283611384,0.5142954587936401,0.013663068413734436,0.01766078437717119,-0.03200908606559237,0.017660784377171196,-0.03200908606559237,0.018396084485022956,-0.027774774226708553,0.01800560119348362,-0.030939788119358966,0.01839608448502296,-0.02777477422670855,0.018005601977019926,-0.030939787139667514,0.005143354885792318,-0.0200579205021216,1.0
lewidi_md,gemma,37,GPP-rbf,4,64,0.6548320618270448,0.13328590180006858,0.28862167691454255,0.31476196832170866,0.6650310762185149,0.6650310762185149,0.45358747243881226,0.1635800153017044,0.09764987730748641,-0.08036250758276822,0.0976498773074864,-0.08036250758276822,0.0955765395213846,-0.07346388231377766,0.09768810999281388,-0.07881373802477595,0.09557653952138459,-0.07346388231377768,0.09768810895801704,-0.07881373848402048,0.10299386299050461,-0.08727103709718285,1.0
lewidi_md,gemma,37,GPP-laplace,4,64,0.6666564199166898,0.1441395892223899,0.307670201885669,0.3467370633073236,0.6676480209355578,0.6676480209355578,0.4348165988922119,0.24882853031158447,-0.04262116558385545,-0.04023797821388084,-0.04262116558385544,-0.04023797821388084,-0.03892929336537959,-0.035772720473524935,-0.041789681980199715,-0.03915478999664036,-0.03892929336537959,-0.03577272047352494,-0.04178968201703402,-0.039154790412103284,-0.054010725273712056,-0.04642949007868977,-1.0
lewidi_md,gemma,37,LPE,4,64,0.7394988756594962,0.1453642709855959,0.29457559292497143,0.2925547024327795,0.6473666993784757,0.6473666993784757,0.3853974938392639,0.10863673686981201,0.10264044989595617,0.010670322536101163,0.10264044989595618,0.010670322536101156,0.09775142130974229,0.015765015675628054,0.10185595900816896,0.012293966449336653,0.09775142130974229,0.015765015675628054,0.10185595833473647,0.012293964978806032,0.09757611117880621,0.018965213242270875,1.0
lewidi_md,gemma,37,LP-temp,4,64,0.6636132819439365,0.14255339619373797,0.3062379219848575,0.34422792077291475,0.6267582597317631,0.6267582597317631,0.6797410037618611,,0.09199161635649455,,0.09199161635649455,,0.08999183253608672,,0.09201345623389118,,0.08999183253608672,,0.09201345596419278,,0.06911176109574989,,1.0
lewidi_md,gemma,37,GPP-cosine,4,256,0.764925948404648,0.14192906769246838,0.29030927448077243,0.2980493770531401,0.6444226365718024,0.6444226365718024,0.5123637318611145,0.007511434610933065,0.09470317471929499,0.004262373816653977,0.09470317471929499,0.004262373816653975,0.09018523966567374,0.006908544182724511,0.09397722511824991,0.005096919540347027,0.09018523966567375,0.006908544182724514,0.0939772262594824,0.005096920393344298,0.06487559559458764,0.07456831883327757,1.0
lewidi_md,gemma,37,GPP-rbf,4,256,0.6493509987542724,0.11745987780040026,0.2562148374978923,0.2817051945186522,0.7134445534838076,0.7134445534838076,0.3867048919200897,0.10871512442827225,0.16375789861813148,0.033033333564331496,0.16375789861813148,0.03303333356433149,0.16168140435659925,0.037643031593392634,0.1642482337064013,0.03466263641894061,0.16168140435659928,0.037643031593392634,0.16424822907398814,0.034662632842228466,0.16148123817770804,0.03716660970760593,1.0
lewidi_md,gemma,37,GPP-laplace,4,256,0.6703262806201139,0.1370011603278372,0.2926460979594723,0.3031558957268521,0.666993784756297,0.666993784756297,0.37773218750953674,0.2136572301387787,-0.08941893882802872,-0.08855399751824886,-0.0894189388280287,-0.08855399751824886,-0.08111721223297005,-0.08048451193015826,-0.08750521727746394,-0.08670502830502955,-0.08111721223297007,-0.08048451193015826,-0.08750521937525849,-0.08670503011897476,-0.09748112603215048,-0.09561869984319474,-0.5
lewidi_md,gemma,37,LPE,4,256,0.7425904425039898,0.12677607222692497,0.2587116351241967,0.2749283599157573,0.7114818449460255,0.7114818449460255,0.2569172978401184,0.15507158637046814,0.18299430974428388,0.10676930531000241,0.18299430974428388,0.10676930531000241,0.17980520308341869,0.10622139927308058,0.1832778673020112,0.10733428593820898,0.17980520308341869,0.10622139927308061,0.18327786396620258,0.10733428315696422,0.18048678653399183,0.11512903197742516,1.0
lewidi_md,gemma,37,LP-temp,4,256,0.6521227438432815,0.12221325204001587,0.2637971123671381,0.2871273571815603,0.6879293424926398,0.6879293424926398,0.5325492369608097,,0.1599978094862678,,0.1599978094862678,,0.15558298516704083,,0.15975072915136965,,0.15558298516704086,,0.15975072744648536,,0.1418645558542283,,1.0
lewidi_md,gemma,37,GPP-cosine,4,1024,0.7746423364270844,0.1324886865802631,0.27376496454726157,0.290662404373407,0.6849852796859667,0.6849852796859667,0.47273775935173035,0.0037080792244523764,0.111350813456012,0.0409148803143224,0.111350813456012,0.0409148803143224,0.10400670153722961,0.034838221192324145,0.10987883920102254,0.039345918123302875,0.10400670153722961,0.034838221192324145,0.10987884129801756,0.03934591891087667,0.0832305889175889,0.10985385349153037,1.0
lewidi_md,gemma,37,GPP-rbf,4,1024,0.6005125890408636,0.09452014693074556,0.21882805940405592,0.25898096151840483,0.7641478573765129,0.7641478573765129,0.37082692980766296,0.07560862600803375,0.285026160464322,0.12785647551637097,0.285026160464322,0.12785647551637097,0.2751043031490243,0.1253371394112402,0.28395993878460046,0.12796599044800178,0.2751043031490243,0.1253371394112402,0.28395993596573266,0.12796598783788166,0.2761413929273671,0.1464808188182906,1.0
lewidi_md,gemma,37,GPP-laplace,4,1024,0.6263892757274845,0.1224119460663856,0.27261328802979923,0.3056459139965621,0.6748446189074255,0.6748446189074255,0.3895542025566101,0.21897557377815247,0.08729839075832997,0.06195569945697713,0.08729839075832999,0.06195569945697714,0.08574353984686717,0.06315218824596547,0.08742347684632619,0.06274444384254096,0.08574353984686717,0.06315218824596547,0.08742347110512941,0.06274443861040005,0.0739696580531939,0.04696081947305516,1.0
lewidi_md,gemma,37,LPE,4,1024,0.770425905618294,0.1136646177928877,0.23918770200938155,0.26360116051524607,0.7383055282957147,0.7383055282957147,0.11402606964111328,0.26195716857910156,0.22801529507451812,0.1873117497555034,0.22801529507451812,0.18731174975550344,0.21922861096869334,0.18486991652276152,0.22690383457981436,0.1878523211443021,0.21922861096869337,0.18486991652276155,0.22690383429518463,0.18785232049561948,0.2347586226678296,0.18501464463412998,1.0
lewidi_md,gemma,37,LP-temp,4,1024,0.5895753611039196,0.10905852942716894,0.24925668262070189,0.30407843586021427,0.7275106313379129,0.7275106313379129,0.6172661231277123,,0.2477964448600376,,0.2477964448600376,,0.23732282878148586,,0.24630715202013048,,0.23732282878148592,,0.24630715177282936,,0.22353051234609037,,1.0
lewidi_md,gemma,50,GPP-cosine,0,16,0.9230454270509092,0.2093790557606392,0.37760776137079116,0.3007694150717693,0.5132482826300294,0.5132482826300294,0.47910451889038086,0.04151139780879021,0.011094330595806216,-0.02971684651570323,0.011094330595806213,-0.02971684651570323,0.0035411058925476496,-0.030236846997835257,0.00887161982086176,-0.030078763870346234,0.0035411058925476427,-0.03023684699783526,0.008871619342558404,-0.030078763759486784,0.00033833001756531186,-0.02477245471778283,0.5
lewidi_md,gemma,50,GPP-rbf,0,16,0.6640956122897215,0.14217418471735727,0.3050228380809861,0.34082190259781237,0.6411514556754988,0.6411514556754988,0.48515886068344116,0.18742845952510834,0.09200714411687616,-0.11443008657107692,0.09200714411687616,-0.11443008657107691,0.08546122872205514,-0.10618100582865488,0.090645523151791,-0.11270379799926153,0.08546122872205514,-0.10618100582865489,0.09064552330914732,-0.11270379909328473,0.09197004923533456,-0.11044919086216194,1.0
lewidi_md,gemma,50,GPP-laplace,0,16,0.6818002136247545,0.1507780964142547,0.3207497925887242,0.35451984563323885,0.6545632973503435,0.6545632973503435,0.4392176866531372,0.25254902243614197,-0.016700117450412673,-0.006138521669113661,-0.01670011745041267,-0.006138521669113658,-0.016864627898859966,-0.005268003786460647,-0.016864636635597216,-0.0059156583100501425,-0.016864627898859973,-0.005268003786460654,-0.016864636362992888,-0.005915658961939289,-0.016772932980082162,-0.0072334775163686044,-1.0
lewidi_md,gemma,50,LPE,0,16,0.6673669940785487,0.13774298757339973,0.29516092463133575,0.31534142204967464,0.6503107621851488,0.6503107621851488,0.47302353382110596,0.14518767595291138,0.02798135848463962,0.011384713583628091,0.027981358484639614,0.011384713583628091,0.024741778866360337,0.01415360915062245,0.027187193285742824,0.012305421492960525,0.024741778866360337,0.014153609150622453,0.02718719257525507,0.012305421550556358,0.03008971104271507,0.01838208663622705,0.5
lewidi_md,gemma,50,LP-temp,0,16,0.6920507550100792,0.15490692338236864,0.32785797672844846,0.355882038022967,0.6038599934576382,0.6038599934576382,0.693128937850808,,0.0108955600939672,,0.010895560093967197,,0.009006183363766195,,0.01039521954329492,,0.009006183363766202,,0.010395219440793801,,0.01809977009948658,,0.5
lewidi_md,gemma,50,GPP-cosine,0,64,0.7908670383722196,0.15513836124055783,0.30686315486418697,0.29736264029168175,0.5982989859339222,0.5982989859339222,0.4788365960121155,0.02240486443042755,0.07695021093312396,0.014912599227142324,0.07695021093312396,0.014912599227142324,0.07127891049301603,0.011959930978239157,0.07575157901168361,0.014116187376957984,0.07127891049301603,0.01195993097823916,0.07575158051512576,0.014116188692132863,0.04324799523780558,0.06699336506339865,1.0
lewidi_md,gemma,50,GPP-rbf,0,64,0.636030589397749,0.12644271401532062,0.27860758498939847,0.31447669429865927,0.6830225711481845,0.6830225711481845,0.4651014804840088,0.15229494869709015,0.1064085987947469,-0.06283529148406455,0.1064085987947469,-0.06283529148406455,0.09831606197620903,-0.05701345074196938,0.10467497845562201,-0.061494109375032475,0.09831606197620903,-0.05701345074196939,0.10467497565990233,-0.061494111359715706,0.1135254367623283,-0.06199153366910397,1.0
lewidi_md,gemma,50,GPP-laplace,0,64,0.660165036876976,0.14132000152271074,0.3026428179005645,0.3440104435023285,0.666993784756297,0.666993784756297,0.43326643109321594,0.24686230719089508,-0.027038777598934822,-0.036757467358805175,-0.027038777598934822,-0.03675746735880518,-0.026631179771316047,-0.03389256849017685,-0.027100036368593157,-0.03613747826235831,-0.02663117977131605,-0.033892568490176855,-0.027100037726605877,-0.036137479550464986,-0.04208724135968702,-0.045616809197126344,-1.0
lewidi_md,gemma,50,LPE,0,64,0.693866787576607,0.1331943135391745,0.27980485443867203,0.29414168706816113,0.6725547922800131,0.6725547922800131,0.4105952978134155,0.1034117043018341,0.08904625411422311,0.04025037398089798,0.08904625411422311,0.04025037398089798,0.08496095703728504,0.03835859825985715,0.08841320432763483,0.03995048286245832,0.08496095703728505,0.03835859825985715,0.08841320210409548,0.03995048091483772,0.08880707545021348,0.03652150115538957,1.0
lewidi_md,gemma,50,LP-temp,0,64,0.6537456783380298,0.13281284765725715,0.28675454799139344,0.3140282172877033,0.6545632973503435,0.6545632973503435,0.6172190721054731,,0.07308946256030704,,0.07308946256030703,,0.06872330698222118,,0.07226157857511313,,0.06872330698222118,,0.07226157686672009,,0.07119801258841081,,1.0
lewidi_md,gemma,50,GPP-cosine,0,256,0.9559715612880585,0.16726096450571848,0.3107525957266945,0.30122222136799803,0.647693817468106,0.647693817468106,0.38803160190582275,0.010496263392269611,0.03779479983953115,0.027974903774053324,0.03779479983953115,0.027974903774053324,0.03367598485228457,0.02843262099294242,0.03680030380815831,0.028305927687186642,0.033675984852284575,0.028432620992942415,0.036800306446692646,0.028305929291324305,0.03252482070771772,0.05507017114624011,0.5
lewidi_md,gemma,50,GPP-rbf,0,256,0.6402105560472713,0.11453226072401565,0.25218101223666584,0.2835680862863509,0.7219496238141969,0.7219496238141969,0.3900567889213562,0.10743938386440277,0.1603382681161668,0.04034636556759569,0.1603382681161668,0.04034636556759568,0.15005503051197516,0.03788719857635915,0.15830753130085118,0.039874452758747445,0.15005503051197516,0.03788719857635915,0.15830752639492968,0.039874448635537615,0.1575626588176119,0.04420444627793802,1.0
lewidi_md,gemma,50,GPP-laplace,0,256,0.6544701191048531,0.1332152557249378,0.2888968682558193,0.3106224582691394,0.666993784756297,0.666993784756297,0.39161941409111023,0.22122551500797272,-0.047023718655454974,-0.049890931118070136,-0.047023718655454974,-0.049890931118070136,-0.041160503678906175,-0.04369258858525957,-0.0455615821002289,-0.048346452102460497,-0.04116050367890618,-0.04369258858525957,-0.04556158539430037,-0.048346454985043516,-0.054698694526123616,-0.054939644902122185,-0.5
lewidi_md,gemma,50,LPE,0,256,0.7298123972798567,0.12311620987293857,0.25479597650374286,0.27733988233044826,0.7258750408897612,0.7258750408897612,0.24760854244232178,0.15936703979969025,0.16128804302051014,0.11214909065185978,0.16128804302051014,0.11214909065185978,0.1512664668382108,0.10534150304246925,0.1593434492661875,0.11084587281196155,0.15126646683821082,0.10534150304246927,0.15934344580184273,0.11084586933496718,0.15323442236530743,0.11393340650026673,1.0
lewidi_md,gemma,50,LP-temp,0,256,0.6250926523738918,0.11808151514347016,0.26079842466298636,0.29690364346954246,0.7072293097808309,0.7072293097808309,0.5726554421163991,,0.1518337455376404,,0.1518337455376404,,0.14166734836145736,,0.14978028319573525,,0.14166734836145736,,0.14978028194052104,,0.12957640855216748,,1.0
lewidi_md,gemma,50,GPP-cosine,0,1024,0.9824027186209746,0.14422950012227426,0.2731240668786755,0.2876873470105584,0.7101733725875041,0.7101733725875041,0.3430371582508087,0.004548771772533655,0.100646777986114,0.06324142404527114,0.10064677798611402,0.06324142404527114,0.10092900260896547,0.06804836851295068,0.10142244016274275,0.06513778413994407,0.10092900260896548,0.06804836851295068,0.10142244345552814,0.0651377860987841,0.10324464687617677,0.127614613258731,1.0
lewidi_md,gemma,50,GPP-rbf,0,1024,0.6070797133149822,0.09416178564188445,0.21789387533089064,0.25048026093448555,0.7625122669283612,0.7625122669283612,0.3490171432495117,0.06856923550367355,0.31141048784601044,0.16832303549384903,0.31141048784601044,0.16832303549384903,0.2984771694462546,0.16486036657714176,0.3096085813877657,0.16842278952018613,0.29847716944625463,0.1648603665771418,0.30960857762238275,0.16842278591543675,0.29969057840988333,0.19803960337218496,1.0
lewidi_md,gemma,50,GPP-laplace,0,1024,0.623996068539988,0.12006902201469877,0.267994042187393,0.29658216774421603,0.6751717369970559,0.6751717369970559,0.3792664408683777,0.21268130838871002,0.1478508780141845,0.12386344286087922,0.1478508780141845,0.1238634428608792,0.14091923314525662,0.11924926455375194,0.1467545823815296,0.12330804888429471,0.14091923314525664,0.11924926455375195,0.14675457637654765,0.12330804316194557,0.13475942279129968,0.11257670108986241,1.0
lewidi_md,gemma,50,LPE,0,1024,0.7681641816318162,0.1076447336451701,0.22757033708065902,0.25891801317638635,0.765129211645404,0.765129211645404,0.11513558775186539,0.22488263249397278,0.24121841486342321,0.2127103454329632,0.24121841486342321,0.2127103454329632,0.23235829465704788,0.20736463270174757,0.2401750907925997,0.2125412177770141,0.23235829465704788,0.2073646327017476,0.24017508996224934,0.21254121652125918,0.24814291655742213,0.21657315709163846,1.0
lewidi_md,gemma,50,LP-temp,0,1024,0.5731694022202689,0.09897146334440723,0.23190224569835308,0.28373392131308073,0.7536800785083415,0.7536800785083415,0.5693566851293099,,0.2640745658596597,,0.26407456585965966,,0.25724217540929184,,0.26380500174966204,,0.25724217540929184,,0.2638050013684041,,0.24437699845175367,,1.0
lewidi_md,gemma,50,GPP-cosine,1,16,0.6997976602340629,0.1494191301345817,0.31114180456128887,0.31844232666864103,0.5803074910042525,0.5803074910042525,0.568183422088623,0.0504021942615509,0.05873054525311245,-0.0162359800301066,0.05873054525311244,-0.0162359800301066,0.05638835959135939,-0.012135178374786764,0.05842022815229193,-0.015099215495584711,0.0563883595913594,-0.012135178374786766,0.05842022930807896,-0.015099214455362771,0.032089723992322586,0.006456209149973597,1.0
lewidi_md,gemma,50,GPP-rbf,1,16,0.6867292199417521,0.13907115066218403,0.29349508020864773,0.2943928708738873,0.6663395485770363,0.6663395485770363,0.39891403913497925,0.1578804850578308,-0.008865871866655077,-0.08848631201811286,-0.008865871866655078,-0.08848631201811286,-0.010693042328079478,-0.0836118192804365,-0.009482713093161625,-0.08760924135180184,-0.010693042328079473,-0.0836118192804365,-0.009482714524783446,-0.08760924246856008,-0.014255452073938663,-0.08740542694371746,-1.0
lewidi_md,gemma,50,GPP-laplace,1,16,0.6710114368637464,0.1462073801986219,0.31216141519386237,0.3505864852990465,0.666012430487406,0.666012430487406,0.4367657005786896,0.25106629729270935,-0.03535445969061081,-0.017247549297187564,-0.0353544596906108,-0.017247549297187567,-0.03312247430621275,-0.014693738314434067,-0.03491747580927479,-0.0165885277425886,-0.03312247430621275,-0.014693738314434074,-0.03491747594114895,-0.01658852850435316,-0.034583737498319146,-0.015716198592453722,-1.0
lewidi_md,gemma,50,LPE,1,16,0.7617262019141452,0.14949573767416802,0.2987162195260938,0.2824144950052495,0.6627412495911024,0.6627412495911024,0.3375597596168518,0.10797428339719772,0.04197795242259282,0.02141100508888609,0.04197795242259282,0.021411005088886097,0.033262320508312765,0.014505865193556584,0.03961313229020179,0.019456236135239325,0.033262320508312765,0.014505865193556584,0.03961313080950427,0.01945623456359207,0.03457352488245731,0.02854402862781382,0.5
lewidi_md,gemma,50,LP-temp,1,16,0.6508267582029829,0.13582077170175358,0.29494928992359065,0.33260283583187233,0.6584887144259077,0.6584887144259077,0.6601475415255718,,0.04458127530952665,,0.044581275309526644,,0.03519886872361257,,0.04203137087629344,,0.03519886872361257,,0.04203136964875655,,0.03512813370909937,,0.5
lewidi_md,gemma,50,GPP-cosine,1,64,1.5945785368442658,0.30945898658329096,0.4605988370154738,0.31318499423441454,0.47497546614327774,0.47497546614327774,0.23424924910068512,0.015374676324427128,-0.027219391198150075,-0.0600405205363784,-0.02721939119815008,-0.06004052053637839,-0.030978144366562238,-0.058069312775289886,-0.02854987282174554,-0.059852084403605475,-0.03097814436656225,-0.05806931277528989,-0.02854987191068458,-0.05985208387881008,-0.02922162178143335,-0.04036500790354847,-1.0
lewidi_md,gemma,50,GPP-rbf,1,64,0.6662949293540215,0.1405331249914979,0.29911052522645265,0.3256523074034081,0.6198887798495257,0.6198887798495257,0.4772534668445587,0.17016854882240295,0.15588348753565534,-0.054396311522359665,0.15588348753565534,-0.05439631152235966,0.14965630227393165,-0.04889859664396318,0.15505663724749078,-0.053095938213856664,0.14965630227393167,-0.04889859664396319,0.155056636299705,-0.05309593924189988,0.16149945893042275,-0.06357683998500574,1.0
lewidi_md,gemma,50,GPP-laplace,1,64,0.6757125671859886,0.14827238856592112,0.31651241959632903,0.353311399399085,0.661432777232581,0.661432777232581,0.4393734335899353,0.2511679232120514,0.01806756652383678,-0.0077858032648587885,0.018067566523836776,-0.007785803264858782,0.016480818092793757,-0.006678591536673455,0.0177084801560758,-0.007502194065084313,0.016480818092793753,-0.006678591536673464,0.0177084799725805,-0.0075021949573571,0.01286589485694442,-0.007748998789498112,1.0
lewidi_md,gemma,50,LPE,1,64,0.7441847483986528,0.15542239367123495,0.3113207308496911,0.29777541946524794,0.600915930650965,0.600915930650965,0.42883607745170593,0.12719863653182983,0.12318101012333832,0.03417973203032164,0.12318101012333832,0.03417973203032163,0.1172829969448668,0.03270403566679144,0.12223021755907541,0.03396486589759001,0.11728299694486681,0.03270403566679145,0.12223021679481337,0.033964865040302855,0.12074152324043949,0.037854878537463714,1.0
lewidi_md,gemma,50,LP-temp,1,64,0.6813160732290857,0.14921281764002425,0.3151225052208651,0.3435399586171831,0.5776905462872097,0.5776905462872097,0.6778022279000142,,0.09022588300549766,,0.09022588300549768,,0.08377239387848211,,0.0888801833515925,,0.08377239387848212,,0.08888018294487067,,0.09362916242565557,,1.0
lewidi_md,gemma,50,GPP-cosine,1,256,0.8831689870081391,0.14947211566969457,0.29008586683244925,0.29331818516947894,0.666993784756297,0.666993784756297,0.4023619592189789,0.010997479781508446,0.08172552970261929,0.04406251928023819,0.08172552970261929,0.04406251928023819,0.0822867265905972,0.05031016289068829,0.08245641974478089,0.0462659007627072,0.08228672659059721,0.050310162890688306,0.08245642342471748,0.04626590316568887,0.08306411000985274,0.09395022989876976,1.0
lewidi_md,gemma,50,GPP-rbf,1,256,0.6448443768331769,0.11568153110286365,0.25364061007227434,0.2827448819319435,0.718351324828263,0.718351324828263,0.3884452283382416,0.10596172511577606,0.15530485007878478,0.041817108133899834,0.1553048500787848,0.04181710813389984,0.14709149885750897,0.04114331415623418,0.15386956548188818,0.0418986343462538,0.14709149885750897,0.04114331415623418,0.1538695609142792,0.04189863064850183,0.14764969393592867,0.04286004457930893,1.0
lewidi_md,gemma,50,GPP-laplace,1,256,0.6597203434116637,0.13432384097062247,0.2900213876901829,0.30762564815630894,0.666993784756297,0.666993784756297,0.38569211959838867,0.2176656424999237,-0.06761653823590268,-0.06757461760110413,-0.06761653823590266,-0.06757461760110411,-0.06388162680700755,-0.06305359313159148,-0.0669432587573007,-0.06666180560093862,-0.06388162680700755,-0.06305359313159148,-0.06694326191724145,-0.06666180837013641,-0.08027861202886295,-0.07798410233199533,-1.0
lewidi_md,gemma,50,LPE,1,256,0.7310717611559953,0.12402312002245261,0.2542912278881914,0.27423906801014164,0.7232580961727183,0.7232580961727183,0.2440144419670105,0.16815117001533508,0.18171188010661962,0.11474640973199526,0.18171188010661962,0.11474640973199526,0.1727355663205291,0.11201517662348998,0.18022537316184795,0.11470158784895759,0.1727355663205291,0.11201517662348998,0.18022537024759633,0.11470158485019952,0.17567504765389738,0.11841727632131638,1.0
lewidi_md,gemma,50,LP-temp,1,256,0.6195636636193811,0.11932235737075136,0.2634502084209134,0.30580133855066854,0.7039581288845274,0.7039581288845274,0.608186805674563,,0.16955063225370395,,0.16955063225370393,,0.16080961135959349,,0.16805238863348054,,0.16080961135959349,,0.1680523877490493,,0.15198208575206634,,1.0
lewidi_md,gemma,50,GPP-cosine,1,1024,0.9775641697626993,0.15250527755627388,0.2876771282183736,0.2930340800150252,0.6787700359829899,0.6787700359829899,0.3429298400878906,0.00447028037160635,0.07885628825681465,0.05955436748245743,0.07885628825681465,0.059554367482457425,0.07190252390773287,0.05673454164565374,0.07728041501510632,0.059104331587820226,0.07190252390773288,0.05673454164565374,0.07728041822600462,0.05910433316763447,0.08001780995103952,0.09672977327027953,1.0
lewidi_md,gemma,50,GPP-rbf,1,1024,0.5913802624593226,0.09146163905930452,0.21522158194130492,0.2533666531372139,0.7634936211972522,0.7634936211972522,0.36910417675971985,0.06900370866060257,0.3039083084758214,0.1688038539993842,0.3039083084758214,0.16880385399938416,0.2906044024644191,0.16368275319005215,0.30194220233484115,0.16840217697694426,0.2906044024644192,0.16368275319005218,0.3019421986773021,0.16840217334518742,0.2893346860420662,0.18855403723725536,1.0
lewidi_md,gemma,50,GPP-laplace,1,1024,0.6224173363801885,0.11998495000621437,0.26834212767071763,0.29935325016829345,0.6738632646385345,0.6738632646385345,0.3838086426258087,0.2147449553012848,0.1576245068725859,0.13208147245659524,0.1576245068725859,0.1320814724565952,0.14869811162529745,0.12578439443551437,0.1559881123141637,0.13107022691453335,0.14869811162529745,0.12578439443551442,0.15598810656870282,0.13107022137964788,0.1377736286231759,0.11438543927756761,1.0
lewidi_md,gemma,50,LPE,1,1024,0.7392222881249024,0.10927747165520224,0.23267690038602007,0.2624188196015633,0.7474648348053647,0.7474648348053647,0.1155591607093811,0.2595476508140564,0.22901833335440414,0.19947750936290765,0.22901833335440414,0.19947750936290765,0.22104598934504122,0.19433647077108362,0.22816158288777882,0.1992799825410524,0.22104598934504122,0.19433647077108368,0.22816158184002228,0.1992799809820716,0.23567235915733892,0.19764645805094475,1.0
lewidi_md,gemma,50,LP-temp,1,1024,0.5874059740945509,0.10790451883772174,0.24680026782306563,0.3031748047115564,0.7409224730127576,0.7409224730127576,0.6122767499957928,,0.23233492492693247,,0.23233492492693247,,0.22355293972797208,,0.23125449853713165,,0.22355293972797208,,0.23125449787692398,,0.21583279930934177,,1.0
lewidi_md,gemma,50,GPP-cosine,2,16,0.8548673218197893,0.19056108632181887,0.3591524174078656,0.3182252446554692,0.524697415767092,0.524697415767092,0.5400150418281555,0.04272020608186722,0.01052345130961462,-0.0475777807650987,0.010523451309614622,-0.04757778076509869,0.007552491664076499,-0.04234975627796677,0.009691392190085045,-0.04631275494009713,0.007552491664076504,-0.04234975627796677,0.009691391873887347,-0.046312754675762624,0.0058905319059244015,-0.018824857856729556,0.5
lewidi_md,gemma,50,GPP-rbf,2,16,0.7022252813541292,0.14373407933378163,0.2984848646693831,0.2962192946113322,0.6666666666666666,0.6666666666666666,0.3908534049987793,0.16289366781711578,-0.05605459727512298,-0.10005405692774585,-0.05605459727512298,-0.10005405692774585,-0.048448029260585716,-0.0901641550885208,-0.054123781580971,-0.09772987741963,-0.04844802926058572,-0.0901641550885208,-0.054123782029369016,-0.09772987797333252,-0.05361464664493293,-0.09515092915538491,-0.5
lewidi_md,gemma,50,GPP-laplace,2,16,0.6707006205988413,0.14588317567656436,0.3106211093801238,0.3483040879472652,0.6656853123977756,0.6656853123977756,0.4351217746734619,0.2502419650554657,-0.05999898310283441,-0.03560862293570127,-0.059998983102834406,-0.03560862293570128,-0.05664403996659252,-0.03200749304007135,-0.059389137011989564,-0.03475669621960145,-0.05664403996659253,-0.03200749304007134,-0.05938913709742555,-0.034756696833753986,-0.06133560599784038,-0.03509634902485836,-1.0
lewidi_md,gemma,50,LPE,2,16,0.9057059925630202,0.17482142801780584,0.3198889994475592,0.29365487913892346,0.6650310762185149,0.6650310762185149,0.2984634041786194,0.04805801808834076,-0.016627471820507677,-0.027900317110500776,-0.01662747182050767,-0.027900317110500786,-0.01097374996773294,-0.025295162461059523,-0.01502077542082119,-0.027298677061534098,-0.010973749967732939,-0.02529516246105952,-0.015020775352740639,-0.02729867743866022,-0.011365928296946522,-0.02309464098730237,-0.5
lewidi_md,gemma,50,LP-temp,2,16,0.6899925496042605,0.14083786238990698,0.29495131927434043,0.29730463290863446,0.661432777232581,0.661432777232581,0.5699487408718182,,-0.003299412714559394,,-0.003299412714559396,,0.0014605379812527687,,-0.0018733839688229448,,0.0014605379812527661,,-0.0018733837968693285,,-0.00885931569127205,,0.5
lewidi_md,gemma,50,GPP-cosine,2,64,1.1331023590061062,0.23295987108584526,0.39364577666481704,0.309138580696432,0.5282957147530258,0.5282957147530258,0.35809072852134705,0.018681110814213753,-0.040576979835636504,-0.05270843250288783,-0.040576979835636504,-0.05270843250288783,-0.03977370623794757,-0.04916679342870467,-0.04061060122550493,-0.05199180259452654,-0.03977370623794757,-0.04916679342870467,-0.04061059909667849,-0.05199180102160664,-0.042603493915009935,-0.03440319573341435,-1.0
lewidi_md,gemma,50,GPP-rbf,2,64,0.6445198700671315,0.13244344542160044,0.28755450667310745,0.32816128765892594,0.6725547922800131,0.6725547922800131,0.4818466305732727,0.16339711844921112,0.07666488614390553,-0.09699853593254833,0.07666488614390554,-0.09699853593254831,0.06987476370459023,-0.08992947746240579,0.07512379709391272,-0.09551190976134016,0.06987476370459024,-0.08992947746240579,0.07512379583488102,-0.0955119110920997,0.08917973622624886,-0.09456609561653077,1.0
lewidi_md,gemma,50,GPP-laplace,2,64,0.6813297843338236,0.15063703309427154,0.32056661749835647,0.3549161635615248,0.6640497219496239,0.6640497219496239,0.4406733512878418,0.25148966908454895,0.011567103457867128,-0.01733292746737837,0.011567103457867114,-0.017332927467378374,0.010429795749763975,-0.015251004831550573,0.01130024953081309,-0.01681810528933724,0.010429795749763968,-0.015251004831550577,0.011300249670587957,-0.016818106067819617,0.01244640482642145,-0.017397663807947022,0.5
lewidi_md,gemma,50,LPE,2,64,0.7053106639668876,0.1433583220618918,0.295118026636522,0.3032240449915986,0.639515865227347,0.639515865227347,0.44042521715164185,0.11511854082345963,0.06885479898463498,-0.003470487192738101,0.06885479898463498,-0.0034704871927380976,0.06285754680636133,-0.005830169391571589,0.06750148619323736,-0.00421241616454581,0.06285754680636133,-0.005830169391571594,0.06750148621205558,-0.004212417720647248,0.06589607049591692,-0.000628551360375923,1.0
lewidi_md,gemma,50,LP-temp,2,64,0.6550658789157273,0.1383715721527084,0.2977331082074811,0.33795894247173397,0.6427870461236507,0.6427870461236507,0.6683484741129208,,0.06579416197075963,,0.06579416197075964,,0.059756278761902606,,0.06440750786079054,,0.05975627876190262,,0.06440750705506114,,0.060219238808300685,,0.5
lewidi_md,gemma,50,GPP-cosine,2,256,0.9317582406477236,0.16580170299764335,0.31195797784685936,0.2990045687841355,0.6346090938828918,0.6346090938828918,0.39105498790740967,0.011103406548500061,0.04169415057059024,0.022016362340420943,0.04169415057059024,0.022016362340420943,0.04448304772303665,0.02431222788600411,0.042828667681437976,0.02286597121816058,0.044483047723036656,0.024312227886004113,0.0428286705796815,0.02286597353459271,0.040466421111532265,0.07066422867943128,1.0
lewidi_md,gemma,50,GPP-rbf,2,256,0.665623001584728,0.12049339485555817,0.26071342723434965,0.2788508817822774,0.7075564278704612,0.7075564278704612,0.37164855003356934,0.10100816935300827,0.17448581199428398,0.054609967409421006,0.17448581199428392,0.054609967409421006,0.16267733680245852,0.05141701839912751,0.17208784360434368,0.054012489580519775,0.16267733680245852,0.05141701839912752,0.17208783905699443,0.05401248567037717,0.16045676022193375,0.056187104786318526,1.0
lewidi_md,gemma,50,GPP-laplace,2,256,0.6705444825006323,0.13597994961535223,0.2905685132577172,0.29893185920747595,0.6673209028459274,0.6673209028459274,0.3709772825241089,0.20925690233707428,-0.054064978731050456,-0.05653248733479185,-0.054064978731050456,-0.05653248733479187,-0.05010065339214699,-0.05178130552837676,-0.05322900562984316,-0.05547395351681757,-0.05010065339214699,-0.051781305528376766,-0.053229008219369475,-0.05547395581775521,-0.06328824457520929,-0.06511975523013724,-1.0
lewidi_md,gemma,50,LPE,2,256,0.7506289987103728,0.12784041824271297,0.26048564272741676,0.27379342851845134,0.7144259077526988,0.7144259077526988,0.24042552709579468,0.15464496612548828,0.1866049945285626,0.12143830885842402,0.1866049945285626,0.12143830885842402,0.17664648496991642,0.11454110156566435,0.18485310099268248,0.12017147870522027,0.17664648496991645,0.11454110156566435,0.1848530973816135,0.12017147558357796,0.18034413110450817,0.12446264770940611,1.0
lewidi_md,gemma,50,LP-temp,2,256,0.6304927827040537,0.11970055453484266,0.2638965698301221,0.2936459757253542,0.6918547595682041,0.6918547595682041,0.5726473360937102,,0.1750377442506362,,0.17503774425063617,,0.16859051813122372,,0.17427519814416226,,0.16859051813122372,,0.1742751965597033,,0.1570188632922805,,1.0
lewidi_md,gemma,50,GPP-cosine,2,1024,0.8935275286941076,0.14241750528799596,0.277006168411993,0.288548011369493,0.6862937520444881,0.6862937520444881,0.376677930355072,0.004807220306247473,0.10199286060266244,0.05378591322994105,0.10199286060266242,0.05378591322994105,0.10222762514726605,0.05620266118056104,0.10276330401297049,0.05489004003178306,0.10222762514726605,0.05620266118056103,0.10276330763087296,0.05489004131878221,0.09410845517866964,0.1400433721970968,1.0
lewidi_md,gemma,50,GPP-rbf,2,1024,0.5973524932225562,0.09125124751754943,0.21089274831023128,0.249653758282011,0.7818122342165522,0.7818122342165522,0.35923898220062256,0.06901343911886215,0.3162259715179254,0.17059003195047506,0.3162259715179254,0.17059003195047506,0.3067283805943354,0.1663234298179944,0.31550269484249427,0.17046065394669896,0.3067283805943354,0.1663234298179944,0.31550269140303566,0.17046065065274152,0.30897121780491293,0.19615294964922558,1.0
lewidi_md,gemma,50,GPP-laplace,2,1024,0.6179370379337092,0.11924592623702071,0.2677919340749796,0.3038792174172386,0.6748446189074255,0.6748446189074255,0.390080988407135,0.21870864927768707,0.1436055612505129,0.11655699306664961,0.14360556125051294,0.11655699306664961,0.13973934477582478,0.11556128125793418,0.14341310171468732,0.11705276741695099,0.13973934477582478,0.11556128125793419,0.1434130952205982,0.11705276136878462,0.12880113772212115,0.10163885095290677,1.0
lewidi_md,gemma,50,LPE,2,1024,0.7695338285892331,0.10935727483723505,0.22921010327639657,0.2605582279874261,0.7618580307491004,0.7618580307491004,0.1153549775481224,0.2391725778579712,0.24024839713849602,0.20424481171539197,0.24024839713849602,0.20424481171539197,0.2334515148967497,0.20031404931835084,0.23982634991505125,0.20444829181501328,0.23345151489674973,0.20031404931835087,0.23982634918238943,0.2044482912170026,0.24739946483261477,0.20652053213891292,1.0
lewidi_md,gemma,50,LP-temp,2,1024,0.5843070323184063,0.10575274436388764,0.24245868655055114,0.2982128077354254,0.7497546614327772,0.7497546614327772,0.6000599121240132,,0.22902417066486175,,0.22902417066486175,,0.22428682337759442,,0.22915199738150072,,0.22428682337759442,,0.22915199742035228,,0.2212797407408793,,1.0
lewidi_md,gemma,50,GPP-cosine,3,16,2.106754131116259,0.33919214947736176,0.47304178203096736,0.3230457232734459,0.47464834805364736,0.47464834805364736,0.1659282147884369,0.018204553052783012,-0.017987692032766,-0.02846225803371133,-0.017987692032766,-0.02846225803371133,-0.01654291665201845,-0.027441100552345096,-0.01767126625763421,-0.028346542030252622,-0.016542916652018458,-0.02744110055234509,-0.01767126623675682,-0.028346542143635245,-0.0274180498382572,-0.034509659207882806,-1.0
lewidi_md,gemma,50,GPP-rbf,3,16,0.6535464627537554,0.13414132684973676,0.2900580875124657,0.31801290610625926,0.6696107294733399,0.6696107294733399,0.4557107090950012,0.17316003143787384,0.05701145385598318,-0.08921164689512909,0.057011453855983184,-0.08921164689512907,0.05519533385133261,-0.08181827007129487,0.05684945771927882,-0.08757295138044752,0.05519533385133261,-0.08181827007129489,0.056849455866680595,-0.08757295276165954,0.05882634870689455,-0.08657423188423101,1.0
lewidi_md,gemma,50,GPP-laplace,3,16,0.6794609250978252,0.1498396490414703,0.31915646362263744,0.35427391078155335,0.6640497219496239,0.6640497219496239,0.43915826082229614,0.25236257910728455,-0.011585899817803955,-0.0021383745026645855,-0.01158589981780395,-0.0021383745026645855,-0.01190263583725789,-0.0012869115308337849,-0.011761697602215253,-0.0018938957974790269,-0.011902635837257897,-0.0012869115308337849,-0.011761697540281474,-0.0018938965168641825,-0.010084639776001299,-0.00342087946345412,-1.0
lewidi_md,gemma,50,LPE,3,16,0.670918943181312,0.13602006208398526,0.28943183760033503,0.30556908604094357,0.6607785410533202,0.6607785410533202,0.4610978960990906,0.12783122062683105,0.0626161616403508,0.01085468158710488,0.0626161616403508,0.01085468158710488,0.060888031943962445,0.014616676428383718,0.06251935558988289,0.012073996292308303,0.06088803194396246,0.014616676428383716,0.06251935497518252,0.012073994483935771,0.039088502183446214,0.018656713521692656,1.0
lewidi_md,gemma,50,LP-temp,3,16,0.6740637924331881,0.13911561292462396,0.2946408685008985,0.3107411022002701,0.6391887471377167,0.6391887471377167,0.6077491184778435,,0.06523585806119123,,0.06523585806119123,,0.06471299135645134,,0.06552381486839887,,0.06471299135645134,,0.06552381424392206,,0.04056697390233577,,1.0
lewidi_md,gemma,50,GPP-cosine,3,64,1.3089130275557688,0.2648556311049119,0.42122749421018396,0.3120396076498459,0.5096499836440955,0.5096499836440955,0.27189213037490845,0.01726958528161049,-0.03791664639762815,-0.04981716875483995,-0.037916646397628165,-0.04981716875483995,-0.03838037503718905,-0.04967580370486066,-0.038317634311036776,-0.050115561516568166,-0.03838037503718906,-0.049675803704860674,-0.03831763230801394,-0.050115560190550475,-0.025942482917081688,-0.019720382353067757,-1.0
lewidi_md,gemma,50,GPP-rbf,3,64,0.6917233001394273,0.13515881197724253,0.28427096440234106,0.28868792316416947,0.671573438011122,0.671573438011122,0.38807329535484314,0.12510566413402557,0.09008850286270702,-0.03172723362619363,0.090088502862707,-0.03172723362619363,0.0729178705110562,-0.03381982886793103,0.08548021203498754,-0.03258153156793307,0.0729178705110562,-0.03381982886793103,0.08548020858389876,-0.03258153405394776,0.0772249588726573,-0.03643719873424424,0.5
lewidi_md,gemma,50,GPP-laplace,3,64,0.661858179828638,0.13742118869023723,0.29553094932046015,0.31937608005824747,0.666993784756297,0.666993784756297,0.40160071849823,0.22847433388233185,-0.0626185418509877,-0.06043682146768838,-0.0626185418509877,-0.06043682146768839,-0.05971140718609486,-0.05690814991861594,-0.06216293436934891,-0.05977710363467602,-0.05971140718609487,-0.05690814991861595,-0.06216293559762945,-0.059777104812364215,-0.09022491386908,-0.0792723945371353,-1.0
lewidi_md,gemma,50,LPE,3,64,0.8110531488599796,0.14904059886637,0.2887374239420094,0.28107854783909936,0.6741903827281649,0.6741903827281649,0.30967050790786743,0.07722538709640503,0.1169535624640132,0.07287294768386052,0.11695356246401319,0.07287294768386052,0.1018090849704158,0.05886636997058283,0.11314602684646236,0.06910961890728336,0.1018090849704158,0.05886636997058284,0.11314602374877317,0.06910961557640682,0.10504958069271425,0.0763704158774596,0.5
lewidi_md,gemma,50,LP-temp,3,64,0.6411638011296573,0.1320929640958799,0.2887368980908418,0.33232683077915204,0.6702649656526006,0.6702649656526006,0.6598950833986513,,0.11063864973819909,,0.11063864973819908,,0.09713240772090212,,0.10728641536891935,,0.09713240772090215,,0.10728641348160715,,0.10252961386627862,,0.5
lewidi_md,gemma,50,GPP-cosine,3,256,1.0053655532110948,0.16692610212773407,0.3058578293300058,0.290205191284127,0.6421328099443899,0.6421328099443899,0.359170138835907,0.009010314010083675,0.08540447393613518,0.0642589466690566,0.08540447393613518,0.0642589466690566,0.08718902340560707,0.06830593166839799,0.08653289163430011,0.06593099456807328,0.08718902340560708,0.068305931668398,0.08653289358531226,0.06593099601916852,0.07824263206208627,0.11997593321247345,1.0
lewidi_md,gemma,50,GPP-rbf,3,256,0.6412776196340771,0.11863469938969363,0.2590540927523454,0.2869859088196516,0.7042852469741576,0.7042852469741576,0.4155798852443695,0.11661256849765778,0.17483022915192226,0.027005152398971936,0.17483022915192226,0.02700515239897194,0.17038234366570537,0.031170404022894206,0.17467473912927242,0.02845787928706001,0.17038234366570537,0.031170404022894206,0.17467473685607132,0.028457876971770102,0.17397369923056288,0.030948254291198844,1.0
lewidi_md,gemma,50,GPP-laplace,3,256,0.6468112354228556,0.13320547967150376,0.29012100190645657,0.3246159213218457,0.666993784756297,0.666993784756297,0.4125109314918518,0.23350447416305542,-0.006836042192407096,-0.023069253287941738,-0.006836042192407089,-0.023069253287941734,-0.005167047570359175,-0.019670482360303578,-0.00637495121763505,-0.022192975393163738,-0.005167047570359172,-0.019670482360303575,-0.006374954220916356,-0.022192977921723516,-0.03282983317891439,-0.04448492720340436,-0.5
lewidi_md,gemma,50,LPE,3,256,0.7419185862969017,0.13272893222444138,0.26978209031027467,0.27863392058422976,0.6849852796859667,0.6849852796859667,0.25755852460861206,0.1847960650920868,0.16738553630458342,0.10089307570426108,0.16738553630458342,0.10089307570426106,0.1657076400735162,0.10284528375177329,0.1680220420654383,0.10217866771672547,0.16570764007351624,0.10284528375177329,0.16802204132341658,0.10217866663430353,0.16461819972653471,0.10051995820417683,1.0
lewidi_md,gemma,50,LP-temp,3,256,0.64139687727945,0.1288035586435774,0.2783556389467013,0.312601045104051,0.666012430487406,0.666012430487406,0.6230199289221934,,0.13720708619401978,,0.13720708619401978,,0.13575637798299212,,0.13770591000827956,,0.13575637798299212,,0.13770591034810775,,0.12538131193387222,,1.0
lewidi_md,gemma,50,GPP-cosine,3,1024,0.9603027261894526,0.14877399924976648,0.2828843961476821,0.2900911118228638,0.6823683349689238,0.6823683349689238,0.3564704358577728,0.004638915881514549,0.0923032327382342,0.0379881620273864,0.09230323273823418,0.03798816202738639,0.09016625801636433,0.03922855054060442,0.09228545563364687,0.03862600831615555,0.09016625801636433,0.03922855054060442,0.09228545906325768,0.038626010044503604,0.09274793895381103,0.11381279019015439,1.0
lewidi_md,gemma,50,GPP-rbf,3,1024,0.6084328827300598,0.09663464932882389,0.22204939677256794,0.2545324578816504,0.7582597317631665,0.7582597317631665,0.36734578013420105,0.07064224779605865,0.3045991411732881,0.14275254182970282,0.3045991411732881,0.14275254182970282,0.29014821142838565,0.13876425450615712,0.3022886849760296,0.1425170852550592,0.29014821142838565,0.13876425450615715,0.3022886817619825,0.14251708223018897,0.2924665561292265,0.1669445257121505,1.0
lewidi_md,gemma,50,GPP-laplace,3,1024,0.627419502784953,0.12120998995114048,0.2696161045314178,0.2961449901752634,0.6696107294733399,0.6696107294733399,0.37793758511543274,0.2116890847682953,0.13899723834497518,0.11160191063689368,0.13899723834497515,0.11160191063689366,0.13191725575714675,0.10722062324034864,0.13779512037960495,0.11103336168074429,0.13191725575714675,0.10722062324034864,0.13779511447194076,0.11103335624236005,0.12424572331359088,0.09306751875980762,1.0
lewidi_md,gemma,50,LPE,3,1024,0.7061908778460548,0.10875391272291232,0.23416388403024807,0.25739061011793923,0.7409224730127576,0.7409224730127576,0.11152204871177673,0.29227563738822937,0.26165766833318754,0.21896902203369217,0.2616576683331876,0.21896902203369217,0.24824928397224277,0.21042776850419775,0.25937020583733345,0.2178702582506635,0.24824928397224277,0.21042776850419775,0.25937020496004176,0.21787025676371968,0.2600957980566608,0.20649377974463304,1.0
lewidi_md,gemma,50,LP-temp,3,1024,0.6019497241436542,0.11582204210066661,0.2608739743232697,0.31997625780769995,0.7314360484134773,0.7314360484134773,0.6463087326400541,,0.2507629994185947,,0.2507629994185947,,0.245638962974719,,0.2509221257031725,,0.245638962974719,,0.25092212522541363,,0.2612229091977657,,1.0
lewidi_md,gemma,50,GPP-cosine,4,16,1.99340524862198,0.35477452704240486,0.48762582202795024,0.3294854656290042,0.4703958128884527,0.4703958128884527,0.13184432685375214,0.018875664100050926,-0.06053308616306644,-0.053508864433606584,-0.060533086163066435,-0.053508864433606584,-0.05025257762413825,-0.044089129241418445,-0.05781917759765773,-0.05100878354598011,-0.050252577624138255,-0.044089129241418445,-0.05781917684977092,-0.05100878294984104,-0.05801403072295893,-0.03450667386349438,-0.5
lewidi_md,gemma,50,GPP-rbf,4,16,0.6637312757607005,0.13625771665227296,0.29344740946492925,0.3114001500556611,0.666993784756297,0.666993784756297,0.43936511874198914,0.17282864451408386,0.06778652765368026,-0.07874450128767893,0.06778652765368026,-0.07874450128767892,0.056941871733887525,-0.07557641255993311,0.06495063732774717,-0.07831999242862453,0.05694187173388754,-0.07557641255993312,0.06495063716886687,-0.0783199931639037,0.06289366854244256,-0.08459539370665374,0.5
lewidi_md,gemma,50,GPP-laplace,4,16,0.6774360936625058,0.148977977584273,0.3179829230530222,0.3536332014151533,0.6650310762185149,0.6650310762185149,0.43876782059669495,0.2521122395992279,-0.010664823696810929,-0.004210118248136482,-0.010664823696810932,-0.004210118248136486,-0.012586424336225966,-0.004128934604875012,-0.011322732644372367,-0.004214264379451865,-0.012586424336225963,-0.004128934604875005,-0.0113227323510365,-0.004214264966623901,-0.012866369946079046,-0.006672925018544436,-1.0
lewidi_md,gemma,50,LPE,4,16,0.7189601020485638,0.14441134849442744,0.2965115086106345,0.29026834577823857,0.6542361792607131,0.6542361792607131,0.4028715491294861,0.12192083895206451,0.05596268063342867,0.049352736340176055,0.05596268063342867,0.04935273634017605,0.04807004137774157,0.04042873254156777,0.05394417223104552,0.04697504257735366,0.04807004137774157,0.04042873254156777,0.053944172585424624,0.046975042467948355,0.05012108699709363,0.04605450847506056,0.5
lewidi_md,gemma,50,LP-temp,4,16,0.6865364604486581,0.14174390809336257,0.29919016034329965,0.30718999818956516,0.6274124959110239,0.6274124959110239,0.5934219628676597,,0.0598757800295217,,0.05987578002952171,,0.052700814962897635,,0.058102506143816346,,0.05270081496289764,,0.058102506530313354,,0.05477544202493054,,0.5
lewidi_md,gemma,50,GPP-cosine,4,64,0.8842943254148391,0.18033652641643153,0.34035129075099785,0.3084295492798198,0.5655871769708865,0.5655871769708865,0.4879298508167267,0.02454768307507038,0.023230039553750918,-0.026686352816387444,0.023230039553750914,-0.026686352816387447,0.019992641626647628,-0.020899933791483853,0.022403975760467598,-0.025108208710943068,0.01999264162664763,-0.020899933791483846,0.022403977106778973,-0.02510820754587958,0.021200022098951304,-0.0077979242441586095,0.5
lewidi_md,gemma,50,GPP-rbf,4,64,0.6441291642105005,0.12980739826318505,0.2826821921898389,0.3148418262995589,0.6709192018318613,0.6709192018318613,0.4600061774253845,0.16158509254455566,0.11489523760043163,-0.056886102231336895,0.11489523760043163,-0.056886102231336895,0.11627528174741912,-0.04723032629354379,0.11610265961896851,-0.05433733030520953,0.11627528174741912,-0.04723032629354379,0.11610265838442144,-0.05433733152868778,0.12340931958107529,-0.0567674512210175,1.0
lewidi_md,gemma,50,GPP-laplace,4,64,0.663018990114912,0.14237294137100398,0.3041536047284534,0.34368414237076667,0.666993784756297,0.666993784756297,0.4323998689651489,0.24707143008708954,-0.042377463702622964,-0.04034603198910435,-0.04237746370262295,-0.04034603198910436,-0.0384514879370702,-0.03570813112364294,-0.04147306296992312,-0.03921104218820972,-0.0384514879370702,-0.03570813112364294,-0.0414730636417203,-0.039211043104579645,-0.05887271995223065,-0.05050673111887255,-0.5
lewidi_md,gemma,50,LPE,4,64,0.701175738712984,0.13765632676649078,0.28501289110701733,0.29236132497229117,0.6578344782466471,0.6578344782466471,0.402157723903656,0.12418823689222336,0.11251728157975048,0.05301682622649555,0.1125172815797505,0.05301682622649556,0.11422368002873615,0.059606585378288515,0.11380772906888273,0.05538569419144188,0.11422368002873615,0.059606585378288515,0.11380772849645597,0.055385692426788626,0.11013340635214178,0.06715546595787772,1.0
lewidi_md,gemma,50,LP-temp,4,64,0.674464646411832,0.14770782864045115,0.31567549010197843,0.35262472699583386,0.6463853451095846,0.6463853451095846,0.6898278773746819,,0.09173878858530302,,0.09173878858530302,,0.09375730967968393,,0.09298182451505066,,0.09375730967968393,,0.09298182476189362,,0.10940944600486346,,1.0
lewidi_md,gemma,50,GPP-cosine,4,256,0.9042024790153342,0.1499937126906936,0.2853911809955386,0.2867899942060687,0.6768073274452078,0.6768073274452078,0.4034174382686615,0.010418470948934555,0.11679949915727514,0.04799326051088187,0.11679949915727514,0.04799326051088186,0.11470937572493084,0.05079182929298873,0.11696386284253162,0.04917389124125908,0.11470937572493084,0.050791829292988734,0.11696386497778999,0.049173893066413225,0.10967136719691771,0.1296279627843007,1.0
lewidi_md,gemma,50,GPP-rbf,4,256,0.6584833490943157,0.11951218211437217,0.2591145448995593,0.2810876290473357,0.7134445534838076,0.7134445534838076,0.3833408057689667,0.10712598264217377,0.17144745509329948,0.04856182046915332,0.17144745509329948,0.04856182046915331,0.16035252543966783,0.046424283447381545,0.1692458237736785,0.04824409594482123,0.16035252543966783,0.04642428344738155,0.1692458196669416,0.04824409242668706,0.16339452697093765,0.045776862125425574,1.0
lewidi_md,gemma,50,GPP-laplace,4,256,0.6718045731463755,0.13670669011212855,0.2914567124555518,0.3008788671303767,0.666993784756297,0.666993784756297,0.3730302155017853,0.21074870228767395,-0.06057572247490885,-0.061497065651360594,-0.06057572247490885,-0.06149706565136059,-0.05400193929913516,-0.054728652395461215,-0.05899020893327578,-0.05985863280493681,-0.05400193929913516,-0.05472865239546122,-0.05899021107012126,-0.059858634738901226,-0.07411892440873835,-0.07326595844151837,-0.5
lewidi_md,gemma,50,LPE,4,256,0.7646942959993345,0.13024542813295548,0.2628856555881112,0.2730484362758123,0.7108276087667648,0.7108276087667648,0.2516629695892334,0.14875270426273346,0.18679661337064138,0.11870526050673938,0.18679661337064135,0.11870526050673937,0.17485638546364413,0.11276781760647993,0.18444291796470955,0.11771179393262558,0.17485638546364415,0.11276781760647994,0.18444291485069647,0.11771179113667384,0.1782278626669967,0.12262532129260269,1.0
lewidi_md,gemma,50,LP-temp,4,256,0.649205728221818,0.123557052497038,0.2676674456389189,0.29114220139592545,0.6853123977755969,0.6853123977755969,0.5530751766532376,,0.1573161009068148,,0.15731610090681475,,0.14712646167668858,,0.1552931377263739,,0.14712646167668858,,0.15529313587298776,,0.136266531309195,,1.0
lewidi_md,gemma,50,GPP-cosine,4,1024,0.9328427974068455,0.14195044784171043,0.2730384376238747,0.2872335201186971,0.7033038927052666,0.7033038927052666,0.3567332625389099,0.004635100718587637,0.11049392932406109,0.05381590567942936,0.11049392932406107,0.053815905679429364,0.10822032343444482,0.05744201711728746,0.1105592376230957,0.05528829506982204,0.10822032343444483,0.05744201711728747,0.11055924110323993,0.055288296938942896,0.1118042095599016,0.14452979211166034,1.0
lewidi_md,gemma,50,GPP-rbf,4,1024,0.606557282801915,0.09501773022614264,0.21867491667785,0.25720191362560335,0.7670919201831862,0.7670919201831862,0.3667702078819275,0.07182557135820389,0.286750651165684,0.14078143370879737,0.286750651165684,0.14078143370879737,0.2762631321869831,0.13807303628891046,0.2855240948978506,0.14092198940259365,0.2762631321869831,0.1380730362889105,0.28552409212535534,0.14092198634736708,0.27933790291477817,0.16298210882639033,1.0
lewidi_md,gemma,50,GPP-laplace,4,1024,0.623556218992764,0.12104640863257111,0.2704591385942193,0.3037693095674765,0.6738632646385345,0.6738632646385345,0.3876546621322632,0.21729609370231628,0.10925985324774726,0.08486508005465385,0.10925985324774724,0.08486508005465385,0.10484002456604566,0.08316619269061357,0.10866352366048043,0.08492965377535368,0.10484002456604569,0.08316619269061357,0.10866351778279391,0.08492964826671268,0.09309086120844225,0.07171770980013747,1.0
lewidi_md,gemma,50,LPE,4,1024,0.723002008984681,0.11017488835111693,0.23567177882713403,0.2636015291139039,0.7419038272816487,0.7419038272816487,0.11330176144838333,0.2770318388938904,0.2340183244286944,0.18626750700178146,0.23401832442869444,0.18626750700178146,0.22773687589498942,0.18250266644790727,0.2337104470023002,0.18639827846079055,0.22773687589498945,0.1825026664479073,0.2337104472598881,0.18639827770833198,0.23886366267421213,0.18178063380433848,1.0
lewidi_md,gemma,50,LP-temp,4,1024,0.5994428724924177,0.11487622269853445,0.2598218845857454,0.31890885517227535,0.7350343473994112,0.7350343473994112,0.6438599715563517,,0.23428644462933634,,0.23428644462933632,,0.2264583942459455,,0.23350971274863336,,0.22645839424594552,,0.23350971282635108,,0.2239146124080073,,1.0
lewidi_md,gemma,62,GPP-cosine,0,16,0.8932865400217306,0.20398452254520255,0.37664690578620214,0.3114311526772668,0.4946025515210991,0.4946025515210991,0.38351497054100037,0.16224989295005798,-0.024970228544758177,-0.03592511390656397,-0.02497022854475818,-0.035925113906563964,-0.02251795386564788,-0.03499820311480866,-0.024395034909523335,-0.03588922663826884,-0.02251795386564788,-0.03499820311480866,-0.024395035397406648,-0.035889227179406485,-0.007440853435922746,-0.025200240956414648,-0.5
lewidi_md,gemma,62,GPP-rbf,0,16,0.6839041038745937,0.1506108687174349,0.3192936607048837,0.34635975264407176,0.566895649329408,0.566895649329408,0.4821570813655853,0.19884131848812103,0.11778227051460029,-0.16889440835939004,0.11778227051460029,-0.16889440835939004,0.11195049496805089,-0.15768563294639104,0.11681463709029642,-0.16664063229606668,0.1119504949680509,-0.15768563294639104,0.11681463689633569,-0.1666406326727357,0.1362777956362233,-0.17098744040826716,1.0
lewidi_md,gemma,62,GPP-laplace,0,16,0.6859372152345373,0.15246713321265792,0.3238315124736138,0.35534543326567697,0.6454039908406934,0.6454039908406934,0.439614474773407,0.2529778480529785,-0.010042180441341494,-0.0006929802979406922,-0.01004218044134149,-0.0006929802979406957,-0.010300330146155952,-0.00021512985703682486,-0.010189568410613168,-0.0005523008031394251,-0.010300330146155955,-0.00021512985703682486,-0.01018956799708777,-0.0005523013547693682,-0.009345088121990038,-0.001649989222194735,-1.0
lewidi_md,gemma,62,LPE,0,16,0.6991340000287088,0.15244827250879533,0.3199988657570242,0.32984624859915085,0.5701668302257115,0.5701668302257115,0.5033242702484131,0.14128604531288147,-0.007708575009617205,-0.01865520088286246,-0.00770857500961721,-0.018655200882862464,-0.0035750410033192157,-0.02124869511795666,-0.006503407226729085,-0.01957235461830547,-0.003575041003319221,-0.021248695117956663,-0.006503407513623121,-0.01957235438954004,0.015741884255920872,-0.018330065436846347,-0.5
lewidi_md,gemma,62,LP-temp,0,16,0.7069658672746375,0.1593969290709527,0.3320652763458098,0.34531973922885356,0.49067713444553485,0.49067713444553485,0.680232395657537,,-0.00908074327967268,,-0.009080743279672681,,-0.0038526998147655686,,-0.007551877054932841,,-0.0038526998147655677,,-0.007551877637642791,,-0.019396707946924156,,-0.5
lewidi_md,gemma,62,GPP-cosine,0,64,1.0599142190400528,0.1931402548673405,0.3357042725300279,0.2977266526447044,0.6081125286228328,0.6081125286228328,0.28876328468322754,0.07654842734336853,0.051809647391416566,0.04503254386639758,0.051809647391416566,0.04503254386639757,0.047716291181798404,0.04209271598550422,0.05091894847297507,0.04444646311456131,0.04771629118179841,0.04209271598550424,0.0509189502244864,0.04444646499682754,0.05256991826322094,0.046178906161308084,1.0
lewidi_md,gemma,62,GPP-rbf,0,64,0.6445484532900383,0.128570423253208,0.2802426606108394,0.3112176571617411,0.6843310435067059,0.6843310435067059,0.4451962113380432,0.16286399960517883,0.09721325735889705,-0.07680610458761575,0.09721325735889705,-0.07680610458761575,0.09203296344148137,-0.06984487042735252,0.09630292835125853,-0.07521390731059487,0.09203296344148139,-0.06984487042735252,0.09630292602196092,-0.07521390875907946,0.10872179353383177,-0.0821923681581811,1.0
lewidi_md,gemma,62,GPP-laplace,0,64,0.6644544238429401,0.14332996507849416,0.3065792418502108,0.3471231623280189,0.666993784756297,0.666993784756297,0.43489935994148254,0.2492016851902008,-0.054003068775958424,-0.0473196133716543,-0.05400306877595842,-0.047319613371654294,-0.05219472203043049,-0.04358944682236171,-0.053822820758493095,-0.04650867551513044,-0.0521947220304305,-0.043589446822361703,-0.053822821378526606,-0.04650867638590148,-0.05929771504275794,-0.0458615769573574,-1.0
lewidi_md,gemma,62,LPE,0,64,0.7188446423069462,0.13808962435009972,0.2837307102982647,0.29202237568561196,0.6738632646385345,0.6738632646385345,0.3950929343700409,0.10214070975780487,0.09071733662871818,0.03834713769777135,0.09071733662871818,0.03834713769777136,0.09009809863946636,0.03890211978366071,0.09115059797197826,0.03877884795459273,0.09009809863946636,0.03890211978366071,0.09115059616237696,0.03877884679999645,0.08172231829737989,0.044241705629344104,1.0
lewidi_md,gemma,62,LP-temp,0,64,0.6500039731394034,0.13421777292849071,0.2901332174978687,0.3244301362681587,0.6565260058881256,0.6565260058881256,0.6456606785769651,,0.09322414408208056,,0.09322414408208056,,0.09102646849738455,,0.09319420465979388,,0.09102646849738458,,0.09319420351212385,,0.05917712066862832,,1.0
lewidi_md,gemma,62,GPP-cosine,0,256,1.1329509039264625,0.171761267476598,0.3002267000535438,0.3011423771368381,0.681714098789663,0.681714098789663,0.25239697098731995,0.030965780839323997,0.059541670294737566,0.05152870529022896,0.05954167029473756,0.05152870529022896,0.054229739602359446,0.04556259528379977,0.05833310151818526,0.05006612807803888,0.054229739602359446,0.04556259528379977,0.05833310312824019,0.050066129481345936,0.06183294611189072,0.05569761347129525,1.0
lewidi_md,gemma,62,GPP-rbf,0,256,0.6566320556779329,0.12011179132520418,0.2601485019986904,0.28889246631080734,0.7134445534838076,0.7134445534838076,0.38737794756889343,0.11348655074834824,0.1248739501577933,0.006046156245802358,0.1248739501577933,0.006046156245802363,0.11220345777613244,0.0013306557820932973,0.12187362723535931,0.004652479922728905,0.11220345777613246,0.0013306557820933007,0.12187362289308248,0.004652476292886402,0.12122372426429825,0.002958321257023064,0.5
lewidi_md,gemma,62,GPP-laplace,0,256,0.6558931628392761,0.13415393876112516,0.29175875317408906,0.3133196329606241,0.666993784756297,0.666993784756297,0.39369437098503113,0.22363688051700592,-0.10663782386550269,-0.1038146471420716,-0.10663782386550269,-0.10381464714207159,-0.09769738999305487,-0.09462441941470498,-0.1046477259542706,-0.10172917881415897,-0.09769738999305488,-0.094624419414705,-0.10464772829345295,-0.10172918087532754,-0.1128073631183439,-0.10756534746459749,-1.0
lewidi_md,gemma,62,LPE,0,256,0.7751710918147173,0.13354584719399037,0.26726038514792616,0.2849917601283987,0.7042852469741576,0.7042852469741576,0.25134408473968506,0.15540198981761932,0.12591507499408489,0.07619182905727068,0.12591507499408489,0.07619182905727065,0.11198812203281341,0.06535796277572842,0.12253949674725664,0.07341682712436579,0.11198812203281343,0.06535796277572845,0.12253949403824624,0.07341682435087044,0.11663053192536149,0.07361400476219217,0.5
lewidi_md,gemma,62,LP-temp,0,256,0.6475835566421619,0.12319828019076373,0.2675940193081015,0.29583901746734503,0.6951259404645077,0.6951259404645077,0.5491065535225214,,0.11526406507559855,,0.11526406507559853,,0.10253485080123498,,0.11218001062001817,,0.10253485080123498,,0.11218000899482206,,0.08255462114076355,,0.5
lewidi_md,gemma,62,GPP-cosine,0,1024,0.7786689320332033,0.11467773550102459,0.23292379997205348,0.2480505281761942,0.745829244357213,0.745829244357213,0.289776474237442,0.009611041285097599,0.2942281906591041,0.2482885591075422,0.29422819065910405,0.24828855910754222,0.2892492213521529,0.24532841012729023,0.2947293498422796,0.24908928348263,0.2892492213521529,0.2453284101272903,0.2947293483663111,0.24908928248454582,0.30605205637929334,0.29694508651874374,1.0
lewidi_md,gemma,62,GPP-rbf,0,1024,0.6100439522946256,0.09515632710899842,0.2188436565358835,0.25060589837476194,0.7562970232253844,0.7562970232253844,0.34959712624549866,0.07090907543897629,0.31667495838356974,0.19351005791323111,0.31667495838356974,0.19351005791323111,0.3089302540336143,0.1927679621279363,0.31648823134882387,0.19461040581926542,0.3089302540336143,0.19276796212793632,0.316488228239348,0.19461040309986982,0.30862254102894876,0.20755409726709279,1.0
lewidi_md,gemma,62,GPP-laplace,0,1024,0.6292592484221413,0.1223814238345289,0.272402730565378,0.29964894573672024,0.6696107294733399,0.6696107294733399,0.381638765335083,0.2152746319770813,0.11810970715545074,0.0926679689212588,0.11810970715545074,0.09266796892125878,0.11129755175831074,0.0883675783246395,0.11684594949601093,0.09199427865630007,0.11129755175831077,0.08836757832463948,0.11684594360455774,0.09199427311869303,0.10978943038284894,0.0859198201991796,1.0
lewidi_md,gemma,62,LPE,0,1024,0.7714937844075078,0.10879126908521423,0.2296109277650735,0.25584592862714084,0.7523716061498201,0.7523716061498201,0.11440709978342056,0.2339172661304474,0.2670771001189649,0.22640147271095795,0.2670771001189649,0.22640147271095795,0.2603149438236406,0.22496746835057496,0.26684948852670687,0.2275166627212254,0.2603149438236406,0.22496746835057496,0.26684948771378136,0.22751666152125688,0.2702456281309702,0.23059003074892145,1.0
lewidi_md,gemma,62,LP-temp,0,1024,0.5832663114265729,0.09991719900886609,0.23219584017886827,0.27505211286018316,0.7389597644749755,0.7389597644749755,0.5406202200333478,,0.26174068046278565,,0.26174068046278565,,0.2557735216364186,,0.261718445492813,,0.2557735216364186,,0.26171844500103586,,0.2360614515702709,,1.0
lewidi_md,gemma,62,GPP-cosine,1,16,0.8775379996094441,0.18087106994415023,0.33799378447438977,0.30427291396498274,0.5799803729146222,0.5799803729146222,0.3295188844203949,0.14037595689296722,0.016530059323283927,0.016523046733512684,0.016530059323283927,0.01652304673351268,0.01613623182637082,0.01563096828220384,0.01652348876372756,0.016364790684182517,0.01613623182637082,0.015630968282203842,0.016523489558714598,0.016364791805665694,0.013419650540235173,0.012182311583343925,1.0
lewidi_md,gemma,62,GPP-rbf,1,16,0.7181418391692068,0.14519351559364033,0.29898590237721145,0.28793533868452054,0.666993784756297,0.666993784756297,0.3641444146633148,0.14640672504901886,-0.07931991282263376,-0.14156278616514645,-0.07931991282263376,-0.1415627861651464,-0.07660516004699432,-0.13360626805028347,-0.07903731549646834,-0.1401114865053263,-0.07660516004699433,-0.1336062680502835,-0.07903731662238936,-0.14011148703571621,-0.07845263042899031,-0.1384896032666642,-1.0
lewidi_md,gemma,62,GPP-laplace,1,16,0.668632589366181,0.14511179461438736,0.30979166634680594,0.3486757006283083,0.666993784756297,0.666993784756297,0.43538928031921387,0.2504863739013672,-0.06941894507203199,-0.03928754375894459,-0.06941894507203197,-0.039287543758944596,-0.06577641173376758,-0.035671040181845574,-0.06878613246176231,-0.03845615124784132,-0.06577641173376758,-0.035671040181845574,-0.06878613245784629,-0.03845615182319595,-0.06868396489481213,-0.03699323329204464,-1.0
lewidi_md,gemma,62,LPE,1,16,0.8861927139755066,0.17114458501444388,0.3168904153601348,0.29078071573036335,0.6679751390251881,0.6679751390251881,0.27943116426467896,0.059039175510406494,0.0037647195213102256,-0.026861965930898374,0.003764719521310217,-0.026861965930898367,-0.0005749713051485042,-0.02960095877484821,0.0024697813621064983,-0.027879644671633952,-0.0005749713051485059,-0.029600958774848214,0.002469779948328702,-0.02787964590667249,0.0036248956903843868,-0.00998883625061853,-0.5
lewidi_md,gemma,62,LP-temp,1,16,0.6752639690881631,0.13567668339285124,0.28859377398582176,0.29316195520490146,0.6647039581288845,0.6647039581288845,0.5647732512246456,,0.009586422987576285,,0.009586422987576284,,0.0038509217049967175,,0.007906582933640154,,0.003850921704996719,,0.007906581654443008,,0.0039179282801107594,,0.5
lewidi_md,gemma,62,GPP-cosine,1,64,1.1743611626918922,0.2248843295437215,0.37629116979966915,0.3121252324845778,0.558717697088649,0.558717697088649,0.2947295308113098,0.08052454888820648,-0.010638712339432657,-0.02138772960452519,-0.010638712339432659,-0.021387729604525188,-0.00769354141230307,-0.01899227857652669,-0.009815291671746478,-0.020805277441256834,-0.007693541412303065,-0.018992278576526696,-0.009815291124326518,-0.020805276804165412,-0.004961311144506276,-0.015216887641729874,-0.5
lewidi_md,gemma,62,GPP-rbf,1,64,0.6740625260059593,0.1436957740661241,0.30493411740686016,0.32882628941493425,0.6156362446843311,0.6156362446843311,0.4764255881309509,0.17258602380752563,0.12364064061929703,-0.10059490230599698,0.12364064061929703,-0.10059490230599698,0.11392554076096577,-0.09494911657374842,0.121531307949611,-0.09956608144760375,0.11392554076096577,-0.09494911657374844,0.12153130654784808,-0.09956608212478257,0.13579768946111656,-0.11377109165895959,1.0
lewidi_md,gemma,62,GPP-laplace,1,64,0.6808747339298081,0.15040195659926123,0.3203854026052934,0.3545144564621437,0.6581615963362774,0.6581615963362774,0.43984049558639526,0.2519121468067169,0.00787836771481765,-0.012802575473695002,0.007878367714817654,-0.012802575473695,0.005901291284264393,-0.011422815829766864,0.007330658734068357,-0.012470401006429297,0.005901291284264396,-0.011422815829766862,0.007330658766741997,-0.012470401673008287,0.0048324348706618924,-0.012467879122127804,0.5
lewidi_md,gemma,62,LPE,1,64,0.756799277283314,0.16090228613930457,0.3194479698468808,0.3014813381789436,0.5904481517827936,0.5904481517827936,0.44357651472091675,0.11504550278186798,0.10070296386142506,-0.016143149050017975,0.10070296386142503,-0.01614314905001798,0.09110731345441588,-0.016178547099589744,0.09847278387972339,-0.016264557123388954,0.09110731345441589,-0.016178547099589744,0.09847278319361628,-0.01626455755079153,0.09392411027611369,-0.013130681695794425,0.5
lewidi_md,gemma,62,LP-temp,1,64,0.7277627771406006,0.157886625703501,0.3201892352716994,0.31102150459126066,0.5737651292116454,0.5737651292116454,0.6030362201149855,,0.07883318052032388,,0.07883318052032387,,0.07101872101423659,,0.07699520540734843,,0.07101872101423662,,0.07699520522862255,,0.05604454740272878,,0.5
lewidi_md,gemma,62,GPP-cosine,1,256,1.150193083891292,0.16482840244791136,0.28979647848970996,0.28819993230205065,0.6866208701341184,0.6866208701341184,0.23831355571746826,0.029972929507493973,0.12210480578835148,0.10583685156073458,0.12210480578835148,0.10583685156073458,0.1210661918024724,0.10400161582267564,0.12262554455246202,0.10600365649894167,0.12106619180247243,0.10400161582267566,0.12262554614094895,0.10600365787408034,0.14005794089855964,0.13927509481936,1.0
lewidi_md,gemma,62,GPP-rbf,1,256,0.6739463827246205,0.12376859954148718,0.26516342811771,0.28640218660154065,0.7052666012430487,0.7052666012430487,0.37645062804222107,0.10671773552894592,0.1294620314293646,0.018158741737767013,0.1294620314293646,0.018158741737767013,0.12171419432737973,0.017688204077096453,0.12799131063099292,0.018139987218772833,0.12171419432737975,0.017688204077096453,0.1279913066933276,0.018139984052469586,0.12309312965019512,0.020328344293803514,1.0
lewidi_md,gemma,62,GPP-laplace,1,256,0.664551977266809,0.13544276857671278,0.2923406295461283,0.30594576851586014,0.666993784756297,0.666993784756297,0.380665123462677,0.21580033004283905,-0.12204840742708492,-0.1198606999761572,-0.12204840742708492,-0.1198606999761572,-0.11686646499761688,-0.11391198010213602,-0.12130778130216974,-0.1188717200335268,-0.11686646499761688,-0.11391198010213602,-0.12130778334703543,-0.1188717218760405,-0.1317620501565574,-0.12519579925697435,-1.0
lewidi_md,gemma,62,LPE,1,256,0.7905670452615137,0.1362101790777651,0.27074327537861037,0.28171868922281557,0.7003598298985934,0.7003598298985934,0.24219730496406555,0.16079454123973846,0.15069217372469518,0.08382105572699425,0.15069217372469518,0.08382105572699425,0.14070868740096756,0.07768059091750888,0.14868655475470538,0.08252672704557991,0.1407086874009676,0.07768059091750888,0.1486865517794852,0.08252672479800982,0.14280773648812295,0.08347267622426402,1.0
lewidi_md,gemma,62,LP-temp,1,256,0.6456249516454668,0.12551753928403966,0.2725476326805186,0.2996800445289589,0.6719005561007524,0.6719005561007524,0.5791094838454465,,0.1446243536557231,,0.1446243536557231,,0.1369524951055706,,0.14328066920537683,,0.1369524951055706,,0.1432806678756319,,0.12400990206006736,,1.0
lewidi_md,gemma,62,GPP-cosine,1,1024,0.7314001170220102,0.10752345671367472,0.22637736846022147,0.24812421448418961,0.7451750081779522,0.7451750081779522,0.31744664907455444,0.010572981089353561,0.2911150501584338,0.24706198490454512,0.2911150501584338,0.24706198490454512,0.28466806494967517,0.24210656374636397,0.29114809864612684,0.24724706303592867,0.2846680649496752,0.24210656374636397,0.291148097252808,0.24724706238024938,0.2949876005829956,0.2814578631540142,1.0
lewidi_md,gemma,62,GPP-rbf,1,1024,0.6049892167166911,0.09496627875064848,0.2196373326350338,0.25352171711087057,0.7523716061498201,0.7523716061498201,0.36358311772346497,0.0713716670870781,0.30316526552259604,0.18053757390302794,0.30316526552259604,0.18053757390302794,0.2943937806226868,0.17943698520843854,0.30257346165487925,0.181439912973984,0.2943937806226868,0.17943698520843854,0.3025734576040728,0.1814399095264578,0.2981413519553659,0.1954077308341164,1.0
lewidi_md,gemma,62,GPP-laplace,1,1024,0.6354975909292359,0.1242824248844464,0.27514184389530266,0.29832403073312874,0.6679751390251881,0.6679751390251881,0.37815341353416443,0.21295730769634247,0.0815255224709637,0.0570519639311608,0.0815255224709637,0.0570519639311608,0.07631449014267772,0.05417320398882784,0.08049832462582493,0.05656684215298787,0.07631449014267772,0.05417320398882784,0.08049831893552817,0.05656683679591922,0.08048912600318582,0.05635058240994376,1.0
lewidi_md,gemma,62,LPE,1,1024,0.7199489802873517,0.10549169868078678,0.22892149780756652,0.2617555707131124,0.7461563624468434,0.7461563624468434,0.1123020350933075,0.27143892645835876,0.254041959365242,0.2069394872258863,0.254041959365242,0.2069394872258863,0.2466379485388575,0.20505393141284792,0.25352967140284044,0.20778387202814713,0.2466379485388575,0.20505393141284792,0.25352966972601404,0.2077838704280405,0.25331747499424845,0.20586082426223934,1.0
lewidi_md,gemma,62,LP-temp,1,1024,0.5874387003494126,0.1095249211763525,0.25103605384026967,0.3119309647768724,0.7379784102060843,0.7379784102060843,0.6334586691885068,,0.2595969660893677,,0.25959696608936766,,0.2509529185769616,,0.2587453565656762,,0.25095291857696167,,0.25874535598522236,,0.24941033877664787,,1.0
lewidi_md,gemma,62,GPP-cosine,2,16,0.9798447727117738,0.20883150896696956,0.3717357939684228,0.304908556417153,0.529277069021917,0.529277069021917,0.3526013195514679,0.14329838752746582,0.026442592207332253,0.04068693580680055,0.026442592207332236,0.04068693580680055,0.016589675452019042,0.028820850226143044,0.023625181767461388,0.037354460464276464,0.01658967545201905,0.028820850226143058,0.02362518055811319,0.0373544594111837,0.019907220917408923,0.033509747574681475,0.5
lewidi_md,gemma,62,GPP-rbf,2,16,0.7157894673115895,0.14682796668054227,0.302247462750924,0.2941151009395207,0.666993784756297,0.666993784756297,0.37177249789237976,0.1653662770986557,-0.0990292651692872,-0.1416069035325836,-0.09902926516928719,-0.1416069035325836,-0.08853499365750922,-0.12977545591275913,-0.09651412883524027,-0.13897661224560512,-0.0885349936575092,-0.12977545591275913,-0.09651412859775635,-0.13897661202033862,-0.10294857945192336,-0.14446793877791594,-0.5
lewidi_md,gemma,62,GPP-laplace,2,16,0.6727497086813776,0.14685015260876852,0.3130467232118099,0.35014420966250914,0.6650310762185149,0.6650310762185149,0.436180979013443,0.2511276304721832,-0.06724565325295544,-0.036506117536575226,-0.06724565325295545,-0.036506117536575226,-0.06308235333209289,-0.03240021598570048,-0.066439456435289,-0.03550671975080852,-0.06308235333209289,-0.03240021598570048,-0.06643945606766767,-0.035506720111300676,-0.06859835390452224,-0.03334612976266824,-1.0
lewidi_md,gemma,62,LPE,2,16,0.9953086849360114,0.18819486456877024,0.3292760286644853,0.299791183623968,0.666993784756297,0.666993784756297,0.22793513536453247,0.06333381682634354,-0.025336354071498476,-0.0474019358290919,-0.02533635407149848,-0.0474019358290919,-0.017743067893493884,-0.03935812932073942,-0.02319905693253978,-0.04527875127346246,-0.017743067893493884,-0.03935812932073943,-0.023199056487139512,-0.04527875113728359,-0.019167665334807,-0.038912004766509,-0.5
lewidi_md,gemma,62,LP-temp,2,16,0.6746519623129191,0.13891543836299666,0.2951864382550348,0.3048526282920176,0.6653581943081452,0.6653581943081452,0.6009763658092602,,-0.0027353276491987946,,-0.0027353276491987885,,0.0031456996134567065,,-0.0009642451723638522,,0.003145699613456699,,-0.0009642446316370573,,-0.014406117651030293,,0.5
lewidi_md,gemma,62,GPP-cosine,2,64,1.2109532791422581,0.2165154714054465,0.3587016197805374,0.3149043102048131,0.6025515210991168,0.6025515210991168,0.25974711775779724,0.06955893337726593,-0.01928011325811573,-0.03298512988095576,-0.019280113258115735,-0.03298512988095576,-0.017849986714813096,-0.031362374771717175,-0.018977003149335408,-0.03271732091175675,-0.017849986714813092,-0.03136237477171719,-0.018977002534692804,-0.032717320345958624,-0.014611880533277902,-0.025287812758843536,-1.0
lewidi_md,gemma,62,GPP-rbf,2,64,0.6411108616767065,0.13090106515925307,0.28517578857852466,0.32678906560298987,0.6774615636244684,0.6774615636244684,0.470504492521286,0.17161977291107178,0.07771973255027789,-0.12741108076868596,0.07771973255027789,-0.12741108076868596,0.0715908573291353,-0.12050788351377992,0.07638711638389617,-0.12618336127769972,0.0715908573291353,-0.12050788351377992,0.07638711421232985,-0.12618336255459214,0.09119568096053587,-0.1292761996939997,1.0
lewidi_md,gemma,62,GPP-laplace,2,64,0.6785466053067273,0.14951894777278807,0.31867844601170003,0.3545800652943442,0.6804056264311417,0.6804056264311417,0.4397551119327545,0.25207188725471497,-0.0010917778154448665,-0.013534813048689986,-0.0010917778154448596,-0.013534813048689984,-0.0016924355887349037,-0.01191315398587691,-0.0012820640444834198,-0.013134037339721315,-0.0016924355887349037,-0.011913153985876907,-0.0012820642713198133,-0.013134038194526267,-0.0008593765239638017,-0.012798206735409285,-0.5
lewidi_md,gemma,62,LPE,2,64,0.6904973834721135,0.13691617186316407,0.28525061123737244,0.30199296365303363,0.6633954857703631,0.6633954857703631,0.44253095984458923,0.10156328231096268,0.0635409136246652,-0.003152991249679383,0.06354091362466519,-0.0031529912496793856,0.05867660019235053,-0.00833699520115755,0.06249598075963241,-0.004752296879508471,0.05867660019235054,-0.008336995201157547,0.06249597956539005,-0.004752297986894097,0.05729204073431563,-0.004046938391485556,1.0
lewidi_md,gemma,62,LP-temp,2,64,0.6488932299327046,0.13324468135777903,0.28739552627983245,0.3227465030691548,0.6601243048740595,0.6601243048740595,0.6370920816078093,,0.07036452891816332,,0.07036452891816333,,0.06277866585507849,,0.06853808588187321,,0.06277866585507852,,0.0685380847170102,,0.051376266043813124,,0.5
lewidi_md,gemma,62,GPP-cosine,2,256,1.0642320761645436,0.16190023996148745,0.28826419070173775,0.2839996404956815,0.6833496892378148,0.6833496892378148,0.25409379601478577,0.03262026607990265,0.13844868935953297,0.1159222049246443,0.13844868935953297,0.1159222049246443,0.1424875802683635,0.12198907464855935,0.14062672401546547,0.1185630511328648,0.1424875802683635,0.12198907464855938,0.14062672531235965,0.11856305250427601,0.15405176771301632,0.1503510858160411,1.0
lewidi_md,gemma,62,GPP-rbf,2,256,0.6859220307209131,0.12681682734958347,0.26961280654856584,0.2862345545309224,0.6967615309126595,0.6967615309126595,0.36923733353614807,0.10705918073654175,0.1287255898825168,0.014608642098237768,0.1287255898825168,0.01460864209823777,0.12201434274807016,0.015208613829943792,0.1275652972124211,0.014891355673910502,0.12201434274807016,0.015208613829943794,0.12756529361075097,0.014891352750875348,0.12392066369386426,0.015463715823876125,1.0
lewidi_md,gemma,62,GPP-laplace,2,256,0.6732611750494764,0.13721175970142008,0.29363021328143524,0.30109877075103764,0.666993784756297,0.666993784756297,0.3715197443962097,0.2107260376214981,-0.11992983464615929,-0.1185224056914104,-0.1199298346461593,-0.11852240569141041,-0.11310563940677447,-0.11118481989805562,-0.11867488680330675,-0.11710156720298641,-0.11310563940677448,-0.11118481989805563,-0.11867488825101093,-0.11710156851860304,-0.1332871577954176,-0.1304824072713592,-1.0
lewidi_md,gemma,62,LPE,2,256,0.7835675119524123,0.13694681888697427,0.2729599823000419,0.282350553977064,0.6921818776578345,0.6921818776578345,0.24391873180866241,0.16279754042625427,0.15054424409322276,0.08160274667797146,0.15054424409322276,0.08160274667797146,0.14843015598386242,0.08151784088781258,0.1509325797638137,0.08213616069739485,0.14843015598386242,0.08151784088781258,0.150932577729537,0.0821361584625302,0.14919940731970097,0.0852940696442362,1.0
lewidi_md,gemma,62,LP-temp,2,256,0.6505391526488881,0.12844973332299137,0.2775657177762203,0.3019945783653846,0.6673209028459274,0.6673209028459274,0.5883280419841902,,0.12431271271930192,,0.12431271271930192,,0.12704606717628456,,0.12599654196224258,,0.12704606717628458,,0.12599654091355295,,0.12504926549153486,,1.0
lewidi_md,gemma,62,GPP-cosine,2,1024,0.7744674365919706,0.11254026136318832,0.22964012916904553,0.25748515786553483,0.7657834478246647,0.7657834478246647,0.30402642488479614,0.009617256000638008,0.24652143975388074,0.22255225938916434,0.24652143975388074,0.22255225938916434,0.24257564337096257,0.2183423538548243,0.24701008199270913,0.22279625301451625,0.24257564337096257,0.2183423538548243,0.247010081426135,0.22279625262945457,0.25684780637599136,0.2637282600508028,1.0
lewidi_md,gemma,62,GPP-rbf,2,1024,0.6069066094514405,0.0949476503400156,0.2158202695756154,0.25697115885596566,0.7801766437684003,0.7801766437684003,0.36364006996154785,0.07070372998714447,0.275015382925611,0.15781122577978085,0.275015382925611,0.15781122577978085,0.2694490333303109,0.1576158856571911,0.2752061065338355,0.15883331553856345,0.26944903333031095,0.1576158856571911,0.2752061040532278,0.15883331345277302,0.27098169876202355,0.16892535674382345,1.0
lewidi_md,gemma,62,GPP-laplace,2,1024,0.6287790325656909,0.1230255204474398,0.27421487072079953,0.3046856032038708,0.6699378475629703,0.6699378475629703,0.3872898519039154,0.21815899014472961,0.07763455236740816,0.05286523089908159,0.07763455236740816,0.0528652308990816,0.07370306154020514,0.05169961774501501,0.07697010322444961,0.05287279405087536,0.07370306154020514,0.05169961774501501,0.0769700970446709,0.05287278831246921,0.07099113138465184,0.048729966890202155,1.0
lewidi_md,gemma,62,LPE,2,1024,0.7739847941004361,0.11134518732849412,0.2329121898501359,0.26449964533024883,0.7543343146876023,0.7543343146876023,0.11199349910020828,0.2528018355369568,0.23542037877622896,0.19238152753165844,0.23542037877622896,0.19238152753165844,0.2341271795742455,0.19533691768165237,0.2366402312963073,0.19459943209469038,0.2341271795742455,0.1953369176816524,0.23664023132420448,0.19459943197524177,0.2417278309304639,0.19703113750164233,1.0
lewidi_md,gemma,62,LP-temp,2,1024,0.5863202948801073,0.10691278286878998,0.24423526050246838,0.2990424480329341,0.7324174026823683,0.7324174026823683,0.6044012010504847,,0.23304355466590748,,0.23304355466590745,,0.22955782431168373,,0.23357984415753547,,0.22955782431168376,,0.23357984484168046,,0.2237161881599569,,1.0
lewidi_md,gemma,62,GPP-cosine,3,16,1.0264639106485107,0.20170564367513788,0.3532198832491221,0.29826862343493904,0.5708210664049722,0.5708210664049722,0.2969747483730316,0.12331703305244446,0.05132749357880562,0.04792902076800227,0.051327493578805616,0.047929020768002276,0.047323174794560746,0.04290933223522144,0.05046058788218341,0.046729806975656096,0.04732317479456076,0.04290933223522144,0.05046058793565335,0.04672980694012476,0.05300460372428308,0.04516526373031104,1.0
lewidi_md,gemma,62,GPP-rbf,3,16,0.6595102316275383,0.13655790326489817,0.29438344929288096,0.31953890893503045,0.6656853123977756,0.6656853123977756,0.44673481583595276,0.18367141485214233,0.03488682533386481,-0.13396709862256337,0.0348868253338648,-0.13396709862256337,0.03309243504090669,-0.1252860316974287,0.0345798140359122,-0.1322432340709509,0.03309243504090669,-0.12528603169742872,0.034579812588123884,-0.13224323461055015,0.043792568621117675,-0.1335779841285807,1.0
lewidi_md,gemma,62,GPP-laplace,3,16,0.6817754868121431,0.1507854138687863,0.32099520860103986,0.3547531127046395,0.6643768400392541,0.6643768400392541,0.4392671287059784,0.25273290276527405,-0.01577508777729224,-0.002195644913380968,-0.015775087777292238,-0.0021956449133809716,-0.01590012067705281,-0.0015246216613387896,-0.015921252811362616,-0.002006473631918356,-0.01590012067705281,-0.0015246216613387896,-0.01592125252250838,-0.002006474207541867,-0.01421549491247989,-0.002708585916288282,-1.0
lewidi_md,gemma,62,LPE,3,16,0.7274924753660668,0.14552349290916491,0.29611160570075007,0.29005326348264066,0.6683022571148185,0.6683022571148185,0.40385931730270386,0.10134312510490417,0.030508287059627267,-0.012413817970986687,0.030508287059627263,-0.01241381797098668,0.02972009507836833,-0.008799369464304346,0.03047749385592109,-0.011398875185583902,0.029720095078368328,-0.008799369464304343,0.030477493057862067,-0.011398876952832279,0.02263012220235998,-0.004615099426776092,1.0
lewidi_md,gemma,62,LP-temp,3,16,0.670266604537052,0.13993585154019617,0.2974565711975042,0.3177802760855147,0.6401701014066078,0.6401701014066078,0.6264579699889898,,0.038145827517122206,,0.038145827517122206,,0.03672078822402691,,0.03797355946880751,,0.03672078822402692,,0.03797355879072846,,0.02900731881015572,,1.0
lewidi_md,gemma,62,GPP-cosine,3,64,1.0102763965439026,0.17423870797476326,0.31353818435471353,0.29721125729910597,0.6404972194962382,0.6404972194962382,0.28124743700027466,0.07669290155172348,0.07178139020720636,0.035477524322852026,0.07178139020720636,0.03547752432285203,0.0728471131322355,0.03729704250644842,0.07259767652017332,0.03627441628578767,0.07284711313223552,0.03729704250644842,0.07259767869800407,0.0362744189376071,0.07269724850633447,0.041965764610863106,1.0
lewidi_md,gemma,62,GPP-rbf,3,64,0.7053085042032616,0.13911040369149655,0.2902082157295988,0.2895046944840667,0.6686293752044488,0.6686293752044488,0.3719605505466461,0.1325882226228714,0.05283611390948417,-0.06153733625631476,0.052836113909484166,-0.06153733625631476,0.035729652409524616,-0.06593614993840874,0.04799204822331372,-0.06329780729305856,0.035729652409524616,-0.06593614993840874,0.0479920453208251,-0.06329780917327373,0.03959530229834719,-0.061486340421666445,0.5
lewidi_md,gemma,62,GPP-laplace,3,64,0.6598733211195776,0.1378405095569565,0.29732098468903195,0.32487242737852856,0.666993784756297,0.666993784756297,0.40840575098991394,0.23371858894824982,-0.10692196345160632,-0.10040003185145258,-0.1069219634516063,-0.10040003185145258,-0.10171783560634101,-0.09473124912994726,-0.1060709182401103,-0.09936287658135783,-0.10171783560634101,-0.09473124912994726,-0.10607091880535419,-0.09936287719738755,-0.14912703153240398,-0.12541293828064828,-1.0
lewidi_md,gemma,62,LPE,3,64,0.8947138988684974,0.16336282124991172,0.3024068241782243,0.2881074801522328,0.6745175008177953,0.6745175008177953,0.2651909589767456,0.07375875860452652,0.08601072725938877,0.03336017012196632,0.08601072725938876,0.03336017012196631,0.06843279938532484,0.019389017351230692,0.08125053380519452,0.02933682668209006,0.06843279938532486,0.019389017351230692,0.08125053107706659,0.02933682401815591,0.07369496352285,0.03893275750673431,0.5
lewidi_md,gemma,62,LP-temp,3,64,0.654945974993354,0.13917878195960162,0.30092155283485433,0.34419680129978797,0.6575073601570167,0.6575073601570167,0.6796043496341299,,0.08937133033414313,,0.08937133033414311,,0.07678464094500931,,0.08615319921207884,,0.07678464094500931,,0.08615319748429065,,0.08122213885226406,,0.5
lewidi_md,gemma,62,GPP-cosine,3,256,1.0976375661235276,0.17540143811688394,0.3050442097856534,0.2855753011313703,0.6686293752044488,0.6686293752044488,0.2506733536720276,0.0314038023352623,0.12814872908668196,0.1048830404901884,0.12814872908668196,0.10488304049018841,0.1195912339317396,0.09650083305930585,0.12642259683496723,0.10305080672857107,0.1195912339317396,0.09650083305930585,0.12642259749923962,0.10305080747206814,0.13790943564793195,0.1304243226800929,1.0
lewidi_md,gemma,62,GPP-rbf,3,256,0.6458815290520016,0.12004543315589404,0.26202186408791156,0.2882570733434487,0.6997055937193327,0.6997055937193327,0.4068576395511627,0.12100096791982651,0.15983389946096735,0.015318195533875163,0.15983389946096738,0.015318195533875154,0.15324937194166272,0.018379436656347843,0.1589253694738913,0.01635483335954322,0.15324937194166272,0.01837943665634784,0.15892536652664224,0.01635483097610605,0.15809934397989284,0.0067953460822532995,1.0
lewidi_md,gemma,62,GPP-laplace,3,256,0.6523287668809009,0.13443393730870323,0.2923987046064487,0.3211523807438698,0.666993784756297,0.666993784756297,0.4053497910499573,0.23052190244197845,-0.07528583444185466,-0.07927232202247747,-0.07528583444185463,-0.07927232202247747,-0.06995980774830328,-0.07306691690445338,-0.07418087635259943,-0.07792705526553478,-0.06995980774830328,-0.0730669169044534,-0.07418087798056279,-0.07792705676691442,-0.10213027330906463,-0.09871631643464938,-1.0
lewidi_md,gemma,62,LPE,3,256,0.7492816433264685,0.13409933630546603,0.2733048811451539,0.2841676133270375,0.6905462872096827,0.6905462872096827,0.2562952935695648,0.18006645143032074,0.1524752519126909,0.05350604122049718,0.1524752519126909,0.05350604122049718,0.14703083364011454,0.05417116906658152,0.15186327059684235,0.054075162825667135,0.14703083364011454,0.05417116906658152,0.1518632686791827,0.054075160797305705,0.14496541465408785,0.050705971588077034,1.0
lewidi_md,gemma,62,LP-temp,3,256,0.6458194676399213,0.12875864376595655,0.27944350718100486,0.30824253103450683,0.6663395485770363,0.6663395485770363,0.6063755060362025,,0.12047640300362543,,0.12047640300362543,,0.11575856308247717,,0.11986624805330444,,0.11575856308247717,,0.11986624691567233,,0.09674934242133021,,1.0
lewidi_md,gemma,62,GPP-cosine,3,1024,0.7761322031756541,0.11831379734628086,0.24067275161616233,0.2552931295081202,0.7379784102060843,0.7379784102060843,0.3106499910354614,0.010380077175796032,0.26281981875588045,0.2186474975331703,0.26281981875588045,0.2186474975331703,0.256332156910543,0.21332348438368753,0.2626465699136812,0.21852566344455676,0.25633215691054306,0.21332348438368753,0.26264656912004025,0.21852566300105408,0.2721881903372157,0.2609717694916664,1.0
lewidi_md,gemma,62,GPP-rbf,3,1024,0.6217366903882976,0.10093439610196252,0.22834708554943106,0.25901474229275884,0.7441936539090612,0.7441936539090612,0.36981502175331116,0.07464130222797394,0.28678041068533766,0.13906837814074435,0.28678041068533766,0.13906837814074435,0.2786505491882819,0.13817512886358682,0.2862715865918595,0.13974961484098583,0.2786505491882819,0.1381751288635868,0.2862715843500476,0.1397496131934155,0.2812346556718215,0.15261450555014044,1.0
lewidi_md,gemma,62,GPP-laplace,3,1024,0.6425958253202627,0.1263272576594557,0.2777931634818061,0.2966247521053391,0.6673209028459274,0.6673209028459274,0.37404903769493103,0.2107459157705307,0.06314673686870545,0.04018897000108772,0.06314673686870545,0.040188970001087704,0.0596028649067567,0.03881433648786903,0.0625009650158826,0.04004604484203028,0.05960286490675671,0.03881433648786903,0.06250096030051412,0.040046040581505064,0.05159666828822963,0.027446584228029626,1.0
lewidi_md,gemma,62,LPE,3,1024,0.7390281623240885,0.11553916325820779,0.24479399542628066,0.2674022051271835,0.7255479228001308,0.7255479228001308,0.11147364228963852,0.29877299070358276,0.2304485275142936,0.17585748944603985,0.23044852751429362,0.17585748944603985,0.22808557071352273,0.17317721155514024,0.23130873661716925,0.17624699237647143,0.22808557071352273,0.17317721155514026,0.2313087364390165,0.17624699244580444,0.23243442613050053,0.16870662871207937,1.0
lewidi_md,gemma,62,LP-temp,3,1024,0.6031750475815,0.11596603953803086,0.26149418280413605,0.3174024366277177,0.7216225057245665,0.7216225057245665,0.6411822197840883,,0.22906806331081936,,0.22906806331081936,,0.22570892260239003,,0.22961563349575997,,0.22570892260239006,,0.2296156341137711,,0.2281120825446361,,1.0
lewidi_md,gemma,62,GPP-cosine,4,16,0.9213917319171366,0.1919344691505422,0.35237775861898285,0.31087618076368917,0.5557736342819758,0.5557736342819758,0.3314109742641449,0.13763129711151123,-0.01989299831570511,-0.027739508367185667,-0.01989299831570511,-0.027739508367185656,-0.008661073699345666,-0.017301068624543618,-0.016611014537185744,-0.02475278842590663,-0.00866107369934567,-0.017301068624543614,-0.01661101338590776,-0.024752787178116006,-0.014868605068593157,-0.02508674329090916,-0.5
lewidi_md,gemma,62,GPP-rbf,4,16,0.6758564545934143,0.13813374352581512,0.29494169299052964,0.3036039222885195,0.6650310762185149,0.6650310762185149,0.4184277355670929,0.16958986222743988,0.023360893322919726,-0.10903592156789646,0.02336089332291972,-0.10903592156789646,0.012100970060989464,-0.10680188937109775,0.020094155235556035,-0.10910328142998973,0.012100970060989473,-0.10680188937109775,0.02009415515690092,-0.10910328136819747,0.012543352686923604,-0.11748519889243228,0.5
lewidi_md,gemma,62,GPP-laplace,4,16,0.6755870563397752,0.1481763041975366,0.31638013093318273,0.35274214243990326,0.666012430487406,0.666012430487406,0.43803372979164124,0.2519550025463104,-0.029950756577015285,-0.013454763075861298,-0.02995075657701528,-0.013454763075861296,-0.03148960439985498,-0.013048888595054969,-0.03062435246153723,-0.0134234499860456,-0.03148960439985499,-0.013048888595054972,-0.03062435208505987,-0.01342345044566555,-0.032011136968545635,-0.01351329503602312,-1.0
lewidi_md,gemma,62,LPE,4,16,0.8155556857050695,0.15949802728872578,0.3070323731674696,0.282634479821407,0.6650310762185149,0.6650310762185149,0.3413553237915039,0.07246195524930954,0.04616529577359089,0.03575685424923817,0.04616529577359088,0.03575685424923816,0.03402329218081172,0.024820826892035387,0.042786392944118144,0.03267364463428778,0.034023292180811716,0.024820826892035387,0.04278639289182727,0.032673645031410244,0.03356310787807427,0.019140478577027387,0.5
lewidi_md,gemma,62,LP-temp,4,16,0.7006778130372693,0.14200817473680274,0.29699778159425666,0.29652141097440815,0.6450768727510632,0.6450768727510632,0.5547665070388094,,0.05379511045884048,,0.05379511045884049,,0.04258785666995023,,0.050752978865607236,,0.04258785666995024,,0.05075297889447404,,0.03666172383131779,,0.5
lewidi_md,gemma,62,GPP-cosine,4,64,1.180106952554897,0.20705955431742998,0.3493732294120695,0.30311512548021763,0.5924108603205758,0.5924108603205758,0.2742117643356323,0.07413221895694733,0.02964012718403609,0.028665372421215543,0.029640127184036094,0.028665372421215553,0.03406061021424373,0.031408449057229545,0.03118858953187978,0.02969665344152769,0.034060610214243725,0.03140844905722954,0.031188590578316588,0.029696654647775197,0.03603089251512562,0.03492033699154656,1.0
lewidi_md,gemma,62,GPP-rbf,4,64,0.6478411718356417,0.13041786598021854,0.2840568486712008,0.31407613514103283,0.6689564932940791,0.6689564932940791,0.44818589091300964,0.16646452248096466,0.10061973114246,-0.07132815701641726,0.10061973114246002,-0.07132815701641726,0.10099204346557625,-0.06040208851019688,0.10142262519961118,-0.06849176174052098,0.10099204346557625,-0.06040208851019689,0.10142262398380646,-0.0684917623785288,0.11666977609673154,-0.07887820629296091,1.0
lewidi_md,gemma,62,GPP-laplace,4,64,0.6629343624007481,0.1423733006596852,0.30436591842291905,0.34389513935510946,0.6673209028459274,0.6673209028459274,0.43215498328208923,0.24762322008609772,-0.06668681839292755,-0.05816604274529727,-0.06668681839292753,-0.058166042745297256,-0.062486502178718525,-0.05292918410020139,-0.06586552615156513,-0.05697089366450642,-0.062486502178718525,-0.05292918410020139,-0.06586552658392829,-0.05697089433789078,-0.08766273573261672,-0.06627939163107482,-1.0
lewidi_md,gemma,62,LPE,4,64,0.73770313840751,0.13987085455080306,0.28456414687168646,0.28895936192655414,0.666012430487406,0.666012430487406,0.3611081838607788,0.11020719259977341,0.10363986662163588,0.04266163513579997,0.10363986662163588,0.04266163513579997,0.10408972648963091,0.04544933897945463,0.10448705957744622,0.04380241960996126,0.10408972648963091,0.045449338979454634,0.10448705873601244,0.04380241812215298,0.09995633578444951,0.04860710538057499,1.0
lewidi_md,gemma,62,LP-temp,4,64,0.6574246542298092,0.13992771803805962,0.3019004316297943,0.3422627728080019,0.643114164213281,0.643114164213281,0.6773435906509129,,0.1075084305549732,,0.1075084305549732,,0.10993263214441912,,0.10898300633618667,,0.10993263214441912,,0.10898300605924195,,0.0852122892634922,,1.0
lewidi_md,gemma,62,GPP-cosine,4,256,1.0376707061758959,0.16383787488061827,0.2930701574352578,0.2902518358931184,0.6859666339548577,0.6859666339548577,0.2641966938972473,0.03324872627854347,0.10392403788646837,0.08716786384398967,0.10392403788646837,0.08716786384398967,0.0967688867095278,0.07981044372093592,0.10245867336687911,0.08552610456133164,0.0967688867095278,0.07981044372093592,0.10245867380812337,0.08552610500675371,0.11460543010864452,0.11055747659482186,1.0
lewidi_md,gemma,62,GPP-rbf,4,256,0.6781080566401706,0.12336528504072158,0.26369787688925495,0.28202329225994843,0.6993784756297023,0.6993784756297023,0.36777815222740173,0.10800189524888992,0.15061111003464211,0.038852507036925985,0.15061111003464211,0.038852507036925985,0.14108099355643833,0.035853180999082815,0.14874291384192503,0.03820596453945426,0.14108099355643833,0.03585318099908283,0.14874290999355544,0.03820596138235524,0.1484771157834363,0.03747028812594618,1.0
lewidi_md,gemma,62,GPP-laplace,4,256,0.6783214613000451,0.1382946440178459,0.2945976262795777,0.3006792331366306,0.666993784756297,0.666993784756297,0.3672393262386322,0.20841096341609955,-0.11819239125258377,-0.11679845080447776,-0.11819239125258375,-0.11679845080447776,-0.11025140581097229,-0.10863721013030599,-0.11658565272423432,-0.1151151267198096,-0.11025140581097229,-0.108637210130306,-0.1165856540203838,-0.11511512793078109,-0.13653778318471865,-0.13096639636923815,-1.0
lewidi_md,gemma,62,LPE,4,256,0.8000142135490081,0.1351563652278046,0.2680552347635897,0.27679442204117,0.6954530585541381,0.6954530585541381,0.24346542358398438,0.14178840816020966,0.16404465032733942,0.11706370895844512,0.1640446503273394,0.11706370895844512,0.15486823154725995,0.11144220807965685,0.16237616338916666,0.11615514584282673,0.15486823154725995,0.11144220807965685,0.1623761604741341,0.11615514309414361,0.1584163095278664,0.11837802027104832,1.0
lewidi_md,gemma,62,LP-temp,4,256,0.6436648094045735,0.12231076114092482,0.2668520860924844,0.2918417228892157,0.6869479882237488,0.6869479882237488,0.5554024079977923,,0.15688995702304936,,0.1568899570230493,,0.14737791865932226,,0.15507029400536718,,0.14737791865932226,,0.1550702923713107,,0.13612393892524038,,1.0
lewidi_md,gemma,62,GPP-cosine,4,1024,0.7725038996057323,0.11667280038222774,0.2369738670559907,0.25191771855331907,0.7399411187438666,0.7399411187438666,0.3076256513595581,0.010118766687810421,0.271907705945966,0.23297606712048785,0.271907705945966,0.23297606712048782,0.27066857999464855,0.23346227380312062,0.2733940764164796,0.23472071129523392,0.27066857999464855,0.23346227380312068,0.27339407637703084,0.23472071134331507,0.28514360815323175,0.2816266883706276,1.0
lewidi_md,gemma,62,GPP-rbf,4,1024,0.6078340259104702,0.0963589211282955,0.22078741093392953,0.25495470296525696,0.7549885508668629,0.7549885508668629,0.3676387369632721,0.07537298649549484,0.2993026347086691,0.16329056976912817,0.299302634708669,0.16329056976912817,0.2978760615806614,0.16849678879578284,0.30091970531798073,0.16599411915774964,0.2978760615806614,0.16849678879578286,0.30091970297899495,0.16599411714145304,0.2977425266117335,0.18133775134077926,1.0
lewidi_md,gemma,62,GPP-laplace,4,1024,0.6358745945908196,0.12541347879598183,0.27749039241139273,0.3042197753311434,0.6689564932940791,0.6689564932940791,0.3854629397392273,0.2174186408519745,0.05357027530842878,0.030081334086161517,0.053570275308428776,0.030081334086161513,0.0521788921667106,0.031416613224878195,0.053513959676068965,0.03069387088247177,0.0521788921667106,0.031416613224878195,0.05351395483147986,0.03069386646142506,0.04406596128580107,0.02403804710694024,1.0
lewidi_md,gemma,62,LPE,4,1024,0.7209266998526556,0.10919587557194657,0.23385139886413753,0.26126540370192475,0.7298004579653254,0.7298004579653254,0.11320333182811737,0.28701677918434143,0.25131700035833643,0.21092841537182905,0.2513170003583364,0.21092841537182905,0.25261655948316947,0.21390247260620432,0.25343487707024215,0.21327910983789689,0.2526165594831695,0.21390247260620432,0.2534348769675308,0.21327910970728012,0.2594078380641982,0.21041490481523248,1.0
lewidi_md,gemma,62,LP-temp,4,1024,0.5937671943736995,0.11202315800856193,0.2549724365267732,0.31250993467238175,0.723912332351979,0.723912332351979,0.635581344752168,,0.26263495563120454,,0.26263495563120454,,0.25812355457706027,,0.2630618940084837,,0.25812355457706027,,0.2630618943676927,,0.25538149189101567,,1.0
