dataset,model,layer,method,seed,n_obs,soft_ce,jsd,tvd,entce,rankcs,acc,mean_alea,mean_mi,corrAlea_entropy,corrMI_entropy,corrAlea_norm_entropy,corrMI_norm_entropy,corrAlea_one_minus_max,corrMI_one_minus_max,corrAlea_gini,corrMI_gini,corrAlea_top2_margin,corrMI_top2_margin,corrAlea_bern_var,corrMI_bern_var,corrAleaS_entropy,corrMIS_entropy,mono_alea
lewidi_hsbrexit,llama,0,GPP-cosine,0,64,0.38302661842947794,0.07690929034063061,0.16721136105202494,0.30643648473958174,0.9404761904761905,0.8928571428571429,0.3487807810306549,0.0026281815953552723,0.2749211766463732,0.07182652770428391,0.2749211766463733,0.07182652770428392,0.2516522780629709,0.06904524344292658,0.2688965846766561,0.07278743736165613,0.25165227523389927,0.06904524472114507,0.26889657780364273,0.07278744134662225,0.28082557767825433,0.09479060167725407,
lewidi_hsbrexit,llama,0,GPP-rbf,0,64,0.44765192131964715,0.07177839087581091,0.14025972541033602,0.22949584692888,0.9404761904761905,0.8928571428571429,0.1485946923494339,0.01028235349804163,0.24590657940510396,0.1430531921438226,0.24590657940510396,0.14305319214382262,0.21875927509770454,0.14467047506340355,0.24384450719779321,0.14506295876405423,0.21875927780706128,0.14467047597587554,0.24384451161325818,0.14506296127543958,0.23653948864728894,0.15814070222023932,
lewidi_hsbrexit,llama,0,GPP-laplace,0,64,0.4001410655727501,0.0858629221406636,0.1815660558530085,0.33037430819728497,0.9404761904761905,0.8928571428571429,0.2513011395931244,0.14032432436943054,0.03275238156926641,0.007889737344925249,0.03275238156926637,0.007889737344925263,0.057433388442545724,0.02756443442454215,0.037668277611271506,0.011523460285856185,0.057433387696153665,0.02756443363092939,0.03766827800123074,0.011523460099060578,0.05798693806688589,0.029428010887194152,
lewidi_hsbrexit,llama,0,LPE,0,64,0.6591117136584305,0.07983532188427137,0.13127393821785172,0.18737979985684763,0.9404761904761905,0.8928571428571429,0.03546353057026863,0.0022105539683252573,0.22911536107619657,0.14265379739682296,0.2291153610761966,0.14265379739682296,0.20315974958542005,0.12243997172098234,0.2270631966173928,0.14123450370078855,0.20315975212515336,0.12243997413031461,0.22706320088647297,0.14123450824486677,0.26582807434076616,0.24016454368393,
lewidi_hsbrexit,llama,0,LP-temp,0,64,0.3758868906264351,0.07128967396364187,0.15591814661435005,0.28174638805373353,0.9404761904761905,0.8928571428571429,0.31629543894187295,,0.250401927329265,,0.25040192732926503,,0.21650257954488264,,0.24740486693493233,,0.21650258282683893,,0.2474048722649993,,0.2440916866402912,,
lewidi_hsbrexit,llama,0,GPP-cosine,0,256,0.3708551037666574,0.07404023096656259,0.1626563895316351,0.29652473842528426,0.9404761904761905,0.8928571428571429,0.3584829568862915,0.0016482730861753225,0.3576769320167295,0.1466613668018868,0.35767693201672957,0.1466613668018868,0.34628805282584146,0.15064026448872517,0.3556264608300015,0.14876602897710647,0.34628805099045384,0.1506402649091004,0.3556264574606409,0.1487660315374124,0.3753605065248141,0.18656020420621408,
lewidi_hsbrexit,llama,0,GPP-rbf,0,256,0.43877567467467543,0.06664255144064797,0.13229990758346893,0.20478038916908797,0.9404761904761905,0.8928571428571429,0.12550793588161469,0.021630724892020226,0.3565410136514423,0.2582819878048281,0.3565410136514423,0.25828198780482814,0.37155751390435143,0.2805276821352644,0.36468004126474607,0.2660630836539876,0.37155751698856077,0.2805276837021601,0.3646800493074781,0.2660630886355803,0.32219768016053524,0.2885032583456019,
lewidi_hsbrexit,llama,0,GPP-laplace,0,256,0.4340395806599561,0.07636611977053243,0.1545397575800529,0.2684824207696286,0.9404761904761905,0.8928571428571429,0.15135648846626282,0.081309475004673,0.03449975639257079,0.014963270930041253,0.0344997563925708,0.014963270930041267,0.06346393966259592,0.0404252498109066,0.040643120018572815,0.020120095120173126,0.06346393922859285,0.04042524925816571,0.04064312110410945,0.020120095554533618,0.0797837433513048,0.060961342199514476,
lewidi_hsbrexit,llama,0,LPE,0,256,0.518936459512165,0.06779022026233614,0.1256457248505772,0.17896617904780818,0.9404761904761905,0.8928571428571429,0.07951770722866058,0.01805243268609047,0.3968505366642931,0.27701187742495853,0.39685053666429315,0.2770118774249586,0.4066533824164671,0.2924169947718372,0.40364053141262723,0.2830300673957665,0.40665338500605797,0.29241699591959824,0.4036405377967272,0.2830300713610596,0.3273052897570334,0.3057222697696471,
lewidi_hsbrexit,llama,0,LP-temp,0,256,0.36278175954472625,0.06532671725627322,0.145689008012875,0.2575082421639894,0.9285714285714286,0.8928571428571429,0.3109131348013309,,0.3393338775520973,,0.3393338775520973,,0.3496053478636206,,0.3455843673809076,,0.3496053501129709,,0.34558437327700187,,0.31007698332007366,,
lewidi_hsbrexit,llama,0,GPP-cosine,1,16,0.41625634393997146,0.10543910516111277,0.22159249597184716,0.40111154452342745,0.9404761904761905,0.8928571428571429,0.5255467295646667,0.008233554661273956,0.17800555285979197,-0.04729680944562792,0.17800555285979197,-0.04729680944562791,0.16366956635065324,-0.046458138925169326,0.17396026553485175,-0.04582214519764355,0.1636695641806721,-0.04645813718171796,0.17396026034190104,-0.04582214028097467,0.18804275876607116,-0.0500629712329565,
lewidi_hsbrexit,llama,0,GPP-rbf,1,16,0.4080278942670791,0.08302975812233623,0.1739828657758023,0.31633488098352164,0.9404761904761905,0.8928571428571429,0.2609136998653412,0.08681200444698334,-0.005050274512804015,-0.021626379968577497,-0.005050274512804001,-0.021626379968577497,0.007013398098325518,-0.008043693357890569,-0.0022590372551217625,-0.019087704648879183,0.0070133983023228375,-0.008043693696404258,-0.0022590364901510507,-0.019087704812978917,-0.011604823623708748,-0.024799094455790902,
lewidi_hsbrexit,llama,0,GPP-laplace,1,16,0.5589838158896324,0.1725141744282805,0.32617820448996054,0.4917830504581048,0.9404761904761905,0.8928571428571429,0.425322026014328,0.2438109964132309,0.048236930798715855,-0.0173002809664781,0.048236930798715855,-0.017300280966478065,0.07621580821832087,-0.03316414853973225,0.054340248202353725,-0.022185213610966356,0.07621580789008614,-0.03316415000305885,0.05434025002049436,-0.022185218984405897,0.037207936696600816,-0.02745282064287048,
lewidi_hsbrexit,llama,0,LPE,1,16,0.47633009005160865,0.07647549790428596,0.14626904566206836,0.24431903777872574,0.9404761904761905,0.8928571428571429,0.14984092116355896,0.023277418687939644,0.03618930557815122,0.038062543390417806,0.03618930557815123,0.03806254339041778,0.03628936351310415,0.04142583855835849,0.03720697286144263,0.03984886978241759,0.036289364385441274,0.0414258394799842,0.037206974655312613,0.03984887229603227,0.03059918251441666,0.03309024597549311,
lewidi_hsbrexit,llama,0,LP-temp,1,16,0.4512414266755389,0.12223398653876764,0.2482047770415839,0.4283977643626291,0.9404761904761905,0.8928571428571429,0.57607666679113,,-0.0008643495410207841,,-0.000864349541020791,,-0.007792851054571254,,-0.0016905493547191008,,-0.007792850283254889,,-0.0016905484930756776,,-0.004726514067005126,,
lewidi_hsbrexit,llama,0,GPP-cosine,1,256,0.38634619001020143,0.07099171038308395,0.15307479800789484,0.2715213359807753,0.9404761904761905,0.8928571428571429,0.278544157743454,0.0012363443383947015,0.37293921694868515,0.14741052032994456,0.3729392169486852,0.1474105203299446,0.3489834330301058,0.14602781703123094,0.3681891198726271,0.148335823602705,0.3489834311486082,0.14602781743870322,0.3681891149533052,0.14833582564672043,0.3626123963126262,0.17094458250991398,
lewidi_hsbrexit,llama,0,GPP-rbf,1,256,0.45623520474147616,0.07069634240130346,0.13724755101776237,0.21895869865764533,0.9404761904761905,0.8928571428571429,0.13899344205856323,0.006324427668005228,0.2503721281527986,0.18691420073554277,0.2503721281527986,0.1869142007355428,0.23137088769092332,0.1796131050273282,0.24957410604586647,0.18587346310225134,0.23137088979648993,0.1796131044305565,0.24957410989945972,0.18587346165772467,0.21389683718765373,0.1643358283277298,
lewidi_hsbrexit,llama,0,GPP-laplace,1,256,0.4631036292116778,0.07678165230246686,0.14958597309721103,0.2534441662699442,0.9404761904761905,0.8928571428571429,0.12243638932704926,0.06492584198713303,0.007282348625191962,-0.00989736984508681,0.0072823486251919756,-0.00989736984508681,0.037262773425659784,0.017318055460422296,0.013501855898782084,-0.0045342733635133775,0.03726277300609966,0.017318054872294195,0.013501856895266326,-0.004534273064751515,0.04115831718524817,0.036854726205851174,
lewidi_hsbrexit,llama,0,LPE,1,256,0.6451849594043021,0.07663422853599301,0.13135551117437944,0.18472129647226568,0.9345238095238095,0.8869047619047619,0.049070801585912704,0.00949833169579506,0.24230291613015034,0.18285786363479145,0.24230291613015037,0.1828578636347915,0.22631775003976673,0.16029393197331718,0.24136154706994828,0.1776434408310189,0.22631775130502524,0.16029393047205187,0.24136154891258776,0.17764343619763,0.22048235383755174,0.22667747994504228,
lewidi_hsbrexit,llama,0,LP-temp,1,256,0.39182967799997703,0.0728831554623277,0.15489031776860734,0.2657996197618017,0.9345238095238095,0.8869047619047619,0.29778226715688755,,0.2429745456449638,,0.24297454564496385,,0.23024648681956064,,0.2444588671934119,,0.2302464899862794,,0.2444588737752061,,0.21214007974682003,,
lewidi_hsbrexit,llama,0,GPP-cosine,2,64,0.3836572245180578,0.08096093196946352,0.1747151944963705,0.3214083698049788,0.9404761904761905,0.8928571428571429,0.39103713631629944,0.0030045616440474987,0.21292683744290075,0.055879492878075636,0.2129268374429008,0.05587949287807566,0.19590570866180643,0.050881299120731395,0.2087780729896074,0.056132138158734406,0.1959057068026961,0.0508813002538743,0.20877806881241173,0.05613214151742334,0.21787510271504448,0.08055987692966257,
lewidi_hsbrexit,llama,0,GPP-rbf,2,64,0.4741968065174807,0.07516288426036272,0.14330603881223528,0.23376455288644002,0.9404761904761905,0.8928571428571429,0.12590955197811127,0.03145934268832207,0.11077828529835243,0.04962317346337518,0.11077828529835243,0.04962317346337518,0.12744480235867037,0.06595296400421002,0.11337825872141762,0.05218335576167808,0.127444800478251,0.0659529625587584,0.113378257576266,0.05218335484501187,0.14921748982235356,0.121062895704441,
lewidi_hsbrexit,llama,0,GPP-laplace,2,64,0.4036251832592874,0.0924549536974661,0.1943331563712231,0.352750171727105,0.9404761904761905,0.8928571428571429,0.28370457887649536,0.15958577394485474,0.0322507590527388,0.005928366008844832,0.03225075905273879,0.005928366008844846,0.05537637147417743,0.022772724235530895,0.035941954872360404,0.008048074283749512,0.055376369747160537,0.022772722458999417,0.03594195346912191,0.008048072225934899,0.04595919135556901,0.02229408847534276,
lewidi_hsbrexit,llama,0,LPE,2,64,0.650448527130238,0.07997615136479441,0.13327514733412368,0.1925898206296543,0.9404761904761905,0.8928571428571429,0.0469144731760025,0.003430300857871771,0.15300099325749678,0.08723908452552029,0.1530009932574968,0.0872390845255203,0.16528883931267024,0.10403872733279174,0.1543088139885477,0.09011436350696378,0.16528883678544734,0.1040387258791315,0.1543088114876403,0.09011436268847722,0.18919998787392195,0.20071186136848607,
lewidi_hsbrexit,llama,0,LP-temp,2,64,0.39002969939668153,0.0748220224766824,0.15918773153492455,0.2838749741390427,0.9404761904761905,0.8928571428571429,0.3178615076303066,,0.1963272525214641,,0.1963272525214641,,0.18906942076516403,,0.19320989550329332,,0.18906941778719252,,0.19320989167275546,,0.19095674531475573,,
lewidi_hsbrexit,llama,0,GPP-cosine,2,256,0.3929434181551983,0.07083286083761535,0.1504743471076446,0.2619113405514293,0.9404761904761905,0.8928571428571429,0.265695720911026,0.0011643717298284173,0.29560127037541906,0.15680074467211394,0.2956012703754191,0.15680074467211394,0.2827624411230759,0.1565763432867962,0.292934649023413,0.1576258934155862,0.282762439358301,0.15657634324024503,0.2929346459603943,0.1576258950036955,0.31157348039930244,0.19740283677093676,
lewidi_hsbrexit,llama,0,GPP-rbf,2,256,0.45386313858514715,0.06957080480450259,0.13397105029850667,0.20668302608617495,0.9404761904761905,0.8928571428571429,0.13204769790172577,0.00633902195841074,0.3750246385746502,0.2783465638460425,0.37502463857465024,0.27834656384604256,0.36578794176326423,0.27842324257918116,0.37692438827099656,0.28103254894961416,0.36578794368514306,0.27842324373922656,0.3769243933685907,0.2810325529216343,0.38081203159914745,0.3249675940090456,
lewidi_hsbrexit,llama,0,GPP-laplace,2,256,0.4652762029604914,0.07688048254021236,0.14961785709186057,0.2533270915295766,0.9404761904761905,0.8928571428571429,0.12321986258029938,0.06552592664957047,0.015366669749518946,-0.00030498006103756026,0.015366669749518919,-0.0003049800610375325,0.045678841838940804,0.027088277326514823,0.021735858004761563,0.005211196134084953,0.04567884145266218,0.027088276803071687,0.021735859452958042,0.005211196937362217,0.06521381060788192,0.054278227914014605,
lewidi_hsbrexit,llama,0,LPE,2,256,0.6518743597169058,0.0768730032984211,0.12861451417897807,0.17533947649976994,0.9404761904761905,0.8928571428571429,0.04363927245140076,0.00821727979928255,0.3208689212351838,0.2317738364219688,0.32086892123518385,0.23177383642196883,0.29564595457844317,0.20314046026003385,0.31996842806962156,0.23023340210441207,0.2956459576247173,0.20314046400267494,0.31996843505293304,0.2302334107847957,0.36626533638801073,0.3668462746951648,
lewidi_hsbrexit,llama,0,LP-temp,2,256,0.39069309968051463,0.06717624885794159,0.14188177259319168,0.2305053099074365,0.9345238095238095,0.8869047619047619,0.24828664510097237,,0.37475103646580943,,0.3747510364658095,,0.3561251417757091,,0.37441419286591365,,0.356125143494773,,0.3744141970789744,,0.3524668897164884,,
lewidi_hsbrexit,llama,0,GPP-cosine,3,64,0.3923652793685947,0.07551027194024353,0.16244301907274694,0.29415076819339236,0.9404761904761905,0.8928571428571429,0.30791714787483215,0.0022939196787774563,0.1762872459407402,0.014193431688387631,0.17628724594074024,0.014193431688387617,0.17546279424393565,0.016883810019418896,0.17523926538200585,0.015929521256702946,0.1754627921334575,0.01688381120387128,0.17523926230714026,0.015929525688004167,0.1935965289824636,0.027378460539554762,
lewidi_hsbrexit,llama,0,GPP-rbf,3,64,0.4685598288225651,0.07440096524570179,0.14233433175832033,0.23462077330185907,0.9404761904761905,0.8928571428571429,0.140382319688797,0.010196520015597343,0.07012465504928395,0.019083065151936918,0.070124655049284,0.01908306515193689,0.08152710351621423,0.03925893121716946,0.0699882515155035,0.021015287579859876,0.08152710013654692,0.03925892833664668,0.0699882475529497,0.02101528376065233,0.0564718509618282,0.025854078421582605,
lewidi_hsbrexit,llama,0,GPP-laplace,3,64,0.4020311227132968,0.0884572131397414,0.18692161049693823,0.34013243442792196,0.9404761904761905,0.8928571428571429,0.2626195549964905,0.1473548710346222,0.006452426050536669,-0.019069020483322208,0.006452426050536655,-0.01906902048332222,0.02579352342485708,-0.005010884578241809,0.00958082674352094,-0.01732356286877812,0.025793522159696797,-0.005010885931150316,0.009580826309628823,-0.017323564013702317,0.030050776752463263,0.003058059248858773,
lewidi_hsbrexit,llama,0,LPE,3,64,0.7103184783870546,0.0815422327093823,0.13203755192392105,0.18945869869806198,0.9404761904761905,0.8928571428571429,0.03187919408082962,0.002021282911300659,0.10803604461987248,0.1562104540063107,0.1080360446198725,0.1562104540063107,0.11981339733327262,0.18424952936714817,0.10768100613359494,0.15891604524772443,0.11981339337297031,0.1842495245439318,0.10768100170693537,0.15891603893952455,0.0666824226483673,0.10102749536731309,
lewidi_hsbrexit,llama,0,LP-temp,3,64,0.3981332918053969,0.07435335897335976,0.15782883312585508,0.28327947141963933,0.9404761904761905,0.8928571428571429,0.2848291551332945,,0.08073108236765482,,0.0807310823676548,,0.08275048299833293,,0.07899913613372916,,0.08275048005660995,,0.0789991328432809,,0.07437404583508654,,
lewidi_hsbrexit,llama,0,GPP-cosine,3,256,0.3866594055262318,0.07359275965754845,0.15840839585732847,0.28390593147732723,0.9404761904761905,0.8928571428571429,0.30796799063682556,0.0014061110559850931,0.2406992173431244,0.10805346630373754,0.24069921734312444,0.10805346630373756,0.22427441975892767,0.10559778641616581,0.23732897676838002,0.10843607765174579,0.22427441844021734,0.1055977867366795,0.23732897372712397,0.1084360794497881,0.2348849763485143,0.12187156182799942,
lewidi_hsbrexit,llama,0,GPP-rbf,3,256,0.43641877562072523,0.07025243582345564,0.14019630705089575,0.23019599480787178,0.9404761904761905,0.8928571428571429,0.16272194683551788,0.007769350428134203,0.1868951209014633,0.14414640025387276,0.18689512090146332,0.14414640025387276,0.17324837751556102,0.14543431487007372,0.18567865311063092,0.14476637318482377,0.17324837826632372,0.1454343143098593,0.18567865619008203,0.14476637360698405,0.2076180559639331,0.1543808694963385,
lewidi_hsbrexit,llama,0,GPP-laplace,3,256,0.4477208679105399,0.07682638056004888,0.152798369233053,0.26324282455328296,0.9404761904761905,0.8928571428571429,0.1392565369606018,0.07443336397409439,0.007169190524616481,-0.010458485506306958,0.007169190524616453,-0.010458485506306958,0.032713340374856306,0.012295691840301659,0.01224623202991075,-0.0062154308198045655,0.03271333976404778,0.012295691094846309,0.012246232717560104,-0.006215430790769791,0.054719741027451675,0.03652010574093045,
lewidi_hsbrexit,llama,0,LPE,3,256,0.5860288814266117,0.0744962630480698,0.132690757924506,0.19460824279509584,0.9404761904761905,0.8928571428571429,0.06659166514873505,0.015653368085622787,0.18787021849324864,0.10986234050761706,0.18787021849324864,0.10986234050761709,0.18320120958315028,0.11792436885596544,0.18723535730342095,0.11066238607365726,0.18320120879161134,0.11792436707175358,0.1872353573641511,0.11066238377382662,0.2291360108609181,0.23653019363437447,
lewidi_hsbrexit,llama,0,LP-temp,3,256,0.38738043330895505,0.07754942065279018,0.16645232686862713,0.2931810546742649,0.9226190476190477,0.8869047619047619,0.3433064411081931,,0.2022113363288391,,0.2022113363288391,,0.19328641965791682,,0.20180835797294436,,0.19328642006584712,,0.20180836024932186,,0.19606900241771114,,
lewidi_hsbrexit,llama,0,GPP-cosine,4,64,0.3868040295035212,0.08330368183036421,0.17953562319633506,0.3325320189886672,0.9404761904761905,0.8928571428571429,0.402299165725708,0.0030858616810292006,0.1027357701081863,-0.009368895426994948,0.10273577010818633,-0.009368895426994976,0.08534632729065747,-0.010228276201412166,0.09894771285518647,-0.008367023405849987,0.08534632663821887,-0.010228274817356942,0.09894770986374883,-0.008367019502432682,0.10473155801372713,0.007245462566824965,
lewidi_hsbrexit,llama,0,GPP-rbf,4,64,0.4542392932751897,0.07337710404994008,0.14314070582068303,0.23840122428027424,0.9404761904761905,0.8928571428571429,0.14585724472999573,0.035383157432079315,0.1554951341111705,0.10733505233018908,0.15549513411117052,0.1073350523301891,0.15343757719631254,0.11564024520979428,0.1521408306266388,0.10630985762198333,0.1534375729557552,0.11564024135293358,0.15214082215042066,0.1063098501908291,0.14307813379234985,0.09453492884655973,
lewidi_hsbrexit,llama,0,GPP-laplace,4,64,0.4056490686056381,0.09404848290871541,0.19735497854916112,0.35843074459049695,0.9404761904761905,0.8928571428571429,0.2903919219970703,0.16333134472370148,0.01872810308387217,-0.010088364168418892,0.018728103083872183,-0.010088364168418879,0.03797581916585227,0.0025284991904467313,0.02174563129443896,-0.008714899870139334,0.03797581772032857,0.0025284977158970406,0.021745629773460368,-0.00871490203939948,0.029000440293128794,-0.002867511484112254,
lewidi_hsbrexit,llama,0,LPE,4,64,0.567022454431974,0.07583292381773905,0.13354508090872383,0.20046665485807993,0.9404761904761905,0.8928571428571429,0.07810092717409134,0.008112369105219841,0.1744801405249395,0.15109798658496756,0.17448014052493954,0.1510979865849676,0.1520573686280427,0.12844296639111635,0.16727432067450781,0.14391358181426583,0.15205736493215047,0.1284429629274328,0.16727431238033336,0.1439135740634001,0.20164136265993252,0.17282217511863576,
lewidi_hsbrexit,llama,0,LP-temp,4,64,0.39199063696896286,0.08625223516462277,0.1848336839095901,0.3369639027380663,0.9404761904761905,0.8928571428571429,0.42894057376882344,,0.1880372362468815,,0.18803723624688154,,0.17202049703737401,,0.18176989568247612,,0.1720204927395976,,0.18176988589443127,,0.20787831632553808,,
lewidi_hsbrexit,llama,0,GPP-cosine,4,256,0.38399123706217964,0.0704152368476073,0.15239346099440895,0.2697004334989145,0.9404761904761905,0.8928571428571429,0.2785933017730713,0.0012358102248981595,0.38458668752393627,0.15134588652254477,0.3845866875239363,0.15134588652254477,0.37033455823361244,0.15356635619885114,0.38189259513555396,0.15304269039884502,0.3703345562037309,0.15356635656272333,0.38189259122237124,0.15304269274310947,0.38317761238587866,0.18997612145227974,
lewidi_hsbrexit,llama,0,GPP-rbf,4,256,0.4561846247801357,0.07010209582307267,0.13519198062048027,0.2131427693819599,0.9404761904761905,0.8928571428571429,0.13101422786712646,0.006077929399907589,0.2845812532141252,0.2154122338501282,0.2845812532141252,0.2154122338501282,0.29517880903426685,0.2306463348514092,0.2890458344627928,0.21984751815320522,0.29517880957388115,0.23064633468055568,0.28904583674077167,0.2198475192396303,0.26777073203988916,0.22316396506337471,
lewidi_hsbrexit,llama,0,GPP-laplace,4,256,0.4724986046554559,0.07696969891002087,0.14848809449246064,0.2503564236771622,0.9404761904761905,0.8928571428571429,0.11671989411115646,0.06179763749241829,0.004946134061155599,-0.010751315403491862,0.004946134061155558,-0.01075131540349189,0.0366365923901355,0.01840038277949313,0.011501208914572791,-0.004948218499199672,0.036636591943188496,0.01840038221548579,0.011501210116560842,-0.004948217872212113,0.05355786441314362,0.036831488673565005,
lewidi_hsbrexit,llama,0,LPE,4,256,0.6553084876363625,0.07604321487690646,0.12805287714814723,0.17883037566127657,0.9404761904761905,0.8928571428571429,0.04138372465968132,0.008435696363449097,0.2968828004768268,0.24009428716808032,0.2968828004768268,0.24009428716808034,0.3054122751833829,0.2355361715778304,0.30018824890687756,0.24011170766663367,0.30541227485675765,0.23553617114544428,0.30018824896678686,0.24011170649463012,0.2711634117536687,0.2872809641473499,
lewidi_hsbrexit,llama,0,LP-temp,4,256,0.3945919014182084,0.06690582829394266,0.14062580264324057,0.23783014628377744,0.9345238095238095,0.8869047619047619,0.24231946234103555,,0.28961617413785606,,0.2896161741378561,,0.29540465119024845,,0.2938109266078918,,0.2954046525663132,,0.2938109312017875,,0.25673755171042,,
lewidi_hsbrexit,llama,16,GPP-cosine,0,64,0.4579947216959566,0.08727063922537859,0.17075141596997953,0.2511205177995891,0.875,0.8392857142857143,0.25748714804649353,0.0068468670360744,0.19849399650378,0.26675928823358336,0.19849399650378,0.2667592882335834,0.22447975311567137,0.2769946307459209,0.2036770198670037,0.2669935934703632,0.22447975127223954,0.27699462678468156,0.20367701682029368,0.2669935840179221,0.23874705421447423,0.30774393507854314,
lewidi_hsbrexit,llama,16,GPP-rbf,0,64,0.47623167616303425,0.07435557463150567,0.14091702298139266,0.2274881040411344,0.9404761904761905,0.8928571428571429,0.11345615983009338,0.024322260171175003,0.13164718178709592,0.09911288821119135,0.13164718178709595,0.0991128882111913,0.1428886414471306,0.13060845106212843,0.1344318855653079,0.10480816063927535,0.14288864095558704,0.13060844909449199,0.13443188474613066,0.10480815766380833,0.11568108322696616,0.07250110073282198,
lewidi_hsbrexit,llama,16,GPP-laplace,0,64,0.3915127231878041,0.08602162250054748,0.18443563591600173,0.3404144896876491,0.9404761904761905,0.8928571428571429,0.26736125349998474,0.14977727830410004,0.027732633704036988,-0.017334757105718454,0.027732633704036974,-0.01733475710571844,0.07002358357872666,0.012821411020167248,0.03428901369810551,-0.013739883167910444,0.0700235804078262,0.012821407798830009,0.03428900882556021,-0.013739889063036623,0.009471618159839178,-0.03899722668263521,
lewidi_hsbrexit,llama,16,LPE,0,64,0.6187790451406401,0.07937189621182597,0.13330017946905823,0.19450877987986345,0.9404761904761905,0.8928571428571429,0.046634938567876816,0.004490428604185581,0.15334934948024603,0.11130459524573685,0.15334934948024603,0.11130459524573685,0.14521162695866469,0.1092286431260211,0.15287753384816477,0.11238759978928153,0.14521162741612065,0.10922864411203058,0.1528775340003371,0.1123876008707666,0.18995753142645083,0.1787152133064062,
lewidi_hsbrexit,llama,16,LP-temp,0,64,0.37590711631807566,0.0764945033673375,0.16806471746694748,0.30739556237703286,0.9404761904761905,0.8928571428571429,0.36663721182697245,,0.18568930589196878,,0.18568930589196878,,0.175009467561227,,0.1852622604321184,,0.17500946847642482,,0.18526226144699193,,0.1851008871786432,,
lewidi_hsbrexit,llama,16,GPP-cosine,0,256,0.3824385362794543,0.06758760450712428,0.14884999035063542,0.25410444307387176,0.9345238095238095,0.8988095238095238,0.31344908475875854,0.005383460316807032,0.33390297018016046,0.2695023164346565,0.3339029701801606,0.26950231643465655,0.3444710592291164,0.26096783379135574,0.33625472081790914,0.2684359886866762,0.3444710571056377,0.26096783292939224,0.3362547163340478,0.2684359859144311,0.3406761658344904,0.3790599216647709,
lewidi_hsbrexit,llama,16,GPP-rbf,0,256,0.4150535067357814,0.0610139452700088,0.12648413753292212,0.19655761210449313,0.9404761904761905,0.8928571428571429,0.12059300392866135,0.01980522647500038,0.39376300441540296,0.3735897145817287,0.393763004415403,0.37358971458172874,0.41275296800915273,0.41020195031500206,0.39733676719585864,0.38037469169186483,0.4127529648081496,0.41020194653184583,0.3973367622324176,0.3803746858686917,0.37341320131923383,0.3439480103803818,
lewidi_hsbrexit,llama,16,GPP-laplace,0,256,0.4291967325529223,0.07378946041839508,0.14993032221571498,0.2589095148987721,0.9404761904761905,0.8928571428571429,0.1386672705411911,0.07401737570762634,0.09095426196372304,0.05817431106205681,0.09095426196372305,0.058174311062056804,0.14189711841150318,0.10349426232571307,0.09940786602844012,0.06516747471743903,0.14189711483624726,0.10349425870633386,0.0994078612271247,0.06516746920185139,0.07605644317260458,0.04350530794615042,
lewidi_hsbrexit,llama,16,LPE,0,256,0.4686086332441085,0.05921007163830244,0.11649174597602853,0.17332732105190066,0.9464285714285714,0.8988095238095238,0.07998178154230118,0.01862998865544796,0.38103963108592814,0.3705868059251472,0.38103963108592814,0.3705868059251472,0.412574449436923,0.39961804625160197,0.3871748668860292,0.37618419608727993,0.4125744461172473,0.3996180430103833,0.3871748617819938,0.37618419209762555,0.3770893789269045,0.3705038622770065,
lewidi_hsbrexit,llama,16,LP-temp,0,256,0.3274260337513243,0.05900038777138928,0.13572006156880168,0.2651539483269104,0.9345238095238095,0.9226190476190477,0.34666534181731123,,0.4024793329905543,,0.40247933299055433,,0.41984119116952645,,0.40584644827279986,,0.41984118807791515,,0.40584644176942647,,0.37855799096738985,,
lewidi_hsbrexit,llama,16,GPP-cosine,1,16,0.6306891562598771,0.14440752036331123,0.2462269624127121,0.29706566791069616,0.7023809523809523,0.6904761904761905,0.32262247800827026,0.014746083877980709,0.1502695278155857,0.11276617054356085,0.1502695278155857,0.11276617054356085,0.1433923057937083,0.09917299444031719,0.15173294767206386,0.11212206835039,0.14339230811698284,0.09917299629626271,0.15173295310195445,0.1121220737597046,0.16484705403802538,0.12492032606394371,
lewidi_hsbrexit,llama,16,GPP-rbf,1,16,0.3976336006799748,0.07729136478559909,0.16520616368922805,0.30202701831918644,0.9404761904761905,0.8928571428571429,0.24019232392311096,0.07932838797569275,0.06150103961342991,0.02976029540641817,0.06150103961342987,0.029760295406418155,0.12158694626070553,0.09068842732468985,0.07634584108044569,0.043381784565143605,0.12158694776181855,0.09068842746675056,0.07634584892061139,0.0433817889186358,0.022814623633734078,-0.027276215397495654,
lewidi_hsbrexit,llama,16,GPP-laplace,1,16,0.5621142168171387,0.1740185077680852,0.3279046926736122,0.49381455567023497,0.9404761904761905,0.8928571428571429,0.4268871545791626,0.24489714205265045,0.04410444584418143,-0.025753583362054452,0.044104445844181425,-0.025753583362054466,0.09896270462538052,-0.030917162901722715,0.05663089946387029,-0.02822601317527762,0.09896270493219195,-0.030917164228665382,0.05663090418624021,-0.028226018376631412,0.044639299521715074,-0.061374970274208136,
lewidi_hsbrexit,llama,16,LPE,1,16,0.46471461245324486,0.07380933592471994,0.1431646391256003,0.2405356372571981,0.9404761904761905,0.8928571428571429,0.1477258950471878,0.020859017968177795,0.0994221962590254,0.11731778548250399,0.0994221962590254,0.11731778548250399,0.14371902761115435,0.14831230692394853,0.11252401591420184,0.12811607231881064,0.14371903076629075,0.14831231063518455,0.11252402753721591,0.12811608426179313,0.04818999445504045,0.04645182704003562,
lewidi_hsbrexit,llama,16,LP-temp,1,16,0.42276746403275633,0.1082170109809972,0.2225900119967558,0.40099362027822644,0.9404761904761905,0.8928571428571429,0.5379345929189511,,0.03709917909529037,,0.03709917909529036,,0.0810849291184067,,0.04941383369624082,,0.0810849318786693,,0.0494138439810462,,0.03522809894581991,,
lewidi_hsbrexit,llama,16,GPP-cosine,1,256,0.40274686516604147,0.06811604768036095,0.14620492321389042,0.23424046131985313,0.9404761904761905,0.8928571428571429,0.2539432942867279,0.0031343852169811726,0.29148432292177734,0.33688423071068274,0.29148432292177734,0.33688423071068274,0.321425706065347,0.36580763498986574,0.29853237243004194,0.3410756254618197,0.32142570473016063,0.3658076304301632,0.2985323701963356,0.3410756147034094,0.30253408033998586,0.3811420045576109,
lewidi_hsbrexit,llama,16,GPP-rbf,1,256,0.4348248344696623,0.0669691159215176,0.13357152421321233,0.21111241408267778,0.9404761904761905,0.8928571428571429,0.1301494687795639,0.005713202524930239,0.3064879410356904,0.2901335100232364,0.30648794103569044,0.29013351002323645,0.31985219215411864,0.31779461505016315,0.31010129404445286,0.2954875920376444,0.31985219093201817,0.31779461239421675,0.3101012937086901,0.295487589013295,0.25240142818582234,0.21620664789689817,
lewidi_hsbrexit,llama,16,GPP-laplace,1,256,0.44566748899890607,0.07449333834532551,0.1477207960172867,0.252568791465255,0.9404761904761905,0.8928571428571429,0.12304210662841797,0.06513646990060806,0.032915215477582735,0.006451521785085346,0.03291521547758275,0.0064515217850853596,0.09097693764352836,0.05940984616025552,0.0428973893958392,0.01515174047611921,0.09097693441453658,0.05940984291829353,0.04289738554316502,0.015151735989690704,0.002532891019191537,-0.018873523722819873,
lewidi_hsbrexit,llama,16,LPE,1,256,0.6003128558540953,0.0711462736890408,0.1258618538214207,0.17873693764720294,0.9404761904761905,0.8928571428571429,0.04426596686244011,0.0075058951042592525,0.2849945115105858,0.23751786764978067,0.2849945115105858,0.23751786764978067,0.28375857628986023,0.25273909319224125,0.28501440114412535,0.2403221978689935,0.28375857476074523,0.2527390910670164,0.2850143996795204,0.2403221946016534,0.23860762902075727,0.25962830072681836,
lewidi_hsbrexit,llama,16,LP-temp,1,256,0.38638008466034807,0.060376073899086634,0.13226160557505034,0.23141454057563324,0.9404761904761905,0.8928571428571429,0.20927782797610886,,0.25797262870232673,,0.25797262870232684,,0.2631750381027477,,0.2608784799464433,,0.2631750383934517,,0.26087848289006343,,0.21792157777961685,,
lewidi_hsbrexit,llama,16,GPP-cosine,2,64,0.5631910903370733,0.12292120861148335,0.21641046650494813,0.2664179593200585,0.7797619047619048,0.7559523809523809,0.24427726864814758,0.007294996175915003,0.09175741999490547,0.14334624223442138,0.09175741999490547,0.1433462422344214,0.1286062187608312,0.1504963932835407,0.10075978816192369,0.1456434111357494,0.1286062192174263,0.15049639316851,0.10075979116872655,0.14564340911713555,0.15423214928970705,0.14124701624820035,
lewidi_hsbrexit,llama,16,GPP-rbf,2,64,0.4428874026984689,0.07229194190257696,0.14341281013773932,0.23781453714911352,0.9404761904761905,0.8928571428571429,0.13675008714199066,0.03132539242506027,0.11710612265864506,0.09190681326610176,0.11710612265864506,0.09190681326610176,0.14445341278988114,0.12994895950671911,0.12026663006650248,0.0970263602259503,0.14445340889487668,0.12994895535390458,0.12026662620171455,0.09702635550960492,0.11013196051703092,0.09281999896384106,
lewidi_hsbrexit,llama,16,GPP-laplace,2,64,0.3963621643775889,0.09188707412494432,0.19599060532415197,0.361024753732709,0.9404761904761905,0.8928571428571429,0.29458919167518616,0.16579724848270416,0.013184907960489226,-0.03422062629955404,0.013184907960489212,-0.03422062629955405,0.07113322834083297,0.010064337137566326,0.02272724778851093,-0.028016298445190366,0.07113322477844641,0.010064333492852684,0.022727243382732104,-0.028016304114110963,0.015183403595777524,-0.03795153772975796,
lewidi_hsbrexit,llama,16,LPE,2,64,0.5826579273528647,0.07694551838966256,0.13316225232882148,0.19677529541335528,0.9404761904761905,0.8928571428571429,0.060909610241651535,0.003449665615335107,0.14427910594099752,0.09297057679972585,0.14427910594099755,0.09297057679972584,0.15318585282456507,0.09025309941693352,0.14360793109065556,0.08938063073939365,0.1531858489751283,0.0902530954810047,0.14360792737378678,0.08938062732408292,0.13415956890092126,0.11917136057634752,
lewidi_hsbrexit,llama,16,LP-temp,2,64,0.3893491109562064,0.0701022400358809,0.151750635178715,0.2718743416294472,0.9404761904761905,0.8928571428571429,0.2641118136827647,,0.1420929986674656,,0.14209299866746555,,0.15620244102673947,,0.14414038893644868,,0.15620243895001176,,0.14414038800176052,,0.1256964596423015,,
lewidi_hsbrexit,llama,16,GPP-cosine,2,256,0.43213329778846865,0.08208164702133856,0.16553227299901674,0.2456042519837412,0.9047619047619048,0.8690476190476191,0.27896827459335327,0.004413661081343889,0.26285250228766477,0.33047355660846733,0.2628525022876648,0.33047355660846733,0.2959999491868138,0.3235407837840477,0.27029576440077785,0.32917238297420204,0.2959999476976917,0.32354078187531077,0.2702957631966114,0.3291723785229513,0.29434982146879995,0.3950473438776496,
lewidi_hsbrexit,llama,16,GPP-rbf,2,256,0.4439722005718445,0.07052939630366364,0.13870695871966227,0.21964256966929832,0.9404761904761905,0.8928571428571429,0.13478925824165344,0.006060547661036253,0.21637096724259428,0.16861471659192548,0.21637096724259428,0.16861471659192548,0.2603590717716012,0.22163411133480973,0.22418080582191896,0.17788499320366513,0.26035906835643563,0.22163410765834596,0.22418080335303542,0.17788498983190337,0.2723624684196346,0.23856115395618493,
lewidi_hsbrexit,llama,16,GPP-laplace,2,256,0.4660441168399061,0.07536582767810955,0.1454746337646308,0.24448011645696585,0.9404761904761905,0.8928571428571429,0.10824983566999435,0.05677253380417824,0.01780046005764875,-0.004220975587718001,0.017800460057648765,-0.004220975587718001,0.0781880639913645,0.051647215161532825,0.028258354969187785,0.005095406758293453,0.07818806082415143,0.05164721196669292,0.028258351568045084,0.005095402742535615,-0.005511942658277363,-0.022331268527000615,
lewidi_hsbrexit,llama,16,LPE,2,256,0.6191088146959829,0.07870343211140131,0.1350594935123852,0.19107057633171665,0.9404761904761905,0.8928571428571429,0.048080604523420334,0.00882448349148035,0.1550290568467822,0.040627347241463024,0.1550290568467822,0.04062734724146305,0.19787653284662493,0.06695797324630776,0.16062685578896102,0.04377475363918827,0.1978765276472231,0.06695797008083586,0.16062684985529166,0.043774750195862994,0.2538793352392222,0.25340993708704174,
lewidi_hsbrexit,llama,16,LP-temp,2,256,0.38995844339461966,0.06734863614647882,0.14303228621673605,0.23458264574029447,0.9166666666666666,0.8690476190476191,0.21486086769694693,,0.2578613084615205,,0.25786130846152056,,0.30812964847638213,,0.2663006858892595,,0.3081296439648341,,0.2663006814403398,,0.27725164521264284,,
lewidi_hsbrexit,llama,16,GPP-cosine,3,64,0.6394538886158868,0.13273758753288517,0.22227617248353498,0.2575917102871322,0.7797619047619048,0.7559523809523809,0.21539299190044403,0.007315593305975199,0.08202601439645449,0.14150903714887222,0.08202601439645452,0.14150903714887222,0.12082601218225421,0.15366712699165208,0.08905422027039867,0.1408732601887238,0.1208260100321016,0.1536671224090661,0.0890542171287239,0.14087324928338252,0.16148225936298927,0.17121413788443346,
lewidi_hsbrexit,llama,16,GPP-rbf,3,64,0.4544984320282225,0.07338235933971074,0.1430866860263493,0.23859555755957212,0.9404761904761905,0.8928571428571429,0.1491340696811676,0.0107345599681139,0.062879920073417,0.014868656604137886,0.06287992007341701,0.0148686566041379,0.07996564447883704,0.052950782495718746,0.06085136056984915,0.017914777056110484,0.07996563766006992,0.05295077652776536,0.06085135130777035,0.01791476935739443,0.0856024214357595,0.017205068904673524,
lewidi_hsbrexit,llama,16,GPP-laplace,3,64,0.39780712172717936,0.09016509523228516,0.1919324956169086,0.35365324348202876,0.9404761904761905,0.8928571428571429,0.2813015878200531,0.15834477543830872,-0.03632467145544671,-0.08169500623966924,-0.036324671455446725,-0.08169500623966922,0.01390443249148443,-0.043929870750909775,-0.028645975110436206,-0.07705583048135341,0.013904429054937273,-0.04392987424265264,-0.02864597913059949,-0.07705583555917767,-0.06666383262253836,-0.11596922862731454,
lewidi_hsbrexit,llama,16,LPE,3,64,0.6720056483841569,0.08096434669005285,0.13278350623459984,0.1934323359536192,0.9404761904761905,0.8928571428571429,0.03709764778614044,0.002426862483844161,0.054917041228842785,0.007131161485518893,0.05491704122884279,0.007131161485518907,0.0534270937312086,-0.00174627413832938,0.04952943882842869,0.0005445515256501162,0.05342708774480444,-0.0017462793515711878,0.04952943067185462,0.0005445441047046071,0.10915598416101215,0.09877345473555547,
lewidi_hsbrexit,llama,16,LP-temp,3,64,0.401198322714423,0.07231663221355096,0.15384987987612536,0.27318752642521393,0.9404761904761905,0.8928571428571429,0.258827211219067,,0.06304157795653065,,0.06304157795653066,,0.06754906237762759,,0.05857158171591558,,0.06754905590076797,,0.05857157247624921,,0.09741638285004368,,
lewidi_hsbrexit,llama,16,GPP-cosine,3,256,0.41976317377488925,0.07738760876826938,0.16154213077072113,0.2500525449345479,0.8988095238095238,0.875,0.27059146761894226,0.005476152524352074,0.24760369048720327,0.13202202609859875,0.24760369048720332,0.13202202609859875,0.27339231989169394,0.1346141720724629,0.2533441067168214,0.13340777936575238,0.27339231839700995,0.13461417212558702,0.25334410470533125,0.13340777955863808,0.27413316837984,0.3208591983008523,
lewidi_hsbrexit,llama,16,GPP-rbf,3,256,0.4194645800117654,0.0647077812197763,0.13312442905485763,0.214937814527799,0.9404761904761905,0.8928571428571429,0.14483726024627686,0.006501219235360622,0.3019096540470515,0.2599142010826188,0.3019096540470515,0.2599142010826188,0.3107567975090619,0.289740336678572,0.30398246962962094,0.26556362835104685,0.3107567957016612,0.28974033402104826,0.30398246852883326,0.2655636257528415,0.3047137608684278,0.2807419225620242,
lewidi_hsbrexit,llama,16,GPP-laplace,3,256,0.4412033062395074,0.07410117858339413,0.1478581854053551,0.25315068829031756,0.9404761904761905,0.8928571428571429,0.12672027945518494,0.0671701654791832,0.05981985815268551,0.032168183733681355,0.05981985815268548,0.03216818373368138,0.1080749732056463,0.07529913770050159,0.06753763089689037,0.03856690980663628,0.10807496966781077,0.07529913412121161,0.0675376255943392,0.038566903788852996,0.02784321118527798,-0.0013059493144822422,
lewidi_hsbrexit,llama,16,LPE,3,256,0.5702050259878633,0.06813943133180692,0.12385280531944295,0.18240222455034538,0.9464285714285714,0.8988095238095238,0.05338239669799805,0.01074153371155262,0.25475186110508313,0.2240003699479346,0.25475186110508313,0.2240003699479346,0.27673610734431686,0.2717129969947644,0.25840339381955996,0.2337579011516939,0.2767361044050073,0.27171299479059896,0.25840339156787057,0.23375789826005178,0.27353364004685704,0.2770703924608108,
lewidi_hsbrexit,llama,16,LP-temp,3,256,0.36729937000285934,0.05892075948953613,0.13297955180326826,0.2417479300738152,0.9404761904761905,0.9047619047619048,0.2431271840492114,,0.27244383883717094,,0.272443838837171,,0.282214177561829,,0.2735659121075305,,0.28221417466404786,,0.27356590885655685,,0.2452535632545993,,
lewidi_hsbrexit,llama,16,GPP-cosine,4,64,0.4090431662863536,0.0840740543398183,0.1749604767930491,0.28251642966003876,0.9345238095238095,0.8869047619047619,0.3270387053489685,0.0095508499071002,0.20945876430607996,0.15140618090448318,0.20945876430608,0.1514061809044832,0.23751973984556252,0.1635066427767816,0.2163483802391831,0.15285281039406462,0.2375197393243227,0.1635066404598572,0.21634838051070604,0.1528528056273174,0.2199385955820556,0.2677242569753168,
lewidi_hsbrexit,llama,16,GPP-rbf,4,64,0.44068772511161053,0.07335347481597848,0.14645905119167374,0.24887656909934133,0.9404761904761905,0.8928571428571429,0.15176677703857422,0.03510430455207825,0.05228572469256251,0.023179619046606176,0.05228572469256257,0.023179619046606204,0.058344682878238824,0.048328166658351074,0.05150332059284986,0.025720590569742574,0.058344680195216686,0.04832816321920064,0.0515033166305593,0.02572058551889682,0.05834944357054999,0.006325256288292994,
lewidi_hsbrexit,llama,16,GPP-laplace,4,64,0.4020903822077332,0.09549633030410305,0.20213865686119312,0.3708303035752144,0.9404761904761905,0.8928571428571429,0.30644601583480835,0.17269301414489746,-0.005206656461321679,-0.05607315070542812,-0.005206656461321665,-0.05607315070542812,0.04251541553184132,-0.023611869107201422,0.0019322089298739742,-0.052591667359232985,0.04251541190227906,-0.023611872763400016,0.0019322036936595122,-0.05259167381376634,-0.03136602107985997,-0.0817775236214574,
lewidi_hsbrexit,llama,16,LPE,4,64,0.5551091595215281,0.0763519643017933,0.13573497731045964,0.2095303309683382,0.9404761904761905,0.8928571428571429,0.08059418946504593,0.007092047482728958,0.07123840813882532,0.07678427815539238,0.07123840813882537,0.07678427815539238,0.0766004862002445,0.08522324794566427,0.07111502713817355,0.07813340635616,0.0766004842964495,0.08522324689539179,0.07111502543468859,0.0781334061796426,0.08865583317816103,0.11796765640392437,
lewidi_hsbrexit,llama,16,LP-temp,4,64,0.38901342906611225,0.08175638401599394,0.1744083033948729,0.32024137365902533,0.9404761904761905,0.8928571428571429,0.3852465564292321,,0.09559784345195242,,0.09559784345195241,,0.0865767857772202,,0.09231538191153793,,0.08657678369881225,,0.09231537839279272,,0.07665597150558755,,
lewidi_hsbrexit,llama,16,GPP-cosine,4,256,0.4092127029719279,0.07626272426527127,0.15702595826252863,0.23389582885392363,0.8988095238095238,0.875,0.25840073823928833,0.004336824174970388,0.2723755218688004,0.27415655976519016,0.27237552186880043,0.27415655976519016,0.3003192002319189,0.27310295251032934,0.2793686324271427,0.27412096317495105,0.30031919944550234,0.27310295094559367,0.2793686317129344,0.27412095791286695,0.3123914415357753,0.41239648548249735,
lewidi_hsbrexit,llama,16,GPP-rbf,4,256,0.42775187969925743,0.06581612280263908,0.13266183291367875,0.20905333754500924,0.9404761904761905,0.8928571428571429,0.13635224103927612,0.0059728543274104595,0.36221014156796205,0.2984475614952319,0.3622101415679621,0.2984475614952319,0.3581988760999453,0.31394230384732547,0.3625752450410815,0.30219587646580437,0.3581988751278373,0.31394230230956843,0.36257524584821704,0.3021958761197706,0.3375344514694014,0.2962367090904363,
lewidi_hsbrexit,llama,16,GPP-laplace,4,256,0.45985752263883545,0.07505731151913288,0.14609888112283356,0.24686535071887625,0.9404761904761905,0.8928571428571429,0.11373259127140045,0.0597899965941906,0.030248708064759836,0.005550508299613455,0.03024870806475985,0.005550508299613441,0.07837572391935774,0.04957681452350993,0.03856954010191316,0.012742354328047295,0.07837572127549905,0.04957681178154645,0.03856953735316543,0.012742350786282136,-0.0019658952314092113,-0.02235915356574401,
lewidi_hsbrexit,llama,16,LPE,4,256,0.6068181589957286,0.07278314328472721,0.12687627269178847,0.177963600202952,0.9404761904761905,0.8928571428571429,0.040637414902448654,0.007839133031666279,0.3216196098367766,0.23905805332959018,0.3216196098367767,0.23905805332959018,0.3200546567891199,0.22018907461133802,0.3212904306367804,0.2351513011229867,0.320054654713813,0.22018907330087362,0.32129042914047223,0.23515130065361262,0.30840388099547006,0.29292303698642974,
lewidi_hsbrexit,llama,16,LP-temp,4,256,0.3594793057772902,0.05956465741799726,0.13468483906051576,0.24263203064207822,0.9464285714285714,0.8988095238095238,0.25902188232808576,,0.3234670761632647,,0.3234670761632647,,0.3262732972142693,,0.32603669338145636,,0.3262732972880804,,0.3260366956625926,,0.2965899195811859,,
lewidi_hsbrexit,llama,32,GPP-cosine,0,64,0.42666066930337354,0.0762934071568819,0.15343897578434063,0.22061057551361057,0.8809523809523809,0.8571428571428571,0.22659727931022644,0.016926629468798637,0.2939429435809869,0.32639691512684754,0.29394294358098694,0.3263969151268476,0.30513415460360005,0.3134186366675782,0.29700046088026005,0.32310070559754167,0.3051341533731775,0.31341863403641645,0.29700045897227056,0.32310069967000293,0.3381386273088416,0.41772717538894266,
lewidi_hsbrexit,llama,32,GPP-rbf,0,64,0.4340727299878771,0.07172934765392876,0.14362620153752642,0.2392969828667033,0.9404761904761905,0.8928571428571429,0.16836515069007874,0.010768291540443897,0.2136127369706241,0.12186061965560828,0.21361273697062416,0.1218606196556083,0.18460218851078722,0.1184992009783098,0.20869939418288186,0.1205329919831298,0.18460218871193979,0.11849919952728034,0.20869939377102073,0.12053298991282818,0.2112570535199459,0.11160057255751628,
lewidi_hsbrexit,llama,32,GPP-laplace,0,64,0.39253040475993695,0.08499488669874197,0.18258547922596335,0.3366415070826737,0.9404761904761905,0.8928571428571429,0.2571396231651306,0.1435634344816208,-0.03260106311899105,-0.07153298818975427,-0.03260106311899108,-0.07153298818975429,-0.011717621583595489,-0.059365566263821216,-0.02977443881498945,-0.07099196824551311,-0.011717623305627714,-0.05936556815566934,-0.02977444065254263,-0.07099197118485695,-0.0395456324445886,-0.0846217975732835,
lewidi_hsbrexit,llama,32,LPE,0,64,0.6100502599956127,0.07862693930920088,0.13232581777507826,0.1909018238378045,0.9404761904761905,0.8928571428571429,0.04589645937085152,0.002578441286459565,0.23383605866335327,0.16284427577209137,0.23383605866335333,0.16284427577209135,0.21025244530994075,0.14819097425585237,0.22926928569724211,0.1594896532606629,0.21025244444565433,0.14819097302965664,0.2292692830864923,0.15948965062011244,0.25149051692020485,0.24968263690834155,
lewidi_hsbrexit,llama,32,LP-temp,0,64,0.36991057690107165,0.07323872909017329,0.16217445135291447,0.2966148179111596,0.9404761904761905,0.8928571428571429,0.35404970031195726,,0.245453335735986,,0.245453335735986,,0.20858246199838107,,0.23868930921680204,,0.20858246184552695,,0.23868930742094918,,0.2461970070654174,,
lewidi_hsbrexit,llama,32,GPP-cosine,0,256,0.36076926282079713,0.05339596987259809,0.11612789025670352,0.20204462670274162,0.9464285714285714,0.9107142857142857,0.23753413558006287,0.009983924217522144,0.43038355093429226,0.33037178487542856,0.4303835509342923,0.3303717848754286,0.42064515687804305,0.30379399256685896,0.43113077376712694,0.32553113445778814,0.4206451572804238,0.3037939914987336,0.43113077365256275,0.32553112985882493,0.41893087956136577,0.45183522527856956,
lewidi_hsbrexit,llama,32,GPP-rbf,0,256,0.42407934517560864,0.062108544014081814,0.12814879771585333,0.20361034231770692,0.9464285714285714,0.8988095238095238,0.1261443793773651,0.020221427083015442,0.34772132364286423,0.31921712089226983,0.3477213236428643,0.31921712089226995,0.31877301581084005,0.29772711427733434,0.34287457739930893,0.3155743379731161,0.3187730151995629,0.29772711337687946,0.34287457600350957,0.3155743362091681,0.27340815737251184,0.24364087851393973,
lewidi_hsbrexit,llama,32,GPP-laplace,0,256,0.42853290932987675,0.075095899361348,0.15302859636444954,0.2680360177579879,0.9404761904761905,0.8928571428571429,0.14559103548526764,0.0778760313987732,-0.023322227704907758,-0.04926291912859594,-0.023322227704907744,-0.049262919128595935,0.0002961173949532492,-0.03000955180608629,-0.019843151459121147,-0.04705616131155631,0.00029611567330831146,-0.030009553712917844,-0.01984315278314859,-0.047056163618384245,-0.03147756123483354,-0.05951596769131528,
lewidi_hsbrexit,llama,32,LPE,0,256,0.48470365833004353,0.05935459010048826,0.11737010356643753,0.17588702970247688,0.9464285714285714,0.8988095238095238,0.08671210706233978,0.01903638057410717,0.37000081068451884,0.3892206794533704,0.37000081068451895,0.38922067945337047,0.35604199915817647,0.37474121102358143,0.36827073343459416,0.38865466752561456,0.35604199822388305,0.37474121138561767,0.3682707316470454,0.38865466726419784,0.2917379228398355,0.3043837879099643,
lewidi_hsbrexit,llama,32,LP-temp,0,256,0.34379868618159015,0.061053066099028636,0.13537935511904675,0.26597993514077073,0.9523809523809523,0.9285714285714286,0.3270741087361768,,0.3179815507873449,,0.31798155078734497,,0.3088051361854639,,0.3186099415954776,,0.3088051370493734,,0.31860994177677493,,0.2895907748565943,,
lewidi_hsbrexit,llama,32,GPP-cosine,1,16,0.5218790025839298,0.12651946618082596,0.22882855988076958,0.3166165902373188,0.8035714285714286,0.7797619047619048,0.3338639438152313,0.0440235361456871,0.14964639028213558,0.07246449918689464,0.1496463902821356,0.07246449918689463,0.15106433511059547,0.08009051214129563,0.15339047274570683,0.07631244738853783,0.1510643379575206,0.0800905140958211,0.1533904793816048,0.07631245327619557,0.16153802944047604,0.08130347796281973,
lewidi_hsbrexit,llama,32,GPP-rbf,1,16,0.3995695601032386,0.07861663581519023,0.1681684743324738,0.3074554691585268,0.9404761904761905,0.8928571428571429,0.24145285785198212,0.07987990975379944,-0.023479631458872614,-0.06511097319557649,-0.023479631458872607,-0.0651109731955765,0.019110690211082734,-0.027442694203448116,-0.012360038043060476,-0.05670820619426084,0.019110692375138225,-0.027442693593703223,-0.012360029281043468,-0.05670820178139571,-0.030733960201676392,-0.07078152334364606,
lewidi_hsbrexit,llama,32,GPP-laplace,1,16,0.5600244550702806,0.1731461904368636,0.3265640175502215,0.49321928562713035,0.9404761904761905,0.8928571428571429,0.42624714970588684,0.24446824193000793,0.0006882972236516502,-0.06045127104227735,0.0006882972236516294,-0.06045127104227739,0.04566691077830863,-0.06999484875497472,0.0109924523942505,-0.06365054222752443,0.045666911297764255,-0.06999484959989963,0.01099245771995104,-0.0636505459376296,0.01794866993783067,-0.10200347172333185,
lewidi_hsbrexit,llama,32,LPE,1,16,0.47020990499801674,0.07515026737706643,0.14452339130054628,0.2418113973191575,0.9404761904761905,0.8928571428571429,0.14827735722064972,0.01420899759978056,0.03756905890356916,0.05644650558336535,0.037569058903569166,0.05644650558336534,0.0618394320014416,0.07868025961779719,0.046470910855636066,0.06476465494281872,0.06183943575658898,0.07868026309629593,0.046470922216378746,0.06476466616494214,-0.01226941704709295,-0.021833985336076774,
lewidi_hsbrexit,llama,32,LP-temp,1,16,0.41004136611218184,0.10154822435362544,0.21166918318107086,0.38615363593135515,0.9404761904761905,0.8928571428571429,0.5115843778097904,,0.022144735352515627,,0.022144735352515633,,0.0482469402572133,,0.0315873021288482,,0.048246944268554845,,0.03158731382868814,,0.0010456889528772401,,
lewidi_hsbrexit,llama,32,GPP-cosine,1,256,0.40450368164157524,0.06241721604282792,0.1351427038965469,0.21768329498034478,0.9345238095238095,0.8988095238095238,0.1967904269695282,0.006363397464156151,0.28628215979265886,0.238381070982503,0.2862821597926589,0.23838107098250302,0.29204883736444065,0.22276333714350105,0.28837505098410254,0.23294565084285085,0.2920488364298751,0.22276333334682985,0.28837504889416454,0.2329456411992512,0.29839779959304924,0.3439480103803818,
lewidi_hsbrexit,llama,32,GPP-rbf,1,256,0.4153283649741919,0.06446013351169375,0.13257327842889244,0.21307150720363602,0.9404761904761905,0.8928571428571429,0.14017684757709503,0.006165459752082825,0.32142365326316524,0.28892521619982503,0.32142365326316524,0.2889252161998251,0.3196230261835308,0.29857750005806544,0.32043426366194766,0.28844405065809736,0.3196230234325423,0.2985774952988528,0.3204342599745915,0.2884440439333692,0.26337883843780474,0.17875239335806403,
lewidi_hsbrexit,llama,32,GPP-laplace,1,256,0.4364168333060957,0.07493079558451338,0.15066010153497614,0.2617247748554433,0.9404761904761905,0.8928571428571429,0.13349445164203644,0.0709364265203476,-0.03360846404325392,-0.05805086634361745,-0.03360846404325399,-0.05805086634361743,0.005178140975439255,-0.0233262412966255,-0.02679052774695631,-0.05245268235603995,0.005178139346018754,-0.023326243136175456,-0.026790528296716798,-0.05245268390660207,-0.05678323389446275,-0.08066212207172169,
lewidi_hsbrexit,llama,32,LPE,1,256,0.5508635212765547,0.06714157739031025,0.12315902981224879,0.17814856830823686,0.9404761904761905,0.8928571428571429,0.05003233626484871,0.009922756813466549,0.3001948254825406,0.2634129932681906,0.3001948254825406,0.2634129932681907,0.3009704924954219,0.2504221440167077,0.2984861464783563,0.25644922475933907,0.30097048845601854,0.25042213771894706,0.29848614075021324,0.25644921650988867,0.2604183768245479,0.25858261177394115,
lewidi_hsbrexit,llama,32,LP-temp,1,256,0.3471050351859242,0.05559635012150802,0.12975739264130154,0.24034572522106273,0.9523809523809523,0.9047619047619048,0.24098800790732594,,0.2988839953996837,,0.29888399539968374,,0.31940500571573316,,0.30395724649441735,,0.31940500442661107,,0.3039572453363707,,0.25544089740885223,,
lewidi_hsbrexit,llama,32,GPP-cosine,2,64,0.4816026717504749,0.09367442804536914,0.17723169426679283,0.2498094482774102,0.875,0.8392857142857143,0.22498629987239838,0.016192903742194176,0.14922617019458662,0.1616185677823667,0.14922617019458664,0.1616185677823667,0.1801214876331148,0.17021266136513208,0.15633004427270403,0.16156244943955828,0.18012148705239278,0.17021265816308764,0.1563300463503089,0.16156244404299233,0.21399908232971285,0.2408198420943998,
lewidi_hsbrexit,llama,32,GPP-rbf,2,64,0.44360403078825816,0.07256142808061254,0.14433198911415057,0.24300723049731895,0.9404761904761905,0.8928571428571429,0.14090315997600555,0.032832272350788116,0.06060053899676213,0.02715452743377085,0.06060053899676215,0.027154527433770878,0.06423373464681517,0.037265819934331354,0.05738686264403972,0.025296740325334785,0.06423372979560729,0.037265815233341826,0.057386856731501144,0.02529673430328916,0.03718934667077189,-0.009620338366470608,
lewidi_hsbrexit,llama,32,GPP-laplace,2,64,0.3997006378001935,0.09385279408120942,0.20028358070357216,0.36878660991868856,0.9404761904761905,0.8928571428571429,0.2980867028236389,0.1676872968673706,-0.06531562883803277,-0.10685159030043696,-0.06531562883803277,-0.10685159030043698,-0.027897701461042368,-0.08044749569456526,-0.059410030929323385,-0.10372321408498378,-0.027897703566334586,-0.08044749794082895,-0.05941003245054716,-0.10372321684314936,-0.0744530534448595,-0.10719008892960295,
lewidi_hsbrexit,llama,32,LPE,2,64,0.581280691346973,0.07641761711603932,0.13250968452311576,0.194879897964795,0.9404761904761905,0.8928571428571429,0.05957910045981407,0.004027985036373138,0.13276749403587945,0.08852378171732914,0.13276749403587948,0.08852378171732915,0.10590691966506907,0.06181807925843901,0.12214453020256684,0.07894747705678591,0.10590691351879793,0.061818074526029845,0.12214452161210995,0.07894747155315428,0.1337412933197704,0.16140325175321635,
lewidi_hsbrexit,llama,32,LP-temp,2,64,0.39627065348970436,0.06901922400703225,0.14777973299376918,0.2612570201068805,0.9404761904761905,0.8928571428571429,0.23628707048620945,,0.13468400239104106,,0.13468400239104109,,0.12849252798055866,,0.13005276671163657,,0.12849252346017562,,0.1300527605959549,,0.1227778255871597,,
lewidi_hsbrexit,llama,32,GPP-cosine,2,256,0.4074350631389618,0.07126892059199734,0.14566100988046551,0.21603227705177316,0.9166666666666666,0.8928571428571429,0.2338957041501999,0.00877237506210804,0.32922491380546925,0.3363902396680232,0.3292249138054693,0.3363902396680232,0.3475817586235761,0.3304854348434002,0.33442699150329863,0.33720341916688684,0.34758175780677525,0.3304854349977707,0.334426990802264,0.33720341916590746,0.35710045365434884,0.44385545669150195,
lewidi_hsbrexit,llama,32,GPP-rbf,2,256,0.4413023550676002,0.06942162944685047,0.13735845785482698,0.21693439776018522,0.9404761904761905,0.8928571428571429,0.1374451071023941,0.00614861911162734,0.2292969906779253,0.18133960520871706,0.22929699067792533,0.1813396052087171,0.24263046196846816,0.1999594054459911,0.2288340428148219,0.18129715155242757,0.24263045672192143,0.19995939969340698,0.228834036062041,0.18129714410013503,0.24250223943191782,0.195845922107764,
lewidi_hsbrexit,llama,32,GPP-laplace,2,256,0.451717474327338,0.07578147651755016,0.14923852821812034,0.25637972117670016,0.9404761904761905,0.8928571428571429,0.12306410819292068,0.06511751562356949,-0.05127960202501915,-0.0714021810339579,-0.05127960202501919,-0.07140218103395794,-0.01342209912674451,-0.0376081395320156,-0.045383696255594005,-0.06666288150887845,-0.013422101440890288,-0.037608142013770315,-0.04538369785173539,-0.06666288399878412,-0.06740278614923828,-0.08039721420365945,
lewidi_hsbrexit,llama,32,LPE,2,256,0.6064881806419424,0.07418203571036186,0.13032341393442862,0.1837886357770214,0.9404761904761905,0.8928571428571429,0.051265209913253784,0.008982398547232151,0.21174924033157566,0.13814489048637862,0.21174924033157566,0.13814489048637862,0.20599468009833521,0.13217646243607428,0.20637312477397118,0.1335998498230686,0.20599467414257536,0.13217645793483604,0.20637311744711076,0.1335998448667257,0.2555803226025692,0.24087561217188658,
lewidi_hsbrexit,llama,32,LP-temp,2,256,0.387094358371555,0.06498307552001713,0.13852560509642858,0.23617987101379528,0.9345238095238095,0.8869047619047619,0.2185655217249294,,0.2494505953731755,,0.24945059537317552,,0.2700867189041499,,0.2500999332225641,,0.27008671298815845,,0.25009992407479203,,0.24167033577607325,,
lewidi_hsbrexit,llama,32,GPP-cosine,3,64,0.5603606528786512,0.11573720131849925,0.2069888221583694,0.2496269407578107,0.8035714285714286,0.7797619047619048,0.2108672708272934,0.017115414142608643,0.1210651893504876,0.17473607140984318,0.1210651893504876,0.1747360714098432,0.12572766550068568,0.14467792749223968,0.12215271095274026,0.16671146175552712,0.12572766478995184,0.14467792474049093,0.12215271070823769,0.16671145383702796,0.1807229360959305,0.15783861430051924,
lewidi_hsbrexit,llama,32,GPP-rbf,3,64,0.4424721017796046,0.07253819296950367,0.14379208770835594,0.24110539327424763,0.9404761904761905,0.8928571428571429,0.16125015914440155,0.011618669144809246,0.08465252088085745,-0.0005076574582034005,0.08465252088085748,-0.0005076574582033588,0.07359145503088677,0.004087752266293973,0.07512255314629422,-0.0057753094105041786,0.07359144657140515,0.00408774529384813,0.0751225394998363,-0.0057753199317781,0.09144433705250034,-0.0006645934233842015,
lewidi_hsbrexit,llama,32,GPP-laplace,3,64,0.4027964708296866,0.09371017029729843,0.1990621497499801,0.3653309307831063,0.9404761904761905,0.8928571428571429,0.2914392054080963,0.16406814754009247,-0.1138550131745501,-0.1560906551297762,-0.11385501317455009,-0.1560906551297762,-0.08226597626777284,-0.13493949989327797,-0.10911516202693393,-0.15398147569183374,-0.08226597793696552,-0.1349395016759437,-0.10911516237979241,-0.15398147717343977,-0.12521311897074933,-0.16754260778322003,
lewidi_hsbrexit,llama,32,LPE,3,64,0.6478799492610214,0.07974762768382042,0.13268004595981134,0.1929386818223834,0.9404761904761905,0.8928571428571429,0.042902667075395584,0.0032546864822506905,0.07831581964657645,0.07467127165101445,0.07831581964657647,0.07467127165101446,0.054901956568897674,0.04495917847872126,0.0671030158786769,0.0632007189496658,0.05490194928241388,0.04495917246058173,0.06710300449246379,0.0632007109312965,0.09993997885632075,0.1049128107655592,
lewidi_hsbrexit,llama,32,LP-temp,3,64,0.4053718259322056,0.07154148648618977,0.1507459788609062,0.2657834127827276,0.9404761904761905,0.8928571428571429,0.24540554033615267,,0.08869614321389468,,0.08869614321389471,,0.07629537498297229,,0.07948397689731786,,0.07629536717639011,,0.07948396389631682,,0.09376809028111642,,
lewidi_hsbrexit,llama,32,GPP-cosine,3,256,0.4105531006179195,0.06982885741047931,0.14515814994420106,0.21983754691490884,0.9107142857142857,0.875,0.2182074338197708,0.009774070233106613,0.2890949478066821,0.18935252736540062,0.2890949478066821,0.18935252736540065,0.30087654015897036,0.18990483755264406,0.29316110225036746,0.19051165029437217,0.3008765399382646,0.18990483747717446,0.2931611020782707,0.19051164984516386,0.32682194908548123,0.3710615630518744,
lewidi_hsbrexit,llama,32,GPP-rbf,3,256,0.4160188876269697,0.06555593070128587,0.1350903214479331,0.21904414798842767,0.9404761904761905,0.8928571428571429,0.15269851684570312,0.006832003593444824,0.2999873037225932,0.2403192428727072,0.29998730372259325,0.24031924287270726,0.3007245404463472,0.25513003575220744,0.29814414369264186,0.24109281484694453,0.30072453626807244,0.25513003145005586,0.2981441363572954,0.24109280800710628,0.3148546199581083,0.2515555820106061,
lewidi_hsbrexit,llama,32,GPP-laplace,3,256,0.43824078606775696,0.07522156380674277,0.1510330512121852,0.26239450946995013,0.9404761904761905,0.8928571428571429,0.1346353143453598,0.07159005105495453,-0.033677937718952194,-0.05796557888967614,-0.03367793771895221,-0.05796557888967613,0.002804729265184852,-0.026008355537675817,-0.02737667258204593,-0.05296987082487094,0.0028047276217660205,-0.02600835737497341,-0.02737667395900263,-0.05296987319051401,-0.05329760405153862,-0.07051661547558384,
lewidi_hsbrexit,llama,32,LPE,3,256,0.557425105408709,0.06896918157803161,0.12548673547434236,0.18362968145369707,0.9404761904761905,0.8928571428571429,0.05292220786213875,0.012193592265248299,0.2543867693332025,0.22371326048930806,0.2543867693332025,0.22371326048930806,0.25815874464161565,0.23041981486386545,0.25306533695819694,0.22350115340631693,0.25815874060201766,0.230419811543808,0.25306533116823193,0.22350114993895648,0.2931647073222058,0.3056432621598742,
lewidi_hsbrexit,llama,32,LP-temp,3,256,0.356217954122027,0.06005694470343797,0.1353193504209402,0.24933157791095462,0.9523809523809523,0.9166666666666666,0.2678225968752039,,0.2734620363108405,,0.27346203631084054,,0.28114890977254553,,0.27475183353991406,,0.2811489075612471,,0.2747518284214953,,0.26469873027165874,,
lewidi_hsbrexit,llama,32,GPP-cosine,4,64,0.37119031326563323,0.0703390854270588,0.15297886987718812,0.24972044327410076,0.9047619047619048,0.8809523809523809,0.2719403803348541,0.020528391003608704,0.28462036742503816,0.22967060843232348,0.28462036742503816,0.2296706084323235,0.2925216873332271,0.2208031787704552,0.28776907681779085,0.22755723974167674,0.29252168706468484,0.22080317708377628,0.28776907706689137,0.22755723583153514,0.296311069193752,0.3539726818086316,
lewidi_hsbrexit,llama,32,GPP-rbf,4,64,0.42706464256965726,0.07224467482520229,0.14677902641484425,0.2504622195156854,0.9404761904761905,0.8928571428571429,0.16214731335639954,0.03825981169939041,0.09343263807003718,0.029418523315769662,0.09343263807003718,0.029418523315769676,0.07116244455285137,0.022805563883238608,0.08751900162866345,0.02625695962379375,0.07116244278356988,0.0228055617837907,0.08751899940528103,0.026256957055324937,0.10716220389085956,0.01525776369909324,
lewidi_hsbrexit,llama,32,GPP-laplace,4,64,0.4065099690330466,0.0979269892615965,0.20714037878704922,0.37905805521397945,0.9404761904761905,0.8928571428571429,0.31062689423561096,0.17506447434425354,-0.09741266055306998,-0.14169037139405657,-0.09741266055306999,-0.1416903713940566,-0.06887476931383057,-0.12522131704280182,-0.093106884974278,-0.14042587880532978,-0.0688747708307747,-0.12522131872007136,-0.09310688583925913,-0.14042588105026907,-0.10061851479907666,-0.14657770615464566,
lewidi_hsbrexit,llama,32,LPE,4,64,0.5111717704082952,0.0738417284908586,0.13634547463949448,0.21313928656224962,0.9404761904761905,0.8928571428571429,0.09755504876375198,0.012840388342738152,0.10142124545070985,0.09680442377267283,0.1014212454507099,0.09680442377267286,0.0798143915592968,0.08706554501060848,0.09598822167691401,0.09474158715786718,0.07981439011134393,0.0870655444552988,0.0959882203789697,0.09474158762107387,0.16327154934902363,0.1756989816156625,
lewidi_hsbrexit,llama,32,LP-temp,4,64,0.3871458095709205,0.08808949774722379,0.18877133252811634,0.34929494496021185,0.9404761904761905,0.8928571428571429,0.45008200709889146,,0.14934766407584624,,0.14934766407584626,,0.11293896110493067,,0.14081400454129303,,0.11293895949604327,,0.1408140020150212,,0.15998111477730328,,
lewidi_hsbrexit,llama,32,GPP-cosine,4,256,0.3763381736032836,0.06415531990321095,0.1385170659558705,0.21615676779763918,0.9285714285714286,0.8928571428571429,0.21235397458076477,0.008613811805844307,0.30688960615383587,0.23697970106047883,0.3068896061538359,0.23697970106047886,0.30937484714859376,0.22754909067190035,0.30870883239241,0.23398909582284969,0.30937484657360736,0.2275490880990381,0.3087088321534337,0.2339890904780279,0.3688354074588602,0.4647692357490467,
lewidi_hsbrexit,llama,32,GPP-rbf,4,256,0.42071225991997063,0.0656931462843603,0.13379087996353128,0.2162588132592755,0.9404761904761905,0.8928571428571429,0.14615987241268158,0.006325052119791508,0.3134080221066061,0.25841533327379623,0.3134080221066062,0.2584153332737963,0.3007938473631153,0.2531582379484557,0.3103518904435477,0.2561561374220379,0.3007938449948253,0.25315823503502866,0.3103518888320377,0.2561561351608092,0.3054945419532427,0.230455902694772,
lewidi_hsbrexit,llama,32,GPP-laplace,4,256,0.4460799666929555,0.07553634062302478,0.14986912498716265,0.2588474922253462,0.9404761904761905,0.8928571428571429,0.12799695134162903,0.06773387640714645,-0.04920935579648812,-0.07367405304235096,-0.04920935579648815,-0.07367405304235097,-0.01920232932903962,-0.04741405261503111,-0.044147934012291876,-0.06978458593984754,-0.019202330675985313,-0.04741405419537936,-0.044147934473526246,-0.06978458745742372,-0.07016805249129143,-0.08942267174360435,
lewidi_hsbrexit,llama,32,LPE,4,256,0.5590522447584312,0.06980279409036311,0.1258570700265842,0.1841153827177133,0.9464285714285714,0.8988095238095238,0.057132840156555176,0.011038045398890972,0.264875026110903,0.2301128486408123,0.264875026110903,0.23011284864081233,0.2574557787883939,0.21012595592675648,0.26293001793058157,0.22470392965125452,0.25745577670811537,0.21012595327557665,0.26293001707903274,0.22470392893705105,0.2665763228803805,0.246689642749884,
lewidi_hsbrexit,llama,32,LP-temp,4,256,0.3535893891812661,0.06251523484690058,0.13981630825251937,0.258395772172161,0.9523809523809523,0.9047619047619048,0.29308766169357847,,0.28939821020384093,,0.28939821020384093,,0.29091294864128636,,0.2928084969583026,,0.2909129501854164,,0.2928085001487318,,0.25778788816975445,,
lewidi_hsbrexit,llama,48,GPP-cosine,0,64,0.4240845014105392,0.08520422067296891,0.17043769104228496,0.23984433900420268,0.8511904761904762,0.8392857142857143,0.2522374987602234,0.04439188167452812,0.3290157185014968,0.3106581232292329,0.3290157185014968,0.31065812322923303,0.3059042748129547,0.26092198098498914,0.3235233270324015,0.29778791592566356,0.30590427218601307,0.2609219767454565,0.32352331912791643,0.29778790322796445,0.3508588524822861,0.36036765069378307,
lewidi_hsbrexit,llama,48,GPP-rbf,0,64,0.4399640339036249,0.07193956622990469,0.14289874223703963,0.23664379288052922,0.9404761904761905,0.8928571428571429,0.16326044499874115,0.010610108263790607,0.2288358247603229,0.0872846573850195,0.22883582476032294,0.0872846573850195,0.19907485459034474,0.07416788730089714,0.2240128895522394,0.08421088743780554,0.19907485497558725,0.074167886504412,0.22401288787544943,0.08421088498098654,0.19584127460130676,0.09271310631532471,
lewidi_hsbrexit,llama,48,GPP-laplace,0,64,0.4009797333165156,0.08755586254392216,0.18594394260573954,0.3390296569608341,0.9404761904761905,0.8928571428571429,0.2562393844127655,0.1427379697561264,-0.0689551692776719,-0.09883445159254729,-0.06895516927767191,-0.09883445159254725,-0.06426486673019899,-0.10032625601355918,-0.07029150946571057,-0.10178156840911923,-0.06426486890875974,-0.10032625828632555,-0.0702915134334588,-0.10178157306071078,-0.027415640591212622,-0.06888998821555258,
lewidi_hsbrexit,llama,48,LPE,0,64,0.6358795735144435,0.07931995593162074,0.13179119851563537,0.18819432616620033,0.9404761904761905,0.8928571428571429,0.03927936032414436,0.0021925526671111584,0.2599849214240232,0.256059636720121,0.25998492142402324,0.256059636720121,0.23761413849925045,0.24200486615842648,0.25781815243341666,0.25522420578142657,0.23761413983935534,0.24200486698277418,0.2578181512974866,0.2552242034444145,0.2497058744406277,0.28010056667092614,
lewidi_hsbrexit,llama,48,LP-temp,0,64,0.3736780480642771,0.07172292967024411,0.1574524596290137,0.28474300273504694,0.9404761904761905,0.8928571428571429,0.32894888433682756,,0.263252865211119,,0.263252865211119,,0.22577051420748118,,0.2570157623034152,,0.22577051467366738,,0.25701576049588104,,0.23961613792197664,,
lewidi_hsbrexit,llama,48,GPP-cosine,0,256,0.36741636364611224,0.053627536148960896,0.11652748428453681,0.19452323977332306,0.9464285714285714,0.9226190476190477,0.20728079974651337,0.016230620443820953,0.42134639698206466,0.3158002544615999,0.4213463969820647,0.3158002544616,0.41077236057723526,0.28512261494714447,0.4206305304649768,0.30882493638534375,0.4107723596143278,0.28512261259643445,0.4206305269029513,0.3088249278688464,0.4135258295516047,0.40779080658338024,
lewidi_hsbrexit,llama,48,GPP-rbf,0,256,0.4260341885858205,0.06315675532809104,0.12926298348022447,0.21196422698608364,0.9464285714285714,0.8988095238095238,0.1352597028017044,0.022843655198812485,0.2970821847225806,0.23409307912006636,0.29708218472258063,0.23409307912006638,0.2714837357262128,0.21103426540256076,0.29354845565513765,0.2309278536719292,0.27148373608976933,0.2110342659677436,0.293548457843831,0.23092785616297526,0.26265382743047655,0.2172290993174892,
lewidi_hsbrexit,llama,48,GPP-laplace,0,256,0.42196625161825013,0.07813227939203667,0.16160350799604895,0.2867346623686868,0.9404761904761905,0.8928571428571429,0.17035183310508728,0.09201107919216156,-0.0774818652702188,-0.10068588459377044,-0.07748186527021883,-0.10068588459377042,-0.07049847020153072,-0.09721063390236752,-0.07780517248565821,-0.10198157265651445,-0.07049847175557246,-0.09721063553412676,-0.07780517353087527,-0.10198157430623908,-0.03439154778351812,-0.06552054603405924,
lewidi_hsbrexit,llama,48,LPE,0,256,0.49014353934117705,0.06217195891911244,0.12023746236783543,0.183484327392124,0.9464285714285714,0.8988095238095238,0.08969404548406601,0.022919215261936188,0.30430178019626053,0.29040522647213707,0.30430178019626053,0.2904052264721371,0.28911507797085,0.2710325853290045,0.3037191707164961,0.28967293315162246,0.289115079038136,0.2710325873378595,0.30371917280780875,0.28967293803948063,0.30265956301433117,0.30374243201886625,
lewidi_hsbrexit,llama,48,LP-temp,0,256,0.3602211318998551,0.06398817717144034,0.14005279353735758,0.2540009346764566,0.9404761904761905,0.9166666666666666,0.30312228311907247,,0.29307267819972327,,0.2930726781997233,,0.2838391126548525,,0.2944402094173729,,0.283839114516539,,0.294440211957978,,0.2841253072628892,,
lewidi_hsbrexit,llama,48,GPP-cosine,1,16,0.5356475073280232,0.14557019277378358,0.2666522938871778,0.36734875713743403,0.7559523809523809,0.7321428571428571,0.36953258514404297,0.10387074202299118,0.13807089191432317,0.011633155085716752,0.1380708919143232,0.011633155085716752,0.14258705593017587,-0.003306224883868218,0.14154915431303453,0.009952293969531158,0.14258705780339365,-0.003306223196543105,0.1415491572421418,0.009952295833101601,0.13407126627823385,0.008477051777991492,
lewidi_hsbrexit,llama,48,GPP-rbf,1,16,0.39884739757784954,0.08006480353017101,0.17068574678463241,0.310868589860184,0.9404761904761905,0.8928571428571429,0.2550522983074188,0.08352316170930862,0.031204375311993535,-0.07231815326097543,0.03120437531199352,-0.07231815326097542,0.053123975055364404,-0.055128946016426005,0.035777969207455546,-0.06984250070117957,0.05312397460973265,-0.05512894697253559,0.03577797327112969,-0.06984249916781576,0.03254648771999694,-0.06715182080054774,
lewidi_hsbrexit,llama,48,GPP-laplace,1,16,0.554503918172856,0.17065572040280289,0.32278658063816174,0.49046503664473173,0.9404761904761905,0.8928571428571429,0.4240363538265228,0.24296413362026215,-0.030111062750760836,-0.09265671316594531,-0.030111062750760816,-0.09265671316594533,-0.007280131228450351,-0.11128741417199776,-0.025678237389347436,-0.09855159307969517,-0.007280131653821693,-0.11128741559620305,-0.025678235519655486,-0.09855159820655333,-0.03176570663518193,-0.11885997764371296,
lewidi_hsbrexit,llama,48,LPE,1,16,0.4229358961732651,0.07304231421569633,0.14939199171827308,0.25824632811691434,0.9404761904761905,0.8928571428571429,0.1882503181695938,0.04180869832634926,0.13651273871535635,0.13569935786040016,0.13651273871535638,0.1356993578604002,0.15308135297441147,0.15012158930071645,0.14104851875911759,0.1409925122765418,0.1530813531035024,0.15012159079926993,0.14104852434721515,0.1409925203759869,0.10430863492611901,0.11971047132538644,
lewidi_hsbrexit,llama,48,LP-temp,1,16,0.4208010323497428,0.10728732897288842,0.221646803767115,0.40001664600508896,0.9404761904761905,0.8928571428571429,0.5368064033014772,,0.10742864810552538,,0.1074286481055254,,0.12505914281559602,,0.11058066254470693,,0.12505914133651852,,0.11058066469419153,,0.10019094420501129,,
lewidi_hsbrexit,llama,48,GPP-cosine,1,256,0.38834017617194894,0.054784217620023744,0.11857407799334396,0.19685687162647292,0.9464285714285714,0.9107142857142857,0.16036565601825714,0.010465875267982483,0.34176262196068513,0.31289448069159337,0.34176262196068513,0.3128944806915935,0.3568487642134854,0.3183709608554793,0.34465069847399615,0.31182559691399825,0.3568487615369188,0.318370956302179,0.3446506928671172,0.31182558671847294,0.33335634316434964,0.35896410374369897,
lewidi_hsbrexit,llama,48,GPP-rbf,1,256,0.4109445211038721,0.06420825896497152,0.13289491283718408,0.21207156120641887,0.9404761904761905,0.8928571428571429,0.1427992433309555,0.0063604796305298805,0.3280306457053946,0.2763973227313248,0.32803064570539464,0.2763973227313248,0.3154720149322799,0.27398308492630885,0.32481508318379626,0.27344855696298287,0.31547201227816396,0.27398308043793884,0.3248150801227966,0.2734485512960457,0.3364841150100669,0.2555524375638258,
lewidi_hsbrexit,llama,48,GPP-laplace,1,256,0.4247193960921135,0.07669389165839537,0.1575817053006696,0.2778629971457616,0.9404761904761905,0.8928571428571429,0.15679939091205597,0.08410486578941345,-0.06963394853120594,-0.09605970602637501,-0.06963394853120593,-0.09605970602637501,-0.05572860392247097,-0.08590979268632429,-0.0685716121688344,-0.09611562728376508,-0.05572860566942383,-0.08590979459217495,-0.0685716139021169,-0.09611562977981804,-0.020449028411821585,-0.050574165267600564,
lewidi_hsbrexit,llama,48,LPE,1,256,0.5377963820429024,0.06718183738803502,0.12436693695805107,0.1794611284407526,0.9464285714285714,0.8988095238095238,0.055037885904312134,0.010444266721606255,0.2889269832402147,0.22700801060351264,0.2889269832402147,0.22700801060351267,0.2752669661071131,0.20387584741076695,0.2851031290912391,0.2194747826486667,0.27526696329834266,0.20387584318192783,0.2851031260151482,0.21947477874827062,0.33301707519297175,0.31334418035950795,
lewidi_hsbrexit,llama,48,LP-temp,1,256,0.34860861594372655,0.055098540918762,0.12600740415942144,0.22383844942638798,0.9464285714285714,0.8988095238095238,0.22920181866547,,0.3388873634223159,,0.33888736342231585,,0.3376679098080204,,0.3394733264238182,,0.3376679085542933,,0.3394733243583681,,0.3401742351371093,,
lewidi_hsbrexit,llama,48,GPP-cosine,2,64,0.4221086067749416,0.08533952623943468,0.16896334551676687,0.23797932811109396,0.8511904761904762,0.8511904761904762,0.24254946410655975,0.039147574454545975,0.30887249354346763,0.280367614942591,0.3088724935434677,0.280367614942591,0.3227077886598284,0.2845768925102132,0.31429947856207,0.28164013612781663,0.322707789324745,0.28457689108035794,0.31429948081700265,0.2816401323088477,0.3283742162421968,0.3360565444160016,
lewidi_hsbrexit,llama,48,GPP-rbf,2,64,0.4153195958800658,0.07030127193936056,0.1463441446151895,0.25517153076176263,0.9404761904761905,0.8928571428571429,0.169242724776268,0.042145244777202606,0.10366024157451695,0.026372741040719405,0.10366024157451698,0.02637274104071939,0.0900630306988088,0.019157898386397462,0.09707064623976105,0.02155587089278342,0.09006302600259776,0.019157894612122847,0.09707063996609251,0.021555866178244773,0.05614187800336471,0.010020023921792574,
lewidi_hsbrexit,llama,48,GPP-laplace,2,64,0.4125599639078041,0.10127398857060949,0.21297423237757312,0.38574379246930135,0.9404761904761905,0.8928571428571429,0.31694236397743225,0.17848613858222961,-0.07269984587828116,-0.10783463189667308,-0.07269984587828116,-0.10783463189667308,-0.06531874279684233,-0.10892908228525833,-0.07369098533666033,-0.11093191981114281,-0.06531874522138387,-0.10892908476317062,-0.07369098913091449,-0.11093192448957737,-0.04554556328087534,-0.0865412177401204,
lewidi_hsbrexit,llama,48,LPE,2,64,0.5371347253584033,0.0713827796252269,0.12987501621925426,0.19432996651360734,0.9404761904761905,0.8928571428571429,0.07552662491798401,0.007112697698175907,0.22045413999018848,0.14502252015601308,0.22045413999018848,0.1450225201560131,0.18480568696934624,0.10359578854672583,0.2091486837925741,0.13199320938115544,0.18480568163094127,0.10359578318614386,0.20914867562857212,0.13199320259135466,0.1734774735291055,0.19351752137269065,
lewidi_hsbrexit,llama,48,LP-temp,2,64,0.3808836995964081,0.0667179995260887,0.14525118641454007,0.26363863454403175,0.9464285714285714,0.8988095238095238,0.26657032973520206,,0.2049952076983299,,0.20499520769832996,,0.18351601583391086,,0.19813356746946287,,0.18351601209311208,,0.19813356101809196,,0.1596511418188398,,
lewidi_hsbrexit,llama,48,GPP-cosine,2,256,0.3662042247693378,0.056685973890346526,0.12354315872843949,0.19031841677963912,0.9226190476190477,0.9107142857142857,0.19580668210983276,0.013741135597229004,0.4185585108163177,0.4187685997436751,0.4185585108163177,0.4187685997436751,0.423817988637695,0.405503345125122,0.4203621471949377,0.41718946036267096,0.4238179866452941,0.40550334387320097,0.42036214308640735,0.4171894563199021,0.4403326467969199,0.4737668082502482,
lewidi_hsbrexit,llama,48,GPP-rbf,2,256,0.42282128643136474,0.06693420891413046,0.13622770520548025,0.2169517889707142,0.9404761904761905,0.8928571428571429,0.1459314376115799,0.00671694939956069,0.27688523906687557,0.19354615747484052,0.2768852390668756,0.19354615747484055,0.27918211012525457,0.192303657951878,0.2760094261905095,0.1913088446184899,0.2791821067937211,0.19230365450818276,0.27600942387152616,0.1913088423651923,0.29379676820038936,0.2297587767261872,
lewidi_hsbrexit,llama,48,GPP-laplace,2,256,0.4333360369734188,0.0774376707650723,0.15722731748662358,0.275889058039816,0.9404761904761905,0.8928571428571429,0.1509409248828888,0.08083809912204742,-0.08553406781462516,-0.10668309960265264,-0.08553406781462516,-0.10668309960265265,-0.06816837146528103,-0.09346235653891291,-0.08330283877445277,-0.10559851374616455,-0.06816837265026826,-0.09346235785394572,-0.08330283870974554,-0.10559851437061232,-0.04765088370600152,-0.07475978887103682,
lewidi_hsbrexit,llama,48,LPE,2,256,0.5583340876018651,0.07044369558391639,0.1284810279867521,0.18452485670276153,0.9404761904761905,0.8928571428571429,0.05630839616060257,0.01278645545244217,0.251822596054579,0.19053355415684312,0.2518225960545791,0.19053355415684314,0.2525942781415472,0.17246185577808387,0.24963428527904574,0.1834422578070838,0.25259427388398414,0.17246185104735484,0.2496342814377151,0.183442253895207,0.32261595574168606,0.3362192071420047,
lewidi_hsbrexit,llama,48,LP-temp,2,256,0.3627241209692582,0.060858812927607364,0.13501431559767146,0.23494139247666462,0.9404761904761905,0.8928571428571429,0.24248727247544954,,0.3030258219373434,,0.3030258219373434,,0.3158564152400044,,0.3058962453413001,,0.31585641334389786,,0.3058962444525544,,0.30589887501502194,,
lewidi_hsbrexit,llama,48,GPP-cosine,3,64,0.5115342314052232,0.10919219749312971,0.20283779197676008,0.2796068265845337,0.8392857142857143,0.8154761904761905,0.2545378506183624,0.04471151530742645,0.13993119643091667,0.09153549536049554,0.1399311964309167,0.09153549536049556,0.13762512925128376,0.061095261521910055,0.1408225818322489,0.08494177826707137,0.13762512989413273,0.06109526099502403,0.14082258481153806,0.08494177654636983,0.1523870892261859,0.127908672715944,
lewidi_hsbrexit,llama,48,GPP-rbf,3,64,0.4367652204481821,0.07224846532545882,0.14443207401893146,0.24356701608747186,0.9404761904761905,0.8928571428571429,0.16590921580791473,0.012332169339060783,0.07942019108120027,-0.03490841000741805,0.07942019108120028,-0.03490841000741805,0.0674893358576607,-0.04116142389317461,0.07112022385719147,-0.041316974770965534,0.06748932901160187,-0.04116142927334215,0.07112021269398959,-0.04131698304149386,0.09032428799630739,-0.041567297753484604,
lewidi_hsbrexit,llama,48,GPP-laplace,3,64,0.4102997981780213,0.09713913213664067,0.2042812362224573,0.3706434254689693,0.9404761904761905,0.8928571428571429,0.2957759201526642,0.16647760570049286,-0.12180840850729847,-0.1565785012094402,-0.1218084085072985,-0.1565785012094402,-0.1062856190526636,-0.1489321028341327,-0.121129534566806,-0.15787027655308372,-0.10628562128034283,-0.1489321051125337,-0.12112953722115441,-0.15787027996889846,-0.09953564579454156,-0.1344523618077269,
lewidi_hsbrexit,llama,48,LPE,3,64,0.6347874662505552,0.07881007014837273,0.13240795159176091,0.19266325430719847,0.9404761904761905,0.8928571428571429,0.044419970363378525,0.004135807976126671,0.09609172376893704,0.06489962039699784,0.09609172376893708,0.06489962039699787,0.07456959219637878,0.038061263158925884,0.0853236126572358,0.053783164031378394,0.07456958482901753,0.03806125689938074,0.08532360180022677,0.0537831562218076,0.11020632062034663,0.0990801901617328,
lewidi_hsbrexit,llama,48,LP-temp,3,64,0.39306197892768513,0.07209883809385242,0.1554285834688162,0.27978304072181126,0.9404761904761905,0.8928571428571429,0.27451611459651454,,0.07733066696749927,,0.0773306669674993,,0.06434217251330909,,0.06958746287591654,,0.06434216655718221,,0.06958745262446646,,0.09491137686959554,,
lewidi_hsbrexit,llama,48,GPP-cosine,3,256,0.376162299218392,0.05537841679209808,0.1232511522079373,0.1972619568439639,0.9345238095238095,0.9107142857142857,0.18442323803901672,0.013309554196894169,0.37346080128164755,0.36073625637550466,0.3734608012816476,0.36073625637550466,0.37069833097154825,0.34944124775442054,0.37604156366357994,0.3606444860426127,0.3706983320868674,0.34944124805470844,0.37604156602845323,0.36064448542089944,0.3745332503754268,0.39885829917258,
lewidi_hsbrexit,llama,48,GPP-rbf,3,256,0.40661225950093927,0.06404513124400538,0.13408542138807075,0.21668069538485762,0.9404761904761905,0.8928571428571429,0.15589550137519836,0.00702645955607295,0.3382398118282315,0.27389725192601444,0.3382398118282315,0.2738972519260145,0.3295792265522359,0.2727507783982816,0.3378803640101326,0.27463569872158256,0.32957922606047396,0.2727507777186652,0.33788036513477704,0.2746356998976926,0.33855690288999246,0.23916997730208236,
lewidi_hsbrexit,llama,48,GPP-laplace,3,256,0.4273476907767443,0.0773737626622262,0.1585133365865442,0.2799256085518947,0.9404761904761905,0.8928571428571429,0.15828940272331238,0.08503923565149307,-0.0822663648460886,-0.10641297748332726,-0.08226636484608861,-0.10641297748332729,-0.06926934219277507,-0.0971868576729025,-0.08103372334336897,-0.10627751909980289,-0.0692693434473992,-0.09718685907403327,-0.08103372419736576,-0.10627752068656549,-0.04089805682364317,-0.07818500113001692,
lewidi_hsbrexit,llama,48,LPE,3,256,0.5329188458764963,0.06697907284951501,0.12487354106837129,0.1781719823970907,0.9404761904761905,0.8928571428571429,0.05539789795875549,0.012539857998490334,0.3105654270187689,0.25254451035823877,0.3105654270187689,0.25254451035823877,0.30569219435173073,0.25259300864741946,0.31090519760015856,0.2525409745358262,0.30569219389658153,0.2525930069908028,0.3109051990603925,0.25254097390831554,0.3270915044600007,0.3353222383957589,
lewidi_hsbrexit,llama,48,LP-temp,3,256,0.3440508058854237,0.05605939823801125,0.1298774483931344,0.23961046910695577,0.9583333333333334,0.9107142857142857,0.26522694870752533,,0.3489560572843965,,0.34895605728439655,,0.35520637311536085,,0.35371168143305504,,0.35520637461735466,,0.3537116867075033,,0.32116128622057244,,
lewidi_hsbrexit,llama,48,GPP-cosine,4,64,0.40489359893814836,0.08423229528416444,0.17678615580232526,0.27534275698425664,0.8571428571428571,0.8452380952380952,0.2843506932258606,0.050024669617414474,0.24933594815304908,0.20652436440658534,0.2493359481530491,0.20652436440658542,0.2233870663697063,0.15782234466628173,0.2451222913898093,0.19566112508289654,0.22338706637250944,0.15782234308397747,0.24512228986982448,0.19566111843511064,0.258940469771148,0.24563930629054953,
lewidi_hsbrexit,llama,48,GPP-rbf,4,64,0.4227022854640242,0.07423728220510314,0.15246678019840537,0.2660570751399276,0.9404761904761905,0.8928571428571429,0.1867566853761673,0.045037802308797836,0.03655309285728777,-0.043079455492026804,0.03655309285728778,-0.0430794554920268,-0.004395602023139697,-0.06708150080252069,0.0273244525111018,-0.04918550082618621,-0.004395602568245574,-0.06708150147773753,0.02732445320478162,-0.049185500489502654,0.008365511623017921,-0.03831404323342207,
lewidi_hsbrexit,llama,48,GPP-laplace,4,64,0.4134925739494631,0.10071494042619555,0.2114883812499188,0.38271799647544247,0.9404761904761905,0.8928571428571429,0.31246495246887207,0.17557087540626526,-0.10554083304969415,-0.14018708648331007,-0.10554083304969417,-0.1401870864833101,-0.10449876442614714,-0.14690821568289764,-0.10748358170582112,-0.1440861917103676,-0.10449876615440068,-0.14690821747430316,-0.10748358468183422,-0.14408619551773913,-0.07796661765726683,-0.1123488210971307,
lewidi_hsbrexit,llama,48,LPE,4,64,0.5145405038877312,0.07362800367875708,0.1352150655300301,0.2096737859298146,0.9404761904761905,0.8928571428571429,0.09795762598514557,0.011234402656555176,0.13693449045556724,0.15434280067348255,0.13693449045556727,0.15434280067348255,0.07619518326280188,0.0924043625331048,0.12489096343075708,0.14254494383172156,0.07619518374667864,0.0924043634686459,0.12489096557937256,0.14254494773480034,0.11576009083673909,0.09986561875300505,
lewidi_hsbrexit,llama,48,LP-temp,4,64,0.38988409921404726,0.08749698899215472,0.18860519007215018,0.3477656626732791,0.9404761904761905,0.8928571428571429,0.4361478068115493,,0.11227820169682035,,0.11227820169682035,,0.06672719103081437,,0.10335178417303763,,0.06672719144879176,,0.10335178566055403,,0.08483093536385895,,
lewidi_hsbrexit,llama,48,GPP-cosine,4,256,0.3822598674663697,0.05806470332156869,0.12536952603774884,0.18786823516241635,0.9226190476190477,0.8869047619047619,0.1648281365633011,0.01212173979729414,0.3777441300213583,0.3245572306816281,0.3777441300213583,0.32455723068162823,0.3739346048675547,0.305105168590012,0.37950638622242366,0.320782374412829,0.3739346052993142,0.3051051670124786,0.3795063873971628,0.3207823695582837,0.42228173171703015,0.4583045542670368,
lewidi_hsbrexit,llama,48,GPP-rbf,4,256,0.4213792221911039,0.06465950947622556,0.1318149045040454,0.21091820646628423,0.9404761904761905,0.8928571428571429,0.13798201084136963,0.005975952371954918,0.33647280388129297,0.26634489511380505,0.336472803881293,0.2663448951138052,0.3028948088732685,0.23788542318887196,0.32975492012403096,0.25977582911286157,0.3028948073797245,0.23788542107199573,0.3297549201260806,0.25977582853321834,0.31142940769912825,0.21459396315623858,
lewidi_hsbrexit,llama,48,GPP-laplace,4,256,0.4335475727258046,0.07728852920189629,0.1568243458224017,0.2761827155972312,0.9404761904761905,0.8928571428571429,0.15135781466960907,0.08094102144241333,-0.09792576500996443,-0.1219009836700995,-0.09792576500996447,-0.12190098367009954,-0.09149707388559218,-0.11837181649089588,-0.09800422504309585,-0.12292543270864724,-0.09149707489962526,-0.11837181769626076,-0.098004225297051,-0.1229254337882893,-0.05832620603826384,-0.0961197285484759,
lewidi_hsbrexit,llama,48,LPE,4,256,0.5589804963528656,0.06711450529561118,0.12256330531465123,0.17970229065458806,0.9464285714285714,0.8988095238095238,0.05439205467700958,0.010628417134284973,0.2978531553902686,0.2494467380193402,0.29785315539026863,0.24944673801934025,0.2616394814334065,0.19871793900750012,0.29022149552835325,0.23743224266271376,0.26163947981535773,0.1987179363587176,0.2902214955261781,0.2374322410996183,0.2932437149319787,0.2900369354764885,
lewidi_hsbrexit,llama,48,LP-temp,4,256,0.3647259558485993,0.057612174441904834,0.12967917055641195,0.22895122501057183,0.9523809523809523,0.9047619047619048,0.22686475195036854,,0.30451289191720105,,0.3045128919172011,,0.28234242464275017,,0.3036921567544648,,0.2823424271418301,,0.30369216314023684,,0.2849804484510199,,
lewidi_hsbrexit,llama,64,GPP-cosine,0,64,0.4883614006769377,0.11160624912775441,0.21013757888795226,0.2662451585995712,0.8035714285714286,0.8154761904761905,0.26838919520378113,0.06080776825547218,0.2638542030827616,0.23323394261353037,0.2638542030827616,0.23323394261353037,0.24092731289924113,0.1942645023835673,0.25769256992995004,0.22278008060490528,0.2409273099065114,0.19426449871667845,0.25769256131134943,0.22278006963238642,0.2794592107798281,0.28730884918609323,
lewidi_hsbrexit,llama,64,GPP-rbf,0,64,0.4293547732778818,0.07080373966284287,0.14258557076322004,0.2365881017911159,0.9404761904761905,0.8928571428571429,0.1694917231798172,0.011516490951180458,0.2813411372072182,0.15732737601512115,0.2813411372072183,0.15732737601512112,0.25088948414481266,0.14155965643083968,0.27517021860752333,0.15268257704145355,0.2508894828576694,0.14155965407656906,0.2751702141462398,0.15268257161345777,0.23756194006788,0.16656198392074403,
lewidi_hsbrexit,llama,64,GPP-laplace,0,64,0.3960730457686333,0.08692826610175883,0.1856069003143126,0.33836471087694275,0.9404761904761905,0.8928571428571429,0.26125046610832214,0.14591148495674133,-0.004644633258927951,-0.033648193683342216,-0.00464463325892793,-0.033648193683342244,-0.001382069043078596,-0.03635085252770533,-0.006154223080765797,-0.03671180995236097,-0.0013820714850401178,-0.03635085505917959,-0.006154227962113887,-0.03671181551864483,0.028619344763635753,-0.006376378859322548,
lewidi_hsbrexit,llama,64,LPE,0,64,0.6088391933758275,0.07787850148667998,0.13133284424787103,0.18688000608230176,0.9404761904761905,0.8928571428571429,0.04313955456018448,0.0033582570031285286,0.3376937956484465,0.3105994163264528,0.3376937956484466,0.3105994163264529,0.3169455457916366,0.3010803592551814,0.3337077075429943,0.30881206357860924,0.31694554420897547,0.30108035756368584,0.33370770183594567,0.3088120578757414,0.27959863597354506,0.28191309418924665,
lewidi_hsbrexit,llama,64,LP-temp,0,64,0.3655235730309896,0.07216983363371222,0.15985895849508452,0.2943588944025917,0.9404761904761905,0.8928571428571429,0.35907113444962047,,0.3022965048012213,,0.3022965048012213,,0.2650666657507262,,0.2952558546594136,,0.26506666500816606,,0.29525585101176827,,0.2637181064091827,,
lewidi_hsbrexit,llama,64,GPP-cosine,0,256,0.36826440706516433,0.052372239451063986,0.111944088536499,0.18352592478874533,0.9464285714285714,0.9107142857142857,0.18208113312721252,0.016843648627400398,0.44097454229417776,0.35255124271463667,0.4409745422941779,0.35255124271463667,0.42898968195882803,0.3360313144656734,0.439894651268812,0.35010623175085187,0.4289896808065575,0.3360313134723385,0.4398946477647726,0.35010622700049554,0.4366006991117625,0.4285189565135092,
lewidi_hsbrexit,llama,64,GPP-rbf,0,256,0.4266667680384268,0.06353265435627614,0.12911516003424323,0.209069475915183,0.9464285714285714,0.8988095238095238,0.1306745558977127,0.02205965481698513,0.31097084885080195,0.2620787094587188,0.31097084885080195,0.26207870945871886,0.28447477469738425,0.2375742704481323,0.30685066814641176,0.25840907971973504,0.28447477453671977,0.2375742706219872,0.30685066908694636,0.25840908104219407,0.28679762347579774,0.24734029365389654,
lewidi_hsbrexit,llama,64,GPP-laplace,0,256,0.41828811826172646,0.07645822671969758,0.1583146146842323,0.27825131793554914,0.9404761904761905,0.8928571428571429,0.16581076383590698,0.0894915908575058,-0.00148578929063177,-0.023474598931625006,-0.001485789290631756,-0.023474598931625026,0.0008913765297722392,-0.024434008519770997,-0.002664608061019272,-0.025596375622291154,0.0008913746504259704,-0.02443401049372211,-0.0026646107203373293,-0.025596378900060363,0.028554279673234498,0.008305094039073903,
lewidi_hsbrexit,llama,64,LPE,0,256,0.5056621506568452,0.06345762866877303,0.11961804530164954,0.17710833050712077,0.9523809523809523,0.9047619047619048,0.0768313854932785,0.019151290878653526,0.3343623033230964,0.3055196374041413,0.3343623033230964,0.30551963740414134,0.3240090717401894,0.27403903062318075,0.333971538546171,0.30191764626702483,0.32400907165033366,0.2740390322861563,0.333971537708567,0.3019176493971485,0.33793413702472336,0.35979135989308625,
lewidi_hsbrexit,llama,64,LP-temp,0,256,0.35640640786637107,0.06332484705301904,0.13876335873711676,0.2520741340278081,0.9464285714285714,0.9107142857142857,0.30259491415278134,,0.3337919032645724,,0.3337919032645724,,0.31952803092262094,,0.33310279939865006,,0.31952803145548614,,0.3331027981781099,,0.31909779335356137,,
lewidi_hsbrexit,llama,64,GPP-cosine,1,16,0.6818414212102178,0.1929189631563077,0.32749789842914434,0.39712432782668444,0.6726190476190477,0.6845238095238095,0.3669619858264923,0.1285938024520874,0.024994883429769868,-0.06934594954298973,0.024994883429769865,-0.06934594954298973,0.03850449187545419,-0.06908522928711772,0.027164716924565156,-0.07013711205584387,0.038504490841580676,-0.06908522977983123,0.027164713028410403,-0.07013711516534096,0.03795153772975796,-0.08991530742807095,
lewidi_hsbrexit,llama,64,GPP-rbf,1,16,0.40087988837900485,0.07915733104904488,0.16862322767043397,0.30558697842053817,0.9404761904761905,0.8928571428571429,0.24376007914543152,0.08009856194257736,0.02056663985851874,-0.06650793349369166,0.020566639858518733,-0.06650793349369168,0.04467608083071862,-0.04917846248548267,0.025469824097487007,-0.06414649982059405,0.044676080288332906,-0.04917846364047582,0.025469827748150403,-0.06414649916652956,0.033857084540936416,-0.03184936175141212,
lewidi_hsbrexit,llama,64,GPP-laplace,1,16,0.5536462818387503,0.17030185609133466,0.32231369237637236,0.490274215914752,0.9404761904761905,0.8928571428571429,0.42404910922050476,0.24302950501441956,0.00691415960676714,-0.06217627866994438,0.00691415960676714,-0.06217627866994436,0.030421722759443666,-0.08123189589303499,0.010886945731199978,-0.06871551124892074,0.03042172141735594,-0.08123189812859226,0.010886946008878573,-0.06871551786854699,0.00672029433715773,-0.08214002912512151,
lewidi_hsbrexit,llama,64,LPE,1,16,0.4871474435509831,0.07468517307831667,0.14054003733188092,0.22879372998072162,0.9404761904761905,0.8928571428571429,0.1226331815123558,0.017298726364970207,0.09777270011313105,0.13895625193804517,0.09777270011313105,0.13895625193804517,0.11167725483410822,0.1450360240892059,0.1028339471088964,0.14489840927149197,0.1116772564470365,0.1450360283167332,0.10283395518958396,0.14489842272836623,0.08793082217083281,0.09148616461061543,
lewidi_hsbrexit,llama,64,LP-temp,1,16,0.4170352838343743,0.10501079540384797,0.21805612613060832,0.3955452671358502,0.9404761904761905,0.8928571428571429,0.5268165514631138,,0.060148368738080195,,0.06014836873808019,,0.0841325565946563,,0.065034565792138,,0.08413255580665181,,0.06503456935295795,,0.08623448231394307,,
lewidi_hsbrexit,llama,64,GPP-cosine,1,256,0.3794927987630049,0.052927197136321956,0.11431296782064324,0.18738345991965769,0.9404761904761905,0.9166666666666666,0.15342441201210022,0.012960859574377537,0.3935456824782506,0.3669674033936888,0.3935456824782506,0.3669674033936888,0.40789962558430615,0.3859874492178885,0.3977568000922081,0.37181655561685223,0.4078996242207308,0.3859874476021033,0.3977567981016258,0.3718165529594174,0.37941777966197776,0.38706757529058194,
lewidi_hsbrexit,llama,64,GPP-rbf,1,256,0.4149538746214603,0.06510375007268245,0.13395018470362716,0.21470483433245424,0.9404761904761905,0.8928571428571429,0.14202949404716492,0.006343100685626268,0.2970020995538235,0.27571334666620056,0.29700209955382356,0.2757133466662006,0.28724183457690167,0.27268857243136113,0.2951977352483186,0.27355916894465954,0.2872418330134805,0.27268856897958205,0.2951977354337134,0.27355916618118603,0.32065935552319136,0.26822154016624067,
lewidi_hsbrexit,llama,64,GPP-laplace,1,256,0.4228791583865319,0.07563835465779202,0.15552953142295814,0.2724079126960373,0.9404761904761905,0.8928571428571429,0.15352699160575867,0.08229944854974747,-0.020400520769577032,-0.042991893682414586,-0.02040052076957702,-0.042991893682414586,-0.010214333704728046,-0.03639462815211587,-0.020123979212770995,-0.043805292964474704,-0.010214335741239283,-0.036394630381430246,-0.020123981388679657,-0.04380529597053063,0.019947097714440507,-0.003982913033847977,
lewidi_hsbrexit,llama,64,LPE,1,256,0.5550442141575151,0.07023600764908941,0.12723157325326828,0.18301724860177718,0.9404761904761905,0.8928571428571429,0.05124656856060028,0.009975609369575977,0.24758909216635822,0.19326408525677297,0.24758909216635827,0.19326408525677302,0.23202465465270103,0.16935626944716797,0.24499389039303598,0.1867000207586719,0.2320246539420028,0.1693562667040251,0.24499389272440966,0.18670001933954677,0.3188003529402985,0.339007711016344,
lewidi_hsbrexit,llama,64,LP-temp,1,256,0.3572899424286796,0.05857775843077733,0.1321919046164586,0.2324968727271975,0.9345238095238095,0.8869047619047619,0.23319328721620128,,0.29958835394021877,,0.29958835394021877,,0.30079696737768175,,0.30249920336868874,,0.3007969683745806,,0.3024992073737478,,0.31145729273787165,,
lewidi_hsbrexit,llama,64,GPP-cosine,2,64,0.4611395421302437,0.10221517284812827,0.1935864466509624,0.2551016163877837,0.8035714285714286,0.8035714285714286,0.26779183745384216,0.05821225792169571,0.33929715008173533,0.27881783451872844,0.3392971500817354,0.2788178345187285,0.3403584456454205,0.2748457833364977,0.3430074847684854,0.27950481993677034,0.34035844730928255,0.27484578325467407,0.3430074877132488,0.2795048178624163,0.3394910516878961,0.29701749017525125,
lewidi_hsbrexit,llama,64,GPP-rbf,2,64,0.41575361851767023,0.07088501159389507,0.14741368246974335,0.25385347852873186,0.9404761904761905,0.8928571428571429,0.16932816803455353,0.04286281391978264,0.1133490780689402,0.05675291183176326,0.1133490780689402,0.05675291183176327,0.1097428246948256,0.05978567709448113,0.10945665594884754,0.05411333577279662,0.1097428205061814,0.059785673052746444,0.10945665083516724,0.05411333020663865,0.09161629479141793,0.05466861845642211,
lewidi_hsbrexit,llama,64,GPP-laplace,2,64,0.41115598144491505,0.10125342845439772,0.2132630053730238,0.3864158521074758,0.9404761904761905,0.8928571428571429,0.3210906982421875,0.18095290660858154,-0.002710210270853969,-0.036797922993049174,-0.0027102102708539827,-0.0367979229930492,0.0026144250371085698,-0.03959464328089564,-0.004193451264072376,-0.040350117798180485,0.002614422110520445,-0.03959464631240958,-0.00419345629941674,-0.04035012383134844,0.022503226265918205,-0.01267839761532938,
lewidi_hsbrexit,llama,64,LPE,2,64,0.5320651656196415,0.07166691624640051,0.1306774655760299,0.19691635419431455,0.9404761904761905,0.8928571428571429,0.07606959342956543,0.008427349850535393,0.21711259046217274,0.13872921947200179,0.21711259046217274,0.1387292194720018,0.2011781369258704,0.11796868187909865,0.21048897992893764,0.13114288473770092,0.20117813202294507,0.11796867758815734,0.21048897317269827,0.13114287950898634,0.17202745151444906,0.22535758811118828,
lewidi_hsbrexit,llama,64,LP-temp,2,64,0.38573040627320343,0.06856712460740033,0.14843004396424941,0.26552319815756675,0.9404761904761905,0.8928571428571429,0.2651694203358843,,0.18504861764902691,,0.18504861764902694,,0.17772316785399495,,0.18163611739281646,,0.17772316463750126,,0.1816361125708259,,0.14498361143981503,,
lewidi_hsbrexit,llama,64,GPP-cosine,2,256,0.3745035521145036,0.05529540303348234,0.11580316082039471,0.18436710895009117,0.9345238095238095,0.9226190476190477,0.17821967601776123,0.01543909776955843,0.4231644645343786,0.4423796020294064,0.4231644645343787,0.44237960202940657,0.43109265009789494,0.440545140101484,0.42447286298764475,0.4420871620924832,0.43109264687593,0.44054513734793316,0.4244728578293103,0.44208715682421984,0.4282584250210308,0.4467276156820715,
lewidi_hsbrexit,llama,64,GPP-rbf,2,256,0.42504936498574347,0.0665939615519392,0.13540516669274352,0.21485820722557966,0.9404761904761905,0.8928571428571429,0.14737407863140106,0.006846538744866848,0.30803748807345377,0.2403483100190959,0.30803748807345377,0.2403483100190959,0.32349481677931324,0.25290878363284053,0.30850807095007554,0.23940294678775476,0.3234948115430006,0.25290877796591127,0.3085080641786785,0.23940293894788955,0.2739705056538369,0.24214438143471095,
lewidi_hsbrexit,llama,64,GPP-laplace,2,256,0.42982267537255664,0.07625802160110805,0.1551898217793288,0.2698379183017196,0.9404761904761905,0.8928571428571429,0.14877423644065857,0.07970505952835083,-0.022055543337724165,-0.04140502384181597,-0.022055543337724165,-0.04140502384181594,-0.009053072449534807,-0.03227114709454161,-0.021418996482759203,-0.041829131982261125,-0.0090530747596487,-0.03227114951795403,-0.021418999449923287,-0.041829135616792426,0.01586658704499066,0.0032393120006908287,
lewidi_hsbrexit,llama,64,LPE,2,256,0.5737913029539895,0.06999853837863922,0.12662982875469556,0.1804727786485864,0.9404761904761905,0.8928571428571429,0.055512893944978714,0.011417822912335396,0.2777629229774117,0.23119988655649193,0.2777629229774117,0.23119988655649196,0.2905026972290815,0.2099484189357792,0.27643597471764725,0.22349728245213413,0.29050269085107755,0.20994841403406822,0.2764359662072329,0.22349727626980592,0.29340173015152465,0.29776573871486567,
lewidi_hsbrexit,llama,64,LP-temp,2,256,0.3680046390122424,0.06198065351323502,0.13385490178498005,0.2395855129714285,0.9404761904761905,0.9047619047619048,0.25083789934288925,,0.2974010439758469,,0.2974010439758469,,0.320222350809344,,0.2997408968894747,,0.3202223459306155,,0.2997408895959084,,0.27542982268140775,,
lewidi_hsbrexit,llama,64,GPP-cosine,3,64,0.5467478453868069,0.1310382754508892,0.23986220999605784,0.3213975532443146,0.7797619047619048,0.7678571428571429,0.2948170304298401,0.0662258192896843,0.10319541675326328,0.05009582322564108,0.10319541675326327,0.05009582322564108,0.10738303027505591,0.03684931050602698,0.10824935161239158,0.05093356195781885,0.10738303420714722,0.03684931433291829,0.10824936156585968,0.05093357008864804,0.10133887829994764,0.06516268803685236,
lewidi_hsbrexit,llama,64,GPP-rbf,3,64,0.43264603129893603,0.07132087428658809,0.14313307485454493,0.23880604643732353,0.9404761904761905,0.8928571428571429,0.16497042775154114,0.011864998377859592,0.1670721376718615,0.04669735216052691,0.16707213767186152,0.04669735216052691,0.16118545082240643,0.04128266330959891,0.16118812702706486,0.041110131719393886,0.16118544462420048,0.0412826581088379,0.16118811737508185,0.041110123498336065,0.1726083898216031,0.07089771100507689,
lewidi_hsbrexit,llama,64,GPP-laplace,3,64,0.40370102105082944,0.09344108602405307,0.19773985536414243,0.35998733089946133,0.9404761904761905,0.8928571428571429,0.2868051528930664,0.16102617979049683,-0.0499975368263014,-0.08162952089167821,-0.04999753682630141,-0.08162952089167824,-0.04065459344624803,-0.07924325007279848,-0.05054001154957625,-0.0839398846244114,-0.040654595996304416,-0.0792432526920815,-0.050540015415037054,-0.08393988923517645,-0.035506949333253844,-0.07058168056598509,
lewidi_hsbrexit,llama,64,LPE,3,64,0.619885080274906,0.07792263849168467,0.13192805610898567,0.19069112663533674,0.9404761904761905,0.8928571428571429,0.04760107770562172,0.004129118286073208,0.1573799182331896,0.12482912606249426,0.15737991823318964,0.12482912606249429,0.15357341136688035,0.112281924824706,0.15151128594398058,0.11704471929971569,0.15357340474298745,0.1122819184068432,0.15151127663200137,0.11704471124308524,0.14543906707262377,0.17093993500345672,
lewidi_hsbrexit,llama,64,LP-temp,3,64,0.3854508828806675,0.07037425406644103,0.15242570606448166,0.27390656291280985,0.9404761904761905,0.8928571428571429,0.27757234112807105,,0.15656229584462622,,0.15656229584462628,,0.14697748698212887,,0.15090205919016814,,0.14697748200022417,,0.15090205106329227,,0.14286899600177438,,
lewidi_hsbrexit,llama,64,GPP-cosine,3,256,0.38179225977481107,0.05692171986838694,0.12375621249856565,0.192913802716135,0.9404761904761905,0.9047619047619048,0.1763876974582672,0.015892932191491127,0.38235156077168664,0.3588481851608894,0.38235156077168664,0.35884818516088945,0.3724339536571075,0.3442904779752237,0.38239502383307356,0.357957626163557,0.372433953632457,0.34429047819267977,0.38239502467885594,0.3579576264295673,0.39786838029718957,0.4202600664081342,
lewidi_hsbrexit,llama,64,GPP-rbf,3,256,0.4071330666094613,0.06417363159189853,0.13422550124787017,0.2178966361930502,0.9404761904761905,0.8928571428571429,0.15648458898067474,0.007028085179626942,0.32038504924582456,0.2779001152791692,0.32038504924582456,0.2779001152791692,0.3059103048966152,0.2666950405868749,0.3191160900554084,0.27711585293651364,0.3059103049229728,0.2666950406333618,0.3191160925640515,0.2771158554916069,0.33278934737656735,0.2573324325369457,
lewidi_hsbrexit,llama,64,GPP-laplace,3,256,0.4211071161916705,0.07593690666367271,0.15652589006571188,0.2748069778813945,0.9404761904761905,0.8928571428571429,0.15865211188793182,0.08520501852035522,-0.008684766776299771,-0.03316964288166333,-0.008684766776299771,-0.033169642881663346,-0.0008542109435151352,-0.0287575773603697,-0.008159270548169006,-0.03368697163327171,-0.0008542122065363644,-0.02875757879292886,-0.008159271728834863,-0.033686973604446974,0.029441953406565854,0.0010456889528772401,
lewidi_hsbrexit,llama,64,LPE,3,256,0.5315456840207892,0.06665313856351003,0.12467546273204616,0.18057497719971285,0.9464285714285714,0.8988095238095238,0.05661299079656601,0.011294977739453316,0.29646451387621375,0.1999350789102421,0.29646451387621386,0.19993507891024215,0.28595352321094625,0.1827140340537994,0.29481344168270956,0.19529722153204676,0.2859535220040301,0.18271403178376233,0.29481344322619146,0.19529722092859123,0.3324686694310183,0.35312683563341535,
lewidi_hsbrexit,llama,64,LP-temp,3,256,0.34449380847069644,0.05682218930648599,0.1323755985748721,0.24196171074730502,0.9523809523809523,0.9047619047619048,0.2702744622994544,,0.3549278241007035,,0.3549278241007035,,0.3525005247753902,,0.35663324602859947,,0.3525005249561213,,0.3566332488164609,,0.3232712541521558,,
lewidi_hsbrexit,llama,64,GPP-cosine,4,64,0.48940933022287475,0.11691611079398265,0.2211820590330587,0.302503037913469,0.7916666666666666,0.7797619047619048,0.3033931255340576,0.06820236891508102,0.18085312380826776,0.1469712362072582,0.18085312380826774,0.14697123620725822,0.1496760651292436,0.09989535461696819,0.17486794630833288,0.13670960686205388,0.14967606487795931,0.09989535369531838,0.17486794283291807,0.1367096007393686,0.177590516743756,0.18823330653081768,
lewidi_hsbrexit,llama,64,GPP-rbf,4,64,0.41631215468205207,0.07312504725744584,0.15138598567795097,0.26516922799023623,0.9404761904761905,0.8928571428571429,0.18905621767044067,0.04475359991192818,0.05186906404874089,0.004658123439141584,0.05186906404874092,0.004658123439141584,0.023441001871487954,-0.014804116377064816,0.044425814259617835,-0.0014627544368235879,0.023441000168291672,-0.014804118482735613,0.0444258123399391,-0.0014627573563109897,0.03478193832592562,0.0035088673752102944,
lewidi_hsbrexit,llama,64,GPP-laplace,4,64,0.40703782237975245,0.09783797897101698,0.20675650154728265,0.37655812294040214,0.9404761904761905,0.8928571428571429,0.3087341785430908,0.17319564521312714,-0.039516503770439027,-0.07475757496246405,-0.03951650377043904,-0.07475757496246405,-0.038524949036557565,-0.08157535543060017,-0.04179227877395017,-0.07903499572944173,-0.03852495155189499,-0.08157535804437571,-0.04179228327640621,-0.07903500115368153,-0.003806307788473154,-0.04557344831961874,
lewidi_hsbrexit,llama,64,LPE,4,64,0.5032422856232037,0.07340040991026762,0.13655640836597221,0.21790624059331293,0.9404761904761905,0.8928571428571429,0.10739896446466446,0.014351295307278633,0.07711549569011823,0.10806015512063563,0.07711549569011826,0.10806015512063566,0.04024229772050508,0.06660167780477094,0.06913519011709822,0.09983834210579615,0.04024229730929156,0.06660167803874513,0.06913518991127157,0.09983834397676357,0.09658912670065635,0.12618909532676809,
lewidi_hsbrexit,llama,64,LP-temp,4,64,0.39312862867301585,0.09048943051945593,0.1955004771539737,0.35703209881017384,0.9404761904761905,0.8928571428571429,0.4518323223304822,,0.09263291384969202,,0.09263291384969205,,0.07217055823295834,,0.0877159900460072,,0.07217055713782203,,0.08771598879632052,,0.08411521936944519,,
lewidi_hsbrexit,llama,64,GPP-cosine,4,256,0.3819065039378606,0.05488469527135077,0.11686683628021283,0.1789151172787028,0.9345238095238095,0.8988095238095238,0.15988227725028992,0.014787251129746437,0.4164506545523567,0.37202454147312697,0.41645065455235686,0.372024541473127,0.41135865093272184,0.36088300030196363,0.41866637625740966,0.3721483092419622,0.4113586519291269,0.3608830007313048,0.4186663801910231,0.3721483113636469,0.4320786753288756,0.4419964541086091,
lewidi_hsbrexit,llama,64,GPP-rbf,4,256,0.4261467424355231,0.06472464641698894,0.13077499860498523,0.2075012057988537,0.9404761904761905,0.8928571428571429,0.13437417149543762,0.005891947541385889,0.3496515921110779,0.30884757471661217,0.3496515921110779,0.3088475747166123,0.3223644843337227,0.2867679088130037,0.3442766871648285,0.3037488799406155,0.3223644827186142,0.28676790650409323,0.3442766867401945,0.30374887855571353,0.2939826684586787,0.22659382482881207,
lewidi_hsbrexit,llama,64,GPP-laplace,4,256,0.4301572123013212,0.07577474991791792,0.15398089597666903,0.2674041064190742,0.9404761904761905,0.8928571428571429,0.14672239124774933,0.07838152348995209,-0.008654605698547382,-0.03186174906510511,-0.008654605698547382,-0.0318617490651051,-0.005449264899589301,-0.03132708831273047,-0.009220510093617233,-0.03330931297823176,-0.005449266252059944,-0.031327089845619174,-0.009220511291724257,-0.033309314967090074,0.024148443551778396,0.002932576574513504,
lewidi_hsbrexit,llama,64,LPE,4,256,0.6076843609822836,0.07045391990356428,0.12377153526540496,0.17543384443394033,0.9404761904761905,0.8928571428571429,0.0434151254594326,0.008977982215583324,0.3026653749510134,0.24774838065826704,0.3026653749510134,0.24774838065826713,0.27013933422086217,0.19608776539527617,0.29555700686169406,0.23403625617303142,0.27013933225693426,0.19608776109606116,0.2955570057499576,0.23403625079516008,0.27665211687965985,0.2910129118325073,
lewidi_hsbrexit,llama,64,LP-temp,4,256,0.37229578769943655,0.06035284728605629,0.13360356613743735,0.23590396207191558,0.9523809523809523,0.9047619047619048,0.2337319976164903,,0.29159997304419194,,0.291599973044192,,0.2746367510868185,,0.2914591621919279,,0.274636753159916,,0.2914591681428132,,0.24869271803295107,,
lewidi_hsbrexit,llama,80,GPP-cosine,0,64,1.1810916369013809,0.26312637748522044,0.38425201226513245,0.35309622554098424,0.5773809523809523,0.6011904761904762,0.26939091086387634,0.06925112009048462,-0.1311142724192002,-0.14346174192064842,-0.13111427241920018,-0.14346174192064842,-0.1057570466938601,-0.12459478581606344,-0.12578112398120694,-0.13922237921617026,-0.1057570460759022,-0.12459478475632449,-0.1257811206632348,-0.1392223754928209,-0.14512768413998922,-0.1698663610118361,
lewidi_hsbrexit,llama,80,GPP-rbf,0,64,0.4390491839466398,0.0740626623725911,0.14850651625532746,0.24949221953314282,0.9404761904761905,0.8928571428571429,0.15210554003715515,0.04428451508283615,0.10284370986897286,0.04182009424658328,0.10284370986897284,0.041820094246583256,0.10950525215984876,0.05784815841833386,0.10484232245286318,0.04494203149962234,0.1095052520947381,0.057848157721700516,0.1048423193889722,0.04494202821290388,0.14812067829844675,0.11577403335611078,
lewidi_hsbrexit,llama,80,GPP-laplace,0,64,0.4133393470868972,0.10194641005896862,0.21381429130477564,0.3856260633678735,0.9404761904761905,0.8928571428571429,0.3201020658016205,0.18157318234443665,-0.034713484348261034,-0.07809341500234618,-0.03471348434826105,-0.07809341500234618,0.003951482685092281,-0.046987302678116946,-0.027187655018505348,-0.07247806173863618,0.003951481879711977,-0.04698730348855948,-0.02718765479334939,-0.0724780621970303,-0.009141645201375694,-0.021350644664524628,
lewidi_hsbrexit,llama,80,LPE,0,64,0.617532355392583,0.07959574816781516,0.13437245832132508,0.19700093650624442,0.9404761904761905,0.8928571428571429,0.05341023951768875,0.0042749932035803795,0.12649098704490253,0.02612104697675519,0.12649098704490253,0.026121046976755186,0.12608961814246547,0.02828463855404023,0.1279029826290054,0.02729543772508572,0.12608961898854107,0.028284639164378497,0.12790298013411716,0.027295436541864674,0.21014165197021017,0.18811247136292963,
lewidi_hsbrexit,llama,80,LP-temp,0,64,0.3794652351471482,0.08040269692166983,0.17501811059020803,0.31604175817977664,0.9404761904761905,0.8928571428571429,0.3967088821832922,,0.2080185066418298,,0.20801850664182983,,0.19071523565460696,,0.20626824253221324,,0.19071523656348816,,0.20626824000132649,,0.2156071195639152,,
lewidi_hsbrexit,llama,80,GPP-cosine,0,256,0.9187554016515349,0.20336023569841885,0.3138037372868244,0.2914015807584223,0.6428571428571429,0.6904761904761905,0.29878440499305725,0.033312201499938965,0.1511203304473647,0.10690302413205882,0.1511203304473647,0.10690302413205882,0.14475059242050814,0.09368331297817929,0.14703549640457692,0.10244491368520434,0.14475058844435587,0.09368331053965406,0.14703549034300678,0.10244490941691997,0.15617945449528736,0.12417672503078656,
lewidi_hsbrexit,llama,80,GPP-rbf,0,256,0.40006114412511196,0.06399385532622502,0.1356581415540339,0.22272105557813507,0.9404761904761905,0.8928571428571429,0.15923762321472168,0.03626858443021774,0.3365087044533238,0.2715536249956998,0.3365087044533238,0.2715536249956998,0.3344874734340568,0.2797646352787977,0.3386794868146254,0.27507746587066956,0.33448747415328794,0.2797646354370631,0.3386794901843655,0.2750774683935655,0.32159815182755225,0.29552099309602253,
lewidi_hsbrexit,llama,80,GPP-laplace,0,256,0.40594949749198067,0.08030517879590937,0.17048465982744737,0.3078281673451869,0.9404761904761905,0.8928571428571429,0.20384398102760315,0.11265850067138672,-0.05056734886456731,-0.0789703298042119,-0.05056734886456732,-0.0789703298042119,-0.01389243572665648,-0.04603122958697027,-0.04364400255991251,-0.07309287490580774,-0.013892436615229195,-0.046031230545881374,-0.04364400196474106,-0.0730928748281427,-0.02276348662752321,-0.03341092392104213,
lewidi_hsbrexit,llama,80,LPE,0,256,0.492138551121811,0.06602325502689525,0.12766805639917256,0.18710935088835243,0.9404761904761905,0.8928571428571429,0.09219757467508316,0.02359233796596527,0.3354444578574362,0.2890323748298069,0.33544445785743626,0.2890323748298069,0.33958761119411496,0.304450099409868,0.33863699663011404,0.29348840689702715,0.33958761155783324,0.30445009873910145,0.33863699905796,0.29348840917806285,0.3437388725898064,0.3629702543098331,
lewidi_hsbrexit,llama,80,LP-temp,0,256,0.3668741955860681,0.06947870194964709,0.14780140066424335,0.25911138912133497,0.9285714285714286,0.8928571428571429,0.3285222333006558,,0.346749127961959,,0.346749127961959,,0.3560970574537825,,0.3518586135137398,,0.3560970586105256,,0.3518586163458791,,0.33054924926418144,,
lewidi_hsbrexit,llama,80,GPP-cosine,1,16,0.8422640660178823,0.24302162753995726,0.39517140942847445,0.40475990143516444,0.5476190476190477,0.5714285714285714,0.3436908721923828,0.14532802999019623,-0.11915758321928752,-0.12448414213429107,-0.11915758321928754,-0.12448414213429107,-0.12445262604708289,-0.12921498418196767,-0.11927546107239248,-0.12456896542895388,-0.12445262411655153,-0.12921498231724257,-0.1192754588062898,-0.12456896408154366,-0.1743093771849501,-0.16853717416506772,
lewidi_hsbrexit,llama,80,GPP-rbf,1,16,0.39321789401065693,0.08174112776536699,0.17624589006993033,0.3229220349372589,0.9404761904761905,0.8928571428571429,0.2659643590450287,0.10032054036855698,0.028274326885787127,-0.034595093453310286,0.028274326885787113,-0.0345950934533103,0.09214846355305757,0.022647101589766072,0.043798743380932106,-0.021766642972429154,0.09214846510484412,0.02264710216417147,0.043798751255124,-0.02176663817600947,0.043551783010722746,-0.010033966441164272,
lewidi_hsbrexit,llama,80,GPP-laplace,1,16,0.5808527671696104,0.18199381241989343,0.3395194721275142,0.49882414667458197,0.9404761904761905,0.8928571428571429,0.43029630184173584,0.2471432387828827,-0.0011747300080064693,-0.06351695725437816,-0.001174730008006504,-0.06351695725437814,0.048570128871704546,-0.067599473063779,0.010640925460119084,-0.0653541343342563,0.04857012992544456,-0.06759947370170222,0.010640932170469429,-0.06535413766961254,0.01098670526489687,-0.07801769089755657,
lewidi_hsbrexit,llama,80,LPE,1,16,0.5163700066624644,0.07640133505531521,0.13969920071568118,0.22226717816027547,0.9404761904761905,0.8928571428571429,0.10705184936523438,0.00969194807112217,0.08774793561984891,0.08423667448119666,0.0877479356198489,0.08423667448119665,0.13384749589017259,0.1320849891324339,0.10028719102823774,0.09722185958122562,0.1338474980571973,0.13208499139303173,0.10028719980743837,0.09722186864870047,0.07995105358376516,0.06604106675726926,
lewidi_hsbrexit,llama,80,LP-temp,1,16,0.405119876428303,0.09825452316624424,0.20428571489473274,0.37323390928889305,0.9404761904761905,0.8928571428571429,0.4962659112347658,,0.09888536072051166,,0.09888536072051166,,0.14185944944902862,,0.11040555153568032,,0.14185945117024368,,0.11040555869142607,,0.09044977067065264,,
lewidi_hsbrexit,llama,80,GPP-cosine,1,256,0.7489462386100407,0.16323838062861012,0.26550208601680597,0.288856614830025,0.6964285714285714,0.7440476190476191,0.26843979954719543,0.029811717569828033,0.08212221544194045,0.03545361902711285,0.08212221544194043,0.03545361902711289,0.08342036567362335,0.035887845385591095,0.08354945417200133,0.035529676520882,0.0834203664117224,0.03588784513424533,0.08354945307501785,0.03552967340295475,0.08530962852895385,0.04660519475312428,
lewidi_hsbrexit,llama,80,GPP-rbf,1,256,0.41368990795994554,0.06542094913182742,0.13525202084704124,0.22117179108859122,0.9404761904761905,0.8928571428571429,0.15379424393177032,0.009840353392064571,0.26937520021557965,0.22012136897373125,0.2693752002155797,0.22012136897373125,0.2494447117770329,0.21688659153203782,0.2657571103966416,0.2190193399884839,0.2494447108487119,0.2168865896626746,0.2657571084325252,0.21901933758663528,0.23908167467939492,0.19271815026204675,
lewidi_hsbrexit,llama,80,GPP-laplace,1,256,0.41246731484295585,0.0791448297038241,0.16620850920056304,0.2986062359176891,0.9404761904761905,0.8928571428571429,0.1872362643480301,0.10310820490121841,-0.06297080262922909,-0.08881106925808471,-0.06297080262922912,-0.08881106925808471,-0.024739321977954906,-0.05405797762172747,-0.056250847516573596,-0.08313441810156781,-0.02473932339059535,-0.05405797918106854,-0.05625084785337137,-0.08313441909135366,-0.02069534625405489,-0.03324826119503901,
lewidi_hsbrexit,llama,80,LPE,1,256,0.5658329659030079,0.0685526504313855,0.12518764383427575,0.18481320105141572,0.9404761904761905,0.8928571428571429,0.06255750358104706,0.014457732439041138,0.23974720982978026,0.24658855244171168,0.23974720982978026,0.2465885524417117,0.21987907686375174,0.230122105301157,0.2375652688563165,0.24480221763218943,0.2198790777099944,0.23012210571585434,0.23756526992896188,0.2448022194267034,0.18519848481424506,0.20020063565819055,
lewidi_hsbrexit,llama,80,LP-temp,1,256,0.3820666918329036,0.06754881774781,0.1443904626999211,0.26368656729277984,0.9404761904761905,0.9047619047619048,0.2734961888811136,,0.164992905876549,,0.16499290587654902,,0.14255952482040965,,0.1614059220280673,,0.14255952521344178,,0.1614059220887905,,0.14537864948867976,,
lewidi_hsbrexit,llama,80,GPP-cosine,2,64,1.1521353329272186,0.23209107124578504,0.34148479426364375,0.30913903789265157,0.6130952380952381,0.6607142857142857,0.2244541347026825,0.05792146176099777,-0.038450330852300194,-0.03403889593673597,-0.0384503308523002,-0.034038895936735966,-0.04176324540277225,-0.03836201679894331,-0.034894640942145276,-0.03054492401504363,-0.04176324039298388,-0.03836201164084124,-0.034894628973660705,-0.030544911739801218,-0.030399339736755678,-0.021090384302919624,
lewidi_hsbrexit,llama,80,GPP-rbf,2,64,0.3976749043529696,0.07277761341490956,0.15579583422679985,0.28010514604892633,0.9404761904761905,0.8928571428571429,0.2078198492527008,0.06533173471689224,0.09153984803707496,0.03343906015382345,0.09153984803707499,0.03343906015382349,0.07810133656207058,0.034639985754569,0.08653163737735622,0.031055562896619107,0.07810133366476867,0.03463998259449813,0.08653163479685289,0.031055559454233606,0.0583076160124349,0.019342921875000325,
lewidi_hsbrexit,llama,80,GPP-laplace,2,64,0.4373207165837978,0.11614835372123736,0.23811436542088077,0.4197415917560192,0.9404761904761905,0.8928571428571429,0.3571225702762604,0.20337536931037903,-0.05415333768520119,-0.10348270981601536,-0.05415333768520121,-0.10348270981601537,-0.018768922278085312,-0.07807316702860823,-0.04716208356244589,-0.09905892633082933,-0.018768922754069148,-0.07807316761425848,-0.047162081488901574,-0.09905892544191991,-0.026751047167828418,-0.05198700723059914,
lewidi_hsbrexit,llama,80,LPE,2,64,0.5283406237484483,0.07275815356912185,0.1338379408067946,0.2044153576291026,0.9404761904761905,0.8928571428571429,0.09388615190982819,0.010037855245172977,0.17576808800667834,0.12385768834924743,0.17576808800667837,0.12385768834924743,0.13855267913577562,0.0827355441374286,0.16482193669447906,0.11081048839278006,0.13855267486829975,0.08273553882041246,0.16482193080599222,0.11081048074911143,0.12659807589500452,0.13189158574979198,
lewidi_hsbrexit,llama,80,LP-temp,2,64,0.3931342056143946,0.0726811360291031,0.1553142290315588,0.28052109916090345,0.9404761904761905,0.8928571428571429,0.2956210825414928,,0.1551389652804156,,0.15513896528041562,,0.1277111625798574,,0.14822957219473237,,0.12771116055620388,,0.14822956996738149,,0.11917600808280475,,
lewidi_hsbrexit,llama,80,GPP-cosine,2,256,0.7773085116254909,0.1794384086469043,0.28331717581716565,0.2907336778528187,0.6785714285714286,0.7261904761904762,0.27210313081741333,0.030270028859376907,0.10974783121119565,0.09991652597571402,0.10974783121119565,0.09991652597571402,0.10566025014079666,0.09263933690584607,0.1124361781303073,0.10219725514100703,0.10566025341140627,0.09263934056250583,0.1124361851949644,0.10219726207510896,0.1079476324821318,0.09026851791882061,
lewidi_hsbrexit,llama,80,GPP-rbf,2,256,0.4303960432774473,0.06836105008862135,0.13783488619429546,0.2215178069031044,0.9404761904761905,0.8928571428571429,0.1536487638950348,0.009717470966279507,0.27006513808216054,0.20861806637260566,0.27006513808216054,0.20861806637260566,0.28773070610059637,0.2368456758325253,0.274065233566326,0.21387959858656053,0.28773070449946714,0.23684567346555385,0.2740652333494282,0.2138795973846351,0.22317790758274642,0.19201637678700467,
lewidi_hsbrexit,llama,80,GPP-laplace,2,256,0.4174641951961623,0.07888234153104975,0.16447602408949197,0.2939798738736841,0.9404761904761905,0.8928571428571429,0.17945262789726257,0.09855595976114273,-0.0614648200301114,-0.08733548507404378,-0.061464820030111444,-0.08733548507404378,-0.01947527251786549,-0.04900119226869828,-0.05370256316826433,-0.08060990698129472,-0.01947527369480892,-0.04900119354177433,-0.05370256300589367,-0.08060990738116613,-0.026541909377252967,-0.03246283260376676,
lewidi_hsbrexit,llama,80,LPE,2,256,0.5942478325878217,0.07271891170901174,0.12923607230188627,0.18488481830275155,0.9404761904761905,0.8928571428571429,0.06153655797243118,0.012187188491225243,0.26433344594240626,0.22560285976576772,0.2643334459424063,0.22560285976576772,0.2706484658912296,0.21759090782694288,0.26599206364062067,0.22346462207168216,0.27064846448297436,0.21759090593103922,0.2659920629224332,0.2234646221383784,0.23117626619564302,0.22839705733421814,
lewidi_hsbrexit,llama,80,LP-temp,2,256,0.39387520728243475,0.06899919461545863,0.14652263185133738,0.2524221010464157,0.9404761904761905,0.8928571428571429,0.25684438016310546,,0.23057006015790932,,0.23057006015790932,,0.25361214487500294,,0.23583468059768847,,0.25361214362961715,,0.23583468002632849,,0.19441449011893647,,
lewidi_hsbrexit,llama,80,GPP-cosine,3,64,1.4403658985886778,0.3010613826301165,0.41849314621008543,0.3235688297764688,0.5714285714285714,0.5833333333333334,0.2526026964187622,0.06479082256555557,-0.040814515821233334,-0.0669859905153056,-0.040814515821233355,-0.06698599051530561,-0.004688007688734563,-0.03186377275534886,-0.03149988919700192,-0.05827392981217342,-0.004688005847867764,-0.03186377117040229,-0.03149988538702293,-0.058273926937807474,-0.02620264140587502,-0.03139390611860336,
lewidi_hsbrexit,llama,80,GPP-rbf,3,64,0.4311608569043775,0.07200796216149084,0.14497718048958286,0.24380508140499874,0.9404761904761905,0.8928571428571429,0.17304877936840057,0.01708114705979824,0.16904676200974403,0.07198608616321435,0.16904676200974406,0.07198608616321434,0.16574136984196494,0.08307356926347519,0.16589495820841144,0.07126189097973112,0.16574136604196,0.08307356529457775,0.16589495335997323,0.07126188588792852,0.13949955382028106,0.06432148936809336,
lewidi_hsbrexit,llama,80,GPP-laplace,3,64,0.4261395140921187,0.10940980027318141,0.22675283517067632,0.40418055096858474,0.9404761904761905,0.8928571428571429,0.3391967713832855,0.19292046129703522,-0.06455578491818417,-0.11076455206804933,-0.06455578491818417,-0.11076455206804936,-0.027350986631601563,-0.08214628080797175,-0.056970898076862606,-0.10536527676161198,-0.027350986822384134,-0.08214628104156613,-0.05697089541819523,-0.1053652749407098,-0.03916453691509556,-0.06388927126757075,
lewidi_hsbrexit,llama,80,LPE,3,64,0.6279993186555791,0.07822399733911209,0.13195837979687244,0.1912655064848933,0.9404761904761905,0.8928571428571429,0.04999879002571106,0.004806497599929571,0.16069873458771217,0.14070127127025475,0.1606987345877122,0.14070127127025478,0.14866526326203344,0.13058488274377572,0.15529256810909495,0.13532772439968216,0.1486652591311733,0.13058487831301588,0.15529256283672088,0.1353277191851255,0.160115892464563,0.1686533618264985,
lewidi_hsbrexit,llama,80,LP-temp,3,64,0.3966311527705234,0.07219020972388636,0.15298291646920298,0.2693382195152831,0.9404761904761905,0.8928571428571429,0.27006050812905613,,0.15885080885175337,,0.1588508088517534,,0.14358691008158853,,0.15358872699539727,,0.1435869069084095,,0.15358872211316177,,0.14483953873964084,,
lewidi_hsbrexit,llama,80,GPP-cosine,3,256,1.0968155334246885,0.21098413260091367,0.3088777662892209,0.2786382739645224,0.6845238095238095,0.6845238095238095,0.22994621098041534,0.025530120357871056,0.05196824457380597,0.013194324699330212,0.05196824457380599,0.013194324699330226,0.0652876734522317,0.030336296180576858,0.0551072604574494,0.01667760252311634,0.06528767336721959,0.030336295800974092,0.05510726092917084,0.016677601632142405,0.04700952781490348,0.016995931114098077,
lewidi_hsbrexit,llama,80,GPP-rbf,3,256,0.4243596046333364,0.06677857587315157,0.13534624583969293,0.21695144320473858,0.9404761904761905,0.8928571428571429,0.13494479656219482,0.030129369348287582,0.2601366265986238,0.227687582526505,0.2601366265986238,0.22768758252650506,0.2694007092720243,0.24947407325473897,0.2644818509128497,0.23446988171193128,0.26940071016193684,0.24947407402125304,0.2644818529959806,0.2344698843767124,0.23697170674781154,0.20104183432694955,
lewidi_hsbrexit,llama,80,GPP-laplace,3,256,0.40915648539795846,0.07922649154872088,0.16722627964225553,0.3011997665569151,0.9404761904761905,0.8928571428571429,0.19284884631633759,0.1062520444393158,-0.05142411275267828,-0.08005675008738303,-0.05142411275267829,-0.08005675008738303,-0.010929152357697217,-0.043136035292715494,-0.043461904251154065,-0.07314653673921681,-0.010929153014116066,-0.04313603606405146,-0.04346190322385738,-0.0731465363189627,-0.02045832342473605,-0.031407848637975064,
lewidi_hsbrexit,llama,80,LPE,3,256,0.5403087324982233,0.07011104621627672,0.12888346608079224,0.18596366772484893,0.9404761904761905,0.8928571428571429,0.07427394390106201,0.021359974518418312,0.2522772823752989,0.2395569662612676,0.25227728237529895,0.23955696626126766,0.26154552988325946,0.26559581049674996,0.2568281215188283,0.2467101834196339,0.2615455310519004,0.26559581056476506,0.2568281232408112,0.24671018501288708,0.2667575756322126,0.29394084090056355,
lewidi_hsbrexit,llama,80,LP-temp,3,256,0.37413442687052634,0.06793626587796611,0.1470176522655939,0.2523555449083737,0.9166666666666666,0.8928571428571429,0.28026564427139206,,0.2700856760904605,,0.2700856760904606,,0.27164217406940033,,0.27071261384613177,,0.27164217263334706,,0.27071261106014916,,0.2589637073034342,,
lewidi_hsbrexit,llama,80,GPP-cosine,4,64,1.254287146410284,0.2838744373376316,0.4104587161886706,0.3112760329687975,0.5416666666666666,0.5535714285714286,0.286236047744751,0.0739564523100853,0.12711221367843908,0.08939815768893322,0.1271122136784391,0.08939815768893326,0.13032780612091804,0.08783823242672337,0.12829700609264905,0.08985859219253614,0.1303278058308623,0.08783823273721075,0.12829700902643926,0.08985859568547147,0.11858577476273625,0.09237848585040401,
lewidi_hsbrexit,llama,80,GPP-rbf,4,64,0.43218569811647695,0.07412176378571893,0.14927049023875347,0.2553375701140264,0.9404761904761905,0.8928571428571429,0.1637182980775833,0.04720084369182587,0.0934982638137724,0.022786469191507806,0.09349826381377241,0.02278646919150782,0.08900749744529826,0.028900289190788908,0.09062619139926553,0.02161449121313773,0.08900749473547544,0.02890028625283151,0.0906261865507588,0.021614485869852575,0.08659234031114996,0.035153738842504195,
lewidi_hsbrexit,llama,80,GPP-laplace,4,64,0.4198776513824055,0.10592746036087804,0.2208219493428866,0.39591383333906016,0.9404761904761905,0.8928571428571429,0.33100345730781555,0.1878601312637329,-0.059611343223916535,-0.1069293615885494,-0.05961134322391655,-0.10692936158854943,-0.022933604187276364,-0.07887618325956058,-0.05194435243082842,-0.10143547842062328,-0.022933604190726306,-0.0788761832754615,-0.05194435006739585,-0.10143547685869535,-0.039271429563611904,-0.0573827622274457,
lewidi_hsbrexit,llama,80,LPE,4,64,0.6014608815834793,0.07849432673399656,0.13406803984097287,0.1987772413374764,0.9404761904761905,0.8928571428571429,0.0629177913069725,0.006518409587442875,0.13249602060990603,0.14757055685140824,0.13249602060990606,0.14757055685140827,0.0954983158757743,0.11884489093001796,0.12260690385695569,0.14040006889505444,0.09549831301210956,0.11884488898071806,0.1226068976814584,0.14040006476327938,0.1489246969155479,0.18339060480238176,
lewidi_hsbrexit,llama,80,LP-temp,4,64,0.39102860266432904,0.08310585471023217,0.17839256133689016,0.32231523588466515,0.9404761904761905,0.8928571428571429,0.39357005521309113,,0.16017090950795332,,0.16017090950795335,,0.12983090736080374,,0.15252106587348085,,0.1298309051890183,,0.15252106116941871,,0.15577047392705093,,
lewidi_hsbrexit,llama,80,GPP-cosine,4,256,0.7504629827817391,0.16552315531085995,0.272207884333928,0.3053134516172922,0.7083333333333334,0.7440476190476191,0.28082501888275146,0.03187704086303711,0.05186069521909114,0.049137620633765436,0.05186069521909118,0.04913762063376541,0.04578375061108938,0.05063039677217846,0.052803810634247654,0.05288262649972911,0.045783752800535316,0.050630400254986066,0.05280381327660737,0.05288263167883067,0.044825199780004356,0.04001038309031182,
lewidi_hsbrexit,llama,80,GPP-rbf,4,256,0.4148953847848472,0.06568800393910434,0.13499045427029377,0.21646992634168694,0.9404761904761905,0.8928571428571429,0.15230639278888702,0.009463813155889511,0.3285362902665694,0.277316269795407,0.32853629026656944,0.2773162697954071,0.3172473728953901,0.28103977778333944,0.327778135610085,0.2789644155545678,0.3172473726622925,0.2810397769091701,0.32777813724921123,0.2789644171088235,0.33763669661146045,0.29244434382133483,
lewidi_hsbrexit,llama,80,GPP-laplace,4,256,0.41091486464944477,0.07937428881289525,0.16712716306071906,0.30093543983983195,0.9404761904761905,0.8928571428571429,0.19183699786663055,0.10572004318237305,-0.06023882190263122,-0.08816793449475288,-0.06023882190263123,-0.08816793449475288,-0.022343052242393115,-0.05375617211635349,-0.05304212192855943,-0.08199921944099714,-0.02234305306094772,-0.053756173049633454,-0.05304212099293363,-0.08199921910972108,-0.01990527015632542,-0.026383894157707075,
lewidi_hsbrexit,llama,80,LPE,4,256,0.5780834903286055,0.07315433789473004,0.1297882356570989,0.1851496172201953,0.9404761904761905,0.8928571428571429,0.05756346508860588,0.013715014792978764,0.24175226310975134,0.1742633670846751,0.2417522631097514,0.1742633670846751,0.22330302658718373,0.14803610786085333,0.23798656523328843,0.16674459191675134,0.22330302531403398,0.14803610474331932,0.23798656418998995,0.1667445874132294,0.3004891774988037,0.27936161314422625,
lewidi_hsbrexit,llama,80,LP-temp,4,256,0.37673867177447884,0.06493232337184858,0.14023081375960209,0.23792416839416083,0.9404761904761905,0.8928571428571429,0.24560425247698742,,0.29081454305424687,,0.2908145430542469,,0.278820227841607,,0.2914806597022203,,0.2788202296091198,,0.29148066476785905,,0.2932065348803209,,
