dataset,model,layer,method,seed,n_obs,soft_ce,jsd,tvd,entce,rankcs,acc,mean_alea,mean_mi,corrAlea_entropy,corrMI_entropy,corrAlea_norm_entropy,corrMI_norm_entropy,corrAlea_one_minus_max,corrMI_one_minus_max,corrAlea_gini,corrMI_gini,corrAlea_top2_margin,corrMI_top2_margin,corrAlea_bern_var,corrMI_bern_var,corrAleaS_entropy,corrMIS_entropy,mono_alea
lewidi_hsbrexit,qwen,0,GPP-cosine,0,64,0.38365496194971255,0.07700213081813392,0.16736297218483828,0.30691074988744627,0.9404761904761905,0.8928571428571429,0.34717416763305664,0.0028884969651699066,0.2589318277801302,0.06301735360181052,0.2589318277801302,0.06301735360181052,0.2256995614270491,0.06514463296522714,0.24917243895351787,0.06348909777828006,0.22569955697064276,0.0651446325632116,0.24917242775359022,0.06348909827456492,0.2589637073034342,0.0885768255683881,
lewidi_hsbrexit,qwen,0,GPP-rbf,0,64,0.4366489047574768,0.07101511215917025,0.1411259711187865,0.23408727192416312,0.9404761904761905,0.8928571428571429,0.15874545276165009,0.013207164593040943,0.21835867783929597,0.12376903811918812,0.218358677839296,0.12376903811918814,0.1960726448330718,0.13463416572521103,0.21227679260928212,0.12367933505384283,0.19607264206882358,0.13463416217957228,0.21227678650025045,0.12367932881836957,0.2155745870187146,0.16661310649177358,
lewidi_hsbrexit,qwen,0,GPP-laplace,0,64,0.4015270640936646,0.09289830412857088,0.1957547794362264,0.3548527942235917,0.9404761904761905,0.8928571428571429,0.28937679529190063,0.16306954622268677,0.0626097106664288,0.0398550616261225,0.06260971066642879,0.03985506162612251,0.08871110476074175,0.05995415429267484,0.06667242137861439,0.04237484625775273,0.08871110252613429,0.059954151949313084,0.06667241932024434,0.04237484344581656,0.07748322765497487,0.057071379294811146,
lewidi_hsbrexit,qwen,0,LPE,0,64,0.6759549768819435,0.07971497131677426,0.1307417413966808,0.18673313512150286,0.9404761904761905,0.8928571428571429,0.03238585591316223,0.002659076126292348,0.1948718880307813,0.1299030575930193,0.19487188803078132,0.1299030575930193,0.18138822608095567,0.13148038467585915,0.1898297578221536,0.12768167741567582,0.18138822248551398,0.13148038097780199,0.1898297498139031,0.1276816693825001,0.2058520035101849,0.19837881312695552,
lewidi_hsbrexit,qwen,0,LP-temp,0,64,0.3737291859682232,0.07185817467330385,0.1584631027659999,0.29063095231992003,0.9404761904761905,0.8928571428571429,0.3338148405647975,,0.2153857713700495,,0.21538577137004955,,0.18262251995723494,,0.20817658912111056,,0.18262251850595437,,0.20817658570985031,,0.20005656295801633,,
lewidi_hsbrexit,qwen,0,GPP-cosine,0,256,0.372771412985001,0.07469117090325687,0.1639988479603614,0.29909807416004086,0.9404761904761905,0.8928571428571429,0.35871127247810364,0.001890114857815206,0.3237348886754176,0.1479443462954743,0.32373488867541766,0.1479443462954743,0.30877884987416826,0.15693197231186562,0.3209947093547474,0.15008051373668735,0.3087788483595569,0.15693197154114602,0.3209947068930633,0.1500805141937997,0.33485748775003565,0.16808636603871618,
lewidi_hsbrexit,qwen,0,GPP-rbf,0,256,0.4265806837380562,0.0673574724518908,0.13357166140173962,0.20941673958653628,0.9404761904761905,0.8928571428571429,0.1419658213853836,0.030179675668478012,0.3492936324771183,0.26893328536208716,0.34929363247711837,0.26893328536208716,0.35852743706397605,0.2842660979357854,0.3545086118375127,0.2737583114949624,0.3585274383492594,0.2842660978266347,0.35450861747154294,0.2737583136602206,0.33480636517900614,0.286862688566199,
lewidi_hsbrexit,qwen,0,GPP-laplace,0,256,0.4141187180349045,0.0775061471482095,0.16144236699411912,0.28489553200173173,0.9404761904761905,0.8928571428571429,0.18057313561439514,0.09875854104757309,0.05012532253292823,0.03266744500835825,0.050125322532928215,0.03266744500835822,0.07922081563658658,0.05781363748888545,0.05478874891878059,0.0363229195055992,0.0792208134232135,0.05781363522815973,0.054788746682148316,0.036322916761859836,0.0936333125938567,0.07747858014851763,
lewidi_hsbrexit,qwen,0,LPE,0,256,0.5202528479035562,0.07110638670229033,0.12845278065655444,0.17960610654842948,0.9285714285714286,0.8928571428571429,0.08364493399858475,0.022885387763381004,0.3666596114106451,0.2578096186498534,0.3666596114106452,0.25780961864985347,0.3709159156097287,0.2697591566912725,0.3712144443494685,0.2627222464536136,0.37091591725819817,0.26975915757441626,0.3712144503383028,0.26272225019422174,0.3614086921402031,0.37219555462743903,
lewidi_hsbrexit,qwen,0,LP-temp,0,256,0.3794364433248643,0.07265071354310401,0.15601491691953934,0.2542719467113809,0.9047619047619048,0.8690476190476191,0.3126429372934619,,0.34858125374045845,,0.34858125374045856,,0.33606295636833006,,0.34902115614234036,,0.33606295763632055,,0.34902116020332263,,0.3336909636292704,,
lewidi_hsbrexit,qwen,0,GPP-cosine,1,16,0.4165791229032832,0.10566850472311391,0.22204775882086583,0.40180050247370197,0.9404761904761905,0.8928571428571429,0.5262640714645386,0.008792863227427006,0.17826351083679148,-0.038133294865850556,0.17826351083679148,-0.038133294865850556,0.16371848367523253,-0.026902962276130538,0.17344536971795163,-0.035294956160805135,0.16371848069486822,-0.026902961602180128,0.1734453631615689,-0.03529495324086046,0.18004440015317458,-0.025235976029980862,
lewidi_hsbrexit,qwen,0,GPP-rbf,1,16,0.39722853357644505,0.08449248188262938,0.17896349291272817,0.32508251800068677,0.9404761904761905,0.8928571428571429,0.2873817980289459,0.10296157747507095,0.11943095446103386,0.06393352131344468,0.11943095446103386,0.06393352131344468,0.1315433115296316,0.0835658237587049,0.12203198794717786,0.06717623169458177,0.13154331070144695,0.08356582217639248,0.12203198639723148,0.0671762291979636,0.11712645773516533,0.06700774810037353,
lewidi_hsbrexit,qwen,0,GPP-laplace,1,16,0.5826561957337946,0.18266351145594542,0.3411463065782473,0.499089051231043,0.9404761904761905,0.8928571428571429,0.43071234226226807,0.24720877408981323,0.08615346614150203,0.021300514552184124,0.08615346614150202,0.021300514552184145,0.11721848948576331,0.0035925026724709375,0.09352103812699555,0.01615115349376991,0.11721848956686351,0.003592501112629057,0.09352104187820003,0.01615114782881058,0.0804948627696627,-0.004754399105748518,
lewidi_hsbrexit,qwen,0,LPE,1,16,0.47193826429272334,0.07471701863173995,0.14424449354243865,0.23778433679960354,0.9404761904761905,0.8928571428571429,0.14321179687976837,0.03262968733906746,0.1352668615553199,0.14019241447382538,0.13526686155531994,0.14019241447382538,0.12484617963190295,0.1348622842152727,0.13374914874493976,0.13982578896148173,0.12484617959871774,0.1348622841925785,0.1337491477833165,0.1398257878887573,0.1028772029372915,0.1210768382238127,
lewidi_hsbrexit,qwen,0,LP-temp,1,16,0.4279817597913936,0.10893875192163893,0.2247784520975181,0.3971668163954187,0.9404761904761905,0.8928571428571429,0.5323653225229927,,0.11975766792976972,,0.11975766792976972,,0.11028523224631305,,0.11748323665053345,,0.11028523124175862,,0.11748323305242606,,0.10218937198162115,,
lewidi_hsbrexit,qwen,0,GPP-cosine,1,256,0.386313969335347,0.07106584631702273,0.15329784956494613,0.27233233723264794,0.9404761904761905,0.8928571428571429,0.2787550389766693,0.0014113718643784523,0.3601178009927951,0.15412486996596064,0.3601178009927952,0.15412486996596064,0.33392064398714577,0.15916381539270924,0.3534191279629342,0.15447984317107122,0.3339206405667946,0.15916381356093282,0.3534191191918755,0.15447984032645115,0.3443941710002761,0.17371449635842434,
lewidi_hsbrexit,qwen,0,GPP-rbf,1,256,0.42821160335042746,0.06776505316395344,0.1368270527233281,0.22243762574362538,0.9404761904761905,0.8928571428571429,0.15951387584209442,0.009358572773635387,0.27048353868427255,0.22033584819505406,0.2704835386842726,0.22033584819505406,0.26315646612252785,0.23039988133951073,0.27061288236790326,0.22146151977399406,0.26315646629039574,0.23039987871289266,0.2706128822413433,0.22146151421196295,0.2034585376847103,0.18504511710115643,
lewidi_hsbrexit,qwen,0,GPP-laplace,1,256,0.4293574014963744,0.07683728486928004,0.15670079438270823,0.27271218784117374,0.9404761904761905,0.8928571428571429,0.15742261707782745,0.08546515554189682,0.029323534504921728,0.013596184205454137,0.0293235345049217,0.013596184205454123,0.05789437970972755,0.03881313419950248,0.033878817473988285,0.017238215300266466,0.05789437763880098,0.03881313203053641,0.033878815113129,0.017238212345334195,0.06697521555517293,0.056021042835476674,
lewidi_hsbrexit,qwen,0,LPE,1,256,0.5986464216097445,0.07317437366502932,0.1294756951620002,0.1839878575440624,0.9404761904761905,0.8928571428571429,0.05726069584488869,0.014751390554010868,0.2554584126206213,0.24219335703461264,0.2554584126206213,0.24219335703461264,0.2546199226491808,0.25192162223276376,0.257606027002073,0.2448484054763769,0.25461992358169916,0.25192162124666706,0.2576060278308555,0.24484840233769234,0.18701101233256562,0.20279859176778334,
lewidi_hsbrexit,qwen,0,LP-temp,1,256,0.38689135657419754,0.07573850443873578,0.16238537322564336,0.28590334076823,0.9285714285714286,0.8809523809523809,0.3326976638378013,,0.20915971160979968,,0.2091597116097997,,0.1990731933058826,,0.21002420276549316,,0.19907319536071336,,0.21002420601676264,,0.15739245368062496,,
lewidi_hsbrexit,qwen,0,GPP-cosine,2,64,0.3837164156798058,0.08118976381931933,0.17543515219308792,0.32313986340258977,0.9404761904761905,0.8928571428571429,0.39231419563293457,0.0033428966999053955,0.19926798821131678,0.06847958646052908,0.1992679882113168,0.06847958646052907,0.1831042317863529,0.07015997503510885,0.19532166149926838,0.06882198985368829,0.1831042300326748,0.07015997456241076,0.19532165796278336,0.06882199004347497,0.2008280490299169,0.0861089996395978,
lewidi_hsbrexit,qwen,0,GPP-rbf,2,64,0.42300982096590706,0.0713499634790195,0.14515101449519752,0.24344194636932895,0.9404761904761905,0.8928571428571429,0.16097286343574524,0.047025397419929504,0.2093969523743115,0.13632763155746766,0.20939695237431158,0.13632763155746766,0.23152060937949187,0.16176087202462253,0.21323764873960108,0.140316135388868,0.23152060691135645,0.16176086939095946,0.21323764739531587,0.14031613284623534,0.22465581463614626,0.2052060001126296,
lewidi_hsbrexit,qwen,0,GPP-laplace,2,64,0.41356520290835974,0.10188818789098482,0.21234657413636646,0.3812232541151898,0.9404761904761905,0.8928571428571429,0.3211447298526764,0.18195313215255737,0.0786348331562537,0.05401257525773469,0.0786348331562537,0.054012575257734674,0.10449171004151986,0.07244910256239073,0.08254497778823966,0.056034048404832754,0.10449170759256393,0.07244909997707032,0.08254497524662509,0.056034044915189,0.09849460434812154,0.07410913796702433,
lewidi_hsbrexit,qwen,0,LPE,2,64,0.5839524213096516,0.07609452284271082,0.13138091862371462,0.18836010471747158,0.9404761904761905,0.8928571428571429,0.0580904483795166,0.005647357553243637,0.27568856812484166,0.1975322039952906,0.27568856812484177,0.19753220399529056,0.28830231907163384,0.22243648341110023,0.2783412505894197,0.20190825201560758,0.28830231716371,0.2224364809393819,0.2783412505932831,0.2019082506740498,0.3101792284621328,0.29588814610614383,
lewidi_hsbrexit,qwen,0,LP-temp,2,64,0.3699136444522408,0.07530906002310608,0.16318624422850625,0.2997544174436779,0.9345238095238095,0.8988095238095238,0.38030053796555546,,0.32341303548123995,,0.32341303548124006,,0.3134240409612291,,0.32183686982361365,,0.31342403953560866,,0.3218368697067046,,0.3285136414359138,,
lewidi_hsbrexit,qwen,0,GPP-cosine,2,256,0.39560784874077354,0.07168013082931941,0.15194418750858554,0.2655755500778903,0.9404761904761905,0.8928571428571429,0.26586395502090454,0.0013334794202819467,0.25564071956921075,0.13868485467341957,0.25564071956921075,0.13868485467341957,0.24277959018693895,0.14217054255960462,0.2532895536784169,0.1396194811615099,0.24277958903806218,0.1421705418504637,0.25328955203784087,0.13961948150608752,0.2666227979449528,0.16906234239473494,
lewidi_hsbrexit,qwen,0,GPP-rbf,2,256,0.43279719942158285,0.06811631522311326,0.13446201563541157,0.2100085929934463,0.9404761904761905,0.8928571428571429,0.14423887431621552,0.00849705096334219,0.37805689006539367,0.25443904254419525,0.3780568900653938,0.2544390425441953,0.3797875345243249,0.26382068758776034,0.37963291430831797,0.25560520345685334,0.37978753339992427,0.26382068495050165,0.3796329124659045,0.2556051987099124,0.40501159772195533,0.3476241879880525,
lewidi_hsbrexit,qwen,0,GPP-laplace,2,256,0.43059433842221123,0.07690516971225742,0.15666986514060272,0.27173183482765995,0.9404761904761905,0.8928571428571429,0.15754930675029755,0.08564431220293045,0.04138378866069188,0.025430960507380015,0.04138378866069187,0.025430960507379974,0.07230925815321228,0.05276012967260699,0.04628263871331342,0.029393442379142487,0.07230925581353267,0.05276012726958118,0.046282636262420934,0.029393439403631302,0.09549231517674957,0.07416490804451109,
lewidi_hsbrexit,qwen,0,LPE,2,256,0.5933688239078411,0.07524300554950367,0.1287527638574461,0.17618355233276048,0.9404761904761905,0.8928571428571429,0.04985399916768074,0.010286699049174786,0.3311734348486315,0.18216614393863828,0.3311734348486316,0.18216614393863834,0.3174008234205131,0.17511538671505295,0.3291567285664438,0.17984428472158964,0.3174008223744509,0.1751153846634611,0.32915672675534524,0.17984428077726514,0.4117365395655704,0.3770940264333617,
lewidi_hsbrexit,qwen,0,LP-temp,2,256,0.3599189213180252,0.06327450618768002,0.14049428076698894,0.23424294817701066,0.9404761904761905,0.8928571428571429,0.2784222085934812,,0.43833435360483963,,0.43833435360483963,,0.4352177939055517,,0.43928212182849696,,0.43521779286930984,,0.4392821194719938,,0.41922367246817144,,
lewidi_hsbrexit,qwen,0,GPP-cosine,3,64,0.3963467215139617,0.0759543069526299,0.16247501003644652,0.29377893215451384,0.9404761904761905,0.8928571428571429,0.30177798867225647,0.0024903942830860615,0.0878007228054512,-0.010493759372142253,0.0878007228054512,-0.010493759372142253,0.08955095312682182,-0.0009914725259575485,0.08853844533493609,-0.007778264927763255,0.0895509529512605,-0.0009914717480665677,0.08853844690420423,-0.007778260949720027,0.08618800724937074,-0.009796943611845431,
lewidi_hsbrexit,qwen,0,GPP-rbf,3,64,0.44683784944085353,0.07197948417017733,0.14122955185095115,0.23390305438095865,0.9404761904761905,0.8928571428571429,0.1498715579509735,0.013347534462809563,0.1754193718357061,0.1099034291288007,0.17541937183570613,0.1099034291288007,0.2061986473029745,0.1438168820998118,0.1811103681373044,0.11536646829382896,0.20619864500894017,0.14381687921591157,0.18111036778316753,0.11536646549405603,0.15066751183701,0.09611043353556145,
lewidi_hsbrexit,qwen,0,GPP-laplace,3,64,0.4069083566611805,0.09564951438752421,0.20047316090425565,0.3623555114193683,0.9404761904761905,0.8928571428571429,0.2953127324581146,0.16689832508563995,0.02492607165990765,0.0015144943592954596,0.02492607165990765,0.0015144943592954457,0.05227894222728918,0.0225254655099055,0.028961586281165644,0.003913941495244017,0.052278939903004876,0.022525463060115825,0.028961584355634437,0.0039139387360137,0.03802589783307368,0.016972693581811915,
lewidi_hsbrexit,qwen,0,LPE,3,64,0.671310047844821,0.07991693073446021,0.131124607529706,0.1875612482999978,0.9404761904761905,0.8928571428571429,0.03464896231889725,0.003200916573405266,0.18335066522177093,0.16778077500208188,0.18335066522177096,0.1677807750020819,0.21577075651549393,0.2144337549741557,0.18890099192717197,0.175521127373221,0.2157707536145405,0.21443375114949792,0.18890098959938054,0.17552112248534452,0.18420856593885462,0.18323258958283586,
lewidi_hsbrexit,qwen,0,LP-temp,3,64,0.37774990233218614,0.07174272618242658,0.15674034128793815,0.2855816714151462,0.9404761904761905,0.8928571428571429,0.31017583790508485,,0.18155868503993622,,0.18155868503993622,,0.19637782838702722,,0.1843454450383398,,0.19637782670361323,,0.18434544549412063,,0.17807385741530812,,
lewidi_hsbrexit,qwen,0,GPP-cosine,3,256,0.3885535242809735,0.07397253734245103,0.15910837351388873,0.2856190959286804,0.9404761904761905,0.8928571428571429,0.3050272464752197,0.0015800375258550048,0.19838717048177512,0.1089748997536521,0.19838717048177518,0.10897489975365209,0.1875416931979515,0.1151459487730722,0.19636742992484463,0.11023925770010701,0.18754169229959644,0.11514594797077657,0.19636742787556427,0.11023925736696655,0.18577477561494185,0.09183937510136507,
lewidi_hsbrexit,qwen,0,GPP-rbf,3,256,0.4369998274174221,0.06982443282238403,0.1389875643778526,0.2265693416670628,0.9404761904761905,0.8928571428571429,0.16545942425727844,0.009784305468201637,0.23327252400016263,0.2228418470982565,0.23327252400016268,0.22284184709825652,0.23441358984989433,0.2386136008854313,0.23659545218992212,0.2268227640651595,0.23441359175239435,0.23861360003025564,0.23659545600715126,0.22682276297330356,0.20859403231995186,0.1659531605748466,
lewidi_hsbrexit,qwen,0,GPP-laplace,3,256,0.42219291963684824,0.07746056456088847,0.15977341468290737,0.280654305270421,0.9404761904761905,0.8928571428571429,0.17031200230121613,0.09284050017595291,0.03053174188743152,0.014084804905053067,0.03053174188743152,0.014084804905053053,0.058845350474565794,0.03860122437813887,0.03515817571685888,0.01771566635100999,0.0588453485374629,0.03860122236389915,0.03515817373647606,0.017715663804086512,0.0689504057994966,0.0574106472661891,
lewidi_hsbrexit,qwen,0,LPE,3,256,0.6110564365824221,0.07565901807565564,0.1329020799615927,0.1927818260971041,0.9404761904761905,0.8928571428571429,0.07598503679037094,0.019976066425442696,0.21354226006602867,0.21161755372092828,0.21354226006602867,0.21161755372092833,0.2108395574657198,0.21255358183675466,0.2158939917236114,0.21470348159546207,0.21083955935085097,0.21255358366622762,0.2158939948450499,0.21470348465663802,0.20320757233601974,0.20115337448192314,
lewidi_hsbrexit,qwen,0,LP-temp,3,256,0.4126741350000668,0.0830612047486694,0.17012478951413104,0.27903740840351915,0.9107142857142857,0.8630952380952381,0.3184206722474804,,0.20661147317068262,,0.20661147317068265,,0.21093960911423293,,0.21039158794529256,,0.21093961092353497,,0.21039159214290737,,0.1956739643688464,,
lewidi_hsbrexit,qwen,0,GPP-cosine,4,64,0.38707499006137186,0.08299058773492833,0.17899389043893843,0.3314198957459375,0.9404761904761905,0.8928571428571429,0.39758074283599854,0.0033871375489979982,0.07007876042567088,-0.02230537433816797,0.07007876042567088,-0.02230537433816797,0.05002795648196179,-0.016398370073112872,0.0647079217286898,-0.021154374359971223,0.05002795492848388,-0.01639837008429587,0.06470791673603482,-0.021154373229960208,0.07136710915725733,-0.012311244605208039,
lewidi_hsbrexit,qwen,0,GPP-rbf,4,64,0.4366854870467892,0.07352549574790193,0.14786820180181945,0.2525578506203881,0.9404761904761905,0.8928571428571429,0.15932364761829376,0.04360160231590271,0.08407986180009372,0.04373048960243142,0.08407986180009375,0.04373048960243143,0.08418969067617564,0.05261271752566894,0.08339749770593391,0.04356703799328021,0.08418968934427477,0.05261271490016847,0.08339749530254091,0.043567032940525205,0.0861229421589695,0.07355143719215645,
lewidi_hsbrexit,qwen,0,GPP-laplace,4,64,0.41129272426290847,0.10032802116548471,0.20980366842732542,0.37807654716723765,0.9404761904761905,0.8928571428571429,0.3162214159965515,0.178943932056427,0.051712699934823525,0.0248376696184104,0.0517126999348235,0.02483766961841037,0.07377287415368439,0.03911204213402322,0.05475974312136399,0.025915219395528516,0.0737728718428633,0.039112039700442774,0.05475974058626304,0.025915215922594048,0.06696127303580121,0.041887975699033624,
lewidi_hsbrexit,qwen,0,LPE,4,64,0.5822122861891563,0.0761217248953881,0.13318644131088928,0.20217432895504106,0.9404761904761905,0.8928571428571429,0.07118173688650131,0.006398078985512257,0.108271022149615,0.07691241141507471,0.10827102214961498,0.07691241141507471,0.07773951380595363,0.046549737823721536,0.10155865861545182,0.07011875921343484,0.0777395130605685,0.04654973715063192,0.10155865620082025,0.07011875682720484,0.10636283278021563,0.09983308620780441,
lewidi_hsbrexit,qwen,0,LP-temp,4,64,0.3906154173450546,0.07998121842180791,0.1731271482476544,0.3172463068277393,0.9404761904761905,0.8928571428571429,0.3728022865047526,,0.10804033973802851,,0.10804033973802854,,0.08731458203264496,,0.10348913567685858,,0.08731458130817871,,0.10348913295260008,,0.08806559985809255,,
lewidi_hsbrexit,qwen,0,GPP-cosine,4,256,0.38747118185623314,0.07109469294211881,0.15314843381444612,0.27082989874558133,0.9404761904761905,0.8928571428571429,0.27611175179481506,0.0014015042688697577,0.3191548093607153,0.14296309571547955,0.3191548093607153,0.14296309571547955,0.3049844723166066,0.14869611180566328,0.3162382897606789,0.14419120893261633,0.30498447044460486,0.14869611084872283,0.316238286523243,0.14419120867985843,0.31284689716858405,0.17236671948582702,
lewidi_hsbrexit,qwen,0,GPP-rbf,4,256,0.4489031487144146,0.0705791399112696,0.13749359899832467,0.21884381606115416,0.9404761904761905,0.8928571428571429,0.1420893520116806,0.00810024794191122,0.2583132241218241,0.15949026412620243,0.2583132241218241,0.15949026412620246,0.25000246306388285,0.1620831212062026,0.2585015066665932,0.1599072512326114,0.25000246361554485,0.16208312000326364,0.2585015089804342,0.15990725001973055,0.268588693176362,0.2581271561411324,
lewidi_hsbrexit,qwen,0,GPP-laplace,4,256,0.439250498173805,0.07726630567680652,0.15558326919008755,0.26900204577038744,0.9404761904761905,0.8928571428571429,0.15000683069229126,0.08128692954778671,0.021088893882067153,0.004653519601530487,0.021088893882067167,0.004653519601530501,0.05163111147695433,0.032065895180055204,0.02607881073076221,0.008801492634439592,0.051631109463601874,0.03206589309809384,0.02607880891952441,0.008801490309613524,0.0698613170651141,0.052558650524838706,
lewidi_hsbrexit,qwen,0,LPE,4,256,0.65094721091933,0.07769177880262346,0.13131499116653209,0.1875171505067142,0.9404761904761905,0.8928571428571429,0.04764409363269806,0.009764927439391613,0.20477208489982118,0.1541280346742738,0.20477208489982118,0.1541280346742738,0.19187484670278135,0.1427116064106406,0.20491783620575257,0.15374189352212836,0.19187484867015572,0.14271160775548858,0.20491784051704093,0.1537418957089003,0.23844961380121135,0.24799559206436622,
lewidi_hsbrexit,qwen,0,LP-temp,4,256,0.3959343500379808,0.07166035117358487,0.15266800163971353,0.2585882406140281,0.9404761904761905,0.8928571428571429,0.27399822522987005,,0.2251455273661078,,0.22514552736610785,,0.21479583422125306,,0.22562338962987707,,0.21479583580621317,,0.22562339358508235,,0.22849465496982005,,
lewidi_hsbrexit,qwen,10,GPP-cosine,0,64,0.5006546967556552,0.09846410548431882,0.1861168156961201,0.26243883523959616,0.8511904761904762,0.8392857142857143,0.2621849775314331,0.0074773915112018585,0.14733670314897604,0.22101840269792744,0.147336703148976,0.22101840269792752,0.17107779165790518,0.18503701555137136,0.152894809370443,0.21072584702249714,0.1710777911097721,0.18503701141674928,0.15289480963029192,0.21072583593067418,0.19303882820759574,0.3053272317207824,
lewidi_hsbrexit,qwen,10,GPP-rbf,0,64,0.43445431950065067,0.07283533825825049,0.14636282920227608,0.2465117545275318,0.9404761904761905,0.8928571428571429,0.17141921818256378,0.016282208263874054,0.12268536597562947,0.06154196555561266,0.12268536597562947,0.06154196555561266,0.15804476944840856,0.1099440153649704,0.13056533665182601,0.0712065290685156,0.15804476881789678,0.10994401394535133,0.13056533779856233,0.07120652844714463,0.14500684897210117,0.07710677963193906,
lewidi_hsbrexit,qwen,10,GPP-laplace,0,64,0.41511503635569674,0.10182503289475463,0.212282811557608,0.38037388186415616,0.9404761904761905,0.8928571428571429,0.3170461058616638,0.17980030179023743,0.011913211840322666,-0.023867427055296195,0.011913211840322666,-0.02386742705529618,0.049939768576527044,0.006758011627532978,0.019861276274246928,-0.01789944168503052,0.049939768093002906,0.006758010973810125,0.0198612767084224,-0.01789944229471467,-0.010828690045350975,-0.019231381720026756,
lewidi_hsbrexit,qwen,10,LPE,0,64,0.6425827668005223,0.07991285887916486,0.13298768535986755,0.19351777550389548,0.9404761904761905,0.8928571428571429,0.04381026327610016,0.0031168062705546618,0.13060413186074377,0.09415179697062051,0.13060413186074377,0.09415179697062052,0.17529248472287245,0.1344753314120447,0.1385326237070702,0.10038469479648385,0.17529248182667737,0.13447532792817551,0.13853262129897498,0.10038469149186427,0.18792657110464037,0.14203709234592982,
lewidi_hsbrexit,qwen,10,LP-temp,0,64,0.3788738955643477,0.0733858572138423,0.16085734566493182,0.2888745819616225,0.9404761904761905,0.8928571428571429,0.31912168209380876,,0.17235448557415567,,0.17235448557415567,,0.201967198497374,,0.17990804612123956,,0.20196719857834378,,0.1799080485568667,,0.1850915921657287,,
lewidi_hsbrexit,qwen,10,GPP-cosine,0,256,0.4362810520503581,0.08136408558539232,0.168000787252628,0.2800976909154823,0.9285714285714286,0.9047619047619048,0.3344534635543823,0.007030941080302,0.2318415145905186,0.1094936562180885,0.2318415145905186,0.1094936562180885,0.2598332299714807,0.09578465020329778,0.24002310220710227,0.10495353331276742,0.25983323075852105,0.09578464777569437,0.24002310537302263,0.10495352616501372,0.2386029815143,0.2949214647630396,
lewidi_hsbrexit,qwen,10,GPP-rbf,0,256,0.40418410776727365,0.06538747757511813,0.1374414599749365,0.23364334553828153,0.9464285714285714,0.8988095238095238,0.16623245179653168,0.04073651507496834,0.258052141578583,0.19307588070532383,0.258052141578583,0.19307588070532386,0.2816893237299144,0.2285876619114868,0.2640968924919267,0.20115683385248145,0.2816893230289015,0.22858766101009198,0.2640968942031093,0.20115683499328338,0.26072046474426797,0.21830267330910988,
lewidi_hsbrexit,qwen,10,GPP-laplace,0,256,0.4100051336118653,0.08184236030809497,0.17179198581392743,0.30862357490268116,0.9404761904761905,0.8928571428571429,0.2103370875120163,0.11658543348312378,-0.004441055696912749,-0.02704579966587957,-0.004441055696912721,-0.027045799665879583,0.03468555034158517,0.007865867549496697,0.0028631131566155127,-0.020922279746036915,0.034685548980750464,0.007865866047271047,0.0028631120655305126,-0.02092228156662794,-0.005516590164734595,-0.017140003814272272,
lewidi_hsbrexit,qwen,10,LPE,0,256,0.4872990228337244,0.0657374639228214,0.12724446195874234,0.19922530396614,0.9464285714285714,0.9107142857142857,0.09791142493486404,0.03248888626694679,0.2587925081211565,0.22417005316677144,0.2587925081211565,0.22417005316677147,0.29567511311912054,0.2560085050314619,0.26868141773899645,0.23263778263257975,0.29567511346816633,0.2560085052513045,0.26868142129054373,0.2326377853594728,0.2960043337675746,0.26563752657601963,
lewidi_hsbrexit,qwen,10,LP-temp,0,256,0.3722608731785034,0.07329153329536384,0.15916698628875686,0.2790842779752656,0.9166666666666666,0.9047619047619048,0.34602464715912584,,0.27302686838754425,,0.2730268683875443,,0.29416827908066556,,0.28095619938292105,,0.2941682809851077,,0.28095620336671395,,0.27107046162452403,,
lewidi_hsbrexit,qwen,10,GPP-cosine,1,16,0.7271590333206465,0.18368575964867206,0.2974421566305117,0.2915459924887441,0.625,0.6130952380952381,0.3219608664512634,0.016535699367523193,0.1639965347046556,0.1083197796239409,0.16399653470465567,0.10831977962394092,0.15164752300171624,0.07048690644566023,0.16430922264835948,0.10103596012846529,0.1516475252863934,0.07048690683962912,0.16430922820188992,0.10103596087387173,0.1721343441629654,0.1175075532646584,
lewidi_hsbrexit,qwen,10,GPP-rbf,1,16,0.4005600118366119,0.08777957183507049,0.18561117138181413,0.3406917775153424,0.9404761904761905,0.8928571428571429,0.29558756947517395,0.11407908797264099,0.010414720740990452,-0.020498258584544918,0.010414720740990466,-0.020498258584544904,0.04727572318425542,0.014679013047968245,0.01770369013946259,-0.014242402785037828,0.047275722260839675,0.014679011585800456,0.0177036912356818,-0.014242403659050898,0.013663668984262604,-0.020407200853706495,
lewidi_hsbrexit,qwen,10,GPP-laplace,1,16,0.5953218704500478,0.18801159061883016,0.34885880896555527,0.5021406742806133,0.9404761904761905,0.8928571428571429,0.43268775939941406,0.24854472279548645,0.024746953757426415,-0.030903849483821223,0.024746953757426415,-0.03090384948382122,0.06303148774607267,-0.0477143507595194,0.0337027684396468,-0.03577703629260884,0.06303148823721202,-0.04771435189123462,0.03370277317327317,-0.035777041640281323,0.02182933782961954,-0.06073826188956734,
lewidi_hsbrexit,qwen,10,LPE,1,16,0.45684100724856236,0.07529572530223733,0.14752260544836254,0.2503987317592592,0.9404761904761905,0.8928571428571429,0.16633884608745575,0.025978440418839455,0.05921820220213507,0.0638883396473908,0.05921820220213507,0.06388833964739078,0.08059999642806537,0.08462345208100738,0.06410573138864892,0.06938617131540342,0.08059999628031922,0.08462345273889853,0.06410573389331581,0.06938617529009393,0.028001226404823876,0.005172674686899414,
lewidi_hsbrexit,qwen,10,LP-temp,1,16,0.4194118530852552,0.10550835886634798,0.21764134843343186,0.3921501158246702,0.9404761904761905,0.8928571428571429,0.5209769594541456,,0.039465832905106524,,0.039465832905106586,,0.058416426730186946,,0.043194700588184226,,0.058416426013280884,,0.043194701668254495,,0.026978774984232796,,
lewidi_hsbrexit,qwen,10,GPP-cosine,1,256,0.42418959955754365,0.07291690054279176,0.15141339014973065,0.24843604420755888,0.9345238095238095,0.8988095238095238,0.2788739800453186,0.004114524926990271,0.27989940111568223,0.21410706384056788,0.27989940111568223,0.21410706384056796,0.3122233006578133,0.22958010560983974,0.2884806614313392,0.21678232407675369,0.3122233005237922,0.22958010343195412,0.2884806628542443,0.21678231878841042,0.2834049437620182,0.38296895921676377,
lewidi_hsbrexit,qwen,10,GPP-rbf,1,256,0.4299175425251657,0.06718166515959034,0.13511563360363998,0.21575004597552694,0.9404761904761905,0.8928571428571429,0.14629895985126495,0.009596268646419048,0.3072302055461118,0.2751378720872396,0.3072302055461118,0.27513787208723967,0.3477471979009866,0.3349950164948374,0.3160363058181133,0.28726282013215226,0.34774719584741387,0.334995013638583,0.3160363053645234,0.2872628179182724,0.2407222444587979,0.19969870496080946,
lewidi_hsbrexit,qwen,10,GPP-laplace,1,256,0.42154689748686003,0.07973001583495021,0.16451298322395555,0.2923961533850199,0.9404761904761905,0.8928571428571429,0.18253742158412933,0.1004883199930191,-0.016051003815236553,-0.03583811468745264,-0.016051003815236553,-0.03583811468745267,0.026261973744649406,0.0023030045643093605,-0.008334859918968013,-0.02927746276278176,0.026261972142710546,0.0023030028201762726,-0.008334861265255067,-0.029277464824319782,-0.008718722113767566,-0.024729381858932416,
lewidi_hsbrexit,qwen,10,LPE,1,256,0.5876036529909893,0.07115718592969046,0.125362999626705,0.1757052122717701,0.9404761904761905,0.8928571428571429,0.05455659702420235,0.01438182033598423,0.3209488415392849,0.28812944322569306,0.3209488415392849,0.2881294432256931,0.3645379952054255,0.34951279581366657,0.3305629656507234,0.3011576307977087,0.36453799321441344,0.3495127935064667,0.33056296458038414,0.3011576281977979,0.26467084523291534,0.2639597767449588,
lewidi_hsbrexit,qwen,10,LP-temp,1,256,0.36982400554568223,0.063655194461463,0.13787217823806563,0.24528664732183963,0.9166666666666666,0.9047619047619048,0.2650479312842742,,0.30057404074268185,,0.30057404074268185,,0.33133674228691257,,0.30866796851202205,,0.3313367418561525,,0.3086679710694241,,0.2532426268545814,,
lewidi_hsbrexit,qwen,10,GPP-cosine,2,64,0.5624842763050655,0.12475373191174215,0.21789034656883036,0.2644001745066067,0.7738095238095238,0.7619047619047619,0.2517288625240326,0.009717426262795925,0.10871725773747427,0.16112968433082414,0.10871725773747432,0.16112968433082417,0.14670126328253258,0.15950238398477126,0.11798971486755447,0.1590721017411426,0.14670126365330405,0.15950238104514639,0.11798971754685912,0.15907209350570403,0.18010017023066138,0.19366159407286487,
lewidi_hsbrexit,qwen,10,GPP-rbf,2,64,0.4053393670732617,0.07243768993252157,0.1527436545889248,0.2652480838753979,0.9404761904761905,0.8928571428571429,0.19143685698509216,0.06097600981593132,0.13342586304749315,0.0841494133238052,0.1334258630474932,0.08414941332380518,0.1308826143437104,0.09298703511267319,0.1300460942761721,0.08324808366779368,0.1308826103363142,0.09298703141476466,0.13004608836446485,0.08324807779283383,0.13918352338118928,0.10796622250796074,
lewidi_hsbrexit,qwen,10,GPP-laplace,2,64,0.4367078525309976,0.1149011954230039,0.23523038315276304,0.4129110974247454,0.9404761904761905,0.8928571428571429,0.3522554636001587,0.20070645213127136,0.017397914762729158,-0.021372756718878935,0.017397914762729158,-0.02137275671887892,0.048891834428859346,0.0006778123217815873,0.0228000109815667,-0.018508641022520048,0.04889183266650349,0.0006778102847206785,0.02280000896725022,-0.018508644543031708,0.0035460474268681525,-0.010480127061058562,
lewidi_hsbrexit,qwen,10,LPE,2,64,0.5439708957133087,0.07445654086007181,0.13454374738042438,0.20148876090324241,0.9404761904761905,0.8928571428571429,0.07973574846982956,0.007209462113678455,0.14890547293173542,0.07046784166244144,0.1489054729317354,0.07046784166244144,0.13544505236111465,0.057830465052359725,0.14318288170789467,0.0641771169627797,0.13544504830190884,0.05783046067083504,0.14318287586340686,0.0641771115144531,0.1751273383214229,0.16422893567921348,
lewidi_hsbrexit,qwen,10,LP-temp,2,64,0.3729778412244313,0.0733011075322455,0.1603624842793059,0.29408251942580776,0.9345238095238095,0.8869047619047619,0.34737188128986185,,0.20121589549040328,,0.2012158954904033,,0.18290519684590867,,0.19503938005187213,,0.18290519312125822,,0.19503937404907445,,0.18970191857130306,,
lewidi_hsbrexit,qwen,10,GPP-cosine,2,256,0.48016209983749264,0.09007869878370575,0.17492398480691765,0.2659722472400999,0.8988095238095238,0.875,0.2983003258705139,0.006303711328655481,0.20208765755896838,0.21322577271433674,0.2020876575589684,0.2132257727143368,0.23531532193701926,0.1976750618571517,0.2109625114928949,0.20717366238327298,0.23531532241535957,0.19767505752177564,0.21096251394190021,0.2071736505527979,0.21262342041837215,0.26320688069888715,
lewidi_hsbrexit,qwen,10,GPP-rbf,2,256,0.4481677414898337,0.07187917958891388,0.14137620370629952,0.2306399888870033,0.9404761904761905,0.8928571428571429,0.14798599481582642,0.009843374602496624,0.13492914398787545,0.07557650045674638,0.13492914398787545,0.0755765004567464,0.15279524481488135,0.09862545721326377,0.13566037278811635,0.07750046046093322,0.152795240407551,0.09862545325794017,0.13566036571577184,0.07750045374242137,0.1540183639926744,0.1361254641323305,
lewidi_hsbrexit,qwen,10,GPP-laplace,2,256,0.421984054327683,0.07988800594118446,0.16480948263779283,0.29292934909180823,0.9404761904761905,0.8928571428571429,0.1827121078968048,0.10056792199611664,-0.02127408667675025,-0.04032413101616439,-0.021274086676750265,-0.04032413101616443,0.021058484509409184,-0.002283022861954462,-0.013967566735350587,-0.03416697301499924,0.02105848248107829,-0.0022830250013710085,-0.013967569018858775,-0.03416697594765361,-0.018808458632418628,-0.027652663420531458,
lewidi_hsbrexit,qwen,10,LPE,2,256,0.6377317079979189,0.07845083926202401,0.1337240875923109,0.19515522366833582,0.9404761904761905,0.8928571428571429,0.0488228015601635,0.008613619022071362,0.09986995953099166,0.0665158192157837,0.09986995953099166,0.0665158192157837,0.10852226055199804,0.07013428825896183,0.09866324953588752,0.0652541677463502,0.10852225645737427,0.07013428554385219,0.09866324261677983,0.06525416229782566,0.16289974883244507,0.1669337844373226,
lewidi_hsbrexit,qwen,10,LP-temp,2,256,0.3991218888504255,0.07098463533678419,0.1520611593660186,0.2586742575353354,0.9404761904761905,0.8928571428571429,0.25248747811088657,,0.16452206395679292,,0.16452206395679292,,0.16808185312670945,,0.16243717496114352,,0.16808184887351063,,0.16243716782938528,,0.17612655220972787,,
lewidi_hsbrexit,qwen,10,GPP-cosine,3,64,0.6331662395920435,0.1397098609156486,0.23331885939408148,0.2682359210328237,0.7797619047619048,0.7559523809523809,0.23350992798805237,0.010502555407583714,0.05886304612009272,0.08208042290085923,0.05886304612009274,0.08208042290085925,0.10227199449855637,0.07470653019202511,0.06702380443934629,0.07607148803067475,0.10227199263787873,0.07470652476870458,0.06702380275392247,0.07607147446855243,0.13177075058190396,0.1432733290635536,
lewidi_hsbrexit,qwen,10,GPP-rbf,3,64,0.4462544518170296,0.07547200709335018,0.15024430237688302,0.2576045173247203,0.9404761904761905,0.8928571428571429,0.17597021162509918,0.019374363124370575,-0.020014105359030004,-0.06383104980091732,-0.02001410535903001,-0.06383104980091736,0.009511431383507792,-0.023747036766821834,-0.01647288143610808,-0.05769576511858973,0.009511428273240963,-0.02374703927453188,-0.016472882546240946,-0.0576957662447128,-0.006069643433145225,-0.02250787377237544,
lewidi_hsbrexit,qwen,10,GPP-laplace,3,64,0.4346632722968221,0.11303219009696253,0.23143116473442032,0.40684222648541696,0.9404761904761905,0.8928571428571429,0.34437283873558044,0.19633162021636963,-0.02140682409868197,-0.05813278020506964,-0.02140682409868197,-0.05813278020506962,0.01851762300976284,-0.026619246483531464,-0.013340267112708082,-0.05231857556129485,0.018517622413071866,-0.02661924730157214,-0.013340265965556042,-0.05231857566784594,-0.03575791468194438,-0.05712714937229794,
lewidi_hsbrexit,qwen,10,LPE,3,64,0.6805888674697391,0.08189213763588382,0.13489450233100797,0.20099958722169636,0.9404761904761905,0.8928571428571429,0.04555235058069229,0.004057588521391153,-0.023215079586189864,-0.041842249539761955,-0.023215079586189867,-0.04184224953976196,-0.0033690062820919617,-0.036511011099302916,-0.02156965603859391,-0.04372100572888281,-0.0033690091265653963,-0.03651101421311222,-0.021569656586607797,-0.04372100724418372,-0.01794402243137344,-0.0034577448041807407,
lewidi_hsbrexit,qwen,10,LP-temp,3,64,0.41422628741824447,0.07912968394334838,0.1656671705725071,0.2966943935413723,0.9404761904761905,0.8928571428571429,0.28839074258545544,,-0.022385650538202656,,-0.02238565053820263,,0.005593603968633055,,-0.018635520412067518,,0.00559360148206643,,-0.01863552057439269,,-0.010554487164374276,,
lewidi_hsbrexit,qwen,10,GPP-cosine,3,256,0.4667285758145444,0.09381801580112208,0.18617869527763883,0.2802122202216677,0.875,0.8511904761904762,0.29634594917297363,0.00820909347385168,0.1532719938271605,0.07351305888479048,0.15327199382716047,0.07351305888479052,0.1811874774190309,0.06406156510564859,0.15823224239225747,0.06888865148202415,0.18118747515248224,0.06406156178293912,0.1582322392533926,0.06888864325821642,0.17671213802333913,0.21955285254610535,
lewidi_hsbrexit,qwen,10,GPP-rbf,3,256,0.43321125167880076,0.0695143436035319,0.14047782404564454,0.23561182306112277,0.9404761904761905,0.8928571428571429,0.16423295438289642,0.011086617596447468,0.1624002166056126,0.1381228576872604,0.1624002166056126,0.13812285768726038,0.20564321004808045,0.19775594849031602,0.17315623903842062,0.15117258504001124,0.20564321044135864,0.19775594760728038,0.17315624404499463,0.15117258716283977,0.14612689802829415,0.11560672312365043,
lewidi_hsbrexit,qwen,10,GPP-laplace,3,256,0.41601876126805526,0.08062142502030938,0.16777457728139347,0.2998338852564709,0.9404761904761905,0.8928571428571429,0.19449499249458313,0.10734479874372482,-0.01601189699321516,-0.03721851922255617,-0.016011896993215147,-0.03721851922255619,0.026522431482131528,0.0009738407253349207,-0.007679320466861345,-0.030101932320165142,0.026522430511688316,0.0009738395959977136,-0.007679320451082092,-0.030101933076508394,-0.01468147289839645,-0.02490133959785001,
lewidi_hsbrexit,qwen,10,LPE,3,256,0.5998328245655197,0.07272032399027036,0.12923020780017613,0.1998287052506491,0.9404761904761905,0.8928571428571429,0.06809613853693008,0.016773192211985588,0.15883375289764895,0.11244845129524572,0.15883375289764895,0.11244845129524572,0.2014725714243209,0.1569228294496521,0.16813512693873162,0.12141795654609666,0.2014725703698754,0.15692282788121426,0.16813512874021827,0.12141795666063926,0.17070755968059514,0.17085163238076934,
lewidi_hsbrexit,qwen,10,LP-temp,3,256,0.39947152726961266,0.0736939290840084,0.15455665331613166,0.2726207753412629,0.9226190476190477,0.8988095238095238,0.27964674824241853,,0.14650915371043438,,0.14650915371043438,,0.18119268253910684,,0.15645803378939183,,0.18119268421907572,,0.1564580405167199,,0.15282395483316571,,
lewidi_hsbrexit,qwen,10,GPP-cosine,4,64,0.42695841656063704,0.08621751653272461,0.1760053296553841,0.2860752420554823,0.9285714285714286,0.8809523809523809,0.3253157138824463,0.009752660989761353,0.1857538585440485,0.07158494877638942,0.18575385854404852,0.07158494877638943,0.21214687119764697,0.07695328710635518,0.19198958534083976,0.0703841164083066,0.21214687050874328,0.07695328400049484,0.19198958592438473,0.07038410983202835,0.18936729810638234,0.30390974225132655,
lewidi_hsbrexit,qwen,10,GPP-rbf,4,64,0.4349414056007421,0.07516102160974317,0.1514912902189064,0.26051652962091837,0.9404761904761905,0.8928571428571429,0.16549651324748993,0.05128747969865799,0.05512102021372567,0.007756260015253515,0.055121020213725655,0.007756260015253508,0.08195876672737147,0.04001990273934169,0.05796595872608499,0.011520110709813722,0.08195876300803828,0.04001989903050426,0.0579659541720592,0.011520105388773537,0.05706673178835391,0.029841638961887813,
lewidi_hsbrexit,qwen,10,GPP-laplace,4,64,0.43265757150312567,0.11223863705595638,0.23036334286665633,0.4059131603476646,0.9404761904761905,0.8928571428571429,0.34442996978759766,0.19611422717571259,-0.006103173302123163,-0.04472794227745744,-0.006103173302123191,-0.04472794227745748,0.03185155760999617,-0.016256783588388043,0.0014902053906455104,-0.03960331398541177,0.031851556866530684,-0.016256784520732814,0.0014902057488809517,-0.03960331489880338,-0.02000751529838453,-0.029702213768170848,
lewidi_hsbrexit,qwen,10,LPE,4,64,0.6184533362554917,0.07910033167605825,0.13444711624435426,0.1998654238133708,0.9404761904761905,0.8928571428571429,0.055801063776016235,0.006669369991868734,0.0776315878177111,0.07443929130749931,0.0776315878177111,0.07443929130749932,0.08458780741303754,0.08973171017782411,0.07686531410848241,0.0758951127369554,0.08458780436511597,0.08973170759513359,0.07686531065385595,0.07589510987256644,0.14120518869008525,0.13745929848555613,
lewidi_hsbrexit,qwen,10,LP-temp,4,64,0.3894909133956207,0.07801640615851332,0.16780034551264317,0.3017614374897865,0.9404761904761905,0.8928571428571429,0.343981579105786,,0.12180716443913517,,0.12180716443913517,,0.1295727170370347,,0.12081091626413377,,0.12957271324954084,,0.12081091116014801,,0.14758621505586506,,
lewidi_hsbrexit,qwen,10,GPP-cosine,4,256,0.4534054551687102,0.08209853505960643,0.165972534754885,0.24825939636940253,0.9107142857142857,0.8869047619047619,0.2613866627216339,0.004594468045979738,0.22267320969429172,0.20511017681042626,0.22267320969429177,0.20511017681042631,0.25853585933102824,0.18637769499340942,0.23186277034303138,0.1986963275965683,0.2585358593849602,0.18637769108205465,0.23186277167898056,0.19869631576247182,0.24972446446645666,0.32210937753784785,
lewidi_hsbrexit,qwen,10,GPP-rbf,4,256,0.4367483262989557,0.06836233922776047,0.13582695835447384,0.21976491052862918,0.9404761904761905,0.8928571428571429,0.14641883969306946,0.00971315149217844,0.25496221168507244,0.1826174943014265,0.25496221168507244,0.1826174943014265,0.2940368181612534,0.22864142409746813,0.2635636722275583,0.19271552781642903,0.29403681657039243,0.22864142295145784,0.26356367378660983,0.1927155294220938,0.22473946975237644,0.1824889885496787,
lewidi_hsbrexit,qwen,10,GPP-laplace,4,256,0.42682116146246235,0.07959187984288267,0.1631836280714543,0.2891689547690853,0.9404761904761905,0.8928571428571429,0.1754949688911438,0.0963255986571312,-0.02548303583185424,-0.04493648892367563,-0.025483035831854198,-0.04493648892367564,0.01813408140728731,-0.005377440160082181,-0.017171500083436153,-0.037762655131464914,0.01813408021171775,-0.005377441507894931,-0.017171500282436886,-0.03776265606870512,-0.013510301271173942,-0.030157669400979602,
lewidi_hsbrexit,qwen,10,LPE,4,256,0.6401234299818653,0.07401184145332526,0.12774096939186902,0.1847318102283662,0.9404761904761905,0.8928571428571429,0.0500040240585804,0.01040718425065279,0.2310272306134819,0.17304227357020868,0.2310272306134819,0.1730422735702087,0.2686641896870849,0.19022513150319387,0.23850399338825995,0.17823675117294666,0.2686641873504456,0.19022513197816515,0.23850399323066732,0.1782367556560658,0.20901230790110273,0.17223658930502453,
lewidi_hsbrexit,qwen,10,LP-temp,4,256,0.4050129923898594,0.06790567082921954,0.14239602635212925,0.23819589751208872,0.9285714285714286,0.8928571428571429,0.2238722015754389,,0.2328449842022347,,0.2328449842022347,,0.2766130153248948,,0.2424575370887091,,0.27661301386109327,,0.24245753879116405,,0.23603291044345065,,
lewidi_hsbrexit,qwen,19,GPP-cosine,0,64,0.47295802948541876,0.09267270931246384,0.17751439625901017,0.24401834667616584,0.8571428571428571,0.8452380952380952,0.24123325943946838,0.012741880491375923,0.1994939128640885,0.2171469757743728,0.1994939128640885,0.21714697577437284,0.21408693057141553,0.1906923079151413,0.20237752429039965,0.20888388062333724,0.21408692893416123,0.1906923037464664,0.20237752181276786,0.2088838697549623,0.2611294453125044,0.3329798951413139,
lewidi_hsbrexit,qwen,19,GPP-rbf,0,64,0.41668874984104187,0.07035673868378292,0.1447984717974794,0.24349599365996344,0.9404761904761905,0.8928571428571429,0.17981091141700745,0.016571732237935066,0.22833294377534477,0.1343887050853558,0.22833294377534474,0.13438870508535583,0.24175940947790825,0.16092455141246326,0.23293766888756454,0.1405860956207321,0.2417594098510469,0.1609245509799379,0.23293767157316822,0.1405860958052203,0.22460469206511668,0.17193914889176165,
lewidi_hsbrexit,qwen,19,GPP-laplace,0,64,0.4089288848254152,0.09935826783794877,0.20914401470993957,0.37710504557283697,0.9404761904761905,0.8928571428571429,0.31425824761390686,0.1779741495847702,0.03669418157121626,0.00028903099575391944,0.03669418157121626,0.00028903099575390556,0.062082157470397276,0.01678059963766408,0.042176499944680576,0.0034890833361800877,0.06208215715645346,0.0167805991850581,0.04217649926147815,0.0034890815607584863,0.027169322748979312,0.0015847997019161726,
lewidi_hsbrexit,qwen,19,LPE,0,64,0.5791462903407779,0.0760639527280453,0.13179930548375568,0.19066251502962853,0.9404761904761905,0.8928571428571429,0.053220465779304504,0.00521004106849432,0.23650736443251205,0.2121233593381166,0.23650736443251208,0.2121233593381166,0.2496950900375737,0.2128434885331714,0.24019842391819127,0.21052702863090667,0.249695089399509,0.21284348520445884,0.24019842587840773,0.21052702663434963,0.24462614988287293,0.22355900311223947,
lewidi_hsbrexit,qwen,19,LP-temp,0,64,0.36298517431098404,0.07168820938253016,0.15990466854336685,0.29541062052648814,0.9404761904761905,0.8928571428571429,0.35532324062049747,,0.2636993001344288,,0.2636993001344288,,0.26770945494104825,,0.2667882828869464,,0.2677094556880928,,0.2667882864147896,,0.2555896176154836,,
lewidi_hsbrexit,qwen,19,GPP-cosine,0,256,0.3984983641930142,0.06691857743663238,0.1430627168768742,0.2386034892137498,0.9404761904761905,0.9047619047619048,0.2792021930217743,0.009129767306149006,0.30878382842641006,0.24198060214694025,0.30878382842641017,0.24198060214694028,0.31104449851870913,0.20394662751678358,0.31201265866938344,0.23550940598787923,0.3110444995537127,0.20394662799495633,0.3120126608241415,0.23550940398625575,0.31786155663593757,0.38562684828884,
lewidi_hsbrexit,qwen,19,GPP-rbf,0,256,0.4027303771207471,0.0648726404210962,0.13707803956051412,0.22847042226380257,0.9404761904761905,0.8928571428571429,0.15673093497753143,0.037173837423324585,0.251371019643697,0.18293186726566008,0.251371019643697,0.18293186726566008,0.2537175873364879,0.19266032441058872,0.2516118685632793,0.18497068937608266,0.2537175854005481,0.19266032312415488,0.25161186813468245,0.18497068911763356,0.23982062820609484,0.2257015035890235,
lewidi_hsbrexit,qwen,19,GPP-laplace,0,256,0.40470686334617395,0.08000655718134136,0.16913029191727263,0.30343178886996364,0.9404761904761905,0.8928571428571429,0.20645548403263092,0.11424075812101364,0.018256710387665465,-0.004927841490596371,0.01825671038766548,-0.0049278414905963575,0.04295965329277965,0.014335698552364745,0.02236001044637312,-0.002199136437376528,0.04295965173150726,0.01433569693548098,0.02236000720114969,-0.0021991403161828807,0.04447663679571195,0.024701496820189028,
lewidi_hsbrexit,qwen,19,LPE,0,256,0.5095135402267009,0.06629513750268154,0.126173393443315,0.1935595348484513,0.9464285714285714,0.8988095238095238,0.08941299468278885,0.026830315589904785,0.25423838886487476,0.17625682272020082,0.25423838886487476,0.17625682272020085,0.2492124282763959,0.18055231193198237,0.253348049861352,0.1781440384456743,0.24921242685629072,0.1805523118412545,0.25334804997590754,0.17814404117430194,0.27049881833028444,0.2487670781362668,
lewidi_hsbrexit,qwen,19,LP-temp,0,256,0.3701401440957773,0.07275649078666252,0.1603124461439321,0.2848627696411614,0.9226190476190477,0.8869047619047619,0.34792743219605216,,0.25972822627411835,,0.2597282262741184,,0.25889272565201904,,0.2589935315141755,,0.2588927233504966,,0.2589935281839083,,0.2628862027533382,,
lewidi_hsbrexit,qwen,19,GPP-cosine,1,16,0.6576975554288386,0.17145808731671844,0.28715606391787807,0.3089705921731074,0.6607142857142857,0.6488095238095238,0.3349067270755768,0.031746022403240204,0.15397709173713878,0.05424574367259054,0.15397709173713878,0.05424574367259056,0.14000218551114466,0.027518303489367568,0.1540493797884619,0.04961881563494806,0.14000218798887282,0.027518304489431128,0.15404938550624503,0.049618817635510154,0.16890432717518905,0.12029605713899769,
lewidi_hsbrexit,qwen,19,GPP-rbf,1,16,0.3965014047228518,0.08529596613093518,0.18250552228918032,0.3342774149264063,0.9404761904761905,0.8928571428571429,0.2831282913684845,0.1101195365190506,0.013395066072572417,-0.0225509611216411,0.013395066072572397,-0.022550961121641108,0.06768554557959672,0.02026008193208019,0.025777849331411785,-0.013305070865996832,0.067685546064204,0.020260081952590506,0.025777854115007992,-0.013305068759342592,0.002797798887253771,-0.017683762069768436,
lewidi_hsbrexit,qwen,19,GPP-laplace,1,16,0.5955923470152533,0.18814929904615324,0.34895571875607684,0.5024063478218711,0.9404761904761905,0.8928571428571429,0.432815283536911,0.24866177141666412,0.03210168778661798,-0.02370826868422718,0.03210168778661797,-0.02370826868422718,0.06726406216099028,-0.043364898014398676,0.04095958307830494,-0.028679736669137222,0.0672640632545477,-0.04336489861017704,0.04095958802538069,-0.02867974190146911,0.01755827939542317,-0.0538251300904647,
lewidi_hsbrexit,qwen,19,LPE,1,16,0.5071799340263846,0.07634407689019339,0.14109859791711815,0.2288911258697033,0.9404761904761905,0.8928571428571429,0.11339646577835083,0.014361472800374031,0.04942912889959894,0.03156552746652019,0.04942912889959894,0.03156552746652018,0.10128603285046603,0.07245162973733832,0.062169407330157835,0.042139698244776064,0.10128603409022127,0.07245163135150282,0.06216941536172218,0.042139706098762386,0.021397119729096945,0.025974913589470645,
lewidi_hsbrexit,qwen,19,LP-temp,1,16,0.39778620546008786,0.09137652399238386,0.19342005096434386,0.35683141050298245,0.9404761904761905,0.8928571428571429,0.4515978348751955,,0.033440053722950544,,0.03344005372295053,,0.08460101013747678,,0.045240656243637024,,0.08460101060526522,,0.04524066268310123,,0.020783648876742302,,
lewidi_hsbrexit,qwen,19,GPP-cosine,1,256,0.40711246565403914,0.06549024224920143,0.14105187797973734,0.23161898032368883,0.9345238095238095,0.8988095238095238,0.2358361929655075,0.005722277797758579,0.28965610457693475,0.22016502638682023,0.2896561045769347,0.22016502638682026,0.31277115602035244,0.23203962552120366,0.2954176013289494,0.22361913215928356,0.31277115492592067,0.2320396250450604,0.29541759953865143,0.22361912860757185,0.2843669775986653,0.3413175217255884,
lewidi_hsbrexit,qwen,19,GPP-rbf,1,256,0.40823497839991824,0.06408665271933382,0.13370439789529578,0.21574273066760397,0.9404761904761905,0.8928571428571429,0.1512673944234848,0.00951360259205103,0.3396275283617103,0.3235801548239447,0.3396275283617103,0.3235801548239447,0.35537222887620357,0.3547297291762267,0.3424360454594484,0.32958343667050993,0.3553722259649086,0.3547297261768037,0.3424360424584548,0.32958343282369235,0.2948656946855528,0.2666599779966107,
lewidi_hsbrexit,qwen,19,GPP-laplace,1,256,0.4136337032051244,0.07820048141514643,0.16314253068551243,0.28968374904023925,0.9404761904761905,0.8928571428571429,0.18229255080223083,0.10026101022958755,0.006869261394808923,-0.014398620062241782,0.006869261394808923,-0.014398620062241768,0.038730119048559,0.01228905102677208,0.012701322799303916,-0.009905002531015741,0.03873011774358434,0.012289049629211748,0.012701320170633398,-0.009905005843921372,0.011827903933655893,0.003253254520062525,
lewidi_hsbrexit,qwen,19,LPE,1,256,0.5349466618507331,0.06624137125337824,0.12349789847105187,0.17717252126983807,0.9404761904761905,0.8928571428571429,0.05760330334305763,0.01317188423126936,0.33289368436738287,0.307655368744236,0.33289368436738287,0.307655368744236,0.3530626308822761,0.3214992039518606,0.3361664503196746,0.309972488836687,0.35306262745536077,0.3214992011639608,0.3361664459457511,0.30997248441728176,0.2978865738827537,0.2797938312447488,
lewidi_hsbrexit,qwen,19,LP-temp,1,256,0.34579377806133815,0.056948193453540984,0.13089574073003551,0.243764301798626,0.9404761904761905,0.9047619047619048,0.2663474299738316,,0.31714910349240216,,0.31714910349240216,,0.3418474506504967,,0.3237109458486827,,0.34184744988258364,,0.3237109461318669,,0.28621203766218645,,
lewidi_hsbrexit,qwen,19,GPP-cosine,2,64,0.5032902904903624,0.10643085742360349,0.19417635991899151,0.25282848291016496,0.8154761904761905,0.8035714285714286,0.24309097230434418,0.014012152329087257,0.16391286314367948,0.19786979310134684,0.16391286314367948,0.19786979310134686,0.19990954128009603,0.20270198047757154,0.17271726664062992,0.197534648441729,0.19990954125487878,0.20270197764431808,0.17271726874859644,0.1975346409693568,0.21605792769026672,0.23738068731604797,
lewidi_hsbrexit,qwen,19,GPP-rbf,2,64,0.3998259851660021,0.07143677044526157,0.15158445290234385,0.26294665450075005,0.9404761904761905,0.8928571428571429,0.1859353929758072,0.05730487033724785,0.12275489275744182,0.08400114450141608,0.12275489275744184,0.08400114450141612,0.10972876606214277,0.07509611425624835,0.11861179892454315,0.08069038374186568,0.10972876382390073,0.07509611219350586,0.11861179578480315,0.08069037989468031,0.13393184108451692,0.10090201269296781,
lewidi_hsbrexit,qwen,19,GPP-laplace,2,64,0.43049479057215917,0.11219758062460115,0.23153802889975764,0.40913441710139137,0.9404761904761905,0.8928571428571429,0.34891241788864136,0.1985933929681778,0.030525795889920007,-0.009837313348253357,0.03052579588992,-0.009837313348253343,0.05322345003749816,0.0012641834330490848,0.03482555029711362,-0.008501850729392704,0.053223449102551536,0.0012641822830432858,0.03482554830300243,-0.008501854237927348,0.019361511900829256,-0.0071757499699664825,
lewidi_hsbrexit,qwen,19,LPE,2,64,0.5618097090178493,0.07620334403555418,0.13451271776267232,0.2002929442725785,0.9404761904761905,0.8928571428571429,0.07045546919107437,0.00522206025198102,0.09954511136678648,0.049790552028859944,0.09954511136678651,0.04979055202885997,0.06485812239456902,0.016736157571648976,0.08983821335593373,0.040185413578910735,0.06485811938584007,0.01673615460242858,0.08983820965728799,0.04018541067109941,0.1682583237776338,0.14169317686809463,
lewidi_hsbrexit,qwen,19,LP-temp,2,64,0.38318083469230235,0.06974103670444334,0.15267839184075166,0.2706871864358237,0.9404761904761905,0.8928571428571429,0.27321797558959054,,0.15594207528241277,,0.1559420752824128,,0.1304700541415147,,0.14935465187877653,,0.13047005199520373,,0.14935464906541707,,0.18295373919540192,,
lewidi_hsbrexit,qwen,19,GPP-cosine,2,256,0.43743383363149796,0.07998101057344165,0.15764311274787127,0.24385802934972342,0.8988095238095238,0.875,0.26775288581848145,0.00839155912399292,0.26139036803190163,0.27327277238264425,0.26139036803190163,0.27327277238264425,0.29597788753291243,0.27031741297947387,0.26983449204516935,0.2718030349954757,0.2959778868162706,0.2703174102878781,0.26983449212667443,0.2718030271220464,0.2823639023155982,0.34423150827427296,
lewidi_hsbrexit,qwen,19,GPP-rbf,2,256,0.4325333316126302,0.068792013049274,0.1378419083083004,0.22063654825938062,0.9404761904761905,0.8928571428571429,0.14007213711738586,0.00884238351136446,0.23339515917429615,0.18454150395658261,0.2333951591742962,0.18454150395658264,0.25817829754944577,0.21408743347961626,0.23807940152495066,0.19015612983592547,0.25817829521692326,0.21408743134124547,0.23807939951382262,0.1901561274833535,0.23639076844065754,0.228113559440327,
lewidi_hsbrexit,qwen,19,GPP-laplace,2,256,0.41798377269036135,0.07882155725310318,0.1635334852506362,0.2904992521578508,0.9404761904761905,0.8928571428571429,0.17991404235363007,0.0988817885518074,-0.02025824507278258,-0.04063803633109664,-0.02025824507278258,-0.04063803633109664,0.013023978368478711,-0.012714052134533943,-0.014368236526528508,-0.0361098062395449,0.013023976958625685,-0.012714053623701815,-0.014368239150667261,-0.03610980951149674,-0.008253971468044349,-0.01975654994969399,
lewidi_hsbrexit,qwen,19,LPE,2,256,0.6083607083858524,0.07648333324123947,0.13204866895550063,0.18941648668080346,0.9404761904761905,0.8928571428571429,0.04475647956132889,0.00867123156785965,0.17455397981679477,0.11341480178563038,0.1745539798167948,0.1134148017856304,0.19117677386909518,0.11346071531148319,0.17699098633260069,0.11345157907326928,0.19117677140368347,0.11346071460431621,0.17699098502587063,0.1134515807109196,0.26776143702697475,0.27103328157286616,
lewidi_hsbrexit,qwen,19,LP-temp,2,256,0.3778483268434396,0.06455357182644661,0.14081975478136213,0.23761406335173518,0.9345238095238095,0.8869047619047619,0.2276243923616865,,0.24881775737814926,,0.24881775737814926,,0.2723399051025043,,0.25328818124100444,,0.2723399027385663,,0.25328817942828835,,0.26602326961196987,,
lewidi_hsbrexit,qwen,19,GPP-cosine,3,64,0.60427970018997,0.129873613646527,0.22199270781746755,0.2644738421916887,0.7797619047619048,0.7440476190476191,0.2335231900215149,0.01768564246594906,0.10544982283192811,0.10589653988751237,0.10544982283192811,0.10589653988751238,0.1427404485786242,0.09003431960173262,0.1119056020696667,0.09792003460228568,0.14274044600663158,0.09003431389923738,0.11190559898920283,0.09792002042291331,0.14682402399687897,0.12261516286115655,
lewidi_hsbrexit,qwen,19,GPP-rbf,3,64,0.4456767846315919,0.07441566298921726,0.1475850071153781,0.25017320111670344,0.9404761904761905,0.8928571428571429,0.16826143860816956,0.01766100339591503,0.01250673466387216,-0.0363788582677772,0.012506734663872175,-0.036378858267777224,0.009269300403706191,-0.028300210303625128,0.007498858061255911,-0.03816230723201143,0.009269295540049193,-0.028300214014927744,0.0074988508465003295,-0.038162313024537695,0.008537469361935512,0.006450738962638263,
lewidi_hsbrexit,qwen,19,GPP-laplace,3,64,0.4294276038559036,0.11083884502378216,0.2289644244481765,0.40443435959520035,0.9404761904761905,0.8928571428571429,0.342008501291275,0.19482071697711945,-0.012326999745276443,-0.050975583592693725,-0.012326999745276429,-0.05097558359269372,0.01551684605456971,-0.03339874497915245,-0.006778873895174439,-0.0480994169679398,0.015516845535217982,-0.03339874572274759,-0.006778874709686952,-0.04809941921548977,-0.028456682037632627,-0.04688404514055821,
lewidi_hsbrexit,qwen,19,LPE,3,64,0.7015941581601501,0.08195296587871766,0.13338681620093884,0.19457549524209788,0.9404761904761905,0.8928571428571429,0.03652288764715195,0.002985956147313118,0.008510259277728976,-0.011876229078794336,0.008510259277728987,-0.011876229078794336,-0.0019225769777929148,-0.026890805202395673,0.0017320171376834746,-0.019266058144938224,-0.0019225820349473462,-0.02689080969328732,0.0017320106671800065,-0.019266064225835905,-0.01256685746035581,-0.02713679020377869,
lewidi_hsbrexit,qwen,19,LP-temp,3,64,0.4180011908498351,0.07624896205584257,0.15841675885481524,0.2813604406038858,0.9404761904761905,0.8928571428571429,0.25796046987468496,,0.0016896637956153576,,0.0016896637956153576,,-0.0057676155556269735,,-0.0038422650299671963,,-0.00576761990583512,,-0.0038422713834368096,,-0.0038434878401310112,,
lewidi_hsbrexit,qwen,19,GPP-cosine,3,256,0.4279845691736742,0.08241292320800248,0.16704673669473127,0.25537128285701954,0.8809523809523809,0.8571428571428571,0.26574593782424927,0.011304964311420918,0.2177848706548078,0.11186264391258499,0.21778487065480784,0.11186264391258498,0.24938838899136967,0.11284736549910308,0.22482885074464615,0.11150474926126044,0.24938838772639188,0.11284736413482811,0.22482885002160213,0.11150474545987324,0.24221874153802664,0.2799007238932652,
lewidi_hsbrexit,qwen,19,GPP-rbf,3,256,0.43201231851855393,0.06832214843287374,0.1378512643450882,0.22276083488610585,0.9404761904761905,0.8928571428571429,0.12787039577960968,0.028628922998905182,0.21638564416877323,0.16449455990092543,0.21638564416877326,0.16449455990092543,0.2295675966104677,0.18981844312179702,0.21876584119033554,0.1692988934813346,0.22956759464666557,0.18981844123903782,0.21876584152615375,0.1692988931570745,0.26233314948492753,0.23027464994293997,
lewidi_hsbrexit,qwen,19,GPP-laplace,3,256,0.4108169979578334,0.07907023786936122,0.16572715173519792,0.2955013625109659,0.9404761904761905,0.8928571428571429,0.19234606623649597,0.10604537278413773,0.00804683425194648,-0.015092368113120487,0.008046834251946466,-0.01509236811312048,0.036370901797646564,0.007983195225943346,0.013119742879603824,-0.011392096854776754,0.036370900500643684,0.00798319382879753,0.013119740377312741,-0.011392100069840982,0.009927073792647933,0.0011618766143080446,
lewidi_hsbrexit,qwen,19,LPE,3,256,0.5559902604079295,0.0716693871855078,0.1312032369265537,0.19968316088373633,0.9404761904761905,0.8928571428571429,0.06829807907342911,0.017048092558979988,0.15621207700705092,0.09798343531047089,0.15621207700705095,0.0979834353104709,0.17128697340378657,0.10309530750971208,0.15802981545643915,0.09680740567545089,0.17128697074517707,0.10309530432226952,0.15802981466748064,0.0968074034337792,0.2204451737858939,0.20704641266969356,
lewidi_hsbrexit,qwen,19,LP-temp,3,256,0.3714382127358448,0.07004009308588648,0.15314593812737376,0.27459269338757464,0.9464285714285714,0.8988095238095238,0.30534142660844393,,0.208230769459479,,0.20823076945947905,,0.2218781753473517,,0.21252207099556789,,0.22187817544880944,,0.21252207481894173,,0.21973875280439462,,
lewidi_hsbrexit,qwen,19,GPP-cosine,4,64,0.40113530655242224,0.07330602442815859,0.15689994025487272,0.2648127972246163,0.9404761904761905,0.8928571428571429,0.29239168763160706,0.014933084137737751,0.24302240240281175,0.15278545661676293,0.2430224024028118,0.15278545661676296,0.26954049009577896,0.16858951011996187,0.24897857322116929,0.15343042385443925,0.2695404886934571,0.16858950600203101,0.24897857214212024,0.15343041520246292,0.24734958866681095,0.3573911489350853,
lewidi_hsbrexit,qwen,19,GPP-rbf,4,64,0.41911928711896046,0.0727701365592704,0.14968834540507356,0.2560252118931006,0.9404761904761905,0.8928571428571429,0.1725856363773346,0.05235188454389572,0.13973923900474022,0.06286218798539589,0.13973923900474022,0.0628621879853959,0.14382038673715852,0.07327261172433155,0.13716755410841736,0.06196367860723607,0.14382038197683214,0.07327260778546879,0.13716754597860453,0.06196367131908236,0.16856970671026833,0.11127989461196727,
lewidi_hsbrexit,qwen,19,GPP-laplace,4,64,0.4272725010243431,0.1099158970236775,0.22777343075722456,0.40338660087448697,0.9404761904761905,0.8928571428571429,0.34131574630737305,0.19412381947040558,-0.0003234716915529734,-0.0410820932686328,-0.0003234716915529734,-0.041082093268632824,0.025085866563073447,-0.026627437490310338,0.004248474734219215,-0.039271814548700795,0.025085865471981994,-0.026627438724507083,0.004248472450985988,-0.03927181813531107,-0.007519665447801665,-0.03211891712593158,
lewidi_hsbrexit,qwen,19,LPE,4,64,0.5724173506875759,0.07640313910068944,0.13393893623825057,0.19956886887251354,0.9404761904761905,0.8928571428571429,0.06637918949127197,0.008989168331027031,0.13867497865096662,0.07234344154815923,0.13867497865096667,0.07234344154815926,0.12720834645822549,0.06034052482082221,0.13256197518460394,0.06691476061042369,0.12720834154653343,0.060340521231576745,0.13256196737419462,0.0669147556317878,0.2599582736852819,0.24429152941795224,
lewidi_hsbrexit,qwen,19,LP-temp,4,64,0.3820888248706411,0.0804025305717135,0.17463575183398733,0.31809658220474124,0.9404761904761905,0.8928571428571429,0.39379774990194455,,0.19904985254648538,,0.19904985254648538,,0.19126943355882703,,0.19405533703097932,,0.19126942860253587,,0.19405532862238306,,0.23836595868498117,,
lewidi_hsbrexit,qwen,19,GPP-cosine,4,256,0.4146825925744896,0.06960856398704836,0.1476487848963047,0.22448942693740065,0.9107142857142857,0.8869047619047619,0.2295619398355484,0.006117397919297218,0.29438786952982865,0.2708315393017864,0.2943878695298287,0.27083153930178644,0.32078614831385155,0.26258979541557326,0.301324981742823,0.2675146627566278,0.320786147697873,0.2625897919708418,0.3013249811660597,0.267514652724855,0.31352543311133996,0.4058295588584283,
lewidi_hsbrexit,qwen,19,GPP-rbf,4,256,0.43399772060887304,0.06809316750299421,0.13612894422701738,0.21873910975191488,0.9404761904761905,0.8928571428571429,0.14400525391101837,0.00887580681592226,0.2513947226159102,0.18256458231575734,0.2513947226159102,0.1825645823157574,0.2644429619191256,0.20270448786082043,0.2531860873900378,0.18606373804328669,0.2644429591054924,0.2027044856695005,0.2531860867953374,0.18606373786097521,0.22656129228361144,0.20494109224456733,
lewidi_hsbrexit,qwen,19,GPP-laplace,4,256,0.421500742568245,0.07793649401352847,0.1607184239685358,0.28350906348542715,0.9404761904761905,0.8928571428571429,0.17162588238716125,0.09395980089902878,0.0012545906180650712,-0.02013825657076175,0.0012545906180650573,-0.020138256570761785,0.0314176335232046,0.005077975387286715,0.006515307899301867,-0.016178799904164237,0.03141763203208668,0.005077973790708706,0.006515304838185437,-0.016178803660104678,0.01881775364533309,0.00303017421011538,
lewidi_hsbrexit,qwen,19,LPE,4,256,0.6256671644729791,0.07422475711460064,0.12792508500922936,0.18193735949161938,0.9404761904761905,0.8928571428571429,0.04961061477661133,0.010180769488215446,0.23805043591255826,0.24056154877877237,0.23805043591255828,0.2405615487787724,0.2400413780260641,0.241501672154583,0.23690659340496958,0.24042839646783953,0.24004137472314924,0.24150167021488617,0.2369065916603882,0.2404283954379729,0.20642829431088167,0.2027056416386387,
lewidi_hsbrexit,qwen,19,LP-temp,4,256,0.3842167650967273,0.06662531132174929,0.14506511861073412,0.25175029547521816,0.9345238095238095,0.8869047619047619,0.254070308709763,,0.23592845032254306,,0.2359284503225431,,0.25657053786669964,,0.23994212854976432,,0.2565705357787813,,0.23994212940313253,,0.22612442667663163,,
lewidi_hsbrexit,qwen,29,GPP-cosine,0,64,0.46178683286764477,0.0864402169885202,0.16780429333864855,0.23227762048736403,0.8452380952380952,0.8333333333333334,0.24101179838180542,0.020865000784397125,0.27173186265376764,0.27426610516741684,0.27173186265376764,0.27426610516741684,0.2745100340530803,0.24589189750150184,0.27172491714557623,0.2660913752149614,0.27451003160432375,0.24589189352668195,0.2717249130858297,0.2660913657976546,0.30077267539269487,0.3188886555629859,
lewidi_hsbrexit,qwen,29,GPP-rbf,0,64,0.4170133822335238,0.07020772908238129,0.1443789004531157,0.24165714085953308,0.9404761904761905,0.8928571428571429,0.18051877617835999,0.017265133559703827,0.25434186984499546,0.14196835269246771,0.2543418698449955,0.14196835269246766,0.2556680215675772,0.16328164074657447,0.257505597372545,0.14820929347336265,0.255668023111124,0.1632816415830223,0.25750560104938847,0.14820929621917728,0.25035187783818297,0.17606148711932662,
lewidi_hsbrexit,qwen,29,GPP-laplace,0,64,0.41699445942628555,0.10347147671421088,0.21560257356170387,0.3865229118417036,0.9404761904761905,0.8928571428571429,0.32244613766670227,0.18294474482536316,-0.024307405731584547,-0.06383966234162017,-0.02430740573158456,-0.06383966234162018,0.010471922586239003,-0.03793869159922676,-0.016520766788518673,-0.05830163098934098,0.010471922948041175,-0.03793869132272372,-0.01652076422125364,-0.05830162939088934,-0.005786145539254061,-0.040094038206542004,
lewidi_hsbrexit,qwen,29,LPE,0,64,0.5919534704683693,0.07658721572696554,0.13133666705990826,0.1876304507487907,0.9404761904761905,0.8928571428571429,0.050201382488012314,0.003594123525545001,0.27189647761208746,0.21800697123474994,0.27189647761208746,0.21800697123475,0.2641035388667041,0.20030219399525,0.2735588803351014,0.21714064778044595,0.26410354084365734,0.20030219591992998,0.2735588840985095,0.21714065067949923,0.28863338852640447,0.28644906049150526,
lewidi_hsbrexit,qwen,29,LP-temp,0,64,0.36292504113322815,0.06952765415874806,0.15440093664044147,0.2798338552331841,0.9404761904761905,0.8928571428571429,0.33354466789477816,,0.30433212290477263,,0.30433212290477274,,0.29455418688411694,,0.3051418352557417,,0.29455418818462104,,0.3051418384533463,,0.2881593428677668,,
lewidi_hsbrexit,qwen,29,GPP-cosine,0,256,0.40862618412828244,0.06646488267242139,0.14127452471691,0.23331428009157773,0.9345238095238095,0.9107142857142857,0.2549246847629547,0.012817147187888622,0.2973519721684824,0.17734880131017977,0.2973519721684824,0.1773488013101798,0.2965613351160721,0.14880942414157144,0.2987035459315275,0.17152594222991646,0.2965613348794352,0.14880942345226647,0.2987035458689307,0.1715259395833781,0.3129537898171004,0.3637185028494475,
lewidi_hsbrexit,qwen,29,GPP-rbf,0,256,0.40244450638177476,0.06501556045869564,0.13564630847499107,0.22874189603645287,0.9404761904761905,0.8928571428571429,0.16263802349567413,0.03911823406815529,0.2851561984365543,0.21607933474454552,0.2851561984365544,0.21607933474454552,0.2915360392045297,0.23395368666166205,0.28461174795281297,0.21843571451374394,0.291536035195069,0.23395368353247487,0.2846117435480889,0.2184357116640875,0.2273792534200843,0.20579158592624083,
lewidi_hsbrexit,qwen,29,GPP-laplace,0,256,0.4079091782549249,0.0818367223570265,0.17304329669457816,0.31170494543916966,0.9404761904761905,0.8928571428571429,0.2116057574748993,0.1173117384314537,-0.03387378316226119,-0.06131063360051843,-0.0338737831622612,-0.06131063360051843,0.0040370690460737185,-0.028911581107733817,-0.02630238026816046,-0.05518897510908386,0.004037068469274006,-0.02891158177849126,-0.026302379495347257,-0.05518897504971207,-0.005553770216392453,-0.03452167796432062,
lewidi_hsbrexit,qwen,29,LPE,0,256,0.5060007291583791,0.06574591564667127,0.12330048481687429,0.18857998481275948,0.9404761904761905,0.8928571428571429,0.08749006688594818,0.026339249685406685,0.31753103372499514,0.22225489640699614,0.3175310337249952,0.22225489640699617,0.32494248123786645,0.23966300435203725,0.31778111952220456,0.22527963448611138,0.32494247765087914,0.2396630020394023,0.3177811151263739,0.22527963363567274,0.25228524052439155,0.2486834230200366,
lewidi_hsbrexit,qwen,29,LP-temp,0,256,0.3684570276012462,0.0711518542837525,0.15775852294080678,0.2843304544970009,0.9107142857142857,0.8869047619047619,0.3393546055257421,,0.2429414492876625,,0.24294144928766254,,0.2414088601732678,,0.24252159697102021,,0.2414088585004563,,0.24252159398663697,,0.22045446879880837,,
lewidi_hsbrexit,qwen,29,GPP-cosine,1,16,0.6951140453613162,0.19130525536126716,0.31491170661294227,0.32314349213050453,0.6309523809523809,0.6190476190476191,0.34026989340782166,0.054234787821769714,0.14676132694148752,0.04031033646487011,0.14676132694148758,0.04031033646487012,0.12764022839670816,0.018803412999755895,0.14556333570807248,0.03660484028725458,0.12764023075979414,0.018803413845847217,0.14556334032523474,0.03660484163925423,0.1490920071480083,0.07467613375480664,
lewidi_hsbrexit,qwen,29,GPP-rbf,1,16,0.4026088887429656,0.08921416315656176,0.18974091679168245,0.3498288618089457,0.9404761904761905,0.8928571428571429,0.29642951488494873,0.11922570317983627,-0.07059581130371159,-0.10403427764367071,-0.07059581130371163,-0.10403427764367078,0.0005293271418444628,-0.038415607659789644,-0.053627156112090374,-0.08898877899932865,0.0005293291792765747,-0.03841560620512349,-0.05362714677278272,-0.08898877230384966,-0.05172209936253691,-0.08840951533592772,
lewidi_hsbrexit,qwen,29,GPP-laplace,1,16,0.608031135248905,0.19337263156546225,0.356121685311553,0.5048525666223119,0.9404761904761905,0.8928571428571429,0.4346159100532532,0.2497551292181015,-0.0136919999400214,-0.053824063523341834,-0.013691999940021383,-0.053824063523341834,0.03500197732193903,-0.06574286481413459,-0.0019360254829942497,-0.05718190221432894,0.03500197864614094,-0.0657428653009707,-0.0019360186504657415,-0.05718190653791227,-0.008114546274327384,-0.0899803725184722,
lewidi_hsbrexit,qwen,29,LPE,1,16,0.5073130977634799,0.07656787149147389,0.14213470591736646,0.2323589517663954,0.9404761904761905,0.8928571428571429,0.11397691071033478,0.019911179319024086,0.02621960093140803,0.0307576773117478,0.02621960093140801,0.030757677311747784,0.07109793782444825,0.06673868700938533,0.03827906524508037,0.041448288110004165,0.07109794015457026,0.06673868995089796,0.03827907571257029,0.04144829886438213,0.012947952989848846,0.013380171090371443,
lewidi_hsbrexit,qwen,29,LP-temp,1,16,0.420344252232509,0.10614401462030983,0.21664264488051674,0.3927945934894263,0.9404761904761905,0.8928571428571429,0.5224816135776068,,-0.0014245209433386002,,-0.0014245209433386141,,0.045837252537188365,,0.010005943789968302,,0.04583725376788518,,0.010005951900273272,,0.009383315537151767,,
lewidi_hsbrexit,qwen,29,GPP-cosine,1,256,0.4063055016256847,0.06291001069944467,0.13501353823794907,0.21753376261593388,0.9404761904761905,0.9047619047619048,0.20671583712100983,0.007054824382066727,0.30956950751534273,0.28025287258296405,0.30956950751534273,0.2802528725829641,0.33098574397784364,0.2913240047645991,0.31384636310639036,0.2818706594219581,0.330985741515918,0.2913240020511205,0.31384635832618896,0.28187065124902155,0.30546665691449937,0.3631608020745796,
lewidi_hsbrexit,qwen,29,GPP-rbf,1,256,0.4073280151793724,0.064456616601787,0.13417769235508917,0.21540517995086597,0.9404761904761905,0.8928571428571429,0.15859828889369965,0.010335261933505535,0.34468930578812046,0.3247447306718927,0.3446893057881205,0.3247447306718927,0.35322565430545205,0.3528586268119406,0.34504815566068103,0.3291972213374116,0.35322565038946485,0.35285862281831215,0.3450481509225827,0.32919721725127216,0.31573764618498246,0.2812903283239776,
lewidi_hsbrexit,qwen,29,GPP-laplace,1,256,0.4139868680955533,0.07988098343339792,0.16725941230210342,0.2994365542638028,0.9404761904761905,0.8928571428571429,0.19072891771793365,0.10524958372116089,-0.04336842900788586,-0.06889396606641882,-0.043368429007885866,-0.06889396606641884,-0.00042052865859704136,-0.03116826973330583,-0.0348216985957316,-0.061769179484116685,-0.00042052931367457524,-0.031168270534252113,-0.034821698006989046,-0.06176917970965328,-0.012827117821960813,-0.03664558841527572,
lewidi_hsbrexit,qwen,29,LPE,1,256,0.5293697266275272,0.06649179060086878,0.12334121371605718,0.17482256460459128,0.9404761904761905,0.8928571428571429,0.061941009014844894,0.015071353875100613,0.356764538459592,0.31469626219585606,0.35676453845959205,0.3146962621958561,0.3806695375842632,0.35238476134652497,0.35998303091534745,0.31972795988695013,0.3806695330335227,0.3523847557344316,0.3599830258308837,0.31972795335960635,0.33375138121321446,0.3299078933730834,
lewidi_hsbrexit,qwen,29,LP-temp,1,256,0.3622812056369149,0.06162831839586026,0.13554696162319133,0.2410354366527089,0.9345238095238095,0.8988095238095238,0.27205319265176575,,0.32094012610363953,,0.32094012610363953,,0.3304340348865419,,0.32330431474410676,,0.3304340331222923,,0.3233043137026782,,0.29048774360284013,,
lewidi_hsbrexit,qwen,29,GPP-cosine,2,64,0.5003982094965943,0.10585305693446848,0.19519627403463163,0.2526878261809067,0.8214285714285714,0.8095238095238095,0.2366468757390976,0.020595557987689972,0.1700435956898232,0.15194529551096259,0.1700435956898232,0.15194529551096259,0.20980130379373946,0.16294018221655063,0.17956159366765068,0.152472910831923,0.2098013036078767,0.1629401791428423,0.1795615955016308,0.15247290361711185,0.21652267833598995,0.23471766611605396,
lewidi_hsbrexit,qwen,29,GPP-rbf,2,64,0.4124143708531141,0.07268223498129865,0.15188444289101644,0.26233054108238607,0.9404761904761905,0.8928571428571429,0.178350031375885,0.055474575608968735,0.10130891024906498,0.055198951065135546,0.10130891024906495,0.05519895106513553,0.10788974239749355,0.06787565033923044,0.10174372568301301,0.057185843370773565,0.1078897406227957,0.06787564910815846,0.10174372458193377,0.05718584279219313,0.10122269063851683,0.07696270693176487,
lewidi_hsbrexit,qwen,29,GPP-laplace,2,64,0.43701791941791335,0.11548310888038402,0.23625469691164436,0.41527380958785204,0.9404761904761905,0.8928571428571429,0.35444125533103943,0.20189762115478516,-0.01603787808859343,-0.05957772499753941,-0.016037878088593437,-0.05957772499753941,0.025315312315994015,-0.029781589808108272,-0.007190734980605372,-0.053676907609293945,0.025315312205172885,-0.029781590102874053,-0.00719073321542648,-0.053676907313525764,-0.007580083031745682,-0.04252468408367443,
lewidi_hsbrexit,qwen,29,LPE,2,64,0.5881198204918638,0.07707723553968394,0.13423441862124447,0.19725518366122224,0.9404761904761905,0.8928571428571429,0.06327484548091888,0.0053610182367265224,0.13483113350735826,0.051870416291955664,0.13483113350735826,0.05187041629195567,0.11502770654851574,0.036079622493879235,0.1296734442499022,0.047950940936775405,0.11502770475122218,0.03607962163709043,0.12967344272317802,0.047950941084558156,0.15302844511728392,0.1376266087180165,
lewidi_hsbrexit,qwen,29,LP-temp,2,64,0.40836721838357704,0.06973927591267086,0.14667744971520122,0.24919674506689957,0.9404761904761905,0.8928571428571429,0.22752968747684083,,0.16681588818978715,,0.16681588818978713,,0.14921913512584606,,0.16303803449380297,,0.14921913411880305,,0.1630380344901665,,0.16619947841707994,,
lewidi_hsbrexit,qwen,29,GPP-cosine,2,256,0.4191451883104047,0.0735865264907388,0.15016749199980545,0.22793347071904185,0.9166666666666666,0.9047619047619048,0.24305270612239838,0.010861622169613838,0.30336930102243653,0.2635666009864329,0.30336930102243653,0.2635666009864329,0.3316853757034909,0.25910166485331054,0.3100565788462098,0.26217788019225857,0.3316853742850184,0.259101662681914,0.3100565770293309,0.262177873923205,0.32988930334725447,0.3965996110343652,
lewidi_hsbrexit,qwen,29,GPP-rbf,2,256,0.4291756804564476,0.06882601828024167,0.1386367094861011,0.22485104787082258,0.9404761904761905,0.8928571428571429,0.14866863191127777,0.009766737930476665,0.22218613160070272,0.17137625618494393,0.22218613160070272,0.17137625618494393,0.24467771869432442,0.20089288333768823,0.22603029580384162,0.17636148383909017,0.2446777160574922,0.20089288059199462,0.2260302924023316,0.17636148026168377,0.2349872214905734,0.2142035726138311,
lewidi_hsbrexit,qwen,29,GPP-laplace,2,256,0.4209368692388589,0.08011072699195225,0.16612123558297753,0.2963755775829722,0.9404761904761905,0.8928571428571429,0.18363212049007416,0.10111770033836365,-0.05578818356599796,-0.07938414872186232,-0.055788183565998045,-0.07938414872186232,-0.013038140273845283,-0.04213156317455932,-0.04712597452031878,-0.07217112855433662,-0.013038140671690249,-0.042131563694187135,-0.04712597345792452,-0.07217112823794322,-0.01665666314272013,-0.04706065038593303,
lewidi_hsbrexit,qwen,29,LPE,2,256,0.5933736287885674,0.0747758938030749,0.13137361515362586,0.19158679175241383,0.9404761904761905,0.8928571428571429,0.05157353729009628,0.01093951053917408,0.178017349272567,0.09927886450980664,0.17801734927256702,0.09927886450980665,0.19070867293238808,0.10494283252638383,0.17863599908645228,0.09815768468096803,0.19070866937805925,0.10494282925729184,0.17863599492292714,0.09815768149348761,0.2456067737453489,0.23824047601063594,
lewidi_hsbrexit,qwen,29,LP-temp,2,256,0.36654245817708336,0.064391019956586,0.14303719013348942,0.24939990068413284,0.9404761904761905,0.8928571428571429,0.26197988767778696,,0.25083759245689985,,0.25083759245689985,,0.2628021330798683,,0.2528377804759062,,0.26280213076558384,,0.25283777706484434,,0.263183643166601,,
lewidi_hsbrexit,qwen,29,GPP-cosine,3,64,0.5927038141510145,0.12839165793402005,0.22483134353691034,0.2768967090647359,0.7797619047619048,0.7678571428571429,0.23582163453102112,0.024067476391792297,0.08225701789639839,0.025383713912130186,0.0822570178963984,0.025383713912130207,0.12013237680288771,0.0221920826769929,0.08891175361916769,0.020983760342993037,0.12013237446069,0.02219207839463612,0.08891175210803123,0.020983751230244096,0.11556954307199256,0.09615226109367653,
lewidi_hsbrexit,qwen,29,GPP-rbf,3,64,0.4524091114092607,0.07594951623417578,0.1498819315151888,0.25546533734734345,0.9404761904761905,0.8928571428571429,0.17086182534694672,0.01808498241007328,-0.0373450536705163,-0.09840084980908115,-0.03734505367051629,-0.09840084980908118,-0.021693513863194357,-0.07131218960513719,-0.038009752041263466,-0.0956706584267977,-0.02169351816523191,-0.07131219251559374,-0.03800975654376714,-0.09567066080333397,-0.01431896739473234,-0.033606119192245876,
lewidi_hsbrexit,qwen,29,GPP-laplace,3,64,0.43643202577580825,0.11420348187641809,0.2339143316438865,0.4112170829148993,0.9404761904761905,0.8928571428571429,0.3474569022655487,0.19800086319446564,-0.07064636558244693,-0.1143534327377072,-0.07064636558244691,-0.11435343273770723,-0.028513612272474384,-0.08252663659339962,-0.06181902284316152,-0.10820203231597411,-0.028513612240040294,-0.08252663674730151,-0.06181902009125529,-0.10820203089799922,-0.05478480611785291,-0.0854304636968419,
lewidi_hsbrexit,qwen,29,LPE,3,64,0.6874624621786372,0.08237771335076652,0.13590214645981696,0.20311844884307187,0.9404761904761905,0.8928571428571429,0.04902240261435509,0.004219551105052233,-0.040126987192309956,-0.0545057247278283,-0.04012698719230997,-0.054505724727828324,-0.029447776249198712,-0.03931649638445364,-0.041616925651189005,-0.05411411088972596,-0.029447780242007296,-0.039316499287805035,-0.04161693003043197,-0.054114113880107756,-0.013384818596828673,-0.0029697566261713618,
lewidi_hsbrexit,qwen,29,LP-temp,3,64,0.4332663350257928,0.07890478493410587,0.1608152999450275,0.2802861723528472,0.9404761904761905,0.8928571428571429,0.2514241832299544,,-0.02416805652389492,,-0.024168056523894935,,-0.01704428308199178,,-0.026158244867481112,,-0.01704428687039585,,-0.026158249012828403,,0.00014407270017419754,,
lewidi_hsbrexit,qwen,29,GPP-cosine,3,256,0.42857487054292953,0.07532747632145893,0.15394694395637912,0.23905120183326273,0.8988095238095238,0.875,0.22959259152412415,0.01184848416596651,0.22712832212061668,0.17933344227884548,0.2271283221206167,0.1793334422788455,0.2549275708043091,0.1760596069275363,0.234133642200777,0.17869238298349976,0.25492757036057817,0.17605960584535574,0.23413364371811693,0.17869238000362533,0.2464433249076507,0.27344533742416965,
lewidi_hsbrexit,qwen,29,GPP-rbf,3,256,0.4433812128569829,0.06966262739544371,0.13953631887090437,0.22956260731700442,0.9404761904761905,0.8928571428571429,0.13383175432682037,0.030854037031531334,0.19032912194596463,0.13933674668365925,0.19032912194596463,0.13933674668365928,0.2176721968596083,0.18039221548357115,0.19654987130813653,0.14839379681554576,0.2176721958933265,0.18039221466904826,0.1965498740687071,0.14839379961636326,0.20663278459499987,0.1792264390167017,
lewidi_hsbrexit,qwen,29,GPP-laplace,3,256,0.4142708435442492,0.08117231638974196,0.1700861112026143,0.3054241563993469,0.9404761904761905,0.8928571428571429,0.1992000788450241,0.11010237038135529,-0.04988720801019461,-0.07632314429668496,-0.04988720801019463,-0.07632314429668494,-0.006068539340002406,-0.037737099708033635,-0.04088441910900835,-0.06875341059673373,-0.006068539657231711,-0.037737100175040506,-0.04088441784829486,-0.0687534101710607,-0.020132997972729796,-0.047711301289945544,
lewidi_hsbrexit,qwen,29,LPE,3,256,0.5711654043934807,0.07116002446191295,0.12870069230395875,0.191463757527604,0.9404761904761905,0.8928571428571429,0.06347540766000748,0.015141140669584274,0.21351538036335552,0.19909192021961342,0.21351538036335554,0.19909192021961347,0.23770295470999578,0.24781555715253256,0.2177598081464433,0.20847894796462255,0.23770295216230192,0.24781555445233952,0.21775980781774412,0.20847894690245644,0.229354443664408,0.22104470211887683,
lewidi_hsbrexit,qwen,29,LP-temp,3,256,0.3839466061218519,0.06848824343735241,0.14540505668088852,0.26014990377986286,0.9523809523809523,0.9047619047619048,0.2822780791207963,,0.22934713376069044,,0.22934713376069046,,0.25048405917811173,,0.23545411971936742,,0.25048405934072293,,0.235454123777745,,0.21510983637299136,,
lewidi_hsbrexit,qwen,29,GPP-cosine,4,64,0.39305946981103,0.07490095438048298,0.15906831855786982,0.2630113241016714,0.9047619047619048,0.8928571428571429,0.29174256324768066,0.02498888410627842,0.2645777645167218,0.1735210190199749,0.2645777645167218,0.17352101901997494,0.27995159765721744,0.1709229188504792,0.26789255429323955,0.1701044910972575,0.27995159588677776,0.17092291455502168,0.2678925521145199,0.17010448150286217,0.276754362021719,0.32063611799090525,
lewidi_hsbrexit,qwen,29,GPP-rbf,4,64,0.42010829337821187,0.07348714694444379,0.15151360623782412,0.26161813658800637,0.9404761904761905,0.8928571428571429,0.17395803332328796,0.05407509207725525,0.09772019593815272,0.022254073487241427,0.09772019593815272,0.022254073487241413,0.11112869455176992,0.042551215082242994,0.09759221170880794,0.02371406366729245,0.11112869051442474,0.04255121162643555,0.09759220703473293,0.023714059221241292,0.13370411326811252,0.07036789526895242,
lewidi_hsbrexit,qwen,29,GPP-laplace,4,64,0.4343342169766499,0.11370101817597691,0.23355400269584997,0.4115053083355425,0.9404761904761905,0.8928571428571429,0.34906744956970215,0.1987953633069992,-0.044074510372408726,-0.08870699100930456,-0.04407451037240874,-0.08870699100930456,-0.005038694081119094,-0.06088009837631113,-0.036181242176925456,-0.08364878631606426,-0.005038694507194658,-0.06088009894013427,-0.036181241039579724,-0.08364878651134942,-0.0293908308355363,-0.0658040439279504,
lewidi_hsbrexit,qwen,29,LPE,4,64,0.5846995124928277,0.07744787450766119,0.13410599306804388,0.1991608403910759,0.9404761904761905,0.8928571428571429,0.06245502457022667,0.007224940229207277,0.1142286691100774,0.08153772439184095,0.11422866911007738,0.08153772439184095,0.0996859031627534,0.06282939209603296,0.10765316913941286,0.07499828500842899,0.09968589864344843,0.06282938884203552,0.10765316280252538,0.07499828103236192,0.20617268145573386,0.21604398517089504,
lewidi_hsbrexit,qwen,29,LP-temp,4,64,0.38293518651749536,0.08225334505440789,0.17883020024383758,0.32745521738508154,0.9404761904761905,0.8928571428571429,0.40652980073017564,,0.17108508991119814,,0.17108508991119814,,0.16566913986424092,,0.16709438501128115,,0.16566913563115565,,0.167094378959054,,0.19756549949693988,,
lewidi_hsbrexit,qwen,29,GPP-cosine,4,256,0.41994036902521126,0.0695499669033166,0.14598109700407458,0.21434705063755843,0.9166666666666666,0.8928571428571429,0.200794517993927,0.007419469766318798,0.28755629716471176,0.3230230618357685,0.2875562971647118,0.32302306183576857,0.30913029314688634,0.32605515053017153,0.29439058527505857,0.3234461373274098,0.30913029363389166,0.3260551481646668,0.2943905871084203,0.3234461309994522,0.3197530917640311,0.40592715649403016,
lewidi_hsbrexit,qwen,29,GPP-rbf,4,256,0.4334154225822434,0.06780090299228528,0.1353932538241636,0.21758788110365646,0.9404761904761905,0.8928571428571429,0.14917528629302979,0.009377853013575077,0.28510722678025796,0.2572494900293166,0.285107226780258,0.25724949002931663,0.3009347714848831,0.2847680930336529,0.28856438283606034,0.26359985668542885,0.3009347696290746,0.2847680917340374,0.2885643834754621,0.2635998584860612,0.22412135139356457,0.1869366522292499,
lewidi_hsbrexit,qwen,29,GPP-laplace,4,256,0.42076309468460815,0.07964403293502913,0.16517551653530627,0.29489283345317036,0.9404761904761905,0.8928571428571429,0.18154557049274445,0.09977960586547852,-0.05607312553846387,-0.08076358528486591,-0.056073125538463886,-0.08076358528486588,-0.011773019317843234,-0.04160408301122868,-0.04717756393159751,-0.07327980630684813,-0.011773019831187476,-0.04160408368440656,-0.04717756297185182,-0.07327980618078639,-0.024655021755616704,-0.04120479224982049,
lewidi_hsbrexit,qwen,29,LPE,4,256,0.6168534472644052,0.07351972389073776,0.1282503649856716,0.18031777028868953,0.9404761904761905,0.8928571428571429,0.05303860828280449,0.014069619588553905,0.2718686570120377,0.2750510418490857,0.2718686570120377,0.27505104184908574,0.2830204549052925,0.29210779313614654,0.2743578209806026,0.27838601145501063,0.2830204531957827,0.29210779091092415,0.2743578217497379,0.2783860097782195,0.21400837734262734,0.21532362167002406,
lewidi_hsbrexit,qwen,29,LP-temp,4,256,0.38795754196611926,0.06812109963239799,0.14332059401991531,0.24493209092362717,0.9226190476190477,0.875,0.2634058794865267,,0.29360240442645724,,0.29360240442645724,,0.31302499884270707,,0.29878576462654005,,0.3130249979774235,,0.29878576840650845,,0.24347821578793657,,
lewidi_hsbrexit,qwen,38,GPP-cosine,0,64,0.494665979730875,0.09952638399888243,0.18825198405694654,0.25100591664483013,0.8273809523809523,0.8154761904761905,0.24171924591064453,0.03277968242764473,0.21027375047717928,0.20046702805215738,0.2102737504771793,0.20046702805215744,0.21160950284570512,0.1749343451810307,0.20862817352983679,0.19120334502377362,0.21160949932456133,0.17493433978375827,0.20862816659499323,0.1912033319183296,0.2438546638109724,0.2593122702877266,
lewidi_hsbrexit,qwen,38,GPP-rbf,0,64,0.4381099093372322,0.07413048576079753,0.14880982537232784,0.2511769661091941,0.9404761904761905,0.8928571428571429,0.15348157286643982,0.046419598162174225,0.10223358798809508,0.027939975339381723,0.10223358798809508,0.027939975339381702,0.10151403537170967,0.037285281490758715,0.10360791721860152,0.030361812528958684,0.10151403641086704,0.037285281730504355,0.10360792028127758,0.030361813951770504,0.12157876892119379,0.06640357226093335,
lewidi_hsbrexit,qwen,38,GPP-laplace,0,64,0.4232411421186327,0.10700426449193046,0.2222845658349494,0.39570396956403897,0.9404761904761905,0.8928571428571429,0.332000195980072,0.18863950669765472,-0.01641042092663607,-0.05676548260645487,-0.016410420926636075,-0.05676548260645489,0.006243653653126124,-0.04413272509479041,-0.012501714107716916,-0.055455689947160255,0.006243652598835379,-0.04413272634073541,-0.012501715063917923,-0.05545569219238909,-0.02106249926417623,-0.05988776820789384,
lewidi_hsbrexit,qwen,38,LPE,0,64,0.639815249534246,0.07949261398534296,0.13262221144499822,0.19108985758120042,0.9404761904761905,0.8928571428571429,0.042008332908153534,0.0039577060379087925,0.16551775733211357,0.11683006047843952,0.16551775733211363,0.11683006047843955,0.15089022296431692,0.09153231870509014,0.1642673628761127,0.11178339596107893,0.15089022405471073,0.09153231848409457,0.1642673658325663,0.11178339775543508,0.21500759123093227,0.20504798489308368,
lewidi_hsbrexit,qwen,38,LP-temp,0,64,0.3743143394194117,0.07488459115023664,0.163338544159132,0.2974556034187161,0.9404761904761905,0.8928571428571429,0.3553261959273622,,0.2179055914840061,,0.21790559148400612,,0.19576279732623175,,0.21666205798097177,,0.1957627999110923,,0.21666206325387655,,0.21471479832412665,,
lewidi_hsbrexit,qwen,38,GPP-cosine,0,256,0.40450428965045887,0.06378490742505466,0.13687749672305385,0.21948386291333966,0.9345238095238095,0.9107142857142857,0.2381182610988617,0.016690686345100403,0.3506105958186588,0.2512390397695786,0.3506105958186588,0.2512390397695786,0.35065184157690243,0.22908528376501258,0.350621317210595,0.24460419927556956,0.35065183930072696,0.22908528013999374,0.3506213123783683,0.244604189586227,0.3670832975244836,0.38485536221693945,
lewidi_hsbrexit,qwen,38,GPP-rbf,0,256,0.3993278685945684,0.06445078434718858,0.13600590166225585,0.23169554667588765,0.9404761904761905,0.8928571428571429,0.16680482029914856,0.041791487485170364,0.2762333122761088,0.20363287187510565,0.2762333122761088,0.20363287187510568,0.29042668992235743,0.22595956852476656,0.27582911132840876,0.2049019804464287,0.29042668422710705,0.2259595631847157,0.27582910317001585,0.20490197274788954,0.24164709824378708,0.20469942190879128,
lewidi_hsbrexit,qwen,38,GPP-laplace,0,256,0.4056961913983933,0.08302576919678176,0.17590087432680385,0.3176074995473598,0.9404761904761905,0.8928571428571429,0.22283275425434113,0.12404948472976685,-0.03176230129063448,-0.05885060864452327,-0.0317623012906345,-0.05885060864452327,-0.005443589380706312,-0.03847966706947982,-0.02778863099047535,-0.056413495842697496,-0.005443591154001566,-0.03847966892954724,-0.027788632704683694,-0.056413498291076,-0.007612615576946308,-0.03592522491440474,
lewidi_hsbrexit,qwen,38,LPE,0,256,0.49465389077189914,0.063066804963316,0.12035402851398387,0.18562982107647466,0.9404761904761905,0.9047619047619048,0.08654694259166718,0.02785423770546913,0.3140831218584076,0.2600911244794399,0.31408312185840764,0.2600911244794399,0.3305662965257401,0.29375413297365255,0.3133042786012541,0.26274216880266477,0.3305662896111731,0.293754126047438,0.3133042676049167,0.26274215846569654,0.27958469345417336,0.28431585502763573,
lewidi_hsbrexit,qwen,38,LP-temp,0,256,0.3713447476022118,0.07286242763259161,0.1611500410334082,0.28629692958056613,0.9166666666666666,0.8928571428571429,0.34048494884950065,,0.2357722414352967,,0.23577224143529674,,0.24094336953619197,,0.2348976508874967,,0.24094336577431447,,0.23489764448692374,,0.233276939114312,,
lewidi_hsbrexit,qwen,38,GPP-cosine,1,16,0.8198552640164397,0.2320147634356581,0.3702517291634909,0.3399018215199237,0.5476190476190477,0.5476190476190477,0.3333307206630707,0.07819250226020813,0.11851688312153699,0.030018962626366205,0.11851688312153698,0.03001896262636622,0.09636743582578758,-0.011628748196511718,0.11534911136641451,0.020725249535574142,0.09636743691798894,-0.011628748601578087,0.11534911130081402,0.02072524506185037,0.10778496975612868,0.05257724055066763,
lewidi_hsbrexit,qwen,38,GPP-rbf,1,16,0.4021644949220783,0.08990390786526004,0.19072553954486335,0.35082927781595624,0.9404761904761905,0.8928571428571429,0.30285584926605225,0.12301331758499146,-0.027855509912060067,-0.08009489151400101,-0.027855509912060067,-0.08009489151400101,0.02179876973872369,-0.04164601228828223,-0.018895475641320256,-0.07399420252345085,0.021798767811953446,-0.041646014331236325,-0.01889547626887421,-0.07399420469048346,0.015332123802408957,-0.05591415018696033,
lewidi_hsbrexit,qwen,38,GPP-laplace,1,16,0.611142874653804,0.1946411917132716,0.3584266227359573,0.5055093321714073,0.9404761904761905,0.8928571428571429,0.4350428879261017,0.2500222623348236,0.006578808821443655,-0.0405487085476285,0.00657880882144362,-0.04054870854762849,0.04352826289138509,-0.062441176861856865,0.015122203336612683,-0.04674108988415808,0.0435282633665009,-0.06244117816244811,0.015122208159175789,-0.046741096144377756,0.01532282878949449,-0.0846357400926552,
lewidi_hsbrexit,qwen,38,LPE,1,16,0.46967745815862,0.07434222095678088,0.14391666669897468,0.2393849837234709,0.9404761904761905,0.8928571428571429,0.14630267024040222,0.019584178924560547,0.08351747172505558,0.0618572105220382,0.08351747172505558,0.06185721052203821,0.11908621630415563,0.09391492582857516,0.09093075557087127,0.06802678084679589,0.11908621535820917,0.0939149244938185,0.09093075660203911,0.06802678023011294,0.0824839446029567,0.05133635632658664,
lewidi_hsbrexit,qwen,38,LP-temp,1,16,0.4066055602935894,0.09822411089923697,0.20490943535517092,0.3751518680521438,0.9404761904761905,0.8928571428571429,0.49290709374713243,,0.06249103588580805,,0.06249103588580804,,0.09633467950875847,,0.06885850856263137,,0.09633467795575959,,0.06885850880523484,,0.0805645244361198,,
lewidi_hsbrexit,qwen,38,GPP-cosine,1,256,0.40349497445762544,0.060233089984479946,0.1285519991099293,0.21014771369154062,0.9345238095238095,0.8988095238095238,0.18140821158885956,0.00991101749241352,0.3055174323996105,0.23370407812865118,0.30551743239961054,0.23370407812865124,0.3166726582188185,0.2280484158095914,0.30643603625336435,0.22994808284876744,0.3166726545431399,0.22804841148895869,0.3064360287344376,0.22994807208655133,0.2896140123888804,0.34001157241110613,
lewidi_hsbrexit,qwen,38,GPP-rbf,1,256,0.4045342985704609,0.0645354816650339,0.13469631688453124,0.21805155303994125,0.9404761904761905,0.8928571428571429,0.15871183574199677,0.010694561526179314,0.341819652719348,0.3280593508900834,0.341819652719348,0.3280593508900835,0.337642934323403,0.33632301391523245,0.3407381843334921,0.3288904255562366,0.33764293191519806,0.33632301069878345,0.34073818122147986,0.32889042144799296,0.327918760609388,0.28085811022345497,
lewidi_hsbrexit,qwen,38,GPP-laplace,1,256,0.41149485872747704,0.08136640669098093,0.1711157640564211,0.30768209610006164,0.9404761904761905,0.8928571428571429,0.20438580214977264,0.11335243284702301,-0.05198063691279939,-0.07724980778891154,-0.05198063691279936,-0.07724980778891155,-0.023420823192099323,-0.0543449206544466,-0.04725794342879709,-0.07401873905566318,-0.023420824545888584,-0.054344922128056236,-0.04725794456849714,-0.07401874098732131,-0.029897409039374597,-0.05766161261487964,
lewidi_hsbrexit,qwen,38,LPE,1,256,0.5252511902904989,0.06711628018685582,0.12389988012379642,0.1771476782503294,0.9404761904761905,0.8928571428571429,0.06177293509244919,0.014000540599226952,0.3237728603451382,0.3468756496184847,0.3237728603451383,0.34687564961848477,0.32321839357070314,0.3460118763724361,0.32398356783297955,0.34725289594357245,0.32321839183615814,0.3460118747482021,0.32398356584060917,0.34725289479072663,0.3332540980222906,0.3599679651384611,
lewidi_hsbrexit,qwen,38,LP-temp,1,256,0.35609494001975733,0.060189001615706984,0.13581412053027955,0.2413455408902711,0.9404761904761905,0.9047619047619048,0.26251809772536533,,0.29252402755844836,,0.29252402755844836,,0.29012654556308926,,0.2934831545592207,,0.29012654531204074,,0.2934831551856369,,0.29774714868903673,,
lewidi_hsbrexit,qwen,38,GPP-cosine,2,64,0.49737155337387573,0.10749470256689711,0.1980059757969511,0.25529015384769,0.8154761904761905,0.8154761904761905,0.2498716115951538,0.03467806801199913,0.2108804401979302,0.14871177871407049,0.2108804401979302,0.14871177871407054,0.2398008097088678,0.1496215662419798,0.2173108916313847,0.14577371417015655,0.23980080845878038,0.14962156178695318,0.21731088996668935,0.14577370317053212,0.22676578256772967,0.23797092063611644,
lewidi_hsbrexit,qwen,38,GPP-rbf,2,64,0.41475016616123483,0.07518111451718884,0.15670506483209984,0.27454226913713564,0.9404761904761905,0.8928571428571429,0.19158849120140076,0.061216916888952255,0.0447318216523038,0.0005332648219005948,0.04473182165230382,0.0005332648219006086,0.05536158105623205,0.013571726438013042,0.04568887369804372,0.0018090007644337713,0.055361579245511716,0.013571724683255695,0.04568887204162489,0.001808998663233835,0.06709605072306095,0.019686837352835506,
lewidi_hsbrexit,qwen,38,GPP-laplace,2,64,0.44470910418410836,0.11909987726727515,0.24251937520291125,0.4225605652768089,0.9404761904761905,0.8928571428571429,0.36080020666122437,0.20567898452281952,-0.029011158497371126,-0.07290202625954037,-0.029011158497371126,-0.07290202625954034,-0.00071353194620416,-0.05787774290904548,-0.024199791940905706,-0.0714888983652536,-0.0007135332868712652,-0.05787774451668334,-0.024199793012639373,-0.0714889012032522,-0.03007401428474942,-0.07167849208989188,
lewidi_hsbrexit,qwen,38,LPE,2,64,0.5732561664068602,0.07802795008230679,0.13657220486943733,0.20478835613828386,0.9404761904761905,0.8928571428571429,0.07064409554004669,0.00789759960025549,0.0956951876510951,0.009067443087416346,0.09569518765109508,0.00906744308741636,0.09502418887226914,0.009040741796821607,0.09494562732504591,0.008763978535237568,0.0950241875800124,0.009040741406899207,0.09494562597969705,0.00876397857814671,0.12515734889326255,0.11771669105523384,
lewidi_hsbrexit,qwen,38,LP-temp,2,64,0.39157842100493684,0.0739460367793611,0.15891255432696547,0.2789384125265586,0.9345238095238095,0.8869047619047619,0.2934728519979173,,0.13528433901001347,,0.13528433901001352,,0.12993037049048242,,0.1338892946259023,,0.12993036936171412,,0.13388929381073722,,0.14121913120945695,,
lewidi_hsbrexit,qwen,38,GPP-cosine,2,256,0.4081714495972615,0.07028120769788539,0.14273676556714626,0.21252041224178933,0.9047619047619048,0.8928571428571429,0.22752995789051056,0.014480400830507278,0.3500140927468894,0.30280321240729013,0.3500140927468894,0.30280321240729013,0.38005425286203826,0.30147608405742143,0.3562128665927837,0.3021461625841528,0.380054250178017,0.30147608168190687,0.356212861696625,0.30214615619775365,0.3620825805765017,0.40328272531986503,
lewidi_hsbrexit,qwen,38,GPP-rbf,2,256,0.4208615746664341,0.06806114547147153,0.13887042139789887,0.2269202787547595,0.9404761904761905,0.8928571428571429,0.15390503406524658,0.01065108273178339,0.22422511527994604,0.15942296362230962,0.22422511527994607,0.15942296362230965,0.2624330226196914,0.19852382578252464,0.23022459171533288,0.16521772550169073,0.26243301854546136,0.19852382168455993,0.23022458716511185,0.16521772061722437,0.2768566071637781,0.24368735357851198,
lewidi_hsbrexit,qwen,38,GPP-laplace,2,256,0.4160142442904289,0.08107295619741428,0.16937385206221647,0.3038080382547223,0.9404761904761905,0.8928571428571429,0.1971299797296524,0.10912472009658813,-0.05528432576690119,-0.07830520038690318,-0.05528432576690118,-0.07830520038690322,-0.02342583663925836,-0.052342713631906256,-0.04993503159176487,-0.0744721188498448,-0.023425838076729363,-0.052342715172537316,-0.049935032704263346,-0.07447212070307732,-0.033522464076015696,-0.05014194716707797,
lewidi_hsbrexit,qwen,38,LPE,2,256,0.5730921903250341,0.07344465546475976,0.13131445721624654,0.1968370899038034,0.9404761904761905,0.8928571428571429,0.056884221732616425,0.013724302873015404,0.1390257540679426,0.08172108626640404,0.1390257540679426,0.08172108626640406,0.1684374912146732,0.09696030285904764,0.14199592366674763,0.08248076531082185,0.16843748646362297,0.09696029946776206,0.14199591771792092,0.08248076131480993,0.26296985786956834,0.2632628173470158,
lewidi_hsbrexit,qwen,38,LP-temp,2,256,0.36137951860061157,0.06593045785286009,0.14774124153837523,0.2608491955176005,0.9345238095238095,0.8988095238095238,0.28624256504347734,,0.2446954507601452,,0.24469545076014518,,0.27879686730263176,,0.2496692131393831,,0.27879686295307704,,0.249669207399581,,0.27487676941299716,,
lewidi_hsbrexit,qwen,38,GPP-cosine,3,64,0.5884193830892634,0.13410896766220468,0.2375676812067208,0.29571402144307174,0.7797619047619048,0.7678571428571429,0.2651512622833252,0.04042458534240723,0.08522673563817705,0.012823361694890777,0.08522673563817702,0.012823361694890786,0.11719324378303396,0.011572159991010836,0.09112614972755663,0.00954881353614335,0.11719324201815562,0.011572156570101622,0.09112614946054629,0.009548806818006697,0.08347851098480437,0.05985523566269322,
lewidi_hsbrexit,qwen,38,GPP-rbf,3,64,0.44278104278432356,0.07552359451535991,0.15067945626409104,0.25903123646850396,0.9404761904761905,0.8928571428571429,0.18121488392353058,0.020014790818095207,-0.030009576868361476,-0.0980466787609165,-0.030009576868361483,-0.0980466787609165,-0.028167038481325117,-0.08735640023432764,-0.03322162330263004,-0.09931178871436233,-0.028167042306615046,-0.08735640360345356,-0.03322162841492948,-0.09931179322510583,-0.030427224775499067,-0.05635101579394016,
lewidi_hsbrexit,qwen,38,GPP-laplace,3,64,0.4436048018742462,0.11804157124485122,0.24061301661034426,0.4194379551142208,0.9404761904761905,0.8928571428571429,0.3564463257789612,0.20336055755615234,-0.04686708134694168,-0.0907328760526102,-0.04686708134694169,-0.09073287605261023,-0.021190009986783657,-0.07736445789057111,-0.042201009578010984,-0.08926126880729,-0.021190010735874287,-0.07736445891471724,-0.04220100883356921,-0.08926126976942718,-0.041037482017360134,-0.08027173152931417,
lewidi_hsbrexit,qwen,38,LPE,3,64,0.6577785229142191,0.08095196793715326,0.1349834328541744,0.20160080595429966,0.9404761904761905,0.8928571428571429,0.05241820961236954,0.004867239389568567,0.0002657819761014736,-0.0021258424819192365,0.0002657819761014736,-0.0021258424819192295,-0.007265367813793375,-0.00905641375023803,-0.005093668360028399,-0.006847631093344492,-0.007265371944966806,-0.009056417302715843,-0.0050936742362476285,-0.006847635565094972,-0.0034856298429241333,0.023293302363647676,
lewidi_hsbrexit,qwen,38,LP-temp,3,64,0.413401222812253,0.07973025665897118,0.167189689732278,0.29910880368476506,0.9404761904761905,0.8928571428571429,0.29829654980814846,,-0.01880004777360374,,-0.018800047773603754,,-0.022853448181732156,,-0.022785570515930446,,-0.022853451506570525,,-0.022785575266277093,,-0.019036186448823003,,
lewidi_hsbrexit,qwen,38,GPP-cosine,3,256,0.43518106379177535,0.07401434424092737,0.15156421757507405,0.2291629359000157,0.9047619047619048,0.8809523809523809,0.20865094661712646,0.013900157995522022,0.23956878999574205,0.2195892396702098,0.23956878999574202,0.21958923967020982,0.26505911411683425,0.2226508203789494,0.24601042241061796,0.22045241499252177,0.26505911352674527,0.22265081916778784,0.24601042343921714,0.22045241207751815,0.26525178354006934,0.28490144084124697,
lewidi_hsbrexit,qwen,38,GPP-rbf,3,256,0.4319946921156794,0.06768606328367657,0.1369624676950653,0.2235791697527581,0.9404761904761905,0.8928571428571429,0.13998670876026154,0.033676426857709885,0.24966097142409288,0.19536378456773146,0.24966097142409288,0.1953637845677315,0.2630351878339752,0.2196487618882681,0.2525724011799166,0.20020476783435087,0.26303518619803506,0.21964876009829254,0.2525724010438756,0.20020476713552737,0.29290444696060075,0.2500404949055484,
lewidi_hsbrexit,qwen,38,GPP-laplace,3,256,0.4112855737509549,0.08224766211034311,0.17293604830324294,0.31160619957506674,0.9404761904761905,0.8928571428571429,0.21121127903461456,0.11723841726779938,-0.0500303511884631,-0.07619049565044643,-0.050030351188463114,-0.07619049565044643,-0.02269760004210114,-0.05477306381978286,-0.04552207625514846,-0.07322258723542552,-0.022697601348686744,-0.05477306523129754,-0.0455220772538832,-0.07322258901042533,-0.03263479034268436,-0.05524955676357614,
lewidi_hsbrexit,qwen,38,LPE,3,256,0.5549415992547324,0.07007762018994645,0.12701582761876903,0.19219265561396331,0.9345238095238095,0.8988095238095238,0.07298910617828369,0.020180488005280495,0.20983021574179106,0.21078289799420186,0.2098302157417911,0.21078289799420188,0.22666390138122136,0.23389735472408874,0.21283643671714872,0.2144076579868225,0.22666389926838332,0.23389735176589563,0.2128364355866306,0.2144076556930136,0.2980631791281285,0.2869091636307713,
lewidi_hsbrexit,qwen,38,LP-temp,3,256,0.3822247457413668,0.07109172002599717,0.15191636665545066,0.2617879696214339,0.9345238095238095,0.9107142857142857,0.3003375758102245,,0.25458454393606583,,0.2545845439360659,,0.2507774549996493,,0.2553074147597516,,0.250777455075082,,0.25530741731722484,,0.2814808760887241,,
lewidi_hsbrexit,qwen,38,GPP-cosine,4,64,0.4212481334660254,0.08953858889605303,0.1823104933155264,0.2814162403407988,0.8690476190476191,0.8452380952380952,0.30659833550453186,0.04239673912525177,0.2328338105381419,0.1865461785721051,0.23283381053814195,0.1865461785721051,0.2221820969547968,0.14715596965899397,0.22914567995968177,0.17385446739536675,0.22218209393000976,0.14715596390892718,0.22914567259004678,0.1738544518505045,0.24295769506472661,0.2411777000916067,
lewidi_hsbrexit,qwen,38,GPP-rbf,4,64,0.42179504703364235,0.07535994739158301,0.1553161586911994,0.27299297545031703,0.9404761904761905,0.8928571428571429,0.18673035502433777,0.05874382704496384,0.01718361269009115,-0.043092215061397925,0.017183612690091138,-0.04309221506139792,-0.014879304168505289,-0.06192507585671092,0.007681162765354164,-0.05017109076908328,-0.014879307052721617,-0.061925078870591815,0.007681157666799065,-0.05017109663636263,0.02125769453537998,-0.023511735167137587,
lewidi_hsbrexit,qwen,38,GPP-laplace,4,64,0.4387504454469771,0.11590779874692518,0.2376269618758843,0.4165390131352116,0.9404761904761905,0.8928571428571429,0.35368067026138306,0.20150452852249146,-0.04448811055555093,-0.08998006461107716,-0.044488110555550936,-0.08998006461107719,-0.023658383406968075,-0.08150835557977452,-0.04115093979215592,-0.08982731684800427,-0.02365838447089893,-0.08150835688502495,-0.041150940609815785,-0.08982731931541646,-0.05020236475102199,-0.08864653816524656,
lewidi_hsbrexit,qwen,38,LPE,4,64,0.5695293641728141,0.07617229928076996,0.1344164965460853,0.20492534586003922,0.9404761904761905,0.8928571428571429,0.0750131756067276,0.00957188755273819,0.061270674876580035,0.09449256208714704,0.06127067487658005,0.0944925620871471,0.0023477461849852853,0.03865558983979152,0.045402125056074036,0.078934559703914,0.002347742464844125,0.03865558549886551,0.04540211734706988,0.07893455157311505,0.09464646900153331,0.14581551509565957,
lewidi_hsbrexit,qwen,38,LP-temp,4,64,0.39322004691514223,0.08352310071726278,0.18076807026427583,0.33120298040689977,0.9404761904761905,0.8928571428571429,0.3894217364211749,,0.06495644394100766,,0.06495644394100769,,0.011889449525224666,,0.05161712166073638,,0.011889447170242574,,0.05161711628665275,,0.06701239560683078,,
lewidi_hsbrexit,qwen,38,GPP-cosine,4,256,0.3975027638113744,0.06511236744196218,0.1393989259765349,0.2084334026240667,0.9047619047619048,0.8928571428571429,0.18863002955913544,0.01153848972171545,0.30399903850218146,0.2602951474314478,0.30399903850218146,0.2602951474314479,0.3194604490886974,0.26378919367064807,0.3081686273257357,0.26083641910750066,0.3194604479914953,0.2637891917318484,0.30816862570077175,0.2608364141076426,0.3395979443364125,0.400498868951983,
lewidi_hsbrexit,qwen,38,GPP-rbf,4,256,0.42288556904594593,0.06686036018550909,0.1351403948002761,0.21632382592297153,0.9404761904761905,0.8928571428571429,0.1507950723171234,0.00999491661787033,0.28957744223706633,0.252194133460959,0.2895774422370664,0.25219413346095904,0.29603965260905446,0.26684971700757953,0.28993671540665367,0.2542398666459077,0.29603964955591977,0.26684971408084734,0.28993671214260386,0.25423986365717577,0.2724833035875226,0.23285866353316106,
lewidi_hsbrexit,qwen,38,GPP-laplace,4,256,0.41652371761584595,0.08077319456790374,0.16856235749686935,0.3024191166397218,0.9404761904761905,0.8928571428571429,0.19493034482002258,0.10775874555110931,-0.059736500468374656,-0.08418284812468496,-0.059736500468374656,-0.08418284812468498,-0.0294260782749219,-0.059477010292080607,-0.054765062899199184,-0.0806778795010825,-0.029426079727310518,-0.059477011853898684,-0.05476506412511129,-0.0806778815010939,-0.03253719270708248,-0.05886531678730277,
lewidi_hsbrexit,qwen,38,LPE,4,256,0.5864448666385206,0.07232238703421975,0.12818971661269124,0.18205052171210925,0.9404761904761905,0.8928571428571429,0.058576878160238266,0.014306299388408661,0.24210252549993813,0.2343311479487098,0.24210252549993816,0.2343311479487098,0.2420691600551983,0.2267916423407976,0.24152963885212653,0.23248221517430806,0.2420691578531261,0.22679164059506562,0.2415296375011075,0.2324822144054834,0.2525176158472532,0.24450531471498488,
lewidi_hsbrexit,qwen,38,LP-temp,4,256,0.38416943694763106,0.06608219360179575,0.14272147686311598,0.23857517329210298,0.9107142857142857,0.875,0.2463519023722931,,0.28074899663702657,,0.28074899663702657,,0.2870385035026823,,0.28167771045549167,,0.2870385011822058,,0.2816777090590231,,0.2540419979652253,,
lewidi_hsbrexit,qwen,48,GPP-cosine,0,64,0.9589136376134038,0.2391518971865341,0.3645058991518213,0.33297658083777487,0.5773809523809523,0.6130952380952381,0.32356706261634827,0.0638294443488121,0.06869222178786225,0.02716153731721658,0.06869222178786229,0.027161537317216586,0.05766549716641869,0.013538604382541647,0.06371015403406143,0.02227582181399238,0.057665493860252826,0.013538602084606652,0.06371014669550677,0.022275815345983323,0.07011692992026188,0.028108119053340215,
lewidi_hsbrexit,qwen,48,GPP-rbf,0,64,0.44603585729054646,0.07474216799431446,0.14889557387990257,0.25199178586634147,0.9404761904761905,0.8928571428571429,0.14798368513584137,0.044935062527656555,0.05362496481709145,-0.005470138938016473,0.053624964817091426,-0.0054701389380164694,0.06071687326756727,0.00859175921343354,0.055961524393040904,-0.0020941048621053032,0.06071687379346439,0.008591759584704234,0.05596152531214342,-0.0020941038693245845,0.053274366519252464,0.01787430983451496,
lewidi_hsbrexit,qwen,48,GPP-laplace,0,64,0.42253105444536887,0.1055453166603634,0.2183179903686756,0.38926022807730576,0.9404761904761905,0.8928571428571429,0.32291799783706665,0.1832450032234192,-0.07024427018515025,-0.10409787477856061,-0.07024427018515028,-0.10409787477856061,-0.04955410357947437,-0.0907046358024545,-0.06596636258333935,-0.10152521092136223,-0.04955410339588005,-0.09070463552125282,-0.06596636035728437,-0.10152520913617111,-0.05636495831331185,-0.06623161452201577,
lewidi_hsbrexit,qwen,48,LPE,0,64,0.632708650058391,0.0786973333849266,0.13194993110716627,0.18991180351352696,0.9404761904761905,0.8928571428571429,0.043172843754291534,0.0036577642895281315,0.1789977284785125,0.1767875499115984,0.1789977284785125,0.17678754991159842,0.17742416663926647,0.17456068229918167,0.17955882420922956,0.17599260010391443,0.17742416648285234,0.17456068080783843,0.1795588226881169,0.17599259716685023,0.1871364950069109,0.18841920678910698,
lewidi_hsbrexit,qwen,48,LP-temp,0,64,0.3697645630201625,0.07323650123048199,0.16211064115225643,0.29675540825084906,0.9404761904761905,0.8928571428571429,0.34802983848887986,,0.2038119931935629,,0.2038119931935629,,0.19486418795614546,,0.2029224425956682,,0.19486418781809742,,0.20292244064662768,,0.2087752850717839,,
lewidi_hsbrexit,qwen,48,GPP-cosine,0,256,0.5149675286280913,0.11332912314029889,0.2049926094563099,0.25836965406198037,0.7976190476190477,0.8214285714285714,0.2757032811641693,0.023492999374866486,0.2425068623298757,0.16554490433084706,0.24250686232987573,0.16554490433084706,0.24136179392480225,0.16960592247108736,0.2425057463367044,0.167237133749146,0.24136179262629376,0.1696059222901129,0.24250574575657258,0.16723713391471595,0.25831770390587894,0.21636001560998683,
lewidi_hsbrexit,qwen,48,GPP-rbf,0,256,0.40876269862725906,0.06648886447703674,0.138601368738039,0.23432312027277072,0.9404761904761905,0.8928571428571429,0.1525084376335144,0.037354156374931335,0.2161956739340816,0.13730526177385705,0.21619567393408168,0.13730526177385707,0.22813804999779458,0.15610451365484,0.21577645317692126,0.1382412114785247,0.22813804522322811,0.15610450923287036,0.21577644762537357,0.13824120624961647,0.2174103520693213,0.16490747162196936,
lewidi_hsbrexit,qwen,48,GPP-laplace,0,256,0.4151720534557739,0.08381257896379049,0.17592679906547778,0.3148027935254027,0.9404761904761905,0.8928571428571429,0.21069090068340302,0.11678417772054672,-0.07633225342539637,-0.09758920412600014,-0.07633225342539639,-0.09758920412600017,-0.04985616933916863,-0.07472732955437261,-0.07132471210700916,-0.09342743956492472,-0.04985616971131243,-0.07472732985029348,-0.07132471047805472,-0.0934274381446696,-0.03612042018560849,-0.04764623619954429,
lewidi_hsbrexit,qwen,48,LPE,0,256,0.5066852380666094,0.06860705363094063,0.12945345661117763,0.19725555636008094,0.9464285714285714,0.9107142857142857,0.07804752886295319,0.022758424282073975,0.21470925583145684,0.1705353218455641,0.2147092558314569,0.1705353218455641,0.2201433783281379,0.18589118463888787,0.21205346286693333,0.1695895576566938,0.22014337265820166,0.18589117874546127,0.2120534560226548,0.16958955000081571,0.28453428783112567,0.27397980066675137,
lewidi_hsbrexit,qwen,48,LP-temp,0,256,0.35719100420902034,0.06768959788545195,0.14975142054363594,0.27193903209789577,0.9285714285714286,0.8928571428571429,0.32181118127918706,,0.2709125429872683,,0.27091254298726836,,0.28460165741223276,,0.273822110577914,,0.28460165555957806,,0.2738221080497474,,0.2694066543128349,,
lewidi_hsbrexit,qwen,48,GPP-cosine,1,16,1.1733898703202403,0.2863566087859337,0.42259564786668524,0.361237713398755,0.5238095238095238,0.5476190476190477,0.28397709131240845,0.1021004170179367,-0.08507693501848959,-0.08195274888670576,-0.08507693501848958,-0.08195274888670574,-0.12047175746085256,-0.10424738840016382,-0.0919636081086138,-0.0854207687499926,-0.12047175596138798,-0.10424738630404393,-0.09196360721129117,-0.0854207669410828,-0.09082621869368845,-0.0913235018846123,
lewidi_hsbrexit,qwen,48,GPP-rbf,1,16,0.3882766668874436,0.08286812788710399,0.17913836088874155,0.3304706169728795,0.9404761904761905,0.8928571428571429,0.2842806875705719,0.10695096105337143,0.06179588910674995,-0.03043684726913705,0.06179588910674995,-0.030436847269137104,0.10807886142025647,0.010082533643560418,0.0714877638175136,-0.022372370256582154,0.10807886054458385,0.01008253295857895,0.07148776644447667,-0.022372368108856282,0.05946484512028572,0.0021610905026129626,
lewidi_hsbrexit,qwen,48,GPP-laplace,1,16,0.591802735377763,0.18658237172483383,0.34673523658975247,0.5016294377777702,0.9404761904761905,0.8928571428571429,0.43221405148506165,0.24826695024967194,0.0023212951773020248,-0.05336278446239462,0.0023212951773020143,-0.05336278446239463,0.0378113801739181,-0.07363776244813125,0.010367123185926568,-0.059244890015557494,0.03781138047815016,-0.07363776371365799,0.010367127817978175,-0.05924489546747306,0.0020913779057544803,-0.07516412193281602,
lewidi_hsbrexit,qwen,48,LPE,1,16,0.45501200430961053,0.07171546740411447,0.1403230983941328,0.2297632851609054,0.9404761904761905,0.8928571428571429,0.13829581439495087,0.01709088869392872,0.17257052472960585,0.14195367899726102,0.17257052472960585,0.14195367899726102,0.2173191840245733,0.18878461876114777,0.18233316006050992,0.1514435855880877,0.21731918288089114,0.18878461700680504,0.18233316232762686,0.15144358653584733,0.13392719357805968,0.10714361386503063,
lewidi_hsbrexit,qwen,48,LP-temp,1,16,0.42298522268289623,0.11018858754680978,0.22631359193199785,0.4082803665033843,0.9404761904761905,0.8928571428571429,0.5564336888351795,,0.15622416185963026,,0.15622416185963028,,0.1898685313648445,,0.16352137894315671,,0.1898685302852896,,0.1635213801695801,,0.1411819511577991,,
lewidi_hsbrexit,qwen,48,GPP-cosine,1,256,0.45662439608081584,0.09256643032842249,0.17163584062860168,0.22699485893385724,0.8333333333333334,0.8452380952380952,0.2578365206718445,0.020756350830197334,0.3477476339945269,0.2945153173046552,0.34774763399452696,0.2945153173046552,0.3577855938129786,0.2957075274088119,0.3511259902789457,0.2969807724620236,0.3577855928701813,0.2957075279473137,0.3511259891226823,0.29698077273732293,0.3669345773178522,0.3327242822861661,
lewidi_hsbrexit,qwen,48,GPP-rbf,1,256,0.42071308703366644,0.06623178346264097,0.1356267119464021,0.2203760585388826,0.9404761904761905,0.8928571428571429,0.15469768643379211,0.010420185513794422,0.2813612209829235,0.20158703005103987,0.28136122098292354,0.2015870300510399,0.26296691225522045,0.1952763990426715,0.2773207666238298,0.19936716970425775,0.2629669104057875,0.1952763967983815,0.2773207670014635,0.19936717002963092,0.26066469466678116,0.20040977344876598,
lewidi_hsbrexit,qwen,48,GPP-laplace,1,256,0.41946372843314994,0.08228698245885545,0.1714867988734373,0.3057884454564807,0.9404761904761905,0.8928571428571429,0.19654187560081482,0.10863178968429565,-0.07818465824902654,-0.09928125932952432,-0.07818465824902654,-0.09928125932952431,-0.05541227192589014,-0.07991208672465677,-0.07374052490934058,-0.09569040478966545,-0.05541227201209565,-0.07991208679532509,-0.07374052293596249,-0.0956904031452361,-0.03965717259956217,-0.04410018877267614,
lewidi_hsbrexit,qwen,48,LPE,1,256,0.5770087096122628,0.07007163335005415,0.12575942943891233,0.18344912959634854,0.9404761904761905,0.8928571428571429,0.05709195137023926,0.013786676339805126,0.2616556131595026,0.2505591694335692,0.2616556131595026,0.25055916943356926,0.24815032913345694,0.2374966687614669,0.25846253048121354,0.24618647029972832,0.24815032716577443,0.23749666544631176,0.2584625311019332,0.2461864693891752,0.26682264072261386,0.2875691095476982,
lewidi_hsbrexit,qwen,48,LP-temp,1,256,0.37432564890387615,0.06514084732535402,0.13979669226161145,0.24997654559496818,0.9404761904761905,0.9166666666666666,0.2694318077391535,,0.24714542499623432,,0.24714542499623435,,0.23045513998306755,,0.2444535505302075,,0.23045513944147014,,0.24445355173464028,,0.25285223631217385,,
lewidi_hsbrexit,qwen,48,GPP-cosine,2,64,1.1309210098150977,0.2197820805638378,0.3242961595099565,0.30508605807114086,0.6488095238095238,0.6845238095238095,0.23704306781291962,0.048403456807136536,-0.015138692100223818,-0.027926763038994894,-0.015138692100223835,-0.027926763038994912,-0.02219383809904537,-0.03959578805609913,-0.013626416449996022,-0.02735659177659678,-0.022193834603446247,-0.03959578440337955,-0.013626408102094287,-0.027356583644900796,-0.009341487979036677,-0.013858864255466355,
lewidi_hsbrexit,qwen,48,GPP-rbf,2,64,0.4097745048753816,0.0723691254100362,0.15216863373227948,0.26441519651497136,0.9404761904761905,0.8928571428571429,0.18262040615081787,0.058770980685949326,0.12047950308975172,0.050917779723484595,0.12047950308975172,0.050917779723484616,0.1131663913714146,0.05209764155650024,0.11717955068980851,0.04955838392856789,0.11316638869662551,0.0520976394269421,0.11717954896288138,0.0495583828077795,0.11009478046537306,0.052712018237927365,
lewidi_hsbrexit,qwen,48,GPP-laplace,2,64,0.442941341539273,0.11784782060757897,0.23975546520558141,0.4189101404775176,0.9404761904761905,0.8928571428571429,0.3552180230617523,0.2023717314004898,-0.06825891691853446,-0.1084823784249931,-0.06825891691853446,-0.10848237842499313,-0.04732281512468818,-0.09713363576584261,-0.06415869275828465,-0.10673460551946826,-0.04732281521140034,-0.09713363587646981,-0.06415869032592453,-0.10673460400186889,-0.0629411799502954,-0.06160269809061253,
lewidi_hsbrexit,qwen,48,LPE,2,64,0.5764834396052515,0.07471761738529822,0.13166397456110904,0.18875315884915614,0.9404761904761905,0.8928571428571429,0.05988907814025879,0.00604810519143939,0.21563194915781106,0.0836906131901031,0.2156319491578111,0.08369061319010311,0.18092479684222873,0.04976505358703964,0.2053085697073197,0.07334673361304032,0.18092479239851283,0.0497650497877727,0.20530856473885362,0.07334673016808142,0.24443095461166917,0.250593548173959,
lewidi_hsbrexit,qwen,48,LP-temp,2,64,0.3819479529282468,0.06739158347384476,0.14673793164906043,0.259857444285434,0.9345238095238095,0.8869047619047619,0.26638129772149377,,0.2436841515754619,,0.24368415157546192,,0.2181914771492359,,0.2364596741750488,,0.21819147372934564,,0.23645966994987008,,0.23632570335025627,,
lewidi_hsbrexit,qwen,48,GPP-cosine,2,256,0.4792545591845664,0.10113489247145739,0.18687807076563936,0.2327942334128748,0.8095238095238095,0.8333333333333334,0.24908728897571564,0.020050201565027237,0.2970061295357548,0.26186062795375753,0.2970061295357548,0.26186062795375753,0.317517848832337,0.2776427671710536,0.30371398600756755,0.2687522350928785,0.31751784937560784,0.27764276929696585,0.3037139889761351,0.26875224000675996,0.306400805712403,0.3052110440593516,
lewidi_hsbrexit,qwen,48,GPP-rbf,2,256,0.43145276359906765,0.06767420723537629,0.13591007578569198,0.21374924754280336,0.9404761904761905,0.8928571428571429,0.13758184015750885,0.009174587205052376,0.2995266063844422,0.2189641516646903,0.29952660638444223,0.21896415166469035,0.3216208239565338,0.24564698490084996,0.30155596646785454,0.221468970146761,0.3216208188954596,0.24564697977635508,0.30155595897693815,0.2214689628783383,0.30137220372567786,0.25134179671357343,
lewidi_hsbrexit,qwen,48,GPP-laplace,2,256,0.4266074107889148,0.08208811048985691,0.16936128962385869,0.3005777066746691,0.9404761904761905,0.8928571428571429,0.18508805334568024,0.10200097411870956,-0.08828854221948527,-0.10788978534087537,-0.08828854221948532,-0.10788978534087537,-0.056802848817123816,-0.07997622800309157,-0.0821687174277156,-0.10262570533569607,-0.05680284909256368,-0.07997622823438191,-0.08216871577166018,-0.10262570394250169,-0.04000573558385459,-0.05250752795380915,
lewidi_hsbrexit,qwen,48,LPE,2,256,0.6149908441061965,0.07459120430588272,0.12988102390856207,0.18277641653037863,0.9404761904761905,0.8928571428571429,0.044950466603040695,0.009322152473032475,0.250747034423783,0.19163503373855684,0.250747034423783,0.19163503373855684,0.2771215545475192,0.19776308239921525,0.2534757176046605,0.1888254824414188,0.2771215495404506,0.19776307653948166,0.2534757111127883,0.18882547559797458,0.3002428596565704,0.28288442303880823,
lewidi_hsbrexit,qwen,48,LP-temp,2,256,0.3605995598268703,0.060570176559875365,0.13441897315861906,0.23112008460077987,0.9464285714285714,0.8988095238095238,0.24597967414740965,,0.3356029110568418,,0.33560291105684187,,0.3570686702637509,,0.33728686566259486,,0.35706866473692944,,0.3372868560381664,,0.33620526462263295,,
lewidi_hsbrexit,qwen,48,GPP-cosine,3,64,1.3728635510274347,0.3082145237479401,0.4363411075103979,0.3333688846575332,0.5357142857142857,0.5357142857142857,0.2921258509159088,0.053908221423625946,-0.018206554297425355,-0.047228920719557844,-0.018206554297425348,-0.04722892071955785,0.0010597694564127708,-0.023429624141407483,-0.015002289286397373,-0.04273424303016886,0.0010597684540256253,-0.023429624622210782,-0.015002290420090908,-0.04273424391613353,-0.009736526027901413,-0.044843789805833284,
lewidi_hsbrexit,qwen,48,GPP-rbf,3,64,0.4487074804532444,0.07380755871701244,0.14521321836703768,0.24360350945551398,0.9404761904761905,0.8928571428571429,0.153736412525177,0.016327638179063797,0.04382167287271555,-0.06387125723040002,0.04382167287271555,-0.06387125723040002,0.055685191259570735,-0.045999949514343934,0.0425295239259864,-0.06352030081347501,0.05568518665333656,-0.04599995305416814,0.042529517955417775,-0.06352030480451812,0.046777152492041875,-0.025830840889296446,
lewidi_hsbrexit,qwen,48,GPP-laplace,3,64,0.4382553676970975,0.11474083915700624,0.2344524414677705,0.4111169503212153,0.9404761904761905,0.8928571428571429,0.345553457736969,0.19684965908527374,-0.09320095777228825,-0.13082960983189657,-0.09320095777228829,-0.13082960983189662,-0.06930570504095124,-0.11586937985778081,-0.08854407328194586,-0.12830788980544855,-0.06930570506598542,-0.11586937984053915,-0.0885440706414007,-0.12830788787663466,-0.0701355199460908,-0.08330190573942957,
lewidi_hsbrexit,qwen,48,LPE,3,64,0.6928922002492116,0.08144505737687069,0.13268788742685242,0.19109557658776286,0.9404761904761905,0.8928571428571429,0.03317992389202118,0.0024362101685255766,0.06673306846171148,0.024298353247971458,0.06673306846171148,0.02429835324797147,0.06429779652716518,0.009235295973295105,0.06194375218462553,0.017749745305591126,0.06429779135921479,0.009235292194716034,0.06194374587802161,0.017749741609405317,0.08965504706646596,0.0598366456368643,
lewidi_hsbrexit,qwen,48,LP-temp,3,64,0.4080781288932468,0.07138702895156653,0.14984662082964242,0.2608260537304473,0.9404761904761905,0.8928571428571429,0.2299824472124502,,0.10045354715068008,,0.1004535471506801,,0.10662964773461898,,0.09851830227380859,,0.10662964342801173,,0.09851829621730983,,0.10527531626922328,,
lewidi_hsbrexit,qwen,48,GPP-cosine,3,256,0.5183365909934047,0.11640303274534514,0.21266160075894427,0.26646328664059366,0.7857142857142857,0.7857142857142857,0.2813646197319031,0.02336185611784458,0.24365171090271176,0.1550097991144626,0.24365171090271182,0.15500979911446264,0.2473472223108064,0.1505105055352195,0.2444679207061535,0.1563393799032143,0.2473472207369367,0.15051050710068703,0.24446792016664626,0.15633938383281498,0.2490412810172435,0.22011984833388765,
lewidi_hsbrexit,qwen,48,GPP-rbf,3,256,0.41685504759708475,0.06655377160976308,0.1373561550461177,0.22485278700196923,0.9404761904761905,0.8928571428571429,0.16165919601917267,0.010618038475513458,0.27342660355796333,0.23928368103259923,0.27342660355796333,0.23928368103259925,0.2908968645987019,0.2704156222345768,0.27842813406448486,0.24703725427743192,0.2908968641369675,0.27041562173374545,0.27842813759745516,0.24703725789407993,0.24362228848811077,0.19974518002538177,
lewidi_hsbrexit,qwen,48,GPP-laplace,3,256,0.4164304922519472,0.08288600674557674,0.17361481881345667,0.3111019978475354,0.9404761904761905,0.8928571428571429,0.20444375276565552,0.11309101432561874,-0.08310588241291869,-0.10539165147398472,-0.08310588241291869,-0.10539165147398473,-0.058083269828974854,-0.08409095336292963,-0.0780032123238251,-0.10117577672999363,-0.0580832696979197,-0.08409095316839899,-0.07800320986977427,-0.10117577452757953,-0.04732555825399527,-0.05713179687875517,
lewidi_hsbrexit,qwen,48,LPE,3,256,0.568289839956307,0.07062551803789782,0.1275069019673841,0.18657760462964423,0.9404761904761905,0.8928571428571429,0.05981971696019173,0.015612112358212471,0.22561078615945732,0.25425366156970824,0.22561078615945734,0.25425366156970824,0.23961151355988863,0.29631941627819924,0.22899581171398975,0.2617510921777136,0.23961151245459766,0.296319412736838,0.22899581350010062,0.2617510894658752,0.2369670592413543,0.23303062127207863,
lewidi_hsbrexit,qwen,48,LP-temp,3,256,0.38394197420125764,0.06718757934645724,0.144715392523097,0.2536140595924341,0.9404761904761905,0.9047619047619048,0.2640471512580858,,0.22176969409680256,,0.22176969409680253,,0.2332081489638182,,0.2262240588181795,,0.2332081496957324,,0.22622406365997375,,0.21486351853075805,,
lewidi_hsbrexit,qwen,48,GPP-cosine,4,64,1.2197054624318815,0.24928116579555734,0.35809751621687136,0.28336805519441827,0.6071428571428571,0.6190476190476191,0.2693629562854767,0.05069034546613693,0.15401251998439736,0.13008293829804563,0.15401251998439736,0.13008293829804563,0.15401865267741316,0.12090088133074492,0.15143395796364018,0.12710072718438256,0.15401864880747754,0.12090087940134142,0.15143394950085587,0.12710072153053642,0.158354487517272,0.14485348125901254,
lewidi_hsbrexit,qwen,48,GPP-rbf,4,64,0.44363174353293017,0.07730162032071658,0.15478211323941304,0.268662255711535,0.9404761904761905,0.8928571428571429,0.17121250927448273,0.052973099052906036,-0.03665883758614144,-0.08643928207319626,-0.03665883758614144,-0.08643928207319626,-0.05940514186672127,-0.09582124368940353,-0.04409669521664142,-0.09087999545547013,-0.059405144370150466,-0.09582124578544209,-0.04409669961106223,-0.09087999898070523,-0.002663021199994038,-0.04016375080340048,
lewidi_hsbrexit,qwen,48,GPP-laplace,4,64,0.43339318973951757,0.11234361118279904,0.2308283813652538,0.40727419817769706,0.9404761904761905,0.8928571428571429,0.34183865785598755,0.19436772167682648,-0.08929226598081409,-0.1271279562318044,-0.08929226598081408,-0.12712795623180445,-0.070628365275355,-0.11713177178940289,-0.0858364881565474,-0.12573100702224901,-0.07062836538967598,-0.11713177184019713,-0.08583648638365445,-0.12573100593302233,-0.06902476590281231,-0.08187047375060205,
lewidi_hsbrexit,qwen,48,LPE,4,64,0.6393831317614818,0.08021205374612515,0.13521768927663894,0.20341702218846605,0.9404761904761905,0.8928571428571429,0.05777214840054512,0.005455126985907555,-0.009575908256148145,-0.02595449547820412,-0.009575908256148126,-0.025954495478204106,-0.05208609397663749,-0.06454540867657305,-0.021330057749217535,-0.037076214486340464,-0.05208609665112442,-0.06454541149419363,-0.021330062407995662,-0.03707621809298323,0.07547085735899335,0.05534250689272078,
lewidi_hsbrexit,qwen,48,LP-temp,4,64,0.40494622277420345,0.08424936641575165,0.17721714503854974,0.32159862464276545,0.9404761904761905,0.8928571428571429,0.3674633055492006,,0.012541446042251408,,0.012541446042251422,,-0.034158300986410484,,0.0004133457676991706,,-0.034158303201865164,,0.0004133405185527336,,0.054478070691675595,,
lewidi_hsbrexit,qwen,48,GPP-cosine,4,256,0.42684380099914854,0.08221413242605878,0.16676692882128918,0.24533987481109995,0.8511904761904762,0.875,0.2607114017009735,0.020186612382531166,0.2591086766053299,0.22629556261999617,0.2591086766053299,0.22629556261999617,0.2566049577703172,0.20711919744635054,0.2587214484800715,0.22451085281388092,0.2566049562648589,0.2071191986535836,0.25872144587702406,0.22451085355335731,0.27230205083569053,0.2644895924810833,
lewidi_hsbrexit,qwen,48,GPP-rbf,4,256,0.41503688356301727,0.06517726059964046,0.13375003039254807,0.2138181141832519,0.9404761904761905,0.8928571428571429,0.15185120701789856,0.010066022165119648,0.32285284065406306,0.2589270165670554,0.32285284065406306,0.2589270165670554,0.32442388421122814,0.270209975345066,0.32368344434119933,0.26116794884285255,0.3244238826552947,0.27020997341168207,0.3236834461876708,0.26116795005189336,0.30285011077907764,0.24227451161551344,
lewidi_hsbrexit,qwen,48,GPP-laplace,4,256,0.4194845174342725,0.08202463343109051,0.17095954742814815,0.3052028771453775,0.9404761904761905,0.8928571428571429,0.19506123661994934,0.10769442468881607,-0.07982583125198207,-0.10142960617334183,-0.07982583125198209,-0.10142960617334185,-0.05217330560207775,-0.07741024488686672,-0.0742555846063532,-0.09674125510356972,-0.05217330561174152,-0.0774102448536152,-0.07425558206846729,-0.09674125285534854,-0.0423620213576713,-0.04960283641803904,
lewidi_hsbrexit,qwen,48,LPE,4,256,0.5844752246669985,0.07164306817672005,0.12663801758160498,0.17804785608467827,0.9345238095238095,0.8988095238095238,0.053297240287065506,0.013275625184178352,0.2684036648638578,0.2430136364354585,0.2684036648638578,0.24301363643545854,0.2582783389744499,0.25031712216112395,0.2649881079878638,0.24280894881433435,0.2582783358937105,0.2503171185787801,0.26498810672888207,0.24280894628610944,0.2855242067065161,0.2681425325564677,
lewidi_hsbrexit,qwen,48,LP-temp,4,256,0.37096650239403706,0.06234699268085611,0.1362609969383944,0.23890100322072105,0.9285714285714286,0.9047619047619048,0.25002518078548,,0.3045431854282482,,0.3045431854282482,,0.2965511189801832,,0.3053188775925648,,0.2965511198072729,,0.30531888397577733,,0.2882755305291975,,
