dataset,model,layer,method,seed,n_obs,soft_ce,jsd,tvd,entce,rankcs,acc,mean_alea,mean_mi,corrAlea_entropy,corrMI_entropy,corrAlea_norm_entropy,corrMI_norm_entropy,corrAlea_one_minus_max,corrMI_one_minus_max,corrAlea_gini,corrMI_gini,corrAlea_top2_margin,corrMI_top2_margin,corrAlea_bern_var,corrMI_bern_var,corrAleaS_entropy,corrMIS_entropy,mono_alea
lewidi_armis,qwen,0,GPP-cosine,0,16,0.6780437350958256,0.1986822417310819,0.3673210785306733,0.45448582138848154,0.5793103448275863,0.5793103448275863,0.6715564727783203,0.014732545241713524,0.07858078801338672,-0.08657201322851046,0.07858078801338672,-0.08657201322851048,0.07858078801338671,-0.08657201322851046,0.07858078801338675,-0.08657201322851048,0.07858078801338675,-0.08657201322851048,0.07858078632181373,-0.08657201391752686,0.09887783379395543,-0.0766388746361454,
lewidi_armis,qwen,0,GPP-rbf,0,16,0.7261426516333946,0.20996322621786356,0.3756479202673353,0.4216895398813543,0.5793103448275863,0.5793103448275863,0.45432248711586,0.17716693878173828,-0.10671926540352093,-0.0783838173518463,-0.10671926540352095,-0.07838381735184632,-0.10671926540352095,-0.0783838173518463,-0.10671926540352093,-0.07838381735184632,-0.10671926540352093,-0.07838381735184632,-0.10671926239262891,-0.07838381452445009,-0.1241960334505392,-0.06671687747343014,
lewidi_armis,qwen,0,GPP-laplace,0,16,0.6936784182881809,0.20489854110314493,0.37783539233536556,0.45555030427446663,0.5724137931034483,0.5724137931034483,0.4369484782218933,0.25040507316589355,-0.18616759548396627,0.0979674885649284,-0.18616759548396627,0.0979674885649284,-0.18616759548396627,0.09796748856492839,-0.1861675954839663,0.09796748856492843,-0.1861675954839663,0.09796748856492843,-0.18616759473118297,0.09796749304149091,-0.15156706010630538,0.10400990129191161,
lewidi_armis,qwen,0,LPE,0,16,0.8985158620040504,0.23825064081657985,0.3900363488251279,0.3678348645989791,0.5862068965517241,0.5862068965517241,0.3855644464492798,0.07480119913816452,-0.0515538221680438,-0.08391805315068304,-0.05155382216804381,-0.08391805315068304,-0.05155382216804381,-0.08391805315068306,-0.0515538221680438,-0.08391805315068304,-0.0515538221680438,-0.08391805315068304,-0.05155381865895507,-0.08391804788826437,-0.058163431643503204,-0.11256334712183856,
lewidi_armis,qwen,0,LP-temp,0,16,0.6866335755407539,0.19992319900556155,0.36793947696102297,0.43840919298502484,0.5517241379310345,0.5517241379310345,0.668997526819861,,-0.008238905276005265,,-0.008238905276005272,,-0.008238905276005279,,-0.008238905276005265,,-0.008238905276005265,,-0.0082389032015278,,-0.052347088479152884,,
lewidi_armis,qwen,0,GPP-cosine,0,64,0.6707179279099527,0.19506636934428173,0.3590148429418432,0.4468069715935385,0.6,0.6,0.6687857508659363,0.009824501350522041,-0.06762762661925853,-0.08845611255952318,-0.06762762661925857,-0.08845611255952321,-0.06762762661925853,-0.0884561125595232,-0.06762762661925856,-0.0884561125595232,-0.06762762661925856,-0.0884561125595232,-0.0676276291703446,-0.08845611379940206,-0.13685513327883106,-0.0810866664677074,
lewidi_armis,qwen,0,GPP-rbf,0,64,0.7022567308335432,0.20216360140624637,0.3611730773387284,0.420437419395367,0.5517241379310345,0.5517241379310345,0.4722941517829895,0.15858349204063416,-0.0203420843437791,-0.07670557857034724,-0.02034208434377907,-0.07670557857034722,-0.0203420843437791,-0.07670557857034721,-0.020342084343779085,-0.07670557857034722,-0.020342084343779085,-0.07670557857034722,-0.020342085728365572,-0.0767055780286737,-0.04824143448078795,-0.07869170163532785,
lewidi_armis,qwen,0,GPP-laplace,0,64,0.6891367241430769,0.2023491755645829,0.37090670260889774,0.4484112803308288,0.5862068965517241,0.5862068965517241,0.4336591064929962,0.2465554028749466,-0.1556968465934145,0.028111636288223565,-0.15569684659341454,0.02811163628822353,-0.15569684659341448,0.028111636288223538,-0.15569684659341454,0.028111636288223538,-0.15569684659341454,0.028111636288223538,-0.15569684691176755,0.028111639406354166,-0.1573834032706557,0.03900371298446685,
lewidi_armis,qwen,0,LPE,0,64,0.8031844662929134,0.21912857697967458,0.37253832772438383,0.3877042383714618,0.5517241379310345,0.5517241379310345,0.40102618932724,0.1303657442331314,-0.02246505562747665,-0.04391464905156657,-0.02246505562747665,-0.04391464905156657,-0.022465055627476666,-0.04391464905156657,-0.022465055627476666,-0.043914649051566584,-0.022465055627476666,-0.043914649051566584,-0.02246505606617555,-0.043914649987863985,-0.07390177197056877,-0.04960998581357626,
lewidi_armis,qwen,0,LP-temp,0,64,0.6829122317966162,0.19837938580862036,0.35984203694076555,0.4372941807415791,0.5724137931034483,0.5724137931034483,0.6663602304486237,,0.07405953769714906,,0.07405953769714907,,0.07405953769714907,,0.07405953769714907,,0.07405953769714907,,0.07405953673840714,,-0.012659099828291873,,
lewidi_armis,qwen,0,GPP-cosine,0,256,0.6559528450865192,0.18739998993263018,0.34144843801342206,0.431112755980238,0.6068965517241379,0.6068965517241379,0.6514721512794495,0.006878698710352182,-0.036837979795759174,-0.08821086622772681,-0.03683797979575916,-0.0882108662277268,-0.03683797979575916,-0.08821086622772677,-0.03683797979575916,-0.08821086622772681,-0.03683797979575916,-0.08821086622772681,-0.03683798495995637,-0.08821086754503651,-0.0020528269991824657,-0.09887783379395543,
lewidi_armis,qwen,0,GPP-rbf,0,256,0.7479808022246004,0.20550194993597445,0.35924800108989763,0.3860878631947843,0.5862068965517241,0.5862068965517241,0.4366198480129242,0.11953072249889374,0.08858120884104295,-0.009461356831919884,0.08858120884104295,-0.009461356831919891,0.08858120884104295,-0.00946135683191987,0.08858120884104297,-0.009461356831919891,0.08858120884104297,-0.009461356831919891,0.08858120562558734,-0.009461357227087394,0.07698101246934247,0.003763516165167854,
lewidi_armis,qwen,0,GPP-laplace,0,256,0.7138512591225958,0.20628586683641537,0.36859103025033557,0.4201560937527319,0.5793103448275863,0.5793103448275863,0.40806400775909424,0.22939637303352356,-0.06278037353078403,-0.011584142417325138,-0.06278037353078403,-0.011584142417325125,-0.06278037353078403,-0.011584142417325125,-0.06278037353078403,-0.011584142417325125,-0.06278037353078403,-0.011584142417325125,-0.0627803729440415,-0.011584140457110162,-0.07869170163532785,-0.014027651161080184,
lewidi_armis,qwen,0,LPE,0,256,0.9122710299579698,0.22826255010006183,0.3736098783293434,0.35925838809077815,0.5793103448275863,0.5793103448275863,0.2699841856956482,0.2113998383283615,0.11383795924734726,-0.03194686001776491,0.11383795924734726,-0.03194686001776491,0.11383795924734726,-0.03194686001776492,0.11383795924734726,-0.0319468600177649,0.11383795924734726,-0.0319468600177649,0.11383795769702236,-0.031946860405718765,0.11427403628782391,-0.03352950765331361,
lewidi_armis,qwen,0,LP-temp,0,256,0.6886940383912656,0.20211929227259764,0.36947182893560115,0.45013037783153187,0.5172413793103449,0.5172413793103449,0.6794634773515879,,0.017682249752285224,,0.01768224975228523,,0.01768224975228523,,0.017682249752285238,,0.017682249752285238,,0.017682251692402152,,-0.007869170163532786,,
lewidi_armis,qwen,0,GPP-cosine,1,16,0.6798317118850247,0.19995576121489822,0.37024396760710354,0.4594326539357816,0.6275862068965518,0.6275862068965518,0.6764501929283142,0.014785651117563248,0.06565399520332243,-0.07663042738609198,0.06565399520332243,-0.07663042738609198,0.06565399520332245,-0.07663042738609199,0.06565399520332245,-0.07663042738609198,0.06565399520332245,-0.07663042738609198,0.06565399537097433,-0.07663042817164996,0.1009306607931379,-0.06979611797220385,
lewidi_armis,qwen,0,GPP-rbf,1,16,0.6804721002035331,0.19860990542961487,0.3653974157982859,0.4475256558911177,0.5517241379310345,0.5517241379310345,0.485687792301178,0.19229349493980408,0.06208141908031129,-0.04082841210132225,0.06208141908031132,-0.04082841210132224,0.06208141908031129,-0.04082841210132222,0.06208141908031129,-0.04082841210132224,0.06208141908031129,-0.04082841210132224,0.06208141726485923,-0.040828410598461276,0.06090053430907982,-0.037293023818481465,
lewidi_armis,qwen,0,GPP-laplace,1,16,0.6931258298573219,0.2053494477900027,0.37924647269577816,0.4610638274515458,0.503448275862069,0.503448275862069,0.44044265151023865,0.2524243891239166,-0.1558158731350048,0.15869161949692712,-0.15581587313500478,0.1586916194969271,-0.15581587313500478,0.15869161949692706,-0.15581587313500483,0.15869161949692712,-0.15581587313500483,0.15869161949692712,-0.15581587531260147,0.15869162195615666,-0.15464630060507908,0.15772554110385278,
lewidi_armis,qwen,0,LPE,1,16,0.7069150534499001,0.200947231034218,0.36184527701858815,0.4178398592675858,0.5793103448275863,0.5793103448275863,0.47977736592292786,0.14136584103107452,0.04700342026112258,-0.012742220449294517,0.04700342026112261,-0.012742220449294517,0.04700342026112257,-0.012742220449294524,0.047003420261122614,-0.012742220449294524,0.047003420261122614,-0.012742220449294524,0.04700342066245826,-0.0127422219283774,0.07458604763696293,0.070480393638598,
lewidi_armis,qwen,0,LP-temp,1,16,0.6917125671106464,0.20481923750056485,0.3786369343114508,0.46131041536386824,0.6068965517241379,0.6068965517241379,0.6931136376933233,,0.0761846358475886,,0.0761846358475886,,0.07618463584758857,,0.07618463584758861,,0.07618463584758861,,0.07618463595299707,,0.1286438252821012,,
lewidi_armis,qwen,0,GPP-cosine,1,64,0.6713915958571441,0.19441580450416468,0.3558686066290428,0.43895260515851703,0.6137931034482759,0.6137931034482759,0.6611173152923584,0.009586147964000702,-0.07263478391958798,-0.08877759262947586,-0.07263478391958798,-0.08877759262947586,-0.07263478391958796,-0.08877759262947586,-0.072634783919588,-0.08877759262947588,-0.072634783919588,-0.08877759262947588,-0.07263478519434416,-0.08877759383114808,-0.0827973556336928,-0.09853569596075837,
lewidi_armis,qwen,0,GPP-rbf,1,64,0.7390693398851387,0.20610921386125275,0.3601851189958638,0.3977061068339369,0.593103448275862,0.593103448275862,0.432206392288208,0.14327220618724823,0.03397341707041393,-0.0324499243262749,0.03397341707041396,-0.032449924326274936,0.033973417070413944,-0.0324499243262749,0.033973417070413944,-0.032449924326274936,0.033973417070413944,-0.032449924326274936,0.03397341494968954,-0.03244992389399254,0.052004950645955804,-0.04995212364677334,
lewidi_armis,qwen,0,GPP-laplace,1,64,0.6984181712301393,0.20378421814639341,0.36807398631654936,0.4324959398199634,0.5793103448275863,0.5793103448275863,0.42252564430236816,0.23987063765525818,-0.13956861337181273,-0.027920177865926432,-0.13956861337181273,-0.027920177865926418,-0.1395686133718127,-0.027920177865926418,-0.13956861337181276,-0.027920177865926404,-0.13956861337181276,-0.027920177865926404,-0.13956861183928693,-0.027920174434856324,-0.13925009811121059,-0.020186132158627582,
lewidi_armis,qwen,0,LPE,1,64,0.8997301223025385,0.2282914947747148,0.36681901002302764,0.3518948932810922,0.6068965517241379,0.6068965517241379,0.3291030824184418,0.11030039936304092,0.03719280832491055,-0.003570161780713503,0.03719280832491055,-0.0035701617807134822,0.037192808324910544,-0.0035701617807134753,0.03719280832491055,-0.003570161780713496,0.03719280832491055,-0.003570161780713496,0.037192807229997224,-0.0035701634424743223,0.04242509131643763,-0.015054064660671416,
lewidi_armis,qwen,0,LP-temp,1,64,0.6897163232331286,0.2040310676806369,0.37715374674767765,0.46120524231843857,0.5862068965517241,0.5862068965517241,0.6930084646478935,,-0.03928765046893312,,-0.0392876504689331,,-0.03928765046893309,,-0.039287650468933115,,-0.039287650468933115,,-0.039287652516606715,,0.016422615993459726,,
lewidi_armis,qwen,0,GPP-cosine,1,256,0.6633038553606079,0.19187084519407824,0.3534023178034815,0.44631429078343615,0.6344827586206897,0.6344827586206897,0.6695676445960999,0.006974039599299431,0.011473201797322807,-0.08851354551569107,0.011473201797322792,-0.08851354551569104,0.01147320179732281,-0.08851354551569107,0.011473201797322795,-0.08851354551569104,0.011473201797322795,-0.08851354551569104,0.0114732025219145,-0.08851354615389806,0.04413578048242301,-0.0920350771300139,
lewidi_armis,qwen,0,GPP-rbf,1,256,0.7327794820518634,0.20366100310911361,0.35918733892512733,0.41099712090118634,0.5793103448275863,0.5793103448275863,0.45702052116394043,0.12547700107097626,-0.0356980461338474,-0.06407931399884292,-0.0356980461338474,-0.06407931399884292,-0.0356980461338474,-0.06407931399884292,-0.0356980461338474,-0.06407931399884294,-0.0356980461338474,-0.06407931399884294,-0.035698046923804364,-0.06407931280711138,-0.031476680654131145,-0.0626112234750652,
lewidi_armis,qwen,0,GPP-laplace,1,256,0.6925021289307774,0.2023575396638206,0.3685162084883657,0.4394889206319803,0.5793103448275863,0.5793103448275863,0.4282917380332947,0.24105040729045868,-0.12179953640649284,-0.021972820922609854,-0.12179953640649287,-0.021972820922609868,-0.12179953640649285,-0.021972820922609868,-0.12179953640649288,-0.021972820922609868,-0.12179953640649288,-0.021972820922609868,-0.12179953560975174,-0.021972817964777874,-0.09716714462797006,-0.004105653998364931,
lewidi_armis,qwen,0,LPE,1,256,0.8705998849285642,0.22079651080024132,0.3636652705939045,0.3755081730224578,0.5724137931034483,0.5724137931034483,0.2717556655406952,0.2139563262462616,0.004121300256406155,-0.03190753798148527,0.004121300256406141,-0.03190753798148528,0.004121300256406144,-0.031907537981485275,0.004121300256406158,-0.03190753798148529,0.004121300256406158,-0.03190753798148529,0.004121300196832479,-0.03190753699254288,0.02189682132461297,-0.02771316448896329,
lewidi_armis,qwen,0,LP-temp,1,256,0.6851805248419462,0.19911545107617987,0.3605340553751235,0.44104035221247984,0.5724137931034483,0.5724137931034483,0.6679199864252534,,0.01436343228002717,,0.014363432280027184,,0.014363432280027177,,0.014363432280027184,,0.014363432280027184,,0.014363433711262842,,0.050978537146364564,,
lewidi_armis,qwen,0,GPP-cosine,2,16,0.6807417882607034,0.19775136180607772,0.35992203447325477,0.43639382927728904,0.5724137931034483,0.5724137931034483,0.6538352370262146,0.014361853711307049,-0.12641670690169496,-0.08115435854390908,-0.12641670690169496,-0.08115435854390907,-0.12641670690169493,-0.08115435854390905,-0.126416706901695,-0.08115435854390908,-0.126416706901695,-0.08115435854390908,-0.1264167065231418,-0.08115435941411397,-0.10401000364789377,-0.07390177197056877,
lewidi_armis,qwen,0,GPP-rbf,2,16,0.7617688907331825,0.21723298120009155,0.37966610732777367,0.4112053298199396,0.5724137931034483,0.5724137931034483,0.417474627494812,0.173776775598526,-0.16732485517625179,-0.11541124450585624,-0.16732485517625179,-0.11541124450585624,-0.16732485517625179,-0.11541124450585624,-0.16732485517625179,-0.11541124450585627,-0.16732485517625179,-0.11541124450585627,-0.16732485342343345,-0.11541124189566421,-0.17380601926411546,-0.11701113895340055,
lewidi_armis,qwen,0,GPP-laplace,2,16,0.6931221280380985,0.20448681534678528,0.3764858443161537,0.4536715457251431,0.5724137931034483,0.5724137931034483,0.4356086850166321,0.24986609816551208,-0.20247776102361872,0.0610362345027212,-0.20247776102361867,0.061036234502721186,-0.2024777610236187,0.06103623450272119,-0.2024777610236187,0.06103623450272121,-0.2024777610236187,0.06103623450272121,-0.20247776029927098,0.06103623889685608,-0.17791167326248036,0.0718489449713863,
lewidi_armis,qwen,0,LPE,2,16,1.0331687470943989,0.25829239624769357,0.40404340491052076,0.3636245371161995,0.5862068965517241,0.5862068965517241,0.3270666301250458,0.07293923199176788,-0.13956051788631998,-0.1650679375713426,-0.13956051788631998,-0.16506793757134264,-0.13956051788631998,-0.16506793757134258,-0.13956051788631996,-0.1650679375713426,-0.13956051788631996,-0.1650679375713426,-0.13956051448949844,-0.16506793405135833,-0.1269331361161158,-0.18133305159445118,
lewidi_armis,qwen,0,LP-temp,2,16,0.8041238408579778,0.2250330686303563,0.38561898756593455,0.4005029809260862,0.5655172413793104,0.5655172413793104,0.5639196200151421,,-0.12478266183854064,,-0.12478266183854064,,-0.12478266183854064,,-0.12478266183854066,,-0.12478266183854066,,-0.12478265846972207,,-0.13411803061325445,,
lewidi_armis,qwen,0,GPP-cosine,2,64,0.6919970590587305,0.19847992412351972,0.3543003767214972,0.4120305139356593,0.5724137931034483,0.5724137931034483,0.627086877822876,0.008994491770863533,-0.07919958119620772,-0.08612027162944987,-0.0791995811962077,-0.08612027162944988,-0.07919958119620768,-0.08612027162944988,-0.07919958119620771,-0.0861202716294499,-0.07919958119620771,-0.0861202716294499,-0.079199583243008,-0.08612027282551839,-0.03866157515126977,-0.09682510208011164,
lewidi_armis,qwen,0,GPP-rbf,2,64,0.7826988081214779,0.21803294803104498,0.37504405207161245,0.39575289562270344,0.5724137931034483,0.5724137931034483,0.4190547466278076,0.13415630161762238,-0.06217280442690785,-0.06918210779855666,-0.062172804426907854,-0.06918210779855666,-0.062172804426907854,-0.06918210779855669,-0.06217280442690785,-0.06918210779855669,-0.06217280442690785,-0.06918210779855669,-0.06217280389300932,-0.0691821069576686,-0.06842756663941553,-0.08553445829926941,
lewidi_armis,qwen,0,GPP-laplace,2,64,0.7113125552790817,0.2063012986995877,0.36855820854162347,0.42224513678977943,0.5724137931034483,0.5724137931034483,0.41081202030181885,0.23272979259490967,-0.1226628382967736,-0.04753263459340229,-0.12266283829677359,-0.04753263459340231,-0.1226628382967736,-0.047532634593402304,-0.12266283829677363,-0.0475326345934023,-0.12266283829677363,-0.0475326345934023,-0.12266283653014684,-0.04753263151823192,-0.12488030911693335,-0.04447791831562009,
lewidi_armis,qwen,0,LPE,2,64,0.9593574360324665,0.2388674698282123,0.38155154834726246,0.3505484431030002,0.593103448275862,0.593103448275862,0.3329356610774994,0.08812141418457031,0.008050305566163828,-0.0395810831408149,0.008050305566163832,-0.0395810831408149,0.008050305566163842,-0.03958108314081489,0.008050305566163839,-0.03958108314081492,0.008050305566163839,-0.03958108314081492,0.00805030542486778,-0.03958108392446261,0.006158480997547398,-0.024633923990189592,
lewidi_armis,qwen,0,LP-temp,2,64,0.7296191235181684,0.20371501653394528,0.3591555505428255,0.39815633690679825,0.6206896551724138,0.6206896551724138,0.5906197322620276,,0.06466514124630549,,0.06466514124630551,,0.06466514124630549,,0.06466514124630551,,0.06466514124630551,,0.06466513948390021,,0.07424390980376586,,
lewidi_armis,qwen,0,GPP-cosine,2,256,0.657663462328113,0.1888882673968716,0.3444281395139365,0.4366968389585344,0.6137931034482759,0.6137931034482759,0.6593269109725952,0.006852944381535053,-0.05061393705072424,-0.08989238955044349,-0.05061393705072421,-0.08989238955044349,-0.05061393705072421,-0.08989238955044346,-0.05061393705072421,-0.0898923895504435,-0.05061393705072421,-0.0898923895504435,-0.0506139399612587,-0.08989239019013562,-0.04003012648405809,-0.08416590696648109,
lewidi_armis,qwen,0,GPP-rbf,2,256,0.7399206338888465,0.2034340487104051,0.35260390472309344,0.3965722143971309,0.6620689655172414,0.6620689655172414,0.4365725815296173,0.119907908141613,-0.018397352110936873,-0.04894607352988547,-0.01839735211093686,-0.04894607352988546,-0.018397352110936873,-0.04894607352988547,-0.018397352110936866,-0.04894607352988544,-0.018397352110936866,-0.04894607352988544,-0.018397353754990242,-0.04894607349407683,-0.021554683491415892,-0.052347088479152884,
lewidi_armis,qwen,0,GPP-laplace,2,256,0.697420043386048,0.20268201887316173,0.3665993791715852,0.43098271591276077,0.5862068965517241,0.5862068965517241,0.419700562953949,0.23597480356693268,-0.15336057045859722,-0.07097786362341618,-0.1533605704585972,-0.0709778636234162,-0.1533605704585972,-0.07097786362341617,-0.15336057045859725,-0.0709778636234162,-0.15336057045859725,-0.0709778636234162,-0.15336056983879567,-0.07097786114019976,-0.1330916171136632,-0.05063639931316749,
lewidi_armis,qwen,0,LPE,2,256,0.8591931758692195,0.21892839687783414,0.357758400596052,0.3711676113594018,0.6344827586206897,0.6344827586206897,0.2544827163219452,0.20460788905620575,-0.03888374448740813,-0.04199054510820669,-0.03888374448740815,-0.04199054510820668,-0.03888374448740814,-0.04199054510820668,-0.03888374448740817,-0.04199054510820667,-0.03888374448740817,-0.04199054510820667,-0.03888374692704947,-0.041990546750726956,-0.040714402150452245,-0.04379364264922594,
lewidi_armis,qwen,0,LP-temp,2,256,0.6711437019358988,0.1948401674954216,0.35569930537884364,0.44298049256807054,0.6137931034482759,0.6137931034482759,0.673095998302072,,-0.05340856028937139,,-0.053408560289371396,,-0.05340856028937139,,-0.05340856028937139,,-0.05340856028937139,,-0.05340856190370847,,-0.06603260180703599,,
lewidi_armis,qwen,0,GPP-cosine,3,16,0.6806673765459287,0.19807547825996327,0.3623736193467831,0.44001605032925006,0.5724137931034483,0.5724137931034483,0.657249391078949,0.014487998560070992,-0.02301029864483456,-0.08539846319628808,-0.02301029864483458,-0.08539846319628808,-0.023010298644834573,-0.08539846319628808,-0.023010298644834563,-0.08539846319628809,-0.023010298644834563,-0.08539846319628809,-0.023010298241253634,-0.08539846397886058,-0.016764753826656806,-0.10058852295994082,
lewidi_armis,qwen,0,GPP-rbf,3,16,0.6815470961784317,0.19624340378302849,0.3570908766882173,0.42750695808759726,0.5517241379310345,0.5517241379310345,0.46194079518318176,0.18853317201137543,-0.000682024177530282,-0.08184086235724361,-0.0006820241775302854,-0.08184086235724361,-0.0006820241775302958,-0.08184086235724361,-0.000682024177530282,-0.08184086235724362,-0.000682024177530282,-0.08184086235724362,-0.0006820300241695693,-0.08184086209597459,-0.006842756663941554,-0.09956210946034959,
lewidi_armis,qwen,0,GPP-laplace,3,16,0.6894210567192135,0.20380779342851474,0.3768221172793158,0.4603129848802444,0.5655172413793104,0.5655172413793104,0.4397924542427063,0.2523237466812134,-0.16671420446884383,0.15480049420489922,-0.16671420446884383,0.1548004942048992,-0.1667142044688438,0.15480049420489916,-0.16671420446884386,0.15480049420489922,-0.16671420446884386,0.15480049420489922,-0.16671420693349057,0.15480049661370365,-0.16935822743255344,0.15498859096215747,
lewidi_armis,qwen,0,LPE,3,16,0.6867028096914092,0.19371767092721223,0.3527379167490992,0.4127686679458792,0.5586206896551724,0.5586206896551724,0.463176965713501,0.14988434314727783,0.00699171555032874,-0.017261075587386626,0.006991715550328714,-0.017261075587386612,0.006991715550328733,-0.017261075587386612,0.006991715550328723,-0.01726107558738664,0.006991715550328723,-0.01726107558738664,0.0069917078681116344,-0.01726107845331644,0.012659099828291873,-0.04824143448078795,
lewidi_armis,qwen,0,LP-temp,3,16,0.6697268899730134,0.19489351726503618,0.3581002910712339,0.4493803019383357,0.6068965517241379,0.6068965517241379,0.6802120233486877,,-0.023119169403018586,,-0.023119169403018617,,-0.023119169403018607,,-0.023119169403018607,,-0.023119169403018607,,-0.0231191765384952,,-0.02326537265740128,,
lewidi_armis,qwen,0,GPP-cosine,3,64,0.6807324278766049,0.1975357094210626,0.3583225294433791,0.43463446387181626,0.5655172413793104,0.5655172413793104,0.6564664244651794,0.009600123390555382,-0.03501451741438627,-0.09544618153121578,-0.035014517414386284,-0.09544618153121576,-0.035014517414386284,-0.09544618153121577,-0.03501451741438629,-0.09544618153121576,-0.03501451741438629,-0.09544618153121576,-0.035014519616044716,-0.0954461827406555,-0.029081715821751602,-0.09990424729354667,
lewidi_armis,qwen,0,GPP-rbf,3,64,0.7818923083970721,0.22022525981416072,0.3794579985840567,0.3922583746184974,0.5586206896551724,0.5586206896551724,0.43302685022354126,0.14383698999881744,0.09224581443371141,-0.005281941528348211,0.09224581443371145,-0.005281941528348197,0.09224581443371142,-0.005281941528348225,0.09224581443371144,-0.005281941528348197,0.09224581443371144,-0.005281941528348197,0.09224581141786038,-0.00528194192320329,0.0674011531398243,-0.008553445829926941,
lewidi_armis,qwen,0,GPP-laplace,3,64,0.7115046867980539,0.20677787477643808,0.36978233430919977,0.42491023711077947,0.5793103448275863,0.5793103448275863,0.41317445039749146,0.2345498502254486,-0.09231101219488705,-0.018897400042644716,-0.09231101219488706,-0.01889740004264473,-0.09231101219488705,-0.018897400042644716,-0.09231101219488706,-0.018897400042644716,-0.09231101219488706,-0.018897400042644716,-0.09231101084584181,-0.018897397227376822,-0.11187907145544439,-0.02976599148814575,
lewidi_armis,qwen,0,LPE,3,64,0.9950352018139164,0.25034570652266086,0.3954607643319519,0.3368534946342377,0.5655172413793104,0.5655172413793104,0.34846624732017517,0.09554364532232285,0.13335535057693576,0.043029603462779745,0.13335535057693576,0.043029603462779724,0.13335535057693576,0.04302960346277976,0.13335535057693576,0.04302960346277976,0.13335535057693576,0.04302960346277976,0.13335534688790746,0.04302960153879936,0.1159847254538093,0.05303136414554704,
lewidi_armis,qwen,0,LP-temp,3,64,0.7143748137553934,0.20850079986958076,0.3726711622912595,0.4280555080140025,0.5241379310344828,0.5241379310344828,0.6558245479827318,,0.1321630738636742,,0.1321630738636742,,0.1321630738636742,,0.1321630738636742,,0.1321630738636742,,0.1321630710323697,,0.11495831195421809,,
lewidi_armis,qwen,0,GPP-cosine,3,256,0.6544551879222642,0.18727908461107368,0.34109218074329967,0.43422644408459776,0.6482758620689655,0.6482758620689655,0.6556612253189087,0.006958599667996168,-0.01976522089809991,-0.08703410775041905,-0.0197652208980999,-0.08703410775041907,-0.019765220898099907,-0.08703410775041905,-0.019765220898099914,-0.08703410775041907,-0.019765220898099914,-0.08703410775041907,-0.019765227293205796,-0.08703410925009929,0.0010264134995912329,-0.08690300963205773,
lewidi_armis,qwen,0,GPP-rbf,3,256,0.7581973390301598,0.20799821989704367,0.3625328153243353,0.4086269692955423,0.593103448275862,0.593103448275862,0.4420231282711029,0.12179870903491974,-0.05978676443932472,-0.09633312742483495,-0.05978676443932471,-0.09633312742483499,-0.059786764439324694,-0.09633312742483496,-0.059786764439324715,-0.09633312742483498,-0.059786764439324715,-0.09633312742483498,-0.05978676664924197,-0.09633312813451889,-0.031476680654131145,-0.09921997162715251,
lewidi_armis,qwen,0,GPP-laplace,3,256,0.7158881754837327,0.20728117294536752,0.37006045569633617,0.42275116821662045,0.5793103448275863,0.5793103448275863,0.40920862555503845,0.23016436398029327,-0.08974770406230195,-0.03745681564436812,-0.08974770406230198,-0.037456815644368105,-0.08974770406230193,-0.03745681564436812,-0.089747704062302,-0.037456815644368105,-0.089747704062302,-0.037456815644368105,-0.0897477033511489,-0.03745681364574428,-0.1053784526246999,-0.04413578048242301,
lewidi_armis,qwen,0,LPE,3,256,0.9231158394077605,0.2289470405140243,0.3783041083426536,0.38628496702538007,0.5793103448275863,0.5793103448275863,0.2630077600479126,0.22307144105434418,-0.04234185211281806,-0.08143384075809867,-0.04234185211281807,-0.08143384075809867,-0.04234185211281804,-0.08143384075809866,-0.04234185211281805,-0.08143384075809869,-0.04234185211281805,-0.08143384075809869,-0.04234185299973301,-0.0814338389929538,-0.023607510490598355,-0.07424390980376586,
lewidi_armis,qwen,0,LP-temp,3,256,0.6869126217413588,0.20237066708005724,0.3713858230960751,0.4557611583201297,0.5586206896551724,0.5586206896551724,0.6868048205390217,,-0.0981181441753829,,-0.09811814417538288,,-0.09811814417538287,,-0.0981181441753829,,-0.0981181441753829,,-0.09811814506147284,,-0.028397440155357445,,
lewidi_armis,qwen,0,GPP-cosine,4,16,0.6870698686723709,0.20191277256491033,0.37288523234170057,0.4530679725880822,0.5724137931034483,0.5724137931034483,0.6700515151023865,0.014819643460214138,0.19809877150912167,-0.08137710449824692,0.1980987715091217,-0.08137710449824692,0.19809877150912164,-0.08137710449824692,0.19809877150912167,-0.08137710449824692,0.19809877150912167,-0.08137710449824692,0.19809877328177328,-0.08137710508933059,0.15669912760426155,-0.07527032330335709,
lewidi_armis,qwen,0,GPP-rbf,4,16,0.697700139749387,0.20411758934809912,0.3725179678407209,0.4381744605527186,0.5172413793103449,0.5172413793103449,0.4863094985485077,0.1834813803434372,0.1126711189437844,-0.023289178962090346,0.11267111894378441,-0.02328917896209033,0.11267111894378438,-0.023289178962090318,0.1126711189437844,-0.023289178962090346,0.1126711189437844,-0.023289178962090346,0.11267111747606401,-0.023289177007059028,0.10127279862633498,-0.03797729948487562,
lewidi_armis,qwen,0,GPP-laplace,4,16,0.6916766203456401,0.20454766674808839,0.37825427754171964,0.45925037322366674,0.5793103448275863,0.5793103448275863,0.43924933671951294,0.2518042325973511,-0.1680542698543196,0.14936323266033047,-0.16805426985431962,0.14936323266033047,-0.1680542698543196,0.14936323266033041,-0.16805426985431965,0.14936323266033047,-0.16805426985431965,0.14936323266033047,-0.16805427115057994,0.1493632358802525,-0.1590940924366411,0.14882995744072877,
lewidi_armis,qwen,0,LPE,4,16,0.7497470734151335,0.2124727170998922,0.3722394423238162,0.383774931866732,0.5379310344827586,0.5379310344827586,0.44708120822906494,0.13610143959522247,0.16934534254673056,0.03563532534760003,0.16934534254673062,0.03563532534760005,0.16934534254673056,0.035635325347600014,0.16934534254673062,0.03563532534760005,0.16934534254673062,0.03563532534760005,0.16934534285173328,0.03563532626733045,0.14472430344236387,0.037635161651678545,
lewidi_armis,qwen,0,LP-temp,4,16,0.6926503671677395,0.20330442420935113,0.37469129511920496,0.44661082617882414,0.5241379310344828,0.5241379310344828,0.6779477742110208,,0.15564584407668527,,0.15564584407668527,,0.15564584407668525,,0.1556458440766853,,0.1556458440766853,,0.15564584215257435,,0.06397977480785352,,
lewidi_armis,qwen,0,GPP-cosine,4,64,0.6713601054129742,0.1960767546647021,0.3611996594174155,0.4536247480735136,0.5862068965517241,0.5862068965517241,0.6757000684738159,0.009727898985147476,-0.025113707408009493,-0.08797431961505345,-0.025113707408009486,-0.08797431961505345,-0.025113707408009493,-0.08797431961505342,-0.025113707408009486,-0.08797431961505345,-0.025113707408009486,-0.08797431961505345,-0.025113709008767717,-0.08797432035257696,0.052347088479152884,-0.0827973556336928,
lewidi_armis,qwen,0,GPP-rbf,4,64,0.710215018363751,0.20333189510415214,0.36513995569327784,0.419870464377083,0.6,0.6,0.4724651575088501,0.15448994934558868,0.01854760444884461,-0.04061844749731999,0.018547604448844603,-0.04061844749731999,0.018547604448844617,-0.04061844749731997,0.018547604448844603,-0.04061844749731999,0.018547604448844603,-0.04061844749731999,0.018547606008438786,-0.040618445635624625,0.024291786156992515,-0.04447791831562009,
lewidi_armis,qwen,0,GPP-laplace,4,64,0.6910756729703833,0.20298600809813688,0.37232007723430105,0.4479651895420547,0.5862068965517241,0.5862068965517241,0.43352293968200684,0.24621129035949707,-0.14703638859739482,0.03614405696935953,-0.1470363885973948,0.036144056969359545,-0.1470363885973948,0.03614405696935954,-0.14703638859739482,0.03614405696935953,-0.14703638859739482,0.03614405696935953,-0.14703638723620985,0.0361440613736737,-0.13651299544563397,0.05679488031071489,
lewidi_armis,qwen,0,LPE,4,64,0.8313664829515438,0.22435596527547236,0.376823255255144,0.39271285805149936,0.5655172413793104,0.5655172413793104,0.39802712202072144,0.11679316312074661,-0.022075930931953952,-0.1562619610793245,-0.02207593093195396,-0.1562619610793245,-0.022075930931953966,-0.1562619610793245,-0.022075930931953952,-0.15626196107932452,-0.022075930931953952,-0.15626196107932452,-0.022075927523233896,-0.15626196066598738,-0.008211307996729863,-0.1283016874489041,
lewidi_armis,qwen,0,LP-temp,4,64,0.699309769839186,0.20228413907258164,0.37003755829730617,0.4322192955415351,0.5586206896551724,0.5586206896551724,0.6451505535170152,,-0.04584937377082037,,-0.045849373770820365,,-0.045849373770820365,,-0.045849373770820365,,-0.045849373770820365,,-0.04584937172562337,,-0.03352950765331361,,
lewidi_armis,qwen,0,GPP-cosine,4,256,0.6612664281833741,0.19069911100660786,0.35069744062834773,0.441514241790288,0.6137931034482759,0.6137931034482759,0.6639625430107117,0.006994855124503374,-0.09844714240235494,-0.08728602917236018,-0.09844714240235494,-0.0872860291723602,-0.09844714240235493,-0.08728602917236018,-0.09844714240235493,-0.0872860291723602,-0.09844714240235493,-0.0872860291723602,-0.0984471489592591,-0.08728603055643093,-0.07150680713818923,-0.09271935279640806,
lewidi_armis,qwen,0,GPP-rbf,4,256,0.7620657404495146,0.20983642561526836,0.36793036277823404,0.40716092947626786,0.5862068965517241,0.5862068965517241,0.4344930648803711,0.11941812187433243,-0.06365654651725217,-0.08236508588034694,-0.06365654651725215,-0.08236508588034694,-0.06365654651725215,-0.08236508588034694,-0.06365654651725217,-0.08236508588034697,-0.06365654651725217,-0.08236508588034697,-0.06365654887514985,-0.08236508652000901,-0.037293023818481465,-0.0797181151349191,
lewidi_armis,qwen,0,GPP-laplace,4,256,0.7063100999737226,0.20511388685120008,0.369556737768239,0.4285204939314905,0.5862068965517241,0.5862068965517241,0.415587842464447,0.23367851972579956,-0.11672181339510375,-0.052927355644994914,-0.11672181339510375,-0.05292735564499493,-0.11672181339510375,-0.05292735564499493,-0.11672181339510376,-0.05292735564499493,-0.11672181339510376,-0.05292735564499493,-0.11672181148104684,-0.052927352336366404,-0.10606272829109407,-0.034898058986101925,
lewidi_armis,qwen,0,LPE,4,256,0.9151422881352699,0.23395619080698568,0.38433562857821457,0.38097956131392063,0.5586206896551724,0.5586206896551724,0.23315086960792542,0.2286086231470108,-0.09595905409741583,-0.03408158574906497,-0.09595905409741581,-0.034081585749064974,-0.09595905409741579,-0.03408158574906496,-0.09595905409741584,-0.034081585749064974,-0.09595905409741584,-0.034081585749064974,-0.09595905504705983,-0.03408158864100172,-0.08998225013083141,-0.03900371298446685,
lewidi_armis,qwen,0,LP-temp,4,256,0.6883879815585868,0.20346975792453947,0.37570560013002713,0.4607124410915208,0.5517241379310345,0.5517241379310345,0.6925156634209759,,-0.06465317388741448,,-0.06465317388741448,,-0.06465317388741448,,-0.0646531738874145,,-0.0646531738874145,,-0.0646531743099994,,-0.0020528269991824657,,
lewidi_armis,qwen,10,GPP-cosine,0,16,1.0995948281630072,0.2890225862747002,0.43667512229033584,0.3275189788517229,0.5172413793103449,0.5172413793103449,0.33880895376205444,0.010768418200314045,-0.008198114079542112,-0.017268975062588045,-0.008198114079542127,-0.01726897506258806,-0.008198114079542115,-0.01726897506258804,-0.00819811407954212,-0.01726897506258807,-0.00819811407954212,-0.01726897506258807,-0.008198112691274377,-0.017268975905378077,0.00581634316435032,-0.0010264134995912329,
lewidi_armis,qwen,10,GPP-rbf,0,16,0.7042268218726153,0.20416607694241676,0.36709971093925936,0.42537661395747906,0.5517241379310345,0.5517241379310345,0.4705333709716797,0.17709292471408844,-0.04319391132718951,-0.11373446113818789,-0.04319391132718951,-0.11373446113818786,-0.043193911327189534,-0.11373446113818786,-0.0431939113271895,-0.11373446113818789,-0.0431939113271895,-0.11373446113818789,-0.04319390781105674,-0.1137344598640581,-0.010606272829109408,-0.10845769312347361,
lewidi_armis,qwen,10,GPP-laplace,0,16,0.6906206265965659,0.20394160264752642,0.3763724916967852,0.4573397342583115,0.5586206896551724,0.5586206896551724,0.4380633234977722,0.25107964873313904,-0.19488663559991015,0.10508105201126361,-0.19488663559991024,0.10508105201126362,-0.19488663559991015,0.10508105201126362,-0.1948866355999102,0.10508105201126361,-0.1948866355999102,0.10508105201126361,-0.19488663671568673,0.10508105496511323,-0.17277977579666562,0.09956210946034959,
lewidi_armis,qwen,10,LPE,0,16,0.8067625218395642,0.221927797657462,0.3782148748764704,0.38029389021223975,0.5586206896551724,0.5586206896551724,0.4262182116508484,0.10318049788475037,-0.0009143541729255342,-0.05185552066759139,-0.0009143541729255134,-0.051855520667591366,-0.0009143541729255272,-0.05185552066759139,-0.0009143541729255342,-0.05185552066759135,-0.0009143541729255342,-0.05185552066759135,-0.0009143508955241908,-0.051855521422584615,-0.003421378331970777,-0.11085265795585315,
lewidi_armis,qwen,10,LP-temp,0,16,0.6887448549426501,0.2014627720699905,0.3710951413655,0.44467865023145686,0.5517241379310345,0.5517241379310345,0.6752867955531757,,-0.014931193371336422,,-0.014931193371336443,,-0.014931193371336415,,-0.01493119337133645,,-0.01493119337133645,,-0.01493119196401916,,-0.009237721496321096,,
lewidi_armis,qwen,10,GPP-cosine,0,64,0.688321178179027,0.20000336389032897,0.3692576847713569,0.4483821281067523,0.5655172413793104,0.5655172413793104,0.659648597240448,0.009579493664205074,-0.03498610712118669,-0.012466440019082141,-0.03498610712118669,-0.012466440019082134,-0.034986107121186695,-0.012466440019082134,-0.03498610712118669,-0.012466440019082141,-0.03498610712118669,-0.012466440019082141,-0.03498610666175586,-0.012466439779133844,0.026686750989372055,-0.011974824161897718,
lewidi_armis,qwen,10,GPP-rbf,0,64,0.6483346294777732,0.18116695524276294,0.3376066879979495,0.42114771674251067,0.6206896551724138,0.6206896551724138,0.4779036343097687,0.15220250189304352,0.005718452964334101,-0.09735291788903767,0.005718452964334111,-0.09735291788903769,0.005718452964334118,-0.09735291788903766,0.0057184529643341045,-0.09735291788903769,0.0057184529643341045,-0.09735291788903769,0.005718452928611093,-0.09735291782523467,0.006842756663941554,-0.09750928246116712,
lewidi_armis,qwen,10,GPP-laplace,0,64,0.6812054558506098,0.1994035119673997,0.36777816692302967,0.4495319829892199,0.5724137931034483,0.5724137931034483,0.43442627787590027,0.24690893292427063,-0.21390646438712513,-0.0007977533593802044,-0.21390646438712513,-0.0007977533593802044,-0.21390646438712513,-0.0007977533593802044,-0.21390646438712513,-0.0007977533593802322,-0.21390646438712513,-0.0007977533593802322,-0.21390646424812768,-0.0007977501017512184,-0.19399215142274304,0.01608047816026265,
lewidi_armis,qwen,10,LPE,0,64,0.6767180585589643,0.1789683791877423,0.330391982538176,0.3929186191480484,0.6413793103448275,0.6413793103448275,0.42770373821258545,0.11073121428489685,-0.006642070522602579,-0.13098525763176266,-0.006642070522602593,-0.13098525763176266,-0.006642070522602579,-0.13098525763176264,-0.006642070522602586,-0.13098525763176266,-0.006642070522602586,-0.13098525763176266,-0.006642071212865315,-0.13098526055875712,-0.008553445829926941,-0.12453817128373627,
lewidi_armis,qwen,10,LP-temp,0,64,0.6523333829346445,0.1866263803993768,0.34640129180399315,0.436973363680708,0.6551724137931034,0.6551724137931034,0.6671064632745822,,-0.021526177491476336,,-0.021526177491476336,,-0.021526177491476336,,-0.021526177491476346,,-0.021526177491476346,,-0.021526177273256227,,-0.06876970447261262,,
lewidi_armis,qwen,10,GPP-cosine,0,256,0.7521157352969939,0.20861442186658605,0.36124855526562394,0.36881209126072056,0.5586206896551724,0.5586206896551724,0.5293728709220886,0.005579747725278139,0.0987471498605533,0.020765746460479156,0.0987471498605533,0.020765746460479156,0.09874714986055329,0.020765746460479163,0.0987471498605533,0.020765746460479163,0.0987471498605533,0.020765746460479163,0.09874715337173742,0.020765747099847097,0.020186132158627582,-0.004447791831562009,
lewidi_armis,qwen,10,GPP-rbf,0,256,0.702935139047678,0.18510872478710486,0.33036452215807194,0.37701233978982795,0.6689655172413793,0.6689655172413793,0.428690642118454,0.10742460936307907,0.0909045599309856,-0.021889627414555753,0.0909045599309856,-0.021889627414555794,0.0909045599309856,-0.02188962741455578,0.0909045599309856,-0.021889627414555773,0.0909045599309856,-0.021889627414555773,0.09090456191823958,-0.02188962608700266,0.08382376913328403,-0.007869170163532786,
lewidi_armis,qwen,10,GPP-laplace,0,256,0.703193668847423,0.20210852227468465,0.3617929752530723,0.41679152710332823,0.5724137931034483,0.5724137931034483,0.4060574769973755,0.2280479222536087,-0.07763707211539868,-0.031065961475620477,-0.07763707211539869,-0.031065961475620463,-0.07763707211539866,-0.031065961475620463,-0.07763707211539869,-0.03106596147562045,-0.07763707211539869,-0.03106596147562045,-0.07763706974645394,-0.031065958073116642,-0.07390177197056877,-0.023949648323795435,
lewidi_armis,qwen,10,LPE,0,256,0.8002955818898023,0.1979651998180248,0.3342274988937224,0.3533979435910123,0.6758620689655173,0.6758620689655173,0.27766600251197815,0.16954222321510315,0.08273331508735574,-0.04313062701258594,0.08273331508735574,-0.04313062701258592,0.08273331508735574,-0.043130627012585916,0.08273331508735574,-0.04313062701258594,0.08273331508735574,-0.04313062701258594,0.08273331775157637,-0.043130624824010706,0.07629673680294831,-0.03318736982011653,
lewidi_armis,qwen,10,LP-temp,0,256,0.6458198431610614,0.1821634363160449,0.3408740546745374,0.42587742223490255,0.6413793103448275,0.6413793103448275,0.6482072093209928,,0.05717517134788418,,0.05717517134788419,,0.05717517134788419,,0.05717517134788418,,0.05717517134788418,,0.05717517466256992,,0.03866157515126977,,
lewidi_armis,qwen,10,GPP-cosine,1,16,1.2096898645785468,0.3024422465232438,0.4365552418383545,0.3018573049280848,0.5310344827586206,0.5310344827586206,0.2756849229335785,0.008495783433318138,0.12320561003657486,-0.006401534314474291,0.12320561003657485,-0.006401534314474305,0.12320561003657486,-0.006401534314474301,0.12320561003657486,-0.0064015343144743116,0.12320561003657486,-0.0064015343144743116,0.12320561115791351,-0.006401535201606086,0.10879983095667069,0.05029426147997041,
lewidi_armis,qwen,10,GPP-rbf,1,16,0.6813889628965369,0.19962945143856037,0.36866421411777367,0.4511653670492843,0.5655172413793104,0.5655172413793104,0.4986472427845001,0.1843213140964508,0.1024729240858412,-0.052912181734591585,0.10247292408584123,-0.052912181734591585,0.10247292408584122,-0.05291218173459157,0.10247292408584122,-0.0529121817345916,0.10247292408584122,-0.0529121817345916,0.1024729226451779,-0.05291218039298709,0.0934036284628022,-0.06021625864268566,
lewidi_armis,qwen,10,GPP-laplace,1,16,0.6917202751152163,0.20479287462274262,0.37860246259590674,0.46105759976473903,0.5241379310344828,0.5241379310344828,0.44051408767700195,0.2523466944694519,-0.16653452828856635,0.15570730516316167,-0.1665345282885663,0.15570730516316167,-0.1665345282885663,0.1557073051631616,-0.1665345282885663,0.1557073051631617,-0.1665345282885663,0.1557073051631617,-0.16653453050419015,0.15570730753369366,-0.16422615993459727,0.15464630060507908,
lewidi_armis,qwen,10,LPE,1,16,0.6936198277920356,0.2024085938529781,0.367163205712006,0.4376792852763558,0.5517241379310345,0.5517241379310345,0.4897366166114807,0.17620907723903656,0.06864619058861963,-0.0625806611368548,0.0686461905886196,-0.06258066113685479,0.06864619058861965,-0.06258066113685479,0.06864619058861962,-0.06258066113685479,0.06864619058861962,-0.06258066113685479,0.06864619283239376,-0.06258066347343877,0.06705901530662722,-0.0718489449713863,
lewidi_armis,qwen,10,LP-temp,1,16,0.6923872914836844,0.20508809193477903,0.37900608414741027,0.4613284699078843,0.5517241379310345,0.5517241379310345,0.6931316922373395,,0.02583820420703853,,0.025838204207038536,,0.025838204207038536,,0.02583820420703854,,0.02583820420703854,,0.025838205055760052,,-0.057479155977109044,,
lewidi_armis,qwen,10,GPP-cosine,1,64,0.7027462947136328,0.19982944618202622,0.3567520170376219,0.3982348548360471,0.5379310344827586,0.5379310344827586,0.5995718240737915,0.009417256340384483,0.017117391327209627,0.01881595511290425,0.017117391327209637,0.018815955112904265,0.01711739132720963,0.018815955112904258,0.017117391327209637,0.01881595511290425,0.017117391327209637,0.01881595511290425,0.017117391602520644,0.018815954729088633,-0.09100866363042266,-0.037635198688382616,
lewidi_armis,qwen,10,GPP-rbf,1,64,0.6856874496052602,0.19165072396351288,0.34273847780864813,0.4105277783230431,0.5793103448275863,0.5793103448275863,0.4622897505760193,0.14408241212368011,0.020344882581092558,-0.07471614843136215,0.02034488258109253,-0.07471614843136215,0.020344882581092537,-0.07471614843136216,0.020344882581092544,-0.07471614843136214,0.020344882581092544,-0.07471614843136214,0.02034488509516324,-0.07471614649626769,0.08450804479967818,-0.06979611797220385,
lewidi_armis,qwen,10,GPP-laplace,1,64,0.691336184143819,0.20136432041965763,0.364801817721334,0.43445616157568173,0.5793103448275863,0.5793103448275863,0.42399609088897705,0.24086596071720123,-0.147235943805412,-0.026658034322717572,-0.147235943805412,-0.026658034322717593,-0.147235943805412,-0.026658034322717593,-0.14723594380541202,-0.026658034322717593,-0.14723594380541202,-0.026658034322717593,-0.14723594257496528,-0.0266580310322551,-0.1283016874489041,-0.008895583663124018,
lewidi_armis,qwen,10,LPE,1,64,0.7366075138005039,0.19592275758883293,0.33990010616594346,0.3819132312017139,0.6413793103448275,0.6413793103448275,0.4186062514781952,0.10598469525575638,-0.004607175455967144,0.032712284835972355,-0.004607175455967116,0.03271228483597235,-0.004607175455967144,0.03271228483597233,-0.00460717545596713,0.032712284835972355,-0.00460717545596713,0.032712284835972355,-0.0046071714061594465,0.032712284518064544,0.008211307996729863,0.017449029493050962,
lewidi_armis,qwen,10,LP-temp,1,64,0.6662452694458134,0.19371549228627533,0.360773116132099,0.4517144861072354,0.6413793103448275,0.6413793103448275,0.6834095376258444,,-0.006122501013603135,,-0.006122501013603121,,-0.006122501013603121,,-0.006122501013603135,,-0.006122501013603135,,-0.0061224966558226235,,0.03284523198691945,,
lewidi_armis,qwen,10,GPP-cosine,1,256,0.7947050902422502,0.22121085708504284,0.37922697699476227,0.3821281292788481,0.5310344827586206,0.5310344827586206,0.5387808680534363,0.0052200439386069775,0.01783133434296357,-0.051572940088908774,0.017831334342963585,-0.05157294008890877,0.01783133434296358,-0.05157294008890876,0.017831334342963582,-0.051572940088908774,0.017831334342963582,-0.051572940088908774,0.017831335771806334,-0.05157293925087224,0.007527032330335708,0.0023949648323795436,
lewidi_armis,qwen,10,GPP-rbf,1,256,0.68276922399478,0.1845797260108508,0.3360407772249189,0.4034571631608823,0.6482758620689655,0.6482758620689655,0.45508474111557007,0.11343386769294739,-0.02091356644834469,-0.09221803904190437,-0.020913566448344703,-0.09221803904190437,-0.020913566448344717,-0.09221803904190437,-0.020913566448344703,-0.09221803904190438,-0.020913566448344703,-0.09221803904190438,-0.0209135683135607,-0.09221803905202634,-0.03010812932134283,-0.08621873396566357,
lewidi_armis,qwen,10,GPP-laplace,1,256,0.6805305514599813,0.19786638855369126,0.36222217720130395,0.43937832819019307,0.5862068965517241,0.5862068965517241,0.42892777919769287,0.24119646847248077,-0.18716984495284034,-0.06274548300110405,-0.1871698449528403,-0.06274548300110405,-0.1871698449528403,-0.06274548300110405,-0.18716984495284036,-0.06274548300110407,-0.18716984495284036,-0.06274548300110407,-0.18716984439071085,-0.0627454802730106,-0.20220345941947288,-0.042082953483240544,
lewidi_armis,qwen,10,LPE,1,256,0.8033977010315217,0.19987878726456035,0.33808502411522,0.37215835689361443,0.6758620689655173,0.6758620689655173,0.27284157276153564,0.1967078447341919,-0.010324195244509643,-0.028302316284265647,-0.010324195244509615,-0.028302316284265612,-0.010324195244509615,-0.02830231628426564,-0.010324195244509629,-0.02830231628426564,-0.010324195244509629,-0.02830231628426564,-0.010324197097177454,-0.02830231537262091,-0.010606272829109408,-0.026686750989372055,
lewidi_armis,qwen,10,LP-temp,1,256,0.6636425726935441,0.19198899755497004,0.35442781191859857,0.4449279297960696,0.6275862068965518,0.6275862068965518,0.6754024481156985,,-0.003133601514042794,,-0.0031336015140427803,,-0.003133601514042801,,-0.003133601514042794,,-0.003133601514042794,,-0.0031336003995730416,,0.029081715821751602,,
lewidi_armis,qwen,10,GPP-cosine,2,16,1.6618997002533735,0.35918510769216316,0.4675019823335882,0.27355937215165854,0.5172413793103449,0.5172413793103449,0.1500934660434723,0.005001931916922331,0.0029500080927897295,-0.01092821693563208,0.0029500080927897434,-0.010928216935632094,0.0029500080927897278,-0.01092821693563209,0.0029500080927897365,-0.01092821693563208,0.0029500080927897365,-0.01092821693563208,0.002950005459897922,-0.010928219423518834,0.10674700395748822,0.07321749630417461,
lewidi_armis,qwen,10,GPP-rbf,2,16,0.7561342790920836,0.21245522136613043,0.37022672912170146,0.38655663919394867,0.5655172413793104,0.5655172413793104,0.4056941866874695,0.1612153947353363,0.10944657258020879,-0.025807574958974858,0.1094465725802088,-0.025807574958974885,0.10944657258020879,-0.025807574958974858,0.10944657258020879,-0.025807574958974858,0.10944657258020879,-0.025807574958974858,0.10944657216974543,-0.025807574432245434,0.08142880430090449,-0.020186132158627582,
lewidi_armis,qwen,10,GPP-laplace,2,16,0.6880874829264705,0.20240319233091023,0.3723722761047297,0.4525438804421458,0.5724137931034483,0.5724137931034483,0.4348706603050232,0.24947646260261536,-0.17792776256168064,0.08466551757256623,-0.1779277625616806,0.08466551757256624,-0.1779277625616806,0.08466551757256621,-0.17792776256168064,0.08466551757256625,-0.17792776256168064,0.08466551757256625,-0.17792776380795045,0.08466552030256505,-0.15772554110385278,0.08177094213410155,
lewidi_armis,qwen,10,LPE,2,16,0.9339076471766985,0.24263880369859975,0.3861256431049571,0.32502368023734385,0.5655172413793104,0.5655172413793104,0.32661858201026917,0.0837777629494667,0.1623203644121302,0.12583313973488913,0.16232036441213019,0.12583313973488916,0.1623203644121302,0.1258331397348891,0.1623203644121302,0.12583313973488913,0.1623203644121302,0.12583313973488913,0.16232036407892458,0.1258331410546944,0.15806767893704987,0.1395922359444077,
lewidi_armis,qwen,10,LP-temp,2,16,0.6848313103497403,0.19815153402345628,0.3600465746410551,0.4303837193352959,0.5655172413793104,0.5655172413793104,0.6614949599946192,,0.18953749015935534,,0.18953749015935534,,0.18953749015935534,,0.18953749015935534,,0.18953749015935534,,0.1895374907363711,,0.19843994325430503,,
lewidi_armis,qwen,10,GPP-cosine,2,64,0.7673934183390223,0.21313615749700732,0.36951397133465247,0.3721092730607141,0.5586206896551724,0.5586206896551724,0.5235055088996887,0.00649798009544611,0.04225494567647559,0.10094983961759219,0.04225494567647561,0.1009498396175922,0.042254945676475586,0.1009498396175922,0.04225494567647561,0.10094983961759219,0.04225494567647561,0.10094983961759219,0.042254946902962984,0.10094983977222363,-0.05645274247751781,-0.022238959157810045,
lewidi_armis,qwen,10,GPP-rbf,2,64,0.8017427896046101,0.21999683564415945,0.37466827309850986,0.3798290949536568,0.5724137931034483,0.5724137931034483,0.39387500286102295,0.11747930943965912,-0.03384576035054773,-0.09164787128422373,-0.033845760350547746,-0.09164787128422376,-0.03384576035054773,-0.09164787128422372,-0.03384576035054776,-0.09164787128422375,-0.03384576035054776,-0.09164787128422375,-0.033845759252796676,-0.09164787125593485,-0.048925710147182104,-0.09100866363042266,
lewidi_armis,qwen,10,GPP-laplace,2,64,0.7053323682967267,0.203827933186734,0.3625284108622321,0.417755500002466,0.5724137931034483,0.5724137931034483,0.40864619612693787,0.23153673112392426,-0.13806911760084783,-0.058069706333705506,-0.13806911760084783,-0.058069706333705486,-0.1380691176008478,-0.058069706333705506,-0.13806911760084783,-0.0580697063337055,-0.13806911760084783,-0.0580697063337055,-0.13806911726256632,-0.05806970452636587,-0.13719727111202812,-0.060558396475882736,
lewidi_armis,qwen,10,LPE,2,64,0.9668753734585862,0.24435139372824413,0.38535716008266496,0.34657518296412904,0.5655172413793104,0.5655172413793104,0.32535675168037415,0.06810993701219559,-0.00409303381683951,-0.11481665026037097,-0.004093033816839519,-0.11481665026037097,-0.004093033816839521,-0.11481665026037094,-0.004093033816839512,-0.11481665026037098,-0.004093033816839512,-0.11481665026037098,-0.0040930340629167445,-0.11481665103615388,-0.0065006188307444755,-0.05029426147997041,
lewidi_armis,qwen,10,LP-temp,2,64,0.7165278867457512,0.2017769055541217,0.35700918713660185,0.4019430572338702,0.5724137931034483,0.5724137931034483,0.5946731495450789,,0.008645099787133834,,0.008645099787133837,,0.008645099787133837,,0.008645099787133827,,0.008645099787133827,,0.00864509942390312,,-0.01026413499591233,,
lewidi_armis,qwen,10,GPP-cosine,2,256,0.6584499285444683,0.18218646415961767,0.3337843409675206,0.4002369342264211,0.593103448275862,0.593103448275862,0.6025793552398682,0.00475194351747632,0.07569306429689457,-0.005045486858940556,0.07569306429689455,-0.0050454868589405455,0.07569306429689455,-0.005045486858940549,0.07569306429689457,-0.0050454868589405455,0.07569306429689457,-0.0050454868589405455,0.07569306549435956,-0.005045486235345908,0.008211307996729863,0.009579859329518174,
lewidi_armis,qwen,10,GPP-rbf,2,256,0.6555242105333662,0.17210551324229958,0.3145980785600841,0.3776786696122943,0.6689655172413793,0.6689655172413793,0.4379937946796417,0.10805142670869827,0.11683501013051548,-0.02180448458701113,0.11683501013051545,-0.02180448458701113,0.11683501013051545,-0.021804484587011112,0.11683501013051549,-0.021804484587011133,0.11683501013051549,-0.021804484587011133,0.11683501056788265,-0.021804484128590502,0.10982624445626192,-0.012659099828291873,
lewidi_armis,qwen,10,GPP-laplace,2,256,0.6799922251415943,0.19630260394800636,0.35597062871373936,0.4284817905920872,0.5793103448275863,0.5793103448275863,0.42133834958076477,0.23665477335453033,-0.10143610048098693,-0.03096134851547533,-0.10143610048098692,-0.030961348515475356,-0.10143610048098692,-0.03096134851547533,-0.10143610048098695,-0.030961348515475356,-0.10143610048098695,-0.030961348515475356,-0.10143610110712711,-0.030961347238192133,-0.1532777492722908,-0.04789929664759087,
lewidi_armis,qwen,10,LPE,2,256,0.7289590963245403,0.17823562115619437,0.3122723119609371,0.3480619910604683,0.6689655172413793,0.6689655172413793,0.2790548503398895,0.18041953444480896,0.1297057375494014,0.0022703333234962778,0.1297057375494014,0.0022703333234962743,0.12970573754940137,0.0022703333234962587,0.1297057375494014,0.0022703333234962778,0.1297057375494014,0.0022703333234962778,0.1297057388082608,0.002270335070598586,0.13377589278005736,-0.002737102665576621,
lewidi_armis,qwen,10,LP-temp,2,256,0.6251801855495972,0.17186228495115227,0.32535374519329785,0.41323573293424903,0.6413793103448275,0.6413793103448275,0.6225993696097459,,0.05078546473348999,,0.05078546473348997,,0.05078546473349,,0.05078546473349001,,0.05078546473349001,,0.050785465166987245,,0.05337350197874411,,
lewidi_armis,qwen,10,GPP-cosine,3,16,0.6900112106342147,0.19856159096769962,0.3629493638423496,0.43789431255665345,0.5724137931034483,0.5724137931034483,0.6437879800796509,0.013319934718310833,0.026195502566331297,0.0390098545470009,0.02619550256633131,0.0390098545470009,0.026195502566331304,0.039009854547000886,0.02619550256633131,0.0390098545470009,0.02619550256633131,0.0390098545470009,0.026195503644151963,0.039009856692822795,-0.01915971865903635,-0.027371026655766215,
lewidi_armis,qwen,10,GPP-rbf,3,16,0.701248738228565,0.20175282896433996,0.3645265937879168,0.4209233584335686,0.5655172413793104,0.5655172413793104,0.46108508110046387,0.17792758345603943,0.03683976617530094,-0.08428736321287017,0.03683976617530094,-0.08428736321287013,0.036839766175300936,-0.08428736321287013,0.03683976617530094,-0.08428736321287018,0.03683976617530094,-0.08428736321287018,0.036839766928363105,-0.08428736216248821,0.04174081565004347,-0.08964011229763434,
lewidi_armis,qwen,10,GPP-laplace,3,16,0.689395590208404,0.2037257300220329,0.37706337427270825,0.4597918565631158,0.5724137931034483,0.5724137931034483,0.43950411677360535,0.2520909905433655,-0.17803412339085178,0.1416240191103295,-0.17803412339085178,0.1416240191103295,-0.17803412339085178,0.14162401911032954,-0.1780341233908518,0.1416240191103295,-0.1780341233908518,0.1416240191103295,-0.17803412520178052,0.14162402180651532,-0.17791167326248036,0.14027651161080182,
lewidi_armis,qwen,10,LPE,3,16,0.7420563546769569,0.20686224802462128,0.36755077520321155,0.3919234109915797,0.5655172413793104,0.5655172413793104,0.48003339767456055,0.09655404090881348,0.08260590914458787,-0.027643525477885622,0.08260590914458789,-0.027643525477885622,0.08260590914458787,-0.027643525477885608,0.0826059091445879,-0.02764352547788563,0.0826059091445879,-0.02764352547788563,0.08260590754527271,-0.027643525612729848,0.0595319829762915,-0.024633923990189592,
lewidi_armis,qwen,10,LP-temp,3,16,0.6802336585810885,0.19836310932423545,0.3656821674750729,0.4452788278267388,0.5862068965517241,0.5862068965517241,0.6770530241479501,,0.07610895090940858,,0.07610895090940857,,0.07610895090940857,,0.07610895090940858,,0.07610895090940858,,0.07610894904329468,,0.012316961995094796,,
lewidi_armis,qwen,10,GPP-cosine,3,64,1.0610531522646398,0.280974460807802,0.42990733029256606,0.32257676521845635,0.5172413793103449,0.5172413793103449,0.36241766810417175,0.006309249438345432,0.14085993591111462,0.08025438567736552,0.14085993591111462,0.0802543856773655,0.1408599359111146,0.0802543856773655,0.1408599359111146,0.08025438567736551,0.1408599359111146,0.08025438567736551,0.14085993827746973,0.08025438560646553,0.017449029493050962,-0.014540872220511465,
lewidi_armis,qwen,10,GPP-rbf,3,64,0.741772478618032,0.20667542587432325,0.3664392221847485,0.3935310663874356,0.5724137931034483,0.5724137931034483,0.4267442226409912,0.13361245393753052,0.0065739597274237435,-0.07433883624116332,0.0065739597274237435,-0.0743388362411633,0.006573959727423737,-0.07433883624116333,0.0065739597274237435,-0.07433883624116333,0.0065739597274237435,-0.07433883624116333,0.006573958761577035,-0.07433883639587857,0.012659099828291873,-0.07492818547016,
lewidi_armis,qwen,10,GPP-laplace,3,64,0.7018578820555562,0.2032653595077959,0.3642858013510704,0.42297925322094554,0.5724137931034483,0.5724137931034483,0.41234925389289856,0.23400463163852692,-0.1412532072065001,-0.06456837973459062,-0.1412532072065001,-0.06456837973459062,-0.1412532072065001,-0.06456837973459059,-0.14125320720650011,-0.06456837973459062,-0.14125320720650011,-0.06456837973459062,-0.14125320713021472,-0.06456837803908254,-0.11803755245299179,-0.05132067497956165,
lewidi_armis,qwen,10,LPE,3,64,0.9158462347510072,0.23433930256228674,0.37785655039780097,0.34720024354288226,0.5586206896551724,0.5586206896551724,0.34467458724975586,0.0818689838051796,0.020959536025273173,0.04720159647837306,0.0209595360252732,0.047201596478373034,0.020959536025273166,0.04720159647837305,0.0209595360252732,0.04720159647837305,0.0209595360252732,0.04720159647837305,0.02095953564972746,0.047201598000567314,0.014027651161080184,0.03250309415372238,
lewidi_armis,qwen,10,LP-temp,3,64,0.7131515769292405,0.20075880780010788,0.3611856292223595,0.40438187635739725,0.5724137931034483,0.5724137931034483,0.5966794270333288,,0.027605970028988278,,0.027605970028988278,,0.02760597002898827,,0.027605970028988285,,0.027605970028988285,,0.027605970135298766,,0.015738340327065573,,
lewidi_armis,qwen,10,GPP-cosine,3,256,0.6807765775699374,0.19003539511348871,0.3469219628164112,0.4114810860039844,0.593103448275862,0.593103448275862,0.609273374080658,0.003918888512998819,-0.009710929452278395,0.02225742226823893,-0.009710929452278406,0.02225742226823893,-0.009710929452278388,0.02225742226823893,-0.009710929452278406,0.02225742226823893,-0.009710929452278406,0.02225742226823893,-0.009710928505260757,0.022257423491676295,-0.11940610378578011,-0.010948410662306484,
lewidi_armis,qwen,10,GPP-rbf,3,256,0.6454728279672702,0.16878806807407126,0.3093558007176837,0.37142255768775767,0.6551724137931034,0.6551724137931034,0.43423113226890564,0.1071593388915062,0.14046775016371554,0.025574676713368584,0.14046775016371557,0.025574676713368556,0.14046775016371554,0.025574676713368563,0.1404677501637156,0.02557467671336855,0.1404677501637156,0.02557467671336855,0.14046774867488832,0.025574676110732268,0.13377589278005736,0.03284523198691945,
lewidi_armis,qwen,10,GPP-laplace,3,256,0.696164238320884,0.19980741201148464,0.3583271306136559,0.4166877534884975,0.5724137931034483,0.5724137931034483,0.4070366322994232,0.228639617562294,-0.058567222911720104,-0.01628523087028244,-0.05856722291172006,-0.016285230870282427,-0.05856722291172008,-0.016285230870282427,-0.05856722291172008,-0.016285230870282427,-0.05856722291172008,-0.016285230870282427,-0.05856722316533787,-0.016285229719328415,-0.05679488031071489,-0.01915971865903635,
lewidi_armis,qwen,10,LPE,3,256,0.7388156069533564,0.1789836386021364,0.3128761610596296,0.3368383679893873,0.6551724137931034,0.6551724137931034,0.2853778600692749,0.1661350578069687,0.1464025911709934,0.06627860588364334,0.14640259117099344,0.06627860588364333,0.1464025911709934,0.06627860588364333,0.14640259117099347,0.06627860588364336,0.14640259117099347,0.06627860588364336,0.14640259075067538,0.0662786062014746,0.1313809279476778,0.05645274247751781,
lewidi_armis,qwen,10,LP-temp,3,256,0.6259623346095098,0.16790869259637872,0.3162791873390516,0.38707515115843893,0.6206896551724138,0.6206896551724138,0.5857582665264703,,0.14759820960498837,,0.14759820960498837,,0.14759820960498837,,0.14759820960498837,,0.14759820960498837,,0.14759820986974675,,0.14575071694195507,,
lewidi_armis,qwen,10,GPP-cosine,4,16,0.8851776713437999,0.24863899362864372,0.4124423417551764,0.36720636892693664,0.5241379310344828,0.5241379310344828,0.48002907633781433,0.01350090466439724,-0.06711713286731652,-0.009588728667226397,-0.06711713286731652,-0.009588728667226369,-0.06711713286731652,-0.00958872866722639,-0.0671171328673165,-0.009588728667226386,-0.0671171328673165,-0.009588728667226386,-0.06711713418632007,-0.009588729643056654,-0.04960998581357626,0.0020528269991824657,
lewidi_armis,qwen,10,GPP-rbf,4,16,0.6973543082297979,0.20401926946804624,0.37110786915853106,0.4381133853687622,0.5379310344827586,0.5379310344827586,0.48633116483688354,0.1812899112701416,0.04172172436362505,-0.061310121365476616,0.04172172436362505,-0.06131012136547663,0.04172172436362506,-0.061310121365476644,0.041721724363625035,-0.06131012136547664,0.041721724363625035,-0.06131012136547664,0.041721723552567105,-0.061310120921935704,0.04858357231398503,-0.06226908564186814,
lewidi_armis,qwen,10,GPP-laplace,4,16,0.6903682449136772,0.20412939104179117,0.3775143074578252,0.45996500526096534,0.5586206896551724,0.5586206896551724,0.439715176820755,0.25205305218696594,-0.17102254840118736,0.14981479095899672,-0.17102254840118736,0.14981479095899675,-0.1710225484011873,0.14981479095899672,-0.17102254840118736,0.14981479095899675,-0.17102254840118736,0.14981479095899675,-0.1710225502332281,0.14981479360639813,-0.176200984096495,0.1440400277759697,
lewidi_armis,qwen,10,LPE,4,16,0.7270819331235844,0.21062982818131828,0.3771371939058962,0.41877514447568837,0.5310344827586206,0.5310344827586206,0.5106161236763,0.12025859206914902,0.03644521848764089,-0.13318057626421254,0.0364452184876409,-0.13318057626421254,0.036445218487640915,-0.1331805762642125,0.0364452184876409,-0.13318057626421254,0.0364452184876409,-0.13318057626421254,0.036445218225715156,-0.13318057733089156,0.06808542880621844,-0.10674700395748822,
lewidi_armis,qwen,10,LP-temp,4,16,0.7467693812336351,0.21634175559192464,0.3829016123959283,0.41524393095702544,0.503448275862069,0.503448275862069,0.6213311889909683,,9.465059485901615e-05,,9.465059485900054e-05,,9.465059485900228e-05,,9.465059485901095e-05,,9.465059485901095e-05,,9.4649249666812e-05,,0.01915971865903635,,
lewidi_armis,qwen,10,GPP-cosine,4,64,0.9205111770154286,0.25528706932475775,0.41276140886134116,0.3557503471410411,0.5241379310344828,0.5241379310344828,0.4751024842262268,0.00701651256531477,0.08717274797171956,-0.016796875276829548,0.08717274797171957,-0.016796875276829548,0.08717274797171959,-0.01679687527682956,0.08717274797171956,-0.016796875276829545,0.08717274797171956,-0.016796875276829545,0.0871727475464542,-0.01679687640119791,0.06637473964023306,0.01471192682747434,
lewidi_armis,qwen,10,GPP-rbf,4,64,0.6686303134153194,0.18774438265860974,0.3435749484547253,0.41489628379415067,0.6068965517241379,0.6068965517241379,0.4815139174461365,0.14629638195037842,0.11936681285923047,-0.01574427622510787,0.11936681285923045,-0.015744276225107864,0.11936681285923045,-0.015744276225107844,0.11936681285923047,-0.01574427622510787,0.11936681285923047,-0.01574427622510787,0.11936681497584642,-0.015744274817906585,0.09682500679477297,-0.015738340327065573,
lewidi_armis,qwen,10,GPP-laplace,4,64,0.6836615802231311,0.19981164683504982,0.36682661925924237,0.4453055546618336,0.5793103448275863,0.5793103448275863,0.4320209324359894,0.24508783221244812,-0.11460089085935438,0.038002757511816636,-0.11460089085935439,0.03800275751181662,-0.11460089085935435,0.038002757511816636,-0.11460089085935439,0.03800275751181663,-0.11460089085935439,0.03800275751181663,-0.11460089033888708,0.03800276075190931,-0.11701113895340055,0.05337350197874411,
lewidi_armis,qwen,10,LPE,4,64,0.7321339025469691,0.1960650752145185,0.34319391156514656,0.3737989819107921,0.6068965517241379,0.6068965517241379,0.4292529225349426,0.11371036618947983,0.11222976576976602,0.048008948469283455,0.112229765769766,0.048008948469283455,0.112229765769766,0.04800894846928347,0.11222976576976602,0.048008948469283455,0.11222976576976602,0.048008948469283455,0.112229766759295,0.04800894853186033,0.0626112234750652,0.039345850817663924,
lewidi_armis,qwen,10,LP-temp,4,64,0.6612875663637569,0.19039235558223203,0.3532021518831246,0.4410668749225226,0.6344827586206897,0.6344827586206897,0.6716211356559687,,0.13137067947584602,,0.13137067947584602,,0.13137067947584602,,0.13137067947584602,,0.13137067947584602,,0.13137067911090572,,0.05542632897792658,,
lewidi_armis,qwen,10,GPP-cosine,4,256,0.6507842278562572,0.18232760595925795,0.33665771383344567,0.40824495629860474,0.593103448275862,0.593103448275862,0.6214709281921387,0.005492986645549536,0.059649283717045955,0.10949689871561247,0.05964928371704594,0.1094968987156125,0.05964928371704592,0.10949689871561245,0.059649283717045934,0.10949689871561248,0.059649283717045934,0.10949689871561248,0.05964928439225253,0.10949689754307895,-0.05850556947670028,-0.01026413499591233,
lewidi_armis,qwen,10,GPP-rbf,4,256,0.6536057701533439,0.17372839674187043,0.3249082977899575,0.3911405852791473,0.6482758620689655,0.6482758620689655,0.4482463002204895,0.11172619462013245,0.05878790964545105,-0.052414638559164055,0.05878790964545102,-0.052414638559164034,0.05878790964545104,-0.05241463855916404,0.05878790964545105,-0.05241463855916405,0.05878790964545105,-0.05241463855916405,0.05878791205196515,-0.05241463645391668,0.040372264317255165,-0.06090053430907982,
lewidi_armis,qwen,10,GPP-laplace,4,256,0.6824800904346363,0.19672411000141243,0.35752388120725237,0.42645250971283893,0.5793103448275863,0.5793103448275863,0.4182233214378357,0.23522086441516876,-0.10872375745688148,-0.04093136328855954,-0.1087237574568815,-0.04093136328855953,-0.1087237574568815,-0.04093136328855953,-0.1087237574568815,-0.04093136328855953,-0.1087237574568815,-0.04093136328855953,-0.10872375635965939,-0.0409313608024074,-0.13993437377760476,-0.05337350197874411,
lewidi_armis,qwen,10,LPE,4,256,0.7642198671423451,0.18930054646550906,0.32812096926098655,0.3472775587499513,0.6344827586206897,0.6344827586206897,0.2808532118797302,0.18842831254005432,0.1304813351864753,0.04463365254077039,0.1304813351864753,0.044633652540770424,0.1304813351864753,0.0446336525407704,0.1304813351864753,0.0446336525407704,0.1304813351864753,0.0446336525407704,0.1304813360392476,0.04463365280058462,0.13069665228128366,0.05166281281275873,
lewidi_armis,qwen,10,LP-temp,4,256,0.6538979109222443,0.1875696274462969,0.35239425391694285,0.44383983367489777,0.6137931034482759,0.6137931034482759,0.6714210918468305,,0.02947904218201646,,0.02947904218201647,,0.02947904218201646,,0.02947904218201647,,0.02947904218201647,,0.02947904368748764,,0.09511431762878758,,
lewidi_armis,qwen,19,GPP-cosine,0,16,1.1418808290489468,0.2934418538975826,0.43517422379347787,0.3188134018201797,0.5310344827586206,0.5310344827586206,0.3150133788585663,0.011636225506663322,0.027829093583585526,-0.021274737722219897,0.02782909358358552,-0.021274737722219883,0.027829093583585512,-0.021274737722219876,0.02782909358358549,-0.02127473772221989,0.02782909358358549,-0.02127473772221989,0.027829093561300103,-0.021274738183240723,0.020870407825021735,0.010948410662306484,
lewidi_armis,qwen,19,GPP-rbf,0,16,0.7035992955933662,0.20472132774891505,0.3674628254668466,0.4304942894408909,0.5586206896551724,0.5586206896551724,0.4805332124233246,0.17321904003620148,-0.017062756898762965,-0.08343364370014981,-0.017062756898762944,-0.0834336437001498,-0.01706275689876295,-0.0834336437001498,-0.01706275689876298,-0.08343364370014981,-0.01706275689876298,-0.08343364370014981,-0.017062755192781373,-0.08343364196206532,-0.011974824161897718,-0.07458604763696293,
lewidi_armis,qwen,19,GPP-laplace,0,16,0.690780941826065,0.20402007311192674,0.37696562604657535,0.45762078127847694,0.5655172413793104,0.5655172413793104,0.43833765387535095,0.25108635425567627,-0.19287777121563715,0.11370613366058933,-0.19287777121563712,0.1137061336605893,-0.19287777121563712,0.11370613366058929,-0.19287777121563715,0.11370613366058935,-0.19287777121563715,0.11370613366058935,-0.19287777176990484,0.11370613734741912,-0.17483243276370666,0.11461617412102101,
lewidi_armis,qwen,19,LPE,0,16,0.7584319963356249,0.21468795694668316,0.3740616227789172,0.4001123616651764,0.5586206896551724,0.5586206896551724,0.48716679215431213,0.09931731224060059,-0.030001170830846163,0.010118210484882664,-0.030001170830846136,0.010118210484882657,-0.03000117083084617,0.01011821048488265,-0.030001170830846163,0.010118210484882664,-0.030001170830846163,0.010118210484882664,-0.030001170604219127,0.010118210137965107,-0.007869170163532786,0.01471192682747434,
lewidi_armis,qwen,19,LP-temp,0,16,0.6922870414969613,0.20504772535075264,0.3789054002933652,0.4613099738405305,0.5448275862068965,0.5448275862068965,0.6931131961699856,,-0.04202652210857745,,-0.04202652210857747,,-0.04202652210857747,,-0.042026522108577456,,-0.042026522108577456,,-0.04202652342487565,,0.02326537265740128,,
lewidi_armis,qwen,19,GPP-cosine,0,64,0.679561911348245,0.1948657245483184,0.36245148542883066,0.4447229849174507,0.6,0.6,0.6457338929176331,0.014350328594446182,-0.0381362760692434,-0.04204457864839145,-0.03813627606924339,-0.042044578648391444,-0.0381362760692434,-0.04204457864839145,-0.038136276069243406,-0.042044578648391444,-0.038136276069243406,-0.042044578648391444,-0.038136275346002904,-0.04204457774547263,0.10879983095667069,-0.004447791831562009,
lewidi_armis,qwen,19,GPP-rbf,0,64,0.6593905719387758,0.18378708254948234,0.3429560990682964,0.4206566086461813,0.6206896551724138,0.6206896551724138,0.4751289188861847,0.14802388846874237,-0.008037929762039916,-0.08954320277942196,-0.008037929762039875,-0.08954320277942199,-0.008037929762039903,-0.08954320277942199,-0.008037929762039903,-0.08954320277942197,-0.008037929762039903,-0.08954320277942197,-0.008037929772336333,-0.0895432019484883,-0.0017106891659853885,-0.08553445829926941,
lewidi_armis,qwen,19,GPP-laplace,0,64,0.6801064066117924,0.199111727508851,0.36807256885643663,0.4509903959697197,0.5724137931034483,0.5724137931034483,0.43544334173202515,0.24735026061534882,-0.19984697525693593,0.013558230181749217,-0.19984697525693595,0.013558230181749238,-0.19984697525693593,0.013558230181749231,-0.19984697525693593,0.013558230181749217,-0.19984697525693593,0.013558230181749217,-0.19984697552695563,0.013558233799350006,-0.1885179460915898,0.014369788994277261,
lewidi_armis,qwen,19,LPE,0,64,0.7088875645195244,0.1862205531496527,0.33879541784268,0.38641880216717045,0.6137931034482759,0.6137931034482759,0.42760828137397766,0.10331913828849792,0.022252953499654227,-0.05161975304857546,0.022252953499654247,-0.05161975304857548,0.02225295349965424,-0.051619753048575454,0.022252953499654254,-0.05161975304857547,0.022252953499654254,-0.05161975304857547,0.0222529515086706,-0.05161975548558172,0.05132067497956165,-0.0612426721422769,
lewidi_armis,qwen,19,LP-temp,0,64,0.6613385189672498,0.19107778920266147,0.3562126462186542,0.4462864852546149,0.6275862068965518,0.6275862068965518,0.6778699292926899,,0.04608716128027568,,0.04608716128027567,,0.04608716128027568,,0.04608716128027569,,0.04608716128027569,,0.046087160580340805,,0.0383194373180727,,
lewidi_armis,qwen,19,GPP-cosine,0,256,0.720852053281502,0.19476272885521606,0.34308023047352465,0.3669945160414585,0.5793103448275863,0.5793103448275863,0.5147267580032349,0.0069899363443255424,0.08699400811053684,0.034080856949925055,0.08699400811053684,0.03408085694992505,0.08699400811053683,0.03408085694992506,0.08699400811053684,0.03408085694992505,0.08699400811053684,0.03408085694992505,0.08699400966624776,0.03408085705813359,0.04174081565004347,0.0018817599344191304,
lewidi_armis,qwen,19,GPP-rbf,0,256,0.6762945362108251,0.174647442895629,0.3239766989449232,0.3681806720021884,0.6482758620689655,0.6482758620689655,0.4201182723045349,0.1036459431052208,0.11189376994389655,-0.006510321981628708,0.1118937699438965,-0.006510321981628701,0.11189376994389652,-0.0065103219816286945,0.11189376994389652,-0.006510321981628701,0.11189376994389652,-0.006510321981628701,0.11189376876498469,-0.00651032227922721,0.1009306607931379,-0.00581634316435032,
lewidi_armis,qwen,19,GPP-laplace,0,256,0.6962292347180454,0.1996637076048665,0.35895474722673154,0.4159441869035508,0.5724137931034483,0.5724137931034483,0.40543895959854126,0.22762848436832428,-0.11955270737785281,-0.06291447286866335,-0.11955270737785284,-0.06291447286866339,-0.11955270737785281,-0.06291447286866336,-0.11955270737785284,-0.06291447286866336,-0.11955270737785284,-0.06291447286866336,-0.11955270626646748,-0.06291447038898822,-0.1313809279476778,-0.07629673680294831,
lewidi_armis,qwen,19,LPE,0,256,0.7634141516335371,0.18177934992765066,0.3211477496806765,0.3282615778480372,0.6413793103448275,0.6413793103448275,0.2768617272377014,0.16769829392433167,0.1667958301661648,0.09873048710574614,0.16679583016616484,0.09873048710574614,0.1667958301661648,0.09873048710574614,0.16679583016616484,0.09873048710574614,0.16679583016616484,0.09873048710574614,0.16679582838353701,0.09873048780187568,0.1604626437694294,0.09853569596075837,
lewidi_armis,qwen,19,LP-temp,0,256,0.6286581179458667,0.17485945207878192,0.3326940109247363,0.42212119461077097,0.6137931034482759,0.6137931034482759,0.6452648632941028,,0.16254955194559734,,0.16254955194559734,,0.1625495519455973,,0.16254955194559736,,0.16254955194559736,,0.16254955031711968,,0.18133305159445118,,
lewidi_armis,qwen,19,GPP-cosine,1,16,1.2111060728351914,0.3002551798115997,0.43446370584183724,0.29949362469229085,0.5310344827586206,0.5310344827586206,0.272784948348999,0.008655376732349396,0.11148223689312561,-0.0200717864425181,0.1114822368931256,-0.020071786442518086,0.11148223689312561,-0.020071786442518086,0.1114822368931256,-0.020071786442518086,0.1114822368931256,-0.020071786442518086,0.11148223680420197,-0.020071786528827594,0.0903243879640285,0.07013825580540091,
lewidi_armis,qwen,19,GPP-rbf,1,16,0.6723450958356421,0.19584794658467422,0.36207035569281415,0.44939395958281847,0.5586206896551724,0.5586206896551724,0.5009812712669373,0.17973114550113678,0.0885167234460652,-0.045082375267583456,0.0885167234460652,-0.04508237526758344,0.08851672344606519,-0.04508237526758344,0.0885167234460652,-0.04508237526758344,0.0885167234460652,-0.04508237526758344,0.0885167220877758,-0.045082374158232845,0.08450804479967818,-0.05645274247751781,
lewidi_armis,qwen,19,GPP-laplace,1,16,0.6917048440573367,0.2047917176790274,0.37837024783266004,0.4610583279213127,0.4827586206896552,0.4827586206896552,0.440570205450058,0.25229135155677795,-0.1603347582785692,0.16173052090353188,-0.16033475827856924,0.1617305209035319,-0.1603347582785692,0.16173052090353185,-0.16033475827856924,0.16173052090353188,-0.16033475827856924,0.16173052090353188,-0.16033476058835022,0.16173052316143732,-0.1608047816026265,0.16285760860180898,
lewidi_armis,qwen,19,LPE,1,16,0.6784103020778585,0.19610661061011586,0.3569131796216143,0.4334334053156648,0.5655172413793104,0.5655172413793104,0.4937978684902191,0.1680518090724945,0.1752346870255689,-0.07208835978591809,0.1752346870255689,-0.0720883597859181,0.17523468702556888,-0.07208835978591809,0.1752346870255689,-0.07208835978591807,0.1752346870255689,-0.07208835978591807,0.17523468653056118,-0.07208836156321176,0.13548658194604274,-0.022923234824204202,
lewidi_armis,qwen,19,LP-temp,1,16,0.6920223793023913,0.20494652615784043,0.37872825009950195,0.46132806483559446,0.5724137931034483,0.5724137931034483,0.6931312871650495,,0.0859667232072302,,0.08596672320723021,,0.0859667232072302,,0.08596672320723021,,0.08596672320723021,,0.08596672203090563,,0.1594362302698382,,
lewidi_armis,qwen,19,GPP-cosine,1,64,0.6982819721050968,0.19462489301911848,0.3489343062492794,0.3928524164576797,0.5724137931034483,0.5724137931034483,0.5715672969818115,0.012160009704530239,0.02283501133814844,0.019237861055970626,0.022835011338148446,0.019237861055970633,0.02283501133814843,0.019237861055970626,0.02283501133814845,0.019237861055970654,0.02283501133814845,0.019237861055970654,0.022835012631703046,0.019237861573422596,-0.04379364264922594,-0.03900371298446685,
lewidi_armis,qwen,19,GPP-rbf,1,64,0.6824121388257794,0.18984426897618215,0.337006197021953,0.4076969660794262,0.6344827586206897,0.6344827586206897,0.4593632221221924,0.13983982801437378,0.006885944476099935,-0.07187483047924004,0.0068859444760999144,-0.07187483047924004,0.006885944476099928,-0.07187483047924002,0.0068859444760999144,-0.07187483047924005,0.0068859444760999144,-0.07187483047924005,0.006885944137650736,-0.07187482939410272,0.003763516165167854,-0.07321749630417461,
lewidi_armis,qwen,19,GPP-laplace,1,64,0.6885208849223362,0.20038207849466932,0.3632313412838969,0.43447576003452654,0.5793103448275863,0.5793103448275863,0.42426228523254395,0.24097174406051636,-0.1810654847398796,-0.04665486150493614,-0.1810654847398796,-0.04665486150493615,-0.18106548473987955,-0.04665486150493614,-0.18106548473987963,-0.04665486150493617,-0.18106548473987963,-0.04665486150493617,-0.181065484385886,-0.04665485865307582,-0.14472430344236387,-0.034555921152904845,
lewidi_armis,qwen,19,LPE,1,64,0.7459521113229606,0.1964907917644239,0.33589929864452833,0.37739055350405964,0.6413793103448275,0.6413793103448275,0.4101128876209259,0.10067111253738403,0.014492946769536885,-0.02354771361988371,0.014492946769536892,-0.02354771361988372,0.014492946769536892,-0.02354771361988371,0.014492946769536892,-0.02354771361988372,0.014492946769536892,-0.02354771361988372,0.01449294700653745,-0.023547716321669604,-0.002737102665576621,-0.013685513327883108,
lewidi_armis,qwen,19,LP-temp,1,64,0.6587554888064313,0.19013652032181855,0.34991238443261913,0.44578319781540837,0.6413793103448275,0.6413793103448275,0.6761156267644104,,0.012452648403415152,,0.012452648403415145,,0.012452648403415159,,0.012452648403415145,,0.012452648403415145,,0.012452651076441001,,0.003079240498773699,,
lewidi_armis,qwen,19,GPP-cosine,1,256,0.7850611133176069,0.2133786186118,0.36768297901666114,0.37543519970486994,0.5517241379310345,0.5517241379310345,0.5250681042671204,0.006212735082954168,0.04104033446939827,-0.027250272187092823,0.04104033446939827,-0.02725027218709281,0.041040334469398275,-0.027250272187092823,0.04104033446939828,-0.02725027218709281,0.04104033446939828,-0.02725027218709281,0.04104033642133833,-0.02725027017452438,0.0006842756663941553,0.012659099828291873,
lewidi_armis,qwen,19,GPP-rbf,1,256,0.6388548482019283,0.169364050871835,0.31436974192359324,0.39055541586288506,0.6551724137931034,0.6551724137931034,0.45191922783851624,0.11052288115024567,0.0710880235782286,-0.033936922584181364,0.07108802357822859,-0.03393692258418135,0.07108802357822859,-0.03393692258418135,0.07108802357822863,-0.033936922584181364,0.07108802357822863,-0.033936922584181364,0.07108802207090684,-0.03393692224725534,0.06842756663941553,-0.027371026655766215,
lewidi_armis,qwen,19,GPP-laplace,1,256,0.6747070192476649,0.19563561957180267,0.3579873765337056,0.4385784939625987,0.5793103448275863,0.5793103448275863,0.4289352595806122,0.24102440476417542,-0.18194997193231283,-0.05022641005727414,-0.18194997193231283,-0.050226410057274136,-0.18194997193231277,-0.05022641005727413,-0.18194997193231283,-0.05022641005727414,-0.18194997193231283,-0.05022641005727414,-0.18194997409650757,-0.05022640883591445,-0.20459842425185243,-0.054057777645138264,
lewidi_armis,qwen,19,LPE,1,256,0.7005032156738451,0.174351502797729,0.3088375701152535,0.3537236952276404,0.6551724137931034,0.6551724137931034,0.27478864789009094,0.19599589705467224,0.08623300196662295,0.05859712452692551,0.08623300196662295,0.05859712452692552,0.08623300196662295,0.058597124526925504,0.08623300196662298,0.05859712452692552,0.08623300196662298,0.05859712452692552,0.08623300183539286,0.05859712367343158,0.0810866664677074,0.05850556947670028,
lewidi_armis,qwen,19,LP-temp,1,256,0.6497840326828992,0.1873904571159887,0.3504559427388378,0.45243353492264465,0.6689655172413793,0.6689655172413793,0.6842367572520998,,0.09497796282456415,,0.09497796282456415,,0.09497796282456414,,0.09497796282456417,,0.09497796282456417,,0.09497796308643693,,0.09306149062960511,,
lewidi_armis,qwen,19,GPP-cosine,2,16,1.6623451919018584,0.35672400176572505,0.4655066523877583,0.27619420633945385,0.5172413793103449,0.5172413793103449,0.14870227873325348,0.006820268463343382,-0.019781162187367803,-0.05988578594387555,-0.019781162187367807,-0.05988578594387555,-0.019781162187367786,-0.059885785943875544,-0.019781162187367807,-0.05988578594387556,-0.019781162187367807,-0.05988578594387556,-0.019781163510962322,-0.05988578702543618,0.09921997162715251,0.08313949346688987,
lewidi_armis,qwen,19,GPP-rbf,2,16,0.7502827567263255,0.21176407934672803,0.37091954609957234,0.39407007682140077,0.5655172413793104,0.5655172413793104,0.41264116764068604,0.16566483676433563,0.028117620903353138,-0.04468072110284789,0.028117620903353152,-0.04468072110284789,0.028117620903353124,-0.044680721102847876,0.028117620903353138,-0.044680721102847876,0.028117620903353138,-0.044680721102847876,0.028117620887619002,-0.044680719594187304,-0.015396202493868494,-0.05576846681112365,
lewidi_armis,qwen,19,GPP-laplace,2,16,0.6880529873630558,0.2025752094830223,0.37384499630023693,0.4544028347666015,0.5724137931034483,0.5724137931034483,0.4360259473323822,0.25018009543418884,-0.17674490738090715,0.10629775908631614,-0.17674490738090712,0.10629775908631614,-0.17674490738090712,0.10629775908631614,-0.17674490738090715,0.10629775908631614,-0.17674490738090715,0.10629775908631614,-0.17674490783765653,0.10629776277615889,-0.15361988710548788,0.10674700395748822,
lewidi_armis,qwen,19,LPE,2,16,0.8987092792844713,0.2372243641456558,0.3861317267127592,0.3445250823480777,0.5655172413793104,0.5655172413793104,0.35378408432006836,0.09028773754835129,0.09433759407091497,0.005575980508684034,0.09433759407091498,0.00557598050868402,0.09433759407091498,0.005575980508684034,0.09433759407091497,0.0055759805086840475,0.09433759407091497,0.0055759805086840475,0.09433759457265795,0.005575982590795295,0.0827973556336928,0.011974824161897718,
lewidi_armis,qwen,19,LP-temp,2,16,0.6887451963370786,0.19973231178314788,0.3625829670807291,0.43091745414589033,0.5655172413793104,0.5655172413793104,0.6624749101354866,,0.12888468638569722,,0.12888468638569725,,0.12888468638569725,,0.12888468638569725,,0.12888468638569725,,0.12888468688080562,,0.0920350771300139,,
lewidi_armis,qwen,19,GPP-cosine,2,64,0.7580709323956467,0.20620328776384073,0.3575471093468438,0.3625640379212848,0.5724137931034483,0.5724137931034483,0.4961084723472595,0.00981779582798481,0.0626790595780583,0.11657300346287598,0.06267905957805829,0.11657300346287598,0.0626790595780583,0.116573003462876,0.0626790595780583,0.11657300346287601,0.0626790595780583,0.11657300346287601,0.06267906002130776,0.11657300314854425,-0.018475442992642192,0.003421378331970777,
lewidi_armis,qwen,19,GPP-rbf,2,64,0.7956151061724182,0.21814453059088246,0.3719071559094149,0.3745720523750114,0.5724137931034483,0.5724137931034483,0.3946461081504822,0.1155833899974823,-0.0005585245820229814,-0.05304827662267317,-0.0005585245820230109,-0.05304827662267315,-0.0005585245820229961,-0.05304827662267313,-0.0005585245820230083,-0.05304827662267317,-0.0005585245820230083,-0.05304827662267317,-0.0005585237077491145,-0.053048275781398035,-0.010606272829109408,-0.054057777645138264,
lewidi_armis,qwen,19,GPP-laplace,2,64,0.7058627010391025,0.20397606402963397,0.36277512209168794,0.4169528711123528,0.5724137931034483,0.5724137931034483,0.4087088108062744,0.23151692748069763,-0.1334586187137941,-0.04786335251118871,-0.13345861871379414,-0.04786335251118871,-0.1334586187137941,-0.04786335251118869,-0.13345861871379414,-0.04786335251118873,-0.13345861871379414,-0.04786335251118873,-0.13345861653719535,-0.047863348957587655,-0.1255645847833275,-0.049267847980379184,
lewidi_armis,qwen,19,LPE,2,64,0.9890747087276205,0.2483825354634393,0.3874372802241224,0.3312488103133527,0.5655172413793104,0.5655172413793104,0.31012120842933655,0.06634947657585144,0.0545406861009578,-0.04775117736896096,0.0545406861009578,-0.04775117736896096,0.054540686100957775,-0.04775117736896095,0.05454068610095781,-0.047751177368960965,0.05454068610095781,-0.047751177368960965,0.054540685712783296,-0.047751177812414995,0.048925710147182104,-0.003763516165167854,
lewidi_armis,qwen,19,LP-temp,2,64,0.7899434502776989,0.21422012959863931,0.3644662809486726,0.3697565754374137,0.5793103448275863,0.5793103448275863,0.5079425612872858,,0.03731753183117821,,0.0373175318311782,,0.03731753183117821,,0.03731753183117818,,0.03731753183117818,,0.037317531113917474,,0.004447791831562009,,
lewidi_armis,qwen,19,GPP-cosine,2,256,0.6362918548611234,0.17206196256431774,0.3202353967731048,0.3946143716037326,0.6551724137931034,0.6551724137931034,0.5843641757965088,0.00636943057179451,0.08184420128330293,0.06786325458091519,0.08184420128330296,0.0678632545809152,0.08184420128330294,0.0678632545809152,0.08184420128330294,0.06786325458091519,0.08184420128330294,0.06786325458091519,0.08184420228831216,0.06786325694330397,0.013685513327883108,0.027371026655766215,
lewidi_armis,qwen,19,GPP-rbf,2,256,0.6428217874037269,0.16851728952840075,0.3114427328880491,0.38118915289330596,0.6758620689655173,0.6758620689655173,0.43493857979774475,0.10461709648370743,0.05978442473917857,-0.04587952701927712,0.05978442473917858,-0.04587952701927713,0.05978442473917858,-0.04587952701927712,0.059784424739178575,-0.04587952701927712,0.059784424739178575,-0.04587952701927712,0.0597844237640694,-0.04587952676695338,0.048925710147182104,-0.05645274247751781,
lewidi_armis,qwen,19,GPP-laplace,2,256,0.6740618275380559,0.19410875706266242,0.35372569797367887,0.42862761155986673,0.5793103448275863,0.5793103448275863,0.42162129282951355,0.23658502101898193,-0.12203186172807902,-0.04382557675816856,-0.12203186172807906,-0.043825576758168575,-0.12203186172807902,-0.04382557675816856,-0.12203186172807909,-0.043825576758168575,-0.12203186172807909,-0.043825576758168575,-0.12203186199172934,-0.04382557482296492,-0.16285760860180898,-0.08690300963205773,
lewidi_armis,qwen,19,LPE,2,256,0.7524110059710241,0.1855257624600369,0.32113202182086314,0.3591326347698106,0.6620689655172414,0.6620689655172414,0.2808592617511749,0.17503581941127777,0.06574039904591242,-0.0450861464424044,0.06574039904591242,-0.045086146442404385,0.06574039904591242,-0.0450861464424044,0.06574039904591243,-0.045086146442404385,0.06574039904591243,-0.045086146442404385,0.06574039885314609,-0.04508614540976073,0.06534832614064183,-0.02771316448896329,
lewidi_armis,qwen,19,LP-temp,2,256,0.6407850882516032,0.1817665436435727,0.34080619018330305,0.4359270939674128,0.6275862068965518,0.6275862068965518,0.6635738087793973,,0.040766088330024396,,0.040766088330024396,,0.04076608833002438,,0.040766088330024396,,0.040766088330024396,,0.04076608741289423,,0.07561246113655416,,
lewidi_armis,qwen,19,GPP-cosine,3,16,0.6770028684388796,0.19471269679601802,0.3577197517172016,0.43291585494315654,0.5655172413793104,0.5655172413793104,0.6383823752403259,0.01921709068119526,0.05840235522321173,0.04683222688556784,0.058402355223211744,0.046832226885567846,0.05840235522321173,0.046832226885567846,0.05840235522321173,0.046832226885567846,0.05840235522321173,0.046832226885567846,0.058402356247389445,0.04683222846978651,-0.01915971865903635,-0.025318199656583745,
lewidi_armis,qwen,19,GPP-rbf,3,16,0.6985522099474175,0.2011926685280667,0.36128892492631387,0.42264932458127297,0.5724137931034483,0.5724137931034483,0.46664750576019287,0.17567425966262817,-0.012906062304755953,-0.09257649209860778,-0.012906062304755953,-0.0925764920986078,-0.012906062304755939,-0.0925764920986078,-0.012906062304755925,-0.0925764920986078,-0.012906062304755925,-0.0925764920986078,-0.012906062420883116,-0.09257649079478,-0.004447791831562009,-0.09990424729354667,
lewidi_armis,qwen,19,GPP-laplace,3,16,0.6899669420517329,0.2039448818482424,0.3774150575029439,0.45979303859871284,0.5655172413793104,0.5655172413793104,0.43956872820854187,0.2520275115966797,-0.1692579816838704,0.14573335827568884,-0.16925798168387035,0.1457333582756888,-0.16925798168387035,0.1457333582756888,-0.1692579816838704,0.14573335827568884,-0.1692579816838704,0.14573335827568884,-0.16925798343757,0.14573336106981066,-0.17209533009813005,0.140960787277196,
lewidi_armis,qwen,19,LPE,3,16,0.7286665283251302,0.20379505952390997,0.3601997572157917,0.4012993085529154,0.5724137931034483,0.5724137931034483,0.463335245847702,0.12944088876247406,0.040176446260965934,-0.05456336761154181,0.04017644626096592,-0.05456336761154182,0.04017644626096592,-0.05456336761154181,0.04017644626096592,-0.054563367611541826,0.04017644626096592,-0.054563367611541826,0.04017644589738763,-0.054563367847688005,0.014369788994277261,-0.05576846681112365,
lewidi_armis,qwen,19,LP-temp,3,16,0.6807585221339024,0.1990602864280287,0.3670819132816058,0.4498539981432947,0.6068965517241379,0.6068965517241379,0.6816572204727498,,0.06496671267248878,,0.06496671267248881,,0.06496671267248878,,0.06496671267248881,,0.06496671267248881,,0.06496671244387398,,0.009237721496321096,,
lewidi_armis,qwen,19,GPP-cosine,3,64,1.0765018137174183,0.2811638018715894,0.42890640432577065,0.3236434313691254,0.5103448275862069,0.5103448275862069,0.35122692584991455,0.008425692096352577,0.04993979414439194,0.04993853194588513,0.04993979414439193,0.04993853194588514,0.04993979414439197,0.04993853194588514,0.04993979414439193,0.049938531945885156,0.04993979414439193,0.049938531945885156,0.04993979864728318,0.04993853389247817,-0.008553445829926941,-0.021554683491415892,
lewidi_armis,qwen,19,GPP-rbf,3,64,0.7228459264889742,0.20179292113559455,0.36156984883649596,0.39377190124462835,0.5724137931034483,0.5724137931034483,0.43641045689582825,0.13380169868469238,0.020365109347970506,-0.056723931294386694,0.020365109347970492,-0.05672393129438671,0.020365109347970492,-0.05672393129438672,0.020365109347970506,-0.056723931294386694,0.020365109347970506,-0.056723931294386694,0.020365106848047168,-0.05672393146710734,-0.003421378331970777,-0.057137018143911956,
lewidi_armis,qwen,19,GPP-laplace,3,64,0.7013452611155997,0.20310988012220096,0.36466550821888033,0.4225305721660036,0.5724137931034483,0.5724137931034483,0.41268810629844666,0.23411054909229279,-0.12493634167154563,-0.043654611282072715,-0.12493634167154564,-0.0436546112820727,-0.12493634167154558,-0.043654611282072674,-0.12493634167154564,-0.04365461128207273,-0.12493634167154564,-0.04365461128207273,-0.12493634115246816,-0.043654608893483285,-0.11187907145544439,-0.028739577988554522,
lewidi_armis,qwen,19,LPE,3,64,0.8575350434379129,0.22134879845286284,0.36757579758956,0.34575533667528124,0.5724137931034483,0.5724137931034483,0.3759896755218506,0.07618971168994904,0.04946171498040537,0.10814005897704912,0.04946171498040536,0.10814005897704912,0.04946171498040536,0.10814005897704909,0.04946171498040539,0.10814005897704912,0.04946171498040539,0.10814005897704912,0.04946171278600264,0.10814006121516573,0.016764753826656806,0.0920350771300139,
lewidi_armis,qwen,19,LP-temp,3,64,0.7149179219053374,0.19784118021355618,0.35118961436932705,0.387718898206584,0.6,0.6,0.574407740658017,,0.07989302524561989,,0.07989302524561989,,0.07989302524561988,,0.07989302524561989,,0.07989302524561989,,0.07989302245887381,,0.028739577988554522,,
lewidi_armis,qwen,19,GPP-cosine,3,256,0.6494283775984784,0.17855478790202484,0.3316160322369703,0.3979713307224205,0.6206896551724138,0.6206896551724138,0.5941402316093445,0.006364610977470875,0.07561386422119615,0.13759871587768474,0.07561386422119619,0.1375987158776847,0.07561386422119616,0.13759871587768474,0.07561386422119616,0.13759871587768477,0.07561386422119616,0.13759871587768477,0.07561386508191832,0.13759871875817742,-0.042767229149634704,0.015054064660671416,
lewidi_armis,qwen,19,GPP-rbf,3,256,0.6483569405293641,0.16857662115053262,0.3127318964628824,0.37217079291357996,0.6620689655172414,0.6620689655172414,0.42567768692970276,0.10326579213142395,0.11233672737292846,0.01287920598568866,0.11233672737292845,0.012879205985688653,0.11233672737292845,0.012879205985688667,0.11233672737292848,0.012879205985688667,0.11233672737292848,0.012879205985688667,0.11233672407404997,0.012879204566655488,0.10572059045789699,0.006842756663941554,
lewidi_armis,qwen,19,GPP-laplace,3,256,0.6906939772166562,0.19816645375118194,0.3564333947568104,0.41619379321015054,0.5724137931034483,0.5724137931034483,0.408497154712677,0.22923973202705383,-0.07445837386481091,-0.027326397318567654,-0.0744583738648109,-0.027326397318567626,-0.07445837386481091,-0.027326397318567654,-0.07445837386481091,-0.027326397318567626,-0.07445837386481091,-0.027326397318567626,-0.07445837452434878,-0.027326396118735975,-0.09716714462797006,-0.04858357231398503,
lewidi_armis,qwen,19,LPE,3,256,0.7478636690678545,0.17868998399267316,0.3067355879932589,0.3248024356909953,0.6482758620689655,0.6482758620689655,0.27569711208343506,0.15834994614124298,0.1581907463801518,0.1184057578271787,0.1581907463801518,0.11840575782717869,0.1581907463801518,0.11840575782717867,0.15819074638015182,0.11840575782717869,0.15819074638015182,0.11840575782717869,0.15819074422421847,0.11840575568227679,0.14814568177433463,0.11974824161897718,
lewidi_armis,qwen,19,LP-temp,3,256,0.6258310228377616,0.1706757707781407,0.317725079770016,0.3964734741948969,0.6620689655172414,0.6620689655172414,0.6090200296765876,,0.19579868002911544,,0.19579868002911544,,0.19579868002911544,,0.19579868002911546,,0.19579868002911546,,0.19579867817236585,,0.21452042141456767,,
lewidi_armis,qwen,19,GPP-cosine,4,16,0.9418242304625823,0.25825373082704883,0.41732225138051754,0.3536422366548543,0.5241379310344828,0.5241379310344828,0.42314356565475464,0.016154255717992783,-0.06825825009460179,-0.010496254236812143,-0.06825825009460176,-0.010496254236812157,-0.06825825009460179,-0.010496254236812136,-0.06825825009460178,-0.010496254236812143,-0.06825825009460178,-0.010496254236812143,-0.06825825083978129,-0.010496254406522236,-0.0383194373180727,-0.01163269777640917,
lewidi_armis,qwen,19,GPP-rbf,4,16,0.6948597978999084,0.2026850964989951,0.3676042352257104,0.4355726427939302,0.5517241379310345,0.5517241379310345,0.4918263256549835,0.17318502068519592,0.04056284299242555,-0.07780604425777526,0.040562842992425574,-0.07780604425777526,0.04056284299242558,-0.07780604425777525,0.04056284299242556,-0.07780604425777526,0.04056284299242556,-0.07780604425777526,0.04056284152767138,-0.07780604243904223,0.0383194373180727,-0.08519232046607234,
lewidi_armis,qwen,19,GPP-laplace,4,16,0.6904273949890322,0.20406451502027448,0.3773698128502944,0.45924030545881916,0.5655172413793104,0.5655172413793104,0.43938398361206055,0.2516595423221588,-0.1725343697234826,0.1413968177523359,-0.17253436972348263,0.14139681775233587,-0.17253436972348257,0.14139681775233587,-0.17253436972348268,0.1413968177523359,-0.17253436972348268,0.1413968177523359,-0.1725343714178813,0.14139682090004552,-0.16833181393296218,0.13719727111202812,
lewidi_armis,qwen,19,LPE,4,16,0.7253534522229786,0.20784581039183828,0.3710816526464347,0.4140548136206018,0.5586206896551724,0.5586206896551724,0.4960382878780365,0.12132900208234787,-0.01400736740712342,-0.05914494034178765,-0.014007367407123411,-0.05914494034178765,-0.014007367407123428,-0.05914494034178763,-0.014007367407123428,-0.05914494034178765,-0.014007367407123428,-0.05914494034178765,-0.014007368326568813,-0.05914494058507905,0.035240196819299,-0.0383194373180727,
lewidi_armis,qwen,19,LP-temp,4,16,0.7116605892424828,0.20644478340860054,0.3709046949188751,0.4266517591536488,0.5586206896551724,0.5586206896551724,0.6463666849057269,,0.027184433904528543,,0.027184433904528505,,0.02718443390452853,,0.0271844339045285,,0.0271844339045285,,0.02718443250579805,,0.07013825580540091,,
lewidi_armis,qwen,19,GPP-cosine,4,64,0.8571049118994474,0.23925842431620878,0.39903855741280936,0.36207680409053367,0.5172413793103449,0.5172413793103449,0.489401251077652,0.011771277524530888,0.08505445978997975,-0.018026920833493783,0.08505445978997977,-0.018026920833493783,0.08505445978997975,-0.01802692083349379,0.08505445978997977,-0.018026920833493776,0.08505445978997977,-0.018026920833493776,0.08505446121973141,-0.018026920382587665,0.04003012648405809,-0.009237721496321096,
lewidi_armis,qwen,19,GPP-rbf,4,64,0.6733935142145139,0.18916245603262408,0.34223677094640403,0.4178709571564931,0.6206896551724138,0.6206896551724138,0.47748351097106934,0.14250817894935608,-0.026134355665623776,-0.09509422092860323,-0.026134355665623783,-0.0950942209286032,-0.02613435566562377,-0.0950942209286032,-0.026134355665623776,-0.09509422092860322,-0.026134355665623776,-0.09509422092860322,-0.0261343568475447,-0.0950942205597463,-0.06466405047424768,-0.0827973556336928,
lewidi_armis,qwen,19,GPP-laplace,4,64,0.6828502201160638,0.19963087049187078,0.3660511964354022,0.44591839161059565,0.5793103448275863,0.5793103448275863,0.4324559271335602,0.24526572227478027,-0.16983902484424646,0.013691262046216846,-0.16983902484424643,0.01369126204621686,-0.16983902484424646,0.013691262046216839,-0.16983902484424646,0.01369126204621686,-0.16983902484424646,0.01369126204621686,-0.16983902650622934,0.013691264355361867,-0.1744902949305096,0.018475442992642192,
lewidi_armis,qwen,19,LPE,4,64,0.764670372603598,0.20323724946568564,0.35441231648598254,0.3930140300876272,0.6137931034482759,0.6137931034482759,0.41773396730422974,0.09843496978282928,-0.052611773545527867,-0.12278135858347335,-0.05261177354552788,-0.12278135858347339,-0.052611773545527846,-0.12278135858347337,-0.05261177354552788,-0.1227813585834734,-0.05261177354552788,-0.1227813585834734,-0.05261177583375219,-0.12278136183233505,-0.060558396475882736,-0.11461617412102101,
lewidi_armis,qwen,19,LP-temp,4,64,0.6756755636136884,0.19159653442199456,0.3444269203456983,0.4206501961029743,0.6206896551724138,0.6206896551724138,0.6313601645335164,,-0.02165055699123425,,-0.02165055699123425,,-0.021650556991234256,,-0.02165055699123425,,-0.02165055699123425,,-0.021650558679839935,,-0.06500618830744476,,
lewidi_armis,qwen,19,GPP-cosine,4,256,0.6342886362153601,0.1739241788899727,0.32488126205722,0.39969768992636096,0.6413793103448275,0.6413793103448275,0.600857138633728,0.00703579792752862,0.08424192903743492,0.08789809939567651,0.08424192903743495,0.08789809939567651,0.08424192903743492,0.08789809939567651,0.08424192903743492,0.0878980993956765,0.08424192903743492,0.0878980993956765,0.08424193055293028,0.08789810253793927,-0.015054064660671416,0.004789929664759087,
lewidi_armis,qwen,19,GPP-rbf,4,256,0.6467488732743981,0.1663195331854648,0.3042613230517198,0.38101077650702164,0.6620689655172414,0.6620689655172414,0.4404316246509552,0.10710566490888596,0.09431240008706447,-0.022344582675328198,0.09431240008706449,-0.022344582675328226,0.09431240008706446,-0.022344582675328212,0.0943124000870645,-0.022344582675328198,0.0943124000870645,-0.022344582675328198,0.09431240228935239,-0.022344579871814096,0.09443004196239342,-0.03284523198691945,
lewidi_armis,qwen,19,GPP-laplace,4,256,0.6779250565808564,0.19472816716601868,0.35359072962711596,0.42381875738501806,0.5793103448275863,0.5793103448275863,0.4172637164592743,0.2343527227640152,-0.08534363933844476,-0.024378793782133798,-0.08534363933844476,-0.024378793782133784,-0.08534363933844474,-0.024378793782133798,-0.08534363933844476,-0.02437879378213379,-0.08534363933844476,-0.02437879378213379,-0.08534363799884481,-0.024378790914822028,-0.13411803061325445,-0.07116466930499214,
lewidi_armis,qwen,19,LPE,4,256,0.7507760946159697,0.178972383655466,0.3102968215772778,0.3517409685840477,0.6689655172413793,0.6689655172413793,0.29739078879356384,0.1671319454908371,0.11417647440284995,-0.010115459185421866,0.11417647440284992,-0.0101154591854219,0.11417647440284989,-0.01011545918542188,0.11417647440284993,-0.0101154591854219,0.11417647440284993,-0.0101154591854219,0.11417647793061947,-0.010115457394027028,0.12043251728537133,-0.024633923990189592,
lewidi_armis,qwen,19,LP-temp,4,256,0.6361993837232504,0.17764223628331277,0.3334820757290907,0.4236786563980511,0.6689655172413793,0.6689655172413793,0.6463398897093254,,0.12963505434994935,,0.12963505434994937,,0.12963505434994935,,0.12963505434994935,,0.12963505434994935,,0.1296350565707654,,0.17106891659853882,,
lewidi_armis,qwen,29,GPP-cosine,0,16,1.1777992398510593,0.2960166005173718,0.4368592631714097,0.31772406590868424,0.5172413793103449,0.5172413793103449,0.3032644987106323,0.013211078010499477,0.01868896237867744,-0.06887972965663329,0.018688962378677433,-0.0688797296566333,0.01868896237867744,-0.06887972965663328,0.018688962378677447,-0.0688797296566333,0.018688962378677447,-0.0688797296566333,0.01868896167454511,-0.06887972929324732,0.034555921152904845,0.03079240498773699,
lewidi_armis,qwen,29,GPP-rbf,0,16,0.7006397344058153,0.20524011460612956,0.3720511068557871,0.4386709684741663,0.5379310344827586,0.5379310344827586,0.48639506101608276,0.18106071650981903,0.013115003505756022,-0.09475131949668875,0.01311500350575602,-0.09475131949668875,0.01311500350575605,-0.09475131949668876,0.013115003505756027,-0.09475131949668875,0.013115003505756027,-0.09475131949668875,0.013115004808566113,-0.09475131787078915,0.022581096991007125,-0.09374576629599927,
lewidi_armis,qwen,29,GPP-laplace,0,16,0.6920239295538738,0.20467938566775873,0.3780953678591498,0.4590922849840812,0.5655172413793104,0.5655172413793104,0.4391230046749115,0.2517724931240082,-0.17701114960237696,0.13824553766844866,-0.17701114960237696,0.13824553766844866,-0.17701114960237696,0.13824553766844866,-0.17701114960237696,0.13824553766844866,-0.17701114960237696,0.13824553766844866,-0.1770111508454233,0.13824554078874718,-0.16798967609976512,0.13822368461161938,
lewidi_armis,qwen,29,LPE,0,16,0.7518606593910465,0.21608469015920068,0.3785388652877561,0.4103111335646277,0.5448275862068965,0.5448275862068965,0.5067136287689209,0.10300365090370178,-0.022092790940774203,0.08231307095146531,-0.022092790940774196,0.0823130709514653,-0.022092790940774182,0.08231307095146527,-0.02209279094077421,0.08231307095146533,-0.02209279094077421,0.08231307095146533,-0.022092790435018973,0.08231307331608052,-0.01163268632870064,0.06774329097302137,
lewidi_armis,qwen,29,LP-temp,0,16,0.6926993485243365,0.20521124335906263,0.37914857811100555,0.46132081884767134,0.5241379310344828,0.5241379310344828,0.6931240411771263,,-0.01771148573341524,,-0.017711485733415255,,-0.017711485733415255,,-0.017711485733415255,,-0.017711485733415255,,-0.017711486373075496,,0.08040239080131326,,
lewidi_armis,qwen,29,GPP-cosine,0,64,0.6599902181278663,0.18372013999456308,0.3414199664385925,0.4290791285656064,0.6344827586206897,0.6344827586206897,0.6221513152122498,0.01921309158205986,0.02112146102502946,-0.012638346249604901,0.02112146102502946,-0.012638346249604908,0.021121461025029487,-0.012638346249604915,0.021121461025029487,-0.012638346249604901,0.021121461025029487,-0.012638346249604901,0.02112146020690983,-0.012638345545238655,0.12316961995094795,0.020186132158627582,
lewidi_armis,qwen,29,GPP-rbf,0,64,0.6754415417499233,0.18912291768430436,0.3437503588610682,0.4150989187504074,0.6068965517241379,0.6068965517241379,0.46893584728240967,0.1502424031496048,0.014720806148226951,-0.06915924223991173,0.01472080614822698,-0.06915924223991174,0.014720806148226974,-0.06915924223991174,0.014720806148226961,-0.06915924223991174,0.014720806148226961,-0.06915924223991174,0.01472080898730364,-0.06915924035637208,0.04105653998364932,-0.05576846681112365,
lewidi_armis,qwen,29,GPP-laplace,0,64,0.6823450807931488,0.20009155593743455,0.3695457689721009,0.4520509480888385,0.5724137931034483,0.5724137931034483,0.435841828584671,0.24801236391067505,-0.18864433782412865,0.05313222262113696,-0.18864433782412865,0.05313222262113696,-0.18864433782412865,0.05313222262113696,-0.1886443378241287,0.053132222621136954,-0.1886443378241287,0.053132222621136954,-0.1886443382086601,0.05313222638838815,-0.1601206635105733,0.05268922631234995,
lewidi_armis,qwen,29,LPE,0,64,0.7372628575347702,0.19245509980273803,0.3350362176589411,0.37422258927806723,0.6206896551724138,0.6206896551724138,0.411857932806015,0.10472151637077332,0.019412945223956996,0.06256558205514354,0.01941294522395694,0.06256558205514351,0.019412945223956982,0.06256558205514352,0.01941294522395696,0.06256558205514354,0.01941294522395696,0.06256558205514354,0.01941294856175137,0.06256558337493977,0.022923234824204202,0.05063639931316749,
lewidi_armis,qwen,29,LP-temp,0,64,0.6646110117296552,0.19290432114291545,0.36075391550784197,0.45075140300948807,0.6275862068965518,0.6275862068965518,0.6825546253389432,,0.004336102289926631,,0.004336102289926608,,0.004336102289926608,,0.004336102289926605,,0.004336102289926605,,0.004336105895838426,,0.012659099828291873,,
lewidi_armis,qwen,29,GPP-cosine,0,256,0.6870703582786982,0.1799879309340404,0.32198924797757456,0.3569126011404375,0.6206896551724138,0.6206896551724138,0.49134042859077454,0.007859938777983189,0.09207115852462455,0.14085378381231517,0.09207115852462458,0.1408537838123152,0.09207115852462458,0.1408537838123152,0.09207115852462458,0.14085378381231523,0.09207115852462458,0.14085378381231523,0.09207115946205631,0.1408537834543799,0.03866157515126977,0.03387167881954435,
lewidi_armis,qwen,29,GPP-rbf,0,256,0.6829827903361959,0.17743855265194855,0.3221658892223033,0.3731016480227602,0.6689655172413793,0.6689655172413793,0.40659230947494507,0.10406266152858734,0.04328278547786519,-0.026975285479680353,0.04328278547786521,-0.026975285479680346,0.04328278547786518,-0.02697528547968035,0.043282785477865196,-0.026975285479680346,0.043282785477865196,-0.026975285479680346,0.04328278523284866,-0.026975285843268464,0.025660337489780825,-0.01608047816026265,
lewidi_armis,qwen,29,GPP-laplace,0,256,0.6933989845744472,0.19956684699954944,0.358231521474904,0.41925562760379204,0.5724137931034483,0.5724137931034483,0.4105948507785797,0.2312147170305252,-0.14451395130099715,-0.06333732971613865,-0.14451395130099712,-0.06333732971613865,-0.14451395130099712,-0.06333732971613865,-0.14451395130099712,-0.06333732971613862,-0.14451395130099712,-0.06333732971613862,-0.14451395068590908,-0.06333732746977984,-0.14985637094032,-0.057479155977109044,
lewidi_armis,qwen,29,LPE,0,256,0.7841210568638766,0.18430603260631245,0.3192152665686143,0.3316908906668406,0.6482758620689655,0.6482758620689655,0.26839762926101685,0.14829722046852112,0.09902117672108154,0.06275181808776342,0.09902117672108153,0.06275181808776345,0.09902117672108153,0.06275181808776342,0.09902117672108154,0.06275181808776345,0.09902117672108154,0.06275181808776345,0.09902117641130126,0.06275181813888067,0.08519232046607234,0.07219108280458338,
lewidi_armis,qwen,29,LP-temp,0,256,0.6397165064386239,0.17881009331156955,0.33365320150901406,0.4204003010961287,0.6344827586206897,0.6344827586206897,0.6439432978784386,,0.09727199156696113,,0.09727199156696112,,0.09727199156696112,,0.09727199156696115,,0.09727199156696115,,0.09727199213132247,,0.016764753826656806,,
lewidi_armis,qwen,29,GPP-cosine,1,16,1.159166058413848,0.2875897850616945,0.4244313735209791,0.30486342974733743,0.5241379310344828,0.5241379310344828,0.2872731685638428,0.011246169917285442,0.08108576608358911,-0.048085330912436726,0.08108576608358911,-0.04808533091243672,0.08108576608358911,-0.04808533091243672,0.08108576608358913,-0.04808533091243672,0.08108576608358913,-0.04808533091243672,0.08108576552633906,-0.04808533066691237,0.06842756663941553,0.08348163130008694,
lewidi_armis,qwen,29,GPP-rbf,1,16,0.6864761292988504,0.20129655279204983,0.3706318647183221,0.4489693608319034,0.496551724137931,0.496551724137931,0.4965720474720001,0.18332016468048096,0.04939963256331134,-0.045488070828924886,0.049399632563311355,-0.045488070828924865,0.04939963256331135,-0.04548807082892486,0.049399632563311355,-0.04548807082892488,0.049399632563311355,-0.04548807082892488,0.04939963297093917,-0.04548806914316135,0.058163431643503204,-0.05679488031071489,
lewidi_armis,qwen,29,GPP-laplace,1,16,0.6937352482625405,0.20557439320095708,0.37956865512091537,0.46094721355836854,0.43448275862068964,0.43448275862068964,0.4403838515281677,0.2523665726184845,-0.1591695424605416,0.16576640041039212,-0.1591695424605416,0.1657664004103921,-0.1591695424605416,0.1657664004103921,-0.1591695424605416,0.16576640041039215,-0.1591695424605416,0.16576640041039215,-0.15916954443278614,0.16576640267221832,-0.15840981677024696,0.16285760860180898,
lewidi_armis,qwen,29,LPE,1,16,0.7169273882821086,0.20965497689787255,0.3786140905115111,0.4331987825834922,0.4896551724137931,0.4896551724137931,0.5142585635185242,0.1378384530544281,-0.002478044238299913,-0.06395245148073163,-0.0024780442382999063,-0.06395245148073161,-0.0024780442382998924,-0.06395245148073161,-0.0024780442382999063,-0.06395245148073163,-0.0024780442382999063,-0.06395245148073163,-0.002478042063043414,-0.06395245127204258,0.04824143448078795,-0.006158480997547398,
lewidi_armis,qwen,29,LP-temp,1,16,0.6924885524103831,0.20512768705335044,0.37906246212164996,0.46132496664223255,0.5241379310344828,0.5241379310344828,0.6931281889716876,,-0.05687252104562798,,-0.05687252104562797,,-0.05687252104562798,,-0.056872521045628,,-0.056872521045628,,-0.05687251844340096,,-0.02942385365494868,,
lewidi_armis,qwen,29,GPP-cosine,1,64,0.6836834698275434,0.1850786736741424,0.33457844978326867,0.3855329241574921,0.5862068965517241,0.5862068965517241,0.5457667112350464,0.01592540740966797,0.039832469637713655,0.040512926385527295,0.03983246963771365,0.040512926385527295,0.03983246963771365,0.0405129263855273,0.03983246963771365,0.040512926385527316,0.03983246963771365,0.040512926385527316,0.03983247094569178,0.0405129274988823,-0.03010812932134283,0.003421378331970777,
lewidi_armis,qwen,29,GPP-rbf,1,64,0.7085818659845592,0.19867341259763543,0.35369823133123335,0.39912820901753504,0.5724137931034483,0.5724137931034483,0.4511466324329376,0.1419341266155243,0.09093556540638453,-0.013140299722063379,0.09093556540638453,-0.013140299722063407,0.09093556540638455,-0.013140299722063386,0.09093556540638452,-0.013140299722063403,0.09093556540638452,-0.013140299722063403,0.09093556530736124,-0.013140298609626254,0.08313949346688987,-0.010606272829109408,
lewidi_armis,qwen,29,GPP-laplace,1,64,0.6900781605725752,0.20122877116185162,0.3649760890623619,0.43594833960884766,0.5793103448275863,0.5793103448275863,0.42558664083480835,0.24216492474079132,-0.1514539079367761,0.0011247745174366962,-0.1514539079367761,0.0011247745174367135,-0.15145390793677607,0.001124774517436724,-0.1514539079367761,0.001124774517436717,-0.1514539079367761,0.001124774517436717,-0.15145390779284293,0.0011247774643527546,-0.13822368461161938,-0.013001237661488951,
lewidi_armis,qwen,29,LPE,1,64,0.7810494506812408,0.20908389215552048,0.3528778769718162,0.3631827656607153,0.5862068965517241,0.5862068965517241,0.4118059277534485,0.10333611071109772,0.11717627818395238,0.05134012914858832,0.11717627818395239,0.05134012914858832,0.11717627818395238,0.05134012914858831,0.11717627818395238,0.051340129148588314,0.11717627818395238,0.051340129148588314,0.1171762788177397,0.05134012862918187,0.10195707429272913,0.110168382289459,
lewidi_armis,qwen,29,LP-temp,1,64,0.6812608100696692,0.20044774204640836,0.3721070545544564,0.45927603867239336,0.5862068965517241,0.5862068965517241,0.6910792610018485,,0.11885522016270827,,0.11885522016270825,,0.11885522016270825,,0.11885522016270827,,0.11885522016270827,,0.11885521859737108,,0.07869170163532785,,
lewidi_armis,qwen,29,GPP-cosine,1,256,0.734526560488369,0.19782471700303142,0.34902894687618063,0.3682100483759418,0.593103448275862,0.593103448275862,0.5153643488883972,0.008711147122085094,0.07659734568085776,0.05134630447925713,0.07659734568085776,0.05134630447925714,0.07659734568085771,0.05134630447925713,0.07659734568085776,0.051346304479257136,0.07659734568085776,0.051346304479257136,0.07659734735972962,0.05134630713646827,0.03352950765331361,0.0321609563205253,
lewidi_armis,qwen,29,GPP-rbf,1,256,0.6370175991077274,0.16782869089918623,0.31371574013269155,0.3906264149517961,0.6551724137931034,0.6551724137931034,0.4439031779766083,0.11209102720022202,0.04181457333059538,-0.04467318333206126,0.04181457333059537,-0.04467318333206126,0.04181457333059537,-0.04467318333206126,0.04181457333059538,-0.04467318333206127,0.04181457333059538,-0.04467318333206127,0.041814571383658364,-0.04467318353043794,0.011974824161897718,-0.046188607481605484,
lewidi_armis,qwen,29,GPP-laplace,1,256,0.6774321575562513,0.19736438449635313,0.36204567777699437,0.444624677596972,0.5793103448275863,0.5793103448275863,0.43257802724838257,0.2437325119972229,-0.16446880916714895,-0.012462470960317398,-0.16446880916714893,-0.01246247096031742,-0.1644688091671489,-0.012462470960317412,-0.16446880916714893,-0.012462470960317412,-0.16446880916714893,-0.012462470960317412,-0.16446881160935956,-0.012462469664876255,-0.2148625592477648,-0.020528290193663243,
lewidi_armis,qwen,29,LPE,1,256,0.7082889799872976,0.1763669882689495,0.3114979879589398,0.3470459172387075,0.6482758620689655,0.6482758620689655,0.27790480852127075,0.18439264595508575,0.10577916283312955,0.041492706787690584,0.10577916283312956,0.041492706787690584,0.10577916283312952,0.0414927067876906,0.10577916283312955,0.041492706787690584,0.10577916283312955,0.041492706787690584,0.10577916227551631,0.041492705073519084,0.07253322063778045,-0.0020528269991824657,
lewidi_armis,qwen,29,LP-temp,1,256,0.6444636545303963,0.18410107196391554,0.34357576677972856,0.4414551793097547,0.6689655172413793,0.6689655172413793,0.6731047903048686,,0.16467787093950137,,0.16467787093950137,,0.16467787093950134,,0.16467787093950137,,0.16467787093950137,,0.16467787089858268,,0.09579859329518174,,
lewidi_armis,qwen,29,GPP-cosine,2,16,1.6784321049238533,0.35404456770746523,0.46223327752186694,0.27693993121749577,0.5241379310344828,0.5241379310344828,0.1460549384355545,0.009428592398762703,-0.010919839543775674,-0.08795424667920071,-0.01091983954377568,-0.0879542466792007,-0.01091983954377566,-0.08795424667920071,-0.010919839543775678,-0.08795424667920071,-0.010919839543775678,-0.08795424667920071,-0.010919841779675088,-0.08795424757795714,0.10708914179068531,0.11769541461979471,
lewidi_armis,qwen,29,GPP-rbf,2,16,0.7578982002856584,0.21196754246158,0.3677804349568383,0.38526771170774154,0.5724137931034483,0.5724137931034483,0.40134286880493164,0.1613764762878418,0.052592980003358866,-0.025748094181933065,0.05259298000335888,-0.02574809418193308,0.052592980003358866,-0.02574809418193308,0.052592980003358866,-0.02574809418193308,0.052592980003358866,-0.02574809418193308,0.0525929794458629,-0.025748093322353394,0.05679488031071489,-0.03900371298446685,
lewidi_armis,qwen,29,GPP-laplace,2,16,0.6892601812297071,0.20307523334399408,0.3744161964490496,0.4546763738377365,0.5724137931034483,0.5724137931034483,0.43615996837615967,0.25031962990760803,-0.1617652919761352,0.1205479933374424,-0.1617652919761352,0.12054799333744243,-0.16176529197613518,0.1205479933374424,-0.16176529197613518,0.12054799333744243,-0.16176529197613518,0.12054799333744243,-0.1617652925206638,0.12054799687227655,-0.14780354394113754,0.11187907145544439,
lewidi_armis,qwen,29,LPE,2,16,0.8936782796851205,0.23303263108754937,0.3783560271985058,0.332364396636244,0.5862068965517241,0.5862068965517241,0.33447954058647156,0.08786366879940033,0.12710561187748648,0.05278964237020048,0.12710561187748648,0.0527896423702005,0.12710561187748642,0.052789642370200486,0.12710561187748642,0.05278964237020049,0.12710561187748642,0.05278964237020049,0.12710561089517558,0.05278964299226453,0.140960787277196,0.09545645546198467,
lewidi_armis,qwen,29,LP-temp,2,16,0.7151845980481524,0.20108969177374034,0.3548344420231504,0.38998598706945287,0.5862068965517241,0.5862068965517241,0.5960307533544597,,0.13613109248510005,,0.13613109248510005,,0.13613109248510002,,0.13613109248510008,,0.13613109248510008,,0.1361310913411513,,0.12795954961570705,,
lewidi_armis,qwen,29,GPP-cosine,2,64,0.7478529349556583,0.20053107046657317,0.34848955606110643,0.35526535750707255,0.5793103448275863,0.5793103448275863,0.472547322511673,0.011914177797734737,0.05455166958114864,0.15990963846265058,0.05455166958114863,0.15990963846265055,0.05455166958114861,0.15990963846265055,0.05455166958114864,0.1599096384626506,0.05455166958114864,0.1599096384626506,0.0545516693262443,0.15990963793878912,-0.025318199656583745,0.03079240498773699,
lewidi_armis,qwen,29,GPP-rbf,2,64,0.7680884445871068,0.20755948881486952,0.3591479574940328,0.3747613403571562,0.5793103448275863,0.5793103448275863,0.38898470997810364,0.11768872290849686,0.0025852049119380527,-0.04960411582003446,0.002585204911938058,-0.049604115820034475,0.0025852049119380457,-0.049604115820034475,0.0025852049119380613,-0.049604115820034475,0.0025852049119380613,-0.049604115820034475,0.0025852052742038898,-0.04960411567818956,0.004105653998364931,-0.04653074531480256,
lewidi_armis,qwen,29,GPP-laplace,2,64,0.7033879352333853,0.20352847265177548,0.36235005793900327,0.4189373524022964,0.5724137931034483,0.5724137931034483,0.4110166132450104,0.2333267778158188,-0.14863201384887972,-0.05091391399934403,-0.14863201384887972,-0.05091391399934399,-0.14863201384887972,-0.050913913999344,-0.14863201384887972,-0.050913913999344,-0.14863201384887972,-0.050913913999344,-0.14863201271474819,-0.05091391101661364,-0.13343375494686027,-0.04960998581357626,
lewidi_armis,qwen,29,LPE,2,64,0.9028442733598319,0.2252829478746623,0.36355574598118406,0.3337861402023552,0.5793103448275863,0.5793103448275863,0.320983350276947,0.06554777175188065,0.045475486052592023,-0.0030395476813267243,0.04547548605259204,-0.0030395476813267347,0.045475486052592023,-0.0030395476813267173,0.04547548605259205,-0.003039547681326752,0.04547548605259205,-0.003039547681326752,0.04547548393746578,-0.0030395500685720493,0.04550433181521133,0.03079240498773699,
lewidi_armis,qwen,29,LP-temp,2,64,0.6833781566519695,0.18842573743189084,0.3381518165253039,0.39649288030878893,0.6137931034482759,0.6137931034482759,0.5826398114948672,,0.04326575991397105,,0.04326575991397104,,0.043265759913971025,,0.04326575991397105,,0.04326575991397105,,0.04326575941438808,,0.03079240498773699,,
lewidi_armis,qwen,29,GPP-cosine,2,256,0.6329834348405059,0.16386036177512123,0.3038053691559792,0.37676976825632696,0.6620689655172414,0.6620689655172414,0.544001579284668,0.007346577476710081,0.09721225153316393,0.13245099807672014,0.09721225153316396,0.13245099807672014,0.09721225153316393,0.13245099807672014,0.09721225153316397,0.13245099807672014,0.09721225153316397,0.13245099807672014,0.0972122534743041,0.13245100298129478,0.05645274247751781,0.07013825580540091,
lewidi_armis,qwen,29,GPP-rbf,2,256,0.6240499029058777,0.16184766915549648,0.3053511458256378,0.3766282921667228,0.6758620689655173,0.6758620689655173,0.43248507380485535,0.10687338560819626,0.10059541910137951,-0.010756099068517811,0.10059541910137951,-0.01075609906851785,0.10059541910137951,-0.010756099068517815,0.10059541910137954,-0.01075609906851785,0.10059541910137954,-0.01075609906851785,0.100595418749855,-0.010756098685576719,0.09135080146361972,-0.021212545658218816,
lewidi_armis,qwen,29,GPP-laplace,2,256,0.6770167478179332,0.19573448425465578,0.3563831034405478,0.43191551067119793,0.5793103448275863,0.5793103448275863,0.4243188202381134,0.23874251544475555,-0.1343383637882617,-0.030983489227552764,-0.1343383637882617,-0.03098348922755276,-0.13433836378826167,-0.03098348922755277,-0.1343383637882617,-0.030983489227552775,-0.1343383637882617,-0.030983489227552775,-0.13433836459300363,-0.030983487473631333,-0.17722739759608622,-0.04516219398201425,
lewidi_armis,qwen,29,LPE,2,256,0.687267626901917,0.16660670445597053,0.30377874137464395,0.3525712353169352,0.6413793103448275,0.6413793103448275,0.28117719292640686,0.18285730481147766,0.08253736142427294,0.006593108124838418,0.08253736142427294,0.006593108124838411,0.08253736142427293,0.006593108124838425,0.08253736142427297,0.006593108124838418,0.08253736142427297,0.006593108124838418,0.08253736224312005,0.006593109188477164,0.08348163130008694,-0.004447791831562009,
lewidi_armis,qwen,29,LP-temp,2,256,0.6310066555307396,0.17816024335500927,0.3368458375597018,0.437536552298739,0.6620689655172414,0.6620689655172414,0.6647653008433722,,0.09029798973869552,,0.09029798973869554,,0.09029798973869552,,0.09029798973869552,,0.09029798973869552,,0.09029799033831948,,0.09271935279640806,,
lewidi_armis,qwen,29,GPP-cosine,3,16,0.6830533261608281,0.19640967845635485,0.36026909220321424,0.42877742409664144,0.47586206896551725,0.47586206896551725,0.6266414523124695,0.02457290142774582,0.04341145520806162,0.03793964122160881,0.04341145520806162,0.03793964122160881,0.04341145520806162,0.03793964122160882,0.04341145520806162,0.03793964122160881,0.04341145520806162,0.03793964122160881,0.043411455777970426,0.03793964315813168,-0.043451504816028864,-0.007355970652729328,
lewidi_armis,qwen,29,GPP-rbf,3,16,0.6962856530306626,0.2006718083381413,0.363168802857399,0.4231848301970455,0.5655172413793104,0.5655172413793104,0.4662015736103058,0.17878814041614532,0.02997779548917752,-0.06737020486870479,0.029977795489177506,-0.06737020486870479,0.029977795489177506,-0.06737020486870479,0.029977795489177533,-0.0673702048687048,0.029977795489177533,-0.0673702048687048,0.029977795145034236,-0.06737020345202786,0.04379364264922594,-0.05679488031071489,
lewidi_armis,qwen,29,GPP-laplace,3,16,0.6906425072738918,0.20428845332866416,0.3779236128617977,0.46043186013440657,0.5379310344827586,0.5379310344827586,0.4399023652076721,0.2523327171802521,-0.1649845176099925,0.1565102468231574,-0.16498451760999247,0.1565102468231574,-0.16498451760999244,0.1565102468231574,-0.1649845176099925,0.1565102468231574,-0.1649845176099925,0.1565102468231574,-0.16498451961981442,0.1565102494220182,-0.16491043560099142,0.1532777492722908,
lewidi_armis,qwen,29,LPE,3,16,0.7031384127409565,0.2000704582767462,0.36443201326604546,0.41586140363330365,0.5586206896551724,0.5586206896551724,0.49641144275665283,0.12880274653434753,0.002503067961758809,0.09555990622569424,0.0025030679617587953,0.09555990622569425,0.002503067961758809,0.09555990622569424,0.0025030679617587953,0.09555990622569428,0.0025030679617587953,0.09555990622569428,0.002503065754418665,0.09555990612540748,-0.027371026655766215,0.10161493645953207,
lewidi_armis,qwen,29,LP-temp,3,16,0.6962082923136159,0.1982548316987088,0.3621898884404693,0.4171370210027379,0.5862068965517241,0.5862068965517241,0.6295935351357366,,0.04361533713768632,,0.043615337137686304,,0.04361533713768632,,0.043615337137686325,,0.043615337137686325,,0.043615335380871444,,0.03592447248569315,,
lewidi_armis,qwen,29,GPP-cosine,3,64,1.0396307783923981,0.27021472689700765,0.4165779536977362,0.3173716315618326,0.5172413793103449,0.5172413793103449,0.3482391834259033,0.012907310388982296,0.10640262886648139,0.06373843839673417,0.10640262886648137,0.06373843839673417,0.10640262886648136,0.06373843839673418,0.10640262886648139,0.06373843839673418,0.10640262886648139,0.06373843839673418,0.10640263134417759,0.06373843807055674,0.07834956380213078,0.014369788994277261,
lewidi_armis,qwen,29,GPP-rbf,3,64,0.7264388648199979,0.20501111820135928,0.3643622553297158,0.39820534790025824,0.5517241379310345,0.5517241379310345,0.4460659623146057,0.14012084901332855,0.0607372197268576,-0.029272040263258026,0.06073721972685761,-0.02927204026325802,0.06073721972685759,-0.029272040263258026,0.06073721972685761,-0.029272040263258012,0.06073721972685761,-0.029272040263258012,0.0607372204957955,-0.02927203885759625,0.05268922631234995,-0.021554683491415892,
lewidi_armis,qwen,29,GPP-laplace,3,64,0.6961941188965801,0.2024515664283501,0.36483685137896704,0.42871909090409527,0.5724137931034483,0.5724137931034483,0.4198381006717682,0.23861292004585266,-0.0917591888554882,0.01522689600815267,-0.0917591888554882,0.015226896008152656,-0.09175918885548823,0.01522689600815267,-0.09175918885548821,0.015226896008152656,-0.09175918885548821,0.015226896008152656,-0.09175918835191221,0.015226898820334539,-0.08827156096484602,0.026686750989372055,
lewidi_armis,qwen,29,LPE,3,64,0.8256145673566526,0.22391824210258918,0.3740474397766179,0.36214673536366543,0.5379310344827586,0.5379310344827586,0.41290387511253357,0.08805350214242935,0.046016940410298454,0.13777662773834587,0.046016940410298454,0.13777662773834587,0.046016940410298454,0.13777662773834587,0.04601694041029846,0.13777662773834587,0.04601694041029846,0.13777662773834587,0.04601694085606288,0.13777663138432455,0.009237721496321096,0.1296702387816924,
lewidi_armis,qwen,29,LP-temp,3,64,0.7558688947462556,0.21203408469788979,0.371786501016578,0.3880764995037973,0.5379310344827586,0.5379310344827586,0.5682237240461622,,0.0828820009537348,,0.08288200095373481,,0.0828820009537348,,0.0828820009537348,,0.0828820009537348,,0.08288200169932143,,0.04687288314799964,,
lewidi_armis,qwen,29,GPP-cosine,3,256,0.6419411668157646,0.1719499842791347,0.32279982868682244,0.3849173688610419,0.6275862068965518,0.6275862068965518,0.5638343095779419,0.007813800126314163,0.08859247510868185,0.1544022861080933,0.08859247510868186,0.1544022861080933,0.08859247510868185,0.15440228610809334,0.08859247510868187,0.1544022861080933,0.08859247510868187,0.1544022861080933,0.08859247460369188,0.15440228796815947,0.0010264134995912329,0.05987412080948859,
lewidi_armis,qwen,29,GPP-rbf,3,256,0.6567211410763154,0.17419369565271764,0.3247854807253542,0.3815352899213567,0.6620689655172414,0.6620689655172414,0.43707701563835144,0.1102602630853653,0.1076555336346216,-0.009262319382706913,0.10765553363462158,-0.009262319382706927,0.10765553363462158,-0.009262319382706913,0.1076555336346216,-0.009262319382706913,0.1076555336346216,-0.009262319382706913,0.10765553099719094,-0.009262320365506671,0.09545645546198467,-0.03010812932134283,
lewidi_armis,qwen,29,GPP-laplace,3,256,0.6933448705908916,0.2000156359688861,0.35888803323795054,0.41968531386971214,0.5724137931034483,0.5724137931034483,0.41345247626304626,0.23280049860477448,-0.04597038748096728,0.014271826801077712,-0.04597038748096726,0.014271826801077733,-0.04597038748096728,0.014271826801077726,-0.04597038748096726,0.014271826801077733,-0.04597038748096726,0.014271826801077733,-0.045970388796895634,0.01427182759610851,-0.050978537146364564,0.003421378331970777,
lewidi_armis,qwen,29,LPE,3,256,0.7412565978188199,0.18501105009818283,0.3256269382248665,0.34846479596501695,0.6206896551724138,0.6206896551724138,0.2956835925579071,0.17444339394569397,0.13187079625418732,0.06761235133896148,0.13187079625418735,0.06761235133896151,0.13187079625418732,0.06761235133896148,0.13187079625418735,0.06761235133896148,0.13187079625418735,0.06761235133896148,0.1318707936475378,0.06761234970183928,0.1313809279476778,0.05611060464432074,
lewidi_armis,qwen,29,LP-temp,3,256,0.6415158715772139,0.17917387007783594,0.3332553497677596,0.416310902164631,0.6413793103448275,0.6413793103448275,0.6362644364287866,,0.1353772588181733,,0.1353772588181733,,0.1353772588181733,,0.13537725881817336,,0.13537725881817336,,0.13537725796161232,,0.08348163130008694,,
lewidi_armis,qwen,29,GPP-cosine,4,16,1.022723651285265,0.2717702524797691,0.4244952689727833,0.3411496169360047,0.5241379310344828,0.5241379310344828,0.3632679283618927,0.018589090555906296,-0.07866350299412099,-0.010980765324179603,-0.07866350299412099,-0.01098076532417959,-0.07866350299412098,-0.010980765324179603,-0.07866350299412099,-0.010980765324179582,-0.07866350299412099,-0.010980765324179582,-0.07866350389024215,-0.01098076502595935,-0.033871645486510685,-0.013343375494686028,
lewidi_armis,qwen,29,GPP-rbf,4,16,0.683578031843692,0.19813153592288976,0.3638357720498381,0.43393053171701107,0.5724137931034483,0.5724137931034483,0.4856500029563904,0.17739029228687286,0.04277453912548293,-0.0752470384182267,0.04277453912548296,-0.0752470384182267,0.042774539125482944,-0.0752470384182267,0.042774539125482944,-0.0752470384182267,0.042774539125482944,-0.0752470384182267,0.04277453769304542,-0.07524703713671707,0.057137018143911956,-0.07116466930499214,
lewidi_armis,qwen,29,GPP-laplace,4,16,0.690053112584855,0.20402404376669755,0.3774238809429366,0.4601264908950819,0.5517241379310345,0.5517241379310345,0.43978264927864075,0.2521470785140991,-0.1672324721817932,0.15166035494644214,-0.1672324721817932,0.15166035494644214,-0.1672324721817932,0.15166035494644214,-0.1672324721817932,0.1516603549464422,-0.1672324721817932,0.1516603549464422,-0.16723247426994672,0.15166035758118762,-0.1655947112673856,0.1484878196075317,
lewidi_armis,qwen,29,LPE,4,16,0.6953364027048253,0.1972995600892123,0.35948916755873583,0.4131616262867609,0.5793103448275863,0.5793103448275863,0.4939771890640259,0.12749969959259033,-0.009134593016435178,0.04503154439102247,-0.00913459301643518,0.04503154439102245,-0.009134593016435188,0.04503154439102247,-0.00913459301643519,0.04503154439102246,-0.00913459301643519,0.04503154439102246,-0.009134592920457782,0.0450315444835759,0.01608047816026265,0.031476680654131145,
lewidi_armis,qwen,29,LP-temp,4,16,0.6920076734662063,0.2049360885253852,0.3788456304688953,0.46132330053351167,0.5862068965517241,0.5862068965517241,0.6931265228629668,,-0.024598723213535716,,-0.024598723213535675,,-0.024598723213535692,,-0.02459872321353568,,-0.02459872321353568,,-0.024598723139355357,,-0.0006842756663941553,,
lewidi_armis,qwen,29,GPP-cosine,4,64,0.8104316679851779,0.2230770232405782,0.3789205878041685,0.3610291099193308,0.5379310344827586,0.5379310344827586,0.49091050028800964,0.016555331647396088,0.11440723979129061,0.041175215473813954,0.11440723979129061,0.041175215473813975,0.1144072397912906,0.04117521547381397,0.11440723979129061,0.041175215473813996,0.11440723979129061,0.041175215473813996,0.11440724172477883,0.04117521651223383,0.05576846681112365,-0.00034213783319707764,
lewidi_armis,qwen,29,GPP-rbf,4,64,0.6945714686801402,0.19693364117665413,0.3503219636606759,0.40706053654506436,0.5862068965517241,0.5862068965517241,0.47484147548675537,0.1458200067281723,0.10445212161993354,-0.020443398843503824,0.10445212161993352,-0.020443398843503817,0.10445212161993354,-0.02044339884350381,0.10445212161993356,-0.020443398843503796,0.10445212161993356,-0.020443398843503796,0.10445212145678562,-0.020443398003062947,0.05474205331153243,-0.017791167326248036,
lewidi_armis,qwen,29,GPP-laplace,4,64,0.6861698592542022,0.2009585168561534,0.3677672629726344,0.44676843322303256,0.5793103448275863,0.5793103448275863,0.43264591693878174,0.24592573940753937,-0.10568256533063776,0.07347736606032997,-0.10568256533063777,0.07347736606032995,-0.10568256533063773,0.07347736606032994,-0.1056825653306378,0.07347736606032997,-0.1056825653306378,0.07347736606032997,-0.1056825669458279,0.0734773681507592,-0.12453817128373627,0.05782129381030613,
lewidi_armis,qwen,29,LPE,4,64,0.7890560437920333,0.21314021028553667,0.36272959765046836,0.37064132522799653,0.6,0.6,0.42894265055656433,0.0965123251080513,0.09711005877256135,-0.02132372812932172,0.09711005877256135,-0.021323728129321713,0.09711005877256135,-0.021323728129321713,0.09711005877256138,-0.021323728129321692,0.09711005877256138,-0.021323728129321692,0.09711005753755139,-0.02132372862222346,0.04550433181521133,-0.018817580825839272,
lewidi_armis,qwen,29,LP-temp,4,64,0.79099939244573,0.21340156654422768,0.3647549594609382,0.3710712447041567,0.5724137931034483,0.5724137931034483,0.5204475950908252,,0.05253139980427182,,0.05253139980427182,,0.05253139980427183,,0.05253139980427182,,0.05253139980427182,,0.05253139893957927,,-0.018817580825839272,,
lewidi_armis,qwen,29,GPP-cosine,4,256,0.6357266543480729,0.1713988579564618,0.3191106159576709,0.39189608059257636,0.6758620689655173,0.6758620689655173,0.5749742388725281,0.00891956128180027,0.08600962042833432,0.0427576049024809,0.08600962042833434,0.04275760490248093,0.08600962042833431,0.0427576049024809,0.08600962042833434,0.04275760490248091,0.08600962042833434,0.04275760490248091,0.08600962046255275,0.04275760708928729,0.02942385365494868,0.05987412080948859,
lewidi_armis,qwen,29,GPP-rbf,4,256,0.6444535915123284,0.16540590190486812,0.30283927151869083,0.3759259981060273,0.696551724137931,0.696551724137931,0.4324329197406769,0.10814561694860458,0.10114132033451682,0.013487223757727484,0.10114132033451681,0.013487223757727498,0.10114132033451681,0.013487223757727491,0.10114132033451681,0.013487223757727467,0.10114132033451681,0.013487223757727467,0.10114132243602021,0.01348722611896485,0.08656087179886064,-0.0071848944971386304,
lewidi_armis,qwen,29,GPP-laplace,4,256,0.6831815568401496,0.1969798000008973,0.3563290770197737,0.42492976914892516,0.5793103448275863,0.5793103448275863,0.4186268150806427,0.23576529324054718,-0.059391247320187794,0.019609752942764853,-0.059391247320187815,0.01960975294276486,-0.059391247320187794,0.019609752942764867,-0.05939124732018781,0.019609752942764857,-0.05939124732018781,0.019609752942764857,-0.0593912466442701,0.019609755428831283,-0.08348163130008694,-0.0013685513327883105,
lewidi_armis,qwen,29,LPE,4,256,0.7365607483102842,0.1758995888877375,0.3050929572699182,0.3425647516268106,0.6827586206896552,0.6827586206896552,0.28258636593818665,0.18016226589679718,0.1329046563260724,0.0772694456276059,0.1329046563260724,0.07726944562760589,0.13290465632607237,0.07726944562760589,0.1329046563260724,0.0772694456276059,0.1329046563260724,0.0772694456276059,0.13290465820399172,0.0772694471783244,0.12316961995094795,0.057137018143911956,
lewidi_armis,qwen,29,LP-temp,4,256,0.6429731683013807,0.18340959437501572,0.3455490463990191,0.4429407212825346,0.6413793103448275,0.6413793103448275,0.6741552533375883,,0.1872966044985679,,0.18729660449856786,,0.18729660449856783,,0.1872966044985679,,0.1872966044985679,,0.18729660549492694,,0.19672925408831965,,
lewidi_armis,qwen,38,GPP-cosine,0,16,1.1705809978989512,0.29073182128385083,0.4297063336563136,0.3146819916062653,0.5241379310344828,0.5241379310344828,0.30139899253845215,0.018162524327635765,0.04056411552933041,-0.030382953886801116,0.04056411552933041,-0.030382953886801116,0.04056411552933043,-0.030382953886801116,0.040564115529330404,-0.03038295388680111,0.040564115529330404,-0.03038295388680111,0.04056411449007387,-0.030382953388234928,0.023949648323795435,0.012316961995094796,
lewidi_armis,qwen,38,GPP-rbf,0,16,0.6987552019168544,0.2038622777123855,0.37080524769322626,0.43625866181756623,0.5862068965517241,0.5862068965517241,0.4801259934902191,0.18180808424949646,-0.03445941614014261,-0.11739908117311244,-0.0344594161401426,-0.1173990811731124,-0.034459416140142585,-0.1173990811731124,-0.03445941614014257,-0.11739908117311243,-0.03445941614014257,-0.11739908117311243,-0.034459414491420176,-0.11739907968506527,-0.006158480997547398,-0.12043251728537133,
lewidi_armis,qwen,38,GPP-laplace,0,16,0.6925474556213747,0.204856741693237,0.378322801096686,0.4588220300230391,0.5724137931034483,0.5724137931034483,0.4389181137084961,0.25170713663101196,-0.1844120127166546,0.12941779243328932,-0.18441201271665458,0.12941779243328932,-0.18441201271665458,0.12941779243328932,-0.18441201271665464,0.12941779243328938,-0.18441201271665464,0.12941779243328938,-0.184412013843061,0.12941779561614067,-0.16970036526575052,0.12453817128373627,
lewidi_armis,qwen,38,LPE,0,16,0.7322701572569137,0.20777812337859336,0.3676783599858654,0.4155009952644389,0.6137931034482759,0.6137931034482759,0.4709247350692749,0.13509000837802887,-0.02408116500560018,-0.11186420130809926,-0.024081165005600175,-0.1118642013080993,-0.024081165005600175,-0.11186420130809929,-0.02408116500560018,-0.11186420130809929,-0.02408116500560018,-0.11186420130809929,-0.02408116325931746,-0.11186420012759027,0.03318736982011653,-0.07698101246934247,
lewidi_armis,qwen,38,LP-temp,0,16,0.6921168984971782,0.20497912347195074,0.3788642619453222,0.4613102533433595,0.5655172413793104,0.5655172413793104,0.6931134756728146,,-0.09249394461098573,,-0.09249394461098573,,-0.09249394461098574,,-0.09249394461098574,,-0.09249394461098574,,-0.09249394551669415,,-0.036608748152087305,,
lewidi_armis,qwen,38,GPP-cosine,0,64,0.6527140414764666,0.17574277387912782,0.3247937511592493,0.40576381643663345,0.6551724137931034,0.6551724137931034,0.5822557806968689,0.02271491102874279,0.08380770708040684,0.0027282331319558456,0.08380770708040686,0.0027282331319558525,0.08380770708040679,0.0027282331319558595,0.08380770708040684,0.0027282331319558525,0.08380770708040684,0.0027282331319558525,0.08380770526267538,0.002728233699187059,0.14951423310712292,0.02189682132461297,
lewidi_armis,qwen,38,GPP-rbf,0,64,0.6769568207700257,0.191162202680442,0.35025329528183774,0.4213239459520323,0.6068965517241379,0.6068965517241379,0.4748334288597107,0.15809491276741028,0.011869813174500789,-0.08243784476516677,0.011869813174500789,-0.0824378447651668,0.011869813174500803,-0.08243784476516677,0.011869813174500792,-0.08243784476516677,0.011869813174500792,-0.08243784476516677,0.011869815367261581,-0.0824378426857128,0.022923234824204202,-0.0920350771300139,
lewidi_armis,qwen,38,GPP-laplace,0,64,0.6844683302336244,0.2010453547666949,0.3716109964354285,0.4533467041753262,0.5724137931034483,0.5724137931034483,0.4364914000034332,0.24865852296352386,-0.1805440104183937,0.06854320712878896,-0.18054401041839374,0.06854320712878897,-0.1805440104183937,0.06854320712878895,-0.1805440104183937,0.06854320712878895,-0.1805440104183937,0.06854320712878895,-0.18054401065294504,0.06854321119629636,-0.1577256963213126,0.06397977480785352,
lewidi_armis,qwen,38,LPE,0,64,0.7251949581474421,0.19415479531494262,0.34613915823785396,0.3895091886710221,0.6413793103448275,0.6413793103448275,0.4366966784000397,0.11713764816522598,0.010249193308939288,-0.012074768665304256,0.010249193308939274,-0.012074768665304242,0.01024919330893928,-0.012074768665304242,0.010249193308939288,-0.01207476866530427,0.010249193308939288,-0.01207476866530427,0.010249195201841407,-0.012074767288271351,-0.0006842756663941553,-0.021554683491415892,
lewidi_armis,qwen,38,LP-temp,0,64,0.6758159882460847,0.19489922743417148,0.3614231810738797,0.43796335152441324,0.6206896551724138,0.6206896551724138,0.6635257870176423,,-0.019151250925186762,,-0.019151250925186762,,-0.01915125092518677,,-0.01915125092518677,,-0.01915125092518677,,-0.01915124771910099,,-0.018475442992642192,,
lewidi_armis,qwen,38,GPP-cosine,0,256,0.669595804852131,0.17052565454733287,0.30522940611533067,0.35159921047631343,0.6689655172413793,0.6689655172413793,0.4731469452381134,0.00891510583460331,0.08493837159024942,0.18761775993472937,0.0849383715902494,0.18761775993472934,0.08493837159024939,0.18761775993472937,0.08493837159024942,0.18761775993472937,0.08493837159024942,0.18761775993472937,0.08493837141084194,0.18761776009447645,0.031818818487328225,0.042082953483240544,
lewidi_armis,qwen,38,GPP-rbf,0,256,0.6749925201095123,0.17477429960714888,0.31791728510168094,0.38255402138978356,0.6620689655172414,0.6620689655172414,0.4203871488571167,0.11304276436567307,0.05319846495634448,-0.03398210494077508,0.05319846495634447,-0.03398210494077508,0.05319846495634449,-0.033982104940775096,0.053198464956344484,-0.033982104940775096,0.053198464956344484,-0.033982104940775096,0.05319846594600109,-0.03398210427413672,0.06329549914145936,-0.03079240498773699,
lewidi_armis,qwen,38,GPP-laplace,0,256,0.6952108294599479,0.20077016394470276,0.36084701434291644,0.4230737093418269,0.5724137931034483,0.5724137931034483,0.4134317934513092,0.23329630494117737,-0.16698195198675753,-0.08657763596006345,-0.16698195198675753,-0.08657763596006345,-0.1669819519867575,-0.08657763596006345,-0.16698195198675753,-0.08657763596006346,-0.16698195198675753,-0.08657763596006346,-0.16698195038585958,-0.08657763276046543,-0.176200984096495,-0.09682500679477297,
lewidi_armis,qwen,38,LPE,0,256,0.7677707045392113,0.1820290665671035,0.32022693031407284,0.3495096249395934,0.6068965517241379,0.6068965517241379,0.2682328224182129,0.17642441391944885,0.043629584729657986,0.05478156585724164,0.04362958472965799,0.054781565857241685,0.04362958472965797,0.054781565857241664,0.04362958472965799,0.05478156585724164,0.04362958472965799,0.05478156585724164,0.04362958668472841,0.05478156751435416,0.04447791831562009,0.040372264317255165,
lewidi_armis,qwen,38,LP-temp,0,256,0.6386386016664011,0.18072832047009038,0.34076056734454757,0.4347462795025238,0.6137931034482759,0.6137931034482759,0.6612900682426369,,0.06042041083545995,,0.06042041083545994,,0.06042041083545993,,0.06042041083545995,,0.06042041083545995,,0.06042041253452676,,0.06911184230580969,,
lewidi_armis,qwen,38,GPP-cosine,1,16,1.077983183294427,0.26700074413630576,0.4035930293600139,0.3095978224854145,0.5379310344827586,0.5379310344827586,0.3120462894439697,0.01640080101788044,0.08560842348701435,-0.011034387071118604,0.08560842348701436,-0.011034387071118604,0.08560842348701435,-0.011034387071118597,0.08560842348701438,-0.01103438707111861,0.08560842348701438,-0.01103438707111861,0.08560842305285041,-0.011034386979414723,0.08245521780049571,0.1115369336222473,
lewidi_armis,qwen,38,GPP-rbf,1,16,0.6912031397419299,0.20318161811106672,0.37109193848124866,0.4491543087293692,0.5448275862068965,0.5448275862068965,0.48966312408447266,0.19034413993358612,0.050756983022211766,-0.04942657789034623,0.05075698302221175,-0.04942657789034624,0.05075698302221178,-0.04942657789034622,0.050756983022211766,-0.049426577890346254,0.050756983022211766,-0.049426577890346254,0.05075698167434564,-0.049426576269172746,0.04516219398201425,-0.07150680713818923,
lewidi_armis,qwen,38,GPP-laplace,1,16,0.6947316303936303,0.2059787023567775,0.38008988458534765,0.4610155337082243,0.38620689655172413,0.38620689655172413,0.4403015077114105,0.2525172531604767,-0.16148335383767742,0.1613564380717778,-0.16148335383767742,0.16135643807177777,-0.1614833538376774,0.16135643807177774,-0.16148335383767742,0.1613564380717778,-0.16148335383767742,0.1613564380717778,-0.1614833558850899,0.16135644035198704,-0.1560148519378674,0.15704126543745867,
lewidi_armis,qwen,38,LPE,1,16,0.7179752625122892,0.20854057387096575,0.36927213627716593,0.4300095383911897,0.5793103448275863,0.5793103448275863,0.5074682831764221,0.13872243463993073,0.03169916042372124,-0.04499323669864235,0.03169916042372124,-0.04499323669864236,0.03169916042372124,-0.044993236698642344,0.031699160423721257,-0.04499323669864237,0.031699160423721257,-0.04499323669864237,0.0316991606993784,-0.04499323909923036,0.05132067497956165,0.03250309415372238,
lewidi_armis,qwen,38,LP-temp,1,16,0.6925665142579672,0.20516123439635864,0.3790063294905882,0.4613220571659814,0.5586206896551724,0.5586206896551724,0.6931252794954365,,0.002435791276475016,,0.0024357912764750404,,0.0024357912764750404,,0.002435791276475023,,0.002435791276475023,,0.0024357902947611913,,0.035240196819299,,
lewidi_armis,qwen,38,GPP-cosine,1,64,0.6760295157513075,0.17593391135410127,0.31749891918052214,0.37220526446009444,0.6551724137931034,0.6551724137931034,0.5012007355690002,0.0185097623616457,0.03255459233816987,0.047572544035663925,0.03255459233816986,0.047572544035663904,0.032554592338169853,0.04757254403566391,0.032554592338169874,0.04757254403566392,0.032554592338169874,0.04757254403566392,0.032554593108983336,0.0475725449168122,-0.021212545658218816,0.030792435290494864,
lewidi_armis,qwen,38,GPP-rbf,1,64,0.6813402406464734,0.1900881318988722,0.34293645838725156,0.4047608302302612,0.6206896551724138,0.6206896551724138,0.45348674058914185,0.14914315938949585,0.03568611850000141,-0.04952990549036661,0.035686118500001404,-0.049529905490366635,0.03568611850000143,-0.049529905490366594,0.03568611850000141,-0.04952990549036661,0.03568611850000141,-0.04952990549036661,0.03568611887739802,-0.04952990441117671,-0.0065006188307444755,-0.03968798865086101,
lewidi_armis,qwen,38,GPP-laplace,1,64,0.6913960058511469,0.2019695097394433,0.3663793105503608,0.4377298120591407,0.5793103448275863,0.5793103448275863,0.4262422025203705,0.24280822277069092,-0.20113990906759432,-0.05445241909198145,-0.20113990906759432,-0.05445241909198145,-0.20113990906759427,-0.05445241909198145,-0.20113990906759432,-0.05445241909198147,-0.20113990906759432,-0.05445241909198147,-0.2011399092697565,-0.05445241654380839,-0.17346388143091837,-0.05782129381030613,
lewidi_armis,qwen,38,LPE,1,64,0.7218273571635182,0.19248977244709678,0.33864413543829114,0.3755312277803828,0.6275862068965518,0.6275862068965518,0.420469731092453,0.10178259760141373,0.05181642813094303,-0.017873649295755856,0.05181642813094302,-0.017873649295755835,0.05181642813094303,-0.01787364929575587,0.05181642813094304,-0.017873649295755842,0.05181642813094304,-0.017873649295755842,0.05181642996724947,-0.01787364969824111,0.012316961995094796,-0.018817580825839272,
lewidi_armis,qwen,38,LP-temp,1,64,0.6788415446415347,0.19954974971422623,0.37089082178032323,0.4597225538051998,0.6482758620689655,0.6482758620689655,0.6915257761346548,,0.12084932922959847,,0.12084932922959846,,0.12084932922959843,,0.12084932922959848,,0.12084932922959848,,0.12084933042722769,,0.06876970447261262,,
lewidi_armis,qwen,38,GPP-cosine,1,256,0.6853203511011988,0.17977214360729535,0.3209833217602863,0.35938849632031733,0.6413793103448275,0.6413793103448275,0.5029281377792358,0.01243774313479662,0.11870004401620297,0.11459509662150061,0.11870004401620297,0.1145950966215006,0.11870004401620297,0.11459509662150058,0.11870004401620299,0.11459509662150061,0.11870004401620299,0.11459509662150061,0.11870004497605488,0.11459509859026476,0.07698101246934247,0.04789929664759087,
lewidi_armis,qwen,38,GPP-rbf,1,256,0.6347374792231135,0.16685940314143488,0.31169330457161215,0.3919603066471205,0.7034482758620689,0.7034482758620689,0.4360799193382263,0.11554688960313797,0.018289982612473853,-0.08514800717942997,0.01828998261247386,-0.08514800717942994,0.018289982612473856,-0.08514800717942991,0.01828998261247386,-0.08514800717942994,0.01828998261247386,-0.08514800717942994,0.018289980268190405,-0.08514800695416463,0.006158480997547398,-0.07834956380213078,
lewidi_armis,qwen,38,GPP-laplace,1,256,0.6749780963864156,0.19670518808239645,0.3616751878425993,0.44670381049582486,0.593103448275862,0.593103448275862,0.43365368247032166,0.24485336244106293,-0.22922316061446174,-0.05959233333103128,-0.22922316061446174,-0.05959233333103126,-0.22922316061446174,-0.05959233333103127,-0.22922316061446177,-0.059592333331031304,-0.22922316061446177,-0.059592333331031304,-0.22922316355214678,-0.059592332048714614,-0.2747366800572533,-0.04482005614881717,
lewidi_armis,qwen,38,LPE,1,256,0.7408387955881739,0.18243784232630478,0.3215115407866161,0.3618100735419297,0.6689655172413793,0.6689655172413793,0.26269587874412537,0.19097669422626495,0.02406854978463106,-0.04210423868252705,0.024068549784631042,-0.04210423868252706,0.024068549784631056,-0.042104238682527044,0.02406854978463105,-0.042104238682527065,0.02406854978463105,-0.042104238682527065,0.024068548342484744,-0.04210423912551731,0.017449029493050962,-0.0537156398119412,
lewidi_armis,qwen,38,LP-temp,1,256,0.6426719091230255,0.1831287047978381,0.3390770899493948,0.439090046041264,0.6482758620689655,0.6482758620689655,0.6676456026856937,,0.031196327009900812,,0.031196327009900802,,0.031196327009900805,,0.031196327009900812,,0.031196327009900812,,0.031196329830905062,,0.03968798865086101,,
lewidi_armis,qwen,38,GPP-cosine,2,16,1.6748776512530636,0.3496629643850538,0.45897268191108415,0.27827161856183913,0.5310344827586206,0.5310344827586206,0.1519431620836258,0.01305848453193903,0.010039128449760036,-0.08696992962222044,0.010039128449760041,-0.08696992962222047,0.010039128449760043,-0.08696992962222044,0.010039128449760031,-0.08696992962222047,0.010039128449760031,-0.08696992962222047,0.010039125785771458,-0.08696993056744413,0.13890796027801353,0.12145893078496257,
lewidi_armis,qwen,38,GPP-rbf,2,16,0.7636007203593034,0.21547516139282624,0.3726313279620532,0.392397778220485,0.5655172413793104,0.5655172413793104,0.40955600142478943,0.1671743392944336,0.03411593884414117,-0.04220387395680264,0.034115938844141186,-0.042203873956802654,0.03411593884414116,-0.04220387395680267,0.03411593884414117,-0.042203873956802626,0.03411593884414117,-0.042203873956802626,0.03411593910349739,-0.04220387269254383,0.04721502098119671,-0.04960998581357626,
lewidi_armis,qwen,38,GPP-laplace,2,16,0.6919374544912275,0.20423495574007677,0.37627208870032736,0.4555654645935543,0.5724137931034483,0.5724137931034483,0.43670400977134705,0.25066471099853516,-0.1805109756853612,0.1139680781790084,-0.1805109756853612,0.11396807817900839,-0.1805109756853612,0.11396807817900839,-0.18051097568536117,0.11396807817900839,-0.18051097568536117,0.11396807817900839,-0.18051097638618435,0.11396808162454324,-0.16593684910058268,0.10879983095667069,
lewidi_armis,qwen,38,LPE,2,16,0.9716975471115212,0.2499442062140441,0.3929505827130172,0.32772821732374136,0.5655172413793104,0.5655172413793104,0.3097021281719208,0.07319672405719757,0.06007932505129167,0.040768375545145175,0.060079325051291654,0.040768375545145175,0.060079325051291654,0.04076837554514516,0.06007932505129168,0.04076837554514519,0.06007932505129168,0.04076837554514519,0.060079324514296664,0.04076837442015653,0.0626112234750652,0.07698101246934247,
lewidi_armis,qwen,38,LP-temp,2,16,0.714405896400516,0.2031954088106729,0.36039278303255234,0.40018854977397067,0.5586206896551724,0.5586206896551724,0.6110145680906164,,0.11083977027810804,,0.11083977027810808,,0.11083977027810805,,0.11083977027810805,,0.11083977027810805,,0.11083977017705492,,0.08348163130008694,,
lewidi_armis,qwen,38,GPP-cosine,2,64,0.7742244590626892,0.20159313948968888,0.34130132428744503,0.35109772666130284,0.6344827586206897,0.6344827586206897,0.42482125759124756,0.014008683152496815,-0.002487563326974619,0.12245309665944495,-0.0024875633269746053,0.12245309665944495,-0.0024875633269746088,0.12245309665944498,-0.0024875633269746296,0.12245309665944498,-0.0024875633269746296,0.12245309665944498,-0.002487564187151301,0.12245309670088692,-0.0612426721422769,0.034898058986101925,
lewidi_armis,qwen,38,GPP-rbf,2,64,0.7713591645606876,0.20986548404822444,0.3614628168144103,0.377718282573994,0.5793103448275863,0.5793103448275863,0.3921853303909302,0.12341092526912689,0.0027205328371467455,-0.05587765604347731,0.002720532837146749,-0.055877656043477324,0.002720532837146742,-0.055877656043477324,0.0027205328371467385,-0.055877656043477344,0.0027205328371467385,-0.055877656043477344,0.002720532035865357,-0.05587765660007842,0.013685513327883108,-0.05782129381030613,
lewidi_armis,qwen,38,GPP-laplace,2,64,0.7049112407437915,0.20468309938000376,0.36502056029336205,0.4227056176224586,0.5724137931034483,0.5724137931034483,0.414171427488327,0.23544751107692719,-0.13486027947979753,-0.042587794272429105,-0.13486027947979753,-0.04258779427242911,-0.13486027947979753,-0.042587794272429126,-0.13486027947979753,-0.04258779427242913,-0.13486027947979753,-0.04258779427242913,-0.13486027775671175,-0.042587790770250995,-0.12145893078496257,-0.036266610318890224,
lewidi_armis,qwen,38,LPE,2,64,0.9321778297552481,0.23256291216652336,0.36845676480262574,0.3366241210145537,0.6,0.6,0.3224359452724457,0.061771880835294724,0.03627174356549474,-0.03401131542964446,0.03627174356549476,-0.03401131542964447,0.03627174356549474,-0.03401131542964447,0.03627174356549474,-0.03401131542964448,0.03627174356549474,-0.03401131542964448,0.036271742075145955,-0.03401131647729158,0.037293023818481465,-0.022581096991007125,
lewidi_armis,qwen,38,LP-temp,2,64,0.7297301993646591,0.19941377163064325,0.35010550724948697,0.38516650072174763,0.6068965517241379,0.6068965517241379,0.5389109998789638,,0.007121620427944139,,0.007121620427944151,,0.007121620427944149,,0.007121620427944137,,0.007121620427944137,,0.007121619080988717,,0.015738340327065573,,
lewidi_armis,qwen,38,GPP-cosine,2,256,0.6327292539422493,0.15952000147972475,0.2940773591792032,0.36191530626244317,0.6896551724137931,0.6896551724137931,0.5151341557502747,0.009193389676511288,0.12029649690630255,0.13048201794327424,0.12029649690630248,0.13048201794327427,0.1202964969063025,0.13048201794327424,0.12029649690630251,0.13048201794327427,0.12029649690630251,0.13048201794327427,0.12029649814664263,0.1304820231446471,0.06466405047424768,0.10811555529027653,
lewidi_armis,qwen,38,GPP-rbf,2,256,0.6438677941716593,0.16765834710978217,0.31335626442049597,0.3856628045879465,0.6482758620689655,0.6482758620689655,0.4267619550228119,0.11098698526620865,0.051085233150697004,-0.06597522878476186,0.05108523315069699,-0.06597522878476186,0.051085233150696976,-0.06597522878476186,0.05108523315069702,-0.06597522878476188,0.05108523315069702,-0.06597522878476188,0.05108523385572285,-0.06597522757012725,0.06397977480785352,-0.08416590696648109,
lewidi_armis,qwen,38,GPP-laplace,2,256,0.6765657515842705,0.19621390983496845,0.358206914108375,0.43703127271512965,0.5793103448275863,0.5793103448275863,0.42761242389678955,0.2411583662033081,-0.1454426078981021,-0.03974340073077767,-0.14544260789810212,-0.03974340073077768,-0.1454426078981021,-0.03974340073077769,-0.14544260789810212,-0.03974340073077769,-0.14544260789810212,-0.03974340073077769,-0.14544260919202057,-0.0397433989713489,-0.20699338908423195,-0.0766388746361454,
lewidi_armis,qwen,38,LPE,2,256,0.7537209031227797,0.18392796710694537,0.3222190978049686,0.36153632249415096,0.6482758620689655,0.6482758620689655,0.2627760171890259,0.19177891314029694,0.07594846809841754,-0.08766845117469133,0.07594846809841754,-0.08766845117469133,0.07594846809841756,-0.0876684511746913,0.07594846809841753,-0.08766845117469133,0.07594846809841753,-0.08766845117469133,0.0759484690403929,-0.0876684478808159,0.0872451474652548,-0.10845769312347361,
lewidi_armis,qwen,38,LP-temp,2,256,0.6384636352287428,0.1813695092791498,0.33885111932530887,0.4397611325335003,0.6068965517241379,0.6068965517241379,0.667255978966736,,-0.0066823632803164265,,-0.006682363280316413,,-0.0066823632803164265,,-0.0066823632803164265,,-0.0066823632803164265,,-0.006682361684020845,,0.07492818547016,,
lewidi_armis,qwen,38,GPP-cosine,3,16,0.6985710234296993,0.200631399666914,0.3659645553100212,0.4178073630316743,0.4896551724137931,0.4896551724137931,0.6003290414810181,0.031130488961935043,0.03188982804592728,0.033454001948282464,0.031889828045927264,0.03345400194828245,0.03188982804592728,0.03345400194828246,0.03188982804592728,0.03345400194828247,0.03188982804592728,0.03345400194828247,0.03188982748816264,0.03345400341768377,-0.04789929664759087,-0.0065006188307444755,
lewidi_armis,qwen,38,GPP-rbf,3,16,0.7064020562488145,0.2042559031270567,0.3666271433234215,0.42255881080335506,0.5655172413793104,0.5655172413793104,0.46074455976486206,0.18504361808300018,0.059537390077428864,-0.09914288226440059,0.059537390077428864,-0.09914288226440059,0.05953739007742885,-0.0991428822644006,0.05953739007742886,-0.09914288226440059,0.05953739007742886,-0.09914288226440059,0.05953739151908679,-0.09914288038217936,0.048925710147182104,-0.10811555529027653,
lewidi_armis,qwen,38,GPP-laplace,3,16,0.6928468973481785,0.20517150490170885,0.3791767136803989,0.4605454279321885,0.5448275862068965,0.5448275862068965,0.4398922324180603,0.252456396818161,-0.16538146357471595,0.15393148022293734,-0.16538146357471595,0.1539314802229373,-0.16538146357471595,0.15393148022293732,-0.165381463574716,0.15393148022293734,-0.165381463574716,0.15393148022293734,-0.16538146550970864,0.153931482794457,-0.1652525734341885,0.15156706010630538,
lewidi_armis,qwen,38,LPE,3,16,0.7793624341103822,0.21405170120129757,0.3685257562018674,0.3773883333502466,0.5586206896551724,0.5586206896551724,0.42706525325775146,0.11876365542411804,0.07545508612869739,-0.004089805458230442,0.07545508612869739,-0.004089805458230454,0.07545508612869739,-0.0040898054582304295,0.07545508612869739,-0.004089805458230452,0.07545508612869739,-0.004089805458230452,0.07545508748091324,-0.004089803492045768,0.033871645486510685,-0.0013685513327883105,
lewidi_armis,qwen,38,LP-temp,3,16,0.692040122680616,0.20494445526598495,0.3789029594126734,0.4613022275936422,0.5655172413793104,0.5655172413793104,0.6931054499230974,,0.10719135678056874,,0.10719135678056874,,0.10719135678056871,,0.10719135678056876,,0.10719135678056876,,0.10719135741014597,,0.06979611797220385,,
lewidi_armis,qwen,38,GPP-cosine,3,64,0.9978682978942017,0.2543170008427823,0.3957150489038683,0.31122597646086486,0.5172413793103449,0.5172413793103449,0.3505493700504303,0.01665635220706463,0.1274967718030241,0.09017668433600856,0.1274967718030241,0.0901766843360086,0.1274967718030241,0.09017668433600859,0.1274967718030241,0.0901766843360086,0.1274967718030241,0.0901766843360086,0.12749677466037446,0.0901766850694265,0.11222120928864147,0.059189845143094444,
lewidi_armis,qwen,38,GPP-rbf,3,64,0.7048834257534997,0.19809460584264119,0.35576823610683966,0.3979176694430443,0.5793103448275863,0.5793103448275863,0.45002421736717224,0.14824217557907104,0.13990041264283765,-0.014710496367862896,0.13990041264283767,-0.014710496367862883,0.13990041264283765,-0.014710496367862896,0.13990041264283767,-0.014710496367862896,0.13990041264283767,-0.014710496367862896,0.13990041232556027,-0.014710495625015384,0.10811555529027653,-0.0017106891659853885,
lewidi_armis,qwen,38,GPP-laplace,3,64,0.6952240155545976,0.20293585124391383,0.3674218882774485,0.43438078478740455,0.5724137931034483,0.5724137931034483,0.42403444647789,0.24136200547218323,-0.12321740652386878,0.00044860702902118493,-0.12321740652386877,0.00044860702902119187,-0.12321740652386874,0.00044860702902118493,-0.12321740652386878,0.0004486070290211988,-0.12321740652386878,0.0004486070290211988,-0.12321740644091163,0.00044860989790183187,-0.10332562562551746,0.004447791831562009,
lewidi_armis,qwen,38,LPE,3,64,0.7971488502202544,0.21124046905048097,0.3548285318939979,0.34504501814691535,0.6068965517241379,0.6068965517241379,0.39548754692077637,0.1008777990937233,0.15634623504266848,0.21712769722785163,0.15634623504266848,0.21712769722785163,0.15634623504266848,0.2171276972278516,0.15634623504266848,0.21712769722785163,0.15634623504266848,0.21712769722785163,0.15634623484482854,0.21712770115408891,0.1300123766148895,0.20699338908423195,
lewidi_armis,qwen,38,LP-temp,3,64,0.6749592317797909,0.19396426701456626,0.3589922670319756,0.42988097283260346,0.5586206896551724,0.5586206896551724,0.6573627160714913,,0.1634840968618591,,0.1634840968618591,,0.16348409686185908,,0.1634840968618591,,0.1634840968618591,,0.16348409683075812,,0.17312174359772128,,
lewidi_armis,qwen,38,GPP-cosine,3,256,0.641612841412264,0.1661511768670154,0.3112564957567382,0.3703337286185584,0.6896551724137931,0.6896551724137931,0.5321146845817566,0.009731127880513668,0.09749882733714262,0.15391536231340314,0.09749882733714262,0.15391536231340314,0.09749882733714259,0.15391536231340314,0.09749882733714262,0.15391536231340314,0.09749882733714262,0.15391536231340314,0.09749882714722047,0.15391536702917372,0.013343375494686028,0.0858765961324665,
lewidi_armis,qwen,38,GPP-rbf,3,256,0.596008803552564,0.15324578977595227,0.29059948949464437,0.3674943708507651,0.6758620689655173,0.6758620689655173,0.4381066560745239,0.11588933318853378,0.2432234967198654,0.08512935812283472,0.24322349671986543,0.08512935812283473,0.24322349671986537,0.08512935812283473,0.24322349671986543,0.08512935812283473,0.24322349671986543,0.08512935812283473,0.24322349367617185,0.08512935677970158,0.23675938057237778,0.05132067497956165,
lewidi_armis,qwen,38,GPP-laplace,3,256,0.6841373417306662,0.19753310300994714,0.35710950442429246,0.42555318175712475,0.5724137931034483,0.5724137931034483,0.41831132769584656,0.23601610958576202,-0.0888903449470072,-0.018327130944721402,-0.0888903449470072,-0.018327130944721416,-0.0888903449470072,-0.018327130944721395,-0.0888903449470072,-0.018327130944721416,-0.0888903449470072,-0.018327130944721416,-0.08889034660124039,-0.01832713000275117,-0.10298348779232037,-0.04379364264922594,
lewidi_armis,qwen,38,LPE,3,256,0.6517500098922997,0.15797360038970362,0.2840909802989135,0.31720900007193154,0.696551724137931,0.696551724137931,0.28406086564064026,0.17950870096683502,0.25195664890319247,0.1930847576535084,0.25195664890319247,0.1930847576535084,0.25195664890319247,0.19308475765350838,0.25195664890319247,0.1930847576535084,0.25195664890319247,0.1930847576535084,0.2519566467775354,0.1930847561310033,0.23162731307442155,0.17243746793132714,
lewidi_armis,qwen,38,LP-temp,3,256,0.6119890641717681,0.16725242696248385,0.3143768277275274,0.41059080354314886,0.6620689655172414,0.6620689655172414,0.6296032164945691,,0.18028964940283917,,0.1802896494028392,,0.18028964940283917,,0.1802896494028392,,0.1802896494028392,,0.18028964733100525,,0.17517457059690375,,
lewidi_armis,qwen,38,GPP-cosine,4,16,1.1215940603294317,0.2863805536772395,0.42980961707773907,0.32776023805533455,0.5448275862068965,0.5448275862068965,0.30900508165359497,0.02174486219882965,-0.0536601535247075,-0.024679774446432455,-0.0536601535247075,-0.024679774446432462,-0.053660153524707495,-0.024679774446432462,-0.053660153524707495,-0.024679774446432455,-0.053660153524707495,-0.024679774446432455,-0.05366015415211817,-0.024679774384937153,-0.016422615993459726,-0.010948410662306484,
lewidi_armis,qwen,38,GPP-rbf,4,16,0.6993959902238541,0.20326064263197183,0.36756938639385944,0.42673654181304627,0.5655172413793104,0.5655172413793104,0.4719844460487366,0.1826479136943817,0.052067395860814276,-0.053643577641847844,0.05206739586081428,-0.05364357764184784,0.05206739586081425,-0.05364357764184784,0.05206739586081427,-0.05364357764184785,0.05206739586081427,-0.05364357764184785,0.05206739609966014,-0.053643576331507,0.043451504816028864,-0.06158480997547398,
lewidi_armis,qwen,38,GPP-laplace,4,16,0.691911511829816,0.20474022361351318,0.37828916157114095,0.45998971263478294,0.5517241379310345,0.5517241379310345,0.4395890235900879,0.25220391154289246,-0.1611928557296048,0.15639450782854175,-0.16119285572960482,0.15639450782854175,-0.16119285572960482,0.15639450782854175,-0.1611928557296048,0.15639450782854175,-0.1611928557296048,0.15639450782854175,-0.16119285767961578,0.15639451050477782,-0.16627898693377974,0.15430416277188203,
lewidi_armis,qwen,38,LPE,4,16,0.7260619979885232,0.2068609462265975,0.36804611212734517,0.4042837986003576,0.5793103448275863,0.5793103448275863,0.4856545329093933,0.11859393864870071,0.0065859200938974405,0.01917806546448607,0.0065859200938974335,0.019178065464486048,0.0065859200938974335,0.019178065464486048,0.0065859200938974405,0.01917806546448607,0.0065859200938974405,0.01917806546448607,0.006585921764982891,0.019178064771493336,0.010606272829109408,0.03968798865086101,
lewidi_armis,qwen,38,LP-temp,4,16,0.6964550943044134,0.20145964199074992,0.3666526566166336,0.4270101091716724,0.5655172413793104,0.5655172413793104,0.649440503494788,,0.01222377381522663,,0.01222377381522665,,0.01222377381522663,,0.01222377381522665,,0.01222377381522665,,0.012223774997284893,,0.009237721496321096,,
lewidi_armis,qwen,38,GPP-cosine,4,64,0.7617372232938193,0.20511092457951913,0.3558299699370701,0.35824754945153797,0.5724137931034483,0.5724137931034483,0.4832311272621155,0.020839648321270943,0.11355537429350734,0.09573064745614575,0.11355537429350734,0.09573064745614576,0.11355537429350732,0.09573064745614573,0.11355537429350737,0.09573064745614575,0.11355537429350737,0.09573064745614575,0.11355537486119559,0.0957306481801444,0.06329549914145936,0.018133305159445112,
lewidi_armis,qwen,38,GPP-rbf,4,64,0.6802756952909311,0.1932822083920486,0.3463032196051088,0.41581637872240645,0.6275862068965518,0.6275862068965518,0.47947755455970764,0.15460853278636932,0.1088789660972666,-0.033998488058289145,0.10887896609726658,-0.033998488058289124,0.10887896609726659,-0.03399848805828912,0.10887896609726658,-0.033998488058289145,0.10887896609726658,-0.033998488058289145,0.10887896486363376,-0.03399848729641058,0.10982624445626192,-0.04550433181521133,
lewidi_armis,qwen,38,GPP-laplace,4,64,0.6893286134629913,0.2023918317461485,0.37086621461243463,0.44842389676128624,0.5793103448275863,0.5793103448275863,0.43348920345306396,0.24673791229724884,-0.14891602401967066,0.04320802073483472,-0.1489160240196707,0.04320802073483473,-0.14891602401967066,0.04320802073483471,-0.1489160240196707,0.043208020734834734,-0.1489160240196707,0.043208020734834734,-0.1489160246404161,0.0432080238816763,-0.14335575210957555,0.0383194373180727,
lewidi_armis,qwen,38,LPE,4,64,0.7549085528186074,0.20494743469324617,0.35005316327181485,0.3806979309489446,0.6068965517241379,0.6068965517241379,0.4438782334327698,0.10077247023582458,0.08188729007263554,-0.06291879247316443,0.08188729007263554,-0.06291879247316445,0.08188729007263551,-0.06291879247316443,0.08188729007263557,-0.06291879247316443,0.08188729007263557,-0.06291879247316443,0.08188728944956117,-0.06291879242209523,0.08656087179886064,-0.07116466930499214,
lewidi_armis,qwen,38,LP-temp,4,64,0.6780847107120787,0.19457324601532827,0.3493148382744535,0.4259483057052429,0.6068965517241379,0.6068965517241379,0.6485937531417515,,0.08127646220760051,,0.08127646220760051,,0.0812764622076005,,0.08127646220760051,,0.08127646220760051,,0.08127646275849099,,0.04174081565004347,,
lewidi_armis,qwen,38,GPP-cosine,4,256,0.6382631149506347,0.16749522910973536,0.3111046626030845,0.38661449494747613,0.6689655172413793,0.6689655172413793,0.5495008826255798,0.011656847782433033,0.07114168792971721,-0.023682672546330732,0.0711416879297172,-0.02368267254633074,0.0711416879297172,-0.02368267254633073,0.07114168792971721,-0.02368267254633074,0.07114168792971721,-0.02368267254633074,0.07114168823411092,-0.023682670117723233,0.025660337489780825,0.07954712450044507,
lewidi_armis,qwen,38,GPP-rbf,4,256,0.6559094834696607,0.17024887257484503,0.31352154988281683,0.3871792532884254,0.7172413793103448,0.7172413793103448,0.43476298451423645,0.11547534912824631,0.05030994065741817,-0.041136154048985595,0.05030994065741817,-0.0411361540489856,0.05030994065741818,-0.04113615404898559,0.05030994065741816,-0.04113615404898559,0.05030994065741816,-0.04113615404898559,0.050309942967945206,-0.04113615207370151,0.028397440155357445,-0.04447791831562009,
lewidi_armis,qwen,38,GPP-laplace,4,256,0.6843892515941865,0.1980578609727641,0.35928937330328187,0.42964388062456677,0.5793103448275863,0.5793103448275863,0.42145466804504395,0.23794998228549957,-0.10721018967142158,-0.026537572039899877,-0.10721018967142158,-0.026537572039899857,-0.10721018967142157,-0.02653757203989989,-0.1072101896714216,-0.026537572039899864,-0.1072101896714216,-0.026537572039899864,-0.10721018856260013,-0.026537569010984006,-0.14780354394113754,-0.06534832614064183,
lewidi_armis,qwen,38,LPE,4,256,0.759811314884828,0.18586821869530373,0.3241843325736258,0.3593838519409663,0.6827586206896552,0.6827586206896552,0.2780160903930664,0.182097390294075,0.052499267295642076,-0.04753310773883723,0.05249926729564208,-0.04753310773883723,0.052499267295642076,-0.047533107738837246,0.05249926729564208,-0.04753310773883726,0.05249926729564208,-0.04753310773883726,0.05249926949094818,-0.0475331052017354,0.031818818487328225,-0.06466405047424768,
lewidi_armis,qwen,38,LP-temp,4,256,0.6542245180350941,0.1879529583846849,0.3509534682833006,0.44341271662024545,0.6344827586206897,0.6344827586206897,0.6738449096583095,,0.029187179840456712,,0.029187179840456712,,0.029187179840456726,,0.029187179840456698,,0.029187179840456698,,0.02918718131807089,,0.05679488031071489,,
lewidi_armis,qwen,48,GPP-cosine,0,16,0.7669571164182822,0.20057332165822478,0.33974355905926945,0.3556734830250377,0.6137931034482759,0.6137931034482759,0.3653744161128998,0.12333100289106369,0.07556422392630166,0.10992686079260283,0.07556422392630166,0.10992686079260283,0.07556422392630163,0.10992686079260282,0.07556422392630166,0.10992686079260283,0.07556422392630166,0.10992686079260283,0.0755642222079103,0.10992685788445969,0.05576846681112365,0.1053784526246999,
lewidi_armis,qwen,48,GPP-rbf,0,16,0.697911672809078,0.20520082893293298,0.3741774941312856,0.4440346633152222,0.5103448275862069,0.5103448275862069,0.4891461730003357,0.18549665808677673,0.04539679118456084,-0.14435606620334768,0.045396791184560824,-0.14435606620334768,0.04539679118456083,-0.14435606620334768,0.04539679118456084,-0.14435606620334768,0.04539679118456084,-0.14435606620334768,0.04539679152135266,-0.14435606556351124,0.02771316448896329,-0.1378815467784223,
lewidi_armis,qwen,48,GPP-laplace,0,16,0.693829516253354,0.2055728541144332,0.3796784996986389,0.4606034322744537,0.5172413793103449,0.5172413793103449,0.4400370717048645,0.25236958265304565,-0.1787386547809299,0.1449801669261353,-0.1787386547809299,0.14498016692613536,-0.17873865478092987,0.14498016692613533,-0.17873865478092993,0.14498016692613536,-0.17873865478092993,0.14498016692613536,-0.1787386565802318,0.1449801695520902,-0.17654312192969204,0.14027651161080182,
lewidi_armis,qwen,48,LPE,0,16,0.7240540533539332,0.21042685037515504,0.3772956766958894,0.4221585231346316,0.496551724137931,0.496551724137931,0.500312328338623,0.14119650423526764,0.02493196012660861,0.09185714276813542,0.024931960126608595,0.09185714276813542,0.02493196012660861,0.09185714276813542,0.024931960126608595,0.09185714276813543,0.024931960126608595,0.09185714276813543,0.024931960818121452,0.09185714519248639,-0.018133305159445112,0.05884770730989736,
lewidi_armis,qwen,48,LP-temp,0,16,0.7067646725182217,0.20678116920448347,0.3757069830518738,0.4349039073037987,0.4896551724137931,0.4896551724137931,0.663362251095824,,0.06334307773566637,,0.06334307773566637,,0.06334307773566637,,0.06334307773566637,,0.06334307773566637,,0.06334307826948442,,0.04447791831562009,,
lewidi_armis,qwen,48,GPP-cosine,0,64,1.1843430144123528,0.2574244004498296,0.3953540405078268,0.32684300892287543,0.5310344827586206,0.5310344827586206,0.27020636200904846,0.05583344027400017,-0.01673886731441403,-0.03489076130514826,-0.016738867314414034,-0.03489076130514826,-0.016738867314414027,-0.03489076130514826,-0.01673886731441403,-0.03489076130514826,-0.01673886731441403,-0.03489076130514826,-0.016738868298717506,-0.034890761309630265,-0.006158480997547398,-0.023607510490598355,
lewidi_armis,qwen,48,GPP-rbf,0,64,0.6775542123299348,0.19010602056076487,0.34833880503629816,0.4140684757023388,0.5724137931034483,0.5724137931034483,0.4640183448791504,0.1521853804588318,0.05318612077989873,-0.09301482048770422,0.05318612077989873,-0.09301482048770422,0.05318612077989871,-0.09301482048770421,0.05318612077989873,-0.09301482048770424,0.05318612077989873,-0.09301482048770424,0.053186120080452814,-0.09301482053754723,0.0643219126410506,-0.09443004196239342,
lewidi_armis,qwen,48,GPP-laplace,0,64,0.6853588112720104,0.2014074191925386,0.37120657840679433,0.45286217214197655,0.5724137931034483,0.5724137931034483,0.43624746799468994,0.248417928814888,-0.23725836331148642,0.02330773385870867,-0.23725836331148645,0.02330773385870867,-0.23725836331148642,0.023307733858708678,-0.23725836331148648,0.023307733858708657,-0.23725836331148648,0.023307733858708657,-0.23725836427648797,0.023307737203533047,-0.238127931905166,0.017791167326248036,
lewidi_armis,qwen,48,LPE,0,64,0.7480489958103876,0.19933261887462753,0.35207103872350576,0.3763108877492398,0.5448275862068965,0.5448275862068965,0.4113207459449768,0.12147296965122223,0.08474718538267662,-0.01533984714526445,0.08474718538267664,-0.015339847145264474,0.08474718538267664,-0.015339847145264464,0.08474718538267662,-0.01533984714526445,0.08474718538267662,-0.01533984714526445,0.08474718424821762,-0.015339847220168533,0.07595459896975124,-0.04105653998364932,
lewidi_armis,qwen,48,LP-temp,0,64,0.6668599267795737,0.19227510023880712,0.3574755765288009,0.44162446600119765,0.5655172413793104,0.5655172413793104,0.6703464833742724,,0.07738149980803759,,0.07738149980803757,,0.07738149980803759,,0.07738149980803757,,0.07738149980803757,,0.07738149900907425,,0.1053784526246999,,
lewidi_armis,qwen,48,GPP-cosine,0,256,0.9857413476222882,0.19581301789445918,0.31411890119687025,0.3208111557853924,0.6896551724137931,0.6896551724137931,0.27784454822540283,0.02488231658935547,-0.02420165761503261,-0.05139811431107951,-0.024201657615032603,-0.05139811431107954,-0.02420165761503261,-0.05139811431107951,-0.024201657615032603,-0.05139811431107953,-0.024201657615032603,-0.05139811431107953,-0.02420165799601091,-0.05139811365364453,-0.017449029493050962,-0.02189682132461297,
lewidi_armis,qwen,48,GPP-rbf,0,256,0.6647374806726754,0.17582258140728269,0.3241709769029042,0.3966864810726654,0.6482758620689655,0.6482758620689655,0.4287300705909729,0.11457277834415436,-0.011311273855819592,-0.10759078128668079,-0.01131127385581962,-0.10759078128668076,-0.011311273855819606,-0.10759078128668077,-0.011311273855819627,-0.10759078128668076,-0.011311273855819627,-0.10759078128668076,-0.011311276914823344,-0.10759078265040356,0.020870407825021735,-0.08792942313164896,
lewidi_armis,qwen,48,GPP-laplace,0,256,0.7015558947453395,0.20312940665657822,0.36337836785563105,0.42206364364797816,0.5724137931034483,0.5724137931034483,0.41261303424835205,0.23285382986068726,-0.19005028769663943,-0.10426218048299059,-0.19005028769663943,-0.10426218048299062,-0.19005028769663943,-0.1042621804829906,-0.19005028769663945,-0.10426218048299062,-0.19005028769663945,-0.10426218048299062,-0.19005028763354292,-0.10426217850312272,-0.20083490808668455,-0.09135080146361972,
lewidi_armis,qwen,48,LPE,0,256,0.6995541696626605,0.17493355965291976,0.312993119791118,0.3702125356060123,0.6689655172413793,0.6689655172413793,0.2812820374965668,0.2018861025571823,0.02373461022896482,-0.02464193134356104,0.023734610228964816,-0.02464193134356104,0.023734610228964823,-0.02464193134356104,0.023734610228964833,-0.024641931343561033,0.023734610228964833,-0.024641931343561033,0.023734608722781637,-0.024641932087018037,0.026344613156174975,-0.02497606182338667,
lewidi_armis,qwen,48,LP-temp,0,256,0.6360267919778162,0.18100666922266637,0.33756946754204975,0.4423014297607067,0.6620689655172414,0.6620689655172414,0.6730826225278833,,0.07425970182544701,,0.07425970182544703,,0.07425970182544701,,0.07425970182544703,,0.07425970182544703,,0.07425970141099905,,-0.011974824161897718,,
lewidi_armis,qwen,48,GPP-cosine,1,16,0.9024123914619216,0.20907721995108247,0.3367143162044472,0.3190946638576432,0.6344827586206897,0.6344827586206897,0.26976069808006287,0.09149026870727539,0.04839410745237834,0.09129747959359628,0.048394107452378356,0.0912974795935963,0.048394107452378335,0.0912974795935963,0.04839410745237835,0.09129747959359628,0.04839410745237835,0.09129747959359628,0.04839410721157382,0.09129747953023466,0.04242509131643763,0.08313949346688987,
lewidi_armis,qwen,48,GPP-rbf,1,16,0.6824470809004669,0.19943658027189176,0.3630235901166653,0.4450680997545807,0.5655172413793104,0.5655172413793104,0.4900762140750885,0.18639220297336578,0.10527295728660066,-0.0857241959135662,0.10527295728660066,-0.08572419591356618,0.10527295728660066,-0.08572419591356618,0.10527295728660066,-0.08572419591356621,0.10527295728660066,-0.08572419591356621,0.1052729578594938,-0.08572419477972931,0.08416590696648109,-0.09887783379395543,
lewidi_armis,qwen,48,GPP-laplace,1,16,0.6931132439828502,0.2053373983628496,0.3789331270702954,0.46092139437044877,0.4482758620689655,0.4482758620689655,0.44030478596687317,0.2524198293685913,-0.15945640138082004,0.15931508869960329,-0.15945640138082,0.15931508869960329,-0.15945640138082,0.15931508869960326,-0.15945640138082004,0.1593150886996033,-0.15945640138082004,0.1593150886996033,-0.1594564031656288,0.15931509099219313,-0.16063387076541485,0.15327790011268555,
lewidi_armis,qwen,48,LPE,1,16,0.7145358283750779,0.20662299443734763,0.36661837368175904,0.4228501400282021,0.6137931034482759,0.6137931034482759,0.46196746826171875,0.17650754749774933,0.020996738644156777,-0.07401882511317548,0.020996738644156774,-0.07401882511317553,0.02099673864415677,-0.0740188251131755,0.02099673864415681,-0.07401882511317552,0.02099673864415681,-0.07401882511317552,0.020996742333796427,-0.07401882314350633,-0.0023949648323795436,-0.09682500679477297,
lewidi_armis,qwen,48,LP-temp,1,16,0.6920640821950466,0.20496447493900574,0.37866412746225175,0.46131686759834745,0.5655172413793104,0.5655172413793104,0.6931200899278026,,0.0016802625690072008,,0.0016802625690072116,,0.0016802625690072,,0.0016802625690072186,,0.0016802625690072186,,0.0016802651154991708,,-0.00034213783319707764,,
lewidi_armis,qwen,48,GPP-cosine,1,64,1.0336626548086827,0.2074426485130251,0.32901746479656613,0.3211260049784141,0.6344827586206897,0.6344827586206897,0.24905911087989807,0.05368223786354065,-0.007299697339035127,-0.058411797185297,-0.007299697339035113,-0.05841179718529699,-0.007299697339035099,-0.058411797185296974,-0.007299697339035099,-0.05841179718529701,-0.007299697339035099,-0.05841179718529701,-0.007299692288642662,-0.05841179311677364,0.006842756663941554,-0.024291786156992515,
lewidi_armis,qwen,48,GPP-rbf,1,64,0.7007595969862311,0.19573359357614956,0.35313682867021395,0.4023109290111776,0.5793103448275863,0.5793103448275863,0.4407843351364136,0.1467258781194687,0.05182987318556656,-0.06518075854907379,0.05182987318556654,-0.06518075854907376,0.05182987318556655,-0.06518075854907379,0.05182987318556655,-0.06518075854907376,0.05182987318556655,-0.06518075854907376,0.05182987193609149,-0.06518075854232748,0.07424390980376586,-0.05337350197874411,
lewidi_armis,qwen,48,GPP-laplace,1,64,0.6903285635408498,0.20232600955826266,0.3691844252676799,0.4439878875218674,0.5724137931034483,0.5724137931034483,0.4304252862930298,0.24536579847335815,-0.2067771225961646,-0.009429115226295914,-0.20677712259616457,-0.009429115226295911,-0.20677712259616454,-0.009429115226295904,-0.2067771225961646,-0.009429115226295925,-0.2067771225961646,-0.009429115226295925,-0.20677712282204516,-0.009429111862421138,-0.2172575240801443,0.013001237661488951,
lewidi_armis,qwen,48,LPE,1,64,0.8357647965345243,0.21835781781087296,0.3647744907901205,0.3579710107755553,0.5586206896551724,0.5586206896551724,0.36816978454589844,0.09901812672615051,0.06387658190371881,-0.02731568384856399,0.06387658190371881,-0.027315683848563994,0.06387658190371878,-0.027315683848563973,0.06387658190371881,-0.027315683848564,0.06387658190371881,-0.027315683848564,0.06387658097220182,-0.027315683865673002,0.0674011531398243,-0.015396202493868494,
lewidi_armis,qwen,48,LP-temp,1,64,0.6730854943307677,0.1956766284453378,0.3618510731278779,0.44588631933672873,0.593103448275862,0.593103448275862,0.6771482773501406,,0.05873120712192275,,0.05873120712192275,,0.05873120712192276,,0.05873120712192277,,0.05873120712192277,,0.05873120697442366,,0.06500618830744476,,
lewidi_armis,qwen,48,GPP-cosine,1,256,1.0300631487684595,0.2141466812471769,0.3343164158695486,0.32232184961551624,0.6551724137931034,0.6551724137931034,0.29458871483802795,0.025412119925022125,-0.003813917857533749,-0.0732182580120658,-0.00381391785753378,-0.07321825801206583,-0.0038139178575337628,-0.07321825801206581,-0.0038139178575337593,-0.07321825801206581,-0.0038139178575337593,-0.07321825801206581,-0.003813919983586378,-0.07321825990592165,-0.006158480997547398,-0.022581096991007125,
lewidi_armis,qwen,48,GPP-rbf,1,256,0.6913251757133514,0.18972038853606646,0.3401889732942499,0.39909032728546573,0.6275862068965518,0.6275862068965518,0.45880210399627686,0.12043633311986923,0.06246514656071851,-0.08542460486185964,0.06246514656071851,-0.08542460486185961,0.06246514656071851,-0.08542460486185961,0.06246514656071851,-0.08542460486185965,0.06246514656071851,-0.08542460486185965,0.062465141840837846,-0.08542460692959,0.07253322063778045,-0.06226908564186814,
lewidi_armis,qwen,48,GPP-laplace,1,256,0.6808888810864523,0.19912840697119447,0.3650922598509953,0.44774994166816806,0.5793103448275863,0.5793103448275863,0.4342629909515381,0.24519279599189758,-0.20018540398922613,-0.0392063191728065,-0.20018540398922607,-0.039206319172806516,-0.20018540398922607,-0.039206319172806516,-0.2001854039892261,-0.039206319172806536,-0.2001854039892261,-0.039206319172806536,-0.20018540702285115,-0.039206317982041876,-0.2571168346756321,-0.027371026655766215,
lewidi_armis,qwen,48,LPE,1,256,0.7893597589370364,0.20329786192675894,0.34239208512329333,0.36328592526942816,0.6344827586206897,0.6344827586206897,0.2803473174571991,0.21867820620536804,0.08652844388862571,0.03277582898420935,0.0865284438886257,0.03277582898420937,0.08652844388862568,0.03277582898420937,0.08652844388862573,0.032775828984209346,0.08652844388862573,0.032775828984209346,0.0865284402580884,0.03277582643561047,0.08313949346688987,0.04482005614881717,
lewidi_armis,qwen,48,LP-temp,1,256,0.6798346127827768,0.199535296687932,0.3664785740833613,0.455656554503934,0.6137931034482759,0.6137931034482759,0.6874597768333891,,0.08554115719845058,,0.0855411571984506,,0.08554115719845057,,0.08554115719845057,,0.08554115719845057,,0.08554115438198596,,0.04550433181521133,,
lewidi_armis,qwen,48,GPP-cosine,2,16,1.313067056691983,0.31040407435903183,0.4423625246007477,0.3192873551002404,0.5310344827586206,0.5310344827586206,0.2887873649597168,0.10403874516487122,0.09804616377046822,0.1415156486185709,0.09804616377046828,0.1415156486185709,0.09804616377046824,0.14151564861857088,0.09804616377046824,0.1415156486185709,0.09804616377046824,0.1415156486185709,0.09804616236449677,0.14151564705694744,0.09819355812756128,0.15122492227310833,
lewidi_armis,qwen,48,GPP-rbf,2,16,0.7765197591974652,0.22215594231450694,0.38176467007604137,0.3982959327984277,0.5655172413793104,0.5655172413793104,0.41865140199661255,0.16655689477920532,-0.053935489143453454,-0.12758468816102927,-0.05393548914345345,-0.12758468816102925,-0.053935489143453454,-0.12758468816102925,-0.053935489143453454,-0.1275846881610293,-0.053935489143453454,-0.1275846881610293,-0.05393548660003213,-0.12758468606969503,-0.05029426147997041,-0.12488030911693335,
lewidi_armis,qwen,48,GPP-laplace,2,16,0.6937319391111948,0.2050394659759497,0.37750834216331614,0.45632345980632893,0.5655172413793104,0.5655172413793104,0.43723756074905396,0.2508891522884369,-0.1997648274715591,0.11167571432821427,-0.1997648274715591,0.11167571432821427,-0.19976482747155908,0.11167571432821427,-0.19976482747155913,0.11167571432821428,-0.19976482747155913,0.11167571432821428,-0.19976482819911187,0.11167571793950051,-0.19741352975471382,0.10435203912510868,
lewidi_armis,qwen,48,LPE,2,16,0.9332134622346878,0.24953787570678754,0.4018377025772272,0.35860058542869977,0.5655172413793104,0.5655172413793104,0.34384533762931824,0.1049390435218811,-0.028989344279661572,-0.09883248239540786,-0.028989344279661558,-0.09883248239540786,-0.028989344279661558,-0.09883248239540787,-0.028989344279661586,-0.09883248239540786,-0.028989344279661586,-0.09883248239540786,-0.028989341502364062,-0.09883248181718182,-0.024633923990189592,-0.048925710147182104,
lewidi_armis,qwen,48,LP-temp,2,16,0.7781655389379725,0.2218789211860904,0.3796414736300363,0.3958812688429841,0.5310344827586206,0.5310344827586206,0.5858507689379536,,-0.003104474969712107,,-0.0031044749697121147,,-0.0031044749697121156,,-0.003104474969712118,,-0.003104474969712118,,-0.00310447194792383,,0.003421378331970777,,
lewidi_armis,qwen,48,GPP-cosine,2,64,1.0321043662838871,0.23278086377756854,0.36851914898228455,0.3365708689501797,0.5862068965517241,0.5862068965517241,0.26495039463043213,0.05590393394231796,-0.07640403207913431,-0.05681742721704062,-0.07640403207913431,-0.05681742721704061,-0.0764040320791343,-0.05681742721704061,-0.0764040320791343,-0.05681742721704062,-0.0764040320791343,-0.05681742721704062,-0.07640403479756411,-0.056817430397777396,-0.054399915478335344,-0.020186132158627582,
lewidi_armis,qwen,48,GPP-rbf,2,64,0.7365590163939489,0.20395896592319768,0.36006433092828455,0.38652081780862746,0.5793103448275863,0.5793103448275863,0.42037642002105713,0.1319660097360611,0.0587446078834294,-0.05721626679810423,0.0587446078834294,-0.057216266798104244,0.05874460788342941,-0.057216266798104244,0.05874460788342942,-0.05721626679810426,0.05874460788342942,-0.05721626679810426,0.058744606512682575,-0.05721626765805369,0.034898058986101925,-0.060558396475882736,
lewidi_armis,qwen,48,GPP-laplace,2,64,0.6997269260207989,0.2039265593393658,0.36490782232120117,0.4279116911372486,0.5724137931034483,0.5724137931034483,0.4200015962123871,0.23875296115875244,-0.16560673494272243,-0.04120769406297503,-0.16560673494272246,-0.04120769406297501,-0.16560673494272246,-0.041207694062975,-0.16560673494272246,-0.041207694062975045,-0.16560673494272246,-0.041207694062975045,-0.1656067349024552,-0.04120769140245228,-0.15704126543745867,-0.024633923990189592,
lewidi_armis,qwen,48,LPE,2,64,0.8163048222914107,0.21555055968860448,0.361589152548976,0.3531442717504369,0.5793103448275863,0.5793103448275863,0.3813055157661438,0.08952585607767105,0.0746673427483824,0.029988746544050843,0.0746673427483824,0.029988746544050843,0.0746673427483824,0.029988746544050815,0.07466734274838238,0.02998874654405085,0.07466734274838238,0.02998874654405085,0.07466734142694322,0.029988744357330947,0.0537156398119412,0.06842756663941553,
lewidi_armis,qwen,48,LP-temp,2,64,0.6637645280689992,0.1912628014232905,0.35052244269835253,0.43786678715981375,0.6068965517241379,0.6068965517241379,0.6685009047226151,,0.1040414063959178,,0.10404140639591779,,0.10404140639591777,,0.10404140639591779,,0.10404140639591779,,0.10404140445362169,,0.013685513327883108,,
lewidi_armis,qwen,48,GPP-cosine,2,256,0.845610167142712,0.177985633829397,0.28999285502881134,0.2831673436646706,0.6896551724137931,0.6896551724137931,0.3265592157840729,0.02893894724547863,0.21923814726387061,0.19499289585849683,0.21923814726387061,0.19499289585849688,0.21923814726387061,0.19499289585849683,0.21923814726387064,0.19499289585849688,0.21923814726387064,0.19499289585849688,0.21923814589402996,0.19499289414012122,0.21383614574817353,0.20596697558464075,
lewidi_armis,qwen,48,GPP-rbf,2,256,0.6616563297318002,0.17630387982245269,0.3257570727439276,0.40075624893269346,0.6551724137931034,0.6551724137931034,0.4415464699268341,0.1146005317568779,-0.013037584391098051,-0.12282038608303253,-0.01303758439109804,-0.1228203860830325,-0.013037584391098034,-0.1228203860830325,-0.013037584391098044,-0.1228203860830325,-0.013037584391098044,-0.1228203860830325,-0.013037588867649802,-0.12282038825173479,0.025660337489780825,-0.12898596311529828,
lewidi_armis,qwen,48,GPP-laplace,2,256,0.6808283846318127,0.19810624318863482,0.3594921286763816,0.43779497010661733,0.5724137931034483,0.5724137931034483,0.42808467149734497,0.24138665199279785,-0.22943905670479162,-0.08875138051036005,-0.22943905670479162,-0.08875138051036009,-0.2294390567047916,-0.08875138051036009,-0.22943905670479162,-0.08875138051036008,-0.22943905670479162,-0.08875138051036008,-0.2294390609626722,-0.08875138078805538,-0.28910646905153065,-0.09785142029436421,
lewidi_armis,qwen,48,LPE,2,256,0.7496502388919284,0.18608975834981306,0.3274871986592188,0.3822479712357548,0.6482758620689655,0.6482758620689655,0.2885870039463043,0.19439297914505005,0.03683840744735038,-0.1372931270328123,0.03683840744735038,-0.13729312703281232,0.036838407447350376,-0.13729312703281227,0.036838407447350376,-0.13729312703281232,0.036838407447350376,-0.13729312703281232,0.03683840400916338,-0.13729312965117543,0.08450804479967818,-0.13514444411284568,
lewidi_armis,qwen,48,LP-temp,2,256,0.6550947055423715,0.18853725886344364,0.34669700128331254,0.44565426509820283,0.6551724137931034,0.6551724137931034,0.6717208432385214,,-0.08515760522711033,,-0.0851576052271103,,-0.0851576052271103,,-0.08515760522711031,,-0.08515760522711031,,-0.08515760644553069,,0.029081715821751602,,
lewidi_armis,qwen,48,GPP-cosine,3,16,1.2089198155735608,0.2792878087102795,0.4217850785604367,0.35770403624537594,0.5586206896551724,0.5586206896551724,0.29442912340164185,0.10447433590888977,-0.0871406666828797,-0.06417639069613436,-0.08714066668287972,-0.06417639069613434,-0.08714066668287969,-0.06417639069613434,-0.08714066668287973,-0.06417639069613434,-0.08714066668287973,-0.06417639069613434,-0.08714066919342726,-0.06417639277470627,-0.10674700395748822,-0.06021625864268566,
lewidi_armis,qwen,48,GPP-rbf,3,16,0.6985640243197518,0.20458424240753054,0.3735140111425827,0.43971316410781586,0.5586206896551724,0.5586206896551724,0.474212646484375,0.19607208669185638,0.13036054581970377,-0.10858683564473463,0.13036054581970377,-0.10858683564473465,0.13036054581970374,-0.1085868356447346,0.1303605458197038,-0.10858683564473465,0.1303605458197038,-0.10858683564473465,0.13036054587757043,-0.10858683422771767,0.12180106861815965,-0.13035451444808657,
lewidi_armis,qwen,48,GPP-laplace,3,16,0.6929663080158996,0.2052680855700917,0.3792700637003471,0.4609437775566024,0.5448275862068965,0.5448275862068965,0.44008827209472656,0.25265875458717346,-0.1598837330492835,0.16195584166511284,-0.15988373304928344,0.16195584166511284,-0.15988373304928347,0.1619558416651128,-0.1598837330492835,0.16195584166511284,-0.1598837330492835,0.16195584166511284,-0.15988373517078522,0.16195584405420585,-0.1594362302698382,0.15669912760426155,
lewidi_armis,qwen,48,LPE,3,16,0.7266703347322111,0.210481863437872,0.3787124080133849,0.4208852174531742,0.4896551724137931,0.4896551724137931,0.49073097109794617,0.14848829805850983,0.09485170246350715,0.06730971367886053,0.09485170246350715,0.06730971367886052,0.09485170246350713,0.06730971367886052,0.09485170246350715,0.06730971367886052,0.09485170246350715,0.06730971367886052,0.09485170286738284,0.06730971444680954,0.08690300963205773,0.07561246113655416,
lewidi_armis,qwen,48,LP-temp,3,16,0.6928788453889861,0.20527848479779767,0.3793436247976521,0.46131990006480117,0.4482758620689655,0.4482758620689655,0.6931231223942562,,0.10953990925311737,,0.10953990925311735,,0.10953990925311735,,0.10953990925311735,,0.10953990925311735,,0.10953990895725703,,0.1440400277759697,,
lewidi_armis,qwen,48,GPP-cosine,3,64,1.0447886931626398,0.22160461779960064,0.34624669481879744,0.31576208160086006,0.6,0.6,0.2859131395816803,0.05886582285165787,0.07050533502224113,0.06432639925535025,0.07050533502224113,0.06432639925535022,0.07050533502224113,0.06432639925535023,0.07050533502224113,0.06432639925535025,0.07050533502224113,0.06432639925535025,0.07050533427805698,0.06432639856503539,0.0934036284628022,0.09545645546198467,
lewidi_armis,qwen,48,GPP-rbf,3,64,0.7422004823628201,0.2105184234312678,0.37368688228829156,0.4091280486157566,0.5586206896551724,0.5586206896551724,0.44265466928482056,0.14626704156398773,-0.04793226530506713,-0.1361245611574553,-0.04793226530506712,-0.1361245611574553,-0.04793226530506712,-0.1361245611574553,-0.04793226530506713,-0.13612456115745533,-0.04793226530506713,-0.13612456115745533,-0.04793226671344028,-0.13612456120069277,-0.03010812932134283,-0.1238538956173421,
lewidi_armis,qwen,48,GPP-laplace,3,64,0.7029285243182726,0.20589948533148583,0.37053979028915535,0.4345593366385905,0.5724137931034483,0.5724137931034483,0.4236810505390167,0.24127691984176636,-0.19445891715267177,-0.05509917794651786,-0.19445891715267177,-0.05509917794651784,-0.19445891715267172,-0.055099177946517836,-0.19445891715267177,-0.05509917794651786,-0.19445891715267177,-0.05509917794651786,-0.19445891675707044,-0.05509917467120913,-0.18099091376125406,-0.03352954064964996,
lewidi_armis,qwen,48,LPE,3,64,0.8509054982872977,0.2262739713078342,0.37985482423020334,0.3784103527788806,0.5517241379310345,0.5517241379310345,0.3979235291481018,0.10306619107723236,-0.034140057466599136,0.03289061720893556,-0.03414005746659912,0.032890617208935574,-0.034140057466599136,0.032890617208935574,-0.03414005746659913,0.032890617208935574,-0.03414005746659913,0.032890617208935574,-0.03414005811211611,0.0328906179834699,-0.034555921152904845,0.027028888822569132,
lewidi_armis,qwen,48,LP-temp,3,64,0.6916605032315658,0.20056420499744768,0.3638334070295405,0.43393632666722903,0.5310344827586206,0.5310344827586206,0.6578898908070068,,-0.024900182398225185,,-0.024900182398225182,,-0.02490018239822518,,-0.024900182398225192,,-0.024900182398225192,,-0.02490018230320013,,-0.005474205331153242,,
lewidi_armis,qwen,48,GPP-cosine,3,256,0.8532913195015626,0.18512081519838527,0.29972819494506786,0.2972580837568189,0.6896551724137931,0.6896551724137931,0.31159794330596924,0.028247278183698654,0.14726292490483778,0.10159868092860438,0.14726292490483778,0.10159868092860438,0.14726292490483775,0.10159868092860436,0.14726292490483778,0.10159868092860441,0.14726292490483778,0.10159868092860441,0.14726292194957413,0.10159867907106673,0.15054064660671418,0.14164506294359017,
lewidi_armis,qwen,48,GPP-rbf,3,256,0.6654528098387679,0.18055322102975263,0.32874768852930647,0.3811791345547788,0.6137931034482759,0.6137931034482759,0.44967493414878845,0.11789856106042862,0.14499696516755892,-0.006691741447243053,0.1449969651675589,-0.006691741447243053,0.1449969651675589,-0.006691741447243046,0.14499696516755894,-0.00669174144724306,0.14499696516755894,-0.00669174144724306,0.14499696306364854,-0.006691741671457564,0.10195707429272913,-0.034213783319707765,
lewidi_armis,qwen,48,GPP-laplace,3,256,0.6938041480119006,0.2014548069749941,0.36226846380480404,0.4274165730952609,0.5724137931034483,0.5724137931034483,0.41988563537597656,0.23693831264972687,-0.10338341878740756,-0.01973346098582096,-0.10338341878740756,-0.019733460985820975,-0.10338341878740755,-0.019733460985820947,-0.10338341878740759,-0.019733460985820975,-0.10338341878740759,-0.019733460985820975,-0.10338342023528334,-0.019733459627026426,-0.1348023062796486,-0.028397440155357445,
lewidi_armis,qwen,48,LPE,3,256,0.7315910578539553,0.18836216214499904,0.32949792610457296,0.3451469396797818,0.6275862068965518,0.6275862068965518,0.30019867420196533,0.18487407267093658,0.20071883762733533,0.025318466251202307,0.20071883762733533,0.025318466251202296,0.2007188376273353,0.025318466251202307,0.20071883762733536,0.025318466251202307,0.20071883762733536,0.025318466251202307,0.20071883659880121,0.025318468768336246,0.18817580825839272,0.006158480997547398,
lewidi_armis,qwen,48,LP-temp,3,256,0.6598757723337065,0.18436332390385168,0.34000060313041447,0.40500604632564696,0.6,0.6,0.6222864665948866,,0.15018331029448734,,0.15018331029448734,,0.15018331029448734,,0.1501833102944874,,0.1501833102944874,,0.1501833119784729,,0.043451504816028864,,
lewidi_armis,qwen,48,GPP-cosine,4,16,0.8260014196011334,0.23446696253565533,0.3887806615631642,0.38566150441284136,0.5310344827586206,0.5310344827586206,0.40687114000320435,0.1457151174545288,0.021081714928064793,0.06771711522028716,0.02108171492806482,0.06771711522028717,0.021081714928064835,0.06771711522028717,0.021081714928064807,0.0677171152202872,0.021081714928064807,0.0677171152202872,0.021081713277200625,0.0677171133794917,-0.025318199656583745,0.07219108280458338,
lewidi_armis,qwen,48,GPP-rbf,4,16,0.6937137691580387,0.20161737054407297,0.3645530494636503,0.4323295638271652,0.5517241379310345,0.5517241379310345,0.4774106740951538,0.18152928352355957,0.05325564719203766,-0.09233356058277743,0.05325564719203765,-0.09233356058277745,0.05325564719203765,-0.09233356058277742,0.05325564719203765,-0.09233356058277745,0.05325564719203765,-0.09233356058277745,0.05325564731988358,-0.09233355980865732,0.12624886044972167,-0.08177094213410155,
lewidi_armis,qwen,48,GPP-laplace,4,16,0.6915373300587966,0.20464213812941365,0.37812910819875784,0.46033345877797643,0.5724137931034483,0.5724137931034483,0.43985986709594727,0.25227680802345276,-0.17633518430728695,0.1500081023202703,-0.176335184307287,0.1500081023202703,-0.176335184307287,0.15000810232027026,-0.176335184307287,0.1500081023202703,-0.176335184307287,0.1500081023202703,-0.17633518617626176,0.15000810496298916,-0.17654312192969204,0.14746140610794048,
lewidi_armis,qwen,48,LPE,4,16,0.7156094224863876,0.20322455447975565,0.3600090477487137,0.40116814502483034,0.5448275862068965,0.5448275862068965,0.48885709047317505,0.11335931718349457,0.03312747196629308,0.10340343665338553,0.03312747196629305,0.10340343665338556,0.03312747196629305,0.10340343665338553,0.03312747196629308,0.10340343665338556,0.03312747196629308,0.10340343665338556,0.033127470513216684,0.10340343803675991,0.06534832614064183,0.10400990129191161,
lewidi_armis,qwen,48,LP-temp,4,16,0.6919284156410721,0.20490820965511042,0.37867725277654307,0.4613180945137305,0.5379310344827586,0.5379310344827586,0.6931213168431857,,0.006277282405222982,,0.006277282405222996,,0.006277282405222986,,0.006277282405222986,,0.006277282405222986,,0.006277281825350589,,0.0947721797955905,,
lewidi_armis,qwen,48,GPP-cosine,4,64,0.9838585202840112,0.20343259369677458,0.318153522906279,0.29217492594868866,0.6551724137931034,0.6551724137931034,0.2908490002155304,0.06146732345223427,0.18181518087282944,0.1936050511613649,0.18181518087282944,0.1936050511613649,0.18181518087282944,0.1936050511613649,0.18181518087282944,0.1936050511613649,0.18181518087282944,0.1936050511613649,0.18181518103375754,0.19360505246746418,0.18783367042519564,0.2172575240801443,
lewidi_armis,qwen,48,GPP-rbf,4,64,0.7101618428988341,0.20306326667692925,0.3602302057475879,0.41785113514259714,0.593103448275862,0.593103448275862,0.4766172170639038,0.1515837013721466,0.06703866077781581,-0.08334605122096558,0.06703866077781581,-0.08334605122096553,0.06703866077781581,-0.08334605122096556,0.06703866077781581,-0.08334605122096558,0.06703866077781581,-0.08334605122096558,0.06703866159500635,-0.08334605009141906,0.1159847254538093,-0.09169293929681681,
lewidi_armis,qwen,48,GPP-laplace,4,64,0.6936655586970026,0.20444964506810903,0.37519991757540866,0.45166630289972454,0.5793103448275863,0.5793103448275863,0.43561413884162903,0.24785540997982025,-0.16937311571110467,0.0433019419375574,-0.1693731157111047,0.04330194193755741,-0.16937311571110467,0.04330194193755739,-0.1693731157111047,0.04330194193755742,-0.1693731157111047,0.04330194193755742,-0.16937311507356181,0.04330194630026463,-0.1604626437694294,0.0383194373180727,
lewidi_armis,qwen,48,LPE,4,64,0.7982935653111932,0.21596247143486652,0.3629431054381461,0.3817720097117813,0.5793103448275863,0.5793103448275863,0.42306140065193176,0.1070147231221199,0.04340345035167009,-0.1122719439928258,0.04340345035167007,-0.11227194399282578,0.04340345035167008,-0.11227194399282577,0.043403450351670085,-0.11227194399282579,0.043403450351670085,-0.11227194399282579,0.04340345045880971,-0.11227194413097615,0.05645274247751781,-0.10195707429272913,
lewidi_armis,qwen,48,LP-temp,4,64,0.6821745804424918,0.20041379023456757,0.3693569224436894,0.4553132397090152,0.5724137931034483,0.5724137931034483,0.6871164620384704,,-0.022120242831732195,,-0.022120242831732202,,-0.02212024283173221,,-0.022120242831732202,,-0.022120242831732202,,-0.022120241953111193,,-0.08827156096484602,,
lewidi_armis,qwen,48,GPP-cosine,4,256,0.9108306942767744,0.18629434109030266,0.30730690860281323,0.3146823234675331,0.6551724137931034,0.6551724137931034,0.30920571088790894,0.027933739125728607,0.05851866952700904,0.004748525091089962,0.05851866952700905,0.004748525091089965,0.05851866952700904,0.004748525091089964,0.058518669527009064,0.004748525091089964,0.058518669527009064,0.004748525091089964,0.05851866966264563,0.0047485250483549814,0.07013825580540091,0.060558396475882736,
lewidi_armis,qwen,48,GPP-rbf,4,256,0.6812680796926992,0.17990453481598045,0.33290964277653856,0.3803970186939737,0.6,0.6,0.43568167090415955,0.114591583609581,0.12113685574943026,-0.027623102270444427,0.1211368557494303,-0.027623102270444424,0.12113685574943024,-0.02762310227044442,0.1211368557494303,-0.027623102270444413,0.1211368557494303,-0.027623102270444413,0.12113685550320688,-0.02762310175558511,0.09271935279640806,-0.0013685513327883105,
lewidi_armis,qwen,48,GPP-laplace,4,256,0.6873565043617926,0.19971875709462455,0.3620180653087024,0.43216428265569107,0.5724137931034483,0.5724137931034483,0.4234974682331085,0.2392006665468216,-0.19611483373385222,-0.0736940920149963,-0.1961148337338522,-0.07369409201499633,-0.1961148337338522,-0.07369409201499633,-0.19611483373385225,-0.07369409201499633,-0.19611483373385225,-0.07369409201499633,-0.19611483379254618,-0.07369408931218749,-0.19262360008995472,-0.06226908564186814,
lewidi_armis,qwen,48,LPE,4,256,0.8039550248252404,0.19493997110076444,0.3388396989335386,0.3472524943794034,0.6068965517241379,0.6068965517241379,0.2907119691371918,0.1720840483903885,0.13963865707683407,0.01358477310225848,0.13963865707683404,0.013584773102258505,0.13963865707683404,0.013584773102258488,0.13963865707683404,0.013584773102258491,0.13963865707683404,0.013584773102258491,0.13963865795241748,0.013584772125249354,0.1255645847833275,-0.00034213783319707764,
lewidi_armis,qwen,48,LP-temp,4,256,0.7060019346770877,0.19673025567880836,0.3531681937903866,0.3958871249919551,0.6,0.6,0.6089911908086321,,0.18569466536343243,,0.18569466536343243,,0.18569466536343243,,0.18569466536343243,,0.18569466536343243,,0.18569466747465277,,0.1317230657808749,,
