dataset,model,layer,method,seed,n_obs,soft_ce,jsd,tvd,entce,rankcs,acc,mean_alea,mean_mi,corrAlea_entropy,corrMI_entropy,corrAlea_norm_entropy,corrMI_norm_entropy,corrAlea_one_minus_max,corrMI_one_minus_max,corrAlea_gini,corrMI_gini,corrAlea_top2_margin,corrMI_top2_margin,corrAlea_bern_var,corrMI_bern_var,corrAleaS_entropy,corrMIS_entropy,mono_alea
lewidi_md,qwen,0,GPP-cosine,0,16,0.6741398795473886,0.14754366103289998,0.3152785576199994,0.3521793031036476,0.6640497219496239,0.6640497219496239,0.6761279106140137,0.013298256322741508,0.1483031804272378,-0.16025084427120667,0.1483031804272378,-0.16025084427120667,0.13854410563443925,-0.15331189795015746,0.14634948607664297,-0.15923730813395864,0.13854410563443928,-0.15331189795015748,0.14634948623098726,-0.1592373082094405,0.13173257392686638,-0.1655431063416949,1.0
lewidi_md,qwen,0,GPP-rbf,0,16,0.6749206216752902,0.14641986919797026,0.3120228522449566,0.3419452894472523,0.5950278050376185,0.5950278050376185,0.5175276398658752,0.1550719439983368,0.13178264574463827,-0.16064081191335317,0.1317826457446383,-0.16064081191335317,0.12088590267629276,-0.15202581717264468,0.1293694926225046,-0.1591198606878692,0.12088590267629276,-0.15202581717264468,0.12936949262348202,-0.15911986125206123,0.12061435023790727,-0.154321196868495,1.0
lewidi_md,qwen,0,GPP-laplace,0,16,0.6745770613595532,0.14760832244546107,0.3139622051404082,0.35049697132707613,0.6545632973503435,0.6545632973503435,0.4392637610435486,0.2484053373336792,-0.02775879663636762,-0.08620548828177406,-0.027758796636367614,-0.08620548828177407,-0.030977461651761004,-0.08162626147365122,-0.0289286048669691,-0.08540264735130365,-0.03097746165176101,-0.08162626147365123,-0.028928604519650195,-0.08540264783055787,-0.03385165129378942,-0.08264624988711378,-1.0
lewidi_md,qwen,0,LPE,0,16,0.6920982111139654,0.14878837861549943,0.3120680925776615,0.32291600710630286,0.5839057899901865,0.5839057899901865,0.46753695607185364,0.16688920557498932,0.07423637047541454,-0.034206787055880705,0.07423637047541454,-0.034206787055880705,0.06713345987436192,-0.032619607067260706,0.07258344411508569,-0.03395817747434418,0.06713345987436194,-0.03261960706726071,0.07258344338460712,-0.033958178108356406,0.04234759370094766,-0.03424492149243016,0.5
lewidi_md,qwen,0,LP-temp,0,16,0.6907328370236379,0.15435578011247778,0.3268169149653457,0.3555639471238737,0.5567549885508669,0.5567549885508669,0.6928108469517148,,0.072527541218077,,0.07252754121807699,,0.06940926339360093,,0.07207558462570617,,0.06940926339360094,,0.07207558393624328,,0.04389381489859523,,1.0
lewidi_md,qwen,0,GPP-cosine,0,64,0.646682311458492,0.13489282974238384,0.29274021043500986,0.3354191485629919,0.6696107294733399,0.6696107294733399,0.6599531769752502,0.007724991999566555,0.12207381515624949,-0.15078928213406634,0.12207381515624949,-0.15078928213406634,0.11584968085213757,-0.14343898926929388,0.12101618304043446,-0.14958571337807106,0.11584968085213757,-0.1434389892692939,0.12101618148932239,-0.1495857138587358,0.12100895907277819,-0.1642871897469479,1.0
lewidi_md,qwen,0,GPP-rbf,0,64,0.6627489023683304,0.1346755824613884,0.28894095961156824,0.3118942212723647,0.6591429506051685,0.6591429506051685,0.46795400977134705,0.13697978854179382,0.1292192136288467,-0.10453684884490536,0.12921921362884672,-0.10453684884490534,0.1204018173446853,-0.09896546205500995,0.12742131963772052,-0.10355768615778368,0.1204018173446853,-0.09896546205500996,0.12742131772874518,-0.10355768743844893,0.13122691123710206,-0.09199119427949302,1.0
lewidi_md,qwen,0,GPP-laplace,0,64,0.6595070351919674,0.13966580095812173,0.3004216585755543,0.3351715706620604,0.6620870134118417,0.6620870134118417,0.42453011870384216,0.2390127182006836,-0.06515820197058818,-0.08320608852700337,-0.06515820197058818,-0.08320608852700336,-0.061204679213091744,-0.07702341217862738,-0.06440154253712102,-0.081894698607673,-0.06120467921309175,-0.0770234121786274,-0.06440154355438159,-0.08189469956785372,-0.08618154442015576,-0.08922101400568473,-1.0
lewidi_md,qwen,0,LPE,0,64,0.7526121761976677,0.1476353229480419,0.29551986062178,0.29106157362409524,0.6516192345436702,0.6516192345436702,0.37646257877349854,0.11635517328977585,0.12493449253872863,-0.05561595838560611,0.12493449253872863,-0.05561595838560611,0.11579533979128637,-0.05317605931319479,0.12300931055781678,-0.05525455780652608,0.1157953397912864,-0.053176059313194794,0.12300930889213901,-0.055254558714375505,0.12098081634737955,-0.025265453810456983,1.0
lewidi_md,qwen,0,LP-temp,0,64,0.6738274556530478,0.14732002025437982,0.31485017560423617,0.35132579955796206,0.6333006215243703,0.6333006215243703,0.6883812139591868,,0.08042296241963835,,0.08042296241963834,,0.07303908055596718,,0.07872692444793848,,0.07303908055596718,,0.07872692384522247,,0.08832292784559552,,0.5
lewidi_md,qwen,0,GPP-cosine,0,256,0.6345596385758637,0.1271363537958031,0.2811743411332086,0.3154541824344899,0.6689564932940791,0.6689564932940791,0.6254256963729858,0.005180226173251867,0.13690784020868196,-0.1363019022338778,0.13690784020868196,-0.13630190223387778,0.12623389058725215,-0.1295278582356351,0.13459761680367144,-0.13517442130737706,0.12623389058725218,-0.1295278582356351,0.13459761307533302,-0.13517442184657358,0.10647556121718517,-0.15817065766336277,1.0
lewidi_md,qwen,0,GPP-rbf,0,256,0.6885640589779327,0.1350396148874225,0.28498702006530907,0.3021937486146911,0.6696107294733399,0.6696107294733399,0.4392247498035431,0.09400937706232071,0.08570009967741438,-0.0988640922542815,0.08570009967741436,-0.09886409225428147,0.07578490082373275,-0.09561045541867433,0.08326984824144515,-0.09855143482607914,0.07578490082373278,-0.09561045541867433,0.08326984561152771,-0.09855143655680601,0.08748982560285251,-0.07496899263759474,0.5
lewidi_md,qwen,0,GPP-laplace,0,256,0.6609070741638373,0.1350651278925305,0.2919319174820627,0.3101501256392899,0.666993784756297,0.666993784756297,0.391552597284317,0.2150317132472992,-0.058684763366205955,-0.08942947080269233,-0.05868476336620596,-0.08942947080269231,-0.06031341004824012,-0.08696467183057202,-0.05958261350381532,-0.08929222887308869,-0.06031341004824012,-0.08696467183057202,-0.05958261613520169,-0.08929223100399805,-0.05704590202644025,-0.08545097977554374,-1.0
lewidi_md,qwen,0,LPE,0,256,0.7977558221636675,0.15219944459368676,0.29914083003092634,0.296277550439574,0.643114164213281,0.643114164213281,0.26290029287338257,0.19933459162712097,0.1239548768509691,-0.025458954451018038,0.12395487685096909,-0.025458954451018038,0.11231309847456972,-0.029420134180304598,0.12126133344676054,-0.026838977533522254,0.11231309847456972,-0.029420134180304598,0.12126133145367596,-0.026838979592468563,0.11512211267452253,-0.020022382097752124,0.5
lewidi_md,qwen,0,LP-temp,0,256,0.665458899772932,0.14246657654703188,0.30426195791713734,0.339767479148055,0.6267582597317631,0.6267582597317631,0.6716873759244276,,0.09087229636624264,,0.09087229636624264,,0.08349813579077782,,0.08925083016747465,,0.0834981357907778,,0.08925083006306,,0.07630327305409464,,1.0
lewidi_md,qwen,0,GPP-cosine,0,1024,0.607942155376609,0.116184107708163,0.26219419276266853,0.30761421865742294,0.6993784756297023,0.6993784756297023,0.6169296503067017,0.003378769150003791,0.2135950090855091,-0.10804245923982148,0.21359500908550907,-0.10804245923982146,0.19891339824841286,-0.103504737103501,0.21059066210803956,-0.10740190676408329,0.19891339824841286,-0.10350473710350101,0.2105906581486796,-0.10740190787542733,0.17184989739429538,-0.1171488663549307,1.0
lewidi_md,qwen,0,GPP-rbf,0,1024,0.6525476426056565,0.11666927674465016,0.2549500730921678,0.2791157608370603,0.7160614982008505,0.7160614982008505,0.4191764295101166,0.0697672888636589,0.21661305198307193,-0.04753876480883534,0.2166130519830719,-0.04753876480883534,0.20441936580942793,-0.04466554085386397,0.21438656245043125,-0.04699013033159672,0.204419365809428,-0.04466554085386397,0.2143865605778137,-0.04699013161040064,0.20147849296767262,0.01494458861712824,1.0
lewidi_md,qwen,0,GPP-laplace,0,1024,0.6426143423091377,0.12709401363130965,0.27917067544997265,0.3023345053203388,0.6692836113837095,0.6692836113837095,0.38435614109039307,0.21067313849925995,0.09893473453993969,0.05107316933707548,0.09893473453993966,0.051073169337075466,0.08641780679263655,0.04322673717342351,0.09580337623152269,0.049035213923269566,0.08641780679263658,0.04322673717342351,0.09580337265373351,0.04903521062184962,0.057568195626431604,0.01434434716733239,0.5
lewidi_md,qwen,0,LPE,0,1024,0.8243398344487592,0.13537827927644283,0.2693670902837024,0.27550514546093435,0.6905462872096827,0.6905462872096827,0.14900873601436615,0.2621122896671295,0.1999866985805168,0.09883718330810096,0.1999866985805168,0.09883718330810096,0.19171879291343852,0.096363328251578,0.19884103236427345,0.09876165983379073,0.19171879291343852,0.096363328251578,0.19884103222485736,0.09876165994657557,0.19749819291554427,0.09417032572751327,1.0
lewidi_md,qwen,0,LP-temp,0,1024,0.633208813460619,0.12829941597001104,0.2809541894141735,0.32812559336027186,0.6869479882237488,0.6869479882237488,0.6537532476484913,,0.14902845124026426,,0.14902845124026426,,0.14417478679242082,,0.14857263741189075,,0.14417478679242085,,0.1485726390542873,,0.17334842397588088,,1.0
lewidi_md,qwen,0,GPP-cosine,1,16,0.6565717916860385,0.13345000916797978,0.2912089490972394,0.30800166311886645,0.666993784756297,0.666993784756297,0.5981754660606384,0.012057555839419365,0.10554324793887976,-0.1502160236030651,0.10554324793887976,-0.15021602360306507,0.09823698940422244,-0.1433825678556233,0.10404299253985362,-0.14916582002432566,0.09823698940422246,-0.1433825678556233,0.10404299137816422,-0.14916582031313658,0.0937536797899128,-0.15507460527638872,1.0
lewidi_md,qwen,0,GPP-rbf,1,16,0.6934971662729134,0.14306167421431928,0.3007171782300895,0.30663395656931913,0.6643768400392541,0.6643768400392541,0.4048020541667938,0.16586357355117798,-0.07161863610392234,-0.14122149621849023,-0.07161863610392233,-0.14122149621849023,-0.0717542435520816,-0.13478655088241773,-0.0721507361535972,-0.14023093221919564,-0.0717542435520816,-0.13478655088241775,-0.0721507371454059,-0.14023093284432847,-0.0851724678316586,-0.13630995130970497,-1.0
lewidi_md,qwen,0,GPP-laplace,1,16,0.6683830747352405,0.14468834468885552,0.3081007076730165,0.3454597414720046,0.6581615963362774,0.6581615963362774,0.43298226594924927,0.24864760041236877,-0.09629679937009636,-0.07371686910972516,-0.09629679937009636,-0.07371686910972516,-0.09025715822123098,-0.06719564035066776,-0.0951186562540877,-0.07223741115358964,-0.09025715822123098,-0.06719564035066776,-0.0951186564053923,-0.07223741172309685,-0.09739594507728537,-0.07160326852397786,-1.0
lewidi_md,qwen,0,LPE,1,16,0.8388477661986523,0.16506815453011384,0.3147945032516919,0.29370895191345714,0.6594700686947988,0.6594700686947988,0.3312552273273468,0.07325208187103271,-0.009932553233676079,-0.0782907476467047,-0.009932553233676086,-0.07829074764670468,-0.01627194475122274,-0.07730381429318126,-0.011929951778294848,-0.07852694070783806,-0.016271944751222744,-0.07730381429318128,-0.011929952842598244,-0.07852694158820636,-0.02106003813962528,-0.0750205030705676,-0.5
lewidi_md,qwen,0,LP-temp,1,16,0.6960177042204138,0.1417369694369465,0.29636820476366466,0.29786747683409315,0.6526005888125613,0.6526005888125613,0.5615946713892834,,0.013424901594892454,,0.013424901594892454,,0.005311583100972991,,0.01104770445065802,,0.005311583100972994,,0.011047703142310825,,-0.010891642166639057,,0.5
lewidi_md,qwen,0,GPP-cosine,1,64,0.6636056850336954,0.14276222809590033,0.3061146068322452,0.3454735278642186,0.639515865227347,0.639515865227347,0.6746599674224854,0.007840422913432121,0.14860430058134627,-0.1587034090034694,0.14860430058134627,-0.15870340900346938,0.13786323128249908,-0.15109948316933647,0.14635381023548874,-0.1574768882019096,0.1378632312824991,-0.15109948316933647,0.14635381016054053,-0.15747688861068643,0.13534542372200598,-0.17144627874288287,1.0
lewidi_md,qwen,0,GPP-rbf,1,64,0.7067157829195134,0.15516062022259902,0.3203654653384507,0.3270460456216322,0.5590448151782793,0.5590448151782793,0.5021909475326538,0.1417342573404312,0.12250362322332908,-0.12742121548014096,0.1225036232233291,-0.12742121548014093,0.11550252571158247,-0.11980117591092163,0.12121247617481017,-0.12597540203830465,0.11550252571158247,-0.11980117591092163,0.1212124761341965,-0.12597540257018902,0.12076689279644644,-0.11702517283060884,1.0
lewidi_md,qwen,0,GPP-laplace,1,64,0.6813102890392958,0.15045937674264437,0.3196428569145245,0.35318621250241444,0.6257769054628721,0.6257769054628721,0.44221749901771545,0.24817641079425812,0.059664116207617766,-0.07050093640151543,0.05966411620761777,-0.07050093640151542,0.0537019164094413,-0.06488943864331456,0.05825848404575827,-0.06927630550127867,0.05370191640944131,-0.06488943864331458,0.0582584840031729,-0.06927630613645523,0.05512912434810814,-0.07044396646938725,0.5
lewidi_md,qwen,0,LPE,1,64,0.8287901022383461,0.1795177953621736,0.34166091126658504,0.3005654058792729,0.5479228001308473,0.5479228001308473,0.42774397134780884,0.11340581625699997,0.11215589583971697,-0.08204059066851872,0.11215589583971697,-0.08204059066851872,0.10527365987208014,-0.07984793937472329,0.11083000619676388,-0.08193553525384108,0.10527365987208014,-0.07984793937472329,0.1108300060874112,-0.08193553517201128,0.10209526180612807,-0.05751282068018987,1.0
lewidi_md,qwen,0,LP-temp,1,64,0.7174539679895047,0.1588255035914012,0.32458516538617416,0.3254129694601548,0.5498855086686294,0.5498855086686294,0.6440734968585082,,0.08517476699964391,,0.0851747669996439,,0.07774761478587974,,0.08349812605011347,,0.07774761478587974,,0.08349812635869315,,0.03831308546976014,,1.0
lewidi_md,qwen,0,GPP-cosine,1,256,0.6402984055915134,0.12882931941112077,0.28360320298664704,0.31356236104843943,0.666993784756297,0.666993784756297,0.6213944554328918,0.004985906183719635,0.13298453363672716,-0.14203406055181067,0.13298453363672716,-0.14203406055181067,0.1196916032537275,-0.1355908207710413,0.12985036313265202,-0.14104654103351044,0.11969160325372752,-0.13559082077104134,0.12985036062476812,-0.14104654184646775,0.1075221187388781,-0.16083565574318356,0.5
lewidi_md,qwen,0,GPP-rbf,1,256,0.6939871608136227,0.13439407502882728,0.2832782860301675,0.2964029472632874,0.6712463199214916,0.6712463199214916,0.42512229084968567,0.09176210314035416,0.11598023844734295,-0.07875553436668908,0.11598023844734294,-0.0787555343666891,0.1083093762628756,-0.07488939452538597,0.11444054837493951,-0.07811865661765557,0.1083093762628756,-0.07488939452538598,0.11444054614500165,-0.07811865837150067,0.1134053342323183,-0.046758752265429075,1.0
lewidi_md,qwen,0,GPP-laplace,1,256,0.6721365534443262,0.13718852436891518,0.2931842881531781,0.3027353747037767,0.6676480209355578,0.6676480209355578,0.37871989607810974,0.20832780003547668,-0.05880910141348923,-0.08040559297619748,-0.05880910141348923,-0.08040559297619748,-0.05850724689235104,-0.07731863678777161,-0.05912027597921012,-0.08001716003472166,-0.05850724689235104,-0.07731863678777162,-0.05912027756477711,-0.0800171613990254,-0.06432561937353024,-0.08152216963395753,-1.0
lewidi_md,qwen,0,LPE,1,256,0.8338147985948141,0.15504350663695288,0.2998280881945901,0.2926292123547209,0.6467124631992149,0.6467124631992149,0.2519627511501312,0.18130512535572052,0.14217288221961444,-0.0168708333253678,0.14217288221961444,-0.016870833325367797,0.13690438239420552,-0.016829166145934812,0.14154383383004443,-0.016973774501050375,0.13690438239420552,-0.01682916614593481,0.1415438325076135,-0.016973776236770176,0.13852129183419548,-0.0036132299113372703,1.0
lewidi_md,qwen,0,LP-temp,1,256,0.6639208511417931,0.13879877829613788,0.2965766598257483,0.32346518683108677,0.6257769054628721,0.6257769054628721,0.6434220566626786,,0.12137728649241467,,0.12137728649241467,,0.11900716989458199,,0.12148781049899887,,0.119007169894582,,0.12148781047062834,,0.1122708920853008,,1.0
lewidi_md,qwen,0,GPP-cosine,1,1024,0.6137703710608035,0.11874458442772125,0.2663901504330242,0.31007905455694357,0.6895649329407916,0.6895649329407916,0.621671199798584,0.0033961397130042315,0.20782168119940558,-0.11493412357752207,0.2078216811994056,-0.11493412357752206,0.19452424297119358,-0.10892774463320383,0.20519902579642285,-0.11389383202995508,0.19452424297119364,-0.10892774463320384,0.20519902201228882,-0.11389383287705641,0.16959522416341838,-0.12292321611817564,1.0
lewidi_md,qwen,0,GPP-rbf,1,1024,0.6449075421490966,0.11481163028837489,0.2515050882812819,0.2786540934295393,0.7176970886490023,0.7176970886490023,0.4295348823070526,0.06277494132518768,0.21924764108215794,-0.04619253155157084,0.21924764108215794,-0.04619253155157084,0.2074773929279622,-0.044874903365998885,0.21716807627700985,-0.04610810002058929,0.20747739292796225,-0.04487490336599889,0.21716807343034178,-0.046108101877924815,0.21100873742843,0.015418588577818816,1.0
lewidi_md,qwen,0,GPP-laplace,1,1024,0.642818843251427,0.12684405811806385,0.2776667383792824,0.2996601511513472,0.6696107294733399,0.6696107294733399,0.38293036818504333,0.20737218856811523,0.10095328045704731,0.04362442999486999,0.1009532804570473,0.043624429994869984,0.09410795394568305,0.041155139264274485,0.09956184809711874,0.04317190193650535,0.09410795394568308,0.041155139264274485,0.09956184431159856,0.043171898476055,0.0703665785989915,0.01927905130571717,1.0
lewidi_md,qwen,0,LPE,1,1024,0.7217334972599498,0.12374733213057337,0.25781619787029914,0.27500720111218596,0.7075564278704612,0.7075564278704612,0.17139263451099396,0.273202508687973,0.2147352059233199,0.09756354817537624,0.2147352059233199,0.09756354817537623,0.20390648312912307,0.0936297139234217,0.21291125903524571,0.0970349667121305,0.20390648312912307,0.09362971392342173,0.2129112579495621,0.09703496523053111,0.20999518717046553,0.09396370376579699,1.0
lewidi_md,qwen,0,LP-temp,1,1024,0.6370915781084695,0.13100354526289734,0.28606800923932607,0.3359325355450109,0.7062479555119399,0.7062479555119399,0.6666263633191858,,0.13927382452550197,,0.139273824525502,,0.13245606287655268,,0.13815340628963496,,0.13245606287655268,,0.13815340702357684,,0.1688321038806412,,1.0
lewidi_md,qwen,0,GPP-cosine,2,16,0.6681210903682082,0.13515381057842377,0.29093404607295914,0.2960241573177289,0.666993784756297,0.666993784756297,0.571112334728241,0.011655744165182114,0.05528663311025821,-0.1539053615352527,0.05528663311025819,-0.1539053615352527,0.05694541224621484,-0.14635371630638555,0.05617036508279188,-0.15266186896793815,0.05694541224621484,-0.14635371630638555,0.056170362982502706,-0.15266186919468536,0.05118323582127521,-0.1642758526058126,1.0
lewidi_md,qwen,0,GPP-rbf,2,16,0.7447615443862278,0.1529469211965137,0.30854973927783663,0.2947158409601125,0.6653581943081452,0.6653581943081452,0.38234642148017883,0.12464580684900284,-0.06365764839541864,-0.1439359781742453,-0.06365764839541864,-0.14393597817424533,-0.06284948873436169,-0.13616654009990492,-0.06384796323412707,-0.14255787872838993,-0.0628494887343617,-0.13616654009990498,-0.06384796248699603,-0.14255787877332418,-0.06781865780751818,-0.13299141402316944,-1.0
lewidi_md,qwen,0,GPP-laplace,2,16,0.6631191643897018,0.14085663400414974,0.30241655919056215,0.33433581236058907,0.6647039581288845,0.6647039581288845,0.4218064248561859,0.2395763099193573,-0.12364531889421844,-0.11521437247612563,-0.12364531889421843,-0.1152143724761256,-0.11774916924534606,-0.10790842037913874,-0.12269827555755969,-0.11378049017873366,-0.11774916924534606,-0.10790842037913874,-0.12269827564800306,-0.11378049053271184,-0.12585020090772053,-0.11642329490155619,-1.0
lewidi_md,qwen,0,LPE,2,16,0.9453666655444644,0.18155182518582855,0.32530662037384517,0.29548944292411217,0.6637226038599935,0.6637226038599935,0.27586138248443604,0.0675540342926979,0.003113288829625023,-0.051830227995337,0.0031132888296250185,-0.05183022799533701,0.0010395301812614489,-0.05138730863883985,0.0025034987630045214,-0.05205064212950073,0.0010395301812614567,-0.05138730863883985,0.0025034999464484684,-0.05205064134141353,-0.0019317170292853366,-0.04602328735465311,0.5
lewidi_md,qwen,0,LP-temp,2,16,0.7525223853161507,0.15376238113626559,0.30764968796103986,0.28940197323902767,0.6529277069021917,0.6529277069021917,0.5138459147094319,,0.012527947172092494,,0.012527947172092492,,0.009386268736107165,,0.011657669148178972,,0.009386268736107166,,0.011657670626477695,,0.004125469898850328,,0.5
lewidi_md,qwen,0,GPP-cosine,2,64,0.6707617755927208,0.14617407505191374,0.31269329646160526,0.35152255896081014,0.6575073601570167,0.6575073601570167,0.6805736422538757,0.00819042045623064,0.15322152470006709,-0.15969810411878707,0.15322152470006709,-0.15969810411878707,0.1426168342308831,-0.15246383664674662,0.15104418338165088,-0.15859090196447195,0.14261683423088312,-0.15246383664674662,0.1510441826979267,-0.15859090222171368,0.1458927541256198,-0.1709327006991564,1.0
lewidi_md,qwen,0,GPP-rbf,2,64,0.6767296761895769,0.14436711616274717,0.3055199268226788,0.3290058284982033,0.6149820085050703,0.6149820085050703,0.48283571004867554,0.16042962670326233,0.07789931812252028,-0.1416652220764842,0.07789931812252027,-0.1416652220764842,0.07619857671660296,-0.13229315598863156,0.07791558860827194,-0.13978381733280856,0.07619857671660298,-0.1322931559886316,0.07791558773357911,-0.13978381813667717,0.09071997060361474,-0.13591369142542645,1.0
lewidi_md,qwen,0,GPP-laplace,2,64,0.6741621048680192,0.14753071671122728,0.3144080669813816,0.3514752238207917,0.6535819430814525,0.6535819430814525,0.4391140341758728,0.24948939681053162,-0.009555573328658123,-0.061978416693433264,-0.009555573328658123,-0.061978416693433264,-0.00810272052081167,-0.055414233071235004,-0.00917890080438444,-0.06040543786393564,-0.008102720520811665,-0.055414233071235,-0.009178901146195548,-0.06040543866628703,-0.009560403190412584,-0.05392956737532234,-0.5
lewidi_md,qwen,0,LPE,2,64,0.7837896425991924,0.16258352757086109,0.31962485759600645,0.3061877097876525,0.6032057572783774,0.6032057572783774,0.3999130427837372,0.12898065149784088,0.06808968522081785,-0.08448401250524083,0.06808968522081783,-0.08448401250524083,0.06579288159873459,-0.08141089472513142,0.06785732135915004,-0.08412774207493215,0.06579288159873459,-0.08141089472513142,0.0678573208900189,-0.08412774347913583,0.06962033883354571,-0.07365593677757883,1.0
lewidi_md,qwen,0,LP-temp,2,64,0.6840823092503606,0.14967767331203485,0.315213280819432,0.34050675430945687,0.5789990186457311,0.5789990186457311,0.6722857079949267,,0.06563743505201308,,0.06563743505201308,,0.05889102176973223,,0.06403407316887486,,0.05889102176973224,,0.06403407294198474,,0.03064910784880417,,0.5
lewidi_md,qwen,0,GPP-cosine,2,256,0.6393348930919721,0.1259407811298377,0.27749542984106124,0.2990754085363998,0.6699378475629703,0.6699378475629703,0.5916450023651123,0.004809562116861343,0.1554214075751076,-0.1286274032060772,0.1554214075751076,-0.12862740320607718,0.14269372274938785,-0.12298739286072574,0.15261303190759948,-0.12779245725926464,0.14269372274938785,-0.12298739286072574,0.15261302785278386,-0.12779245827304833,0.11796748116020417,-0.14426785667213396,1.0
lewidi_md,qwen,0,GPP-rbf,2,256,0.7132769114211421,0.13703338695296438,0.2843416091093902,0.28838169338882436,0.6679751390251881,0.6679751390251881,0.3955470323562622,0.0906888097524643,0.14316774581830433,-0.05341919096822825,0.1431677458183043,-0.05341919096822825,0.13009466275483347,-0.051802988612803066,0.14017027289934536,-0.053293418538608785,0.13009466275483347,-0.051802988612803066,0.14017027039905183,-0.053293420225000325,0.12403561117423748,-0.01934597581548003,0.5
lewidi_md,qwen,0,GPP-laplace,2,256,0.689327624011034,0.14084403246464972,0.2968129123389565,0.2998951986680963,0.666993784756297,0.666993784756297,0.3620062470436096,0.2000841498374939,-0.07840446174190888,-0.08833597628913337,-0.07840446174190888,-0.08833597628913337,-0.07613632452380371,-0.08459462502267337,-0.07825151322714788,-0.08780273498706487,-0.07613632452380373,-0.08459462502267337,-0.07825151462040511,-0.08780273622242014,-0.08931273829525864,-0.09366604418216143,-1.0
lewidi_md,qwen,0,LPE,2,256,0.8686859764424743,0.15716441265772904,0.29879130737383963,0.2833434724115648,0.6542361792607131,0.6542361792607131,0.23751676082611084,0.1628156155347824,0.16642205772604277,0.025606654599106188,0.16642205772604274,0.025606654599106188,0.15237532174700882,0.0220772862552192,0.1632876343114614,0.02470802051831894,0.15237532174700885,0.02207728625521921,0.1632876325614237,0.024708018659441895,0.15614121480025933,0.04811258051363865,1.0
lewidi_md,qwen,0,LP-temp,2,256,0.6659497822094352,0.13753967590314062,0.29407652089318165,0.31712285945818375,0.633954857703631,0.633954857703631,0.6308918212968877,,0.14023082154132638,,0.14023082154132638,,0.133064133132095,,0.13901076978039958,,0.133064133132095,,0.13901076915378371,,0.12258939923857347,,1.0
lewidi_md,qwen,0,GPP-cosine,2,1024,0.6076724356181786,0.11653188227132506,0.2629817974457251,0.3106229464891213,0.6997055937193327,0.6997055937193327,0.6224410533905029,0.0034340298734605312,0.21258772084161054,-0.11371424370392252,0.21258772084161054,-0.11371424370392255,0.19660724074406238,-0.10876475422274307,0.209181173361976,-0.11298724503828775,0.19660724074406238,-0.10876475422274307,0.2091811698529495,-0.1129872457553629,0.17089038364706874,-0.11498550250129147,1.0
lewidi_md,qwen,0,GPP-rbf,2,1024,0.6374305050234141,0.11316629565991299,0.24815524533596411,0.2784591430491898,0.7265292770690219,0.7265292770690219,0.42808282375335693,0.06936602294445038,0.21886452714454516,-0.05489775578731772,0.21886452714454513,-0.054897755787317704,0.20912170583288375,-0.05067428437750406,0.21739936272055407,-0.053988621642264194,0.20912170583288375,-0.05067428437750407,0.21739935994432927,-0.05398862314036941,0.21019082126122354,0.0050641846208034575,1.0
lewidi_md,qwen,0,GPP-laplace,2,1024,0.6409242155384265,0.126686042092767,0.27838747801078195,0.30435832809676827,0.6725547922800131,0.6725547922800131,0.38481366634368896,0.2105790376663208,0.060511254956878945,0.01584334495817007,0.06051125495687893,0.015843344958170066,0.05291778494040684,0.012621412934338376,0.05861496864563231,0.014971364263532159,0.05291778494040684,0.01262141293433838,0.0586149648443309,0.014971360993673659,0.01252554165583141,-0.01909124249884919,0.5
lewidi_md,qwen,0,LPE,2,1024,0.7666113666872892,0.13120307780092072,0.26403212790099384,0.27787318681593154,0.6987242394504416,0.6987242394504416,0.15543366968631744,0.27062326669692993,0.21078511248866513,0.0733685749690745,0.21078511248866513,0.0733685749690745,0.20639551208735626,0.07617519878927054,0.2108937732067261,0.07472556370443555,0.2063955120873563,0.07617519878927054,0.21089377264507014,0.07472556331678948,0.21107891154516295,0.07515811922489557,1.0
lewidi_md,qwen,0,LP-temp,2,1024,0.6332753000245148,0.12713511011072645,0.27776569956005487,0.3251887521062731,0.6961072947333987,0.6961072947333987,0.6466454260397728,,0.13196132085065893,,0.13196132085065893,,0.12928756333803057,,0.13205197129674887,,0.12928756333803057,,0.13205197260986,,0.1713903904865531,,1.0
lewidi_md,qwen,0,GPP-cosine,3,16,0.6497198693613928,0.13484125754061027,0.29314148886446706,0.3275394166213394,0.666993784756297,0.666993784756297,0.6411399841308594,0.012707944959402084,0.11050049730641892,-0.15822855302378236,0.11050049730641892,-0.15822855302378236,0.09991723703265615,-0.1513298305404197,0.10803689483248616,-0.15721339906811385,0.09991723703265613,-0.15132983054041974,0.1080368938800566,-0.15721339923715705,0.10064849727262992,-0.16376946823076988,0.5
lewidi_md,qwen,0,GPP-rbf,3,16,0.6671926606861495,0.14065382353396924,0.30150655826805345,0.3267538198464556,0.6483480536473667,0.6483480536473667,0.4849548041820526,0.1571487933397293,0.0800622934454032,-0.14801099099549825,0.0800622934454032,-0.14801099099549825,0.07480797154653789,-0.1396468929227295,0.07901189281859536,-0.1464798406326161,0.0748079715465379,-0.1396468929227295,0.07901189251750759,-0.1464798413722922,0.0776685458688718,-0.1374440795610502,1.0
lewidi_md,qwen,0,GPP-laplace,3,16,0.6716328033253884,0.14644024099756472,0.3123228393219677,0.35037997831549533,0.662414131501472,0.662414131501472,0.4381280541419983,0.24948853254318237,-0.025445495820490528,-0.05968927699305681,-0.025445495820490528,-0.05968927699305681,-0.0265592505460126,-0.0554359804132063,-0.025958842858129917,-0.058803903962023375,-0.026559250546012606,-0.0554359804132063,-0.025958842745968033,-0.05880390463817142,-0.029121805364675624,-0.05860862584530877,-1.0
lewidi_md,qwen,0,LPE,3,16,0.7142809909515198,0.1538332301178759,0.31593516312593195,0.31543964849807926,0.5796532548249919,0.5796532548249919,0.4805504381656647,0.13109950721263885,0.0873998663630748,-0.06154989521484911,0.08739986636307481,-0.061549895214849104,0.08770972780806088,-0.05870483019332086,0.08809315346599388,-0.061105854139529577,0.08770972780806088,-0.05870483019332086,0.08809315374624624,-0.06110585482619054,0.08532180293721824,-0.06482987479062505,1.0
lewidi_md,qwen,0,LP-temp,3,16,0.6917426530922389,0.15478356074769622,0.3276771546161283,0.3558591062166293,0.5842329080798168,0.5842329080798168,0.6931060060444704,,0.05766798320880661,,0.05766798320880661,,0.06186566311232039,,0.05934072317217732,,0.061865663112320404,,0.059340722978644365,,0.04133578630819365,,1.0
lewidi_md,qwen,0,GPP-cosine,3,64,0.6495180243398442,0.13176007556452107,0.28895761087746413,0.3118549902678248,0.666993784756297,0.666993784756297,0.613224446773529,0.007058282382786274,0.12070658027464003,-0.14999714265407887,0.12070658027464001,-0.14999714265407885,0.11214162446921164,-0.14261686100809323,0.11892717361789513,-0.1487790182996964,0.11214162446921165,-0.14261686100809326,0.11892717121631088,-0.14877901868524895,0.0952299645165047,-0.1709800633232563,1.0
lewidi_md,qwen,0,GPP-rbf,3,64,0.6964967280696001,0.1394228059191654,0.29321375021319207,0.3031893079319833,0.6676480209355578,0.6676480209355578,0.4152607321739197,0.12091822177171707,0.02794090077711787,-0.12049207406019681,0.027940900777117868,-0.1204920740601968,0.017525248675551733,-0.11681724168791738,0.02496249623203087,-0.12019945487094677,0.017525248675551733,-0.11681724168791738,0.02496249438821075,-0.12019945601225651,0.02008283984340582,-0.1045896018479642,0.5
lewidi_md,qwen,0,GPP-laplace,3,64,0.6654672975866712,0.13881259179750702,0.2985784167123457,0.3206922258312957,0.6653581943081452,0.6653581943081452,0.40231987833976746,0.22620056569576263,-0.10589989206849665,-0.10735010712018676,-0.10589989206849665,-0.10735010712018678,-0.10101468724177176,-0.10116530524482413,-0.10513890308026763,-0.10620353832611998,-0.10101468724177178,-0.10116530524482414,-0.10513890414409278,-0.10620353930308636,-0.11474178300447586,-0.10995835874648309,-1.0
lewidi_md,qwen,0,LPE,3,64,0.8598272106650505,0.16046718348655573,0.3038349048620041,0.2973859694689399,0.6630683676807327,0.6630683676807327,0.30273526906967163,0.08585240691900253,0.06615283312662981,-0.057636686453218365,0.06615283312662981,-0.057636686453218365,0.054733145944930665,-0.06105829871781404,0.06313074177217297,-0.059073023916649404,0.05473314594493066,-0.06105829871781405,0.06313074027919827,-0.05907302543316397,0.0559803829838178,-0.03028708494011743,0.5
lewidi_md,qwen,0,LP-temp,3,64,0.6690036857496229,0.13597287411426837,0.29108789387522693,0.3109066599024619,0.6454039908406934,0.6454039908406934,0.6022332975831162,,0.0636558273952666,,0.06365582739526658,,0.056258346811014395,,0.0618407393366494,,0.05625834681101439,,0.06184073833054339,,0.05816504204083438,,0.5
lewidi_md,qwen,0,GPP-cosine,3,256,0.6319434006667257,0.12811401265383004,0.2816112245224955,0.3265039034266961,0.6787700359829899,0.6787700359829899,0.6492376923561096,0.005482612177729607,0.18729443409539057,-0.1414692191732459,0.18729443409539057,-0.1414692191732459,0.17775724921795177,-0.13497739806036996,0.18567549127611027,-0.14046304336859577,0.17775724921795183,-0.13497739806036996,0.1856754878247734,-0.14046304392509884,0.16535919038937383,-0.1572360498318914,1.0
lewidi_md,qwen,0,GPP-rbf,3,256,0.6657602889297707,0.12955531119444985,0.2785326823533388,0.2919433796192822,0.666012430487406,0.666012430487406,0.447347491979599,0.09729201346635818,0.1930205989856495,-0.05500344458782135,0.19302059898564944,-0.055003444587821346,0.18204835218174445,-0.05274798346184026,0.19100415373841184,-0.05469397796845707,0.18204835218174445,-0.05274798346184027,0.1910041514225092,-0.05469397964581193,0.1774067757577601,-0.02364156521217689,1.0
lewidi_md,qwen,0,GPP-laplace,3,256,0.6534177393641866,0.1338707589233567,0.29114238748440835,0.3164209944287441,0.666993784756297,0.666993784756297,0.4024883806705475,0.22185878455638885,-0.0052998152714828235,-0.04736387016198043,-0.0052998152714828235,-0.047363870161980424,-0.007232199945880923,-0.04530198206532063,-0.005924237813310545,-0.04706095858882401,-0.007232199945880925,-0.04530198206532063,-0.005924239937078388,-0.04706096035051792,-0.039061371628169875,-0.0671980202386887,-0.5
lewidi_md,qwen,0,LPE,3,256,0.7800727973828796,0.1465135745505218,0.29027814882151215,0.2789877575497298,0.6483480536473667,0.6483480536473667,0.2594728469848633,0.18782614171504974,0.20906930153527387,0.03694674399366128,0.20906930153527387,0.03694674399366128,0.1967075719337511,0.03417136864970702,0.20673996960664642,0.03635529762270036,0.1967075719337511,0.03417136864970702,0.20673996794546842,0.036355296205516,0.19660679935998895,0.04802821235846366,1.0
lewidi_md,qwen,0,LP-temp,3,256,0.6613279537264489,0.1364287844691922,0.29032164319685105,0.31813362314306,0.6382073928688257,0.6382073928688257,0.6333272092333335,,0.1443798015216027,,0.1443798015216027,,0.1383803161391758,,0.14354341022224668,,0.1383803161391758,,0.14354340991813322,,0.15185231943130997,,1.0
lewidi_md,qwen,0,GPP-cosine,3,1024,0.6147939087546441,0.11873120969438264,0.26711698643446435,0.3089210156871369,0.6866208701341184,0.6866208701341184,0.6173349618911743,0.0033221293706446886,0.20448067472197026,-0.11834677262800758,0.20448067472197023,-0.11834677262800758,0.1849315112632278,-0.11441132657408368,0.1999324754254287,-0.11796013585517287,0.18493151126322782,-0.11441132657408368,0.19993247137389628,-0.1179601367761051,0.17383569709121224,-0.12857675528961843,0.5
lewidi_md,qwen,0,GPP-rbf,3,1024,0.6551808393247113,0.11844938195943844,0.2564656618753074,0.28288919196778484,0.718351324828263,0.718351324828263,0.4284076988697052,0.06608390063047409,0.18787610253872683,-0.06046015007942449,0.1878761025387268,-0.06046015007942449,0.17633747758173085,-0.058807177459329396,0.18565202890431465,-0.060371441338334456,0.17633747758173085,-0.05880717745932941,0.18565202566708916,-0.060371443337824265,0.1802558011772627,-0.014932429020779242,1.0
lewidi_md,qwen,0,GPP-laplace,3,1024,0.6452021060612388,0.12747153450215526,0.27853131815084337,0.2996319745864524,0.671573438011122,0.671573438011122,0.3803146183490753,0.20699116587638855,0.08114059598726853,0.03020991184059476,0.08114059598726853,0.030209911840594753,0.0737628785815347,0.02690321239661985,0.07945135231517232,0.029410592540987955,0.07376287858153471,0.026903212396619847,0.07945134803069834,0.029410588714714782,0.057235534109574486,0.011689930041261249,0.5
lewidi_md,qwen,0,LPE,3,1024,0.7441558123678428,0.13168014540226047,0.2687027264749444,0.28418475477409766,0.694471704285247,0.694471704285247,0.16432836651802063,0.2803659439086914,0.18568561040747888,0.05924042574933723,0.18568561040747888,0.05924042574933724,0.17480438572951934,0.05637345395430437,0.18364659736013333,0.05877388991856186,0.17480438572951934,0.056373453954304376,0.18364659587038512,0.05877388842056712,0.17674091825272648,0.054139177571391486,1.0
lewidi_md,qwen,0,LP-temp,3,1024,0.6346420955121085,0.12957158793966547,0.283560918937952,0.33193799904113774,0.6947988223748773,0.6947988223748773,0.6597115251907476,,0.13713386274218062,,0.13713386274218062,,0.12626608857758936,,0.13476619989614297,,0.12626608857758936,,0.13476619961640968,,0.1485400334265292,,1.0
lewidi_md,qwen,0,GPP-cosine,4,16,0.6574115637961314,0.1337560261721117,0.2913874471362096,0.3078306273862358,0.666993784756297,0.666993784756297,0.5987757444381714,0.011732613667845726,0.09367877560669452,-0.15277442867960705,0.09367877560669449,-0.15277442867960705,0.09178151415125874,-0.14483503113272228,0.09374337982057546,-0.15140517707185916,0.09178151415125875,-0.1448350311327223,0.09374337920375689,-0.15140517743880072,0.08625341032894068,-0.16298177302222822,1.0
lewidi_md,qwen,0,GPP-rbf,4,16,0.6717845279298009,0.1401460707960274,0.29884219063841366,0.3171262437677325,0.6581615963362774,0.6581615963362774,0.43999937176704407,0.18008285760879517,0.038610750264553545,-0.1156822317972033,0.03861075026455354,-0.1156822317972033,0.03853450610679461,-0.10801425088086973,0.03885216009856286,-0.11414137625716109,0.03853450610679461,-0.10801425088086973,0.03885216003182272,-0.11414137675930475,0.027612772579159815,-0.1099537772884652,1.0
lewidi_md,qwen,0,GPP-laplace,4,16,0.6743011561784026,0.14754645344785997,0.31426713679998497,0.35101792782634694,0.6542361792607131,0.6542361792607131,0.43715760111808777,0.2511001527309418,-0.045941518603256265,-0.03340329571808858,-0.045941518603256265,-0.033403295718088574,-0.0427308083391815,-0.029406810706040263,-0.04527922719581217,-0.03241593290276763,-0.0427308083391815,-0.02940681070604026,-0.04527922708729054,-0.03241593356848989,-0.04557394443120708,-0.031171580978731038,-1.0
lewidi_md,qwen,0,LPE,4,16,0.7538173167147876,0.1518473580206527,0.30221693425420715,0.2860103883308489,0.6542361792607131,0.6542361792607131,0.3660244047641754,0.127623051404953,0.07301671645705979,-0.01604650844230384,0.07301671645705979,-0.01604650844230383,0.06727646279960053,-0.01502539760951694,0.07177014163854605,-0.015845716851290367,0.06727646279960053,-0.01502539760951694,0.07177014161851669,-0.015845717058419157,0.058100356661055064,-0.002379084737741062,1.0
lewidi_md,qwen,0,LP-temp,4,16,0.7249283944905969,0.15054309760250364,0.3058487502812735,0.2973572545602258,0.6169447170428525,0.6169447170428525,0.5616566764997912,,0.0740095844800939,,0.07400958448009391,,0.06685848427289005,,0.072340437871306,,0.06685848427289005,,0.07234043795258902,,0.05181328374072717,,0.5
lewidi_md,qwen,0,GPP-cosine,4,64,0.6553878636240561,0.13894159079689092,0.29794979143959655,0.33923745851209486,0.666993784756297,0.666993784756297,0.6676062345504761,0.007861609570682049,0.13063837253161217,-0.15723071618253778,0.13063837253161217,-0.15723071618253778,0.12032602708834907,-0.14952236778270578,0.12839523253805565,-0.15596232255722509,0.12032602708834908,-0.14952236778270578,0.12839523253954455,-0.15596232287172718,0.12083409752485892,-0.17263970571432502,1.0
lewidi_md,qwen,0,GPP-rbf,4,64,0.6800695912358661,0.14183757551322093,0.3002926403578002,0.31783212967545493,0.6329735034347399,0.6329735034347399,0.45188745856285095,0.16065546870231628,0.08139204134278913,-0.10938883454964568,0.08139204134278911,-0.10938883454964568,0.07761056369361707,-0.10225473075267227,0.08079899861047672,-0.10796732787783644,0.07761056369361707,-0.10225473075267227,0.08079899852573871,-0.10796732839109095,0.09904800327578438,-0.10323420396800669,1.0
lewidi_md,qwen,0,GPP-laplace,4,64,0.6655695540846757,0.14289574587827847,0.3053003738972148,0.3408879327884297,0.6594700686947988,0.6594700686947988,0.42890793085098267,0.24456222355365753,-0.08578851819221422,-0.08491195856862221,-0.08578851819221422,-0.08491195856862221,-0.07645818063146817,-0.07577133945728277,-0.08353686909559221,-0.0827120408921857,-0.07645818063146817,-0.07577133945728279,-0.08353686929344366,-0.08271204137806244,-0.09637905602989902,-0.08612140940918232,-0.5
lewidi_md,qwen,0,LPE,4,64,0.815533919841851,0.16274814044519303,0.31382233425561756,0.2951411945339025,0.6110565914295061,0.6110565914295061,0.36704277992248535,0.11287035793066025,0.111356837537377,-0.06161081250028452,0.111356837537377,-0.061610812500284516,0.10386352495372847,-0.05575792214592966,0.1098394969168606,-0.06025178895547805,0.10386352495372847,-0.05575792214592966,0.10983949687179882,-0.060251789342109056,0.11122687587227789,-0.03450750140932787,1.0
lewidi_md,qwen,0,LP-temp,4,64,0.760684067108438,0.15839726957422792,0.31542194465517015,0.2983544047154467,0.5966633954857704,0.5966633954857704,0.5509767583877175,,0.09881487810491779,,0.09881487810491779,,0.08966873617437648,,0.09670856153411392,,0.08966873617437648,,0.09670856148445282,,0.07808375866685331,,0.5
lewidi_md,qwen,0,GPP-cosine,4,256,0.6395607708150466,0.12798168696745288,0.28240708361898015,0.309842737734176,0.6676480209355578,0.6676480209355578,0.6140699982643127,0.005109500139951706,0.1480237986812089,-0.13269582926281057,0.1480237986812089,-0.13269582926281057,0.14133858006965005,-0.1260140065538117,0.1470036853744947,-0.13157170114492941,0.14133858006965005,-0.12601400655381173,0.14700368183244783,-0.1315717018299231,0.12352243953934212,-0.15543220573944025,1.0
lewidi_md,qwen,0,GPP-rbf,4,256,0.716275079091368,0.14118541263753542,0.2917319187338054,0.2987127515663861,0.6529277069021917,0.6529277069021917,0.40833449363708496,0.10186866670846939,0.091439055269331,-0.08181712043552536,0.09143905526933098,-0.08181712043552536,0.08577072460945107,-0.07786095619125247,0.09034062464892678,-0.0811738269042909,0.0857707246094511,-0.07786095619125247,0.090340622911884,-0.0811738282691194,0.09142122588238258,-0.05952514051466715,1.0
lewidi_md,qwen,0,GPP-laplace,4,256,0.6830204721548668,0.14065597222320272,0.2975243640028362,0.30437316603116754,0.6663395485770363,0.6663395485770363,0.374080091714859,0.2084166705608368,-0.09746319592094747,-0.10257539504688983,-0.09746319592094747,-0.10257539504688981,-0.08980028877449275,-0.09399288090437893,-0.09579902264916595,-0.10066638488845189,-0.08980028877449275,-0.09399288090437893,-0.09579902350249822,-0.10066638568779906,-0.09984877338105407,-0.10115366236921124,-1.0
lewidi_md,qwen,0,LPE,4,256,0.8465987600770893,0.1592543836843959,0.3032470075478101,0.29356241577071895,0.6496565260058881,0.6496565260058881,0.25263869762420654,0.17364107072353363,0.12103709102105734,-0.025850267039516487,0.12103709102105731,-0.025850267039516484,0.11654013284237069,-0.0219321181999789,0.1204980017075887,-0.024834981277266382,0.1165401328423707,-0.021932118199978905,0.12049800076889425,-0.024834982178908747,0.1171851486046495,-0.005417892250496126,1.0
lewidi_md,qwen,0,LP-temp,4,256,0.679591218412398,0.13957519183951345,0.2944493685461089,0.3109079402452355,0.6310107948969578,0.6310107948969578,0.6067720037099792,,0.10497763282853911,,0.1049776328285391,,0.09916277403005819,,0.10392739285792399,,0.09916277403005819,,0.1039273932252518,,0.10173808240947317,,1.0
lewidi_md,qwen,0,GPP-cosine,4,1024,0.6059062520822515,0.11631711150850654,0.2626973073679733,0.3127991804748125,0.7029767746156362,0.7029767746156362,0.6284946203231812,0.0034619164653122425,0.2352384264342669,-0.11719491550748203,0.2352384264342669,-0.11719491550748203,0.22114163380270035,-0.11140601281848239,0.23256039316735533,-0.11623630462182558,0.22114163380270035,-0.11140601281848239,0.23256038946099225,-0.11623630539376807,0.20784870677764186,-0.12183738390036698,1.0
lewidi_md,qwen,0,GPP-rbf,4,1024,0.6276622736424502,0.10963236647497068,0.24287059665414049,0.274973627657579,0.7353614654890416,0.7353614654890416,0.42398908734321594,0.06820843368768692,0.2381746831928925,-0.04156247276862758,0.23817468319289248,-0.04156247276862758,0.23324714745687797,-0.03441041583432079,0.2383073399497862,-0.03967066277441517,0.233247147456878,-0.0344104158343208,0.23830733813954638,-0.0396706637852629,0.23331447039352238,0.02694453304289309,1.0
lewidi_md,qwen,0,GPP-laplace,4,1024,0.6367488211264328,0.12540813021047278,0.2759064159657359,0.3031700835763413,0.6692836113837095,0.6692836113837095,0.3868168294429779,0.21144941449165344,0.09634397124888922,0.04434197644198024,0.0963439712488892,0.044341976441980235,0.09295578749785784,0.04448705192848257,0.09597309455054087,0.044690020819231215,0.09295578749785785,0.04448705192848257,0.09597309035616727,0.04469001711150039,0.05712603726292395,0.008215940443312213,1.0
lewidi_md,qwen,0,LPE,4,1024,0.7616082233184006,0.1243053598760225,0.2559744523983149,0.2745520092858609,0.7140987896630684,0.7140987896630684,0.14867421984672546,0.271704763174057,0.22646949713810213,0.11179677585816028,0.22646949713810216,0.1117967758581603,0.22075855272227476,0.11514838695256863,0.22628351168860794,0.11358298859111188,0.22075855272227482,0.11514838695256863,0.2262835118223764,0.11358298893508603,0.22465465787935585,0.10913932306063968,1.0
lewidi_md,qwen,0,LP-temp,4,1024,0.6203524632914541,0.12275859063131267,0.2713314878777295,0.32371522491027377,0.7105004906771345,0.7105004906771345,0.6454851464640389,,0.1578777823708745,,0.1578777823708745,,0.15475342423072652,,0.15800891248476565,,0.15475342423072652,,0.15800891406629408,,0.19526562755782478,,1.0
lewidi_md,qwen,10,GPP-cosine,0,16,0.7192530185228081,0.1613682244841753,0.3285743056031509,0.32819038145194224,0.5538109257441937,0.5538109257441937,0.630226731300354,0.023035181686282158,0.03360044625234547,-0.0416487864196735,0.03360044625234547,-0.041648786419673504,0.027679735818882202,-0.036291817515764796,0.03202881684446941,-0.04030388409955649,0.027679735818882206,-0.036291817515764796,0.03202881641138418,-0.04030388365458878,0.011085769460786382,-0.10019616288773026,0.5
lewidi_md,qwen,10,GPP-rbf,0,16,0.671487054183165,0.14529184792110098,0.30906215869194936,0.34218660899366815,0.6175989532221132,0.6175989532221132,0.48217570781707764,0.19196248054504395,0.1581295265665863,-0.20046779757183042,0.1581295265665863,-0.2004677975718304,0.15479644514509946,-0.19040725351951884,0.15819885924560512,-0.19877985789666247,0.1547964451450995,-0.19040725351951887,0.15819885816041318,-0.19877985828324252,0.15838295890835455,-0.19786018421006332,1.0
lewidi_md,qwen,10,GPP-laplace,0,16,0.6841299385320008,0.15172269775274938,0.3222645087070741,0.3548500314676655,0.6368989205103042,0.6368989205103042,0.43958741426467896,0.2525094747543335,-0.010194720618201742,-0.0215518369597726,-0.010194720618201748,-0.021551836959772606,-0.01038175982288942,-0.02024720254383531,-0.010321512270764352,-0.021302488031961584,-0.010381759822889428,-0.020247202543835312,-0.01032151195464171,-0.021302488570638163,-0.010350068523155478,-0.02238895724098061,-1.0
lewidi_md,qwen,10,LPE,0,16,0.7022945210903054,0.15077965477923902,0.3114992734096581,0.317950479656564,0.6012430487405953,0.6012430487405953,0.5109606981277466,0.10834245383739471,0.04769079956334815,-0.05144054259678632,0.04769079956334815,-0.05144054259678631,0.04332842095010535,-0.037979339122190474,0.046689998502350095,-0.047696308421776565,0.04332842095010535,-0.03797933912219048,0.046689996909374074,-0.04769630784280107,0.04448040026985606,-0.03274335368191571,0.5
lewidi_md,qwen,10,LP-temp,0,16,1.0561749151454622,0.2040735410176265,0.3525832326814613,0.29903373382505016,0.5904481517827936,0.5904481517827936,0.4000568060612964,,0.037739983424460916,,0.037739983424460916,,0.03765352354178224,,0.037972316518732195,,0.03765352354178224,,0.03797231579009058,,0.03790502922861403,,1.0
lewidi_md,qwen,10,GPP-cosine,0,64,0.6544045463081264,0.13555643637718706,0.29529825897323,0.3339905071762967,0.6411514556754988,0.6411514556754988,0.6422994136810303,0.013057990930974483,0.10764584645807247,-0.004915421339994566,0.10764584645807247,-0.004915421339994564,0.09832454612286062,-0.0008276753571362112,0.10554674420715121,-0.0037050461309640504,0.09832454612286064,-0.0008276753571362086,0.10554674325155078,-0.003705045989880029,0.17709470805325198,-0.07699545080378827,1.0
lewidi_md,qwen,10,GPP-rbf,0,64,0.6534466889351243,0.13364728790385264,0.28933577709653074,0.3188456558701503,0.6571802420673863,0.6571802420673863,0.46838095784187317,0.15685692429542542,0.14241871036418433,-0.13524041363674863,0.1424187103641843,-0.13524041363674863,0.13559985340877173,-0.1279948560550548,0.1413195118644815,-0.13396215773846817,0.13559985340877173,-0.12799485605505484,0.14131950970465976,-0.13396215868602745,0.1534432513692628,-0.13209750032906842,1.0
lewidi_md,qwen,10,GPP-laplace,0,64,0.6654743927751204,0.14354696605468395,0.3062807656641797,0.3453424942553034,0.6653581943081452,0.6653581943081452,0.4343447685241699,0.24736422300338745,-0.06281018466028393,-0.09370620681154611,-0.06281018466028392,-0.0937062068115461,-0.0634110034616602,-0.09070401018215041,-0.06342349926664292,-0.0934347236398958,-0.0634110034616602,-0.09070401018215042,-0.06342350009228843,-0.09343472442052458,-0.06315587014702065,-0.0993507248700567,-1.0
lewidi_md,qwen,10,LPE,0,64,0.7237567431883561,0.146330110976634,0.2979082223869166,0.2970327543181124,0.6287209682695453,0.6287209682695453,0.41442081332206726,0.11972156912088394,0.11928004841480583,-0.04178182010882025,0.11928004841480583,-0.04178182010882024,0.11620839210008807,-0.034731164984364724,0.11916269303945567,-0.039922373956885096,0.11620839210008807,-0.03473116498436473,0.11916269123145816,-0.03992237548864294,0.12092690884296674,-0.01853003003948116,1.0
lewidi_md,qwen,10,LP-temp,0,64,0.6818638356080349,0.1418728994216545,0.2974450511206541,0.310288599854035,0.6169447170428525,0.6169447170428525,0.6071691305660039,,0.08745818966233845,,0.08745818966233845,,0.08708002000292214,,0.08794248145712413,,0.08708002000292216,,0.08794247994359305,,0.07778165413922307,,1.0
lewidi_md,qwen,10,GPP-cosine,0,256,0.7649084760878487,0.14701576622703355,0.300117267593528,0.3004243210171625,0.5711481844946026,0.5711481844946026,0.5429539680480957,0.00424803514033556,0.12630784265402148,-0.017622321546347103,0.12630784265402148,-0.017622321546347096,0.11430855264171891,-0.01685614190049773,0.12352162010549922,-0.017509915214588598,0.11430855264171892,-0.01685614190049773,0.12352161948237504,-0.01750991515701243,0.11845208905771004,-0.00320089433854682,0.5
lewidi_md,qwen,10,GPP-rbf,0,256,0.6544893336337694,0.1212123981947679,0.2627346614872446,0.28990075618898187,0.7072293097808309,0.7072293097808309,0.4075455367565155,0.10755939036607742,0.16329020416987597,-0.04312771525578664,0.16329020416987597,-0.04312771525578663,0.1501452854598923,-0.04423570036911126,0.16040877557621017,-0.043760489248651516,0.1501452854598923,-0.04423570036911127,0.16040877112383287,-0.04376049217377308,0.15506983566606922,-0.02825258238733941,1.0
lewidi_md,qwen,10,GPP-laplace,0,256,0.6556134310986059,0.1344656658698608,0.2921532285312909,0.3155018948177809,0.6666666666666666,0.6666666666666666,0.39730319380760193,0.22342397272586823,-0.07622764913905028,-0.10345567114874565,-0.07622764913905028,-0.10345567114874565,-0.0736099093675906,-0.09891605828123416,-0.07595338425706294,-0.10278310827126919,-0.07360990936759061,-0.09891605828123418,-0.07595338741643087,-0.10278311086401754,-0.07208081806432293,-0.10129014484435192,-1.0
lewidi_md,qwen,10,LPE,0,256,0.7806194180807251,0.13621912506368053,0.27118131356028224,0.28332806150984746,0.7033038927052666,0.7033038927052666,0.25900033116340637,0.15773196518421173,0.16382034570594436,0.028638891276149384,0.16382034570594434,0.028638891276149395,0.15072343084286632,0.023687140169139614,0.16095715983606632,0.027328151037665373,0.15072343084286635,0.02368714016913962,0.1609571569994658,0.02732814896525836,0.15424686759948733,0.04147662149869789,1.0
lewidi_md,qwen,10,LP-temp,0,256,0.6813386258659933,0.13061840616447154,0.2744232845898735,0.29085347358984837,0.6790971540726202,0.6790971540726202,0.531954777803129,,0.14114827950383096,,0.14114827950383096,,0.13063465498603027,,0.13891591067492584,,0.13063465498603027,,0.13891590932462683,,0.10993498702847508,,1.0
lewidi_md,qwen,10,GPP-cosine,0,1024,0.6886854482571682,0.12764743073252166,0.27489709378742755,0.2918434934910073,0.6313379129865881,0.6313379129865881,0.5553069710731506,0.003495554905384779,0.18097970700797358,0.03450841303257215,0.18097970700797358,0.03450841303257215,0.176068011106649,0.04264660470940833,0.1807252058469924,0.037221685035441245,0.176068011106649,0.042646604709408335,0.18072520568673112,0.037221685872243324,0.17174894895609136,0.02566269634636021,1.0
lewidi_md,qwen,10,GPP-rbf,0,1024,0.614599624840344,0.10000270314401916,0.2273022306660096,0.2599312015264234,0.7533529604187111,0.7533529604187111,0.37831830978393555,0.07645741105079651,0.3019844433125497,0.037664451998507244,0.3019844433125497,0.03766445199850725,0.29206872409919105,0.03975778386452203,0.3010363111667115,0.03855966410647211,0.29206872409919105,0.03975778386452203,0.3010363084760866,0.03855966231815957,0.29171139198923246,0.09367821094980457,1.0
lewidi_md,qwen,10,GPP-laplace,0,1024,0.6327856248309678,0.12390982639875224,0.274015640189806,0.3020026260415283,0.6728819103696434,0.6728819103696434,0.38443082571029663,0.21512095630168915,0.1214151353224256,0.08046509005197881,0.12141513532242557,0.0804650900519788,0.11109589121237745,0.07275209983960042,0.11910668549143813,0.07866918013731561,0.11109589121237748,0.07275209983960042,0.11910668081569484,0.0786691757622249,0.09676795320243138,0.057856519676063464,1.0
lewidi_md,qwen,10,LPE,0,1024,0.7664557394584458,0.11338249404666526,0.2371807754722251,0.26000636583310016,0.7438665358194309,0.7438665358194309,0.11721843481063843,0.25054624676704407,0.2824904996790165,0.1821893150465963,0.2824904996790165,0.1821893150465963,0.27351121925200866,0.18161707439275696,0.2816937635134757,0.1832637712796596,0.2735112192520087,0.18161707439275698,0.2816937633840258,0.18326377116522344,0.2851328616950466,0.1863459431923404,1.0
lewidi_md,qwen,10,LP-temp,0,1024,0.5966039729580085,0.10710157671658242,0.2432610307333471,0.287400057466237,0.7203140333660452,0.7203140333660452,0.5752268294195014,,0.2534992967888706,,0.2534992967888706,,0.24865683962556023,,0.25376287163286326,,0.24865683962556023,,0.25376287249533813,,0.2587824851987709,,1.0
lewidi_md,qwen,10,GPP-cosine,1,16,0.6651348674442528,0.13753000848032354,0.29262372475125975,0.32304011026790064,0.6287209682695453,0.6287209682695453,0.6136196851730347,0.01867048814892769,0.05083478960084368,-0.034751122012388135,0.05083478960084368,-0.03475112201238812,0.04475137304659643,-0.03161481936506204,0.04933175571216743,-0.03403478379809847,0.04475137304659643,-0.03161481936506205,0.049331754729586424,-0.03403478334821769,0.0084587554746727,-0.10792651455055483,0.5
lewidi_md,qwen,10,GPP-rbf,1,16,0.6972025424462749,0.14312253538915579,0.29949351662259927,0.3003028858230577,0.666993784756297,0.666993784756297,0.40036076307296753,0.15841007232666016,-0.054370718702888364,-0.17388942026735207,-0.05437071870288836,-0.1738894202673521,-0.05371604602813798,-0.16703199446608064,-0.05454409887987809,-0.1729941643137841,-0.053716046028137995,-0.16703199446608066,-0.05454409999242923,-0.1729941647742508,-0.05350353707228321,-0.1703671390376789,-1.0
lewidi_md,qwen,10,GPP-laplace,1,16,0.6706942048247992,0.14583948674316505,0.31010953331592234,0.34751033156522493,0.662414131501472,0.662414131501472,0.43487268686294556,0.24974903464317322,-0.11011010209391969,-0.08265786592038335,-0.11011010209391969,-0.08265786592038335,-0.10706934242918519,-0.07906461478436683,-0.10993930471012454,-0.08213078311492888,-0.1070693424291852,-0.07906461478436683,-0.10993930462477683,-0.08213078357574075,-0.1079476039394836,-0.0844069216364482,-1.0
lewidi_md,qwen,10,LPE,1,16,0.8087262248785761,0.15804820421505147,0.3062743293036154,0.28549716099413985,0.6620870134118417,0.6620870134118417,0.3390692472457886,0.08077829331159592,0.04375739183465957,-0.015190141487121958,0.04375739183465957,-0.015190141487121958,0.0376463618184421,-0.019022472014639913,0.04219745002065052,-0.016460574648923806,0.03764636181844211,-0.01902247201463992,0.042197448718343786,-0.016460575837793312,0.03166697522284296,-0.0031870329362030823,0.5
lewidi_md,qwen,10,LP-temp,1,16,0.6619837975448487,0.13531195966689022,0.2916278192712208,0.3101528238537812,0.656853123977756,0.656853123977756,0.6111586957198497,,0.049332535198456026,,0.04933253519845602,,0.0423577783542974,,0.047547935768710914,,0.0423577783542974,,0.047547934525685814,,0.024140567882204374,,0.5
lewidi_md,qwen,10,GPP-cosine,1,64,1.2193571040183675,0.258859966039535,0.42456108787781066,0.2804629602228927,0.47693817468105987,0.47693817468105987,0.3332710862159729,0.005572364665567875,0.08357763186796131,-0.018539715448614612,0.0835776318679613,-0.018539715448614612,0.07429154264119675,-0.017154349363225317,0.08132429725324136,-0.018245153490095024,0.07429154264119675,-0.01715434936322532,0.08132429784128022,-0.0182451533427758,0.07081395403333685,0.0069792397120956124,0.5
lewidi_md,qwen,10,GPP-rbf,1,64,0.6854810679941122,0.14853953773282805,0.3106581037733088,0.3301333152058162,0.5953549231272489,0.5953549231272489,0.48882871866226196,0.16400258243083954,0.15538664095667978,-0.1624574487417872,0.15538664095667978,-0.16245744874178722,0.15068892866078787,-0.15433954967526953,0.15502186457986,-0.16110023344175134,0.15068892866078787,-0.15433954967526956,0.15502186449552308,-0.16110023332987908,0.1547730780213301,-0.16361601274032217,1.0
lewidi_md,qwen,10,GPP-laplace,1,64,0.683899139702479,0.15161805774161236,0.3222285900161397,0.3547312992373877,0.6365718024206739,0.6365718024206739,0.44091159105300903,0.2510548233985901,0.043946494057839604,-0.05491072943308187,0.043946494057839604,-0.054910729433081854,0.04176585100533692,-0.05285618289758239,0.04358402010567418,-0.05466177364138829,0.041765851005336925,-0.05285618289758239,0.04358402012161096,-0.054661774134925054,0.04323711468419991,-0.05456174880708812,1.0
lewidi_md,qwen,10,LPE,1,64,0.7828281005051527,0.16922970198980988,0.3282309495768784,0.3009094816737389,0.5662414131501472,0.5662414131501472,0.4303394556045532,0.12733861804008484,0.11596812940715581,-0.062331966886244206,0.11596812940715581,-0.062331966886244206,0.11315598610014797,-0.05321079976485296,0.1159070562601893,-0.05998322007356044,0.11315598610014799,-0.05321079976485296,0.11590705664932348,-0.05998321975973539,0.10566596774358428,-0.04234246186684035,1.0
lewidi_md,qwen,10,LP-temp,1,64,0.6855342535462359,0.1513773460824938,0.31835430408625703,0.34661799018638945,0.563297350343474,0.563297350343474,0.6826028557156633,,0.09247888918487959,,0.09247888918487959,,0.08949121790253944,,0.09220341538199575,,0.08949121790253946,,0.09220341569624571,,0.06226162340134359,,1.0
lewidi_md,qwen,10,GPP-cosine,1,256,0.6996935619216904,0.1333731532483565,0.2841596883791052,0.3130142526282114,0.6529277069021917,0.6529277069021917,0.5828967094421387,0.004579070024192333,0.12014142338694142,0.0020736031384956596,0.12014142338694142,0.0020736031384956596,0.10956594300249806,0.0016831090933113607,0.11774626151959364,0.001968971568295605,0.10956594300249807,0.0016831090933113572,0.11774626043198644,0.001968971484662716,0.1865221357805633,-0.03930863897068501,1.0
lewidi_md,qwen,10,GPP-rbf,1,256,0.6676749445171645,0.12463597271269997,0.26905549131128187,0.28753514896787913,0.6947988223748773,0.6947988223748773,0.39448651671409607,0.10639752447605133,0.16254134286896565,-0.03759232910209339,0.16254134286896563,-0.0375923291020934,0.15199610430683103,-0.03526908929511648,0.16044596731861804,-0.03714290985611646,0.15199610430683103,-0.03526908929511648,0.16044596332494448,-0.03714291238096858,0.15090412792769034,-0.018378658505609578,1.0
lewidi_md,qwen,10,GPP-laplace,1,256,0.6708276345353694,0.1382486156945273,0.29611055543454284,0.3095358344818814,0.6666666666666666,0.6666666666666666,0.3842087388038635,0.21630975604057312,-0.12763602553886066,-0.13565487548454205,-0.12763602553886066,-0.13565487548454203,-0.12457971912314876,-0.13148396791727468,-0.12758060838609503,-0.13531519739506667,-0.12457971912314877,-0.13148396791727465,-0.12758061006651547,-0.13531519882066886,-0.13027696598365004,-0.13948372446366308,-1.0
lewidi_md,qwen,10,LPE,1,256,0.7632303758799891,0.1364575049908698,0.27540017934977895,0.2821894876682672,0.6859666339548577,0.6859666339548577,0.247759148478508,0.16799026727676392,0.188047535202641,0.038930131252311775,0.188047535202641,0.03893013125231177,0.1747631806960835,0.03871604905056465,0.18529334205996353,0.03913178036708041,0.1747631806960835,0.03871604905056465,0.18529333910807488,0.03913177799944965,0.17728478062118339,0.052669124335021515,1.0
lewidi_md,qwen,10,LP-temp,1,256,0.6426556104948323,0.12394705000520284,0.26817999138773513,0.29330973239780916,0.6843310435067059,0.6843310435067059,0.5765376049069744,,0.18942397829365684,,0.18942397829365684,,0.18228062674118245,,0.18854816799686808,,0.18228062674118245,,0.18854816640331334,,0.1546563483106117,,1.0
lewidi_md,qwen,10,GPP-cosine,1,1024,0.7082891938384149,0.13915795636348258,0.2920134346979426,0.2917562642802784,0.5868498527968596,0.5868498527968596,0.5531111359596252,0.003587550949305296,0.16398750639494059,0.035577694881144,0.16398750639494059,0.035577694881144,0.15818966486389613,0.04289281372373832,0.1633468622270068,0.038047801525583694,0.15818966486389613,0.04289281372373832,0.16334686194189482,0.03804780124476412,0.1289745726922423,0.00932143146449541,1.0
lewidi_md,qwen,10,GPP-rbf,1,1024,0.6190495263448554,0.10259803217277706,0.2315920408305081,0.26063968315067,0.7399411187438666,0.7399411187438666,0.3852607309818268,0.07148433476686478,0.29344577801786365,0.04748665020657791,0.2934457780178636,0.04748665020657791,0.2876898487158964,0.05144876094445393,0.2937051154432869,0.049017920685288416,0.2876898487158965,0.05144876094445393,0.29370511205436844,0.04901791811948346,0.2879546581954723,0.09831678285298238,1.0
lewidi_md,qwen,10,GPP-laplace,1,1024,0.6336381194911231,0.12470843521674153,0.27506061906581775,0.30308204096227814,0.6709192018318613,0.6709192018318613,0.387816458940506,0.21624186635017395,0.12278695946052932,0.07447608890299692,0.1227869594605293,0.07447608890299692,0.11572766137140605,0.0704279608717749,0.12148004148872477,0.07375449632183412,0.11572766137140607,0.0704279608717749,0.12148003649265332,0.07375449168712044,0.10280037354790961,0.0592977786118288,1.0
lewidi_md,qwen,10,LPE,1,1024,0.752623963307729,0.11548907710584039,0.24324405825134024,0.26161005196764003,0.722930978083088,0.722930978083088,0.12289196997880936,0.26221737265586853,0.25049726212182477,0.19037501869496148,0.2504972621218247,0.19037501869496146,0.2438686643205759,0.1895853359851504,0.25019666980763006,0.1914393984231848,0.24386866432057597,0.18958533598515043,0.2501966683913381,0.191439396623417,0.25645442843979616,0.18950903453279966,1.0
lewidi_md,qwen,10,LP-temp,1,1024,0.596689050298032,0.11206201600664073,0.25379284514283335,0.30688844769150064,0.714753025842329,0.714753025842329,0.6239768340343528,,0.24231103791401154,,0.24231103791401154,,0.23687106390248294,,0.24231608746822864,,0.23687106390248294,,0.2423160867768876,,0.2457275503517049,,1.0
lewidi_md,qwen,10,GPP-cosine,2,16,0.7623884368528451,0.15576622669595655,0.31418889293519,0.3182337184170068,0.5485770363101079,0.5485770363101079,0.5738129615783691,0.01230542454868555,0.07161706374857726,-0.04830297226223565,0.07161706374857726,-0.04830297226223565,0.06707938477664835,-0.039634573905525106,0.07072688752431638,-0.04599587489674113,0.06707938477664836,-0.0396345739055251,0.07072688743248512,-0.04599587411139154,0.10373811689431255,-0.05667088717584197,1.0
lewidi_md,qwen,10,GPP-rbf,2,16,0.7372240379289188,0.1525118301505043,0.3087351152811676,0.29887584426922315,0.6663395485770363,0.6663395485770363,0.37578585743904114,0.148345485329628,-0.12207667571475564,-0.18306978845965638,-0.12207667571475563,-0.18306978845965635,-0.11413155936363921,-0.17268327763266006,-0.12049530044460374,-0.18116340915395895,-0.11413155936363922,-0.1726832776326601,-0.12049530065814049,-0.1811634091117964,-0.11538206240371669,-0.17806114697331532,-1.0
lewidi_md,qwen,10,GPP-laplace,2,16,0.6698242161583395,0.14513436254691398,0.3084409953767387,0.34442849721570484,0.6627412495911024,0.6627412495911024,0.4321316182613373,0.24808381497859955,-0.14669704847356305,-0.11640115250573654,-0.14669704847356305,-0.11640115250573654,-0.14328446359074792,-0.11251905744871467,-0.1466638340550261,-0.11601741848307151,-0.14328446359074792,-0.11251905744871465,-0.14666383395915908,-0.11601741884690885,-0.14171212169642916,-0.11757194796987328,-1.0
lewidi_md,qwen,10,LPE,2,16,0.9378174076230611,0.1806007882272435,0.3243388908175754,0.2949562543772758,0.6643768400392541,0.6643768400392541,0.2760821282863617,0.06230727955698967,-0.011429922183772406,-0.04803021381608484,-0.011429922183772404,-0.04803021381608484,-0.0031093899625504904,-0.033330067098766146,-0.008975989382734136,-0.04388554805390153,-0.0031093899625504818,-0.033330067098766146,-0.008975989247220123,-0.043885547462256466,-0.00847402404642011,-0.03488739357485347,0.5
lewidi_md,qwen,10,LP-temp,2,16,0.7469404349204826,0.15162755468177838,0.30353600759565175,0.28566789508575385,0.6584887144259077,0.6584887144259077,0.5011820589148477,,0.0005660217345194885,,0.0005660217345194781,,0.008655362448625324,,0.0030318065344836567,,0.008655362448625326,,0.0030318066333653547,,-0.0024777696126799687,,0.5
lewidi_md,qwen,10,GPP-cosine,2,64,0.872754559017046,0.19377062341581472,0.3641561610972242,0.2827249444330434,0.4870788354596009,0.4870788354596009,0.49871858954429626,0.00845921877771616,0.09242502874021163,-0.021891688138408114,0.09242502874021163,-0.02189168813840811,0.08169558862160911,-0.017724099158513935,0.0897930600106372,-0.020773358272180874,0.08169558862160911,-0.017724099158513938,0.08979305986993627,-0.020773358034894225,0.08351442403127776,-0.04593678420370055,0.5
lewidi_md,qwen,10,GPP-rbf,2,64,0.6588835891364797,0.1376271781858717,0.294307491402387,0.3272259896591862,0.6506378802747792,0.6506378802747792,0.4734078347682953,0.16919252276420593,0.1232273305560579,-0.15650496315627022,0.1232273305560579,-0.15650496315627022,0.11815737650771943,-0.14886181834494877,0.12252886651734626,-0.1552514396988744,0.11815737650771943,-0.14886181834494877,0.12252886546446973,-0.15525144004260485,0.129686380174571,-0.1553397106114859,1.0
lewidi_md,qwen,10,GPP-laplace,2,64,0.6787341588871869,0.14953931018049577,0.31834744020082767,0.35387009407321285,0.6653581943081452,0.6653581943081452,0.43979549407958984,0.25131747126579285,0.0009912630520222815,-0.050907640415558564,0.000991263052022292,-0.05090764041555857,-0.00040083138878096655,-0.04883280595535273,0.0005743872691197464,-0.05062507553854204,-0.0004008313887809596,-0.04883280595535275,0.0005743868649225603,-0.050625076281414855,0.002383136031727377,-0.04946334919336631,-0.5
lewidi_md,qwen,10,LPE,2,64,0.7371254341628399,0.14860532170823543,0.2989276611926553,0.2989362319318652,0.6418056918547596,0.6418056918547596,0.41850781440734863,0.10422304272651672,0.09916203885863396,-0.07744265955854232,0.09916203885863395,-0.07744265955854233,0.09458713349320258,-0.07577705595641993,0.0984493092100973,-0.07746649421250612,0.09458713349320258,-0.07577705595641993,0.09844930823477643,-0.07746649542456915,0.1006458982670959,-0.06492228832495173,1.0
lewidi_md,qwen,10,LP-temp,2,64,0.7575321936238923,0.15452778644577192,0.30545380448504283,0.2962461533178664,0.6287209682695453,0.6287209682695453,0.5191574017378499,,0.07301951555804534,,0.07301951555804534,,0.0661390702256822,,0.07142595459625825,,0.0661390702256822,,0.07142595396631873,,0.06076275969883872,,0.5
lewidi_md,qwen,10,GPP-cosine,2,256,0.7613528617537889,0.14052568329585333,0.2886458855013181,0.29607147539691425,0.6081125286228328,0.6081125286228328,0.5317139625549316,0.0037127125542610884,0.14392454022687956,0.002435116669775646,0.14392454022687956,0.0024351166697756423,0.13467855725370664,0.01049794278666636,0.1420969915050459,0.004905641639362463,0.13467855725370664,0.010497942786666365,0.14209699030901768,0.004905640864835262,0.13942664897944892,0.014776384376070014,1.0
lewidi_md,qwen,10,GPP-rbf,2,256,0.6755869228639717,0.12595516727062242,0.2691377191489034,0.28538570815902486,0.6918547595682041,0.6918547595682041,0.3889041244983673,0.1050831750035286,0.16757286184692524,-0.031087253958568588,0.16757286184692524,-0.031087253958568584,0.16028320262420964,-0.026711682953545854,0.16650277046238987,-0.029968647612139,0.16028320262420964,-0.026711682953545847,0.16650276693393573,-0.029968649843998392,0.1614100336712269,-0.009769232068132025,1.0
lewidi_md,qwen,10,GPP-laplace,2,256,0.6852419152354736,0.14125805449236595,0.2983900898221197,0.30338147395827214,0.6666666666666666,0.6666666666666666,0.37023234367370605,0.2083757370710373,-0.14157325871456683,-0.145316941819582,-0.14157325871456683,-0.145316941819582,-0.13641408625683676,-0.13962919782903435,-0.14097337351321965,-0.14458184830289758,-0.13641408625683676,-0.13962919782903438,-0.14097337445737157,-0.1445818491276448,-0.14131024997471575,-0.14705846125044147,-1.0
lewidi_md,qwen,10,LPE,2,256,0.7804773636278792,0.13603434765262623,0.2708677380392079,0.2757229161444545,0.6872751063133792,0.6872751063133792,0.24434927105903625,0.16538003087043762,0.20669544799065004,0.07995850334920117,0.20669544799065004,0.07995850334920118,0.19889909874637995,0.0824514601256795,0.20573927257846797,0.08126519407233926,0.19889909874637995,0.0824514601256795,0.20573927001587075,0.08126519237407975,0.20159621400260103,0.09155916209600196,1.0
lewidi_md,qwen,10,LP-temp,2,256,0.6482345424751348,0.12569464691186757,0.27113343732215966,0.292874406642115,0.6643768400392541,0.6643768400392541,0.580552570725304,,0.20237176790502068,,0.20237176790502068,,0.19761657576799846,,0.2023115048259118,,0.19761657576799846,,0.20231150401579814,,0.18330738853478545,,1.0
lewidi_md,qwen,10,GPP-cosine,2,1024,0.656931443130367,0.12409182631964556,0.2711560547243354,0.31092746367933377,0.6912005233889434,0.6912005233889434,0.5898614525794983,0.003636747831478715,0.13032462414544616,0.004273631919242495,0.13032462414544618,0.004273631919242496,0.12194492564083603,0.009633392122851718,0.12866751465573956,0.005934107283609437,0.12194492564083605,0.009633392122851714,0.1286675129884497,0.00593410694231712,0.1920900854993217,-0.016814306091258665,1.0
lewidi_md,qwen,10,GPP-rbf,2,1024,0.5941563111544985,0.09575637482701023,0.22212483760513355,0.26322420179587613,0.7612037945698397,0.7612037945698397,0.3913186192512512,0.07652704417705536,0.2875128840483217,0.028218111241985276,0.2875128840483217,0.02821811124198527,0.27994441373979045,0.032288352737805795,0.2871799333643491,0.029650235659820577,0.27994441373979045,0.03228835273780579,0.2871799300830198,0.029650233464580938,0.28056209628862744,0.08031513570331081,1.0
lewidi_md,qwen,10,GPP-laplace,2,1024,0.6313272351922286,0.12459975406163398,0.27588019134841757,0.30809427682643,0.6712463199214916,0.6712463199214916,0.3919386565685272,0.21917575597763062,0.07078037039068324,0.026471209546416567,0.07078037039068324,0.026471209546416564,0.06545848024523845,0.024065515491502536,0.0696457935827787,0.02592047901879342,0.06545848024523845,0.02406551549150254,0.06964578824693057,0.02592047427506578,0.0425473663516391,0.002588016947900556,1.0
lewidi_md,qwen,10,LPE,2,1024,0.7398542868817557,0.1104569358692129,0.23316381867584166,0.2616806384642128,0.7481190709846255,0.7481190709846255,0.12210476398468018,0.268831342458725,0.2668239278612737,0.17829451340620214,0.2668239278612736,0.17829451340620214,0.2602074023493149,0.17447045247520732,0.26663890237964233,0.17835261985434017,0.2602074023493149,0.17447045247520732,0.266638901425825,0.17835261847846845,0.26762858152146246,0.1734918790290852,1.0
lewidi_md,qwen,10,LP-temp,2,1024,0.5915738598082284,0.10957006414150645,0.24798543398716263,0.3054946014866127,0.7363428197579326,0.7363428197579326,0.6167259255976348,,0.23429389015745034,,0.23429389015745034,,0.2271854775913268,,0.23373622349344597,,0.22718547759132682,,0.23373622349784418,,0.23807228490490628,,1.0
lewidi_md,qwen,10,GPP-cosine,3,16,1.299320189403606,0.28651064421692013,0.4536914156146336,0.28887604781254517,0.4602551521099117,0.4602551521099117,0.30660709738731384,0.009093237109482288,0.046404963887303696,-0.02598369689310319,0.046404963887303696,-0.025983696893103182,0.04165828397597528,-0.017570430906451575,0.04527839246036317,-0.023601284019208992,0.04165828397597528,-0.017570430906451568,0.045278392823620686,-0.023601283602233188,0.05468291161666178,0.0043988325170343226,0.5
lewidi_md,qwen,10,GPP-rbf,3,16,0.6593936290975096,0.13983818453053523,0.29986328529763695,0.33687552444692,0.65129211645404,0.65129211645404,0.48678869009017944,0.1787463128566742,0.14986981872391875,-0.18215115351604433,0.14986981872391875,-0.18215115351604433,0.1425839302890559,-0.1725755430780893,0.14867954935048702,-0.1804852674529848,0.1425839302890559,-0.17257554307808937,0.14867954777007808,-0.18048526800415743,0.1483348661269646,-0.17931812165840916,1.0
lewidi_md,qwen,10,GPP-laplace,3,16,0.6868208251278057,0.15282061063819627,0.3243544952865321,0.3554127609986995,0.6365718024206739,0.6365718024206739,0.44016170501708984,0.25249794125556946,0.014437872886441569,-0.011540579557160723,0.014437872886441567,-0.011540579557160723,0.013535954554196393,-0.010722463840913514,0.014262331695232017,-0.01137068657253195,0.013535954554196402,-0.010722463840913523,0.01426233201678563,-0.011370687084341006,0.015250445714317532,-0.012348570612143117,1.0
lewidi_md,qwen,10,LPE,3,16,0.7135026119838697,0.1585877100844936,0.324331086882051,0.32860785620661453,0.5368007850834151,0.5368007850834151,0.48079127073287964,0.17007753252983093,0.07949811951675995,-0.006090016404126967,0.07949811951675995,-0.0060900164041269725,0.07187815985715236,-0.0019384638474457807,0.07772389545950212,-0.00486827227656699,0.07187815985715235,-0.0019384638474457825,0.07772389629362148,-0.0048682741405836295,0.07161521470165327,-0.0076738891193194655,0.5
lewidi_md,qwen,10,LP-temp,3,16,0.6910206596595845,0.154488139939797,0.3270285574845803,0.3556538305782752,0.5534838076545633,0.5534838076545633,0.6929007304061162,,0.07375930397902042,,0.07375930397902042,,0.0673357105514729,,0.07230985112969321,,0.06733571055147292,,0.07230985083318345,,0.06591716449095233,,1.0
lewidi_md,qwen,10,GPP-cosine,3,64,1.2372488505240544,0.24634327927994681,0.40742461388997914,0.2791876051721859,0.49525678770035986,0.49525678770035986,0.3323396146297455,0.003632788546383381,0.08889821348742075,-0.0075556132647833,0.08889821348742075,-0.007555613264783299,0.07955371633266689,-0.01106541282894745,0.08666356697467405,-0.008675565242294974,0.07955371633266689,-0.011065412828947454,0.0866635677010922,-0.008675565269498527,0.06254766321021789,0.054865928732057694,0.5
lewidi_md,qwen,10,GPP-rbf,3,64,0.6739554267641297,0.13288051919028804,0.28328361245841616,0.29758596979019364,0.6774615636244684,0.6774615636244684,0.4132203459739685,0.1334713101387024,0.08676151559320165,-0.11308771906839185,0.08676151559320164,-0.11308771906839185,0.07550663129445243,-0.11046933831259023,0.08393081928401952,-0.11306587498153393,0.07550663129445243,-0.11046933831259023,0.0839308164302475,-0.11306587644232934,0.08723756025780029,-0.10796300657816503,0.5
lewidi_md,qwen,10,GPP-laplace,3,64,0.6613203209026712,0.1392358045825573,0.3004025089626691,0.3298234566626886,0.6663395485770363,0.6663395485770363,0.41453394293785095,0.23570363223552704,-0.1416215046204547,-0.13997961743035559,-0.1416215046204547,-0.13997961743035559,-0.13868332999112182,-0.1358659043337741,-0.14169788736157193,-0.13968698495278556,-0.13868332999112182,-0.1358659043337741,-0.14169788815838683,-0.1396869856842034,-0.1527236926820126,-0.14957531277536504,-1.0
lewidi_md,qwen,10,LPE,3,64,0.805791664335941,0.14705067301573307,0.2861280318397135,0.28358463917032023,0.6836768073274452,0.6836768073274452,0.32313811779022217,0.07591092586517334,0.12902279730879204,0.01613696911125453,0.12902279730879204,0.016136969111254517,0.11587215916917008,0.010927945791711823,0.12590478068656333,0.01466225042725067,0.11587215916917008,0.010927945791711816,0.12590477801058997,0.014662247938359022,0.11938472983297069,0.03336076280387179,0.5
lewidi_md,qwen,10,LP-temp,3,64,0.6397401980374358,0.12965772593413702,0.283991494552469,0.3228394888928857,0.6777886817140988,0.6777886817140988,0.6405294991528673,,0.11371708049037627,,0.11371708049037628,,0.10320520808726467,,0.11129724861286827,,0.10320520808726467,,0.11129724700237582,,0.12345915292109827,,0.5
lewidi_md,qwen,10,GPP-cosine,3,256,0.6661798716082684,0.12848674057693318,0.2787805397695204,0.3150713999277673,0.6702649656526006,0.6702649656526006,0.6017289161682129,0.006670358125120401,0.13672043004275353,0.00729718713247195,0.13672043004275353,0.007297187132471952,0.1324186954138922,0.015934004531042732,0.13634823875977736,0.009975721893625335,0.13241869541389223,0.015934004531042732,0.13634823754526681,0.009975722064989518,0.20464552529582994,-0.03161029169783948,1.0
lewidi_md,qwen,10,GPP-rbf,3,256,0.6590816116728667,0.12588563286385654,0.2714824321326222,0.29364906763118503,0.6856395158652273,0.6856395158652273,0.42319437861442566,0.11603176593780518,0.17101411357457388,-0.053621926107148735,0.17101411357457386,-0.05362192610714873,0.1586183435271975,-0.05204605483020791,0.16841361533111748,-0.05350981743633557,0.15861834352719753,-0.05204605483020791,0.1684136125419255,-0.053509819251549684,0.16202458945109321,-0.05029865990579489,1.0
lewidi_md,qwen,10,GPP-laplace,3,256,0.6545624368382407,0.1357935656834314,0.29482821517708957,0.32439639121396074,0.6663395485770363,0.6663395485770363,0.40967443585395813,0.23101389408111572,-0.07386410282705683,-0.10208702954038729,-0.07386410282705683,-0.10208702954038729,-0.0724362130965343,-0.09895280006163931,-0.07393575800370078,-0.10183280048048861,-0.07243621309653431,-0.09895280006163933,-0.07393576000878148,-0.10183280213403914,-0.0824447488601086,-0.10952292303269032,-1.0
lewidi_md,qwen,10,LPE,3,256,0.7778746046150734,0.14241739719593974,0.28255079381663833,0.2802144149749721,0.6699378475629703,0.6699378475629703,0.25903698801994324,0.18624693155288696,0.1886649886092052,0.05205411926526301,0.18866498860920516,0.052054119265263016,0.17852471120204347,0.05119953527210086,0.18687189385458447,0.052150782014114425,0.1785247112020435,0.05119953527210085,0.18687189243615665,0.05215078055844586,0.18158773086384747,0.05279664547212892,1.0
lewidi_md,qwen,10,LP-temp,3,256,0.6478321637475868,0.1334055516049858,0.28785610495134845,0.325812980413867,0.6578344782466471,0.6578344782466471,0.6515262838043031,,0.1692072228562443,,0.1692072228562443,,0.1614309644915216,,0.1680002410366602,,0.16143096449152164,,0.1680002400779108,,0.15941029037022833,,1.0
lewidi_md,qwen,10,GPP-cosine,3,1024,0.694143637235846,0.1321072786130901,0.2826611307258915,0.30540338489316077,0.6323192672554793,0.6323192672554793,0.5780300498008728,0.003689998295158148,0.15059029190314802,0.00891672351123602,0.15059029190314802,0.008916723511236022,0.14539990360708985,0.019057258508929024,0.1500427035976376,0.01206399817464961,0.14539990360708985,0.019057258508929028,0.1500427028691394,0.01206399836554091,0.1825788497919611,-0.011507886351456996,1.0
lewidi_md,qwen,10,GPP-rbf,3,1024,0.6262909666162046,0.10469973747477036,0.23513916764529982,0.26696999304258334,0.7386326463853451,0.7386326463853451,0.3876948654651642,0.07416798174381256,0.27016307061102307,0.02438426141143244,0.27016307061102307,0.024384261411432444,0.258603689607541,0.02544460217477473,0.2684966235204453,0.024874079435208012,0.258603689607541,0.025444602174774726,0.26849662032857835,0.02487407724347761,0.2636484645758518,0.07084927244525549,1.0
lewidi_md,qwen,10,GPP-laplace,3,1024,0.6403838125364608,0.1264038663424782,0.2775475492272593,0.3013283022988569,0.6686293752044488,0.6686293752044488,0.38166990876197815,0.2130374163389206,0.0925953687944985,0.04861202795401899,0.0925953687944985,0.04861202795401899,0.08397306768218143,0.043019742769022006,0.09060585303111131,0.04724323130595194,0.08397306768218145,0.043019742769022006,0.0906058482979857,0.0472432270079505,0.07568798482871747,0.03373299483252206,0.5
lewidi_md,qwen,10,LPE,3,1024,0.7168114804568494,0.11381664843474662,0.242049575182343,0.26530769982556446,0.7304546941445862,0.7304546941445862,0.12255091965198517,0.29400137066841125,0.25245822580874033,0.1721891071265328,0.25245822580874033,0.17218910712653276,0.24219469093372195,0.16562127667408155,0.2510648179021041,0.1713703335839361,0.24219469093372198,0.16562127667408155,0.25106481682913256,0.1713703325480514,0.24912756432232752,0.15978485911483303,1.0
lewidi_md,qwen,10,LP-temp,3,1024,0.6053609888381408,0.11679879248496702,0.2621022575125624,0.3170854769198817,0.7248936866208702,0.7248936866208702,0.640831839089988,,0.22999239522682285,,0.22999239522682285,,0.2192625503955707,,0.22830310404097515,,0.2192625503955707,,0.2283031031737382,,0.23015032363294471,,1.0
lewidi_md,qwen,10,GPP-cosine,4,16,1.872043941685847,0.3564471139780781,0.49430001218875524,0.31468495028715743,0.4638534510958456,0.4638534510958456,0.13868863880634308,0.006037854123860598,0.023579299076223584,-0.01594959983996324,0.023579299076223578,-0.01594959983996324,0.02172070906112411,-0.007562637337979216,0.023175254554293312,-0.0135064247273451,0.021720709061124107,-0.007562637337979225,0.02317525503467601,-0.013506424402704147,0.0575037549126018,0.04383908151039848,1.0
lewidi_md,qwen,10,GPP-rbf,4,16,0.6765237409552292,0.13948298736348055,0.29693011429659244,0.30818000197211887,0.6663395485770363,0.6663395485770363,0.4303058385848999,0.16713084280490875,0.0666919879809977,-0.1459850188355336,0.06669198798099771,-0.1459850188355336,0.05700588212672066,-0.14147305422988335,0.06420118887390021,-0.14561233997224168,0.05700588212672067,-0.14147305422988338,0.06420118894755802,-0.1456123400388337,0.06131635207586749,-0.14525552335233677,0.5
lewidi_md,qwen,10,GPP-laplace,4,16,0.6742255126661039,0.14747281432040754,0.3141077331270039,0.35058180652336185,0.6597971867844292,0.6597971867844292,0.4369690716266632,0.250838965177536,-0.06124554771367671,-0.05410508719980093,-0.06124554771367671,-0.05410508719980092,-0.06131782416082618,-0.05242744131308549,-0.061687282978371304,-0.05396531578252494,-0.0613178241608262,-0.05242744131308551,-0.061687282453044695,-0.053965316059175934,-0.06398533107882075,-0.05619102465592955,-1.0
lewidi_md,qwen,10,LPE,4,16,0.7567937881095664,0.14945336047133084,0.2970809510521998,0.27839112351208095,0.6643768400392541,0.6643768400392541,0.3625371754169464,0.10860645025968552,0.11233212260517637,0.04341503654948794,0.11233212260517636,0.043415036549487925,0.09828571330613275,0.036350597972666265,0.10882710001746587,0.041562588593297235,0.09828571330613275,0.03635059797266626,0.10882710000613285,0.0415625887723585,0.09780006538854157,0.051208358641712644,0.5
lewidi_md,qwen,10,LP-temp,4,16,0.7011520285535,0.14120344840093355,0.2930440081104735,0.2901814837455519,0.6496565260058881,0.6496565260058881,0.5481217692704066,,0.11163504808967567,,0.11163504808967564,,0.09711256914522542,,0.10798036140697839,,0.09711256914522545,,0.10798036140024678,,0.09111825913422525,,0.5
lewidi_md,qwen,10,GPP-cosine,4,64,0.7098305601380502,0.145571562309193,0.3034704958360903,0.31525703226463697,0.5554465161923454,0.5554465161923454,0.5915488600730896,0.00826974306255579,0.10235733911508557,-0.02366284435702828,0.10235733911508557,-0.023662844357028277,0.09560677631108047,-0.01626404753384052,0.10100436963147352,-0.021573268815447078,0.09560677631108049,-0.016264047533840524,0.10100436914434834,-0.02157326862822624,0.09734435258123084,-0.06361777160982499,1.0
lewidi_md,qwen,10,GPP-rbf,4,64,0.6587527267216243,0.1354246659530652,0.29281771066514817,0.3200130540948766,0.6483480536473667,0.6483480536473667,0.4509229063987732,0.17253510653972626,0.10047163987839361,-0.13583292166353717,0.1004716398783936,-0.13583292166353717,0.09518792601176088,-0.1298684371600358,0.09955216701497252,-0.1349486075425388,0.09518792601176089,-0.12986843716003582,0.0995521659968476,-0.13494860792398053,0.11660339476367676,-0.13671982978480976,1.0
lewidi_md,qwen,10,GPP-laplace,4,64,0.6690545370726746,0.14489402929290324,0.30864262586477187,0.3452429905002362,0.6597971867844292,0.6597971867844292,0.4329413175582886,0.24797727167606354,-0.10833069655374106,-0.09972446331327939,-0.10833069655374106,-0.09972446331327939,-0.10570062187558049,-0.09642145047261802,-0.10827269188687294,-0.09940267526329669,-0.10570062187558049,-0.09642145047261805,-0.10827269184702157,-0.09940267562847999,-0.11638352252038184,-0.10428350621168601,-1.0
lewidi_md,qwen,10,LPE,4,64,0.742036146844026,0.14688186036379666,0.2972241634983063,0.2932915642950416,0.6388616290480864,0.6388616290480864,0.3757440745830536,0.12949912250041962,0.12977903578227026,-0.03937657087575835,0.12977903578227024,-0.03937657087575834,0.12446203809846731,-0.036887273613827466,0.12905028790629253,-0.038888841869949314,0.12446203809846734,-0.03688727361382747,0.12905028697058138,-0.03888884259003115,0.12653557822438682,-0.022595220554084302,1.0
lewidi_md,qwen,10,LP-temp,4,64,0.6656059855475551,0.14287704931809053,0.3065508913921965,0.3416409335712383,0.6156362446843311,0.6156362446843311,0.6754022594667105,,0.10533383191829154,,0.10533383191829154,,0.09507763378125861,,0.1029343582666786,,0.09507763378125861,,0.10293435779235907,,0.08656620658314314,,0.5
lewidi_md,qwen,10,GPP-cosine,4,256,0.734704396873644,0.1381913938644733,0.2883630360452059,0.3126031756079377,0.6607785410533202,0.6607785410533202,0.5690774917602539,0.004271636251360178,0.10173502191435323,-0.02431571386757396,0.10173502191435321,-0.024315713867573956,0.09557406381522386,-0.017440851758079468,0.10055722743935411,-0.02239006669688333,0.09557406381522388,-0.01744085175807947,0.10055722638113226,-0.022390066947427897,0.15805726327047898,-0.03818399817478512,1.0
lewidi_md,qwen,10,GPP-rbf,4,256,0.6691510721980489,0.1265466074548273,0.27142917074913225,0.2908301068095491,0.6905462872096827,0.6905462872096827,0.4028737246990204,0.11551858484745026,0.15762365894038638,-0.04756781719994947,0.15762365894038635,-0.04756781719994947,0.15052455515712856,-0.042949018159708946,0.1565433754808928,-0.04648813443866168,0.15052455515712856,-0.04294901815970895,0.15654337233162693,-0.04648813638476525,0.15207200886899766,-0.03573291533443146,1.0
lewidi_md,qwen,10,GPP-laplace,4,256,0.6801595861447107,0.14075993691981897,0.29864347442779854,0.3074878115534077,0.6666666666666666,0.6666666666666666,0.3785833716392517,0.21381500363349915,-0.1327865384911872,-0.1369383867674121,-0.1327865384911872,-0.1369383867674121,-0.12823628957680716,-0.131759395825126,-0.13231175407005935,-0.1363007055047395,-0.12823628957680716,-0.131759395825126,-0.13231175504569315,-0.1363007063811863,-0.13549639508786515,-0.1400858595229433,-1.0
lewidi_md,qwen,10,LPE,4,256,0.7797951890828939,0.141302211685219,0.27987948307656796,0.28017181302852906,0.6751717369970559,0.6751717369970559,0.25043562054634094,0.1779625564813614,0.1918856527188684,0.04523174899833449,0.1918856527188684,0.04523174899833449,0.18431703562606022,0.04581958594371773,0.19089728811153228,0.04572064110672446,0.18431703562606025,0.04581958594371774,0.19089728569921216,0.045720639194932945,0.1853885472694633,0.05386744999505486,1.0
lewidi_md,qwen,10,LP-temp,4,256,0.6668492389387634,0.13327787395204094,0.2827181639613391,0.29975430559112354,0.6506378802747792,0.6506378802747792,0.5902633911210072,,0.16335078518378826,,0.16335078518378826,,0.15965208580410686,,0.16334462913019165,,0.15965208580410686,,0.16334462778184122,,0.14531072184444507,,1.0
lewidi_md,qwen,10,GPP-cosine,4,1024,0.6504666369772676,0.12404750178663172,0.27198486083178536,0.310766071664847,0.6853123977755969,0.6853123977755969,0.5973422527313232,0.0043107932433485985,0.1535402279201512,0.012899506427821084,0.1535402279201512,0.012899506427821093,0.1473873357363144,0.016046308741133577,0.15271992871146378,0.013945607717891134,0.1473873357363144,0.016046308741133577,0.15271992767605813,0.013945607654876482,0.2054952937060752,-0.018322837287884145,1.0
lewidi_md,qwen,10,GPP-rbf,4,1024,0.60623981773431,0.0993928181121048,0.2270716447644595,0.2650029971601586,0.750408897612038,0.750408897612038,0.38941577076911926,0.07733491063117981,0.28138773654322735,0.022762935087085687,0.2813877365432273,0.02276293508708569,0.2778871907930467,0.030674279858684927,0.2822508379197809,0.02532667246194048,0.27788719079304675,0.030674279858684927,0.282250834592332,0.02532667030366455,0.28129488120351587,0.06882020066685395,1.0
lewidi_md,qwen,10,GPP-laplace,4,1024,0.6338953392283913,0.12547322102681807,0.27733324380395924,0.3083932925375613,0.6692836113837095,0.6692836113837095,0.39164793491363525,0.21908162534236908,0.0735245274823228,0.028457090209815957,0.07352452748232277,0.02845709020981596,0.06744267836951623,0.025329725182813533,0.0721774719042664,0.02770033670759808,0.06744267836951623,0.025329725182813533,0.07217746710243894,0.02770033241857873,0.055678228653822825,0.010319188539664818,1.0
lewidi_md,qwen,10,LPE,4,1024,0.7076331639671538,0.11010508507694682,0.23510524671801272,0.26057295558326937,0.7405953549231272,0.7405953549231272,0.12148544937372208,0.2758648097515106,0.27542206735903707,0.1765598316299129,0.27542206735903707,0.1765598316299129,0.27400714066629417,0.18076814169277408,0.2768790199613317,0.1790506171604096,0.27400714066629417,0.18076814169277408,0.27687901893883976,0.17905061606877762,0.28151934617175745,0.17345198152982233,1.0
lewidi_md,qwen,10,LP-temp,4,1024,0.5939494140146008,0.11152388092318147,0.2529214502567584,0.3104364493224146,0.7353614654890416,0.7353614654890416,0.6302437401074871,,0.24956059947383646,,0.24956059947383646,,0.244456012048604,,0.24971740436497888,,0.24445601204860404,,0.24971740420334188,,0.2531309549677383,,1.0
lewidi_md,qwen,19,GPP-cosine,0,16,0.7365083244332854,0.16535933755006924,0.3336765493406729,0.32152023828080206,0.5482499182204776,0.5482499182204776,0.6053526401519775,0.028670091181993484,0.029930123041246932,-0.05236226783462952,0.02993012304124693,-0.052362267834629536,0.023824337875428852,-0.04714993080155183,0.028277013987617984,-0.05113480620383207,0.023824337875428855,-0.04714993080155182,0.02827701337018207,-0.05113480575195922,0.014847427947007915,-0.09254142424121461,0.5
lewidi_md,qwen,19,GPP-rbf,0,16,0.6668499209621469,0.1427725231151586,0.30561734371601385,0.33846094732568377,0.6401701014066078,0.6401701014066078,0.4764633774757385,0.1903068721294403,0.12968845648339494,-0.19569915553668454,0.12968845648339491,-0.19569915553668454,0.12495830529491206,-0.18710743633183952,0.12913768838310613,-0.1944255559417967,0.12495830529491207,-0.18710743633183957,0.12913768779945736,-0.1944255560763559,0.13246847078087978,-0.1936539239739507,1.0
lewidi_md,qwen,19,GPP-laplace,0,16,0.6828810533586689,0.15120114104799912,0.32130271054762893,0.3544476522372303,0.6470395812888453,0.6470395812888453,0.4392502009868622,0.2524443566799164,-0.02537840766233353,-0.02573535786155451,-0.02537840766233353,-0.02573535786155451,-0.02513372002739566,-0.024353129631961186,-0.025477867295819842,-0.025491065310305934,-0.02513372002739566,-0.02435312963196119,-0.02547786691152145,-0.025491065808538813,-0.025484789916565814,-0.026227243653125367,-1.0
lewidi_md,qwen,19,LPE,0,16,0.6937665943481891,0.14460558331252224,0.3034054534695616,0.31199594925852525,0.6277396140006543,0.6277396140006543,0.4861142635345459,0.10741953551769257,0.03196678237354211,-0.06526028750267338,0.03196678237354211,-0.06526028750267338,0.025832995224530413,-0.06674529704644497,0.03031910920088502,-0.06615948772117203,0.025832995224530416,-0.06674529704644497,0.03031910837051741,-0.06615948729099727,0.023620585190729664,-0.06807365410193394,0.5
lewidi_md,qwen,19,LP-temp,0,16,0.6718871445253498,0.14457915245081496,0.307981662249657,0.3376263278456366,0.6166175989532221,0.6166175989532221,0.6669439254678542,,0.02422494435999264,,0.024224944359992635,,0.017377893485389165,,0.022307139168254046,,0.017377893485389158,,0.022307138575780663,,0.005157250815373021,,0.5
lewidi_md,qwen,19,GPP-cosine,0,64,0.6408820240088821,0.1269182364890733,0.27920810936394397,0.32023576149976385,0.6784429178933595,0.6784429178933595,0.6120141744613647,0.016660606488585472,0.13267646341682932,0.008240615159095466,0.13267646341682932,0.008240615159095466,0.12301749663240993,0.01195291754420717,0.13064614013660114,0.009426891311865747,0.12301749663240995,0.011952917544207176,0.1306461388283694,0.00942689137082181,0.11965075490578728,-0.045775948646332255,1.0
lewidi_md,qwen,19,GPP-rbf,0,64,0.6514959484587081,0.13291516659157737,0.2875596651192639,0.3185017816158067,0.6643768400392541,0.6643768400392541,0.46817928552627563,0.1573609709739685,0.1268126471557094,-0.14189547527776747,0.1268126471557094,-0.14189547527776747,0.12520302055847735,-0.13206504679239656,0.1271918688471396,-0.1398761507778333,0.12520302055847735,-0.13206504679239656,0.1271918669945103,-0.1398761515955293,0.14204398781984212,-0.14017587991522396,1.0
lewidi_md,qwen,19,GPP-laplace,0,64,0.665648744965962,0.1436412822372015,0.3065083547646718,0.34553901568718093,0.6653581943081452,0.6653581943081452,0.43447527289390564,0.2475893795490265,-0.07394192071217874,-0.09610169526689849,-0.07394192071217874,-0.09610169526689846,-0.07173055096440376,-0.09144538219679088,-0.07377566531313372,-0.0953432163594648,-0.07173055096440377,-0.09144538219679088,-0.07377566566830875,-0.09534321688239733,-0.07683413398142215,-0.0984349636559504,-1.0
lewidi_md,qwen,19,LPE,0,64,0.7239370815068946,0.14430813042179286,0.2948309466307567,0.296921279111202,0.6391887471377167,0.6391887471377167,0.4127658009529114,0.11146340519189835,0.10938849425933529,-0.03233265701912427,0.10938849425933528,-0.03233265701912427,0.10880174329319695,-0.023223526806693148,0.1099596031258604,-0.02978197700060406,0.10880174329319695,-0.023223526806693155,0.10995960135108965,-0.029781978161871333,0.109590530264453,-0.017749810429260687,1.0
lewidi_md,qwen,19,LP-temp,0,64,0.6824226618677979,0.1404119817734898,0.29467625893890115,0.30707417912075907,0.6264311416421328,0.6264311416421328,0.5934035884017663,,0.08749227848111527,,0.08749227848111527,,0.08965844513652228,,0.08875114585714569,,0.08965844513652228,,0.08875114427230822,,0.0789049103042426,,1.0
lewidi_md,qwen,19,GPP-cosine,0,256,0.7379393614801397,0.13618705603508932,0.2833540629929302,0.2904436368904302,0.6143277723258096,0.6143277723258096,0.5186141133308411,0.006826738361269236,0.1621251336902289,0.019646001349276705,0.16212513369022888,0.019646001349276708,0.14870421926268398,0.022426747270078637,0.15915172404241096,0.0206269334898169,0.14870421926268398,0.022426747270078637,0.15915172311772022,0.02062693339001504,0.16209540660459498,0.04112169223466502,1.0
lewidi_md,qwen,19,GPP-rbf,0,256,0.6601756116497048,0.12207725028367634,0.2633931287418104,0.2873405867456174,0.693490350016356,0.693490350016356,0.40061384439468384,0.10883279889822006,0.17855108647103157,-0.017425442459573753,0.17855108647103157,-0.017425442459573753,0.16684880592340906,-0.018893538124537125,0.17621329815188838,-0.01799166499876901,0.16684880592340906,-0.018893538124537125,0.17621329366818383,-0.017991668113901196,0.1795818115284124,-0.004840921781495304,1.0
lewidi_md,qwen,19,GPP-laplace,0,256,0.658252481723976,0.13520046758196608,0.29276780336169117,0.3142516075286981,0.6666666666666666,0.6666666666666666,0.395293265581131,0.22286924719810486,-0.0930184362510579,-0.10964594697432425,-0.0930184362510579,-0.10964594697432424,-0.08539173304889167,-0.10123870330950237,-0.09133481966476051,-0.10783873568157612,-0.0853917330488917,-0.10123870330950238,-0.091334822428835,-0.10783873797812096,-0.08492464260564601,-0.10468406380525688,-1.0
lewidi_md,qwen,19,LPE,0,256,0.7970318380885991,0.13751736993356287,0.2730605360618337,0.2781942048484465,0.6862937520444881,0.6862937520444881,0.2586499750614166,0.15131829679012299,0.19480752579699423,0.05134525275845153,0.19480752579699423,0.05134525275845153,0.17835002308767997,0.04138778391558011,0.19113394717047993,0.04866669025662532,0.17835002308768,0.041387783915580116,0.19113394377116155,0.04866668717024997,0.1824892233708377,0.06246400313934773,1.0
lewidi_md,qwen,19,LP-temp,0,256,0.6647471420195602,0.1276847485313626,0.2723946230232366,0.29173614174237716,0.6836768073274452,0.6836768073274452,0.548844381254381,,0.16306408036100156,,0.16306408036100156,,0.14715996425875072,,0.15934136939256416,,0.14715996425875072,,0.1593413672658322,,0.12453066486078931,,0.5
lewidi_md,qwen,19,GPP-cosine,0,1024,0.6741123892814207,0.11671510667262885,0.25517767461144414,0.2788145116545155,0.6813869807000327,0.6813869807000327,0.5193886160850525,0.004360091872513294,0.22196879081921117,0.0569285852859113,0.22196879081921111,0.05692858528591129,0.21377216670137666,0.0633059953521802,0.22099546990722618,0.059259635794066776,0.21377216670137666,0.0633059953521802,0.22099546949382967,0.05925963621278747,0.23088345828767587,0.0889068258724719,1.0
lewidi_md,qwen,19,GPP-rbf,0,1024,0.6083712835014277,0.09703908953362082,0.221889636286873,0.25725349783694784,0.7618580307491004,0.7618580307491004,0.3711240589618683,0.0752965658903122,0.30873936075794184,0.057772412699183255,0.30873936075794184,0.05777241269918325,0.2950511590469557,0.05689553644025585,0.3066894072802499,0.05790148063949853,0.2950511590469557,0.056895536440255856,0.30668940406817347,0.057901478488298214,0.29718663174604354,0.11329960330223243,1.0
lewidi_md,qwen,19,GPP-laplace,0,1024,0.6308222528862841,0.12334078476534124,0.27326873756791586,0.30238966538132467,0.6745175008177953,0.6745175008177953,0.3853905498981476,0.2160477638244629,0.12356353560513053,0.08468122952186333,0.12356353560513052,0.08468122952186331,0.1139941768036879,0.07777475799001682,0.12149802926145474,0.08315966985623827,0.1139941768036879,0.07777475799001683,0.12149802420692896,0.08315966512732778,0.10505536045347522,0.06875161913457267,1.0
lewidi_md,qwen,19,LPE,0,1024,0.7714383657124401,0.11161083014937569,0.23240016358142623,0.25706856125522803,0.7526987242394504,0.7526987242394504,0.1183801144361496,0.23589207231998444,0.2783900070171783,0.20345310651345355,0.27839000701717825,0.20345310651345355,0.26879243709522616,0.1947617320776055,0.2773769987435179,0.2022023186303995,0.26879243709522616,0.1947617320776055,0.2773769980622178,0.20220231797113164,0.28243045727261085,0.20656548615958767,1.0
lewidi_md,qwen,19,LP-temp,0,1024,0.5845559661620346,0.10123118297075573,0.2329809447075484,0.2760503960254165,0.7435394177298005,0.7435394177298005,0.5549648858567664,,0.2904030471915329,,0.2904030471915329,,0.2774583508793483,,0.28845370612246857,,0.2774583508793483,,0.2884537055006489,,0.27020940163151586,,1.0
lewidi_md,qwen,19,GPP-cosine,1,16,0.644340179851077,0.13158348515711354,0.2861958484933171,0.32957152965285924,0.6683022571148185,0.6683022571148185,0.6223922967910767,0.027436211705207825,0.09461797573785546,-0.02590410451027224,0.09461797573785544,-0.025904104510272235,0.08586054465699194,-0.022669538487825585,0.09260119627519509,-0.02509722894655376,0.08586054465699196,-0.022669538487825585,0.09260119503907453,-0.02509722858997351,0.08426193257171712,-0.077147825714186,0.5
lewidi_md,qwen,19,GPP-rbf,1,16,0.6895545393483528,0.14164140890158883,0.2981014532452321,0.3027150925073224,0.6673209028459274,0.6673209028459274,0.4045674800872803,0.1665429025888443,-0.049852644223105404,-0.17242408842886076,-0.0498526442231054,-0.17242408842886078,-0.04451791196561816,-0.16335721194871436,-0.04857073350390179,-0.1708463669652317,-0.04451791196561816,-0.16335721194871436,-0.04857073459621411,-0.1708463674148768,-0.04474895918672201,-0.16836967008543222,-0.5
lewidi_md,qwen,19,GPP-laplace,1,16,0.6727051656934914,0.1467936405917127,0.31224006108054936,0.34936786765139743,0.6640497219496239,0.6640497219496239,0.4359687864780426,0.25062355399131775,-0.09990975736577612,-0.06862980608231624,-0.09990975736577612,-0.06862980608231624,-0.09661285596872729,-0.06511642238084467,-0.09959109915886258,-0.06803089053845086,-0.09661285596872729,-0.06511642238084467,-0.09959109905633501,-0.06803089104485117,-0.09690094447211965,-0.06892866771679097,-1.0
lewidi_md,qwen,19,LPE,1,16,0.8334909116151105,0.16118669127728152,0.30728114302881554,0.28399097370785037,0.6663395485770363,0.6663395485770363,0.2957402765750885,0.09416105598211288,0.04529566634707581,0.018573945073232533,0.04529566634707581,0.01857394507323254,0.044897280499478824,0.019343110757909236,0.045484849985898995,0.018935326753586668,0.04489728049947882,0.01934311075790924,0.0454848488055919,0.018935325414278854,0.038933635432553314,0.026313391655582264,1.0
lewidi_md,qwen,19,LP-temp,1,16,0.6566579931752554,0.1340933735458211,0.28924860486549453,0.31229242082489317,0.6584887144259077,0.6584887144259077,0.6203211714317459,,0.0659396583454201,,0.0659396583454201,,0.06575803718627007,,0.06633629304715769,,0.06575803718627007,,0.06633629201657226,,0.048750882392263904,,1.0
lewidi_md,qwen,19,GPP-cosine,1,64,1.2026658031769966,0.25679970412066727,0.42214691832255496,0.282564962162006,0.483480536473667,0.483480536473667,0.32777145504951477,0.009283757768571377,0.07799114991787465,-0.01676997342933588,0.07799114991787462,-0.01676997342933588,0.06833069943978418,-0.014453486912874567,0.07558559614522839,-0.016179906069916025,0.06833069943978419,-0.014453486912874569,0.07558559689844035,-0.01617990565992484,0.0644095879412062,0.004807113009642103,0.5
lewidi_md,qwen,19,GPP-rbf,1,64,0.6797064254860637,0.14610837625745926,0.306472600824914,0.3292535029507641,0.6104023552502453,0.6104023552502453,0.48658451437950134,0.16500671207904816,0.16267738178533298,-0.1554479991277982,0.16267738178533298,-0.15544799912779822,0.1566517113096029,-0.14711185896696927,0.1619584215029193,-0.15397632606456635,0.1566517113096029,-0.14711185896696927,0.16195842072861732,-0.15397632621171858,0.1703363218715949,-0.15657021427260318,1.0
lewidi_md,qwen,19,GPP-laplace,1,64,0.6831068988683991,0.15131372104917407,0.3217335989297236,0.35482453888460697,0.6454039908406934,0.6454039908406934,0.4407879412174225,0.25126925110816956,0.043461742520024556,-0.043920595857857264,0.04346174252002456,-0.04392059585785725,0.040309781284850583,-0.04228056012372888,0.04280033592596417,-0.04372247255872583,0.04030978128485059,-0.042280560123728876,0.04280033599329891,-0.04372247306099447,0.04298220374151053,-0.04427869231607915,1.0
lewidi_md,qwen,19,LPE,1,64,0.7659501443227341,0.16237185423542225,0.31826363964365645,0.298654219900876,0.5907752698724239,0.5907752698724239,0.43373164534568787,0.12186896055936813,0.12446534668247587,-0.041874688068791584,0.12446534668247589,-0.041874688068791584,0.12040950656763566,-0.034536254839026365,0.12408400212615343,-0.039928296140617034,0.12040950656763566,-0.03453625483902636,0.12408400182798003,-0.03992829642110693,0.11917380620428662,-0.03461812074288813,1.0
lewidi_md,qwen,19,LP-temp,1,64,0.6973780235675533,0.151699376553186,0.31301218145387416,0.3250841464829487,0.581615963362774,0.581615963362774,0.6458290944320634,,0.10229654620154396,,0.10229654620154398,,0.09585963572936157,,0.10103861686478885,,0.09585963572936158,,0.10103861678668152,,0.0863181720102152,,1.0
lewidi_md,qwen,19,GPP-cosine,1,256,0.6732303586060047,0.12382779579260342,0.26882307618435314,0.29953611601269237,0.6800785083415113,0.6800785083415113,0.5589706301689148,0.0074552386067807674,0.16014795865615467,0.034560473366171324,0.16014795865615467,0.034560473366171324,0.14831786005604383,0.03437819225489783,0.15764514672784996,0.034741853904908256,0.14831786005604383,0.03437819225489783,0.15764514521760725,0.03474185378910732,0.2014796952924004,0.007396570258742975,1.0
lewidi_md,qwen,19,GPP-rbf,1,256,0.6643470941089711,0.12384826069158499,0.2666827412122616,0.29055161830425785,0.699051357540072,0.699051357540072,0.39840108156204224,0.11134589463472366,0.13761848668477153,-0.04851895895302448,0.13761848668477153,-0.04851895895302448,0.13264602848671753,-0.04346496553168962,0.1370483224669768,-0.047313347896634085,0.13264602848671753,-0.04346496553168962,0.13704831886705277,-0.04731335018988656,0.1410703244333784,-0.03462121265524107,1.0
lewidi_md,qwen,19,GPP-laplace,1,256,0.6693602557805034,0.13815194968751668,0.29646385288780563,0.311323746247689,0.6666666666666666,0.6666666666666666,0.3871176540851593,0.21857093274593353,-0.1344263420887732,-0.1383773408061827,-0.1344263420887732,-0.13837734080618264,-0.12919010655946733,-0.13224456859907208,-0.13375402305546893,-0.13745924795303954,-0.12919010655946736,-0.1322445685990721,-0.13375402446393686,-0.13745924914876717,-0.1365436453519417,-0.1421276326490767,-1.0
lewidi_md,qwen,19,LPE,1,256,0.7571769918053943,0.13563630267555385,0.2735883779335301,0.28376839199577436,0.6826954530585542,0.6826954530585542,0.24953341484069824,0.18450774252414703,0.17472786022834735,0.027036063648491843,0.17472786022834735,0.027036063648491843,0.17122057110847183,0.0316917387418187,0.17485792922985077,0.028638257600214857,0.17122057110847183,0.0316917387418187,0.1748579269652284,0.028638255606587726,0.17339385489821402,0.03994561242886706,1.0
lewidi_md,qwen,19,LP-temp,1,256,0.6449530101508887,0.12836502797569221,0.276563445489579,0.3059539290705091,0.6588158325155381,0.6588158325155381,0.6053954971178663,,0.14768267774931768,,0.14768267774931765,,0.14881630778086657,,0.14903981084123535,,0.14881630778086657,,0.14903981019032256,,0.14210958106886074,,1.0
lewidi_md,qwen,19,GPP-cosine,1,1024,0.6915198067437252,0.12761881854779422,0.27281351423970945,0.2838812378148424,0.6470395812888453,0.6470395812888453,0.523182213306427,0.004207772668451071,0.1916914035310061,0.04417167751535678,0.1916914035310061,0.04417167751535678,0.18074449311907076,0.04405904000506563,0.18967355967324903,0.044440122534176466,0.18074449311907076,0.04405904000506563,0.18967355927113583,0.044440122098362594,0.169323427914682,0.056080649894292886,1.0
lewidi_md,qwen,19,GPP-rbf,1,1024,0.605194375569693,0.0977767581518198,0.22356429134048783,0.2568229646945444,0.750408897612038,0.750408897612038,0.3834262788295746,0.07202058285474777,0.3124556005421748,0.06667414140248043,0.3124556005421748,0.06667414140248043,0.3035942152384754,0.06854136566017471,0.3119001065807874,0.06769935431386995,0.30359421523847546,0.06854136566017473,0.3119001034371808,0.06769935181720618,0.30569758805253067,0.11849039859002276,1.0
lewidi_md,qwen,19,GPP-laplace,1,1024,0.6332266514685299,0.12454008686875073,0.274968580912834,0.30358860925212944,0.6719005561007524,0.6719005561007524,0.38819384574890137,0.21695183217525482,0.12385682388296376,0.07697964581776029,0.12385682388296378,0.07697964581776029,0.11682478218295292,0.0731773563985023,0.12256553328789463,0.0763500294424242,0.11682478218295292,0.07317735639850231,0.12256552842893449,0.07635002492782181,0.11129875799552763,0.06891192719280445,1.0
lewidi_md,qwen,19,LPE,1,1024,0.7189256657168425,0.10955392064800867,0.23427230948545372,0.25585067635665265,0.7291462217860648,0.7291462217860648,0.12411575019359589,0.2641124725341797,0.27319305376818226,0.21137420150908437,0.2731930537681823,0.21137420150908437,0.2661430160884862,0.2052862326885517,0.272919743431076,0.21097001893556253,0.26614301608848623,0.20528623268855173,0.2729197423950107,0.2109700177592782,0.27771887978925824,0.20762659042667667,1.0
lewidi_md,qwen,19,LP-temp,1,1024,0.5910531619554997,0.11047412283132249,0.25223247820227246,0.30884544548094667,0.7275106313379129,0.7275106313379129,0.628478362451156,,0.2629815298463364,,0.2629815298463364,,0.2525876937225258,,0.2616205862731136,,0.2525876937225259,,0.2616205858128585,,0.2637814096200092,,1.0
lewidi_md,qwen,19,GPP-cosine,2,16,0.7552654402310579,0.15838144577767305,0.3187385801759652,0.3192095890816589,0.5407262021589794,0.5407262021589794,0.5751630663871765,0.019772520288825035,0.06533572469694489,-0.0502373477109718,0.06533572469694487,-0.0502373477109718,0.06333131384520642,-0.04086167974404303,0.06517347357167003,-0.047728257289140624,0.06333131384520643,-0.040861679744043033,0.06517347362675564,-0.04772825650217728,0.11157409575812703,-0.06713733641499851,1.0
lewidi_md,qwen,19,GPP-rbf,2,16,0.7280000338366132,0.14980455390439426,0.3052815547152637,0.2956568472438048,0.6676480209355578,0.6676480209355578,0.37571588158607483,0.15056340396404266,-0.09536716293795233,-0.16958846538297334,-0.09536716293795235,-0.1695884653829733,-0.0896796094764272,-0.15977688428729828,-0.0942898028541923,-0.16776466732627993,-0.0896796094764272,-0.1597768842872983,-0.09428980310173019,-0.16776466726930037,-0.09135530987469856,-0.16339283068722815,-1.0
lewidi_md,qwen,19,GPP-laplace,2,16,0.6704823074005611,0.1455775581522733,0.30930438456648035,0.3459154738954675,0.6640497219496239,0.6640497219496239,0.43344807624816895,0.2490556836128235,-0.13345761604565579,-0.09839434826973978,-0.13345761604565579,-0.09839434826973976,-0.1304414336431176,-0.0947771022573427,-0.1334543077549647,-0.09796781088693969,-0.13044143364311764,-0.0947771022573427,-0.13345430749675663,-0.09796781117125755,-0.12938312786874476,-0.10043231253003529,-1.0
lewidi_md,qwen,19,LPE,2,16,0.935853149139151,0.17938631465292937,0.32171961988519243,0.29001424873680776,0.666993784756297,0.666993784756297,0.2689698040485382,0.05524737387895584,0.020557866513499615,-0.00548853684104239,0.02055786651349962,-0.005488536841042384,0.02563927918375433,0.005053270074542581,0.02224523169987605,-0.002317863943376384,0.025639279183754332,0.005053270074542584,0.022245231914448618,-0.0023178636850492533,0.020412305457556134,0.005166871877753166,0.5
lewidi_md,qwen,19,LP-temp,2,16,0.7489562524033094,0.15024669685302333,0.30042559166148614,0.28180606038683204,0.6620870134118417,0.6620870134118417,0.48213471722221213,,0.03294872646588571,,0.0329487264658857,,0.03730915326602616,,0.03450158640340821,,0.037309153266026164,,0.03450158655534305,,0.030803774685557457,,1.0
lewidi_md,qwen,19,GPP-cosine,2,64,0.8949696464310538,0.1940816455209573,0.36089809648956095,0.28214230487746694,0.5040889761203795,0.5040889761203795,0.46949127316474915,0.012039429508149624,0.09110470800243237,-0.023496762372984367,0.09110470800243234,-0.023496762372984363,0.0792976407723344,-0.023078327289128148,0.08813572615938867,-0.023530448180197755,0.0792976407723344,-0.023078327289128144,0.08813572602041406,-0.023530448059999765,0.07857530132321307,-0.031206535365949778,0.5
lewidi_md,qwen,19,GPP-rbf,2,64,0.6601703111888861,0.1388672113302455,0.2965636226785146,0.33076953761911065,0.6503107621851488,0.6503107621851488,0.4789047837257385,0.17171737551689148,0.11490363255258676,-0.16796789266951945,0.11490363255258675,-0.16796789266951945,0.11056095272410113,-0.15915747382540757,0.1143694613406779,-0.16643768140670778,0.11056095272410113,-0.15915747382540757,0.11436945982968966,-0.1664376818041232,0.12199876022862617,-0.1702428048229564,1.0
lewidi_md,qwen,19,GPP-laplace,2,64,0.6814034576714478,0.1506455758529201,0.32029596717627873,0.3545622404194514,0.656853123977756,0.656853123977756,0.44017109274864197,0.2516380548477173,0.006689369612755559,-0.044119246798682676,0.006689369612755552,-0.044119246798682676,0.005603314926559577,-0.0421015082029407,0.0064046850651730755,-0.04380753504132101,0.005603314926559584,-0.042101508202940716,0.006404684787394824,-0.043807535746643866,0.008400409536931538,-0.044412883930220734,0.5
lewidi_md,qwen,19,LPE,2,64,0.725370455731692,0.1491478033048598,0.30213301718552005,0.30426235218057085,0.6346090938828918,0.6346090938828918,0.42889493703842163,0.12287602573633194,0.08363953899207859,-0.04976420303426182,0.0836395389920786,-0.04976420303426182,0.07796081371812315,-0.048415689374636674,0.08248449187257233,-0.049694849837669516,0.07796081371812315,-0.04841568937463666,0.08248449081978523,-0.049694850635463216,0.07261865284646063,-0.059217488435422364,1.0
lewidi_md,qwen,19,LP-temp,2,64,0.6700945750225795,0.14034726806068554,0.2963181524646842,0.31976370948081423,0.6336277396140007,0.6336277396140007,0.6310658960866715,,0.08310651553034963,,0.08310651553034963,,0.07732066867363294,,0.08191521407592149,,0.07732066867363295,,0.08191521319658808,,0.04585532239849835,,1.0
lewidi_md,qwen,19,GPP-cosine,2,256,0.7295775361485225,0.1270962475473676,0.2667245170707327,0.28417193166181015,0.6637226038599935,0.6637226038599935,0.5071460008621216,0.005942326970398426,0.19191589010996574,0.02916958351432664,0.19191589010996576,0.029169583514326625,0.18208096752207725,0.03495537259350324,0.1902380065244827,0.031130337565240033,0.18208096752207725,0.034955372593503245,0.1902380048524755,0.031130336658216236,0.21074760385671126,0.07323080983398346,1.0
lewidi_md,qwen,19,GPP-rbf,2,256,0.6729774293701661,0.12517916532249734,0.2672865350182647,0.28385506190121973,0.6997055937193327,0.6997055937193327,0.38692110776901245,0.10529067367315292,0.1702439098753627,-0.025421598082785393,0.17024390987536267,-0.02542159808278539,0.16113808973211513,-0.023368148379804745,0.16863939473744927,-0.024970876032780087,0.16113808973211513,-0.023368148379804755,0.16863939068132383,-0.024970878779429183,0.15984618605300008,-0.00954720411347822,1.0
lewidi_md,qwen,19,GPP-laplace,2,256,0.6824622700175594,0.14059534458058662,0.2976938084567299,0.30354789764499684,0.6666666666666666,0.6666666666666666,0.3724551796913147,0.20987814664840698,-0.14340608983164205,-0.1461562083954693,-0.14340608983164202,-0.1461562083954693,-0.13884949611634678,-0.14087247283427948,-0.1430021542020332,-0.14554982239716568,-0.1388494961163468,-0.1408724728342795,-0.1430021552646834,-0.14554982332551514,-0.14467932490959837,-0.14927617520158498,-1.0
lewidi_md,qwen,19,LPE,2,256,0.7536608581507266,0.13321266000971235,0.2680185119493861,0.27583009043617945,0.6977428851815506,0.6977428851815506,0.24296681582927704,0.17729724943637848,0.20595254189824813,0.06896063801524607,0.20595254189824813,0.06896063801524607,0.19883385141925236,0.07045017404090687,0.2051975133796201,0.06988657570954138,0.1988338514192524,0.07045017404090687,0.2051975109315109,0.06988657327412442,0.1998974634406443,0.07942436530286924,1.0
lewidi_md,qwen,19,LP-temp,2,256,0.6287705779591211,0.1248878036662473,0.2734040831404746,0.3138739684995442,0.6673209028459274,0.6673209028459274,0.6331002890771507,,0.1967982161886215,,0.1967982161886215,,0.19478165508018905,,0.19753322897841286,,0.19478165508018905,,0.19753322805821827,,0.18758582259238232,,1.0
lewidi_md,qwen,19,GPP-cosine,2,1024,0.6311543584325409,0.11357206767331497,0.2532455933931307,0.2945501042571467,0.713771671573438,0.713771671573438,0.5625349283218384,0.005097921937704086,0.1846351289075374,0.036141977732188704,0.18463512890753736,0.0361419777321887,0.17376608338194044,0.03790984295293451,0.18259262311355914,0.036927703408151734,0.17376608338194044,0.03790984295293451,0.18259262117696082,0.03692770362180103,0.22315871325315204,0.02311162733757014,1.0
lewidi_md,qwen,19,GPP-rbf,2,1024,0.593200006225814,0.09469901569649396,0.21959557782541847,0.2608977607630957,0.7684003925417076,0.7684003925417076,0.38559436798095703,0.07632507383823395,0.286220414178418,0.04655888396315479,0.286220414178418,0.04655888396315479,0.27965472925303486,0.050804208658291966,0.28618379288306683,0.0481699892969189,0.2796547292530349,0.05080420865829198,0.2861837895502183,0.048169987200658584,0.28045919022666177,0.08822466814460989,1.0
lewidi_md,qwen,19,GPP-laplace,2,1024,0.6318056763440646,0.12468037854942678,0.27615422176152693,0.30766054041610347,0.6692836113837095,0.6692836113837095,0.3913157284259796,0.2192550152540207,0.06746492321512804,0.025634031493448672,0.06746492321512804,0.025634031493448672,0.0639367684205872,0.025003512210376333,0.06685352886586113,0.025617819214714885,0.06393676842058718,0.025003512210376336,0.06685352364770997,0.025617814568874166,0.046140906978267913,0.007923059858796211,1.0
lewidi_md,qwen,19,LPE,2,1024,0.7269646369002721,0.10958571143058128,0.23306429751239735,0.2600666893882615,0.7455021262675826,0.7455021262675826,0.11793463677167892,0.27427998185157776,0.2589455042505037,0.19327485357967777,0.2589455042505037,0.19327485357967777,0.25389971993085186,0.1921164336395963,0.25918452351673477,0.1942468856709288,0.2538997199308519,0.1921164336395963,0.2591845228107531,0.19424688495286901,0.2643807289448073,0.1886096561824648,1.0
lewidi_md,qwen,19,LP-temp,2,1024,0.5914863091238488,0.11050288648232194,0.251286266216099,0.31007364540018995,0.7455021262675826,0.7455021262675826,0.6278817981415136,,0.24552874814268816,,0.24552874814268813,,0.2370936600958539,,0.24464431846192908,,0.23709366009585392,,0.24464431892795244,,0.2514945485813576,,1.0
lewidi_md,qwen,19,GPP-cosine,3,16,1.4237068188618138,0.3031887368957571,0.46443526284000713,0.2969388529796409,0.4628720968269545,0.4628720968269545,0.262162983417511,0.011775512248277664,0.028817424013955782,-0.02414654690158605,0.028817424013955782,-0.024146546901586054,0.02463695236806571,-0.01857875430023726,0.02774263810729314,-0.02261753320366077,0.024636952368065713,-0.01857875430023726,0.027742638662786156,-0.022617532818707292,0.04694668403230099,-0.005256157926264266,0.5
lewidi_md,qwen,19,GPP-rbf,3,16,0.6601287995543259,0.14065206274742828,0.3017246530732182,0.3403419754434503,0.6526005888125613,0.6526005888125613,0.48788824677467346,0.18380466103553772,0.1471124860557425,-0.1828250615506955,0.1471124860557425,-0.18282506155069547,0.13886547266076021,-0.17376962609553054,0.14561081139023307,-0.1813221038089171,0.13886547266076021,-0.17376962609553054,0.14561081035104956,-0.18132210390163372,0.14934310062653544,-0.18355941726491612,1.0
lewidi_md,qwen,19,GPP-laplace,3,16,0.6888676862054698,0.15363374342615282,0.32561143484767213,0.35554692464703486,0.6051684658161597,0.6051684658161597,0.440103679895401,0.2526901662349701,0.008185100204904924,-0.006229031388989333,0.008185100204904917,-0.006229031388989326,0.007378271463520561,-0.0057333562343228305,0.007995645934774807,-0.006120867762978818,0.007378271463520564,-0.0057333562343228305,0.007995646332376347,-0.006120868235443101,0.00965950290246502,-0.00706525846786447,0.5
lewidi_md,qwen,19,LPE,3,16,0.6778711981518142,0.14508140842223097,0.30560216816653407,0.3285749746711169,0.6071311743539418,0.6071311743539418,0.49024391174316406,0.15880480408668518,0.09818574405027333,-0.03951970801067203,0.09818574405027332,-0.03951970801067203,0.09032785471074038,-0.03479489704493385,0.09646718189487952,-0.038352604928310344,0.09032785471074038,-0.03479489704493385,0.09646718232982956,-0.03835260584366206,0.09397197452880655,-0.03826627374385289,1.0
lewidi_md,qwen,19,LP-temp,3,16,0.7063786723975188,0.15706625800858398,0.323928424838654,0.33411675148745634,0.5397448478900884,0.5397448478900884,0.6620336075380554,,0.07558219527751374,,0.07558219527751373,,0.06986823007064791,,0.0743612032597703,,0.06986823007064791,,0.07436120452132045,,0.05231436691321301,,1.0
lewidi_md,qwen,19,GPP-cosine,3,64,1.159432042498919,0.23819083181608888,0.3996389629737971,0.28118485372480784,0.5044160942100098,0.5044160942100098,0.3288220167160034,0.0067679258063435555,0.08070271758142603,0.00844690494736397,0.08070271758142603,0.008446904947363963,0.07313623477052018,0.006906293951650388,0.07895302420173779,0.008035926023101082,0.07313623477052018,0.006906293951650388,0.07895302514605468,0.008035925641824877,0.05898240219638995,0.05037410854414972,0.5
lewidi_md,qwen,19,GPP-rbf,3,64,0.6787935565395635,0.13427081353107967,0.2850824261603936,0.29747815505831005,0.6722276741903828,0.6722276741903828,0.4091603755950928,0.13442836701869965,0.07614176646332513,-0.10811684433734113,0.07614176646332511,-0.10811684433734113,0.06631485023257751,-0.10482944700066252,0.07367287607440808,-0.10785732483358855,0.06631485023257751,-0.10482944700066252,0.07367287300562425,-0.10785732640064571,0.07539194791254836,-0.10307503624059502,0.5
lewidi_md,qwen,19,GPP-laplace,3,64,0.6615966467570132,0.1393696176762489,0.300417897187595,0.329898686113004,0.6656853123977756,0.6656853123977756,0.41467154026031494,0.2360888570547104,-0.1351126899383218,-0.1331268341098664,-0.13511268993832176,-0.1331268341098664,-0.1314201905487699,-0.12843061892065824,-0.1349148945379131,-0.13260995856385993,-0.1314201905487699,-0.12843061892065827,-0.13491489528686373,-0.13260995927795272,-0.14954641000576938,-0.14434149761913448,-1.0
lewidi_md,qwen,19,LPE,3,64,0.7952767619009273,0.14705007490874042,0.28751250853712373,0.28414925476620306,0.6754988550866863,0.6754988550866863,0.3308270275592804,0.07750707864761353,0.11728847210479434,0.02665681755122921,0.11728847210479432,0.026656817551229207,0.10563698858247297,0.02256793688488475,0.11454628767179241,0.025595098948716265,0.10563698858247297,0.022567936884884746,0.11454628497204711,0.02559509624278649,0.10665108138366072,0.03510298392768334,0.5
lewidi_md,qwen,19,LP-temp,3,64,0.6405775788357397,0.12982619970774403,0.2839375519993977,0.3207037285965345,0.6650310762185149,0.6650310762185149,0.6376110479784857,,0.1190685638092196,,0.1190685638092196,,0.10932789788154634,,0.11692011621992404,,0.10932789788154634,,0.11692011445380784,,0.0972137158200928,,1.0
lewidi_md,qwen,19,GPP-cosine,3,256,0.6666584919692947,0.12408979144113676,0.26960952124498483,0.3008066390055168,0.6725547922800131,0.6725547922800131,0.5669289231300354,0.008926335722208023,0.16159590603211874,0.01344134514903494,0.1615959060321187,0.01344134514903494,0.15451197876731038,0.01633291497293248,0.16054746468401757,0.014413482543130152,0.15451197876731038,0.01633291497293248,0.16054746339502513,0.014413482401767996,0.20247409251801832,0.0158233416055909,1.0
lewidi_md,qwen,19,GPP-rbf,3,256,0.6547650485028588,0.12331483505272937,0.2668965364014867,0.2944371869799772,0.6895649329407916,0.6895649329407916,0.41836807131767273,0.11568929255008698,0.1542574524633915,-0.05389837409904369,0.1542574524633915,-0.05389837409904368,0.14263217319829224,-0.0517451256489566,0.15177660529601095,-0.053612441368808994,0.14263217319829227,-0.05174512564895659,0.15177660288890601,-0.053612443122017704,0.1471953355774221,-0.05408750884932471,1.0
lewidi_md,qwen,19,GPP-laplace,3,256,0.6550031079126648,0.13592301634380433,0.2952371260427282,0.32477868068428645,0.666012430487406,0.666012430487406,0.40938669443130493,0.23117627203464508,-0.09003763087222852,-0.11064655090082766,-0.09003763087222852,-0.11064655090082764,-0.09099633307827441,-0.10913017450755777,-0.09094646341514648,-0.11094335999399745,-0.09099633307827443,-0.10913017450755777,-0.09094646497285616,-0.11094336129598162,-0.10389871407436457,-0.12388305490435855,-1.0
lewidi_md,qwen,19,LPE,3,256,0.7703034691719693,0.140382551445453,0.28019816995213037,0.2833903260591153,0.676153091265947,0.676153091265947,0.2579285502433777,0.17422746121883392,0.1664616163067592,0.042025086490987296,0.1664616163067592,0.042025086490987296,0.16002232841017308,0.04452825832735992,0.16564271069621914,0.04307491413932252,0.1600223284101731,0.04452825832735992,0.16564270945502096,0.043074913095921374,0.15969039539041205,0.05013408783775498,1.0
lewidi_md,qwen,19,LP-temp,3,256,0.6436844648355313,0.12793853321081655,0.27621151294535234,0.30746360461303046,0.666012430487406,0.666012430487406,0.6126198172320507,,0.1580483316209611,,0.1580483316209611,,0.15710916907676753,,0.15884567183562853,,0.15710916907676753,,0.15884567162652935,,0.1345424270213884,,1.0
lewidi_md,qwen,19,GPP-cosine,3,1024,0.6678713291535899,0.12152143965708831,0.2638679732137815,0.29025858757684925,0.6781157998037292,0.6781157998037292,0.5467464327812195,0.004866459872573614,0.19695133665717812,0.01529240857595639,0.1969513366571781,0.015292408575956387,0.1861884511735477,0.017616934985396064,0.1950255471407985,0.016104658310879722,0.1861884511735477,0.017616934985396064,0.1950255460275281,0.01610465791908075,0.24093989017741807,0.04308423814012805,1.0
lewidi_md,qwen,19,GPP-rbf,3,1024,0.6264093997636759,0.1025919767288964,0.23159993402941315,0.26465232638787944,0.7441936539090612,0.7441936539090612,0.37935149669647217,0.0732550173997879,0.2739679062077096,0.046303720889361334,0.2739679062077096,0.04630372088936133,0.26538098696042633,0.04884218133249209,0.2732321725076902,0.04739361133835033,0.26538098696042633,0.0488421813324921,0.2732321687043889,0.047393608582360254,0.2722896901063783,0.088960193857379,1.0
lewidi_md,qwen,19,GPP-laplace,3,1024,0.638088842316827,0.12563725912373427,0.2766641959350582,0.30142742302031084,0.6686293752044488,0.6686293752044488,0.38242000341415405,0.2139275223016739,0.09477501311070659,0.053105006776909755,0.09477501311070659,0.053105006776909755,0.08797138243044013,0.0493817323687359,0.09335392845645452,0.05233581593993232,0.08797138243044013,0.04938173236873591,0.0933539239051932,0.05233581182531672,0.08695166449799,0.04870480598243238,1.0
lewidi_md,qwen,19,LPE,3,1024,0.7323986153713574,0.11192832470344768,0.23818087956532139,0.2578767432123505,0.7248936866208702,0.7248936866208702,0.11875145137310028,0.27387046813964844,0.27922365144340017,0.20428389361391205,0.2792236514434002,0.20428389361391203,0.269584520927743,0.20208755045060406,0.2782037079184536,0.20501549378149178,0.269584520927743,0.2020875504506041,0.2782037060696555,0.20501549170347189,0.2766311438342788,0.1976496603599697,1.0
lewidi_md,qwen,19,LP-temp,3,1024,0.5945203529620647,0.1117719595998415,0.2541774932782153,0.30993589592786247,0.7271835132482827,0.7271835132482827,0.6296061716809864,,0.24988938606075575,,0.24988938606075572,,0.24044044756677288,,0.2487262867610778,,0.2404404475667729,,0.2487262852917649,,0.25463116057525814,,1.0
lewidi_md,qwen,19,GPP-cosine,4,16,1.8001298048952359,0.3488457376989947,0.4883649898141925,0.3157737034138191,0.4677788681714099,0.4677788681714099,0.14598998427391052,0.010222353041172028,0.00881108382961237,-0.019934077013787518,0.008811083829612362,-0.01993407701378752,0.008980457619080152,-0.011164949529898655,0.008923016617714967,-0.01740190112948234,0.008980457619080156,-0.011164949529898658,0.008923017325272675,-0.017401900966356604,0.04978004770459598,0.022771332802390507,1.0
lewidi_md,qwen,19,GPP-rbf,4,16,0.6798014935160359,0.13972729041536347,0.2972397622090268,0.30606851906669347,0.6656853123977756,0.6656853123977756,0.4260480999946594,0.16215354204177856,0.026084382565333592,-0.15620816944588428,0.02608438256533359,-0.15620816944588428,0.016944737446832017,-0.15099458445316824,0.0234815938902906,-0.1556920228900904,0.01694473744683202,-0.15099458445316827,0.02348159415075635,-0.1556920228437856,0.026178295522396474,-0.15728447816115249,0.5
lewidi_md,qwen,19,GPP-laplace,4,16,0.6725537459907736,0.14676550220433332,0.31277286300803075,0.34994732228588343,0.6633954857703631,0.6633954857703631,0.4365960657596588,0.2505606412887573,-0.06680071333344027,-0.05780924705934655,-0.06680071333344027,-0.05780924705934654,-0.06788672141858279,-0.0564942305913175,-0.0675890387761762,-0.057805224081647656,-0.06788672141858279,-0.05649423059131751,-0.06758903853332837,-0.057805224495003506,-0.06944808541058138,-0.05940752499817889,-1.0
lewidi_md,qwen,19,LPE,4,16,0.7504356762547313,0.1484690282459526,0.29828583444109946,0.2829675804103029,0.6607785410533202,0.6607785410533202,0.36622360348701477,0.10856303572654724,0.08067237550236586,0.028396151100540258,0.08067237550236586,0.028396151100540258,0.07004235619617347,0.023583032630490254,0.07799011911308154,0.027125938655503928,0.07004235619617347,0.02358303263049025,0.07799011913960033,0.027125938478096946,0.06961231657042682,0.034856297321186086,0.5
lewidi_md,qwen,19,LP-temp,4,16,0.7159263840325016,0.14374517002771584,0.29652705286835773,0.2901443036518736,0.6503107621851488,0.6503107621851488,0.5270672096265495,,0.07358539801816069,,0.07358539801816069,,0.06337258801634961,,0.07098154517374484,,0.06337258801634962,,0.07098154514918792,,0.058846906809498105,,0.5
lewidi_md,qwen,19,GPP-cosine,4,64,0.6992351404611363,0.14049305672102638,0.2955086421918324,0.30472904185384886,0.5809617271835132,0.5809617271835132,0.5729722380638123,0.01302399579435587,0.1369135389620147,0.002720750645427177,0.1369135389620147,0.002720750645427184,0.12925218781027617,0.008868741978346341,0.13552020722509717,0.0046104733742343825,0.1292521878102762,0.008868741978346346,0.13552020689613123,0.00461047359455959,0.12880987753330214,-0.03461770477752494,1.0
lewidi_md,qwen,19,GPP-rbf,4,64,0.656071816262524,0.13445119651285012,0.29009602713378224,0.31831641591401044,0.6611056591429506,0.6611056591429506,0.4511793851852417,0.17277368903160095,0.11286301651850658,-0.133176576173364,0.11286301651850655,-0.133176576173364,0.11446636392417808,-0.1235643132253226,0.114124470959142,-0.1311638941739336,0.11446636392417811,-0.12356431322532263,0.11412446974592272,-0.13116389465671477,0.1311450708348833,-0.13676833942180855,1.0
lewidi_md,qwen,19,GPP-laplace,4,64,0.668380098204774,0.1444897464940673,0.30784381635786856,0.34409501776780954,0.6640497219496239,0.6640497219496239,0.43186208605766296,0.2474507838487625,-0.11250935537528667,-0.10117325845706182,-0.11250935537528665,-0.10117325845706182,-0.10745722683299601,-0.09573166628883173,-0.11174286204127576,-0.10021054545052983,-0.10745722683299602,-0.09573166628883173,-0.11174286183102478,-0.10021054562203356,-0.12991674864991756,-0.11284582707285346,-1.0
lewidi_md,qwen,19,LPE,4,64,0.7530606964265029,0.14755140712173404,0.2964200279273664,0.2932801790936715,0.6454039908406934,0.6454039908406934,0.3665629029273987,0.1215115413069725,0.1135394064120324,-0.038667264422136104,0.11353940641203242,-0.0386672644221361,0.11269580718852802,-0.031586974472090294,0.1140607939732957,-0.03677745400592561,0.11269580718852804,-0.0315869744720903,0.11406079293927193,-0.03677745505552171,0.11819980761190789,-0.020817973372522017,1.0
lewidi_md,qwen,19,LP-temp,4,64,0.6664693627101701,0.1436510177723718,0.3078246130025804,0.34470950137112755,0.6133464180569186,0.6133464180569186,0.6798211505006088,,0.08229329084739662,,0.08229329084739662,,0.07908660757971991,,0.08188135733133878,,0.07908660757971991,,0.08188135701798382,,0.09047617048535385,,1.0
lewidi_md,qwen,19,GPP-cosine,4,256,0.7051211562683368,0.12789523175912199,0.2706781634646831,0.29667973818369575,0.6774615636244684,0.6774615636244684,0.5424212217330933,0.006824871525168419,0.1558689903089907,0.024319707737709514,0.1558689903089907,0.02431970773770951,0.14837414725232004,0.029802792086666627,0.15465624236830977,0.026155098776272097,0.14837414725232004,0.029802792086666627,0.15465624088305804,0.02615509802972369,0.20012350272410148,0.030722218570090637,1.0
lewidi_md,qwen,19,GPP-rbf,4,256,0.675683646216476,0.1272072378047943,0.27139244952638497,0.28732136092505983,0.6856395158652273,0.6856395158652273,0.3924594521522522,0.11320468038320541,0.16303180713071885,-0.03191138447096023,0.1630318071307188,-0.03191138447096023,0.1539215674571061,-0.029454685033306668,0.16137651971255781,-0.03138241454972119,0.15392156745710614,-0.02945468503330667,0.16137651651340904,-0.03138241669479865,0.15544084850821915,-0.0263673204870185,1.0
lewidi_md,qwen,19,GPP-laplace,4,256,0.6791959419340091,0.14028219422874497,0.2980843946596045,0.3072312570548989,0.6663395485770363,0.6663395485770363,0.37762266397476196,0.2135077267885208,-0.13805675235058368,-0.1401402100494148,-0.13805675235058368,-0.1401402100494148,-0.1319269534205329,-0.13359822042954242,-0.13713736727017428,-0.13910965779053663,-0.1319269534205329,-0.13359822042954242,-0.1371373683662726,-0.13910965878489012,-0.14264279933282856,-0.1449869730839639,-1.0
lewidi_md,qwen,19,LPE,4,256,0.7994411200824516,0.14083095102391235,0.27802207411804053,0.27619801270819927,0.677134445534838,0.677134445534838,0.2486538589000702,0.15332798659801483,0.19102632891025678,0.07256416310896532,0.19102632891025678,0.07256416310896532,0.18082151637285754,0.06872239666401359,0.1892297767184586,0.07189227135903614,0.18082151637285754,0.06872239666401361,0.1892297739839442,0.07189226937233109,0.18311802354784412,0.08302197383340565,1.0
lewidi_md,qwen,19,LP-temp,4,256,0.6762085188264897,0.13005806476105597,0.27521817228391166,0.2834040546598355,0.6571802420673863,0.6571802420673863,0.5335098182915444,,0.18707904053626254,,0.18707904053626256,,0.17872964501457314,,0.1858201127235841,,0.17872964501457317,,0.18582011139040255,,0.16690199821451096,,1.0
lewidi_md,qwen,19,GPP-cosine,4,1024,0.6432319811732387,0.11849169049294875,0.26045547134582453,0.2962369640633153,0.6908734052993131,0.6908734052993131,0.5673268437385559,0.005502804182469845,0.19320410368924182,0.02286116294777287,0.19320410368924182,0.022861162947772875,0.18641141957070895,0.029500000484199033,0.19246092194825465,0.02503829934132345,0.18641141957070897,0.02950000048419904,0.19246092097673745,0.025038299666848823,0.2408842994148431,0.02225212296153326,1.0
lewidi_md,qwen,19,GPP-rbf,4,1024,0.6026456083434376,0.09784407243593285,0.22487547519313233,0.2631267020551084,0.7517173699705594,0.7517173699705594,0.3889558017253876,0.07853556424379349,0.2916412734887779,0.04305490276667597,0.2916412734887779,0.04305490276667597,0.2865823959388482,0.048800066671872255,0.2921003843271052,0.04509845426993872,0.2865823959388482,0.04880006667187226,0.2921003814500793,0.04509845210048589,0.29167217419256414,0.0799313330238807,1.0
lewidi_md,qwen,19,GPP-laplace,4,1024,0.6360878906719831,0.12619281742250427,0.27850092384729036,0.3087554917314309,0.6702649656526006,0.6702649656526006,0.3915255069732666,0.21948522329330444,0.06360795833838762,0.021483298339208375,0.06360795833838762,0.021483298339208368,0.05696957434677017,0.01827273298435085,0.06202356526755164,0.020653429684551926,0.05696957434677018,0.018272732984350847,0.06202356092221209,0.02065342582999393,0.046566703146585925,0.004102744791008961,0.5
lewidi_md,qwen,19,LPE,4,1024,0.6940358781732949,0.10824771517140515,0.23281758072795533,0.25575151097331955,0.7353614654890416,0.7353614654890416,0.1233157217502594,0.2853745222091675,0.2901542287749407,0.20821126819516822,0.2901542287749407,0.20821126819516825,0.28640680686184755,0.21415710804813431,0.291002276048041,0.21144777177145974,0.28640680686184755,0.21415710804813431,0.2910022757750023,0.2114477707761283,0.29298757156078725,0.20751221977924,1.0
lewidi_md,qwen,19,LP-temp,4,1024,0.5935769526716368,0.11201433789398241,0.2550152665543405,0.31211288168288803,0.7262021589793916,0.7262021589793916,0.6368126975093439,,0.2771286876473438,,0.2771286876473438,,0.272398109689179,,0.2775882528192922,,0.272398109689179,,0.27758825182929137,,0.2797139266131662,,1.0
lewidi_md,qwen,29,GPP-cosine,0,16,0.7686866318686554,0.1739572782592978,0.3435413548750282,0.31663064153696985,0.5309126594700687,0.5309126594700687,0.5816858410835266,0.035330962389707565,0.03005205732155524,-0.057760577107779695,0.03005205732155524,-0.057760577107779695,0.024713785431344774,-0.053950929130084084,0.02863336851041785,-0.056997005752775276,0.02471378543134477,-0.053950929130084084,0.028633367962467317,-0.05699700515048967,0.0018702155545992471,-0.08640206660216995,0.5
lewidi_md,qwen,29,GPP-rbf,0,16,0.670849775948521,0.14395766569219565,0.3076063676703433,0.3374153154852077,0.6411514556754988,0.6411514556754988,0.4682304561138153,0.1941763311624527,0.06225417885633114,-0.21175830927307188,0.062254178856331145,-0.21175830927307188,0.055574202960362105,-0.20270916452081109,0.06064784976939708,-0.21045555642938707,0.05557420296036211,-0.2027091645208111,0.06064784922603031,-0.210455556329184,0.07624525748934295,-0.20952312064663067,0.5
lewidi_md,qwen,29,GPP-laplace,0,16,0.6837639999405084,0.15156109131073617,0.3218724011551098,0.35460377250572694,0.6444226365718024,0.6444226365718024,0.4392267167568207,0.252623975276947,-0.028129455414307673,-0.021253028759158372,-0.028129455414307673,-0.021253028759158375,-0.02789457647574707,-0.019937014329581018,-0.028250754182377456,-0.020998168599489723,-0.02789457647574706,-0.019937014329581015,-0.028250753810581432,-0.020998169089834724,-0.02819588797801217,-0.021709674531997406,-1.0
lewidi_md,qwen,29,LPE,0,16,0.7145328399956024,0.14754644165207229,0.3058132431931406,0.3066961808487728,0.6473666993784757,0.6473666993784757,0.42500433325767517,0.13117995858192444,-0.044338145152083064,-0.07668678087163891,-0.044338145152083064,-0.0766867808716389,-0.04751659552912641,-0.07891774614113067,-0.04560933896931609,-0.07789131489902948,-0.04751659552912641,-0.07891774614113067,-0.04560933913255641,-0.07789131463531797,-0.0491910752608152,-0.07487418034322177,-1.0
lewidi_md,qwen,29,LP-temp,0,16,0.6770270335522015,0.14543310016485994,0.3089423181838073,0.3326691221240684,0.6156362446843311,0.6156362446843311,0.6545371526190946,,-0.02990764017572998,,-0.029907640175729992,,-0.03436447709989036,,-0.03146899981505922,,-0.03436447709989036,,-0.03146900015928427,,-0.03456957971312399,,-1.0
lewidi_md,qwen,29,GPP-cosine,0,64,0.656454640028239,0.1276610689815567,0.2768172014632161,0.30633699616157767,0.662414131501472,0.662414131501472,0.5748456120491028,0.01995972730219364,0.14998562749909436,0.00885758781002428,0.14998562749909433,0.00885758781002428,0.13941261317673193,0.011415934027214665,0.14779574966619657,0.009696897902543161,0.13941261317673195,0.011415934027214664,0.14779574842037252,0.00969689794764906,0.12667506763243608,0.008415118673483164,1.0
lewidi_md,qwen,29,GPP-rbf,0,64,0.6448302458831325,0.1302482094849365,0.2835405267224247,0.3178727100302978,0.6732090284592738,0.6732090284592738,0.4638464152812958,0.16053950786590576,0.1400041970150414,-0.13512728923725748,0.1400041970150414,-0.13512728923725745,0.1338567591033873,-0.12715614743821518,0.13909279026443339,-0.13362743414114037,0.1338567591033873,-0.12715614743821518,0.13909278780654866,-0.13362743506721042,0.15691563704077388,-0.13470597319562308,1.0
lewidi_md,qwen,29,GPP-laplace,0,64,0.666446680804262,0.14405322185175445,0.30732032769025447,0.3464120312621722,0.6653581943081452,0.6653581943081452,0.43494465947151184,0.24832236766815186,-0.06840149978877397,-0.08628829244520711,-0.06840149978877397,-0.08628829244520711,-0.06540318760411135,-0.08095961612585016,-0.06795777616719159,-0.08525793193794318,-0.06540318760411136,-0.08095961612585016,-0.06795777656390833,-0.08525793245106349,-0.07211209270795868,-0.09065176209104865,-1.0
lewidi_md,qwen,29,LPE,0,64,0.7044783897693141,0.13737949579924652,0.28445690015584457,0.29399946939867866,0.6558717697088648,0.6558717697088648,0.4018501043319702,0.11988157033920288,0.1311247633743003,-0.002342228624800456,0.1311247633743003,-0.0023422286248004553,0.12405771023774409,-0.0033177176190926885,0.12987262733017693,-0.002655160595818586,0.12405771023774412,-0.003317717619092686,0.12987262527063603,-0.002655162540157643,0.13614547145567926,0.006742089437306164,1.0
lewidi_md,qwen,29,LP-temp,0,64,0.6524766363308321,0.13617393048845092,0.2938016128994814,0.33071686609792356,0.6388616290480864,0.6388616290480864,0.656286916702223,,0.09870085379391802,,0.09870085379391799,,0.09125401226256996,,0.0971109199494608,,0.09125401226256998,,0.09711091840742053,,0.1047486345315133,,1.0
lewidi_md,qwen,29,GPP-cosine,0,256,0.7124413609812611,0.12694599324619688,0.2692547823137721,0.28088676925925954,0.6578344782466471,0.6578344782466471,0.4964474141597748,0.009564614854753017,0.19294056558875294,0.03507803182897776,0.19294056558875297,0.03507803182897776,0.17790708462082944,0.03462168568701743,0.18968757800201774,0.03517955058445834,0.17790708462082944,0.034621685687017435,0.1896875767217019,0.03517954985685484,0.19212040973702943,0.07153856361160084,1.0
lewidi_md,qwen,29,GPP-rbf,0,256,0.6581562293719009,0.12177061185452452,0.2625886120425679,0.2853870078603644,0.6961072947333987,0.6961072947333987,0.398181289434433,0.11212158203125,0.1825382748712141,-0.014171365641283469,0.1825382748712141,-0.014171365641283467,0.1752450728545784,-0.012187060362489635,0.18156966885817627,-0.01366458490970691,0.1752450728545784,-0.012187060362489626,0.181569664697867,-0.013664587733513254,0.1819372862387146,-0.0018052153903648797,1.0
lewidi_md,qwen,29,GPP-laplace,0,256,0.6580486725634965,0.13547527092864303,0.29356727719131465,0.31581830946916445,0.666993784756297,0.666993784756297,0.3973921835422516,0.22467738389968872,-0.10055414765325764,-0.1151615151387462,-0.10055414765325764,-0.11516151513874617,-0.0910841322192396,-0.1051780510433789,-0.09836118345902528,-0.1129123980158738,-0.0910841322192396,-0.1051780510433789,-0.09836118588104553,-0.11291240001837685,-0.09618134938114296,-0.11491028286213525,-0.5
lewidi_md,qwen,29,LPE,0,256,0.7763577945056992,0.13466011148015708,0.2675494626391689,0.2745502745197671,0.700032711808963,0.700032711808963,0.2527088522911072,0.15440021455287933,0.2011481334756281,0.07825257508829725,0.2011481334756281,0.07825257508829724,0.19360303288907688,0.0769538013301533,0.20023040512086707,0.07839360119606752,0.19360303288907688,0.07695380133015331,0.20023040192046573,0.07839359861759326,0.19512696418918896,0.09402743023142436,1.0
lewidi_md,qwen,29,LP-temp,0,256,0.673499095285659,0.12658566818005504,0.2661362047470602,0.28106333979142184,0.6859666339548577,0.6859666339548577,0.5162662403158309,,0.18408348686735135,,0.18408348686735135,,0.177512387358542,,0.18334523506348244,,0.17751238735854202,,0.18334523302772843,,0.1645812985726112,,1.0
lewidi_md,qwen,29,GPP-cosine,0,1024,0.6762517932591201,0.11222747447878031,0.24457789297889368,0.2666911643219676,0.7062479555119399,0.7062479555119399,0.4866577982902527,0.005229880101978779,0.2573770759026228,0.07465994499300144,0.2573770759026228,0.07465994499300144,0.24575600699579864,0.07682356148335653,0.25560422753533574,0.07583009146304837,0.2457560069957986,0.07682356148335653,0.25560422675815975,0.07583009205767685,0.26157721834013936,0.1425807483530058,1.0
lewidi_md,qwen,29,GPP-rbf,0,1024,0.6038133954148819,0.09549873899391362,0.2185563167090545,0.2550627497465111,0.765129211645404,0.765129211645404,0.3646785616874695,0.07684525847434998,0.3131180657092957,0.07204576935774687,0.3131180657092956,0.07204576935774687,0.30002378644528954,0.07209403078521293,0.3112788751784104,0.07255421387029373,0.30002378644528954,0.07209403078521293,0.31127887118627,0.07255421117447539,0.30066866301400025,0.1216062293544088,1.0
lewidi_md,qwen,29,GPP-laplace,0,1024,0.6323902260581268,0.12406120858446021,0.2745776609071318,0.3028944719882978,0.6732090284592738,0.6732090284592738,0.3856859505176544,0.2169012427330017,0.11542534781868166,0.07852840354189525,0.11542534781868166,0.07852840354189525,0.10589263295465806,0.07215152777815438,0.11331521962082741,0.07712585314791823,0.10589263295465808,0.07215152777815438,0.11331521435974537,0.07712584825953711,0.09213453568404711,0.060313686065267956,1.0
lewidi_md,qwen,29,LPE,0,1024,0.7260866013049607,0.10682767939246693,0.22805189574624923,0.25477417575072264,0.7526987242394504,0.7526987242394504,0.11261265724897385,0.25478601455688477,0.2902940267627443,0.213658355618757,0.2902940267627443,0.213658355618757,0.2809720665319839,0.21191826674875547,0.28944648010374974,0.21459305867580808,0.2809720665319839,0.2119182667487555,0.2894464792632012,0.2145930577956624,0.29369938273138435,0.21632242008669164,1.0
lewidi_md,qwen,29,LP-temp,0,1024,0.5763496798311734,0.1015682899013303,0.2347110367935438,0.2877599861798653,0.7481190709846255,0.7481190709846255,0.588171644945884,,0.29444893784954246,,0.29444893784954246,,0.2875337143286688,,0.2943623313205903,,0.2875337143286688,,0.29436233096874376,,0.2802108656078338,,1.0
lewidi_md,qwen,29,GPP-cosine,1,16,0.6492151466161529,0.13211136222794365,0.286464703570547,0.3256306787401301,0.6804056264311417,0.6804056264311417,0.6060747504234314,0.03478936105966568,0.12027261997890631,-0.015279611055646602,0.12027261997890631,-0.015279611055646602,0.10903867420827804,-0.014835931637946116,0.11767796024633045,-0.01524929879852725,0.10903867420827805,-0.014835931637946121,0.11767795921781837,-0.015249298437164991,0.1347397438502946,-0.045440303380843886,0.5
lewidi_md,qwen,29,GPP-rbf,1,16,0.6952417081726744,0.14281556884438742,0.29943145933906196,0.3003859333053245,0.6673209028459274,0.6673209028459274,0.39603322744369507,0.16643176972866058,-0.06809368606569269,-0.1753672078994252,-0.06809368606569269,-0.1753672078994252,-0.06043756080677018,-0.16510990517344148,-0.06623029653314362,-0.17344736304731437,-0.06043756080677019,-0.1651099051734415,-0.0662302975619993,-0.1734473633196647,-0.06337772031569128,-0.17329984055273437,-0.5
lewidi_md,qwen,29,GPP-laplace,1,16,0.6741207326927452,0.147445374126335,0.3138507736574445,0.3505930481250316,0.6640497219496239,0.6640497219496239,0.4366663098335266,0.25117167830467224,-0.08113611206877955,-0.05244683711343409,-0.08113611206877955,-0.05244683711343409,-0.07808486873728952,-0.04904126139146706,-0.08076355448023897,-0.05176982384192501,-0.07808486873728954,-0.04904126139146706,-0.08076355426886166,-0.05176982428729591,-0.07799037476276165,-0.05200519179466325,-1.0
lewidi_md,qwen,29,LPE,1,16,0.8545669302941163,0.1648188746205547,0.31010404903474265,0.2835763334478458,0.6673209028459274,0.6673209028459274,0.289898544549942,0.07757095992565155,0.04929410049244787,0.014106786265678378,0.04929410049244786,0.014106786265678375,0.04716046369014403,0.01369333059009885,0.04898258154823979,0.0140776344783419,0.04716046369014404,0.013693330590098854,0.04898258042793809,0.014077633420994233,0.046709435853871974,0.028528505632444648,1.0
lewidi_md,qwen,29,LP-temp,1,16,0.7129401798038746,0.1416460925838136,0.2923563150562592,0.2863403467151438,0.6611056591429506,0.6611056591429506,0.5125277601290837,,0.05422443015010264,,0.05422443015010264,,0.05063247739819658,,0.05350287750385572,,0.050632477398196596,,0.05350287637240677,,0.04810505251849299,,1.0
lewidi_md,qwen,29,GPP-cosine,1,64,1.2394019886059469,0.26302005861632444,0.42630745361836914,0.2874945101880808,0.48544324501144914,0.48544324501144914,0.3150174915790558,0.013627820648252964,0.06134524802243799,-0.022481343665767185,0.06134524802243798,-0.02248134366576718,0.05225367875340494,-0.020007398395818117,0.0589987466502326,-0.021882497553721444,0.05225367875340496,-0.020007398395818124,0.05899874749510821,-0.02188249687811756,0.0642036415314043,-0.00945444776683671,0.5
lewidi_md,qwen,29,GPP-rbf,1,64,0.6808905425221494,0.14677821982837302,0.30816821827460905,0.33089469257417065,0.6048413477265293,0.6048413477265293,0.48537400364875793,0.1689022332429886,0.16661959430782392,-0.15890966505149373,0.16661959430782392,-0.15890966505149373,0.15760426399596678,-0.15087409361750104,0.16501778000422018,-0.15755319100814957,0.15760426399596678,-0.15087409361750106,0.16501777896451802,-0.15755319100836884,0.17629921893898148,-0.16111283714252497,1.0
lewidi_md,qwen,29,GPP-laplace,1,64,0.684045252333858,0.15168764654285108,0.32235041414020416,0.35493313177971925,0.6398429833169774,0.6398429833169774,0.4406328499317169,0.2515306770801544,0.037922313442332975,-0.039380620475213464,0.037922313442332975,-0.03938062047521346,0.034905112362376416,-0.03819220770454494,0.03726395589879347,-0.03928882971546162,0.03490511236237642,-0.03819220770454495,0.03726395591048999,-0.03928883020458452,0.037633209807934824,-0.038555977048791004,1.0
lewidi_md,qwen,29,LPE,1,64,0.7818269387611327,0.16917914933228625,0.32724330999853557,0.3002877920536832,0.5776905462872097,0.5776905462872097,0.44097787141799927,0.12330319732427597,0.1286514783567641,-0.02200001708569995,0.12865147835676413,-0.02200001708569995,0.12051103505233426,-0.01691651567416575,0.1270557169720703,-0.02060368133712468,0.12051103505233426,-0.01691651567416575,0.12705571651737402,-0.020603681457480514,0.11471525240340338,-0.0041262461889943975,1.0
lewidi_md,qwen,29,LP-temp,1,64,0.683641571299573,0.15100413878345567,0.3183138545255658,0.34975275836413344,0.5842329080798168,0.5842329080798168,0.6865569516044112,,0.10099583993463129,,0.10099583993463128,,0.09369596985284727,,0.09946636370282388,,0.09369596985284728,,0.09946636359956376,,0.07165025768765954,,1.0
lewidi_md,qwen,29,GPP-cosine,1,256,0.6603344625630639,0.11666958738751969,0.2559186166415617,0.28395975018284425,0.6915276414785738,0.6915276414785738,0.5285770893096924,0.010465219616889954,0.20543967869373467,0.045206926111373676,0.20543967869373464,0.04520692611137367,0.19327439353378953,0.045298471584002034,0.20314525739626466,0.04554460701694717,0.19327439353378956,0.04529847158400205,0.20314525550656087,0.0455446069433083,0.23017042194356188,0.06250406005985173,1.0
lewidi_md,qwen,29,GPP-rbf,1,256,0.6529856041278751,0.12134049785203374,0.2631129162939918,0.2877440674548143,0.7033038927052666,0.7033038927052666,0.4006834924221039,0.11643267422914505,0.1673343509896557,-0.021833090030662475,0.1673343509896557,-0.021833090030662475,0.16240698135879716,-0.016323668883134582,0.16698156295600508,-0.020305986083009816,0.16240698135879716,-0.016323668883134582,0.1669815594576632,-0.020305988182428347,0.16644785380204322,-0.006793362390988041,1.0
lewidi_md,qwen,29,GPP-laplace,1,256,0.6683686558933501,0.13808306018032912,0.2967493741885486,0.31258296647189354,0.666993784756297,0.666993784756297,0.38876187801361084,0.22012309730052948,-0.14203259474963023,-0.1445867491381976,-0.14203259474963023,-0.1445867491381976,-0.13642867930485433,-0.1381448990215947,-0.14130050470665295,-0.14361714708101178,-0.13642867930485436,-0.1381448990215947,-0.14130050593664906,-0.14361714813528745,-0.1439275258825851,-0.14673646747515467,-1.0
lewidi_md,qwen,29,LPE,1,256,0.7521112201952779,0.13404079497413024,0.2716805980621503,0.27855549285492964,0.6810598626104023,0.6810598626104023,0.25894638895988464,0.17358629405498505,0.1964129081516811,0.0662899013106743,0.1964129081516811,0.0662899013106743,0.19060708032447476,0.06726814967840299,0.19599205686778326,0.06704193043224294,0.1906070803244748,0.067268149678403,0.19599205500022543,0.06704192896265389,0.19084798268998762,0.0722115948857266,1.0
lewidi_md,qwen,29,LP-temp,1,256,0.6554471730032858,0.1271327644739694,0.2719563171029314,0.2935784886736941,0.6656853123977756,0.6656853123977756,0.5723707159194803,,0.1782123484384905,,0.1782123484384905,,0.17360328833306413,,0.17803098554901187,,0.17360328833306415,,0.1780309849459309,,0.1642016339094972,,1.0
lewidi_md,qwen,29,GPP-cosine,1,1024,0.6768191982975716,0.11918514575645545,0.257845984133301,0.2766797479242467,0.6872751063133792,0.6872751063133792,0.505563497543335,0.005508911795914173,0.22338733144726175,0.048474414315602656,0.22338733144726175,0.04847441431560264,0.2114440560848525,0.04929644712381136,0.22128347848315455,0.0490568046686044,0.2114440560848525,0.049296447123811364,0.2212834778498969,0.04905680482498114,0.2171214597282668,0.08170555004890355,1.0
lewidi_md,qwen,29,GPP-rbf,1,1024,0.6092552045370789,0.09928071949505166,0.22681848828222007,0.2586364233592426,0.7474648348053647,0.7474648348053647,0.3791255056858063,0.07385659962892532,0.2973302616510258,0.06699755310826465,0.2973302616510258,0.06699755310826466,0.28800504646168257,0.06859756680550988,0.29652994633407986,0.06794365976173686,0.28800504646168257,0.06859756680550987,0.2965299427609852,0.06794365700575121,0.287679611784618,0.11338452698793472,1.0
lewidi_md,qwen,29,GPP-laplace,1,1024,0.6328710225238761,0.12462227599865841,0.27560600475948893,0.3047048839880832,0.6709192018318613,0.6709192018318613,0.38887885212898254,0.21804417669773102,0.11497776804035376,0.07136243747143761,0.11497776804035373,0.07136243747143761,0.10642010922079588,0.06653892271145122,0.11316132044737437,0.07038352508650955,0.1064201092207959,0.06653892271145123,0.1131613152649531,0.07038352029017711,0.0997383322081208,0.059822847915944576,1.0
lewidi_md,qwen,29,LPE,1,1024,0.7499855173475334,0.11531545522980267,0.2408196209289946,0.26360584064648396,0.7288191036964344,0.7288191036964344,0.12212923169136047,0.2577632963657379,0.2515182081823152,0.17661894976095177,0.2515182081823152,0.17661894976095174,0.24333694698846287,0.17746536781508465,0.25075207604479854,0.1780869840282735,0.24333694698846287,0.1774653678150847,0.2507520746504642,0.17808698301268644,0.25237914354039687,0.17770082360150127,1.0
lewidi_md,qwen,29,LP-temp,1,1024,0.5928962085302889,0.10979402412125358,0.2490019104665744,0.3002899369159875,0.722930978083088,0.722930978083088,0.6100708313627491,,0.24569620884745177,,0.24569620884745175,,0.23731803891780273,,0.24483024926709968,,0.23731803891780273,,0.24483024825106547,,0.22879015538274353,,1.0
lewidi_md,qwen,29,GPP-cosine,2,16,0.7506823655192126,0.16093506126087104,0.3238494306242037,0.3199054987098721,0.5410533202486097,0.5410533202486097,0.5751903653144836,0.02910594269633293,0.0627760654074599,-0.061023125145508485,0.0627760654074599,-0.06102312514550848,0.06222125572213915,-0.05339651360044255,0.06303744282415978,-0.05912026059733372,0.06222125572213915,-0.05339651360044254,0.06303744280797326,-0.059120259799653296,0.1090437639211404,-0.06962153735454417,1.0
lewidi_md,qwen,29,GPP-rbf,2,16,0.7509260741823588,0.1539104487683293,0.3082596759409648,0.29357767820147485,0.6673209028459274,0.6673209028459274,0.3552287220954895,0.14491169154644012,-0.09949376032853688,-0.1692226825902563,-0.09949376032853688,-0.1692226825902563,-0.09270653369685938,-0.15889502118248014,-0.09811000741664894,-0.16723931407992465,-0.09270653369685941,-0.15889502118248017,-0.09811000726057417,-0.16723931380036888,-0.09785799783543932,-0.16610365223153617,-1.0
lewidi_md,qwen,29,GPP-laplace,2,16,0.6715287998687841,0.1460853235797944,0.31020210510059476,0.34680352558028255,0.6633954857703631,0.6633954857703631,0.4341047406196594,0.24959178268909454,-0.1287790222184815,-0.0921196076013901,-0.1287790222184815,-0.0921196076013901,-0.1244319236368507,-0.08771048474379843,-0.1283385994505622,-0.09140906769247183,-0.1244319236368507,-0.08771048474379843,-0.12833859904534536,-0.09140906792545375,-0.12444008563839994,-0.09210213472486418,-1.0
lewidi_md,qwen,29,LPE,2,16,0.9835728709429788,0.18568984164869246,0.3259984804932753,0.29045023651782276,0.6673209028459274,0.6673209028459274,0.21317273378372192,0.07341939955949783,0.04704946895199434,0.029665958179815544,0.04704946895199434,0.029665958179815547,0.05213509610723265,0.03617433611745813,0.04891967365131018,0.03185002638032991,0.05213509610723265,0.03617433611745814,0.04891967352855958,0.03185002633063407,0.05027319095456493,0.03343335748344667,1.0
lewidi_md,qwen,29,LP-temp,2,16,0.7449982560326955,0.14885743085466696,0.2978645725819241,0.2760500123374257,0.6627412495911024,0.6627412495911024,0.48042178494375254,,0.06101775726789504,,0.06101775726789504,,0.06414299721033473,,0.06238706868207888,,0.06414299721033474,,0.06238706851704626,,0.06240560503055027,,1.0
lewidi_md,qwen,29,GPP-cosine,2,64,0.9699582732077282,0.20536253439763189,0.3692754838279982,0.28675600079070107,0.5067059208374223,0.5067059208374223,0.44026246666908264,0.015674756839871407,0.07711560689519271,-0.03328188387508451,0.0771156068951927,-0.03328188387508452,0.0660782929794652,-0.03221943203671809,0.07428501881344224,-0.033186631070998895,0.06607829297946521,-0.0322194320367181,0.07428501886958847,-0.03318663066020305,0.07324385212131745,-0.038801634938137375,0.5
lewidi_md,qwen,29,GPP-rbf,2,64,0.6694920954662864,0.14242635742299875,0.30153722156023216,0.329732060700799,0.6211972522080471,0.6211972522080471,0.47469115257263184,0.1754690259695053,0.1242043553973696,-0.16580936112493866,0.12420435539736957,-0.16580936112493866,0.12205253190884734,-0.15566314976433646,0.12440068957508588,-0.16385782225415116,0.12205253190884735,-0.15566314976433648,0.12440068828650175,-0.16385782248415912,0.14471920796795074,-0.1654572230886974,1.0
lewidi_md,qwen,29,GPP-laplace,2,64,0.6832813321254595,0.15140998196655236,0.3217481518170979,0.3549884342898232,0.6473666993784757,0.6473666993784757,0.4402236342430115,0.25201165676116943,0.015642603585736624,-0.03072471541612201,0.015642603585736617,-0.030724715416122,0.014679526614294513,-0.029002094816882287,0.015456705877810787,-0.030411021969546738,0.014679526614294513,-0.029002094816882283,0.015456705794550642,-0.0304110225885301,0.01565452022054983,-0.031446712241782554,1.0
lewidi_md,qwen,29,LPE,2,64,0.7521822222986061,0.1563753131835032,0.3100700311329308,0.29861257440100486,0.6058227019954203,0.6058227019954203,0.41919928789138794,0.1176505908370018,0.09854163419968243,-0.01720041867413789,0.09854163419968243,-0.017200418674137886,0.09428847822198592,-0.011175859892916782,0.09792257372268579,-0.015484788580813407,0.09428847822198592,-0.011175859892916782,0.09792257256309544,-0.01548478908190343,0.09041755676533429,-0.012792239946366128,1.0
lewidi_md,qwen,29,LP-temp,2,64,0.7160277567648999,0.15141005539367833,0.30736765616373435,0.3034558437410397,0.5947006869479883,0.5947006869479883,0.5830094750162407,,0.09744285720666485,,0.09744285720666482,,0.09153608396871142,,0.09631300540365922,,0.09153608396871141,,0.0963130049318279,,0.0726634132497574,,1.0
lewidi_md,qwen,29,GPP-cosine,2,256,0.6999162976379872,0.11782324880932582,0.25130108493225467,0.2714040099643774,0.6918547595682041,0.6918547595682041,0.4836302697658539,0.008436914533376694,0.23355114140229782,0.06402484054566264,0.23355114140229782,0.06402484054566263,0.22174354656274955,0.06483362709460055,0.23155823777454485,0.06470977243741324,0.22174354656274958,0.06483362709460055,0.23155823567948458,0.0647097711956478,0.24797355898257478,0.1280919243545479,1.0
lewidi_md,qwen,29,GPP-rbf,2,256,0.6754391784461904,0.1255889864098994,0.267488399429273,0.28446977309532623,0.694471704285247,0.694471704285247,0.3869533836841583,0.10788771510124207,0.16245113715857795,-0.0249745773076571,0.16245113715857795,-0.024974577307657106,0.15289671510917516,-0.02323325738397338,0.16065668796402421,-0.02461578506741629,0.15289671510917516,-0.023233257383973385,0.16065668406208766,-0.024615787816646056,0.15784736838828942,-0.016498350616304183,1.0
lewidi_md,qwen,29,GPP-laplace,2,256,0.6824040130765512,0.1408287532452911,0.2983899171182951,0.30420600396063274,0.666993784756297,0.666993784756297,0.3737907111644745,0.21110858023166656,-0.15357963735387248,-0.15546333412563948,-0.15357963735387248,-0.15546333412563948,-0.14604022017672993,-0.14753347079320725,-0.1523376339554266,-0.15411541223228287,-0.14604022017672993,-0.14753347079320725,-0.15233763489515023,-0.15411541304137388,-0.15434574390325054,-0.15937380293856657,-1.0
lewidi_md,qwen,29,LPE,2,256,0.7661735896934722,0.13452717806002498,0.2697542266691685,0.27600343661828025,0.6856395158652273,0.6856395158652273,0.24253442883491516,0.17502443492412567,0.19780275602782033,0.07805108773731881,0.19780275602782035,0.0780510877373188,0.1865416853528373,0.07596040888955702,0.19573118419186517,0.07794972500391911,0.18654168535283733,0.07596040888955702,0.19573118125429217,0.07794972274023607,0.19014992509225795,0.083909983916987,1.0
lewidi_md,qwen,29,LP-temp,2,256,0.6387775150798771,0.12821302666783108,0.27921235536562666,0.3142304493265292,0.6565260058881256,0.6565260058881256,0.6283950580193889,,0.1748464773555712,,0.1748464773555712,,0.16461864308438165,,0.1729320321557316,,0.16461864308438168,,0.1729320310327387,,0.14738049444736565,,1.0
lewidi_md,qwen,29,GPP-cosine,2,1024,0.6204488120002637,0.1077508451620074,0.24120538429122831,0.27765270630396277,0.7206411514556755,0.7206411514556755,0.5326413512229919,0.006217443849891424,0.23140144876931668,0.06501211746962769,0.23140144876931668,0.06501211746962768,0.22194425948542834,0.06584712321986205,0.23010913366631247,0.06571179507785128,0.22194425948542834,0.06584712321986205,0.23010913116797949,0.0657117945095981,0.24582770389580075,0.07042257129681977,1.0
lewidi_md,qwen,29,GPP-rbf,2,1024,0.5846875273373998,0.09213854853116336,0.215929765927522,0.25788250154862236,0.7677461563624468,0.7677461563624468,0.3846914768218994,0.07877145707607269,0.3091229497379882,0.06695851349910377,0.3091229497379882,0.06695851349910376,0.30269778273498776,0.0715273913327775,0.30928605325078984,0.06880789512823318,0.30269778273498776,0.0715273913327775,0.3092860497056974,0.06880789283602548,0.30441198905722444,0.11240788004763355,1.0
lewidi_md,qwen,29,GPP-laplace,2,1024,0.6311176723848527,0.12464756680571576,0.2761305010529332,0.30819717884405085,0.6689564932940791,0.6689564932940791,0.39243775606155396,0.22053030133247375,0.0654406941109238,0.025076422577430466,0.0654406941109238,0.02507642257743047,0.06457323676604401,0.027346007136424134,0.06562518220460316,0.02593900485323462,0.06457323676604401,0.027346007136424138,0.0656251768146689,0.0259390000610504,0.04821714860106195,0.01265433884394894,1.0
lewidi_md,qwen,29,LPE,2,1024,0.6879294190485798,0.1026496670985935,0.22299161498130624,0.2531723891174192,0.7585868498527969,0.7585868498527969,0.11647480726242065,0.29054492712020874,0.299983443574426,0.22279580790242076,0.299983443574426,0.22279580790242073,0.29260368207719917,0.2192553248954632,0.2997933898470748,0.22324520235214806,0.29260368207719917,0.21925532489546323,0.299793389067747,0.2232452017468119,0.30233176323635524,0.21784539904059688,1.0
lewidi_md,qwen,29,LP-temp,2,1024,0.5954974631743565,0.11331314004370435,0.25639605407248933,0.31816254200966676,0.7481190709846255,0.7481190709846255,0.6444911769777661,,0.257874934175609,,0.257874934175609,,0.25139690304662643,,0.2576707271934445,,0.25139690304662643,,0.25767072778061206,,0.281860787071006,,1.0
lewidi_md,qwen,29,GPP-cosine,3,16,1.605978656761283,0.32343422696448,0.4772894136198649,0.30840876283102103,0.46189074255806345,0.46189074255806345,0.21797150373458862,0.01472980435937643,-0.0029564807694160483,-0.023270608566197747,-0.002956480769416042,-0.02327060856619775,-0.005885351021918688,-0.021071656573957043,-0.0038681134514369454,-0.022760862889832034,-0.00588535102191869,-0.02107165657395705,-0.0038681126142119937,-0.022760862436882984,0.022489759743121975,-0.02967230736700466,-0.5
lewidi_md,qwen,29,GPP-rbf,3,16,0.658486438032113,0.1400470042997843,0.30114037805048904,0.3404523087454294,0.6418056918547596,0.6418056918547596,0.49018150568008423,0.18230028450489044,0.17442417652340983,-0.18545402981425163,0.1744241765234098,-0.18545402981425163,0.16460097877004057,-0.175971891631471,0.1726299839998588,-0.18383922689647952,0.16460097877004057,-0.17597189163147103,0.1726299825402435,-0.18383922716425372,0.17290575175525838,-0.1864604890659628,1.0
lewidi_md,qwen,29,GPP-laplace,3,16,0.6887712715766647,0.15359406998632455,0.32559174343353786,0.3555370339390973,0.6041871115472686,0.6041871115472686,0.44013452529907227,0.2526493966579437,0.008923461819675006,-0.008042997457417503,0.008923461819675006,-0.008042997457417503,0.008237957804362721,-0.007504713861847985,0.008775991720841068,-0.007934298190437422,0.008237957804362716,-0.007504713861847983,0.008775992130721642,-0.007934298663918215,0.010528709145129897,-0.009308799697793737,1.0
lewidi_md,qwen,29,LPE,3,16,0.678866029625824,0.14508370460355163,0.3057283412934442,0.3257149588819196,0.5986261040235525,0.5986261040235525,0.5189946293830872,0.12618422508239746,0.09551018120260919,-0.017813542566404217,0.09551018120260918,-0.017813542566404224,0.0909936166841553,-0.018249481329874362,0.09479017942734963,-0.018068298819856606,0.09099361668415532,-0.018249481329874365,0.09479017894469254,-0.018068300415707818,0.07880250890897403,-0.02497301220113073,1.0
lewidi_md,qwen,29,LP-temp,3,16,0.7599118976468198,0.16905773608498914,0.3343625283900414,0.312868354452671,0.5459600915930651,0.5459600915930651,0.6042368212954318,,0.058146816421448005,,0.058146816421448005,,0.05659313299724533,,0.05807247115886595,,0.05659313299724533,,0.058072471686454435,,0.030410165742459628,,1.0
lewidi_md,qwen,29,GPP-cosine,3,64,1.1151270664276325,0.23417392264516682,0.3966460745873731,0.2866736215079679,0.5080143931959438,0.5080143931959438,0.31908750534057617,0.01162352878600359,0.056477205884135524,0.012682470109149413,0.05647720588413553,0.012682470109149415,0.051669541786832404,0.013434203334786208,0.055401103411363034,0.012998169918544456,0.05166954178683242,0.013434203334786217,0.05540110482823668,0.012998170011594437,0.054183343769001455,0.041377870484957655,1.0
lewidi_md,qwen,29,GPP-rbf,3,64,0.6773406079292188,0.13317125089389184,0.2837874720894875,0.2956909102475754,0.6735361465489041,0.6735361465489041,0.4014909267425537,0.13493885099887848,0.07616794846289245,-0.10430518374136716,0.07616794846289246,-0.10430518374136716,0.07035169147699731,-0.09888932369386147,0.07491983940572712,-0.10337176629235345,0.07035169147699731,-0.09888932369386147,0.07491983579402896,-0.10337176817565849,0.07605116677205266,-0.09877746459004702,1.0
lewidi_md,qwen,29,GPP-laplace,3,64,0.6627453684417579,0.13961373276334105,0.300693897033853,0.3289793086502401,0.666012430487406,0.666012430487406,0.413104385137558,0.23553547263145447,-0.14629557062533624,-0.14226472033743917,-0.14629557062533624,-0.1422647203374392,-0.14032741069811908,-0.135631492892706,-0.1454818423818932,-0.14122096087270813,-0.14032741069811908,-0.135631492892706,-0.14548184302710798,-0.14122096149576938,-0.1630197084170901,-0.15513585377444178,-1.0
lewidi_md,qwen,29,LPE,3,64,0.7880459862172954,0.14452793872761807,0.284918531142283,0.28356288672046825,0.680732744520772,0.680732744520772,0.32838204503059387,0.07501162588596344,0.12452694277357491,0.03686357124372509,0.12452694277357491,0.036863571243725086,0.11632878015361164,0.0320522711103071,0.1228853481352019,0.03565194259356503,0.11632878015361164,0.032052271110307104,0.12288534472531061,0.035651939400291495,0.11700557028276869,0.05054368712914106,1.0
lewidi_md,qwen,29,LP-temp,3,64,0.6351822746387729,0.12522959417667415,0.27472340506310966,0.3081175684438494,0.6781157998037292,0.6781157998037292,0.6096045420411004,,0.13149937409087822,,0.1314993740908782,,0.12251060796180274,,0.12966495228660047,,0.12251060796180276,,0.1296649496705727,,0.11302843796344929,,1.0
lewidi_md,qwen,29,GPP-cosine,3,256,0.6729317424374477,0.12113390922879734,0.2627344875752593,0.28599073905060246,0.6748446189074255,0.6748446189074255,0.5284805297851562,0.010989965870976448,0.19250220064563317,0.03518682790479449,0.19250220064563317,0.03518682790479449,0.18527133946918645,0.03571520944272205,0.19162085392782563,0.035588783777740496,0.18527133946918645,0.035715209442722065,0.1916208526472222,0.03558878382535365,0.19911107663057082,0.07692261794177807,1.0
lewidi_md,qwen,29,GPP-rbf,3,256,0.656729932916516,0.12462245151380123,0.26949777664987773,0.294987920208825,0.6892378148511613,0.6892378148511613,0.41819149255752563,0.11878189444541931,0.1548106791608326,-0.05244776902733272,0.1548106791608326,-0.052447769027332725,0.1442053956051497,-0.05017878025318032,0.15264404841381796,-0.05211667040841928,0.14420539560514972,-0.05017878025318033,0.1526440457183811,-0.052116672255427925,0.15217035809941185,-0.057620021070555506,1.0
lewidi_md,qwen,29,GPP-laplace,3,256,0.656426423667527,0.13647480773084167,0.2959992391565168,0.3247009638767678,0.6663395485770363,0.6663395485770363,0.4091693162918091,0.23157896101474762,-0.09757245696080842,-0.11524419717063722,-0.09757245696080843,-0.11524419717063722,-0.0968756280703375,-0.11237033591351295,-0.0980290850390366,-0.11515937943673184,-0.0968756280703375,-0.11237033591351295,-0.09802908643243047,-0.1151593805926537,-0.1148233285942064,-0.13395297979095605,-1.0
lewidi_md,qwen,29,LPE,3,256,0.7608390345171275,0.13852044276429326,0.27738146501764066,0.28180356256523587,0.6810598626104023,0.6810598626104023,0.260057270526886,0.17643284797668457,0.18508677276020163,0.05206286467556093,0.1850867727602016,0.05206286467556093,0.1764304671198612,0.051599552971999904,0.18372078632797068,0.0522786669600359,0.1764304671198612,0.0515995529719999,0.18372078464673713,0.05227866547395141,0.1783373640943153,0.0527368634972067,1.0
lewidi_md,qwen,29,LP-temp,3,256,0.6370293790386928,0.1276819622795199,0.2777528032793643,0.31290020750724423,0.6620870134118417,0.6620870134118417,0.6275169318648806,,0.16904763763320668,,0.16904763763320668,,0.16423463430436697,,0.16874139757434523,,0.164234634304367,,0.16874139662202986,,0.14749671069096565,,1.0
lewidi_md,qwen,29,GPP-cosine,3,1024,0.6577674914791354,0.11476452658908312,0.2508667473553021,0.2757779384607241,0.7019954203467452,0.7019954203467452,0.517379105091095,0.0060705081559717655,0.24089193979127613,0.03625521997722258,0.24089193979127613,0.03625521997722258,0.23008881434250553,0.03883350838127554,0.2392550450846897,0.037288365504338394,0.23008881434250553,0.03883350838127554,0.23925504383068324,0.03728836572682735,0.25884560154098835,0.10204923046213345,1.0
lewidi_md,qwen,29,GPP-rbf,3,1024,0.6277328453488308,0.10368835095428443,0.23385723423053054,0.2633873650974601,0.7383055282957147,0.7383055282957147,0.37428775429725647,0.07499641925096512,0.2724656195742733,0.04964135868358061,0.27246561957427323,0.049641358683580605,0.26529715618502436,0.05253149504273033,0.27215128224072305,0.050861152075921574,0.26529715618502436,0.05253149504273033,0.2721512787682092,0.05086114959083676,0.267241786571694,0.0935505372470175,1.0
lewidi_md,qwen,29,GPP-laplace,3,1024,0.6406672855528096,0.12657125285013823,0.2780189263102156,0.3011614605513541,0.6686293752044488,0.6686293752044488,0.3813811242580414,0.2140377014875412,0.0692398995395747,0.03153348546937092,0.0692398995395747,0.03153348546937091,0.06583585120009502,0.031010523019634632,0.06867844026058233,0.03159043814878689,0.06583585120009502,0.031010523019634632,0.06867843592265914,0.03159043425525632,0.059882843464735026,0.023890407493359033,1.0
lewidi_md,qwen,29,LPE,3,1024,0.7129307421884585,0.11059595542728179,0.23673021547873357,0.2578610026019298,0.7258750408897612,0.7258750408897612,0.11632699519395828,0.28619253635406494,0.2762333342881003,0.20362254771936458,0.2762333342881003,0.20362254771936458,0.27085900431717547,0.20502387353459536,0.2764908441235466,0.20544452809489178,0.27085900431717547,0.20502387353459536,0.27649084240812316,0.20544452613351893,0.27981088390599257,0.2025599937186648,1.0
lewidi_md,qwen,29,LP-temp,3,1024,0.5965228641782596,0.11257831795428597,0.2544938231849802,0.3097943961681256,0.722930978083088,0.722930978083088,0.6305074261657287,,0.2539203940964233,,0.2539203940964233,,0.24593512217401708,,0.2532303723095577,,0.2459351221740171,,0.25323037113224434,,0.26500375181799585,,1.0
lewidi_md,qwen,29,GPP-cosine,4,16,1.7923122085710446,0.34542564110334806,0.48508506531552387,0.3191894223573188,0.46876022244030097,0.46876022244030097,0.1459939181804657,0.01444802712649107,-0.012776317770358791,-0.020582788564188836,-0.012776317770358783,-0.02058278856418883,-0.0069801431068906745,-0.011338387509789135,-0.01109987395633472,-0.017910414038128306,-0.006980143106890669,-0.011338387509789133,-0.011099872922461621,-0.017910413559249994,0.04904238158497509,-0.0013022488174964603,-0.5
lewidi_md,qwen,29,GPP-rbf,4,16,0.6812456142461677,0.14006016445198835,0.29775819260386965,0.306220739339148,0.666993784756297,0.666993784756297,0.4164501130580902,0.1684183031320572,-0.021150291180908394,-0.17036809661184496,-0.021150291180908398,-0.170368096611845,-0.026790102993620994,-0.1647814059414244,-0.023011659372893574,-0.16983544256006272,-0.026790102993620994,-0.1647814059414244,-0.02301165982659146,-0.1698354425431522,-0.01869302830536848,-0.16972760236860823,-0.5
lewidi_md,qwen,29,GPP-laplace,4,16,0.6756063335065328,0.14810971155312866,0.3154896154297814,0.351659349396754,0.6637226038599935,0.6637226038599935,0.437444806098938,0.2514544129371643,-0.06180524254816964,-0.04484245795561585,-0.06180524254816963,-0.04484245795561585,-0.06179851197411848,-0.04339506982007063,-0.0622267686565844,-0.044709282790355846,-0.06179851197411847,-0.04339506982007063,-0.06222676827617846,-0.04470928317495685,-0.06331710342557338,-0.04514919332352973,-1.0
lewidi_md,qwen,29,LPE,4,16,0.8294033409158525,0.16119479373029894,0.30736030970907935,0.28299038945010774,0.666993784756297,0.666993784756297,0.3267054259777069,0.06577172130346298,0.05085862991352233,0.00850767300745989,0.050858629913522316,0.008507673007459889,0.040478514192463205,0.004070977308204731,0.04804810427736968,0.0072157176745661885,0.04047851419246321,0.004070977308204733,0.04804810364590871,0.007215717245684474,0.04331476841334561,0.021869169170931096,0.5
lewidi_md,qwen,29,LP-temp,4,16,0.7553236372467329,0.1490237003931911,0.298779363998822,0.2853444271592729,0.6588158325155381,0.6588158325155381,0.470762162673467,,0.055900501698956044,,0.05590050169895605,,0.046889561949043285,,0.05354122418473155,,0.046889561949043285,,0.05354122351980731,,0.04602581276559579,,0.5
lewidi_md,qwen,29,GPP-cosine,4,64,0.6787303244719708,0.13465793587608843,0.2877503291440729,0.30112835057359716,0.6110565914295061,0.6110565914295061,0.566576361656189,0.019384928047657013,0.15983920284288655,0.0159918471072725,0.15983920284288655,0.01599184710727249,0.15136381870862892,0.02062785335720737,0.15835524690760006,0.017512364899077114,0.15136381870862892,0.02062785335720737,0.15835524659213274,0.017512365328606255,0.15591965971879407,-0.019839938449632506,1.0
lewidi_md,qwen,29,GPP-rbf,4,64,0.6517018789364578,0.13251554115944986,0.28780077519684316,0.3174962305688434,0.6637226038599935,0.6637226038599935,0.44701218605041504,0.17306317389011383,0.1098149509075731,-0.12972782652609252,0.1098149509075731,-0.1297278265260925,0.10932538968316322,-0.12066714925230136,0.11041856111550723,-0.1278593782430429,0.10932538968316322,-0.12066714925230139,0.1104185593687581,-0.12785937880650522,0.13495099235252578,-0.13566637008281512,1.0
lewidi_md,qwen,29,GPP-laplace,4,64,0.6688599978564447,0.1448435360205762,0.3083504866351674,0.3452268176339072,0.6640497219496239,0.6640497219496239,0.4330314099788666,0.24826370179653168,-0.10815499191135883,-0.09542499937164794,-0.10815499191135883,-0.09542499937164794,-0.1012673988017918,-0.088772433267932,-0.10680005218478891,-0.09405434422951675,-0.10126739880179181,-0.088772433267932,-0.10680005200476592,-0.09405434446242864,-0.11701004160395738,-0.10351101061053188,-1.0
lewidi_md,qwen,29,LPE,4,64,0.7347066794013695,0.14158627793509332,0.28763156099064485,0.2893654678122357,0.6565260058881256,0.6565260058881256,0.3683620095252991,0.11558861285448074,0.1338871175052097,-0.04088803669722757,0.1338871175052097,-0.04088803669722757,0.13128893902408756,-0.034247004437880486,0.13401396783959676,-0.03914712951705911,0.13128893902408756,-0.03424700443788049,0.13401396642986635,-0.039147130740289596,0.1354069853933421,-0.017962249292725017,1.0
lewidi_md,qwen,29,LP-temp,4,64,0.6581162775018736,0.1396238205764567,0.30110797344189594,0.3387536314984189,0.633954857703631,0.633954857703631,0.6710418779868756,,0.09844545666701522,,0.09844545666701521,,0.09241261317717173,,0.09728410790056138,,0.09241261317717173,,0.09728410713118019,,0.09060838099825747,,1.0
lewidi_md,qwen,29,GPP-cosine,4,256,0.6756325897909987,0.11808335235740618,0.2551856581376331,0.2811763502318853,0.689892051030422,0.689892051030422,0.519207239151001,0.009715263731777668,0.21094204041696396,0.060509211030317166,0.21094204041696396,0.06050921103031717,0.20333016736514187,0.0654004355906684,0.21007111188009836,0.06241249600382261,0.20333016736514187,0.06540043559066838,0.21007111016560276,0.062412495482570635,0.2372906944117449,0.08619024808311919,1.0
lewidi_md,qwen,29,GPP-rbf,4,256,0.6629459277248689,0.12373187051666597,0.26605402549604146,0.2873834420636588,0.700032711808963,0.700032711808963,0.39451315999031067,0.11607662588357925,0.16661306951901678,-0.027201226920098943,0.16661306951901678,-0.027201226920098937,0.15711810834390216,-0.025404000977542005,0.16486523989733365,-0.02684068033607124,0.15711810834390216,-0.025404000977542016,0.1648652362983994,-0.026840682682737677,0.15746650180504426,-0.024833699402938836,1.0
lewidi_md,qwen,29,GPP-laplace,4,256,0.6791313121205522,0.14037554866145618,0.2985539764816616,0.30737363209581037,0.666993784756297,0.666993784756297,0.37794986367225647,0.2140398472547531,-0.14497264847967073,-0.14699323890936533,-0.14497264847967073,-0.14699323890936533,-0.13847080357358874,-0.1399663402758265,-0.14398743235303196,-0.14586207607459156,-0.13847080357358876,-0.1399663402758265,-0.1439874335015794,-0.14586207710372778,-0.15187752453373857,-0.15385611567335325,-1.0
lewidi_md,qwen,29,LPE,4,256,0.7561875170946818,0.13381091751535187,0.27006081068013443,0.278383800167599,0.6866208701341184,0.6866208701341184,0.2501741349697113,0.16841091215610504,0.19953953665318014,0.05570855820090085,0.19953953665318014,0.05570855820090086,0.1879060914550505,0.05575883658369751,0.1973665393618017,0.05610565152238482,0.1879060914550505,0.05575883658369751,0.1973665366641007,0.05610564911244197,0.18928783671400257,0.06319917570733244,1.0
lewidi_md,qwen,29,LP-temp,4,256,0.6490076937603333,0.1261773746704722,0.27226539295303803,0.2931185648751953,0.6627412495911024,0.6627412495911024,0.5712899091024136,,0.17812631826273456,,0.17812631826273456,,0.16845437495899945,,0.17640353060241848,,0.16845437495899945,,0.17640352956335875,,0.14645537736716727,,1.0
lewidi_md,qwen,29,GPP-cosine,4,1024,0.6330543885452082,0.1111648177941201,0.2472234789405286,0.2825048216896935,0.7235852142623487,0.7235852142623487,0.5339514017105103,0.006590167060494423,0.22354487664200523,0.028382332458789936,0.22354487664200523,0.028382332458789933,0.2113100007355979,0.032979068822077975,0.22135335784003246,0.02997581551348043,0.21131000073559797,0.03297906882207797,0.2213533563311505,0.029975815815496614,0.2448836655543208,0.06473298739310752,1.0
lewidi_md,qwen,29,GPP-rbf,4,1024,0.6040382699055302,0.09773842755622729,0.22375944618617308,0.2615979227010605,0.7517173699705594,0.7517173699705594,0.38212528824806213,0.07981808483600616,0.2911372255408685,0.05157952748877535,0.2911372255408685,0.05157952748877535,0.2841126784337508,0.05706192788542624,0.2909946511244899,0.05360153213360418,0.2841126784337509,0.05706192788542623,0.2909946478057388,0.0536015297692305,0.28717571097052597,0.08788994416509487,1.0
lewidi_md,qwen,29,GPP-laplace,4,1024,0.6336584912867296,0.125415836669131,0.27725075912809,0.30844336609212736,0.6702649656526006,0.6702649656526006,0.39173373579978943,0.22021552920341492,0.06776052058364249,0.02796576913199448,0.06776052058364246,0.027965769131994486,0.06279398358836488,0.0264844865507777,0.06671339560166961,0.027706616276421896,0.0627939835883649,0.0264844865507777,0.06671339091099812,0.027706612114737628,0.05446937965727264,0.014175233149177143,1.0
lewidi_md,qwen,29,LPE,4,1024,0.7235136542027945,0.11231222785304872,0.23807639744617515,0.2614084585113788,0.7425580634609094,0.7425580634609094,0.11385023593902588,0.28345999121665955,0.2534554630287646,0.1870648358227749,0.25345546302876454,0.1870648358227749,0.24841062826362542,0.18780756644338534,0.25365714597211,0.1885729034834636,0.24841062826362548,0.18780756644338537,0.2536571453851255,0.188572902821239,0.2542056048247574,0.17721207409399056,1.0
lewidi_md,qwen,29,LP-temp,4,1024,0.5983364387772331,0.11396746223480271,0.25733636305594987,0.3136176972951938,0.7304546941445862,0.7304546941445862,0.6376941548209838,,0.2624086257795537,,0.2624086257795537,,0.25549409244684174,,0.26210264503687564,,0.2554940924468418,,0.26210264455661103,,0.24728282297560342,,1.0
lewidi_md,qwen,38,GPP-cosine,0,16,0.8398770739226619,0.1901040145644586,0.3598203267254749,0.3093362284673228,0.5089957474648348,0.5089957474648348,0.5380878448486328,0.042820416390895844,0.03720888983085954,-0.061198024456934716,0.03720888983085954,-0.06119802445693471,0.03219794193939425,-0.0594803364901676,0.035938867086117945,-0.06109467721135102,0.03219794193939425,-0.05948033649016762,0.03593886641114094,-0.06109467640594476,0.01443347851773606,-0.07863959211534961,0.5
lewidi_md,qwen,38,GPP-rbf,0,16,0.6733546173135629,0.1459547282423114,0.310626535484184,0.3425244765045301,0.6182531894013739,0.6182531894013739,0.4790368974208832,0.1947116106748581,0.13246869796288543,-0.21304647013159378,0.13246869796288546,-0.21304647013159378,0.12483089917159199,-0.20289628378935215,0.13105207197778931,-0.2114174551264058,0.124830899171592,-0.20289628378935215,0.13105207113595213,-0.2114174550729807,0.13345329276255183,-0.20963826783058706,1.0
lewidi_md,qwen,38,GPP-laplace,0,16,0.6845924158259671,0.1519014431638323,0.3225486470659964,0.3548184992823428,0.643114164213281,0.643114164213281,0.4393851161003113,0.2526802718639374,-0.022387016760107684,-0.019239223572966244,-0.022387016760107684,-0.019239223572966244,-0.022563827503499022,-0.018110827913152452,-0.022594253862545037,-0.01902766184809422,-0.02256382750349903,-0.018110827913152456,-0.022594253447073297,-0.01902766232812552,-0.022044447651335272,-0.019603321175017747,-1.0
lewidi_md,qwen,38,LPE,0,16,0.7034874215873019,0.15406881937911793,0.31933579202723106,0.3270280091089893,0.5776905462872097,0.5776905462872097,0.4961455762386322,0.14719633758068085,0.020815865527352498,-0.0349297867465916,0.020815865527352498,-0.0349297867465916,0.018222701671192054,-0.038419954631962266,0.020169322348534104,-0.03623136949835954,0.018222701671192054,-0.038419954631962266,0.020169321964519427,-0.03623136997349448,0.011388167215879484,-0.029211196960528315,0.5
lewidi_md,qwen,38,LP-temp,0,16,0.684259128848003,0.14956388358580477,0.314782486021852,0.33887196754005394,0.5907752698724239,0.5907752698724239,0.6689918527369191,,0.00939534150266147,,0.00939534150266147,,0.006139520914920971,,0.008468856596578474,,0.006139520914920974,,0.008468856024336035,,-0.006533224647013328,,0.5
lewidi_md,qwen,38,GPP-cosine,0,64,0.7092540660934619,0.1364754233080721,0.283337708477303,0.29126203951620566,0.6323192672554793,0.6323192672554793,0.5162420868873596,0.024115612730383873,0.15158728365305707,0.011948895269434618,0.15158728365305707,0.011948895269434623,0.1427930655950036,0.012118068642174164,0.14994974047687087,0.012082271660460001,0.1427930655950036,0.01211806864217416,0.14994973941849637,0.01208227201920359,0.117147989572,0.060020243175013165,1.0
lewidi_md,qwen,38,GPP-rbf,0,64,0.6489179606427512,0.13177484001682435,0.2862023414095262,0.31882112517419475,0.6702649656526006,0.6702649656526006,0.462839275598526,0.16121207177639008,0.1219695153252866,-0.14181564550610715,0.12196951532528658,-0.14181564550610715,0.11523193136701192,-0.13457500213370194,0.12075490540959156,-0.14058394772362842,0.11523193136701193,-0.13457500213370194,0.1207549030459096,-0.14058394861987025,0.13902760592231891,-0.14291309298608204,1.0
lewidi_md,qwen,38,GPP-laplace,0,64,0.6669875729646791,0.14426967169255994,0.30768990592947576,0.3464884476512456,0.6653581943081452,0.6653581943081452,0.43488284945487976,0.2483578771352768,-0.08610787859785947,-0.09635241696083868,-0.08610787859785946,-0.09635241696083867,-0.08615128927033332,-0.09321838103686653,-0.08671121973839639,-0.09605894535833298,-0.08615128927033332,-0.09321838103686654,-0.08671122016683776,-0.09605894590984856,-0.09142236136841254,-0.09837364234355667,-1.0
lewidi_md,qwen,38,LPE,0,64,0.7169594775115812,0.14273199213258225,0.2931757837300587,0.29761638200069557,0.6447497546614328,0.6447497546614328,0.40729811787605286,0.12204808741807938,0.1077928769744248,-0.021594665332862126,0.10779287697442477,-0.021594665332862126,0.1021874940537569,-0.023351739789966672,0.10682568270390286,-0.02227740877031947,0.10218749405375693,-0.02335173978996668,0.10682568101656811,-0.022277409758222677,0.11602954694217331,-0.021965438123248228,1.0
lewidi_md,qwen,38,LP-temp,0,64,0.6590369619497954,0.13907286521617265,0.29905589309884917,0.3332415328265546,0.6329735034347399,0.6329735034347399,0.6605045634582728,,0.08084979160234304,,0.08084979160234303,,0.0750657983390447,,0.07964358809479703,,0.07506579833904471,,0.0796435869561235,,0.08081361122799868,,1.0
lewidi_md,qwen,38,GPP-cosine,0,256,0.712433647524768,0.12102300905249143,0.25620339250755275,0.26797369501572943,0.680732744520772,0.680732744520772,0.45832559466362,0.013066934421658516,0.2281046974682894,0.06173343973809803,0.2281046974682894,0.06173343973809803,0.21425126515548637,0.05989435838722397,0.22545183823320958,0.06159681709626428,0.21425126515548643,0.059894358387223984,0.22545183657443243,0.06159681580319407,0.22113023757975198,0.12473025468466224,1.0
lewidi_md,qwen,38,GPP-rbf,0,256,0.6679736145685045,0.1253358208072689,0.2681507122194736,0.2881032705487688,0.6872751063133792,0.6872751063133792,0.3978349268436432,0.1131180003285408,0.15939040309577052,-0.0253956134599357,0.15939040309577052,-0.025395613459935698,0.15077020360275709,-0.023706332723544755,0.15785929833854637,-0.025055544316744394,0.15077020360275709,-0.023706332723544766,0.15785929415851974,-0.025055547061340666,0.1594283478829109,-0.016028459725807718,1.0
lewidi_md,qwen,38,GPP-laplace,0,256,0.6591866148897421,0.13595494709009834,0.2943641164912521,0.3165501311991521,0.6666666666666666,0.6666666666666666,0.39766326546669006,0.22496338188648224,-0.11339197737117823,-0.12555293899780764,-0.11339197737117823,-0.12555293899780764,-0.10505168002556521,-0.11645849298093165,-0.11163081343560854,-0.12364560148478267,-0.10505168002556522,-0.11645849298093167,-0.11163081558249305,-0.12364560327986031,-0.10982299791032908,-0.1237280101699514,-1.0
lewidi_md,qwen,38,LPE,0,256,0.8061417308778979,0.14136841528037064,0.27497506873301475,0.27740427811443297,0.689892051030422,0.689892051030422,0.2559061646461487,0.1450093686580658,0.17613014481028905,0.06653350680977031,0.17613014481028905,0.06653350680977033,0.16740161509274626,0.06437375957812852,0.17468079461320388,0.06633218954310707,0.16740161509274626,0.06437375957812852,0.17468079132463843,0.06633218676426347,0.17060493675336402,0.07563379437609377,1.0
lewidi_md,qwen,38,LP-temp,0,256,0.6930662127886429,0.1309937581549241,0.2706685784249695,0.28169561290186285,0.6849852796859667,0.6849852796859667,0.5078528843536648,,0.1701279581179456,,0.17012795811794557,,0.16260525565170314,,0.16900445350912668,,0.16260525565170317,,0.16900445164816208,,0.1491998423562875,,1.0
lewidi_md,qwen,38,GPP-cosine,0,1024,0.6639160773414476,0.10604172993176154,0.23380264857416264,0.2591932867216705,0.7314360484134773,0.7314360484134773,0.4602886140346527,0.006524462718516588,0.27178293465096176,0.07888655668633072,0.2717829346509617,0.07888655668633072,0.2617751217182997,0.07992068158894701,0.27059979249527877,0.07974192084243169,0.26177512171829975,0.07992068158894701,0.2705997913007365,0.07974192106677044,0.275213138827286,0.17939142306417746,1.0
lewidi_md,qwen,38,GPP-rbf,0,1024,0.6139352912838872,0.09869092208807743,0.22554330509172935,0.26278587008796683,0.7589139679424273,0.7589139679424273,0.3677064776420593,0.07826720923185349,0.28359265471665407,0.05893390602499143,0.28359265471665407,0.05893390602499143,0.2747245899914149,0.0617727393654908,0.28283731935999434,0.06020177119315135,0.2747245899914149,0.06177273936549081,0.28283731558972125,0.06020176874929557,0.274510482861086,0.10220710155650278,1.0
lewidi_md,qwen,38,GPP-laplace,0,1024,0.6313474648003121,0.1238605640725386,0.27427861578872204,0.3036195048326846,0.6722276741903828,0.6722276741903828,0.38650432229042053,0.21750925481319427,0.11011308219517695,0.07279869047726903,0.11011308219517695,0.07279869047726903,0.1006850839739104,0.06650663118349728,0.10799841645755359,0.07138268521179847,0.10068508397391043,0.06650663118349728,0.10799841070815348,0.07138267985185703,0.09128794741921382,0.05707630118351984,1.0
lewidi_md,qwen,38,LPE,0,1024,0.7386123613104293,0.10986582661933812,0.23255377646366912,0.2625978474807729,0.7608766764802094,0.7608766764802094,0.11155599355697632,0.26547670364379883,0.2730562713079989,0.1795299284833003,0.2730562713079989,0.17952992848330027,0.26304838888603427,0.17731016448683615,0.2718818346572524,0.18008475256779913,0.26304838888603427,0.17731016448683615,0.2718818332659937,0.18008475132576998,0.27431473958972247,0.1797256084705421,1.0
lewidi_md,qwen,38,LP-temp,0,1024,0.5901970783160067,0.11025998088827992,0.2510783935559456,0.3105038432148293,0.7474648348053647,0.7474648348053647,0.6318859078775215,,0.2653524840756439,,0.2653524840756439,,0.2601862144441333,,0.26559874433994607,,0.26018621444413337,,0.265598744110138,,0.2579288853064435,,1.0
lewidi_md,qwen,38,GPP-cosine,1,16,0.6652574275656126,0.13389171708000153,0.287446959656279,0.3099122381176287,0.628393850179915,0.628393850179915,0.5633550882339478,0.043132323771715164,0.13251430709418272,-0.0012869506784869917,0.1325143070941827,-0.0012869506784869908,0.12331397272177853,-0.0012947387457769941,0.13062245243970866,-0.0012981408499989832,0.12331397272177852,-0.0012947387457769872,0.13062245205807127,-0.0012981402086764734,0.09962490576432396,-0.015416429895155676,1.0
lewidi_md,qwen,38,GPP-rbf,1,16,0.6965901182924521,0.14351005725672242,0.30098010852596596,0.3026765888230245,0.6663395485770363,0.6663395485770363,0.3950590491294861,0.1696992814540863,-0.09345545540830746,-0.1810271651368851,-0.09345545540830745,-0.1810271651368851,-0.09072062992785343,-0.1727401869583815,-0.09326362533627236,-0.17974575761520234,-0.09072062992785343,-0.1727401869583815,-0.09326362614986541,-0.17974575776682783,-0.09358313931146318,-0.17733856070106885,-1.0
lewidi_md,qwen,38,GPP-laplace,1,16,0.6762526608206602,0.14839815865120748,0.31597571915559686,0.3519661616037616,0.6620870134118417,0.6620870134118417,0.43746957182884216,0.25174349546432495,-0.06975869851742875,-0.04155285518109531,-0.06975869851742873,-0.0415528551810953,-0.06789230816710438,-0.03914923218067743,-0.06966876477501473,-0.04110611512623958,-0.0678923081671044,-0.03914923218067743,-0.0696687645341596,-0.041106115629386236,-0.0660764136473144,-0.040792136880041206,-1.0
lewidi_md,qwen,38,LPE,1,16,0.8531493511094607,0.1652533302826334,0.31149148252510245,0.28803306965329445,0.6647039581288845,0.6647039581288845,0.3089645206928253,0.06589464098215103,0.0224193852017492,-0.027235871223861764,0.0224193852017492,-0.027235871223861768,0.015877059059441215,-0.02997699455543841,0.020581945599087388,-0.0282567608691539,0.015877059059441215,-0.029976994555438414,0.02058194455713104,-0.028256761758983423,0.014359457118027446,-0.016382560210476835,0.5
lewidi_md,qwen,38,LP-temp,1,16,0.7115871049579825,0.1422279715174764,0.2944203676876108,0.2887643900303755,0.6597971867844292,0.6597971867844292,0.5172482185150596,,0.028022053266448056,,0.028022053266448046,,0.02090101251115126,,0.026046885150712823,,0.020901012511151267,,0.026046884071138317,,0.014577588925789546,,0.5
lewidi_md,qwen,38,GPP-cosine,1,64,1.3053238301106853,0.270921254367893,0.4298015879146408,0.29270617315333064,0.4870788354596009,0.4870788354596009,0.2965090274810791,0.019317688420414925,0.057186861973455884,-0.0281432105488482,0.05718686197345588,-0.0281432105488482,0.047568365667225124,-0.028031488982064583,0.05465149692974407,-0.02830208523488712,0.04756836566722514,-0.0280314889820646,0.054651497544042624,-0.02830208465966246,0.0606769449804679,-0.011732825688150877,0.5
lewidi_md,qwen,38,GPP-rbf,1,64,0.6870214698044262,0.14939463379590442,0.3123622690703711,0.33252773100819694,0.5904481517827936,0.5904481517827936,0.4854660928249359,0.17089787125587463,0.15528305708533935,-0.16832292833435453,0.15528305708533935,-0.16832292833435453,0.14629014732834048,-0.1605312578781725,0.15361037270367361,-0.16710519560533701,0.14629014732834048,-0.1605312578781725,0.1536103718794135,-0.16710519551829753,0.16491159346081058,-0.17262732224578844,1.0
lewidi_md,qwen,38,GPP-laplace,1,64,0.6839420156778862,0.15164236447465695,0.32226801417477974,0.354865763959911,0.6382073928688257,0.6382073928688257,0.4404842257499695,0.25161242485046387,0.0353422530220312,-0.03661467103461878,0.03534225302203119,-0.03661467103461878,0.032349956663550866,-0.0349302861867682,0.03467379284725255,-0.03635298030926233,0.032349956663550866,-0.03493028618676821,0.03467379278892189,-0.036352980824998,0.035294721452983034,-0.03512748096305724,1.0
lewidi_md,qwen,38,LPE,1,64,0.7995065094793896,0.17517365054200526,0.33653626788222984,0.304484952200959,0.5613346418056918,0.5613346418056918,0.4455099105834961,0.11908476054668427,0.10841965901200465,-0.06783570331718383,0.10841965901200463,-0.06783570331718382,0.10105395412323523,-0.05972696612648273,0.10692102486423023,-0.0658327980581314,0.10105395412323523,-0.05972696612648275,0.10692102520531507,-0.06583279743368184,0.1126899009845127,-0.052968904703838623,1.0
lewidi_md,qwen,38,LP-temp,1,64,0.7160618971931041,0.15865086572118473,0.32330907530071934,0.32612717423382015,0.5600261694471704,0.5600261694471704,0.6451893898891645,,0.07720799446585824,,0.07720799446585824,,0.07243616944911357,,0.0762848751024493,,0.07243616944911357,,0.07628487569491435,,0.07442760955808549,,1.0
lewidi_md,qwen,38,GPP-cosine,1,256,0.660650037870201,0.11233555194196532,0.24744010068674385,0.270322165987339,0.6997055937193327,0.6997055937193327,0.48879751563072205,0.013912877067923546,0.2410590462536611,0.06323232469171434,0.2410590462536611,0.06323232469171434,0.22720856833048697,0.05956259936901549,0.2384958671626125,0.0625488372595907,0.22720856833048697,0.059562599369015486,0.23849586521450075,0.0625488371523557,0.24475503898902254,0.12137641015381907,1.0
lewidi_md,qwen,38,GPP-rbf,1,256,0.6572486506968683,0.12361551006690073,0.26756484521337226,0.2922214527837788,0.6987242394504416,0.6987242394504416,0.40704694390296936,0.11885759979486465,0.1431416835581904,-0.04016028373479979,0.1431416835581904,-0.040160283734799795,0.1374855577110119,-0.03553869016328104,0.14240130483039548,-0.03902898388465805,0.1374855577110119,-0.035538690163281025,0.14240130122006464,-0.03902898598257667,0.1451943947663563,-0.031170637740856343,1.0
lewidi_md,qwen,38,GPP-laplace,1,256,0.6694470818472978,0.13871182207432314,0.2976962963437816,0.3138766172774675,0.6666666666666666,0.6666666666666666,0.3902251124382019,0.2210560142993927,-0.1523772291572249,-0.15337742117872277,-0.1523772291572249,-0.15337742117872277,-0.14723150108730548,-0.14725467185864605,-0.1518554792717605,-0.15256517985751616,-0.14723150108730548,-0.14725467185864607,-0.15185548068959898,-0.15256518108133518,-0.1525670629081127,-0.15481241001790685,-1.0
lewidi_md,qwen,38,LPE,1,256,0.7422025508110016,0.13447400998655568,0.27421837209531724,0.28146886080405104,0.6840039254170756,0.6840039254170756,0.26021769642829895,0.18761983513832092,0.18134932140030974,0.05148551434124919,0.18134932140030974,0.05148551434124919,0.1741865889028938,0.052491204363279614,0.18041227406752658,0.05214443502964555,0.1741865889028938,0.05249120436327962,0.18041227167232532,0.052144433366170514,0.17432644141525525,0.05523083447048229,1.0
lewidi_md,qwen,38,LP-temp,1,256,0.6595674053728994,0.1311357370352399,0.27951372183067485,0.30150352463092045,0.6548904154399738,0.6548904154399738,0.5911018774349627,,0.15352497318870967,,0.15352497318870967,,0.1515265137818275,,0.1539689272904501,,0.15152651378182752,,0.15396892682549393,,0.1296952570026953,,1.0
lewidi_md,qwen,38,GPP-cosine,1,1024,0.667132678780758,0.11334631151163839,0.2472479565999589,0.2678914448974639,0.709192018318613,0.709192018318613,0.47608089447021484,0.006858849432319403,0.24694634019260253,0.053157589484837356,0.2469463401926025,0.053157589484837356,0.23200807287822334,0.04903147300612911,0.24409245168961569,0.052266158275850336,0.23200807287822334,0.04903147300612911,0.24409245096867144,0.05226615894769435,0.24278255909888466,0.1257796129519879,1.0
lewidi_md,qwen,38,GPP-rbf,1,1024,0.620133736151099,0.10198929454177323,0.23086222424144257,0.26068952114637006,0.7392868825646058,0.7392868825646058,0.3747754693031311,0.07340525090694427,0.2844485059570865,0.06909645148730054,0.2844485059570865,0.06909645148730054,0.2748774227343769,0.0697529160005683,0.28348507979491805,0.06976978342220069,0.2748774227343769,0.06975291600056831,0.28348507619778196,0.06976978060002902,0.2766415364746728,0.10487544265936667,1.0
lewidi_md,qwen,38,GPP-laplace,1,1024,0.6316403463097677,0.12425918503694937,0.27545347324541125,0.3053140786071603,0.6722276741903828,0.6722276741903828,0.38933801651000977,0.21845011413097382,0.1080825425378496,0.06635427860292711,0.10808254253784959,0.06635427860292711,0.10061823994208893,0.0623837004712674,0.10655159083096043,0.06560062570735095,0.10061823994208893,0.0623837004712674,0.10655158558473185,0.0656006208227157,0.09261589143938767,0.05814464917408907,1.0
lewidi_md,qwen,38,LPE,1,1024,0.7441095258005377,0.11485898562209775,0.24259183979147703,0.26077506880488033,0.7199869152764148,0.7199869152764148,0.11502896994352341,0.2713554799556732,0.2670743681869677,0.1910478345257854,0.2670743681869677,0.1910478345257854,0.2588195643910123,0.18749666688148814,0.2663924663270693,0.19127639646007202,0.2588195643910123,0.18749666688148817,0.2663924646022923,0.19127639458524592,0.2685936183126937,0.18684270965315813,1.0
lewidi_md,qwen,38,LP-temp,1,1024,0.5961754238795933,0.11182067823429549,0.2547782403646389,0.30612479307448864,0.708210664049722,0.708210664049722,0.6211874988443499,,0.24762930200779634,,0.24762930200779637,,0.2373715139423398,,0.246204548657747,,0.2373715139423398,,0.24620454692830107,,0.2414675922238982,,1.0
lewidi_md,qwen,38,GPP-cosine,2,16,0.8014030349787807,0.1774633033908267,0.34481410350792824,0.3160753484847865,0.5194635263330062,0.5194635263330062,0.5538613200187683,0.040784865617752075,0.06283263901086421,-0.06193219605042159,0.06283263901086421,-0.06193219605042158,0.06308835405150177,-0.0545614438924366,0.06334107881071642,-0.060113429815296784,0.06308835405150179,-0.05456144389243661,0.06334107838234466,-0.06011342919190643,0.08411276078336975,-0.0650681815672262,1.0
lewidi_md,qwen,38,GPP-rbf,2,16,0.7497426374484282,0.15352831735626904,0.3077446992533744,0.2934332918588848,0.6673209028459274,0.6673209028459274,0.35527101159095764,0.14463412761688232,-0.09568494698832833,-0.16623681211543423,-0.0956849469883283,-0.16623681211543423,-0.08855124762500491,-0.15590251033232122,-0.0941696455248646,-0.16423095938753984,-0.08855124762500491,-0.15590251033232125,-0.09416964560845267,-0.16423095924669856,-0.09184135389363594,-0.16003477295492669,-1.0
lewidi_md,qwen,38,GPP-laplace,2,16,0.6720951085547276,0.1463468463545232,0.3107648139949285,0.34721939388494677,0.6640497219496239,0.6640497219496239,0.4343869984149933,0.24980497360229492,-0.12363363188665143,-0.08711246051098687,-0.12363363188665141,-0.08711246051098687,-0.11965727026984527,-0.08290723222936956,-0.12327077572088674,-0.08642965791327382,-0.11965727026984525,-0.08290723222936956,-0.12327077527630374,-0.08642965814021533,-0.11997276889489271,-0.0874787055535761,-1.0
lewidi_md,qwen,38,LPE,2,16,0.9819104567123226,0.18513818683965344,0.3250680267466564,0.29176385535672694,0.6666666666666666,0.6666666666666666,0.244704931974411,0.04452865198254585,0.03961326093817031,0.011881234016302256,0.03961326093817032,0.011881234016302263,0.04640689147329568,0.021245522642816272,0.0419523153555484,0.014812583174284499,0.04640689147329568,0.02124552264281627,0.04195231512222455,0.014812582928090089,0.05289218861005325,0.03134257456863204,1.0
lewidi_md,qwen,38,LP-temp,2,16,0.7911632385713826,0.15662809299365638,0.3043906922098605,0.27771232344511854,0.666012430487406,0.666012430487406,0.429669804361566,,0.054897864486822025,,0.05489786448682202,,0.059458023444435334,,0.056661936470637435,,0.059458023444435334,,0.056661936159579554,,0.06118635161476402,,1.0
lewidi_md,qwen,38,GPP-cosine,2,64,1.0835539607266167,0.22159379579073982,0.3814643566531485,0.29256966057575323,0.5158652273470723,0.5158652273470723,0.39897069334983826,0.019795404747128487,0.06120134633899598,-0.04228345229616978,0.061201346338995974,-0.042283452296169775,0.05166689853385449,-0.043385631544284375,0.05871907333702611,-0.04290867328467481,0.051666898533854484,-0.04338563154428438,0.058719073118818854,-0.04290867318939362,0.05780719113076872,-0.03452716825259692,0.5
lewidi_md,qwen,38,GPP-rbf,2,64,0.660629272517971,0.13904875336383152,0.2975231970291454,0.3299159559270226,0.6241413150147204,0.6241413150147204,0.47609856724739075,0.1742604672908783,0.12093264904335177,-0.17312668558956149,0.12093264904335176,-0.17312668558956146,0.11856563858923543,-0.162784015108897,0.12104107110499947,-0.17116550482150605,0.11856563858923543,-0.16278401510889706,0.12104106962354477,-0.17116550515516277,0.14165190666506614,-0.1713208823780434,1.0
lewidi_md,qwen,38,GPP-laplace,2,64,0.6824916884103851,0.151089649346585,0.3213403782849028,0.35487453271120956,0.6630683676807327,0.6630683676807327,0.4401852786540985,0.2519361674785614,0.0170789157840451,-0.03267938561781368,0.0170789157840451,-0.03267938561781368,0.016051798995860345,-0.03074964964101574,0.01688337181815883,-0.03231605487500953,0.016051798995860345,-0.030749649641015737,0.016883371770595488,-0.03231605552293781,0.01847439327304991,-0.03276328237873991,1.0
lewidi_md,qwen,38,LPE,2,64,0.7269083697491902,0.14795884079762028,0.30084518417324724,0.3008404798217255,0.6225057245665685,0.6225057245665685,0.4213065505027771,0.11877191811800003,0.0990094850693069,-0.053321956506707666,0.0990094850693069,-0.05332195650670765,0.0953261979441536,-0.045278921028533994,0.09856706453245415,-0.05123957872613099,0.0953261979441536,-0.045278921028533994,0.09856706329393072,-0.05123957905741228,0.09959681988904001,-0.05209865113874544,1.0
lewidi_md,qwen,38,LP-temp,2,64,0.6737643888423309,0.14175020679428024,0.2999866122983693,0.3197714830916568,0.610075237160615,0.610075237160615,0.6320575923869581,,0.08417051597279258,,0.08417051597279258,,0.07898796165563929,,0.08317011224201985,,0.07898796165563929,,0.08317011153739888,,0.06427531442602667,,1.0
lewidi_md,qwen,38,GPP-cosine,2,256,0.6903190537249377,0.11399571743688358,0.2446738560536657,0.26090818553922246,0.7085377821393523,0.7085377821393523,0.4514140188694,0.011909784749150276,0.2590161291965682,0.08228146270041511,0.2590161291965682,0.08228146270041511,0.2475369367195628,0.07791027183457662,0.2572976924727381,0.08151504249994954,0.2475369367195628,0.07791027183457663,0.2572976902771299,0.08151504136853546,0.2579958666087355,0.18084387908735378,1.0
lewidi_md,qwen,38,GPP-rbf,2,256,0.6882472305573147,0.1285364279693138,0.27231647257821373,0.2848441509011794,0.694471704285247,0.694471704285247,0.37340593338012695,0.10599689185619354,0.14742200807197922,-0.025695909903624505,0.14742200807197922,-0.025695909903624505,0.13651257004617792,-0.024970763173157624,0.145112173783897,-0.025651322833924718,0.13651257004617792,-0.024970763173157624,0.145112169764693,-0.02565132561035079,0.13530411866209274,-0.017960952259972608,1.0
lewidi_md,qwen,38,GPP-laplace,2,256,0.6816533411870281,0.14080011135243928,0.29848835178848027,0.30515358119594826,0.6666666666666666,0.6666666666666666,0.3750334680080414,0.21207109093666077,-0.15512015757570707,-0.15658359133616567,-0.15512015757570707,-0.15658359133616567,-0.14820698533293586,-0.14903821243416857,-0.1540793029891342,-0.15536036077188103,-0.14820698533293586,-0.1490382124341686,-0.15407930398160172,-0.15536036164284814,-0.15652812623809056,-0.16004638221135004,-1.0
lewidi_md,qwen,38,LPE,2,256,0.7952888803919583,0.13969705113709477,0.27598516369861453,0.2791917878289207,0.6905462872096827,0.6905462872096827,0.23315924406051636,0.16332413256168365,0.17876338441134146,0.06998004169859519,0.17876338441134146,0.06998004169859517,0.1678430561071518,0.0639224882176267,0.17666502997848543,0.06861608855086494,0.16784305610715183,0.0639224882176267,0.1766650266425976,0.06861608534343555,0.17130630614843947,0.07728157094511065,1.0
lewidi_md,qwen,38,LP-temp,2,256,0.6406366473510269,0.126432713083299,0.27393463429481707,0.3029054977293008,0.6692836113837095,0.6692836113837095,0.6061685915160339,,0.1921407753042697,,0.1921407753042697,,0.18470164415279477,,0.19119356682997743,,0.18470164415279483,,0.19119356544742883,,0.16032885385646478,,1.0
lewidi_md,qwen,38,GPP-cosine,2,1024,0.6239515308391635,0.10520733940512178,0.23632723484527268,0.27119581236471574,0.7353614654890416,0.7353614654890416,0.5014545917510986,0.00774206081405282,0.24125674841689868,0.04589791976891424,0.24125674841689865,0.04589791976891423,0.23128350944875023,0.04499146412997725,0.23987492108967173,0.04593660518665243,0.23128350944875026,0.04499146412997725,0.23987491831703986,0.045936604655350224,0.2522838390316776,0.10588927151678225,1.0
lewidi_md,qwen,38,GPP-rbf,2,1024,0.5943602582139846,0.09507774325658619,0.2200019955739795,0.25791735426458623,0.7533529604187111,0.7533529604187111,0.38492685556411743,0.07953165471553802,0.3135013175395972,0.07462572024408344,0.3135013175395972,0.07462572024408344,0.3063256314015612,0.07798401376167423,0.31346601505417565,0.07615921952874743,0.3063256314015612,0.07798401376167424,0.3134660116882939,0.07615921738519305,0.3102814194444711,0.1107713467847583,1.0
lewidi_md,qwen,38,GPP-laplace,2,1024,0.6308086221847761,0.12466586370247813,0.27661770141793496,0.30931814964511195,0.6702649656526006,0.6702649656526006,0.39322516322135925,0.2211330682039261,0.0574100553124421,0.01808878127650294,0.0574100553124421,0.01808878127650294,0.05498403268674985,0.018843467245404557,0.05706517350230918,0.018442431198569944,0.054984032686749854,0.018843467245404557,0.0570651679654121,0.018442426261850574,0.038998798724412385,0.0019728331480616083,1.0
lewidi_md,qwen,38,LPE,2,1024,0.7059172867265938,0.10814532823032741,0.2313235604236104,0.25465280090176023,0.7464834805364736,0.7464834805364736,0.11508655548095703,0.2899802327156067,0.30119467905371433,0.2224762869520015,0.30119467905371433,0.22247628695200145,0.2937562461207407,0.21784375524410235,0.30099507034351386,0.22259113808539185,0.2937562461207408,0.21784375524410235,0.3009950697505299,0.22259113767114064,0.30080499481986817,0.21320784149556524,1.0
lewidi_md,qwen,38,LP-temp,2,1024,0.6004028197824236,0.11537481425506761,0.2601927782957338,0.3198234812265644,0.7288191036964344,0.7288191036964344,0.6476631191678517,,0.2671341043499159,,0.2671341043499159,,0.2583763502516315,,0.26629954425741414,,0.2583763502516316,,0.2662995440833249,,0.28848650556687855,,1.0
lewidi_md,qwen,38,GPP-cosine,3,16,1.8531718247776263,0.3406911775701581,0.48395314701776243,0.31971180947727174,0.4638534510958456,0.4638534510958456,0.17397397756576538,0.018137359991669655,-0.0301569891962861,-0.031073385355123332,-0.030156989196286097,-0.031073385355123342,-0.029453267233749636,-0.029924415292838187,-0.030149495977150317,-0.030936665972931134,-0.029453267233749636,-0.029924415292838187,-0.03014949511128798,-0.03093666565330573,0.0009535611587777994,-0.038352566903049765,-1.0
lewidi_md,qwen,38,GPP-rbf,3,16,0.6615727252643718,0.14108673780193082,0.3020921516889328,0.33895887967828386,0.6450768727510632,0.6450768727510632,0.48641738295555115,0.18403643369674683,0.1727188848253524,-0.18243810022102208,0.1727188848253524,-0.18243810022102208,0.16631668712864206,-0.1713995472844822,0.17195415063244332,-0.18032894957106238,0.16631668712864206,-0.1713995472844822,0.17195414911961537,-0.18032894971260793,0.17230908456916824,-0.1801637242106427,1.0
lewidi_md,qwen,38,GPP-laplace,3,16,0.6885741912176782,0.15351497882410078,0.325423501353951,0.3555290798143141,0.6130192999672882,0.6130192999672882,0.4400467574596405,0.25272923707962036,0.0079941008264261,-0.005865944917086245,0.007994100826426102,-0.005865944917086249,0.007332654165225201,-0.005247778813108539,0.007847583070768369,-0.005718014093203171,0.007332654165225197,-0.005247778813108535,0.00784758347297807,-0.005718014575376521,0.00937533920465282,-0.006524857431801131,1.0
lewidi_md,qwen,38,LPE,3,16,0.6839820108054292,0.14699145431842206,0.30762217046999446,0.32418294607583964,0.5881583251553811,0.5881583251553811,0.5098143219947815,0.13546974956989288,0.11148351445987154,0.02852507210166244,0.11148351445987154,0.02852507210166244,0.11003978533045108,0.03234495174668427,0.11180816900750584,0.029883105245081164,0.11003978533045108,0.032344951746684274,0.11180816881532346,0.029883104046240474,0.09485592379609359,0.012669275254981903,1.0
lewidi_md,qwen,38,LP-temp,3,16,0.7482030800585813,0.16721070510160513,0.33312798356878104,0.3151460180007806,0.5335296041871116,0.5335296041871116,0.6222037477972693,,0.09675627927743083,,0.09675627927743083,,0.09768089364451481,,0.09770078296083923,,0.09768089364451482,,0.09770078338955397,,0.07571748249212809,,1.0
lewidi_md,qwen,38,GPP-cosine,3,64,1.093081007675535,0.22861478153240777,0.3907403362458699,0.2938925300863689,0.5194635263330062,0.5194635263330062,0.31282272934913635,0.018271446228027344,0.03485008308280752,-0.0023372752209689894,0.03485008308280752,-0.002337275220968984,0.031000773111713946,-0.005437875869507185,0.033917426816970554,-0.003296928592517366,0.031000773111713953,-0.005437875869507192,0.03391742826645112,-0.003296928456034508,0.04879302395338253,0.02641743990158658,0.5
lewidi_md,qwen,38,GPP-rbf,3,64,0.686765143128173,0.1355154981716274,0.28601436811235165,0.2958702066938672,0.6754988550866863,0.6754988550866863,0.3991060256958008,0.13192851841449738,0.06315552247522307,-0.1110676467268222,0.06315552247522307,-0.11106764672682219,0.05267906394740144,-0.10779079569867717,0.06039995113340994,-0.11083155983552934,0.05267906394740145,-0.1077907956986772,0.06039994809089156,-0.11083156139021635,0.05707899474727349,-0.10935504040563643,0.5
lewidi_md,qwen,38,GPP-laplace,3,64,0.6622691961799694,0.13949695880016075,0.3004696873066314,0.3292385789816513,0.6666666666666666,0.6666666666666666,0.4137592315673828,0.23572231829166412,-0.14271692193457763,-0.14011834385472047,-0.14271692193457763,-0.14011834385472047,-0.138936944083647,-0.13488748146312124,-0.14254461803730106,-0.13948666950037264,-0.138936944083647,-0.13488748146312124,-0.14254461882684644,-0.13948667023080166,-0.1578029307300567,-0.15359923245079768,-1.0
lewidi_md,qwen,38,LPE,3,64,0.8269620994027505,0.15058341068709372,0.2896556682347515,0.283369051380789,0.6800785083415113,0.6800785083415113,0.3033806085586548,0.06981905549764633,0.12025961188605769,0.032241353632557326,0.12025961188605769,0.032241353632557326,0.10799623112165341,0.02481230989191393,0.11735156530688126,0.030201364498968618,0.10799623112165341,0.02481230989191393,0.11735156218373657,0.030201361435874152,0.11131450352525261,0.040952237950746165,0.5
lewidi_md,qwen,38,LP-temp,3,64,0.6364516525340279,0.12900446882256822,0.2831286888963753,0.3241450427740554,0.6725547922800131,0.6725547922800131,0.6451313408941035,,0.11431047375617856,,0.11431047375617856,,0.10415543743199754,,0.11200330792713631,,0.10415543743199755,,0.11200330594580593,,0.09416000981868837,,1.0
lewidi_md,qwen,38,GPP-cosine,3,256,0.6924492510052986,0.12044041757140164,0.25685093846260265,0.27252953914787975,0.6879293424926398,0.6879293424926398,0.4785204231739044,0.013271314091980457,0.21587187865522273,0.061551469502683184,0.21587187865522273,0.06155146950268318,0.20984134132350318,0.061332147009232695,0.21551599901730928,0.061906556297891824,0.20984134132350318,0.06133214700923269,0.21551599803145857,0.06190655673941657,0.2064716367196733,0.14406386830913342,1.0
lewidi_md,qwen,38,GPP-rbf,3,256,0.6561663195348597,0.12504816458274598,0.26987615872823717,0.29521417147372064,0.6882564605822702,0.6882564605822702,0.42353495955467224,0.12188132852315903,0.16357723735775603,-0.046483739942724256,0.16357723735775606,-0.04648373994272427,0.1538133926664173,-0.04393152043598837,0.16172677017464165,-0.046025569307388686,0.1538133926664173,-0.04393152043598837,0.1617267675511395,-0.04602557102973562,0.15947723821559232,-0.0492940956834414,1.0
lewidi_md,qwen,38,GPP-laplace,3,256,0.656153656441698,0.1366306069996646,0.29599646209334873,0.32556649464664755,0.6666666666666666,0.6666666666666666,0.41080963611602783,0.23272040486335754,-0.09244339128174764,-0.11060005444072385,-0.09244339128174764,-0.11060005444072382,-0.08893896612595101,-0.10530852641264549,-0.09201040560003913,-0.10974761724003484,-0.08893896612595102,-0.10530852641264549,-0.09201040721769256,-0.10974761858178683,-0.10775386706944541,-0.12643464121056366,-1.0
lewidi_md,qwen,38,LPE,3,256,0.7673775913874669,0.13958305244268432,0.2786464567235976,0.2814488522126936,0.6774615636244684,0.6774615636244684,0.2574162185192108,0.18756791949272156,0.18993071937962003,0.047660172113037955,0.18993071937962003,0.04766017211303794,0.17863719366449937,0.044778981604687546,0.18779532017697637,0.04710994514894172,0.1786371936644994,0.044778981604687546,0.187795318295297,0.04710994362279525,0.18041859998981707,0.04689412437070366,1.0
lewidi_md,qwen,38,LP-temp,3,256,0.6453581146701416,0.12975540329791635,0.28065847014060524,0.3101628051130062,0.6633954857703631,0.6633954857703631,0.6190978410258655,,0.1667786853395708,,0.1667786853395708,,0.15930493569647577,,0.16564712518541633,,0.1593049356964758,,0.16564712436634038,,0.13216505303866138,,1.0
lewidi_md,qwen,38,GPP-cosine,3,1024,0.6573235304075501,0.1105332430422756,0.24392178090205027,0.26615548402804107,0.7069021916912005,0.7069021916912005,0.4845554232597351,0.007236251141875982,0.26328240697052463,0.05235469517598087,0.26328240697052463,0.05235469517598087,0.2522143558150127,0.05857848283238565,0.261718335177625,0.054607645738889314,0.2522143558150128,0.05857848283238566,0.2617183337511826,0.05460764595372403,0.2616195584610203,0.15574986665486454,1.0
lewidi_md,qwen,38,GPP-rbf,3,1024,0.6338433108584288,0.105900430007722,0.23667074233044633,0.2651097173575687,0.7330716388616291,0.7330716388616291,0.37855836749076843,0.07719355076551437,0.26605933169620644,0.045101807347435255,0.26605933169620644,0.045101807347435255,0.25787241928751564,0.0470248540465224,0.26539113543947834,0.045996165941707,0.25787241928751564,0.0470248540465224,0.26539113211888976,0.04599616364178366,0.26196332710889436,0.08017865952092346,1.0
lewidi_md,qwen,38,GPP-laplace,3,1024,0.6415334946617487,0.1270298392748077,0.2789890941708919,0.3020559165531196,0.6676480209355578,0.6676480209355578,0.38237670063972473,0.21480950713157654,0.07193284378115904,0.035327486846220696,0.07193284378115902,0.03532748684622069,0.06575956831764992,0.03216542471105799,0.07054705515140192,0.034607259047323924,0.06575956831764992,0.03216542471105799,0.07054705042010743,0.03460725478614236,0.05964760209231191,0.024427182849000712,1.0
lewidi_md,qwen,38,LPE,3,1024,0.7268859627600733,0.11404080069987076,0.24215525281730513,0.26092027601213896,0.7255479228001308,0.7255479228001308,0.11389277875423431,0.29278427362442017,0.26792681977506677,0.19644387362537222,0.26792681977506677,0.19644387362537222,0.26071962368672646,0.19532110840427286,0.2675695884566531,0.19744847533670654,0.2607196236867265,0.19532110840427286,0.26756958716813156,0.19744847392286186,0.26809685274932127,0.18903083486810407,1.0
lewidi_md,qwen,38,LP-temp,3,1024,0.5965765990628805,0.1124089231464064,0.25425641275227895,0.30822870872116853,0.7212953876349362,0.7212953876349362,0.6279712595623397,,0.25927030518044086,,0.25927030518044086,,0.24938706637811325,,0.2580393221105054,,0.24938706637811325,,0.2580393212190488,,0.2545096799178025,,1.0
lewidi_md,qwen,38,GPP-cosine,4,16,1.7875961685966486,0.3405164884052324,0.48013061051012956,0.323521854534333,0.474321229964017,0.474321229964017,0.14679594337940216,0.020239317789673805,-0.04179327358996439,-0.0302905107638219,-0.04179327358996439,-0.030290510763821908,-0.03460334642413391,-0.021827159264370784,-0.039891519954194404,-0.02792237110102777,-0.03460334642413391,-0.02182715926437078,-0.03989151852847217,-0.027922370397928248,0.009423611990700416,-0.0280730004599289,-0.5
lewidi_md,qwen,38,GPP-rbf,4,16,0.6929639474324812,0.1427093027794666,0.29975836860770916,0.30131664224162436,0.6663395485770363,0.6663395485770363,0.4076923727989197,0.16331908106803894,-0.025842361650549064,-0.16585466524935144,-0.025842361650549053,-0.16585466524935144,-0.030655184816940118,-0.15959334625419824,-0.027484201075947567,-0.1650857629363653,-0.03065518481694012,-0.15959334625419824,-0.027484200906877285,-0.1650857627561262,-0.03687225945121888,-0.16469766541453765,-1.0
lewidi_md,qwen,38,GPP-laplace,4,16,0.6744721546264443,0.14757687947472692,0.31427354183770645,0.3506383073723008,0.6637226038599935,0.6637226038599935,0.4368014335632324,0.2510793209075928,-0.07087789255992906,-0.05100657278942824,-0.07087789255992905,-0.05100657278942823,-0.07026456112641165,-0.048861070817003714,-0.07117698435648706,-0.05070317902004388,-0.07026456112641166,-0.04886107081700372,-0.07117698386675128,-0.05070317931602179,-0.07192895670181015,-0.05250733628670818,-1.0
lewidi_md,qwen,38,LPE,4,16,0.8270688279156508,0.16210960067367233,0.3090498408145464,0.27859737478707947,0.666012430487406,0.666012430487406,0.29827794432640076,0.09366534650325775,0.05875356216201037,0.026491495382910672,0.05875356216201038,0.026491495382910665,0.04704850739567787,0.022496358675981223,0.055593912212279356,0.025457173752264507,0.04704850739567788,0.02249635867598123,0.055593912121865575,0.025457173988159873,0.043929354076392396,0.029571987776830885,0.5
lewidi_md,qwen,38,LP-temp,4,16,0.734842043887058,0.1468296896099862,0.2983692777036929,0.28480355287818904,0.6561988877984952,0.6561988877984952,0.49860374045350353,,0.06136920937121901,,0.06136920937121902,,0.04964677979065175,,0.05822219759028316,,0.04964677979065176,,0.05822219746884046,,0.044676395460806,,0.5
lewidi_md,qwen,38,GPP-cosine,4,64,0.7082039144057369,0.141915825519506,0.29674104750216407,0.2988509550001933,0.610075237160615,0.610075237160615,0.5418397188186646,0.027335232123732567,0.13362418861637726,-0.007421707965086916,0.13362418861637723,-0.00742170796508691,0.12784876013237867,-0.0044831554688192984,0.13278227442831764,-0.006578254210621685,0.1278487601323787,-0.004483155468819297,0.1327822745610724,-0.006578253288897271,0.1333906953812131,-0.011234791920909074,1.0
lewidi_md,qwen,38,GPP-rbf,4,64,0.6521154232854374,0.13351241387986423,0.2890733302170871,0.319017543539561,0.6591429506051685,0.6591429506051685,0.45422032475471497,0.17481595277786255,0.13299545682685115,-0.1291278262458856,0.13299545682685115,-0.1291278262458856,0.13611384148213482,-0.11763904595398078,0.1348559720541945,-0.126516298357842,0.13611384148213482,-0.11763904595398078,0.13485597057079912,-0.12651629873556536,0.1556700770200315,-0.13211206317319457,1.0
lewidi_md,qwen,38,GPP-laplace,4,64,0.6689405059474397,0.14489209005700418,0.3083073853603133,0.34526078226300894,0.6640497219496239,0.6640497219496239,0.4331030249595642,0.24831274151802063,-0.11843127808168549,-0.10257087585706644,-0.11843127808168549,-0.1025708758570664,-0.11130400362392369,-0.09563629830315598,-0.11707382110137134,-0.10116336686986957,-0.1113040036239237,-0.09563629830315598,-0.117073821020684,-0.10116336718974067,-0.12410901231613818,-0.10819017561714553,-1.0
lewidi_md,qwen,38,LPE,4,64,0.7263483134299403,0.14324063407044754,0.29185146752559343,0.2917096578964003,0.6444226365718024,0.6444226365718024,0.3852584958076477,0.1264367252588272,0.13888918971183298,-0.013761543463972448,0.13888918971183298,-0.013761543463972445,0.13782191635987032,-0.008502564580700572,0.13951623597246038,-0.012255341648217503,0.13782191635987034,-0.008502564580700572,0.13951623479276662,-0.01225534299636602,0.1392520595311389,-0.0014447432665070652,1.0
lewidi_md,qwen,38,LP-temp,4,64,0.6716724115396763,0.14623489406320622,0.3124980827245189,0.34906187975681985,0.6267582597317631,0.6267582597317631,0.6858782578231536,,0.10599004045294341,,0.10599004045294338,,0.10037359486835298,,0.10500712386291361,,0.10037359486835298,,0.10500712312647963,,0.09608356503191509,,1.0
lewidi_md,qwen,38,GPP-cosine,4,256,0.6821992563198988,0.11581210684960849,0.2489597906442906,0.2704029092867072,0.7019954203467452,0.7019954203467452,0.4823499321937561,0.013370707631111145,0.2326265420788679,0.0641882078831066,0.2326265420788679,0.06418820788310661,0.224890969262393,0.06508533485418339,0.23186657883738399,0.06490114486942399,0.224890969262393,0.06508533485418339,0.2318665772440786,0.06490114486815632,0.24415835947373496,0.1294729097196818,1.0
lewidi_md,qwen,38,GPP-rbf,4,256,0.6617333785143896,0.12428890307518499,0.2682100670592842,0.2909565309445638,0.6961072947333987,0.6961072947333987,0.40092167258262634,0.11900661885738373,0.1475545526635717,-0.0437358209379886,0.1475545526635717,-0.0437358209379886,0.1429440148157538,-0.03816379809631501,0.14716263067578483,-0.042339772446724336,0.1429440148157538,-0.03816379809631501,0.14716262766146931,-0.0423397744149118,0.1413105498864351,-0.038457353159641286,1.0
lewidi_md,qwen,38,GPP-laplace,4,256,0.6772517717773756,0.1402200789788224,0.29836984115476345,0.30886210696944927,0.6666666666666666,0.6666666666666666,0.38134142756462097,0.2160874903202057,-0.15139522450878265,-0.1521739639346072,-0.15139522450878262,-0.1521739639346072,-0.14384419332483422,-0.1442956415455519,-0.15013471590989425,-0.15081918469792474,-0.14384419332483428,-0.1442956415455519,-0.15013471686448113,-0.15081918556320376,-0.15605141243886653,-0.15794304852093555,-1.0
lewidi_md,qwen,38,LPE,4,256,0.7487369596886869,0.13383895604416024,0.27218692896888214,0.2815531251788678,0.6843310435067059,0.6843310435067059,0.2563328146934509,0.17583395540714264,0.17429533476116688,0.0554660640900979,0.17429533476116688,0.0554660640900979,0.16827020859604885,0.06125009940528381,0.1736561623193449,0.057606504036995125,0.16827020859604885,0.06125009940528382,0.17365616036720258,0.057606502224651204,0.16839363456603001,0.06373991272269487,1.0
lewidi_md,qwen,38,LP-temp,4,256,0.6478049306660774,0.12795751796021473,0.27644930076139984,0.30027453365730655,0.6584887144259077,0.6584887144259077,0.591236332775134,,0.1598626759337173,,0.15986267593371734,,0.15811327294767705,,0.16042586238568413,,0.15811327294767705,,0.16042586190866104,,0.13154348986017728,,1.0
lewidi_md,qwen,38,GPP-cosine,4,1024,0.6423287214004166,0.10886287764311547,0.24119156646402645,0.27080553500363524,0.7222767419038273,0.7222767419038273,0.4940730333328247,0.007648078724741936,0.24793421670566515,0.03828818218378009,0.24793421670566518,0.038288182183780085,0.23354638935509042,0.04043404438838979,0.245254619095786,0.03920365600368447,0.23354638935509042,0.040434044388389795,0.24525461693617456,0.039203655675712656,0.2589112993301136,0.11820351544327658,1.0
lewidi_md,qwen,38,GPP-rbf,4,1024,0.6126858935503335,0.09992458027575782,0.22830602064235142,0.26278346926751,0.7497546614327772,0.7497546614327772,0.37793684005737305,0.07942072302103043,0.2831807879193031,0.052678599374509597,0.2831807879193031,0.0526785993745096,0.27553028297835547,0.05626804904910361,0.28279318138087184,0.054132036757117606,0.27553028297835547,0.05626804904910361,0.28279317845563673,0.05413203463681937,0.278171770824728,0.08251653962197068,1.0
lewidi_md,qwen,38,GPP-laplace,4,1024,0.6332874275161503,0.1252964028264898,0.2776819238482463,0.30936841870389603,0.6728819103696434,0.6728819103696434,0.39178022742271423,0.22039465606212616,0.061692018652089724,0.0236736270422213,0.06169201865208973,0.023673627042221302,0.05378773891329199,0.019436113155202075,0.05970923289170363,0.02254622856209474,0.053787738913292,0.01943611315520208,0.05970922816321135,0.022546224333088775,0.0476338613503262,0.007849886211333715,0.5
lewidi_md,qwen,38,LPE,4,1024,0.7591528756345067,0.11487898765806041,0.24217252001993317,0.26580818773574916,0.735688583578672,0.735688583578672,0.11074810475111008,0.27489450573921204,0.24717698922784573,0.1739030522279177,0.24717698922784573,0.1739030522279177,0.2406934192198965,0.1717333205795121,0.24689777952059394,0.17443454003899267,0.2406934192198965,0.17173332057951213,0.24689777868975699,0.1744345389521391,0.24646795614732267,0.16801767523000544,1.0
lewidi_md,qwen,38,LP-temp,4,1024,0.6007250067629489,0.11496696393544935,0.2597484551082349,0.3159013203452147,0.7301275760549558,0.7301275760549558,0.6400877174656926,,0.24657813195939998,,0.24657813195939998,,0.23900387700910947,,0.24596287958491225,,0.23900387700910947,,0.24596287871494826,,0.24204156589985376,,1.0
lewidi_md,qwen,48,GPP-cosine,0,16,1.21203306969692,0.26370183502288663,0.430390781174855,0.30919338292848764,0.46418056918547596,0.46418056918547596,0.3244614601135254,0.09796690940856934,-0.019441204822662178,-0.04428536368039442,-0.019441204822662178,-0.044285363680394416,-0.014979373562674373,-0.03832406263461567,-0.018216531337313796,-0.04277460869034373,-0.014979373562674373,-0.03832406263461567,-0.01821653146750425,-0.042774608370194256,-0.014664227058091887,-0.0397430981904078,-0.5
lewidi_md,qwen,48,GPP-rbf,0,16,0.6751979687546097,0.14654142172884208,0.31140726101351673,0.3416527583046649,0.6175989532221132,0.6175989532221132,0.4811009466648102,0.19213420152664185,0.1082707135719825,-0.17267106948143537,0.1082707135719825,-0.1726710694814354,0.10181985890755371,-0.15901831717622228,0.10704948367490774,-0.1696993776674112,0.10181985890755371,-0.15901831717622228,0.10704948342025275,-0.16969937752605452,0.12940276091484332,-0.17313289614037491,1.0
lewidi_md,qwen,48,GPP-laplace,0,16,0.6832609271839657,0.15135577850950133,0.32169402929831453,0.35457902019112353,0.65129211645404,0.65129211645404,0.43923598527908325,0.2525899410247803,-0.01896561716379089,-0.01177205221481865,-0.018965617163790888,-0.011772052214818652,-0.01913596146157808,-0.010407211105824418,-0.019147438138070287,-0.011437355484456796,-0.01913596146157808,-0.01040721110582442,-0.019147437737297837,-0.01143735599950085,-0.019593836096703773,-0.01148018497968596,-1.0
lewidi_md,qwen,48,LPE,0,16,0.6875078231569652,0.1440443587568402,0.30396282762815485,0.316644492172615,0.6365718024206739,0.6365718024206739,0.46720433235168457,0.14170460402965546,-0.0055887085645344205,-0.009744539671892809,-0.005588708564534417,-0.009744539671892809,-0.005519011798401535,-0.012075649976557412,-0.005605798601955552,-0.01052077152140243,-0.005519011798401535,-0.012075649976557423,-0.005605799209691941,-0.01052077149606499,0.0076568873579488245,-0.006444176315519316,-1.0
lewidi_md,qwen,48,LP-temp,0,16,0.685223775732485,0.1518258337481658,0.32130942427874665,0.35166029139950233,0.5744193653909061,0.5744193653909061,0.688679325877366,,-0.015330777972716137,,-0.015330777972716135,,-0.013418031153404527,,-0.014853721191733185,,-0.01341803115340453,,-0.014853721504094716,,-0.0020259063763865023,,-0.5
lewidi_md,qwen,48,GPP-cosine,0,64,1.190964072865742,0.21909112809282608,0.3646399271378032,0.30346260243817275,0.5626431141642133,0.5626431141642133,0.30016064643859863,0.0460217148065567,0.03640256967840714,0.007416979027249863,0.036402569678407146,0.007416979027249866,0.03447689183388142,0.007201972736936366,0.03606599036098796,0.00740237546413592,0.03447689183388142,0.007201972736936364,0.0360659907360608,0.007402376217961138,0.03739694194464911,0.019011961724424885,1.0
lewidi_md,qwen,48,GPP-rbf,0,64,0.6497824771802239,0.13201813747439747,0.28705688241149013,0.3183636284755423,0.6732090284592738,0.6732090284592738,0.4624955952167511,0.1608358770608902,0.10344404978793525,-0.11018753659965008,0.10344404978793525,-0.11018753659965005,0.09286247063543424,-0.10201492917532237,0.10093259846641331,-0.10845544609191578,0.09286247063543425,-0.10201492917532237,0.10093259616113961,-0.10845544688950177,0.11913655894800822,-0.11268001371797584,0.5
lewidi_md,qwen,48,GPP-laplace,0,64,0.6666881527234383,0.14417446119526883,0.307639430125028,0.3468528670775951,0.666012430487406,0.666012430487406,0.4351556599140167,0.24852974712848663,-0.06393014507624173,-0.0655819613696916,-0.06393014507624173,-0.0655819613696916,-0.0627648688217202,-0.0607802729509449,-0.06401364276312363,-0.06457007583295334,-0.0627648688217202,-0.06078027295094491,-0.06401364312133916,-0.06457007636198339,-0.0670733596595367,-0.06361960114662758,-1.0
lewidi_md,qwen,48,LPE,0,64,0.7121861677187842,0.14051589268675158,0.29035017441686745,0.29598268230208585,0.6526005888125613,0.6526005888125613,0.3989778161048889,0.12440245598554611,0.107355064098383,0.007601006409966413,0.10735506409838297,0.007601006409966409,0.09933906165070729,0.005017188089905213,0.10565122267028862,0.006866741065028928,0.0993390616507073,0.005017188089905214,0.10565122096718685,0.006866739403398946,0.10877259833551277,0.00905995707782062,1.0
lewidi_md,qwen,48,LP-temp,0,64,0.6815979240446856,0.15069658515879011,0.32091412730142044,0.3546590773584279,0.6195616617598954,0.6195616617598954,0.6919059771862688,,0.09615274557718811,,0.09615274557718811,,0.08963680579094628,,0.09482865873314647,,0.08963680579094628,,0.09482865755990205,,0.08899585069411707,,1.0
lewidi_md,qwen,48,GPP-cosine,0,256,1.0868197653094445,0.17098020649046064,0.2989482793075781,0.28265765594395004,0.6745175008177953,0.6745175008177953,0.287302166223526,0.019074711948633194,0.13138720961947134,0.07269847102051005,0.1313872096194713,0.07269847102051004,0.1248832428429611,0.06932461073187476,0.1303082416204771,0.07216990204322453,0.12488324284296112,0.06932461073187476,0.130308241020493,0.07216990202469879,0.13338387321275164,0.10918489411954418,1.0
lewidi_md,qwen,48,GPP-rbf,0,256,0.673282228499834,0.1253371943164485,0.268069365541571,0.2890039096547476,0.6974157670919202,0.6974157670919202,0.3943641781806946,0.11166428029537201,0.14312284679677123,-0.007054763412109578,0.14312284679677123,-0.007054763412109578,0.1308178916466819,-0.0073939942515320245,0.1403588378077006,-0.007206353682278277,0.1308178916466819,-0.0073939942515320245,0.14035883432333224,-0.007206356054423574,0.13745332502761612,-0.0013252240881114117,1.0
lewidi_md,qwen,48,GPP-laplace,0,256,0.6597360446470772,0.13608087306241884,0.29437958834937167,0.315948496066789,0.666993784756297,0.666993784756297,0.3974667191505432,0.22498369216918945,-0.10817036499909097,-0.10874795358656093,-0.10817036499909097,-0.10874795358656093,-0.09851020924113318,-0.09882984987699583,-0.10597173039155477,-0.1064747736679639,-0.0985102092411332,-0.09882984987699583,-0.10597173232428081,-0.10647477526734647,-0.10976276820487245,-0.10992799616585715,-1.0
lewidi_md,qwen,48,LPE,0,256,0.8001110520838962,0.13738644878369075,0.27175112187084266,0.2797399533558843,0.6938174681059862,0.6938174681059862,0.24700763821601868,0.1547495424747467,0.1711786293405347,0.07115433477905135,0.17117862934053468,0.07115433477905134,0.1575017545338379,0.06152316192278041,0.1681893678457132,0.06871083608608697,0.1575017545338379,0.06152316192278041,0.16818936507880494,0.06871083355183519,0.16198655168275644,0.07028599843327134,1.0
lewidi_md,qwen,48,LP-temp,0,256,0.6655626511290663,0.12858274121615915,0.2744389688754568,0.29128342865246415,0.6705920837422309,0.6705920837422309,0.5470343975184422,,0.15216545920070695,,0.15216545920070695,,0.14007790597484623,,0.14952958660875224,,0.14007790597484626,,0.14952958520420614,,0.1306364147949891,,1.0
lewidi_md,qwen,48,GPP-cosine,0,1024,0.7636052988797134,0.1173162612446628,0.24043029164096552,0.2558924174132896,0.7333987569512594,0.7333987569512594,0.33882734179496765,0.007975772023200989,0.25010006502430804,0.1811456249169856,0.25010006502430804,0.1811456249169856,0.2427992732041052,0.18010872237384448,0.2495921754001451,0.18207151339878186,0.24279927320410524,0.1801087223738445,0.2495921740911104,0.18207151308392605,0.25091797971809093,0.23248467014938068,1.0
lewidi_md,qwen,48,GPP-rbf,0,1024,0.6239382068761409,0.10206644481257525,0.23047359902462014,0.26056432624802645,0.7451750081779522,0.7451750081779522,0.3708804249763489,0.07644744217395782,0.2775704193429894,0.09624015926942771,0.2775704193429894,0.0962401592694277,0.26913353395505857,0.09875513413754249,0.27690503624025153,0.09766513525615572,0.26913353395505857,0.09875513413754249,0.2769050330188293,0.0976651329623758,0.26679483648355684,0.1231387382796193,1.0
lewidi_md,qwen,48,GPP-laplace,0,1024,0.6320865894650893,0.12401789583628219,0.27518718908298706,0.3031438194958305,0.671573438011122,0.671573438011122,0.3860148787498474,0.21722152829170227,0.09648411638970483,0.0661697426138351,0.09648411638970483,0.06616974261383508,0.09066955210758379,0.06351683879001985,0.09537575680107349,0.06581584532043708,0.09066955210758382,0.06351683879001986,0.09537575145411425,0.06581584040735723,0.0772408529727473,0.05035788489823124,1.0
lewidi_md,qwen,48,LPE,0,1024,0.7797501862416414,0.1202503216693701,0.24728508429774437,0.26424558714017843,0.7281648675171737,0.7281648675171737,0.11594924330711365,0.2552138566970825,0.23485012009113304,0.18533409655531038,0.234850120091133,0.18533409655531036,0.22483716183238578,0.1793700747716675,0.23341229759147702,0.18478917335955403,0.22483716183238578,0.17937007477166753,0.2334122965482257,0.18478917277908563,0.24106910297351314,0.18327476056643535,1.0
lewidi_md,qwen,48,LP-temp,0,1024,0.6002700358295912,0.11096395801492094,0.2519585484025745,0.29344771604753117,0.7072293097808309,0.7072293097808309,0.590724564795921,,0.2396336068219066,,0.2396336068219066,,0.23195509308340906,,0.23893903095027133,,0.23195509308340911,,0.2389390310197197,,0.20481104597860778,,1.0
lewidi_md,qwen,48,GPP-cosine,1,16,1.0156444891546481,0.20928755105178057,0.36804529399248365,0.3136441674937527,0.5531566895649329,0.5531566895649329,0.32376518845558167,0.10280341655015945,-0.02808333558648341,-0.040853297339362916,-0.028083335586483404,-0.04085329733936292,-0.03232963340244825,-0.04495674298880252,-0.02956811722287243,-0.04238212075677554,-0.032329633402448266,-0.04495674298880252,-0.02956811483929822,-0.04238211830905932,-0.03261352239824391,-0.042847452632639,-1.0
lewidi_md,qwen,48,GPP-rbf,1,16,0.7011833218549224,0.14343467730945597,0.2990381944952621,0.2949382466792039,0.6666666666666666,0.6666666666666666,0.3921073377132416,0.156731978058815,-0.0654705709199646,-0.1550625326221583,-0.06547057091996458,-0.1550625326221583,-0.06045633505938494,-0.14491307386503555,-0.06439323540758343,-0.15303635339750876,-0.06045633505938494,-0.14491307386503555,-0.06439323641989025,-0.1530363535785032,-0.06457366897866618,-0.15005866472266277,-1.0
lewidi_md,qwen,48,GPP-laplace,1,16,0.6721045156105036,0.14657806980956595,0.31221552644781636,0.3497812139900294,0.6663395485770363,0.6663395485770363,0.436184823513031,0.2508394718170166,-0.07203046185367885,-0.044589971460875566,-0.07203046185367885,-0.04458997146087556,-0.0684060123516569,-0.04074526992265663,-0.07142105057162146,-0.04372546882796939,-0.06840601235165691,-0.04074526992265663,-0.07142105046637257,-0.04372546934572474,-0.06687214641090077,-0.04117500374884818,-1.0
lewidi_md,qwen,48,LPE,1,16,0.769351081347648,0.15187300508717688,0.30147019945637077,0.28608273436704273,0.6653581943081452,0.6653581943081452,0.3661152720451355,0.08393462747335434,0.020106448398355924,-0.035980523110682026,0.020106448398355917,-0.035980523110682026,0.015930587423246143,-0.03468024059612404,0.01897336612058482,-0.0358313838313344,0.015930587423246143,-0.034680240596124054,0.018973364809629887,-0.03583138441700787,0.01785973423361509,-0.014842207503291722,0.5
lewidi_md,qwen,48,LP-temp,1,16,0.6711182859970786,0.1359326325695421,0.2903348686574594,0.3015768409333342,0.6620870134118417,0.6620870134118417,0.5843627848748268,,0.012468041983296096,,0.012468041983296091,,0.008002283278104826,,0.011194383523345766,,0.008002283278104825,,0.011194382348015505,,0.00467740276810848,,0.5
lewidi_md,qwen,48,GPP-cosine,1,64,1.4931640539816404,0.25798382928570657,0.40221778782531253,0.3077487339387677,0.5413804383382401,0.5413804383382401,0.27343276143074036,0.041012030094861984,0.020452419610645645,-0.010755243377573213,0.020452419610645645,-0.01075524337757322,0.013259445338155809,-0.01633076344092564,0.018403481750586606,-0.012525803894850463,0.013259445338155805,-0.016330763440925645,0.01840348179602276,-0.012525803614004304,0.01590443077087229,-0.002070123840991333,0.5
lewidi_md,qwen,48,GPP-rbf,1,64,0.6873527140109951,0.14891067135728922,0.31305553874754616,0.3303563035390815,0.5812888452731436,0.5812888452731436,0.4784964919090271,0.1719510704278946,0.12233829027247607,-0.12500257547686272,0.12233829027247606,-0.12500257547686272,0.10745286970745832,-0.11877807957424645,0.1186464994599931,-0.12396490520433606,0.1074528697074583,-0.11877807957424646,0.11864649791170812,-0.12396490551102243,0.13083897963107677,-0.13357471159446432,0.5
lewidi_md,qwen,48,GPP-laplace,1,64,0.6820214124771465,0.15084328310450879,0.32084056630969476,0.35442374385071757,0.6483480536473667,0.6483480536473667,0.44001635909080505,0.25163716077804565,0.0142086622531277,-0.021468165913612895,0.014208662253127693,-0.021468165913612884,0.011244756522112972,-0.020285549883179477,0.013404006049755331,-0.021255378567170493,0.011244756522112967,-0.02028554988317948,0.013404006132016505,-0.021255379150019262,0.010747165717584443,-0.020923973677840192,0.5
lewidi_md,qwen,48,LPE,1,64,0.7862362937097241,0.1700994940648059,0.33177875710378585,0.3036669370352191,0.5606804056264312,0.5606804056264312,0.4317443370819092,0.12029168754816055,0.0814124219238315,-0.03149859537325329,0.08141242192383148,-0.03149859537325328,0.07072848014491677,-0.02933878951084184,0.07871882661338937,-0.031057152886071505,0.07072848014491678,-0.029338789510841845,0.07871882545558709,-0.031057153035005378,0.07259965403500204,-0.024034575786176005,0.5
lewidi_md,qwen,48,LP-temp,1,64,0.6892979500472284,0.15263397952513766,0.32026625598831754,0.34538022809183144,0.5384363755315669,0.5384363755315669,0.6805520295780496,,0.057743842284992436,,0.057743842284992436,,0.05118822577524418,,0.05614444964066936,,0.05118822577524418,,0.056144449399234374,,0.0524814373408116,,0.5
lewidi_md,qwen,48,GPP-cosine,1,256,1.0938068823321174,0.1734186736988518,0.3061792405086439,0.28876500187722187,0.6467124631992149,0.6467124631992149,0.2957172393798828,0.019962726160883904,0.10874193505485885,0.0764320339105654,0.10874193505485885,0.0764320339105654,0.10499247468585796,0.07255892163519329,0.10834607551508205,0.0757771103553426,0.10499247468585796,0.07255892163519329,0.1083460763012152,0.07577711136483337,0.11414300371735889,0.10803110585714051,1.0
lewidi_md,qwen,48,GPP-rbf,1,256,0.6729856024867227,0.12616178527152525,0.26944783224637714,0.2905502715525736,0.6964344128230291,0.6964344128230291,0.39814063906669617,0.11050380021333694,0.13130765973603936,-0.011384283561945933,0.13130765973603936,-0.011384283561945934,0.1214653948358846,-0.009149685539991652,0.12921217068041302,-0.010782227952429162,0.1214653948358846,-0.009149685539991653,0.12921216814921094,-0.010782229533221674,0.1284900948235531,-0.007256919003913619,1.0
lewidi_md,qwen,48,GPP-laplace,1,256,0.6647846350141281,0.1368362562106335,0.2952000972006615,0.3119921831542654,0.666993784756297,0.666993784756297,0.38993555307388306,0.22042642533779144,-0.1299070887085281,-0.1279375322195975,-0.1299070887085281,-0.1279375322195975,-0.12546575629422171,-0.12224290140008125,-0.12944571792858525,-0.12708123516240427,-0.12546575629422171,-0.12224290140008125,-0.12944571957229578,-0.1270812365335896,-0.13754252295437613,-0.13334749841046914,-1.0
lewidi_md,qwen,48,LPE,1,256,0.7845667136050711,0.14073906754584659,0.2802138588966195,0.2847321827394066,0.677134445534838,0.677134445534838,0.254477858543396,0.17357301712036133,0.14818071791088966,0.061498245125428015,0.1481807179108896,0.061498245125428015,0.13861568152510415,0.05660359697935684,0.14628523782413755,0.06043008103709706,0.13861568152510415,0.056603596979356845,0.14628523623640194,0.060430079622255856,0.13935940810356845,0.060972653870934646,1.0
lewidi_md,qwen,48,LP-temp,1,256,0.6534332727931991,0.1292702675733212,0.27922456633961384,0.30157580562116126,0.6561988877984952,0.6561988877984952,0.5875083124445839,,0.14919254409213956,,0.14919254409213956,,0.14193328057046717,,0.14800573611374615,,0.14193328057046717,,0.14800573521850852,,0.12565351627799964,,1.0
lewidi_md,qwen,48,GPP-cosine,1,1024,0.7300545285954606,0.11408227082187614,0.23848833182080834,0.25398282808558703,0.732090284592738,0.732090284592738,0.349833220243454,0.008195213973522186,0.2620406385688805,0.1847470027271817,0.2620406385688805,0.1847470027271817,0.25612831292431193,0.1845998063725533,0.26203714722553323,0.1859683455078257,0.25612831292431193,0.18459980637255333,0.26203714653272087,0.18596834567160947,0.2607567613253761,0.2494751420234207,1.0
lewidi_md,qwen,48,GPP-rbf,1,1024,0.6156822893255747,0.10057899023206852,0.22716531164252116,0.25931403520255486,0.7455021262675826,0.7455021262675826,0.38132384419441223,0.0750737190246582,0.2875009838998175,0.10605812646368698,0.2875009838998175,0.10605812646368698,0.2815725883494765,0.11035357525122877,0.2876670911373339,0.10809225714228463,0.2815725883494765,0.11035357525122877,0.2876670884218965,0.10809225508426157,0.281846773634751,0.13461116885981364,1.0
lewidi_md,qwen,48,GPP-laplace,1,1024,0.6346061299166058,0.1251428866202642,0.27697984142960735,0.30421362872000607,0.6689564932940791,0.6689564932940791,0.38763654232025146,0.2176874577999115,0.07333232140110411,0.04336460077694923,0.07333232140110411,0.04336460077694922,0.07212041664200453,0.04506460740802165,0.07346606483143134,0.04417917374819421,0.07212041664200453,0.04506460740802165,0.07346606004211845,0.04417916927476956,0.06303250443174845,0.03286778603339703,1.0
lewidi_md,qwen,48,LPE,1,1024,0.7149072073743009,0.11115438759159667,0.23794427226078976,0.26144773719419845,0.7304546941445862,0.7304546941445862,0.11711914092302322,0.28919053077697754,0.24611441310185592,0.20698791689307777,0.24611441310185592,0.20698791689307774,0.23773858652632046,0.20603563463924945,0.2452520328071166,0.20811666557952485,0.23773858652632046,0.20603563463924945,0.2452520318806221,0.20811666443315835,0.24673015061145656,0.1990790904268452,1.0
lewidi_md,qwen,48,LP-temp,1,1024,0.602481029329907,0.11587521001803575,0.2606689892348151,0.31748343122217765,0.7199869152764148,0.7199869152764148,0.6426983654318296,,0.24497656448041627,,0.24497656448041627,,0.23921690358476136,,0.24490258855115152,,0.2392169035847614,,0.24490258804331635,,0.23989480550715972,,1.0
lewidi_md,qwen,48,GPP-cosine,2,16,1.1152786226666787,0.2257390836136412,0.3816162679632255,0.29819768526924445,0.5377821393523062,0.5377821393523062,0.33128535747528076,0.09620003402233124,0.04815758911435878,0.018417084909038324,0.04815758911435879,0.01841708490903832,0.044036459639988916,0.013645352435779003,0.047233408771402696,0.017091077576094613,0.04403645963998891,0.013645352435779,0.0472334085112796,0.017091077716415843,0.047855748733615616,0.018162723640389594,1.0
lewidi_md,qwen,48,GPP-rbf,2,16,0.7635944424786011,0.15652402446786223,0.31102811434301025,0.2929858881606402,0.666993784756297,0.666993784756297,0.34605690836906433,0.14496326446533203,-0.09950043476812827,-0.1500008544304335,-0.09950043476812825,-0.1500008544304335,-0.09392732885567547,-0.13975617972722382,-0.09848623245117805,-0.14791100765807383,-0.09392732885567548,-0.13975617972722382,-0.0984862320780591,-0.14791100718158878,-0.10260826237849326,-0.14793133467702793,-1.0
lewidi_md,qwen,48,GPP-laplace,2,16,0.6712525136771776,0.14588580423012915,0.30999911986937273,0.3462696379009748,0.6656853123977756,0.6656853123977756,0.4334697127342224,0.2493111491203308,-0.09602084267904187,-0.06983307416291822,-0.09602084267904187,-0.06983307416291822,-0.09117947981316016,-0.06473831046237699,-0.0952054917023202,-0.06876112872015255,-0.09117947981316016,-0.064738310462377,-0.09520549137446346,-0.06876112892837992,-0.10572921954950121,-0.0703253067435489,-1.0
lewidi_md,qwen,48,LPE,2,16,1.1187016208264162,0.20223778667869505,0.33550749851582956,0.30163219093887206,0.6673209028459274,0.6673209028459274,0.19042986631393433,0.037822626531124115,0.014645296019189354,0.0029542808975000423,0.014645296019189348,0.0029542808975000414,0.015356824696473353,0.007086317272094775,0.014962211979269637,0.004232069439224401,0.015356824696473353,0.007086317272094769,0.014962212155793247,0.00423206967508293,0.021968537226069045,0.009510660030581004,1.0
lewidi_md,qwen,48,LP-temp,2,16,0.7110490742595,0.14436318661233688,0.29651070479558117,0.28427795454973953,0.6643768400392541,0.6643768400392541,0.5357498022442999,,0.030653552802156585,,0.030653552802156578,,0.028322422505684675,,0.030154178134631036,,0.02832242250568468,,0.030154178224012854,,0.03170605873926109,,1.0
lewidi_md,qwen,48,GPP-cosine,2,64,1.345256492088206,0.22787661251299204,0.3693468469927018,0.3130721345949358,0.5858684985279686,0.5858684985279686,0.27586308121681213,0.04171682894229889,-0.0019167753039041127,-0.025937979929008932,-0.0019167753039041153,-0.025937979929008946,-0.0027940559377758164,-0.02578587887437567,-0.002196902803821703,-0.026069452271426406,-0.00279405593777582,-0.025785878874375674,-0.002196902482780319,-0.026069451913811326,0.0011096181382283846,-0.012919478499042694,-0.5
lewidi_md,qwen,48,GPP-rbf,2,64,0.6588350699332605,0.13840069782082,0.29718738690501223,0.3314848197125254,0.638534510958456,0.638534510958456,0.47469398379325867,0.17630566656589508,0.08195268545488847,-0.1466083600792242,0.08195268545488846,-0.14660836007922423,0.07870025671995456,-0.1350889406689294,0.08152449549131877,-0.14410730814713946,0.07870025671995456,-0.13508894066892943,0.08152449379048257,-0.1441073086851627,0.1034572769986605,-0.1468919433434275,1.0
lewidi_md,qwen,48,GPP-laplace,2,64,0.6817608791810781,0.1507940650390036,0.3208950125253743,0.35479325793438543,0.6611056591429506,0.6611056591429506,0.4399830102920532,0.25205710530281067,0.0005247823560058512,-0.020368130487946744,0.0005247823560058477,-0.020368130487946744,0.00018137854861816072,-0.01781464709592924,0.0004238675544565203,-0.019730595144427168,0.00018137854861816072,-0.017814647095929236,0.0004238675792889099,-0.01973059577866412,0.0016709237036313155,-0.018247742576632194,0.5
lewidi_md,qwen,48,LPE,2,64,0.7334497177639401,0.15142626440315066,0.30538597432239206,0.30445972570032537,0.6198887798495257,0.6198887798495257,0.43698444962501526,0.11360275745391846,0.06745539398438496,-0.045618301762916647,0.06745539398438496,-0.045618301762916647,0.06504458846169839,-0.04209766145774083,0.0671839878095222,-0.04485947128584468,0.06504458846169839,-0.04209766145774084,0.06718398639734934,-0.04485947267463625,0.06815597125102342,-0.0439240069761667,1.0
lewidi_md,qwen,48,LP-temp,2,64,0.6733909292326198,0.14216709003466435,0.30054427104227976,0.3230134836400798,0.6143277723258096,0.6143277723258096,0.638140905594103,,0.07226176214264796,,0.07226176214264794,,0.0657604017808581,,0.07077837853062195,,0.0657604017808581,,0.07077837746151733,,0.055515442399655154,,0.5
lewidi_md,qwen,48,GPP-cosine,2,256,1.0732256041621475,0.16707355185618156,0.29435601414836815,0.28269147540012446,0.6862937520444881,0.6862937520444881,0.2745647132396698,0.01879642717540264,0.13772590226331144,0.08789533760279335,0.13772590226331144,0.08789533760279335,0.138828306560725,0.08985824281679933,0.13900529461839525,0.08909510681529724,0.13882830656072503,0.08985824281679933,0.13900529457412483,0.08909510753674046,0.1516487792965934,0.14362726015982283,1.0
lewidi_md,qwen,48,GPP-rbf,2,256,0.683704204001946,0.12743928955238124,0.27048160852258124,0.2833000910871054,0.6925089957474648,0.6925089957474648,0.3801298141479492,0.10945982486009598,0.16086137130133657,0.007852128038860201,0.16086137130133657,0.007852128038860201,0.1497604465955844,0.00922532919319854,0.15858536505155268,0.008323860922099854,0.1497604465955844,0.009225329193198541,0.15858536198673545,0.008323858948313816,0.15408487482113162,0.013473023405751827,1.0
lewidi_md,qwen,48,GPP-laplace,2,256,0.6768741348197514,0.13931528308538843,0.2968359761351965,0.3047215294570094,0.666993784756297,0.666993784756297,0.3768530488014221,0.21332919597625732,-0.1272325805962523,-0.12569595372087897,-0.1272325805962523,-0.12569595372087897,-0.11858100885868139,-0.11662434269227184,-0.12547153841861064,-0.12379654592950128,-0.11858100885868139,-0.11662434269227184,-0.1254715393893696,-0.12379654676467083,-0.1388908086642784,-0.13698914212599392,-1.0
lewidi_md,qwen,48,LPE,2,256,0.7854580244770131,0.13775054553231,0.2740388892623958,0.2751000097227157,0.6833496892378148,0.6833496892378148,0.23869341611862183,0.17649902403354645,0.19534803621686073,0.10682155061413445,0.19534803621686073,0.10682155061413443,0.18226880572613602,0.10368016521876827,0.1927063034770199,0.106597591173493,0.18226880572613602,0.10368016521876829,0.19270630158280028,0.10659758939762627,0.18283933628356844,0.1050245426322009,1.0
lewidi_md,qwen,48,LP-temp,2,256,0.6379468095520214,0.1273475523465511,0.2788901457777671,0.3121668455523874,0.6643768400392541,0.6643768400392541,0.6243768338666443,,0.1745777455591181,,0.1745777455591181,,0.16729615640755488,,0.17355811730878612,,0.16729615640755488,,0.17355811664290158,,0.1571366449047635,,1.0
lewidi_md,qwen,48,GPP-cosine,2,1024,0.7356535033427362,0.11542090171942627,0.237954767470358,0.2548133368357671,0.7409224730127576,0.7409224730127576,0.35750827193260193,0.008220271207392216,0.2617580675157827,0.18086975368321387,0.2617580675157827,0.18086975368321387,0.2586458854115087,0.1855151555959601,0.2626048337995568,0.18352310102522026,0.25864588541150874,0.18551515559596013,0.2626048334380806,0.18352310163840946,0.26465561690239503,0.24312393145578778,1.0
lewidi_md,qwen,48,GPP-rbf,2,1024,0.6159848426468382,0.10061647328874657,0.22713682765566806,0.2610712012875678,0.7507360157016683,0.7507360157016683,0.38121500611305237,0.07643169164657593,0.2773576157112734,0.09126983714670767,0.2773576157112734,0.09126983714670767,0.26707706820986404,0.09315594861285642,0.2761296750406501,0.09246936170083912,0.2670770682098641,0.09315594861285642,0.2761296723354836,0.0924693599426255,0.26923584270015966,0.11624873582977098,1.0
lewidi_md,qwen,48,GPP-laplace,2,1024,0.6303851824693133,0.1243892648058918,0.2764261089360398,0.3093373695760847,0.6758259731763167,0.6758259731763167,0.3934805691242218,0.22124116122722626,0.0651783640550336,0.03451843897549953,0.06517836405503359,0.03451843897549953,0.06015559840713601,0.033086203899143005,0.06409642998858156,0.03431912111335978,0.06015559840713602,0.03308620389914301,0.06409642465287281,0.03431911626858304,0.052102920750951964,0.025103501176578755,1.0
lewidi_md,qwen,48,LPE,2,1024,0.7427987824790062,0.11678757799681064,0.24347561069889032,0.26797575130465223,0.732090284592738,0.732090284592738,0.11719245463609695,0.28872713446617126,0.22083062311644994,0.1730868270429976,0.2208306231164499,0.1730868270429976,0.213074544440455,0.17120184738656008,0.21998357727962414,0.17369938222646125,0.213074544440455,0.1712018473865601,0.2199835769761901,0.17369938192587342,0.22527843842069945,0.16411925292247423,1.0
lewidi_md,qwen,48,LP-temp,2,1024,0.6043405492768164,0.11521806849835,0.25895617858173514,0.309663800144125,0.718351324828263,0.718351324828263,0.6240204670539765,,0.21423670808949447,,0.21423670808949447,,0.2058804757528827,,0.21316182123686173,,0.2058804757528827,,0.21316182166184666,,0.19713518057346582,,1.0
lewidi_md,qwen,48,GPP-cosine,3,16,1.3167808598681026,0.24136573748467446,0.388659451200871,0.3023485755588986,0.5443245011449133,0.5443245011449133,0.2685699760913849,0.07908691465854645,0.043192570656685594,0.013545362302083034,0.04319257065668558,0.013545362302083036,0.04144352502724413,0.013750998146971971,0.042956281914602545,0.013700776849271932,0.04144352502724413,0.01375099814697197,0.04295628123680817,0.013700776291119036,0.04432781112635778,0.018985890607263183,1.0
lewidi_md,qwen,48,GPP-rbf,3,16,0.6584756419454223,0.13797765096299786,0.29818539280477285,0.3294062778339639,0.6611056591429506,0.6611056591429506,0.4674220383167267,0.18315458297729492,0.08110443176560954,-0.15198175591130153,0.08110443176560954,-0.1519817559113015,0.07140996431299015,-0.14228954341890135,0.07870986177222428,-0.15007362105385008,0.07140996431299015,-0.14228954341890135,0.07870986119107529,-0.1500736208235653,0.08924427176689374,-0.15205127028729684,0.5
lewidi_md,qwen,48,GPP-laplace,3,16,0.6859397927222057,0.15246000406440138,0.32384394063673105,0.3552900992778476,0.6414785737651292,0.6414785737651292,0.43978655338287354,0.252750426530838,-0.004939555335019115,-0.0023098566647745955,-0.004939555335019118,-0.0023098566647745955,-0.005807872446802309,-0.0017800000398872293,-0.005237671125695217,-0.0021644306953028,-0.005807872446802309,-0.0017800000398872293,-0.005237670688190227,-0.00216443118874083,-0.004473763022606304,-0.002636048669068953,-1.0
lewidi_md,qwen,48,LPE,3,16,0.6731460552486607,0.13867596704282192,0.29591643423394054,0.3117774543834725,0.629375204448806,0.629375204448806,0.48066648840904236,0.12539713084697723,0.07158645305660499,0.003188226409187188,0.07158645305660499,0.003188226409187188,0.06191595009090186,0.0006267861531231243,0.06913394612758658,0.002430529157352118,0.06191595009090186,0.0006267861531231312,0.06913394561712446,0.002430529284582563,0.05494554224501379,0.001997766868709473,0.5
lewidi_md,qwen,48,LP-temp,3,16,0.7100648817577211,0.14669249377917193,0.30349194703951976,0.30344949924914044,0.6166175989532221,0.6166175989532221,0.566358960930664,,0.06110471439148533,,0.06110471439148532,,0.05437643476731131,,0.059475806862936166,,0.05437643476731131,,0.059475806714367536,,0.0472664841610737,,0.5
lewidi_md,qwen,48,GPP-cosine,3,64,1.0708334044846315,0.19022279827132008,0.3319281392425214,0.2954687665683255,0.6094210009813543,0.6094210009813543,0.3067941963672638,0.04807816445827484,0.07277866955214947,0.023652226609841894,0.07277866955214948,0.02365222660984189,0.06945227530522005,0.023163260597038417,0.07226509599528542,0.02366551252640895,0.06945227530522007,0.023163260597038424,0.0722650969143957,0.023665513961375655,0.06988319887285405,0.04133458059483648,1.0
lewidi_md,qwen,48,GPP-rbf,3,64,0.6789018741105038,0.13393562679391996,0.28375921486933264,0.29311414045939044,0.6692836113837095,0.6692836113837095,0.40003156661987305,0.13949333131313324,0.09017617911186893,-0.06735467507225502,0.09017617911186893,-0.06735467507225502,0.08202882835609177,-0.06211161895235668,0.08831462987337022,-0.0662206129959197,0.08202882835609177,-0.06211161895235667,0.08831462647950816,-0.06622061467524691,0.08693564597940283,-0.06555230611087164,0.5
lewidi_md,qwen,48,GPP-laplace,3,64,0.663821006829736,0.13992298311655518,0.3002699899481409,0.3278742785780092,0.6663395485770363,0.6663395485770363,0.4124530255794525,0.23559950292110443,-0.11345711663246495,-0.10731443400359832,-0.11345711663246494,-0.1073144340035983,-0.1048313946438981,-0.09841008877772939,-0.11160953313697175,-0.10533995635465448,-0.1048313946438981,-0.0984100887777294,-0.11160953359428087,-0.10533995681976357,-0.14904325214825112,-0.12832617884426606,-1.0
lewidi_md,qwen,48,LPE,3,64,0.8019912565761915,0.1480950664081436,0.2886328261105492,0.2826269990944413,0.6738632646385345,0.6738632646385345,0.3074699938297272,0.0900164470076561,0.13062438313783364,0.045965666099615485,0.13062438313783364,0.045965666099615485,0.12340024261363244,0.04012805009215524,0.1293210099086196,0.04450406909034242,0.12340024261363246,0.04012805009215524,0.12932100694780585,0.04450406610352165,0.12413720646413272,0.05976187143436397,1.0
lewidi_md,qwen,48,LP-temp,3,64,0.6614161887912662,0.14219511246294309,0.305994296686609,0.3486696050324926,0.6647039581288845,0.6647039581288845,0.6855433816024111,,0.13464418608913176,,0.13464418608913176,,0.12564560369759628,,0.1328283293838628,,0.12564560369759628,,0.13282832784802337,,0.11380264401527926,,1.0
lewidi_md,qwen,48,GPP-cosine,3,256,1.0121818653548833,0.1699507357672252,0.30187959758342087,0.27756016948687734,0.6620870134118417,0.6620870134118417,0.3019018769264221,0.020096760243177414,0.1522282621522119,0.10638012257052445,0.1522282621522119,0.10638012257052445,0.15479384901011958,0.1110657579336162,0.1540523488146593,0.10853520918351928,0.1547938490101196,0.1110657579336162,0.15405234979229493,0.10853521054828869,0.16435482130775048,0.15637731828729262,1.0
lewidi_md,qwen,48,GPP-rbf,3,256,0.663011095537191,0.12672539800366653,0.2729495856725106,0.2912158307352627,0.6849852796859667,0.6849852796859667,0.4130516052246094,0.12011151760816574,0.15958209366912443,-0.017553079595426284,0.15958209366912443,-0.01755307959542628,0.14838413934467623,-0.015482608585853763,0.15726779010790531,-0.01704325138424749,0.14838413934467623,-0.015482608585853763,0.15726778695944515,-0.017043253469670814,0.15482528736392492,-0.016683698189569333,1.0
lewidi_md,qwen,48,GPP-laplace,3,256,0.6556365564672405,0.13639223633124214,0.29542701637039087,0.32482810520499256,0.6666666666666666,0.6666666666666666,0.41055309772491455,0.2328663468360901,-0.08993344048691727,-0.09533095225464212,-0.08993344048691726,-0.09533095225464211,-0.08338687234356112,-0.08749482857947555,-0.08855740899662663,-0.09359944929197521,-0.08338687234356112,-0.08749482857947556,-0.08855741045062926,-0.09359945046457897,-0.11569299493668715,-0.11494118795996693,-1.0
lewidi_md,qwen,48,LPE,3,256,0.761715040051684,0.13896461310125185,0.2784477592898732,0.27720929033371133,0.6722276741903828,0.6722276741903828,0.24850021302700043,0.1906927227973938,0.1968567162786924,0.07168945177434911,0.19685671627869242,0.07168945177434913,0.18593309820940315,0.06829393824339436,0.1948813610239606,0.07114737767383017,0.18593309820940315,0.06829393824339436,0.19488135897090728,0.0711473754700297,0.1887865309750939,0.0689375831261068,1.0
lewidi_md,qwen,48,LP-temp,3,256,0.6413992640157756,0.1313155048117927,0.28554404870802114,0.3256239349000018,0.6552175335296042,0.6552175335296042,0.6495892634422948,,0.16177088543400925,,0.16177088543400925,,0.15052253824157943,,0.15945624594439087,,0.15052253824157943,,0.15945624443224432,,0.1555784160962008,,1.0
lewidi_md,qwen,48,GPP-cosine,3,1024,0.7387307097592415,0.11613154169417797,0.24032148098162218,0.25514946712838454,0.7333987569512594,0.7333987569512594,0.35770004987716675,0.00864032655954361,0.255561245129708,0.1645413059545135,0.255561245129708,0.1645413059545135,0.25233574153103727,0.1666348796008123,0.25633105406430906,0.16630612627104474,0.25233574153103727,0.1666348796008123,0.25633105341952467,0.16630612669310443,0.25820907761352363,0.23116246570055127,1.0
lewidi_md,qwen,48,GPP-rbf,3,1024,0.65380942297629,0.11091299326986896,0.24264399213584245,0.26627312715870965,0.7275106313379129,0.7275106313379129,0.37277311086654663,0.07608670741319656,0.2510890847027013,0.06976521221757949,0.2510890847027013,0.06976521221757948,0.24020894534297552,0.07074241678092207,0.24949863647880607,0.07054074127624127,0.24020894534297552,0.07074241678092207,0.24949863448337112,0.0705407401104395,0.24014910940826567,0.0903643003542433,1.0
lewidi_md,qwen,48,GPP-laplace,3,1024,0.6440275587963502,0.1278268794163801,0.28090638830516906,0.30240842479755736,0.6673209028459274,0.6673209028459274,0.38175255060195923,0.21467232704162598,0.04420641095402189,0.01782495010199151,0.044206410954021884,0.01782495010199152,0.04090267070615127,0.017055748872346718,0.043503915507974236,0.017713012872455084,0.04090267070615127,0.01705574887234671,0.043503911676514344,0.017713009512039808,0.029420369449406344,-0.003892230272643101,1.0
lewidi_md,qwen,48,LPE,3,1024,0.7822271844457293,0.12475264110517513,0.2552986030566205,0.2700686482957031,0.7105004906771345,0.7105004906771345,0.10900405794382095,0.28936681151390076,0.21982819477425697,0.1585008969812738,0.21982819477425697,0.1585008969812738,0.21188430616873533,0.1549745930981495,0.2189171209465176,0.15851396957993216,0.21188430616873533,0.1549745930981495,0.21891711991158766,0.15851396898000808,0.2199693739944938,0.14862474014292595,1.0
lewidi_md,qwen,48,LP-temp,3,1024,0.6127483888492489,0.12046956885506666,0.2693656009637646,0.32355158945002804,0.7121360811252863,0.7121360811252863,0.6520222282098981,,0.24482027589831473,,0.24482027589831473,,0.2364696269139773,,0.24395668893104608,,0.23646962691397733,,0.24395668870564224,,0.2263973096682116,,1.0
lewidi_md,qwen,48,GPP-cosine,4,16,1.1315798218716937,0.22342822723019132,0.3789518110575892,0.31399971753704936,0.5436702649656526,0.5436702649656526,0.31831488013267517,0.09486628323793411,-0.01718261552948506,-0.048273629549887453,-0.01718261552948506,-0.04827362954988745,-0.013099512418233813,-0.04414178548476601,-0.016057725008244938,-0.04734698360268246,-0.013099512418233815,-0.044141785484766015,-0.016057724604186134,-0.04734698292324059,-0.00712694133402442,-0.04343577521970752,-0.5
lewidi_md,qwen,48,GPP-rbf,4,16,0.6830872805688798,0.14111438577223387,0.2988749321587908,0.3063326490211054,0.6653581943081452,0.6653581943081452,0.41741400957107544,0.17279870808124542,-0.009108533458012838,-0.13474983804170887,-0.009108533458012836,-0.13474983804170887,-0.015541159398281483,-0.12824840568112766,-0.011128659600833049,-0.1336946867181777,-0.015541159398281483,-0.12824840568112766,-0.011128659750168909,-0.13369468655450964,-0.013148991037311375,-0.14079808755686057,-0.5
lewidi_md,qwen,48,GPP-laplace,4,16,0.6762486729047201,0.14838618479782287,0.3161599970830005,0.35204396720813075,0.6643768400392541,0.6643768400392541,0.4375878870487213,0.25169476866722107,-0.04187937544716918,-0.02462267209985146,-0.04187937544716917,-0.02462267209985145,-0.04089432186290396,-0.02242053534815541,-0.041866599817999034,-0.024121223373551593,-0.04089432186290396,-0.022420535348155406,-0.041866599488610254,-0.024121223810733908,-0.0418242142003607,-0.023382953598410028,-1.0
lewidi_md,qwen,48,LPE,4,16,0.8050562644393016,0.15863821763985148,0.306598607181487,0.28149705607261083,0.6640497219496239,0.6640497219496239,0.3293282389640808,0.09123572707176208,0.04256775540746728,0.03381804893328019,0.04256775540746728,0.033818048933280186,0.03211399700005828,0.0271496166769008,0.03967799692554015,0.032020349577106436,0.03211399700005828,0.027149616676900804,0.03967799670701674,0.03202034980718233,0.032152715671279086,0.029513028088560808,0.5
lewidi_md,qwen,48,LP-temp,4,16,0.7142419087263251,0.14487306421649496,0.29936567626585886,0.29283525133272825,0.6427870461236507,0.6427870461236507,0.5365247557652945,,0.05088469922182556,,0.050884699221825556,,0.039560158964981135,,0.04778692658861617,,0.039560158964981135,,0.047786926333117916,,0.036716615397149474,,0.5
lewidi_md,qwen,48,GPP-cosine,4,64,1.686156040753844,0.24307204620925757,0.3765324434907094,0.31941606993743155,0.5911023879620543,0.5911023879620543,0.22153419256210327,0.033370234072208405,-0.00976725077654821,-0.016369449506433043,-0.009767250776548208,-0.016369449506433046,-0.007564495557400769,-0.014394698153030626,-0.009163804057027714,-0.015880640703842933,-0.007564495557400771,-0.014394698153030632,-0.009163803089170301,-0.015880639337777072,-0.004115088476521937,-0.013045164360593789,-0.5
lewidi_md,qwen,48,GPP-rbf,4,64,0.6591716338696632,0.13631608990521385,0.29274121059076164,0.32125080164858977,0.6558717697088648,0.6558717697088648,0.45565298199653625,0.17481866478919983,0.09032039688773591,-0.11366711570817566,0.09032039688773591,-0.11366711570817567,0.08865893809868822,-0.10289420892224543,0.09043374893154976,-0.111167498338369,0.08865893809868823,-0.10289420892224545,0.09043374792706421,-0.11116749845775353,0.10246768253703954,-0.12261694881434897,1.0
lewidi_md,qwen,48,GPP-laplace,4,64,0.6683091131426389,0.14472554507589902,0.3083195393752108,0.34622450929272336,0.6656853123977756,0.6656853123977756,0.433907687664032,0.2487080991268158,-0.0652416803336714,-0.05785876032374705,-0.06524168033367142,-0.05785876032374705,-0.061265885197600164,-0.0527624013510508,-0.06447881464488552,-0.0567042649167768,-0.06126588519760018,-0.05276240135105081,-0.06447881487314658,-0.05670426540441287,-0.08570127141017721,-0.06629604560698868,-1.0
lewidi_md,qwen,48,LPE,4,64,0.744440657538262,0.15016927745827827,0.30100204256390783,0.29671126939228465,0.638534510958456,0.638534510958456,0.39225852489471436,0.12485042959451675,0.09197725019774518,-0.028069650360577254,0.09197725019774518,-0.028069650360577233,0.09001309268947533,-0.021710023878198537,0.09200983411131788,-0.026326536859512528,0.09001309268947534,-0.02171002387819854,0.09200983366782171,-0.026326537826690557,0.08885236536146594,-0.020827569083718304,1.0
lewidi_md,qwen,48,LP-temp,4,64,0.6746708523642654,0.1430937965539238,0.3022435958890525,0.3233409062503885,0.6117108276087667,0.6117108276087667,0.6407944213635792,,0.07440237440060275,,0.07440237440060275,,0.07352581767518167,,0.07464551094693372,,0.07352581767518167,,0.07464551062312808,,0.0621559086133746,,1.0
lewidi_md,qwen,48,GPP-cosine,4,256,0.971093695475976,0.1562711080758166,0.2858317145977521,0.2748596665969552,0.6866208701341184,0.6866208701341184,0.2985312342643738,0.02040051482617855,0.16897838247097058,0.10452193413758433,0.16897838247097055,0.10452193413758432,0.16739073323667036,0.1052311248834926,0.16965327032638788,0.10545409685377036,0.16739073323667036,0.1052311248834926,0.16965327069110736,0.10545409773608869,0.1816011475772731,0.1675890178317261,1.0
lewidi_md,qwen,48,GPP-rbf,4,256,0.6756065678214245,0.1257845309106537,0.2674996159844482,0.28358745373896993,0.6941445861956166,0.6941445861956166,0.38651078939437866,0.11407999694347382,0.1677107819810761,0.00793018937713205,0.1677107819810761,0.007930189377132062,0.15678285380268578,0.008695501451728328,0.16553436698031188,0.008217452605481585,0.15678285380268578,0.00869550145172833,0.16553436451770254,0.008217451010355563,0.1609984056762538,0.013848753667460726,1.0
lewidi_md,qwen,48,GPP-laplace,4,256,0.6823726001522193,0.14081986053804718,0.2985018572392595,0.30507040589378465,0.666993784756297,0.666993784756297,0.3743983805179596,0.21218815445899963,-0.12147680523917162,-0.1201425307409821,-0.12147680523917162,-0.12014253074098209,-0.11308488433941652,-0.11154122717454368,-0.11975533857369483,-0.11834819638320364,-0.11308488433941652,-0.11154122717454368,-0.11975533917723782,-0.11834819692621593,-0.14267608005046514,-0.13791206655213875,-1.0
lewidi_md,qwen,48,LPE,4,256,0.7698868392369437,0.13567349141391546,0.2713761441283062,0.2726497362184384,0.6794242721622505,0.6794242721622505,0.25517743825912476,0.16089917719364166,0.20335628411976187,0.10804720496296652,0.20335628411976187,0.10804720496296652,0.19204391356651868,0.10581737002929911,0.20130716011531452,0.10810906617248411,0.19204391356651868,0.10581737002929911,0.20130715838762978,0.10810906477246315,0.19369370229668875,0.11419876109349864,1.0
lewidi_md,qwen,48,LP-temp,4,256,0.6467660076813979,0.1260551199039035,0.27359807848692985,0.29492754925986403,0.6539090611710827,0.6539090611710827,0.5790405064493276,,0.1934732346835598,,0.1934732346835598,,0.18084192668366877,,0.190954973718354,,0.18084192668366877,,0.19095497274633333,,0.17055170411508302,,1.0
lewidi_md,qwen,48,GPP-cosine,4,1024,0.7436468852654722,0.11631577500466735,0.2400719405360065,0.25439109413917455,0.7369970559371933,0.7369970559371933,0.34716612100601196,0.008250707760453224,0.26122288830244955,0.17471657435883453,0.26122288830244955,0.1747165743588345,0.26171587169688426,0.17811817467482322,0.263163180948669,0.17694921374217387,0.2617158716968843,0.17811817467482324,0.2631631803890887,0.17694921380392642,0.26634980092653915,0.2511355903557095,1.0
lewidi_md,qwen,48,GPP-rbf,4,1024,0.6321705797794809,0.10502814241849995,0.23481624977966709,0.2642516725467852,0.735688583578672,0.735688583578672,0.37303879857063293,0.07777127623558044,0.25952578722628455,0.07355718521316201,0.25952578722628455,0.07355718521316201,0.2548931849295537,0.07986214599669472,0.25989453098580984,0.07598014857183867,0.2548931849295537,0.07986214599669472,0.2598945285668406,0.07598014691146956,0.2555222417345173,0.10092641756427381,1.0
lewidi_md,qwen,48,GPP-laplace,4,1024,0.6370539015070954,0.12648228777844037,0.2797174487734566,0.30863529614175783,0.6725547922800131,0.6725547922800131,0.3904830515384674,0.2197468876838684,0.03211152960682749,0.005119026550969399,0.03211152960682749,0.0051190265509694,0.027631483032067805,0.004185666604206516,0.030968146966043678,0.004870050889528084,0.027631483032067805,0.004185666604206515,0.0309681428471041,0.004870047202601343,0.017774236308904432,-0.011077644540723667,0.5
lewidi_md,qwen,48,LPE,4,1024,0.795298475618572,0.12310896831363478,0.25097531765068853,0.2642462041829402,0.7160614982008505,0.7160614982008505,0.1111006960272789,0.2714266777038574,0.23606560428459855,0.17983716945509845,0.23606560428459855,0.17983716945509842,0.23085438618532048,0.18266351970542827,0.2360974709941704,0.18192983089714998,0.23085438618532048,0.1826635197054283,0.236097470088846,0.18192983028037346,0.24081877879338282,0.17949916934710464,1.0
lewidi_md,qwen,48,LP-temp,4,1024,0.6087271470325751,0.11640966698086233,0.2616436553836994,0.305998721634935,0.6915276414785738,0.6915276414785738,0.6201307643736811,,0.23827876367258904,,0.23827876367258904,,0.2313591869895397,,0.237805877052049,,0.23135918698953972,,0.23780587671161807,,0.21354629951115314,,1.0
