dataset,model,layer,method,seed,n_obs,soft_ce,jsd,tvd,entce,rankcs,acc,mean_alea,mean_mi,corrAlea_entropy,corrMI_entropy,corrAlea_norm_entropy,corrMI_norm_entropy,corrAlea_one_minus_max,corrMI_one_minus_max,corrAlea_gini,corrMI_gini,corrAlea_top2_margin,corrMI_top2_margin,corrAlea_bern_var,corrMI_bern_var,corrAleaS_entropy,corrMIS_entropy,mono_alea
lewidi_md,gemma,0,GPP-cosine,0,16,1.818780510103504,0.2781646409342673,0.43034184588199365,0.35466185034580333,0.5325482499182205,0.5325482499182205,0.36253851652145386,0.038727015256881714,-0.10778787465948285,0.045590535780953935,-0.10778787465948285,0.04559053578095394,-0.10001823237652756,0.047921342892955625,-0.10616197656556148,0.046612341401033756,-0.10001823237652759,0.047921342892955625,-0.10616197595974491,0.04661234217203142,-0.10083456252300987,-0.01367520710943127,-1.0
lewidi_md,gemma,0,GPP-rbf,0,16,0.6883809463946629,0.14853615917008572,0.3118121682047493,0.33015392211926065,0.62381419692509,0.62381419692509,0.5708606243133545,0.07866022735834122,-0.08308766834354386,0.06111288612496714,-0.08308766834354386,0.06111288612496714,-0.07918092813269012,0.05836184563442068,-0.08246812403722639,0.06069446543823154,-0.07918092813269012,0.05836184563442069,-0.08246812446132167,0.06069446631028469,-0.08785810467474049,0.08991205962391231,-1.0
lewidi_md,gemma,0,GPP-laplace,0,16,0.7783719909948743,0.1679428324142006,0.332053784383074,0.34277365404540666,0.577036310107949,0.577036310107949,0.4894840717315674,0.110078364610672,-0.11490630468883159,0.06842230262414833,-0.11490630468883156,0.06842230262414833,-0.1082886613134928,0.06535497162136591,-0.11367979059689329,0.06795771642187619,-0.10828866131349281,0.06535497162136591,-0.11367979007490428,0.06795771686599118,-0.10737582290209167,0.028705740845823013,-1.0
lewidi_md,gemma,0,LPE,0,16,0.8144588228568164,0.17419783786669768,0.3361649999684737,0.331903496291584,0.6277396140006543,0.6277396140006543,0.43776610493659973,0.10789021104574203,-0.09514406664965705,-0.03727613557522391,-0.09514406664965705,-0.0372761355752239,-0.0943721050343119,-0.03457787380968768,-0.0955611862056427,-0.03671041535355617,-0.09437210503431191,-0.03457787380968769,-0.09556118644970496,-0.03671041490170729,-0.10077764855208428,-0.05445674537572725,-1.0
lewidi_md,gemma,0,LP-temp,0,16,0.9019377590260129,0.18615577812066794,0.34379338065474035,0.33406625904590614,0.6300294406280668,0.6300294406280668,0.5004083900156872,,-0.08960058619331107,,-0.08960058619331104,,-0.08810030041677949,,-0.08975805641341411,,-0.0881003004167795,,-0.08975805646957243,,-0.09591255141314325,,-1.0
lewidi_md,gemma,0,GPP-cosine,0,64,1.2303646094512313,0.21666973125291156,0.37123985453880687,0.3273513803913524,0.5933922145894668,0.5933922145894668,0.4241856634616852,0.03002041205763817,-0.08409266671822842,0.04364872910945737,-0.08409266671822843,0.04364872910945737,-0.07780176905888844,0.04593604876945258,-0.08275441683538243,0.044643991852792976,-0.07780176905888844,0.04593604876945257,-0.08275441685222859,0.044643992307362816,-0.08790556880414184,0.0646352643078275,-1.0
lewidi_md,gemma,0,GPP-rbf,0,64,0.7042449581711758,0.1520132323438616,0.3147428549663461,0.3329722594376255,0.619234543670265,0.619234543670265,0.5813663005828857,0.05545029789209366,-0.07015244459825218,0.042324883194840957,-0.07015244459825218,0.042324883194840957,-0.06883949263202989,0.042509151531097536,-0.07023364248808767,0.04267103160719751,-0.0688394926320299,0.042509151531097536,-0.07023364352595668,0.042671032278850454,-0.09075158313091415,0.08524928170058822,-1.0
lewidi_md,gemma,0,GPP-laplace,0,64,0.7249603210768479,0.1529380609187462,0.31302441993276175,0.34053078940455833,0.65129211645404,0.65129211645404,0.5414475202560425,0.09243903309106827,-0.07735724853811862,0.05509607078780603,-0.07735724853811862,0.055096070787806026,-0.07172453767496739,0.05455993161242548,-0.07617315052919714,0.055310496496462046,-0.0717245376749674,0.054559931612425484,-0.07617315090556581,0.0553104965264079,-0.09063814200429648,0.0879293591745284,-1.0
lewidi_md,gemma,0,LPE,0,64,0.7258412320091254,0.15383444087176915,0.316134488203989,0.3190328308482986,0.6110565914295061,0.6110565914295061,0.5030566453933716,0.093550905585289,-0.08186938959077825,0.08507998126582689,-0.08186938959077825,0.08507998126582689,-0.08016577044332715,0.07822074500041487,-0.08191199265369983,0.08357552995113715,-0.08016577044332716,0.07822074500041488,-0.08191199349566192,0.083575529829129,-0.10014677689044926,0.09613452259987437,-1.0
lewidi_md,gemma,0,LP-temp,0,64,0.6908653696929177,0.15403140855302344,0.3244785818955631,0.35196778606663076,0.5989532221131828,0.5989532221131828,0.6884714582972289,,-0.032192350547151256,,-0.03219235054715124,,-0.03240477848891848,,-0.032477626995595164,,-0.032404778488918484,,-0.03247762807610305,,-0.09091960255550426,,-1.0
lewidi_md,gemma,0,GPP-cosine,0,256,1.5640549316397434,0.21589306543827477,0.3607379112152739,0.2965378143080753,0.5757278377494276,0.5757278377494276,0.3862992823123932,0.00712662423029542,-0.007341102965156051,0.04610789228198546,-0.0073411029651560475,0.04610789228198546,-0.012055487765940842,0.04597029245776879,-0.008826187652009234,0.046382009888853215,-0.012055487765940842,0.0459702924577688,-0.008826188289915595,0.046382010393236084,0.018839315959735488,0.06571340725407013,-0.5
lewidi_md,gemma,0,GPP-rbf,0,256,0.7570712085315412,0.15634249653428853,0.3140763288432666,0.3160126124405758,0.6355904481517828,0.6355904481517828,0.5393313765525818,0.021507902070879936,-0.011296459914278325,0.03072810988111982,-0.011296459914278328,0.030728109881119823,-0.016189546291983277,0.02809330908611281,-0.012863038087175243,0.03013682726354284,-0.016189546291983284,0.028093309086112822,-0.012863039135780163,0.030136827504690218,0.037275210524371355,0.08777425884693009,-0.5
lewidi_md,gemma,0,GPP-laplace,0,256,0.7910966500536414,0.15820753860684603,0.31289021607328754,0.31894108938301596,0.6526005888125613,0.6526005888125613,0.4978134334087372,0.053724098950624466,-0.020654397616291027,0.04507992795648859,-0.020654397616291023,0.045079927956488595,-0.024870049652644156,0.04197488963394884,-0.022078939236660322,0.044443891887832904,-0.024870049652644152,0.04197488963394884,-0.022078940025369972,0.04444389143628964,0.0017784577355410456,0.08911138653196321,-1.0
lewidi_md,gemma,0,LPE,0,256,0.8181893900468213,0.16159300822353734,0.3134494262067254,0.3002385508077302,0.6280667320902846,0.6280667320902846,0.410732626914978,0.10727675259113312,-0.022683404765190283,0.0445660926955171,-0.022683404765190318,0.04456609269551711,-0.023867570822791957,0.04695091909368125,-0.023199251105049536,0.04559731762399406,-0.023867570822791957,0.04695091909368125,-0.02319925195175904,0.04559731794271269,-0.011736533274540873,0.06957345300231255,-1.0
lewidi_md,gemma,0,LP-temp,0,256,0.6954077080339117,0.15342010034651782,0.3222655797590698,0.3480350944643114,0.6306836768073274,0.6306836768073274,0.6746960654416136,,-0.027426211120831812,,-0.027426211120831805,,-0.02484801452076877,,-0.026829526244231884,,-0.02484801452076877,,-0.026829527023269857,,0.02895220285894219,,-0.5
lewidi_md,gemma,0,GPP-cosine,0,1024,0.8423577179080797,0.16351001385414513,0.31302422381100936,0.2908650614803549,0.629375204448806,0.629375204448806,0.48411136865615845,0.0030577993020415306,0.04793700649403741,0.04866835206218647,0.0479370064940374,0.048668352062186476,0.040461076483739054,0.05189127775368958,0.04599031620889557,0.04998275800354711,0.04046107648373906,0.05189127775368959,0.04599031529552238,0.049982758364290183,0.06162243958205875,0.09914894207592075,0.5
lewidi_md,gemma,0,GPP-rbf,0,1024,0.6707167961160037,0.13872791420157538,0.2967571419141858,0.3184950307176767,0.6490022898266274,0.6490022898266274,0.6188408732414246,0.005096658132970333,0.03200861765593193,0.0355775167364452,0.03200861765593193,0.0355775167364452,0.029957810455667404,0.043420963051899436,0.031603843137312335,0.038208413061457856,0.0299578104556674,0.043420963051899436,0.03160384226364194,0.03820841392729163,0.07982424079104124,0.09639672056442539,1.0
lewidi_md,gemma,0,GPP-laplace,0,1024,0.7172581980463564,0.1471529052047841,0.30401899992608056,0.31814243625559346,0.6516192345436702,0.6516192345436702,0.5609235167503357,0.03690916299819946,-0.014785151376921128,0.04130992506382069,-0.014785151376921126,0.041309925063820696,-0.02081613710284567,0.040693716024787864,-0.016721946540824425,0.041405500730064326,-0.020816137102845675,0.04069371602478787,-0.016721946969456,0.04140550055821351,0.027958159900505226,0.0940386972601819,-0.5
lewidi_md,gemma,0,LPE,0,1024,0.6966224015356272,0.14203795379724077,0.29681637739542704,0.30001118235445423,0.6463853451095846,0.6463853451095846,0.52338045835495,0.054450396448373795,0.003187109741461403,0.05571380204918373,0.0031871097414613967,0.055713802049183726,-2.36807254876863e-05,0.062485023370823276,0.00223178193963919,0.05815637950013531,-2.3680725487692372e-05,0.062485023370823276,0.0022317811727380716,0.0581563802261894,0.022161136406723347,0.09923964123042849,-0.5
lewidi_md,gemma,0,LP-temp,0,1024,0.6716599709430012,0.14584776193224797,0.3116768224663571,0.3478131991915422,0.6450768727510632,0.6450768727510632,0.6830617959612614,,0.013111072572875311,,0.013111072572875318,,0.01563278229476784,,0.013968383458951253,,0.01563278229476784,,0.013968382790002513,,0.0764984109226906,,1.0
lewidi_md,gemma,0,GPP-cosine,1,16,1.6358190418944947,0.2589508276909082,0.40282181092316244,0.3355178738590935,0.5639515865227347,0.5639515865227347,0.330761194229126,0.03400169685482979,-0.09757018011214058,0.057856308708451244,-0.09757018011214058,0.05785630870845125,-0.09169302259286594,0.05811605744997699,-0.09645021413275452,0.058331871466316965,-0.09169302259286596,0.05811605744997699,-0.0964502139593217,0.05833187160921512,-0.09607421633341977,-0.015312053674029118,-1.0
lewidi_md,gemma,0,GPP-rbf,1,16,0.6976121377589848,0.1419790373666866,0.29489295910111646,0.28891480311721185,0.6561988877984952,0.6561988877984952,0.4945872128009796,0.05894039571285248,-0.04416064640909327,0.0620552271184518,-0.04416064640909328,0.0620552271184518,-0.045353492524443886,0.061841799624883606,-0.04482632601834806,0.06241556043449846,-0.04535349252444389,0.06184179962488362,-0.044826327319188966,0.06241556083405761,-0.05681734633796547,0.09209845806382275,-1.0
lewidi_md,gemma,0,GPP-laplace,1,16,0.7321914012001358,0.14885642952411704,0.3030708099267268,0.3071213209390686,0.6617598953222114,0.6617598953222114,0.4415200650691986,0.10504752397537231,-0.09861573585089185,0.06974558741204182,-0.09861573585089185,0.0697455874120418,-0.09552098569661494,0.06491939307931632,-0.09834973183109094,0.06875477864802829,-0.09552098569661496,0.06491939307931634,-0.09834973253744442,0.0687547782478071,-0.09829367047736437,0.09355022267598109,-1.0
lewidi_md,gemma,0,LPE,1,16,0.7836464537270328,0.1571298178577568,0.3082819847755791,0.28981266017670426,0.6483480536473667,0.6483480536473667,0.37001219391822815,0.10689692944288254,-0.045272808987364584,0.019170958258167822,-0.04527280898736459,0.019170958258167822,-0.05377349217754622,0.02291863827114238,-0.04817017390344698,0.02044291095657747,-0.053773492177546234,0.022918638271142384,-0.04817017481701531,0.02044291111251089,-0.05028822395456226,-0.01865514336171033,-1.0
lewidi_md,gemma,0,LP-temp,1,16,0.7500827458025657,0.15466342837179295,0.3149108309836884,0.31134510468976506,0.6391887471377167,0.6391887471377167,0.555150260159109,,-0.0642120605692181,,-0.06421206056921813,,-0.07247325757090005,,-0.06716633817463029,,-0.07247325757090005,,-0.06716633893684082,,-0.06022407172495655,,-1.0
lewidi_md,gemma,0,GPP-cosine,1,64,1.0534280766529112,0.20272218677604506,0.35895615626160404,0.28900626442148575,0.5410533202486097,0.5410533202486097,0.4348057806491852,0.03986119478940964,0.013195832548646565,0.0636860786776595,0.01319583254864656,0.0636860786776595,0.011841336196487855,0.06435167142940124,0.012874041836232971,0.06432510938347369,0.011841336196487863,0.06435167142940124,0.012874041608575143,0.06432511008834584,0.009105939609654565,0.09690280118188435,0.5
lewidi_md,gemma,0,GPP-rbf,1,64,0.7084108500780306,0.15440437493184395,0.31933716857622446,0.3336592871998851,0.6068040562643114,0.6068040562643114,0.5944218635559082,0.05262485146522522,-0.046692321297842024,0.058413969539464074,-0.046692321297842024,0.05841396953946408,-0.04791635190187214,0.0612768223674834,-0.04738484209447693,0.05968558146607883,-0.04791635190187214,0.06127682236748341,-0.04738484312041011,0.05968558227910554,-0.023966978877184755,0.09445741653451233,-1.0
lewidi_md,gemma,0,GPP-laplace,1,64,0.7324242465331334,0.15794369005677691,0.32320324634392233,0.3368701041511902,0.5328753680078508,0.5328753680078508,0.5505248308181763,0.09390135854482651,-0.041111749969316276,0.06954387412791044,-0.04111174996931627,0.06954387412791042,-0.039561939544357896,0.06978504101856933,-0.04092183571923767,0.07009388096074089,-0.039561939544357896,0.06978504101856933,-0.04092183613288761,0.070093881151443,-0.019148736037159973,0.09650981891407943,-1.0
lewidi_md,gemma,0,LPE,1,64,0.7286843608731647,0.15587610458367035,0.3191639140526789,0.3153906052081757,0.5685312397775597,0.5685312397775597,0.5044879913330078,0.09235329926013947,-0.042469881406204876,0.061070901911557826,-0.042469881406204855,0.06107090191155784,-0.045760084161954345,0.05862735088910402,-0.043762281971250504,0.06074577467208693,-0.04576008416195433,0.05862735088910402,-0.043762283072851446,0.060745774963687514,-0.012517069171046287,0.090820783350488,-1.0
lewidi_md,gemma,0,LP-temp,1,64,0.6946723716064792,0.15475561170821447,0.325443142649917,0.35010382120323946,0.5623159960745829,0.5623159960745829,0.6834845126181743,,-0.02435537310713228,,-0.024355373107132282,,-0.030690881189732466,,-0.0264504347585492,,-0.030690881189732473,,-0.02645043522797625,,0.004596654123266975,,-0.5
lewidi_md,gemma,0,GPP-cosine,1,256,1.2066239679394615,0.2015589353593728,0.3567655385799532,0.33898541553721157,0.5888125613346418,0.5888125613346418,0.4803599715232849,0.008783375844359398,-0.0524836595227492,0.03332059466097752,-0.05248365952274919,0.03332059466097752,-0.05072280894919151,0.03251009877950457,-0.0523074533839563,0.03330228729802978,-0.05072280894919151,0.03251009877950457,-0.05230745423213556,0.033302287220628626,-0.08619443914204866,0.06487922651133908,-1.0
lewidi_md,gemma,0,GPP-rbf,1,256,0.7179097588674853,0.14622649990467995,0.3030985234726292,0.3217113255820087,0.6561988877984952,0.6561988877984952,0.5447535514831543,0.026331428438425064,-0.043317789605521996,0.036573830449592365,-0.043317789605522,0.036573830449592365,-0.04131692305698866,0.04260042015528503,-0.04300571999153585,0.03865861371369443,-0.04131692305698867,0.04260042015528503,-0.04300572076513434,0.03865861466280686,-0.010140835738811922,0.09267335352638612,-1.0
lewidi_md,gemma,0,GPP-laplace,1,256,0.7475211277090709,0.14850041603110264,0.30269610468300634,0.3275985027134487,0.6656853123977756,0.6656853123977756,0.5147579312324524,0.054462675005197525,-0.05582564693670633,0.04779329206377056,-0.05582564693670634,0.047793292063770566,-0.0487079655247034,0.0536235145194664,-0.054042049648104024,0.049895204198442414,-0.04870796552470339,0.05362351451946641,-0.05404205020057165,0.0498952045010425,-0.021287317055989595,0.09172990670257336,-0.5
lewidi_md,gemma,0,LPE,1,256,0.7490613246039255,0.1499183835897458,0.30503454016524467,0.30850591230607005,0.6424599280340203,0.6424599280340203,0.43315842747688293,0.11392330378293991,-0.04958377214655099,0.05249035961739487,-0.04958377214655104,0.052490359617394886,-0.04845509389010556,0.05287101514038485,-0.049580086978892046,0.05296594422075527,-0.04845509389010556,0.052871015140384836,-0.0495800876315768,0.05296594455130224,-0.02779947633608356,0.08704515793237746,-1.0
lewidi_md,gemma,0,LP-temp,1,256,0.6889711431504928,0.15311004064418343,0.323975529762201,0.3525907867946966,0.6215243702976775,0.6215243702976775,0.6880474785303601,,-0.008055664721634728,,-0.008055664721634728,,-0.010649420684802373,,-0.00890025551793626,,-0.01064942068480237,,-0.00890025584496864,,0.006691255493153081,,-0.5
lewidi_md,gemma,0,GPP-cosine,1,1024,0.9511802073318486,0.17391306570132606,0.3232195250240467,0.30622495140456274,0.6333006215243703,0.6333006215243703,0.4741968512535095,0.0027506742626428604,-0.007823972279275525,0.03520624680631568,-0.007823972279275521,0.035206246806315664,-0.007727533503927464,0.03383747030971716,-0.00784824276773428,0.03503095569932273,-0.007727533503927474,0.03383747030971717,-0.007848243169966188,0.03503095587545795,0.023256305151621037,0.08898043299991133,-1.0
lewidi_md,gemma,0,GPP-rbf,1,1024,0.6784754706371929,0.1405230671182624,0.2990612200530484,0.3189720415053631,0.6499836440955185,0.6499836440955185,0.6115071177482605,0.005835221614688635,-0.002495968765111092,0.01536606152408802,-0.002495968765111092,0.01536606152408802,-0.006135900713412763,0.016567664971875534,-0.0036208495232649927,0.01583706625468981,-0.00613590071341277,0.016567664971875527,-0.0036208505018698947,0.01583706683545981,0.036540727059145094,0.0892663499690841,-0.5
lewidi_md,gemma,0,GPP-laplace,1,1024,0.7116050030985105,0.14555696636689472,0.3027352027916147,0.3178440190896165,0.6506378802747792,0.6506378802747792,0.557197630405426,0.035109832882881165,-0.024885441638586907,0.0403141290009813,-0.02488544163858691,0.0403141290009813,-0.027496699241459473,0.039325788786197996,-0.025850699642495402,0.04028962589998379,-0.027496699241459477,0.039325788786197996,-0.025850699955831887,0.040289625681094364,0.016433969224457463,0.09089333543911163,-1.0
lewidi_md,gemma,0,LPE,1,1024,0.7387991863158643,0.14813520328245458,0.30344131187332446,0.3064171324753523,0.6480209355577363,0.6480209355577363,0.5081512928009033,0.0537273995578289,-0.023022267231788567,0.03397080529334058,-0.023022267231788577,0.033970805293340574,-0.025811680396328657,0.03515465341175482,-0.024028975971963826,0.03456391165735378,-0.02581168039632866,0.03515465341175483,-0.02402897677414586,0.03456391202144402,-0.008354571382755293,0.0872346154225832,-1.0
lewidi_md,gemma,0,LP-temp,1,1024,0.680310454912838,0.14813230206049918,0.31475268366401055,0.3480617753865344,0.6424599280340203,0.6424599280340203,0.6779838174207324,,-0.013246846710517294,,-0.0132468467105173,,-0.017496999675526398,,-0.014631121602901555,,-0.01749699967552639,,-0.014631122250155788,,0.023536439539416323,,-0.5
lewidi_md,gemma,0,GPP-cosine,2,16,1.9053413048339092,0.21906470885023852,0.35587524965127154,0.32422600490883674,0.62381419692509,0.62381419692509,0.31293514370918274,0.03892964869737625,-0.10440802502378926,0.04253833814735826,-0.10440802502378926,0.04253833814735825,-0.09653299281855798,0.04358774332274964,-0.10272688924100114,0.04314924473095461,-0.09653299281855798,0.043587743322749645,-0.10272688865011384,0.04314924543104808,-0.1036573881365716,0.003425009857801278,-1.0
lewidi_md,gemma,0,GPP-rbf,2,16,0.6755418135335494,0.14098649249819822,0.3011182026421523,0.32086099407941227,0.6545632973503435,0.6545632973503435,0.5562484264373779,0.07064972072839737,-0.03969681497014049,0.06390615060225999,-0.03969681497014049,0.06390615060225999,-0.04263466217412406,0.06170855528592478,-0.040862974970934995,0.06367530841302521,-0.042634662174124066,0.06170855528592478,-0.04086297549596188,0.06367530926510283,-0.02525729786512664,0.09121471901267279,-1.0
lewidi_md,gemma,0,GPP-laplace,2,16,0.7251923851181313,0.15645074767981876,0.3207799168379772,0.32201144973964707,0.6300294406280668,0.6300294406280668,0.5125648379325867,0.11052120476961136,-0.10130583990105223,0.08148622417020703,-0.10130583990105223,0.08148622417020704,-0.09770599101960473,0.07621963716656203,-0.10090455069499729,0.0804418495188014,-0.09770599101960474,0.07621963716656203,-0.10090455045269597,0.08044184980336491,-0.09122524075516138,0.09309175306982041,-1.0
lewidi_md,gemma,0,LPE,2,16,0.7567450266399689,0.1600044040717103,0.32238002875387195,0.30596093253668255,0.6018972849198561,0.6018972849198561,0.435031920671463,0.12078264355659485,-0.06031722780239639,0.045915620671189886,-0.060317227802396386,0.04591562067118988,-0.06671113595284466,0.04378889115611271,-0.06267652296570313,0.04558304989884673,-0.06671113595284467,0.0437888911561127,-0.06267652324498096,0.045583050202804516,-0.07661516321782924,0.024493753376297535,-1.0
lewidi_md,gemma,0,LP-temp,2,16,0.8236888438708341,0.17686498732461994,0.3417556018680113,0.3099208263773791,0.5976447497546614,0.5976447497546614,0.5418324242971081,,-0.053544032071248755,,-0.053544032071248776,,-0.061101385699609156,,-0.05621099036263389,,-0.06110138569960917,,-0.056210990700035275,,-0.06591237214046261,,-1.0
lewidi_md,gemma,0,GPP-cosine,2,64,1.4128943434630556,0.21367713868493227,0.3575296997670472,0.3165018994585907,0.597317631665031,0.597317631665031,0.39845946431159973,0.021457714959979057,-0.0435792293713268,0.022675971203493378,-0.04357922937132679,0.02267597120349338,-0.042958166814186016,0.025176962212014535,-0.04368888031326238,0.02359252840199825,-0.04295816681418602,0.025176962212014545,-0.0436888806500086,0.023592528533544998,-0.020778654454365206,0.038639930676720606,-1.0
lewidi_md,gemma,0,GPP-rbf,2,64,0.7062786621559808,0.15320920517374917,0.3177567493946754,0.3291425275780684,0.6159633627739614,0.6159633627739614,0.6020523905754089,0.037467874586582184,-0.04725078561690341,0.05451703101223078,-0.04725078561690341,0.05451703101223078,-0.04867365001314512,0.05957239205739637,-0.04800764674912602,0.0564292025408917,-0.04867365001314511,0.059572392057396374,-0.04800764737590591,0.05642920345570787,-0.026075354535324325,0.09594476347942492,-1.0
lewidi_md,gemma,0,GPP-laplace,2,64,0.7756245999281943,0.164553930412511,0.32635131649250126,0.33277744891927563,0.6110565914295061,0.6110565914295061,0.532203197479248,0.07136271893978119,-0.06002841441176421,0.05235555090739355,-0.060028414411764194,0.05235555090739356,-0.05659055757592231,0.057259912344782976,-0.059393536113569234,0.054206953862774764,-0.05659055757592231,0.05725991234478297,-0.05939353634957701,0.05420695420879551,-0.02211182724454819,0.0931722349378435,-1.0
lewidi_md,gemma,0,LPE,2,64,0.7412140944920185,0.15735835236943155,0.3206112238812776,0.3175725403615801,0.6143277723258096,0.6143277723258096,0.5071048736572266,0.07986155897378922,-0.04394600503376786,0.0535937362543155,-0.04394600503376785,0.05359373625431551,-0.03702207884799347,0.04384157876994997,-0.04213995946976332,0.05099306780187708,-0.037022078847993474,0.043841578769949964,-0.04213995947097679,0.050993068554267065,-0.008130984800120637,0.07396590132303403,-0.5
lewidi_md,gemma,0,LP-temp,2,64,0.6918973019001008,0.1530439470073001,0.32360884740854245,0.3445035548890077,0.61465489041544,0.61465489041544,0.6756546274977756,,-0.024501191722370745,,-0.024501191722370735,,-0.0207706472598353,,-0.02353375565752166,,-0.020770647259835295,,-0.023533755872481646,,-0.0026488237104812886,,-0.5
lewidi_md,gemma,0,GPP-cosine,2,256,1.6444261306764363,0.21928503813822245,0.35931251526088864,0.29874848591927383,0.6002616944717043,0.6002616944717043,0.3631877303123474,0.006285394541919231,-0.05491584195991554,0.019223242646840097,-0.05491584195991555,0.0192232426468401,-0.046899527510617586,0.0278788898265035,-0.052852519937317835,0.02198924178107735,-0.046899527510617586,0.02787888982650351,-0.05285252051497662,0.021989242328966374,-0.00679990736631917,0.04881241470036984,-0.5
lewidi_md,gemma,0,GPP-rbf,2,256,0.7665024714115366,0.15793206880528746,0.3150108027094314,0.30716882017743335,0.6333006215243703,0.6333006215243703,0.5104580521583557,0.024958711117506027,-0.05435163195458854,0.015321942884494632,-0.05435163195458853,0.015321942884494634,-0.05613787879822746,0.01642139938001647,-0.0552677494680347,0.015761557904523382,-0.05613787879822746,0.016421399380016473,-0.05526775032772198,0.015761559235618297,0.009143349640071362,0.08390367349559308,-1.0
lewidi_md,gemma,0,GPP-laplace,2,256,0.7998840202432212,0.16067771448027968,0.31549013126260694,0.31151179309125254,0.6470395812888453,0.6470395812888453,0.47338342666625977,0.05613858625292778,-0.06168303930963108,0.03314074994701148,-0.06168303930963108,0.03314074994701148,-0.06068933353628897,0.031718775501523716,-0.06180335240741309,0.032935112980621184,-0.060689333536289,0.031718775501523716,-0.06180335285470918,0.032935113498051505,-0.01707785283318204,0.0834818416925858,-1.0
lewidi_md,gemma,0,LPE,2,256,0.8209270602780209,0.1647782313233803,0.3162764242119145,0.28741455835519597,0.62381419692509,0.62381419692509,0.3793066442012787,0.10558900982141495,-0.06310995287755587,0.044999698876840924,-0.06310995287755587,0.04499969887684094,-0.06449927052213782,0.04678589887769495,-0.06396529322547342,0.04585170983230598,-0.06449927052213784,0.046785898877694965,-0.06396529396630005,0.0458517103440919,-0.03302421605355676,0.08841370681357495,-1.0
lewidi_md,gemma,0,LP-temp,2,256,0.7016060988537444,0.1547535615514072,0.3237291863788574,0.34615977098628664,0.6189074255806346,0.6189074255806346,0.6725386027521787,,-0.023865892828077412,,-0.023865892828077412,,-0.025790290950280584,,-0.02461512503371084,,-0.02579029095028059,,-0.024615125858108506,,-0.01657429294434497,,-1.0
lewidi_md,gemma,0,GPP-cosine,2,1024,0.8823844928176363,0.161945633912324,0.3163438315713391,0.3115138504472457,0.6365718024206739,0.6365718024206739,0.5231684446334839,0.0034877776633948088,-0.01635921228023955,0.03577383120932845,-0.016359212280239552,0.03577383120932845,-0.02165368908783949,0.03401321171082752,-0.018082646341761082,0.03548317668061561,-0.021653689087839496,0.03401321171082753,-0.018082646312424067,0.03548317727235813,0.008798345862708964,0.08591665801568941,-0.5
lewidi_md,gemma,0,GPP-rbf,2,1024,0.6726818148585463,0.14009144071258206,0.29931802859442724,0.3235490428443691,0.6499836440955185,0.6499836440955185,0.6265560984611511,0.005741775967180729,0.0033806664558517436,0.043679018034925216,0.003380666455851735,0.043679018034925216,-0.0035249262687081784,0.04633584564472798,0.00130219102115785,0.044786944212095656,-0.0035249262687081814,0.04633584564472798,0.0013021905169372724,0.04478694496344261,0.038973712841468854,0.09444091676744491,-0.5
lewidi_md,gemma,0,GPP-laplace,2,1024,0.7278696989371861,0.14948323462424462,0.30615405444425037,0.3227106749991326,0.6516192345436702,0.6516192345436702,0.5626386404037476,0.03528779745101929,-0.03090619602754982,0.036280527964983864,-0.030906196027549827,0.03628052796498386,-0.030812881166097185,0.03798805910883572,-0.031089608375348764,0.037048841136810944,-0.030812881166097192,0.037988059108835716,-0.03108960828057538,0.03704884126980274,0.005133161104986196,0.09273937843994456,-1.0
lewidi_md,gemma,0,LPE,2,1024,0.6955711868534245,0.14266914603334574,0.3007131460741818,0.3108071877560038,0.6460582270199542,0.6460582270199542,0.5379872918128967,0.052264392375946045,-0.028954388736872137,0.054419243907048415,-0.02895438873687213,0.054419243907048435,-0.035823684012952134,0.055849357720728736,-0.031243421675737595,0.055227439454040336,-0.03582368401295215,0.05584935772072874,-0.031243422474015358,0.055227440285768314,-0.012019371906225223,0.09933159009780637,-0.5
lewidi_md,gemma,0,LP-temp,2,1024,0.6784100637582783,0.1490668749390159,0.31793374602013147,0.352383845967449,0.6480209355577363,0.6480209355577363,0.6882484324841986,,-0.03134396113338214,,-0.031343961133382156,,-0.03456142151617031,,-0.03253797322252123,,-0.03456142151617031,,-0.03253797310675137,,0.04906300619017146,,-1.0
lewidi_md,gemma,0,GPP-cosine,3,16,1.5223867514272302,0.26961206867154386,0.4256874167111674,0.341287969633914,0.5286228328426562,0.5286228328426562,0.3638383448123932,0.03680960461497307,-0.10793995236659776,0.053517415269591154,-0.10793995236659776,0.05351741526959114,-0.10195535275217418,0.053630057418530094,-0.10685835545241634,0.05391847162281495,-0.10195535275217418,0.05363005741853011,-0.10685835477273053,0.05391847276801294,-0.0984602065799011,0.008766886387718227,-1.0
lewidi_md,gemma,0,GPP-rbf,3,16,0.674661640984055,0.14066773055608767,0.3001501980729067,0.31527497543793204,0.6418056918547596,0.6418056918547596,0.5297020077705383,0.08937176316976547,-0.08366260855713183,0.06967889391152124,-0.08366260855713184,0.06967889391152124,-0.08173352824338836,0.06550611046109861,-0.08364888449044335,0.06888648679157583,-0.08173352824338836,0.06550611046109861,-0.08364888556308854,0.06888648734417022,-0.09102159184299181,0.08992801499605922,-1.0
lewidi_md,gemma,0,GPP-laplace,3,16,0.712874634376862,0.14939279599647454,0.31098902406549345,0.3269509798657041,0.6496565260058881,0.6496565260058881,0.4814404547214508,0.1162310317158699,-0.11094484204068447,0.07804099148152378,-0.11094484204068447,0.07804099148152376,-0.10668439515453271,0.07274585064515052,-0.11040856648373815,0.07696431530122344,-0.10668439515453274,0.07274585064515052,-0.11040856634115048,0.07696431537939019,-0.10694256746258606,0.09386947439817783,-1.0
lewidi_md,gemma,0,LPE,3,16,0.7666128062417621,0.1566791758701708,0.31235776861397185,0.2993324562223359,0.6411514556754988,0.6411514556754988,0.3955165147781372,0.10978399962186813,-0.08897497159128741,0.011826736421133313,-0.08897497159128742,0.011826736421133332,-0.08883255461805686,0.015446798188551897,-0.08954140730786844,0.013009517146335504,-0.08883255461805686,0.015446798188551904,-0.08954140857134288,0.01300951672920976,-0.09364009672943717,0.030882177494509482,-1.0
lewidi_md,gemma,0,LP-temp,3,16,0.7579406407392402,0.15874184644842998,0.31850962835692226,0.3149522224193656,0.624795551193981,0.624795551193981,0.5646521988583854,,-0.07709216611810973,,-0.07709216611810973,,-0.07838406560330163,,-0.07801368362228117,,-0.07838406560330163,,-0.07801368480728896,,-0.08137244576033738,,-1.0
lewidi_md,gemma,0,GPP-cosine,3,64,1.3681286954311949,0.2402636958667051,0.3879245698387181,0.2966901037115964,0.5502126267582598,0.5502126267582598,0.30336132645606995,0.02745695598423481,0.01645159549769721,0.043851324926811465,0.016451595497697213,0.04385132492681146,0.014175727163582352,0.041833247088765485,0.01587170789096848,0.04353767375564035,0.014175727163582348,0.041833247088765485,0.015871707538509215,0.043537673960958645,0.021520932719863814,0.07570489093862516,0.5
lewidi_md,gemma,0,GPP-rbf,3,64,0.7150723708669005,0.14766057360146764,0.30375375176725394,0.30116281024456015,0.6329735034347399,0.6329735034347399,0.5216988921165466,0.044543053954839706,-0.007716349180808267,0.05157441491942632,-0.00771634918080827,0.05157441491942632,-0.005991350069364801,0.05645741125561271,-0.007244246903259598,0.053413962213652,-0.005991350069364805,0.05645741125561273,-0.007244247708438554,0.05341396284504986,-0.0022199314662802432,0.09261958494784464,-0.5
lewidi_md,gemma,0,GPP-laplace,3,64,0.7583538353794229,0.15412552351914915,0.3066162302603261,0.30502063367063736,0.6198887798495257,0.6198887798495257,0.4704253673553467,0.08427044004201889,-0.009327033344382386,0.058370498144405196,-0.009327033344382382,0.0583704981444052,-0.006473487997659906,0.05809362347320915,-0.008522508529311978,0.05868626915177922,-0.0064734879976599035,0.05809362347320916,-0.008522509172710099,0.05868626901514913,-0.022844077125060064,0.09477894395238264,-0.5
lewidi_md,gemma,0,LPE,3,64,0.7973136600090592,0.16334668399150556,0.3179281231332455,0.29138005751433893,0.59633627739614,0.59633627739614,0.4067855179309845,0.07705213874578476,-0.0007519224423651648,0.07406534749560599,-0.0007519224423651666,0.07406534749560602,-0.0035565540654634606,0.07703282688580322,-0.0016106357417993563,0.07547606617262619,-0.003556554065463455,0.07703282688580324,-0.0016106366854042884,0.07547606714414133,0.001248780214934153,0.10810323446663808,-0.5
lewidi_md,gemma,0,LP-temp,3,64,0.7593631532700037,0.1613390703772368,0.3255046123571137,0.31856107929897526,0.5920837422309454,0.5920837422309454,0.5786138932629895,,-0.042859197729753176,,-0.04285919772975319,,-0.04263707968708045,,-0.04308532858590437,,-0.04263707968708047,,-0.04308532941585081,,-0.0033885580138671456,,-1.0
lewidi_md,gemma,0,GPP-cosine,3,256,1.7248480726344975,0.20324843475637436,0.34950005003025225,0.3264508394759436,0.6094210009813543,0.6094210009813543,0.43063220381736755,0.005375145468860865,-0.03449815361004608,0.0377334248540903,-0.03449815361004609,0.0377334248540903,-0.03325986770819954,0.038498095199425895,-0.03435772311308105,0.038224745519920195,-0.033259867708199546,0.03849809519942589,-0.0343577235701053,0.03822474545875146,-0.010565053041054037,0.045526410653415214,-1.0
lewidi_md,gemma,0,GPP-rbf,3,256,0.7393875311646982,0.15538983079600022,0.3159270347531679,0.32631686667749077,0.6323192672554793,0.6323192672554793,0.5688662528991699,0.01989743486046791,-0.02879369980394788,0.032724176116664755,-0.02879369980394788,0.032724176116664755,-0.03142922084379629,0.03695751443100749,-0.02979312688709803,0.03423681908447414,-0.03142922084379629,0.036957514431007484,-0.029793127659265548,0.03423681987923937,0.005770055775859625,0.09636339408524922,-1.0
lewidi_md,gemma,0,GPP-laplace,3,256,0.7750543533884232,0.15812482144556625,0.31479579293451493,0.33196543977001797,0.6398429833169774,0.6398429833169774,0.5310879349708557,0.051365021616220474,-0.03914333125772348,0.04599213894451078,-0.03914333125772348,0.04599213894451076,-0.03687912387269878,0.04949052477493962,-0.03872250750656267,0.04737203718635352,-0.03687912387269879,0.049490524774939613,-0.03872250787152432,0.04737203721327068,-0.011913916681632823,0.09418525885543073,-1.0
lewidi_md,gemma,0,LPE,3,256,0.7904598537273019,0.1604254435466568,0.31898574010640574,0.31542979622229117,0.6130192999672882,0.6130192999672882,0.45039018988609314,0.10124514251947403,-0.04819513122761139,0.059935909097675794,-0.048195131227611376,0.0599359090976758,-0.04908725257865313,0.05426599144105054,-0.04879693825871925,0.058621092625500804,-0.04908725257865315,0.05426599144105055,-0.04879693876818246,0.05862109330133984,-0.025118446078529366,0.10006331632592427,-1.0
lewidi_md,gemma,0,LP-temp,3,256,0.699056793319803,0.15482961225884626,0.3248259712368943,0.3480969426717944,0.6179260713117435,0.6179260713117435,0.6749279267177406,,-0.01720988393159136,,-0.017209883931591376,,-0.028239604294927945,,-0.02068460893129814,,-0.028239604294927955,,-0.02068460926498172,,0.00039725191950978493,,-0.5
lewidi_md,gemma,0,GPP-cosine,3,1024,0.9256641977951247,0.16835243749537515,0.3193989417916971,0.2993750245183464,0.6297023225384364,0.6297023225384364,0.48983633518218994,0.0030837117228657007,-0.0011595065122660484,0.006967940489625383,-0.0011595065122660475,0.006967940489625383,-0.005266898630880571,0.005571678229373081,-0.0024174945728362793,0.006590756684919962,-0.005266898630880571,0.005571678229373083,-0.0024174948779704117,0.006590757244934814,0.02314288374132472,0.08225949179565166,-0.5
lewidi_md,gemma,0,GPP-rbf,3,1024,0.6809819477368938,0.1408914815336984,0.29910687987543677,0.3198869429418208,0.6542361792607131,0.6542361792607131,0.611933708190918,0.005364804062992334,0.00881437387304828,0.021533596127971497,0.008814373873048278,0.021533596127971497,0.0038227787729375527,0.02507946767623641,0.007355642688250444,0.02276032258848884,0.003822778772937552,0.025079467676236415,0.007355642221453307,0.02276032357613514,0.06368739973391949,0.09165931680252218,0.5
lewidi_md,gemma,0,GPP-laplace,3,1024,0.7263477861425947,0.14847995077718984,0.30519669055286763,0.31651967980249157,0.6503107621851488,0.6503107621851488,0.5568943619728088,0.03828032314777374,-0.005552472997625216,0.05357450429005732,-0.0055524729976252196,0.05357450429005732,-0.009881513914921675,0.051374014389597794,-0.006908024180956342,0.05327197452083219,-0.009881513914921678,0.05137401438959781,-0.006908024213682164,0.05327197451895171,0.017425163626079904,0.09405347152373929,-0.5
lewidi_md,gemma,0,LPE,3,1024,0.7384867181340987,0.14822833973034644,0.302329498072486,0.30199563641808064,0.6388616290480864,0.6388616290480864,0.5136948823928833,0.04818568751215935,-0.008076053939285044,0.03918247781826892,-0.008076053939285049,0.03918247781826891,-0.011725257605089693,0.0405758013963469,-0.009241998861750051,0.03987505337682168,-0.011725257605089693,0.040575801396346894,-0.009241999676480792,0.03987505424297886,0.015658184315985476,0.0926555829983449,-0.5
lewidi_md,gemma,0,LP-temp,3,1024,0.6978116514013216,0.1464713499438461,0.3077551347710322,0.34068336686667405,0.6440955184821721,0.6440955184821721,0.6584324326561892,,-0.02614763645628157,,-0.026147636456281566,,-0.030006338135789956,,-0.027501191219597116,,-0.030006338135789953,,-0.027501191854190518,,0.034940994941355004,,-1.0
lewidi_md,gemma,0,GPP-cosine,4,16,1.079422895155519,0.21968419049437585,0.376668109428141,0.29184516612935935,0.5155381092574419,0.5155381092574419,0.3437933325767517,0.06046617403626442,0.06908884968778561,0.06406229959749965,0.06908884968778563,0.06406229959749965,0.07361272723314377,0.06884914165005376,0.0709391359453678,0.06595816750163863,0.0736127272331438,0.06884914165005378,0.07093913613336084,0.0659581684841544,0.07743667331596331,0.08068160680179023,1.0
lewidi_md,gemma,0,GPP-rbf,4,16,0.6858722515141958,0.14250170051280797,0.2998437388036321,0.30651501947499643,0.6424599280340203,0.6424599280340203,0.515120804309845,0.08812807500362396,-0.028508755652311826,0.06614788344833011,-0.028508755652311816,0.06614788344833013,-0.027659904666751632,0.06782577112349127,-0.02844579798154331,0.06711186712215055,-0.02765990466675164,0.06782577112349127,-0.028445798549411837,0.06711186807760622,-0.02729750469542899,0.09138015410045401,-1.0
lewidi_md,gemma,0,GPP-laplace,4,16,0.7395846409316715,0.15323258640200715,0.3090936409073096,0.3090913197801059,0.6342819757932614,0.6342819757932614,0.4652552902698517,0.10859344154596329,0.022343725440346303,0.06730154662673027,0.022343725440346306,0.06730154662673027,0.027527537620469313,0.06792999916470882,0.024074493999420497,0.0679540522563806,0.02752753762046932,0.06792999916470883,0.0240744943431818,0.06795405280854538,-0.024546862464095254,0.09206709938660107,0.5
lewidi_md,gemma,0,LPE,4,16,0.8253043467439519,0.16305504070106186,0.3109894256053586,0.28870380398089196,0.6444226365718024,0.6444226365718024,0.3304036855697632,0.1050337702035904,0.03631213493818508,0.07040978979668652,0.03631213493818509,0.07040978979668652,0.035742419915762706,0.062253145622956835,0.03638760884008538,0.06840994573119878,0.03574241991576271,0.06225314562295682,0.03638760867336046,0.06840994544888904,0.05193618517442659,0.05628257836173607,1.0
lewidi_md,gemma,0,LP-temp,4,16,0.706908934375486,0.14922381075761368,0.310696004170895,0.31982985871734504,0.6300294406280668,0.6300294406280668,0.6092151032686376,,-0.008999247407895428,,-0.008999247407895442,,-0.011046245110242098,,-0.00968390481228992,,-0.011046245110242096,,-0.009683905008377229,,0.054721344001410474,,-0.5
lewidi_md,gemma,0,GPP-cosine,4,64,1.3146483693179278,0.20990026342409318,0.3625171934927012,0.3341232641463486,0.5953549231272489,0.5953549231272489,0.4460085332393646,0.023096946999430656,-0.056956254158549754,0.026893654153624363,-0.05695625415854975,0.026893654153624366,-0.05413290096317076,0.03185464930936893,-0.0564873389052728,0.028587793064758723,-0.05413290096317076,0.03185464930936894,-0.056487339279335726,0.028587793292258183,-0.02515665035122865,0.06051328482234742,-1.0
lewidi_md,gemma,0,GPP-rbf,4,64,0.7059054923547577,0.15247693893129208,0.31621891819671805,0.3302528872272953,0.6205430160287864,0.6205430160287864,0.5893023610115051,0.04749496653676033,-0.053902762739536356,0.0574120679146224,-0.053902762739536356,0.0574120679146224,-0.055366894649945125,0.06216156387357593,-0.05471777169696905,0.0592509933987489,-0.05536689464994513,0.06216156387357593,-0.05471777215304893,0.059250994533982186,-0.0257599609070755,0.09587855372998891,-1.0
lewidi_md,gemma,0,GPP-laplace,4,64,0.7510565039793651,0.15894486573218128,0.3198970482338282,0.339243985818944,0.6404972194962382,0.6404972194962382,0.5423272252082825,0.07915017753839493,-0.05045369046846512,0.0640345436913553,-0.05045369046846514,0.0640345436913553,-0.04648621787529503,0.06770096267080586,-0.0495920100218345,0.06558923241304133,-0.04648621787529503,0.06770096267080586,-0.04959200998664672,0.06558923303141134,-0.02317860322375774,0.09542047648522026,-1.0
lewidi_md,gemma,0,LPE,4,64,0.7326681971910182,0.15639428851504877,0.31895462561905685,0.3180018271186361,0.619234543670265,0.619234543670265,0.4969836175441742,0.09685025364160538,-0.062055569084171106,0.06575400821326258,-0.06205556908417111,0.0657540082132626,-0.059669529101539366,0.059609030489339326,-0.06175469301702599,0.06433448582691784,-0.05966952910153936,0.05960903048933935,-0.06175469298246915,0.06433448576192972,-0.030533877256213874,0.09899457544133142,-1.0
lewidi_md,gemma,0,LP-temp,4,64,0.6925227506422874,0.15508194017728766,0.32821829007819064,0.3557987080461381,0.6104023552502453,0.6104023552502453,0.6930456078739791,,-0.027994615541602253,,-0.027994615541602264,,-0.030723092146974034,,-0.029016856248119623,,-0.030723092146974055,,-0.029016856638464983,,-0.01919525481266976,,-1.0
lewidi_md,gemma,0,GPP-cosine,4,256,1.4575954556155053,0.20584582425349165,0.35338664529733477,0.31534995572258384,0.5950278050376185,0.5950278050376185,0.43420058488845825,0.007989638485014439,-0.021132951550696707,0.021876004797478726,-0.021132951550696697,0.02187600479747873,-0.018956626450665016,0.028115947373152116,-0.020615441966063748,0.02392499005332805,-0.018956626450665016,0.028115947373152112,-0.020615442494413612,0.02392499035614657,0.011870186817709105,0.0842445431676613,-0.5
lewidi_md,gemma,0,GPP-rbf,4,256,0.724214339596574,0.14811263816339004,0.30424823239902665,0.3098392070475487,0.6450768727510632,0.6450768727510632,0.5404776930809021,0.026268651708960533,-0.0031849405483810114,0.03848705842720185,-0.0031849405483810097,0.03848705842720185,-0.007383188445567439,0.04236835198332245,-0.004484460666620492,0.03993205547297571,-0.0073831884455674394,0.04236835198332246,-0.004484461378823923,0.03993205652168448,0.03424860743965877,0.0934180581697154,-0.5
lewidi_md,gemma,0,GPP-laplace,4,256,0.7393909583663782,0.14781738883664408,0.30175249953015465,0.3137457321617181,0.6499836440955185,0.6499836440955185,0.5088979005813599,0.058864932507276535,-0.01910898145358942,0.05150046133730919,-0.019108981453589424,0.05150046133730919,-0.021159443314040825,0.05156063580386885,-0.019863978933895316,0.05187172676292559,-0.021159443314040828,0.051560635803868854,-0.019863979256945156,0.051871727059706954,0.004998853658865973,0.09316778876540267,-1.0
lewidi_md,gemma,0,LPE,4,256,0.7611769751683517,0.1541986587553929,0.3065582183490915,0.29100178368660923,0.6319921491658489,0.6319921491658489,0.40604931116104126,0.12072762101888657,-0.031940526103591244,0.04728479874584483,-0.03194052610359121,0.04728479874584484,-0.03623397464625088,0.047346986589430644,-0.03346609233904459,0.047627785406058984,-0.03623397464625089,0.04734698658943064,-0.033466092852958,0.04762778573030383,-0.01986832273615482,0.09217066665435177,-1.0
lewidi_md,gemma,0,LP-temp,4,256,0.6863185928953018,0.1524098312621928,0.3231904779633851,0.3534310203441003,0.6234870788354596,0.6234870788354596,0.6902094776690672,,-0.0272877487949262,,-0.02728774879492619,,-0.03276339424486147,,-0.029141216980517994,,-0.03276339424486147,,-0.029141217816989716,,0.015116873697505976,,-1.0
lewidi_md,gemma,0,GPP-cosine,4,1024,0.8581213435421601,0.15700385155073468,0.3103584545961828,0.3094041763934638,0.6414785737651292,0.6414785737651292,0.5203547477722168,0.003220940940082073,-0.0021723770188733834,0.032944324864304445,-0.002172377018873387,0.03294432486430445,-0.0017228820648524015,0.032831089320917405,-0.0020504660779445856,0.033135642623057474,-0.0017228820648523893,0.03283108932091741,-0.002050466532325275,0.033135643143238136,0.040801755679175634,0.08268880618844185,-0.5
lewidi_md,gemma,0,GPP-rbf,4,1024,0.6686566086894565,0.13820388354617646,0.29638733793114636,0.3227647274895616,0.6594700686947988,0.6594700686947988,0.6266148090362549,0.004919575061649084,0.013380283079011734,0.0444451841532768,0.013380283079011727,0.04444518415327681,0.013876777650690899,0.04881612761717373,0.013623086066293212,0.04608003425929105,0.013876777650690892,0.04881612761717373,0.013623085521054352,0.046080035114473276,0.058225204787278696,0.09251045097387178,1.0
lewidi_md,gemma,0,GPP-laplace,4,1024,0.7062687532129487,0.14419617973508184,0.30141393679684947,0.32268877280031577,0.6529277069021917,0.6529277069021917,0.5694068670272827,0.03453058376908302,-0.02297766225706218,0.043271914063027814,-0.022977662257062173,0.043271914063027814,-0.02002363715186473,0.045947079133889075,-0.022236110361157187,0.04438263101724674,-0.02002363715186473,0.04594707913388908,-0.022236110917093058,0.04438263043004499,0.019317434746067636,0.09243651714844262,-0.5
lewidi_md,gemma,0,LPE,4,1024,0.7079608795548431,0.14296100643421655,0.2981304108030929,0.30803339498855425,0.6509649983644096,0.6509649983644096,0.5320422053337097,0.04597621411085129,-0.018957592640424382,0.05704333749107941,-0.018957592640424382,0.0570433374910794,-0.018247329435203206,0.059202524077236515,-0.01887135500158014,0.058091402553684376,-0.018247329435203227,0.05920252407723651,-0.018871355819129354,0.05809140369897656,-0.0015225965942231544,0.09880522002284485,-1.0
lewidi_md,gemma,0,LP-temp,4,1024,0.6734408631375829,0.14593450050276138,0.3111873038584019,0.3466409953516209,0.6509649983644096,0.6509649983644096,0.6799153325346292,,0.01084286564077973,,0.010842865640779737,,0.010628378027903234,,0.010851898816440615,,0.010628378027903233,,0.010851898375395816,,0.06389592570786767,,1.0
lewidi_md,gemma,12,GPP-cosine,0,16,0.7911153367550464,0.17376382088232928,0.3401223691067627,0.33523261354872763,0.6002616944717043,0.6002616944717043,0.5313461422920227,0.05483279377222061,-0.0957279574577032,0.04785187283263639,-0.09572795745770318,0.04785187283263639,-0.08872097617954798,0.04584551209767246,-0.09425151607559665,0.04756920489231303,-0.088720976179548,0.04584551209767246,-0.09425151542367738,0.04756920528536465,-0.11000357972438489,0.023118228818666302,-1.0
lewidi_md,gemma,12,GPP-rbf,0,16,0.6788839152074668,0.14514011970055404,0.30855436909104195,0.33008968979997094,0.6166175989532221,0.6166175989532221,0.5699173212051392,0.07912519574165344,-0.07615173830546068,0.06051309165622927,-0.07615173830546065,0.060513091656229284,-0.07416971193365952,0.058371378648850156,-0.07607042585526953,0.06027600275466105,-0.07416971193365952,0.058371378648850156,-0.07607042560796787,0.0602760030328226,-0.08807245458662107,0.08232432565205187,-1.0
lewidi_md,gemma,12,GPP-laplace,0,16,0.7383198050503311,0.15501481160222716,0.3151198201104487,0.32773792762923193,0.6368989205103042,0.6368989205103042,0.41278526186943054,0.16720469295978546,-0.09072141517051846,0.027910329573630585,-0.09072141517051847,0.02791032957363058,-0.08881538654009327,0.02725150179327188,-0.09076308328774264,0.027901102225673224,-0.0888153865400933,0.02725150179327189,-0.09076308315614814,0.027901102562784066,-0.07765722111940038,0.015676819473399665,-1.0
lewidi_md,gemma,12,LPE,0,16,0.7781711131122016,0.16360151469216472,0.323360024909661,0.31752886186048884,0.6064769381746811,0.6064769381746811,0.3791912794113159,0.15616697072982788,-0.09241794821523383,-0.01719912542451889,-0.09241794821523384,-0.01719912542451889,-0.08986332344826833,-0.014230615171614815,-0.09227384990670212,-0.016413562648152157,-0.08986332344826835,-0.014230615171614816,-0.09227384944872982,-0.016413562521838954,-0.0956184711425724,-0.025997364544722176,-1.0
lewidi_md,gemma,12,LP-temp,0,16,0.6919147879978215,0.15484512044215146,0.3277726828035814,0.35578393301082895,0.5829244357212954,0.5829244357212954,0.6930308328386698,,-0.0073596635929350646,,-0.007359663592935061,,-0.0010587205007604981,,-0.005492476463500574,,-0.0010587205007604981,,-0.005492476170613351,,-0.08275744721026823,,0.5
lewidi_md,gemma,12,GPP-cosine,0,64,0.6964798586817785,0.14926320217413228,0.3117992185153089,0.32847446833641014,0.6234870788354596,0.6234870788354596,0.5975518822669983,0.04014906287193298,-0.040886938672220034,0.04718431126953282,-0.04088693867222003,0.04718431126953282,-0.03796257155618658,0.04499562301501303,-0.04027715185542326,0.046841578819547244,-0.03796257155618658,0.044995623015013045,-0.0402771518629174,0.04684157877085017,-0.06999932406987724,0.0801328373209213,-1.0
lewidi_md,gemma,12,GPP-rbf,0,64,0.6919656454317945,0.1480474394334514,0.310445825990666,0.3294440692441947,0.629375204448806,0.629375204448806,0.5737590789794922,0.06412134319543839,-0.050670151046429066,0.04615067771117709,-0.05067015104642906,0.04615067771117709,-0.048752193705065026,0.04369363819444938,-0.05043370246449545,0.04571919150298227,-0.04875219370506503,0.04369363819444938,-0.050433702497895916,0.04571919138381623,-0.06266670866314018,0.07343899296493796,-1.0
lewidi_md,gemma,12,GPP-laplace,0,64,0.7058967886608892,0.14849237253857153,0.30822271231189,0.32185726380121515,0.643114164213281,0.643114164213281,0.4621324837207794,0.15477211773395538,-0.05375254337235691,0.05224436947370194,-0.0537525433723569,0.05224436947370194,-0.05306379967124534,0.051246304209734854,-0.053911317804153716,0.05229866906505096,-0.053063799671245346,0.05124630420973486,-0.05391131768420873,0.05229866917041389,-0.05588583959436137,0.03561632071295675,-1.0
lewidi_md,gemma,12,LPE,0,64,0.8094632048556692,0.1685167419204897,0.3307707436744159,0.31740647361612667,0.5763820739286882,0.5763820739286882,0.3888847827911377,0.1660519689321518,-0.06646725812357186,0.075935611486795,-0.06646725812357188,0.075935611486795,-0.06421587713186563,0.07797299554368985,-0.06623759906014379,0.0770760830658489,-0.06421587713186563,0.07797299554368986,-0.06623759911663965,0.07707608328787738,-0.06669880121724499,0.08870220523317862,-1.0
lewidi_md,gemma,12,LP-temp,0,64,0.6920957816275547,0.1546082712820028,0.32698821100372955,0.35479602319253567,0.5754007196597972,0.5754007196597972,0.690683132450063,,0.007009434493795966,,0.007009434493795966,,0.012331101927551389,,0.008677066205133727,,0.012331101927551389,,0.008677066337829092,,-0.04977169828582983,,0.5
lewidi_md,gemma,12,GPP-cosine,0,256,0.773427802137305,0.1558338377151794,0.309202063198,0.3012954340530873,0.6378802747791953,0.6378802747791953,0.5124062895774841,0.013977794907987118,0.020399245765950508,0.0327242907010282,0.020399245765950508,0.0327242907010282,0.026061669368014517,0.031046734097809364,0.022262348422182436,0.032438015845717705,0.026061669368014517,0.031046734097809364,0.022262348658206622,0.03243801562870048,0.07540610085647204,0.0967733019518595,0.5
lewidi_md,gemma,12,GPP-rbf,0,256,0.7603044090653013,0.15706448218668392,0.3140507819037184,0.3100874551786861,0.6362446843310435,0.6362446843310435,0.5221008062362671,0.02908979542553425,-0.007956729716821449,0.034998739042750686,-0.007956729716821452,0.03499873904275068,-0.004395412521409111,0.03277955518932032,-0.006927410790338799,0.03456321328562498,-0.004395412521409108,0.032779555189320325,-0.006927411060078507,0.034563212774996535,0.02769238404433191,0.08297916241873839,-0.5
lewidi_md,gemma,12,GPP-laplace,0,256,0.7685309912074578,0.15425674894008487,0.30527393436144656,0.296433430003959,0.6490022898266274,0.6490022898266274,0.40563657879829407,0.11010563373565674,0.038430908670496054,0.07367214298135069,0.03843090867049605,0.07367214298135068,0.03508276976059351,0.0727615229826857,0.03767531927788385,0.07389990817970106,0.03508276976059352,0.0727615229826857,0.03767531910313533,0.0738999080758371,0.04379611474546046,0.07611496279768007,1.0
lewidi_md,gemma,12,LPE,0,256,0.8305998809946142,0.1656329723607326,0.31877800458068944,0.3025564766835454,0.6231599607458292,0.6231599607458292,0.36063942313194275,0.1493416279554367,-0.027479451008287026,0.046798370168838845,-0.027479451008287015,0.04679837016883884,-0.02660482995439963,0.044504767190672,-0.027401596278219156,0.04642106302879483,-0.026604829954399632,0.044504767190672,-0.02740159659200929,0.046421062344951164,-0.017267707200029927,0.06527692623171896,-1.0
lewidi_md,gemma,12,LP-temp,0,256,0.7019632474622384,0.15524068898498966,0.32373723872917426,0.3419475702823013,0.6113837095191365,0.6113837095191365,0.6640698574051237,,-0.05422074668403841,,-0.05422074668403841,,-0.04783442058435464,,-0.05264873069849564,,-0.04783442058435464,,-0.0526487310353278,,0.013335102770147848,,-0.5
lewidi_md,gemma,12,GPP-cosine,0,1024,0.6779122025266165,0.14147778913218648,0.30036041444081585,0.3139805095623741,0.6365718024206739,0.6365718024206739,0.6156738996505737,0.005136824678629637,0.060879241507810426,0.05271352926216882,0.06087924150781044,0.05271352926216882,0.07061074364435754,0.053315800729599856,0.06425814993627185,0.05325808980913309,0.07061074364435756,0.053315800729599856,0.06425815064696086,0.05325808963885053,0.10338601055627053,0.09349239709688721,1.0
lewidi_md,gemma,12,GPP-rbf,0,1024,0.702946415624455,0.14483870988956515,0.3014787371731298,0.31066529913958435,0.6378802747791953,0.6378802747791953,0.5463817715644836,0.04534461721777916,0.004749795873343116,0.054801305202187546,0.004749795873343121,0.05480130520218754,0.0014911384483326552,0.05514732485016625,0.0037906099406740334,0.0552821865178931,0.001491138448332657,0.05514732485016625,0.0037906093854289265,0.05528218626159519,0.026879674452901382,0.07189225057928292,0.5
lewidi_md,gemma,12,GPP-laplace,0,1024,0.7183631987252627,0.145495535059893,0.2985136754128998,0.29756570270384136,0.6414785737651292,0.6414785737651292,0.4547259211540222,0.09351599961519241,0.036719478657649435,0.07556251810461562,0.03671947865764943,0.07556251810461562,0.030150945481616818,0.07626736612991039,0.034972067119503895,0.07629488942936138,0.030150945481616818,0.0762673661299104,0.03497206629842307,0.07629488939516675,0.028740282853241827,0.07703920800991196,0.5
lewidi_md,gemma,12,LPE,0,1024,0.7054903703550248,0.14465063212126575,0.29739871206438967,0.29307383452232255,0.6460582270199542,0.6460582270199542,0.5228536128997803,0.0444096103310585,0.04734617324787078,0.05921646678440805,0.047346173247870785,0.05921646678440805,0.056399860589131254,0.06195292302683317,0.050426048694751965,0.06045511105588166,0.056399860589131254,0.06195292302683316,0.05042604928912573,0.06045511102592936,0.0670441787801171,0.09343060216859268,1.0
lewidi_md,gemma,12,LP-temp,0,1024,0.6657491683398425,0.14016288215691353,0.3001054384586887,0.32595329917216104,0.6434412823029113,0.6434412823029113,0.6492818041356188,,0.0641970919894185,,0.0641970919894185,,0.07476085764780027,,0.0678520295271404,,0.07476085764780027,,0.06785202988595918,,0.10036600009870411,,1.0
lewidi_md,gemma,12,GPP-cosine,1,16,0.6977050426944441,0.14233818693895703,0.29909403057233364,0.3043770891836485,0.6555446516192346,0.6555446516192346,0.5141706466674805,0.053616221994161606,-0.06692331804319115,0.05940808282801131,-0.06692331804319114,0.05940808282801131,-0.06510173987881468,0.05255692172929003,-0.06682759049265681,0.057730149965109674,-0.06510173987881468,0.05255692172929004,-0.06682759058633758,0.057730149503036246,-0.07056078990993156,0.07481248779931063,-1.0
lewidi_md,gemma,12,GPP-rbf,1,16,0.6883617504796116,0.13995382321136357,0.29367497472331966,0.2917299863152068,0.6588158325155381,0.6588158325155381,0.4973660707473755,0.06631161272525787,-0.04275229460688433,0.061686825410539506,-0.04275229460688433,0.06168682541053951,-0.04224012907929124,0.05726578034141297,-0.04288941991892329,0.06076408984155325,-0.04224012907929124,0.05726578034141297,-0.042889420020240654,0.06076408958502147,-0.06220638791574804,0.09311760372104873,-1.0
lewidi_md,gemma,12,GPP-laplace,1,16,0.8047126405877552,0.16129073922624743,0.31172957331262646,0.3073604593399753,0.6597971867844292,0.6597971867844292,0.3343181014060974,0.14176863431930542,0.013007862701996319,0.05502832435121036,0.013007862701996315,0.05502832435121036,0.007950476720526378,0.0499758037000485,0.011557848305824788,0.05386777263726633,0.007950476720526376,0.049975803700048504,0.011557847784673982,0.053867772183945145,0.0020809128154291078,0.04682299880058072,0.5
lewidi_md,gemma,12,LPE,1,16,0.8449052575027346,0.16904787652673353,0.32072648662108183,0.3010729728090342,0.6368989205103042,0.6368989205103042,0.2915298640727997,0.1386534720659256,-0.05378258260545386,0.02011190567191533,-0.05378258260545387,0.02011190567191532,-0.05716941270746246,0.022596479094821126,-0.055181920866129705,0.021005893849233924,-0.05716941270746247,0.02259647909482113,-0.05518192110130249,0.021005893802113675,-0.05627274878077436,0.009439857417791398,-1.0
lewidi_md,gemma,12,LP-temp,1,16,0.6869940959776074,0.1498892873519115,0.31787984445356987,0.35124207580555344,0.61465489041544,0.61465489041544,0.683908348145744,,0.004644317552291784,,0.004644317552291777,,0.010150376076558523,,0.0063518577171353,,0.010150376076558523,,0.006351857858582536,,-0.04795445029365262,,0.5
lewidi_md,gemma,12,GPP-cosine,1,64,0.7014895563044447,0.15137550624253096,0.3159528837566979,0.32549869330077,0.5809617271835132,0.5809617271835132,0.5981558561325073,0.040082890540361404,-0.005829566703527086,0.057179447656301216,-0.005829566703527087,0.05717944765630121,-0.004578677897679889,0.05600314112950407,-0.005488824076300066,0.057213323336860966,-0.004578677897679887,0.05600314112950408,-0.005488824190791763,0.057213323216705525,0.009568458874335852,0.08692689641377822,-0.5
lewidi_md,gemma,12,GPP-rbf,1,64,0.7088696676042372,0.15399922743419997,0.3192340663579708,0.3231660162534842,0.5881583251553811,0.5881583251553811,0.5762969255447388,0.059928156435489655,0.004796835762153853,0.06680797514399778,0.00479683576215385,0.06680797514399778,0.006268399848064658,0.0648529607324712,0.005277565304660498,0.0666708471890228,0.006268399848064656,0.06485296073247121,0.0052775653563864565,0.06667084713630579,0.015225349545638688,0.08677671699351255,0.5
lewidi_md,gemma,12,GPP-laplace,1,64,0.745118867512275,0.1583632558022381,0.31789964308312096,0.3151659703044234,0.5888125613346418,0.5888125613346418,0.44625648856163025,0.1522078663110733,0.0767641578867107,0.08219122436731931,0.07676415788671069,0.08219122436731932,0.08142630836703833,0.08319172837395031,0.07870912781890443,0.08305900448384823,0.08142630836703835,0.08319172837395031,0.07870912853962844,0.08305900458136889,0.07585900557802948,0.080178087744536,1.0
lewidi_md,gemma,12,LPE,1,64,0.8761738562429466,0.18314668697268116,0.34366413090827713,0.30449758547946504,0.5518482172064115,0.5518482172064115,0.37695395946502686,0.14981065690517426,-0.010610902418315861,0.05319958806415783,-0.010610902418315858,0.05319958806415783,-0.005833195087726244,0.05450836990775865,-0.009229578006623025,0.0539624987455134,-0.005833195087726239,0.054508369907758654,-0.009229577132346031,0.053962499299192515,-0.0056293883393352395,0.0692419734147094,-0.5
lewidi_md,gemma,12,LP-temp,1,64,0.752049957144895,0.15882298320253607,0.32850149551273705,0.34024679635566196,0.5456329735034348,0.5456329735034348,0.6603454026918283,,-0.014272960432954482,,-0.014272960432954486,,-0.0066905426860730255,,-0.012063149404091134,,-0.006690542686073022,,-0.012063148999022132,,0.009493696059094845,,-0.5
lewidi_md,gemma,12,GPP-cosine,1,256,0.7403880587952091,0.15265113245551035,0.3104036484557391,0.3254572600079659,0.639515865227347,0.639515865227347,0.5686606764793396,0.015081077814102173,-0.030441607526885756,0.047876702675819616,-0.030441607526885756,0.04787670267581961,-0.02450028977487492,0.04879592741069855,-0.0288420577931565,0.04848457602612549,-0.024500289774874916,0.04879592741069855,-0.028842058109168022,0.04848457580697144,0.004443216898178067,0.09096605861345282,-0.5
lewidi_md,gemma,12,GPP-rbf,1,256,0.7400576734526104,0.1518655420240556,0.30780125895970845,0.31678132278391474,0.6440955184821721,0.6440955184821721,0.5301116108894348,0.031370218843221664,-0.02387649625835146,0.04955374021818462,-0.023876496258351452,0.04955374021818463,-0.0187027478563961,0.049437870699832395,-0.022465555003769046,0.04985808690194041,-0.01870274785639609,0.04943787069983238,-0.022465555264680585,0.04985808667903737,0.01295147724880972,0.08347874295773566,-0.5
lewidi_md,gemma,12,GPP-laplace,1,256,0.7678597956420884,0.15246055578165177,0.3026309733490478,0.30198850949496847,0.6561988877984952,0.6561988877984952,0.4085908532142639,0.10706353187561035,0.018906585648728814,0.06625318657542835,0.018906585648728817,0.06625318657542835,0.021654578016137897,0.068762176723905,0.01987248209740835,0.06747082921474935,0.021654578016137894,0.06876217672390501,0.019872482169570264,0.06747082928594567,0.024518726632183404,0.07438648233446436,1.0
lewidi_md,gemma,12,LPE,1,256,0.8111045932212656,0.16067624773795627,0.31331530045719824,0.30617999267251556,0.6257769054628721,0.6257769054628721,0.36727070808410645,0.15226422250270844,-0.03404156766108772,0.05048257921671561,-0.03404156766108772,0.0504825792167156,-0.0312953250514481,0.05116597624273962,-0.033439077268882254,0.05103653993626285,-0.031295325051448095,0.05116597624273963,-0.033439077312307865,0.05103653968567706,-0.008432681026417057,0.0742365217565471,-1.0
lewidi_md,gemma,12,LP-temp,1,256,0.6860639605680906,0.1518864294939406,0.321567288477589,0.3504511629906483,0.629375204448806,0.629375204448806,0.6857717039135999,,-0.03785938014259788,,-0.03785938014259787,,-0.03423499089352334,,-0.03701579996984415,,-0.034234990893523345,,-0.03701579998923381,,0.0018081831215108353,,-0.5
lewidi_md,gemma,12,GPP-cosine,1,1024,0.6824544932732814,0.1429144406081219,0.30213561089661267,0.3231408991489333,0.6355904481517828,0.6355904481517828,0.6202258467674255,0.005497145466506481,0.01755554477857005,0.055059691261503486,0.01755554477857005,0.05505969126150349,0.02305748820839157,0.05512824747296758,0.01935031803622647,0.05545790031933265,0.023057488208391576,0.05512824747296757,0.019350317571134593,0.05545789986139652,0.07109915116351692,0.08943695273064337,0.5
lewidi_md,gemma,12,GPP-rbf,1,1024,0.6944538731650702,0.14272012138129758,0.2989091261449652,0.31540729415450347,0.65129211645404,0.65129211645404,0.5766662955284119,0.01801912486553192,0.00908963910342089,0.049867490307470605,0.00908963910342088,0.049867490307470605,0.013954640120341713,0.05224010782959211,0.010632545622599155,0.05093133205757152,0.013954640120341713,0.05224010782959211,0.010632544813163551,0.0509313313774172,0.043338181090946254,0.08221157438434781,0.5
lewidi_md,gemma,12,GPP-laplace,1,1024,0.7104213468312452,0.14337948963130293,0.2968963346906228,0.301909150030856,0.6388616290480864,0.6388616290480864,0.45713627338409424,0.09305637329816818,0.013320456091552274,0.07168986588461261,0.01332045609155228,0.0716898658846126,0.008708401470463341,0.0718271839553074,0.012008115923853443,0.07222297470861741,0.00870840147046334,0.0718271839553074,0.012008114548203037,0.07222297444352374,0.013242964212499883,0.06962554358191489,0.5
lewidi_md,gemma,12,LPE,1,1024,0.7079256515174484,0.14415395964480904,0.29813564571179996,0.3018269013785718,0.6414785737651292,0.6414785737651292,0.5039894580841064,0.060956597328186035,0.01862831607569876,0.05222045482883137,0.01862831607569876,0.052220454828831364,0.02165167259563799,0.05219995252726187,0.019676109618115355,0.05257210151504381,0.02165167259563799,0.05219995252726188,0.019676109160066638,0.052572100952320525,0.038853875891709626,0.07577613953846205,1.0
lewidi_md,gemma,12,LP-temp,1,1024,0.666450807472232,0.14017199964684246,0.2996392718109777,0.3274460027433774,0.6421328099443899,0.6421328099443899,0.6465390881952743,,0.031205657024858932,,0.031205657024858943,,0.03686126998133986,,0.033140747318735966,,0.03686126998133986,,0.033140746495659186,,0.07962579656124963,,1.0
lewidi_md,gemma,12,GPP-cosine,2,16,0.7517707638516833,0.15821121741424715,0.3195281244005848,0.3059125865520334,0.6274124959110239,0.6274124959110239,0.4948832392692566,0.05095730349421501,-0.08764846605162768,0.053163222008221975,-0.08764846605162767,0.053163222008221975,-0.08368568064883708,0.04982692983996473,-0.08704312183725238,0.052512204110655394,-0.0836856806488371,0.049826929839964736,-0.08704312150541735,0.05251220431742542,-0.10992739006531276,0.08206003311580364,-1.0
lewidi_md,gemma,12,GPP-rbf,2,16,0.6708903768012138,0.13945351075703816,0.2999185789187613,0.3179073936686604,0.6368989205103042,0.6368989205103042,0.5477240085601807,0.07468633353710175,-0.03987634299111671,0.06066813324981824,-0.0398763429911167,0.06066813324981823,-0.04016568840879457,0.0553008947129536,-0.040237689742853286,0.05945045218611235,-0.04016568840879457,0.0553008947129536,-0.04023768986107787,0.059450452090397114,-0.03756687781854044,0.08618157683131553,-1.0
lewidi_md,gemma,12,GPP-laplace,2,16,0.690299564510911,0.14660602656170968,0.3075192270475712,0.3205613205373535,0.629375204448806,0.629375204448806,0.4534096419811249,0.1767854243516922,-0.030435426430310178,0.08344119513161821,-0.030435426430310178,0.0834411951316182,-0.03108202709625018,0.07926959440603264,-0.030840797914840526,0.08274346616898842,-0.031082027096250187,0.07926959440603265,-0.03084079766170798,0.08274346644813195,-0.05019233676209134,0.07549237991281664,-1.0
lewidi_md,gemma,12,LPE,2,16,0.7477935423003521,0.16018286207079277,0.32476734959701364,0.31410148214109274,0.5914295060516847,0.5914295060516847,0.3799631893634796,0.20160788297653198,-0.07230544520162613,0.07211431864421655,-0.07230544520162613,0.07211431864421655,-0.07121108989732529,0.06826548613538769,-0.0724679260029662,0.07143719345948443,-0.07121108989732529,0.06826548613538772,-0.07246792555181975,0.07143719348275737,-0.08469303492943629,0.08027678746440774,-1.0
lewidi_md,gemma,12,LP-temp,2,16,0.7429101178546377,0.16381385210035085,0.3335640969415736,0.32963555999786637,0.577036310107949,0.577036310107949,0.6252414499989355,,-0.032784306546448816,,-0.03278430654644881,,-0.03007791764550849,,-0.03218532872914725,,-0.030077917645508483,,-0.032185328325163826,,-0.05801434661504159,,-1.0
lewidi_md,gemma,12,GPP-cosine,2,64,0.7709159940960048,0.1626483429364093,0.32495029618543025,0.31584279062933823,0.5832515538109257,0.5832515538109257,0.5496926307678223,0.029699213802814484,-0.0028464082839265666,0.047805702659610184,-0.0028464082839265623,0.047805702659610184,-6.195691204375058e-05,0.04944439482298612,-0.0020184973402758207,0.04863205175387566,-6.195691204374668e-05,0.04944439482298612,-0.0020184970637940262,0.04863205160942059,0.03571844594429548,0.09593407931513893,0.5
lewidi_md,gemma,12,GPP-rbf,2,64,0.7203921115558677,0.15825400224218572,0.325817044798771,0.32870941161254863,0.5783447824664704,0.5783447824664704,0.5874666571617126,0.049364615231752396,-0.030880369246484463,0.05570195520961399,-0.03088036924648446,0.05570195520961399,-0.031360751914816035,0.05677612511650248,-0.031238203394079747,0.05641061387898127,-0.03136075191481605,0.056776125116502485,-0.03123820351699394,0.05641061357418183,-0.012887158697722875,0.0806295136541701,-1.0
lewidi_md,gemma,12,GPP-laplace,2,64,0.7511381288296677,0.16219988745318553,0.32621958410311924,0.3225136785376854,0.5596990513575401,0.5596990513575401,0.4669845402240753,0.1436987668275833,0.01877456403359468,0.06498416711931661,0.018774564033594676,0.06498416711931662,0.0166707948328199,0.06812467241068386,0.01826297315924201,0.06638530767471792,0.0166707948328199,0.06812467241068387,0.018262973237105778,0.06638530771402125,0.01458866441290462,0.06318993629072446,0.5
lewidi_md,gemma,12,LPE,2,64,0.8498373188467927,0.18247414169412016,0.34786002813112404,0.3113644708404598,0.5482499182204776,0.5482499182204776,0.39986905455589294,0.14175136387348175,-0.029376135591603583,0.050888188006755646,-0.029376135591603583,0.05088818800675564,-0.029140235224819643,0.051362880937376565,-0.02950566746518132,0.051381411622191314,-0.02914023522481964,0.05136288093737658,-0.029505667469603494,0.051381411810036214,-0.02479717526464534,0.06643538912201834,-1.0
lewidi_md,gemma,12,LP-temp,2,64,0.7241576237754702,0.16188260524279804,0.3327704551997813,0.3378322807079901,0.5390906117108276,0.5390906117108276,0.6539491781667515,,-0.03836238011890819,,-0.03836238011890819,,-0.03198083825580478,,-0.03668313683662957,,-0.031980838255804785,,-0.0366831367072908,,-0.00928461508528697,,-0.5
lewidi_md,gemma,12,GPP-cosine,2,256,0.7962127921480612,0.15970511615632896,0.3106598203468281,0.29280040772613936,0.6437684003925417,0.6437684003925417,0.4718950092792511,0.01361158862709999,-0.04704956914818888,0.03318924879768509,-0.04704956914818888,0.033189248797685096,-0.043435540046746914,0.027641313250976518,-0.04627212578637856,0.031728251409889746,-0.043435540046746914,0.02764131325097651,-0.046272126265024825,0.03172825118786355,-0.038119664042283,0.07770508217880699,-1.0
lewidi_md,gemma,12,GPP-rbf,2,256,0.7933976136287685,0.16382746709520593,0.3194295324990739,0.3002631268728147,0.6290480863591756,0.6290480863591756,0.47736528515815735,0.029576623812317848,-0.05629403733408207,0.03238828394445647,-0.05629403733408207,0.032388283944456475,-0.05542166505457025,0.02806057521217522,-0.05641434415271668,0.031293160422634046,-0.05542166505457026,0.028060575212175216,-0.05641434405408096,0.03129316066274409,-0.044854138653318665,0.07169038761167357,-1.0
lewidi_md,gemma,12,GPP-laplace,2,256,0.825258198529533,0.16319075578470627,0.3117239601716051,0.296338020005697,0.6509649983644096,0.6509649983644096,0.3605027496814728,0.10317783802747726,0.021521904126753547,0.06368705755481337,0.021521904126753543,0.06368705755481335,0.013698653372231213,0.05889181001103369,0.01928847783628301,0.06266414574460023,0.013698653372231213,0.05889181001103369,0.019288477797156405,0.06266414576176274,0.024943066120004662,0.05688439977994417,0.5
lewidi_md,gemma,12,LPE,2,256,0.9308418441678485,0.17795452462659467,0.32795281695152073,0.29718616245277535,0.6208701341184167,0.6208701341184167,0.30980464816093445,0.12761075794696808,-0.03872953671819014,0.03397756670770673,-0.03872953671819014,0.03397756670770673,-0.04156426143058888,0.031483867458234546,-0.039857683354532075,0.03345149660459955,-0.04156426143058889,0.031483867458234546,-0.03985768323026801,0.03345149649681168,-0.0373402127765936,0.04206329646329391,-1.0
lewidi_md,gemma,12,LP-temp,2,256,0.8003743676678984,0.1683072709643067,0.32944433721974353,0.33105274738310525,0.620215897939156,0.620215897939156,0.5761010685983982,,-0.05455978772319113,,-0.054559787723191124,,-0.05408392356791805,,-0.05478888215053154,,-0.05408392356791805,,-0.05478888217140006,,-0.02636680306491272,,-1.0
lewidi_md,gemma,12,GPP-cosine,2,1024,0.6775985432531871,0.1434384134019944,0.30340511793265224,0.3299655776214606,0.6319921491658489,0.6319921491658489,0.6423710584640503,0.005315993446856737,0.011578383695287556,0.06242838355360034,0.011578383695287551,0.062428383553600336,0.015773149223854692,0.06226015842304691,0.012934367402515435,0.06280503111359645,0.015773149223854692,0.06226015842304691,0.012934367835594367,0.06280503081021523,0.039996018704909056,0.09018489842585777,0.5
lewidi_md,gemma,12,GPP-rbf,2,1024,0.7053370248056462,0.14474209834270885,0.30086319862935285,0.31663030914371215,0.6450768727510632,0.6450768727510632,0.5531335473060608,0.04460657015442848,-0.012732818286995603,0.05744931694318155,-0.01273281828699559,0.05744931694318154,-0.010163360938467352,0.05870461569225973,-0.012038093782339125,0.05822507559258684,-0.010163360938467356,0.05870461569225972,-0.012038093865328224,0.05822507548610752,0.002123823599537952,0.0702656876367664,-0.5
lewidi_md,gemma,12,GPP-laplace,2,1024,0.7165293855243683,0.14454024343549535,0.2979466409166854,0.3005790086473419,0.6460582270199542,0.6460582270199542,0.4584699273109436,0.09178303927183151,0.008144414621437262,0.06964682616442183,0.008144414621437262,0.06964682616442182,0.007613292262441814,0.07118156657535062,0.008038589851208368,0.07059122404175802,0.00761329226244181,0.07118156657535063,0.00803858911639263,0.0705912240212973,0.00379314435103919,0.06653085451536968,1.0
lewidi_md,gemma,12,LPE,2,1024,0.6937546291782286,0.1410740365851181,0.29640921073497173,0.30736946158963946,0.6529277069021917,0.6529277069021917,0.542817234992981,0.048832476139068604,0.0007038895993277594,0.058080273940726776,0.000703889599327762,0.058080273940726776,0.005990963928305384,0.06075858570976245,0.0023177790015308517,0.05929343579883464,0.005990963928305389,0.060758585709762454,0.002317779200917312,0.05929343585114419,0.029985979776385962,0.08943009126193333,0.5
lewidi_md,gemma,12,LP-temp,2,1024,0.6705959301767964,0.1455176930278004,0.310595103789631,0.3472808891375325,0.652273470722931,0.652273470722931,0.6830728224370547,,0.01606065190587229,,0.016060651905872293,,0.026886886339250734,,0.019465571988394693,,0.02688688633925074,,0.019465572204556886,,0.08089401443907286,,0.5
lewidi_md,gemma,12,GPP-cosine,3,16,0.7114119989616478,0.1486190564254145,0.3087534307330691,0.31106514866747725,0.6424599280340203,0.6424599280340203,0.5181368589401245,0.058688946068286896,-0.10281707459922036,0.05549625467210945,-0.10281707459922036,0.055496254672109446,-0.09957563028348856,0.04940172331181613,-0.10253521910534606,0.05402178487623065,-0.09957563028348856,0.04940172331181614,-0.10253521885923833,0.05402178471280181,-0.10578850839607751,0.06936158459611741,-1.0
lewidi_md,gemma,12,GPP-rbf,3,16,0.688432896990079,0.14148672476117174,0.29808854995040107,0.3010747373278293,0.6493294079162578,0.6493294079162578,0.5004132390022278,0.07949590682983398,-0.04332014094026927,0.06506956707875475,-0.04332014094026928,0.06506956707875475,-0.047036796583453166,0.060021968551181804,-0.04474815509696455,0.06397932976049107,-0.047036796583453166,0.06002196855118182,-0.044748155264259126,0.0639793296694421,-0.04861047932600461,0.0793848521928901,-1.0
lewidi_md,gemma,12,GPP-laplace,3,16,0.7414880965107484,0.1523364921200863,0.30783483459156324,0.30971131287911013,0.6588158325155381,0.6588158325155381,0.3847009241580963,0.16122807562351227,0.028260194851379428,0.06969692884481013,0.028260194851379414,0.06969692884481014,0.02496821678305523,0.0642436473678197,0.027451993706237795,0.06851493923818441,0.024968216783055226,0.0642436473678197,0.027451993763448576,0.06851493915574117,0.023226620071525143,0.05997446051588949,0.5
lewidi_md,gemma,12,LPE,3,16,0.9077698874363925,0.1772709209046786,0.3282349674745903,0.310383309895434,0.6368989205103042,0.6368989205103042,0.3230077624320984,0.11071617901325226,-0.03576068574314739,0.012833915581373556,-0.03576068574314739,0.012833915581373556,-0.0377612448341305,0.006521061566271805,-0.03661461621065691,0.011000620588271875,-0.037761244834130514,0.0065210615662718106,-0.036614615780144064,0.011000620410055187,-0.03787179565676943,0.0038519622383712815,-1.0
lewidi_md,gemma,12,LP-temp,3,16,1.2066897945924717,0.20380418793526517,0.3491126839053498,0.3180563849985149,0.6038599934576382,0.6038599934576382,0.36035997766294936,,-0.03592514883536974,,-0.035925148835369736,,-0.0372967734994665,,-0.036588796861855,,-0.03729677349946651,,-0.03658879635331522,,-0.03591119334132296,,-1.0
lewidi_md,gemma,12,GPP-cosine,3,64,0.6949690221601741,0.14156569315726727,0.2937946039257162,0.29338253499714007,0.624795551193981,0.624795551193981,0.5300154685974121,0.03762339800596237,0.07411983631645427,0.054597168179959396,0.07411983631645427,0.054597168179959396,0.07245451387921108,0.05233645256275248,0.07412098398713331,0.054283318047067514,0.07245451387921109,0.05233645256275249,0.07412098355239494,0.054283317798221,0.09082950726487181,0.09114035133723895,1.0
lewidi_md,gemma,12,GPP-rbf,3,64,0.7006289581803827,0.14381086767940254,0.29659282514081503,0.29749532674293583,0.643114164213281,0.643114164213281,0.5129708051681519,0.05628814920783043,0.04735085864020784,0.05742413599873076,0.04735085864020784,0.05742413599873076,0.04441646809642618,0.0531921903713743,0.04678232096454702,0.05652973704513785,0.04441646809642618,0.0531921903713743,0.04678232044282285,0.05652973656597091,0.06183845935543024,0.08693656470896388,1.0
lewidi_md,gemma,12,GPP-laplace,3,64,0.7565002946678382,0.1517970307354921,0.3009636755310679,0.29705571504782347,0.6516192345436702,0.6516192345436702,0.3785284161567688,0.1383202224969864,0.10092466567216192,0.0840611954616708,0.10092466567216192,0.0840611954616708,0.09558510296472203,0.08043002343669346,0.09999130055782884,0.08353218937630602,0.09558510296472204,0.08043002343669348,0.09999129989573691,0.08353218919627808,0.10988558808657226,0.08628431521495204,1.0
lewidi_md,gemma,12,LPE,3,64,0.8756948661606635,0.1738628910390941,0.32484712216146255,0.29518755700503874,0.6041871115472686,0.6041871115472686,0.3215324580669403,0.1498122215270996,0.005609461626461601,0.04351325521958373,0.005609461626461599,0.04351325521958373,0.006577256974603998,0.04077559922812285,0.005942443689416603,0.04297829109838332,0.006577256974604001,0.04077559922812286,0.005942444058496147,0.042978291714081615,0.0021592359040953466,0.06563380241785337,1.0
lewidi_md,gemma,12,LP-temp,3,64,0.693163387200304,0.15424361853466692,0.3240523840646296,0.35150215566711157,0.5956820412168793,0.5956820412168793,0.6861669149286326,,-0.01105728626753832,,-0.011057286267538326,,-0.006000611902633336,,-0.009594120413119382,,-0.006000611902633337,,-0.009594120042038459,,0.01427341392039003,,-0.5
lewidi_md,gemma,12,GPP-cosine,3,256,0.7485252950091058,0.16124191866719312,0.3248549074333345,0.3266204623572665,0.6051684658161597,0.6051684658161597,0.5965299606323242,0.01508939266204834,-0.008480634870445952,0.06275590116676166,-0.008480634870445949,0.06275590116676166,-0.008641863916999348,0.05930321476434315,-0.008587824201283775,0.06213520213499481,-0.008641863916999344,0.05930321476434315,-0.008587823222261386,0.06213520257578736,-0.011543916602047065,0.09921818674402302,-1.0
lewidi_md,gemma,12,GPP-rbf,3,256,0.7476770234247986,0.15797654301452055,0.31831140035280814,0.3196953034797129,0.6251226692836114,0.6251226692836114,0.5519552826881409,0.02782706543803215,-0.025202480506946425,0.0413964798486898,-0.02520248050694643,0.041396479848689785,-0.02590611497323867,0.03927410489763146,-0.02558934628849641,0.04103426297650477,-0.02590611497323867,0.039274104897631466,-0.025589345942246374,0.041034262822922364,-0.020979034845449773,0.0813195055326681,-1.0
lewidi_md,gemma,12,GPP-laplace,3,256,0.7639855364160012,0.15538136995493557,0.3099589278631456,0.31024378578296613,0.6401701014066078,0.6401701014066078,0.42767032980918884,0.11114297062158585,-0.013186278574012923,0.055623120795563086,-0.01318627857401292,0.05562312079556308,-0.016957340792698138,0.05451093993923037,-0.014424332147903732,0.05566584635730394,-0.016957340792698134,0.05451093993923037,-0.014424331973766483,0.05566584624846057,-0.02867898914034633,0.04165054638442406,-0.5
lewidi_md,gemma,12,LPE,3,256,0.829821035596411,0.1683922623739485,0.3239648134430933,0.3058406459226251,0.6084396467124632,0.6084396467124632,0.3807121217250824,0.14172908663749695,-0.040810708524206346,0.06793336058286256,-0.04081070852420635,0.06793336058286256,-0.039898572807333846,0.06665374520313613,-0.040812800705040314,0.06800949589733753,-0.03989857280733385,0.06665374520313613,-0.0408128004941971,0.0680094962379484,-0.03919161103060774,0.07941313938842051,-1.0
lewidi_md,gemma,12,LP-temp,3,256,0.6996794945543352,0.15549509177014853,0.32585211541030334,0.34437768565916244,0.6117108276087667,0.6117108276087667,0.6722562055496674,,-0.022755325960344,,-0.02275532596034399,,-0.021215780311036343,,-0.02244273223409807,,-0.02121578031103634,,-0.022442731495539714,,-0.03077182158163836,,-1.0
lewidi_md,gemma,12,GPP-cosine,3,1024,0.6839298867890631,0.14390074159263938,0.3044783626748557,0.3207738690635138,0.633954857703631,0.633954857703631,0.620163083076477,0.00521635077893734,0.019761834674532023,0.053204257363837056,0.019761834674532026,0.05320425736383706,0.015490670589970765,0.05013841251095108,0.018597386132243772,0.05263582848873809,0.015490670589970765,0.05013841251095108,0.018597385638961753,0.05263582796689938,0.07645822193710564,0.08957409670517327,0.5
lewidi_md,gemma,12,GPP-rbf,3,1024,0.7180272826891686,0.14665216762542235,0.30217907357717827,0.31137252955139944,0.6398429833169774,0.6398429833169774,0.5375759601593018,0.04455707594752312,0.007503467876430525,0.06192398893932691,0.007503467876430529,0.06192398893932691,0.0023678484860745266,0.056851554390878106,0.005991920285875153,0.06080463521396283,0.0023678484860745266,0.0568515543908781,0.005991920055297851,0.0608046348294992,0.03399831677412607,0.07820861666539278,0.5
lewidi_md,gemma,12,GPP-laplace,3,1024,0.7353234551508963,0.14808814149616142,0.29942888001544843,0.2952083049783841,0.6496565260058881,0.6496565260058881,0.4411165118217468,0.09158188104629517,0.04674456485081194,0.07459229534514837,0.04674456485081193,0.07459229534514838,0.04178730394827783,0.07300176627752009,0.04555623272992112,0.0746194435288377,0.04178730394827783,0.07300176627752009,0.04555623225230359,0.07461944334761102,0.04326054387369842,0.08749197431115012,0.5
lewidi_md,gemma,12,LPE,3,1024,0.7152015171718474,0.1451458650680857,0.29867700877456077,0.2974845860886481,0.6440955184821721,0.6440955184821721,0.5160201787948608,0.04755237326025963,0.030031665734304085,0.0640527743511314,0.03003166573430409,0.0640527743511314,0.028880407053355837,0.060071118851348415,0.02988711054019823,0.06327997710415499,0.028880407053355834,0.06007111885134842,0.029887110316363208,0.06327997665490774,0.0483909501899119,0.09360579691076587,1.0
lewidi_md,gemma,12,LP-temp,3,1024,0.6699092989651745,0.1408281375764017,0.3005148632244123,0.32690001349136183,0.6460582270199542,0.6460582270199542,0.6444706276926238,,0.03741653630513336,,0.03741653630513337,,0.03798335168036054,,0.037845470138851964,,0.03798335168036053,,0.03784546964333288,,0.0930969924247025,,1.0
lewidi_md,gemma,12,GPP-cosine,4,16,0.7033943768548482,0.1426666654488077,0.2940433634920938,0.28963547852026517,0.6545632973503435,0.6545632973503435,0.49063485860824585,0.05812576413154602,0.11262951932316778,0.05377899495926713,0.11262951932316778,0.05377899495926712,0.10712793214579644,0.05108289996716553,0.11172706151630465,0.05332703445181962,0.10712793214579644,0.051082899967165536,0.11172706123124954,0.053327034393685635,0.12149663481117627,0.07882539652977295,1.0
lewidi_md,gemma,12,GPP-rbf,4,16,0.772032543076516,0.1551525763218844,0.30537169861723323,0.3020782880540445,0.6352633300621524,0.6352633300621524,0.4007902443408966,0.125062495470047,0.12672940954522527,0.07468104230674445,0.12672940954522527,0.07468104230674444,0.12620567388099882,0.07314724963943782,0.12743854024583584,0.0747260658324487,0.12620567388099882,0.07314724963943782,0.12743854095177734,0.07472606613418378,0.1251163360756758,0.08725081497245134,1.0
lewidi_md,gemma,12,GPP-laplace,4,16,0.7695305810755908,0.15445706927253885,0.30477381228674344,0.304431362356021,0.6575073601570167,0.6575073601570167,0.3649839162826538,0.16549676656723022,0.13093843333958294,0.1028068025382087,0.13093843333958294,0.1028068025382087,0.12909817191200856,0.10123595913601377,0.13127573930847874,0.10303330643756335,0.12909817191200856,0.10123595913601377,0.131275739760753,0.10303330667968558,0.12693878636750885,0.08836756442597841,1.0
lewidi_md,gemma,12,LPE,4,16,0.9714943903141514,0.1800993660448356,0.31918173098494473,0.2877731395485548,0.6290480863591756,0.6290480863591756,0.23732014000415802,0.14716650545597076,0.10393394706098653,0.11552577334068527,0.10393394706098655,0.11552577334068527,0.10861065736034808,0.11458875132030782,0.10606955286741021,0.11603234197466931,0.1086106573603481,0.11458875132030785,0.1060695535343099,0.11603234179518956,0.10872808740433124,0.12725558614385268,1.0
lewidi_md,gemma,12,LP-temp,4,16,0.6997514785723827,0.1506060805046672,0.3162117923275325,0.34616585824983,0.6143277723258096,0.6143277723258096,0.6775235683009784,,0.016390472207796485,,0.016390472207796485,,0.022787113605095815,,0.018449552689036256,,0.02278711360509582,,0.018449552799303923,,0.09645045049504049,,0.5
lewidi_md,gemma,12,GPP-cosine,4,64,0.755075987262784,0.1532560356341478,0.30881745826237733,0.30192453809312864,0.6382073928688257,0.6382073928688257,0.5089203715324402,0.028511222451925278,-0.00730354455661752,0.04960163616488175,-0.007303544556617518,0.04960163616488175,-0.0050629730616012425,0.05150696383291102,-0.006671704149896375,0.05052144117181312,-0.005062973061601237,0.05150696383291102,-0.006671704371338124,0.050521441046655555,0.014997526558399126,0.0877055870189973,-0.5
lewidi_md,gemma,12,GPP-rbf,4,64,0.7087313460263249,0.15161081085281408,0.31300073577286686,0.3209999515877424,0.62381419692509,0.62381419692509,0.5674906969070435,0.04918152838945389,-0.025982102998962538,0.058658328577058994,-0.025982102998962534,0.05865832857705901,-0.024015241335647104,0.059708266670802576,-0.025561574457024252,0.05937987368387243,-0.024015241335647107,0.059708266670802576,-0.025561574531635788,0.05937987354715789,-0.018594397839990312,0.07832392445921804,-1.0
lewidi_md,gemma,12,GPP-laplace,4,64,0.7510313018548089,0.15632042630981996,0.31212861993492363,0.3132854895551921,0.6225057245665685,0.6225057245665685,0.43835991621017456,0.13611730933189392,0.026420268468263456,0.0783639579472599,0.026420268468263453,0.07836395794725988,0.028304147712252196,0.07934791431161349,0.027174675273574325,0.07920047227217372,0.028304147712252203,0.07934791431161349,0.027174675589335336,0.07920047268089316,0.014443783542007003,0.07141582976843615,1.0
lewidi_md,gemma,12,LPE,4,64,0.8056987417102247,0.1672327778453999,0.32578723221093536,0.3008643584984549,0.5907752698724239,0.5907752698724239,0.37045472860336304,0.16138923168182373,-0.004539210987645805,0.0828797160574283,-0.0045392109876458,0.0828797160574283,-0.004916021643072125,0.075767516926389,-0.004684998255556303,0.08128319891706712,-0.0049160216430721255,0.07576751692638901,-0.00468499778597271,0.08128319893632907,-0.0031104869823042926,0.08989098698324013,-1.0
lewidi_md,gemma,12,LP-temp,4,64,0.6906610490988535,0.15369024220977345,0.32412575034291224,0.35027572325732265,0.5734380111220151,0.5734380111220151,0.6864345291516807,,-0.010658077823685422,,-0.010658077823685419,,-0.010375816882839738,,-0.010645218480681808,,-0.010375816882839738,,-0.010645218222189322,,0.0061148257031338644,,-1.0
lewidi_md,gemma,12,GPP-cosine,4,256,0.7212610926042061,0.1491130437051277,0.3067224773821763,0.3086205881909293,0.6316650310762185,0.6316650310762185,0.5616152286529541,0.017101584002375603,0.006794445638584275,0.06075108320806105,0.006794445638584271,0.06075108320806105,0.004417641055408419,0.05700099006043337,0.006117655080769497,0.06002613179724459,0.00441764105540842,0.05700099006043337,0.006117655203544811,0.060026131918403204,0.02874367856473725,0.08871630183234012,0.5
lewidi_md,gemma,12,GPP-rbf,4,256,0.7168893615678931,0.1468733817500279,0.3016816020577946,0.3024559314031616,0.6493294079162578,0.6493294079162578,0.5319822430610657,0.03155023604631424,0.0019652598691349936,0.058443943965518344,0.0019652598691349936,0.05844394396551834,0.0049087838754887595,0.05860028006098091,0.0028745590585175645,0.05889206145842911,0.004908783875488761,0.058600280060980905,0.002874559297512975,0.05889206147259946,0.010113757264478768,0.08078789290085035,0.5
lewidi_md,gemma,12,GPP-laplace,4,256,0.7589277903250081,0.15064445234203638,0.2994879435019438,0.29234779840636477,0.6647039581288845,0.6647039581288845,0.3979385197162628,0.10409664362668991,0.04255416208630428,0.0778786125982494,0.04255416208630429,0.0778786125982494,0.04510280597601929,0.07719176593482864,0.04362145462843239,0.07820330936675919,0.04510280597601928,0.07719176593482864,0.04362145499818919,0.07820330958381748,0.04778557030970125,0.07895939869279424,1.0
lewidi_md,gemma,12,LPE,4,256,0.758868546359509,0.15674171798472752,0.3117269182774687,0.292353246522599,0.6143277723258096,0.6143277723258096,0.3567214906215668,0.17205563187599182,-0.03975799857971709,0.07208893108080941,-0.03975799857971709,0.07208893108080941,-0.03598369776827766,0.06988346335250492,-0.03888180634561081,0.0719117726669012,-0.03598369776827765,0.06988346335250492,-0.03888180609963782,0.07191177265471921,-0.032082807888564234,0.06333489755628535,-0.5
lewidi_md,gemma,12,LP-temp,4,256,0.6910528509482011,0.1545013437688834,0.32719033251413376,0.3557188095995751,0.6215243702976775,0.6215243702976775,0.6929657094274162,,-0.026294196778685636,,-0.026294196778685622,,-0.027594004726431386,,-0.026869983620504904,,-0.027594004726431386,,-0.026869983993065626,,-0.015532373528083633,,-1.0
lewidi_md,gemma,12,GPP-cosine,4,1024,0.6748356684417722,0.1408083721579244,0.3001374180820467,0.3245646010187669,0.6545632973503435,0.6545632973503435,0.6281976699829102,0.004750410560518503,0.01475524373861755,0.06191908121966278,0.014755243738617552,0.06191908121966279,0.01742937501054103,0.05820976448108457,0.015670210639107975,0.06121454440750313,0.01742937501054103,0.058209764481084586,0.01567021085423342,0.061214544294215384,0.061820895579539424,0.09068628832166782,1.0
lewidi_md,gemma,12,GPP-rbf,4,1024,0.7111283874389828,0.1457689969978015,0.3022087395884582,0.3192784061859225,0.6542361792607131,0.6542361792607131,0.5492995381355286,0.04182349517941475,-0.029936164239094825,0.05600436590940757,-0.029936164239094815,0.05600436590940756,-0.025008144193793165,0.05528762426773325,-0.028641536997029086,0.05617005204657961,-0.025008144193793165,0.05528762426773326,-0.028641537290275368,0.05617005170020814,-0.005593210424920826,0.06831676455324022,-0.5
lewidi_md,gemma,12,GPP-laplace,4,1024,0.7308531545236909,0.14856017629496432,0.3036916004362832,0.30703759211413856,0.6375531566895649,0.6375531566895649,0.45653635263442993,0.09036880731582642,-0.02303540022689681,0.06223900211974443,-0.02303540022689681,0.06223900211974444,-0.019687234228828204,0.06287096355767081,-0.022174291401695818,0.06285788013151845,-0.019687234228828204,0.06287096355767081,-0.022174292239040203,0.06285787990612057,-0.020398018353485557,0.057937175985528284,-0.5
lewidi_md,gemma,12,LPE,4,1024,0.7095536949470566,0.14365843439127593,0.2981969309801045,0.3056225586523055,0.652273470722931,0.652273470722931,0.522742509841919,0.04437709227204323,-0.0005640580100752003,0.059782739690639186,-0.0005640580100751899,0.05978273969063919,0.004117324491980779,0.05900726551934547,0.0008568057442756181,0.05995644581246369,0.00411732449198078,0.059007265519345486,0.0008568057749673121,0.05995644585122924,0.014607703546480286,0.08062228361705359,0.5
lewidi_md,gemma,12,LP-temp,4,1024,0.6685040291189723,0.14061210108662692,0.30027208288916635,0.32987850566397287,0.6529277069021917,0.6529277069021917,0.6484524142865642,,0.010159458763380414,,0.010159458763380416,,0.016163805623684614,,0.012056445064233878,,0.016163805623684625,,0.012056445228489936,,0.05613206412701742,,0.5
lewidi_md,gemma,25,GPP-cosine,0,16,0.8052208928515991,0.16985421194162525,0.3324531611633366,0.3386339761586332,0.6094210009813543,0.6094210009813543,0.5410637259483337,0.02591688558459282,-0.0944837886607249,0.029818956188354832,-0.0944837886607249,0.029818956188354832,-0.09357673999101285,0.025195512543429825,-0.09485527076210566,0.02861622029493174,-0.09357673999101287,0.025195512543429822,-0.09485527062328523,0.028616220642923646,-0.1130023565572792,0.06580158025448503,-1.0
lewidi_md,gemma,25,GPP-rbf,0,16,0.7187567418352508,0.15726173561406515,0.3234718604029166,0.3330395306231972,0.5682041216879293,0.5682041216879293,0.49750828742980957,0.13654011487960815,-0.12083767673863564,0.07423632272626698,-0.12083767673863564,0.07423632272626698,-0.11500499602362955,0.06928947676834067,-0.11989070767966534,0.0732395716028946,-0.11500499602362957,0.06928947676834067,-0.11989070733708479,0.07323957162379008,-0.11816739215094811,0.0670359347899525,-1.0
lewidi_md,gemma,25,GPP-laplace,0,16,0.7124174733136637,0.15391393710673595,0.3179947084929742,0.32851144100560303,0.5763820739286882,0.5763820739286882,0.4315980076789856,0.19725164771080017,-0.03674463423394432,0.06420032575539655,-0.03674463423394432,0.06420032575539654,-0.03672490683222791,0.05871503878288275,-0.03699045515490572,0.06297092533258569,-0.03672490683222792,0.05871503878288276,-0.03699045501643866,0.06297092529295133,-0.05990969110668356,0.062900159975113,-1.0
lewidi_md,gemma,25,LPE,0,16,0.7364872726474265,0.15959572182637816,0.3242952374477606,0.31967315560390275,0.5744193653909061,0.5744193653909061,0.3771398961544037,0.2138058990240097,-0.017578517879693757,-0.09205539973434393,-0.01757851787969375,-0.09205539973434396,-0.02267195694746332,-0.08967275298330321,-0.019249124580827254,-0.09196115644290699,-0.022671956947463323,-0.08967275298330322,-0.019249124598691294,-0.09196115726221185,-0.015543850060278632,-0.08305168071132944,-0.5
lewidi_md,gemma,25,LP-temp,0,16,0.6881496148098171,0.1526663334831806,0.32154302406129964,0.3487153832929248,0.5613346418056918,0.5613346418056918,0.6851296429069715,,-0.060813689095637405,,-0.060813689095637405,,-0.0633829534913816,,-0.06201239665264675,,-0.0633829534913816,,-0.062012397285033605,,-0.04508419876303704,,-1.0
lewidi_md,gemma,25,GPP-cosine,0,64,0.9215528207254263,0.1917290961470148,0.3524339140667974,0.3143603978570803,0.582597317631665,0.582597317631665,0.4914883077144623,0.012194260954856873,-0.0685244538480956,0.05395328754996202,-0.06852445384809559,0.05395328754996202,-0.059718915503037484,0.05927303345913412,-0.06631420476264273,0.05594205828200338,-0.059718915503037484,0.05927303345913412,-0.06631420432979153,0.05594205866182272,-0.07279595919046879,0.09042807485686001,-0.5
lewidi_md,gemma,25,GPP-rbf,0,64,0.6976099299740113,0.14852501998647402,0.31097507128345153,0.323226335619593,0.6254497873732418,0.6254497873732418,0.5606523156166077,0.06156162545084953,-0.05942743991215012,0.0595635794409028,-0.05942743991215012,0.059563579440902806,-0.059048497584964665,0.05314471906757299,-0.05971939132151427,0.05801827842688707,-0.059048497584964665,0.05314471906757299,-0.0597193912142735,0.05801827831804365,-0.0610175013288669,0.07595721830852387,-1.0
lewidi_md,gemma,25,GPP-laplace,0,64,0.7115920513175805,0.1478463070974349,0.3052320364255813,0.31570491289222086,0.6561988877984952,0.6561988877984952,0.4291697144508362,0.16865234076976776,0.007815796776263473,0.08721878048884145,0.00781579677626347,0.08721878048884144,0.006946121231318781,0.08259822223135399,0.007604684768651095,0.08641030523831363,0.006946121231318783,0.08259822223135399,0.007604684857665538,0.086410305290361,0.02468298211834044,0.08652546954201813,0.5
lewidi_md,gemma,25,LPE,0,64,0.8063024377490646,0.1670956291558971,0.3285470141159329,0.312632772858523,0.5888125613346418,0.5888125613346418,0.36912065744400024,0.17152942717075348,-0.06681138074856112,0.06673617756626218,-0.06681138074856112,0.06673617756626218,-0.06143037018818048,0.06448030698829521,-0.06563161029175466,0.06650699515025882,-0.06143037018818048,0.06448030698829522,-0.0656316099612304,0.06650699507972593,-0.061233775267553844,0.08150172918357555,-1.0
lewidi_md,gemma,25,LP-temp,0,64,0.6910498614391778,0.15449576563859346,0.32723398995617814,0.35570997243969027,0.5894667975139025,0.5894667975139025,0.6929568722675312,,-0.03293528683594728,,-0.03293528683594728,,-0.026728967776102078,,-0.031272176864223046,,-0.026728967776102085,,-0.03127217658095639,,-0.03631925768308741,,-0.5
lewidi_md,gemma,25,GPP-cosine,0,256,0.9499368421515256,0.18878861249218112,0.34056825094983195,0.2900188490505555,0.5947006869479883,0.5947006869479883,0.43158045411109924,0.0066797551698982716,0.024024797591298247,0.05207480153482228,0.024024797591298247,0.05207480153482228,0.020434217605409914,0.05111416960177764,0.023096693333162395,0.05213933145352233,0.020434217605409918,0.05111416960177764,0.023096692976756546,0.05213933109262249,0.029723013002002377,0.0934337443424974,0.5
lewidi_md,gemma,25,GPP-rbf,0,256,0.7887177510503222,0.15864626380842617,0.31226567332006777,0.3052620975587015,0.6333006215243703,0.6333006215243703,0.4625820219516754,0.06313090771436691,-0.02935947851204592,0.07944579367924695,-0.029359478512045924,0.07944579367924695,-0.029057314817688182,0.07921721551532906,-0.029468729682623318,0.0799207001178403,-0.02905731481768819,0.07921721551532908,-0.029468730156353623,0.07992070011307334,-0.04077437327600269,0.09180111147741019,-1.0
lewidi_md,gemma,25,GPP-laplace,0,256,0.7775250614674272,0.15531139073578873,0.30589059052323525,0.2929940015110383,0.6457311089303238,0.6457311089303238,0.37330055236816406,0.12322969734668732,0.03556098327974219,0.09785300417717477,0.035560983279742185,0.09785300417717477,0.02895267231912769,0.09540897239643109,0.03379352618888766,0.0977798121543279,0.028952672319127685,0.09540897239643112,0.03379352531202612,0.09777981184701603,0.03525018828279446,0.09692646603065581,0.5
lewidi_md,gemma,25,LPE,0,256,0.8239343685338398,0.16227785886910814,0.31547281113111064,0.2972788602980117,0.6189074255806346,0.6189074255806346,0.33141106367111206,0.15310972929000854,-0.05718200023007939,0.08514400386824215,-0.05718200023007938,0.08514400386824215,-0.057689103329450396,0.07854588368533019,-0.05772822139267068,0.08371945925379842,-0.0576891033294504,0.07854588368533019,-0.05772822198280474,0.08371945913023532,-0.057692501862998354,0.08575253260657557,-1.0
lewidi_md,gemma,25,LP-temp,0,256,0.7011859624613853,0.15287382683867393,0.3195843864691174,0.33825172682578214,0.610075237160615,0.610075237160615,0.651969170487399,,-0.016498044073154285,,-0.016498044073154285,,-0.017845611211301435,,-0.017021229216075778,,-0.017845611211301435,,-0.017021228795834006,,-0.045754922909496946,,-1.0
lewidi_md,gemma,25,GPP-cosine,0,1024,0.7495258534032133,0.15707731435452277,0.31563744545727784,0.2939076738990522,0.600915930650965,0.600915930650965,0.5516741871833801,0.0031179210636764765,0.05148496894111586,0.04783465191332134,0.05148496894111586,0.04783465191332134,0.047065089182678294,0.047441334307164185,0.050492670876791865,0.04804277863757343,0.0470650891826783,0.047441334307164185,0.050492670245630165,0.04804277847911083,0.09761482584522932,0.09190129875678409,1.0
lewidi_md,gemma,25,GPP-rbf,0,1024,0.693351453483621,0.13803852284224366,0.2903761511886694,0.3017677900553258,0.6470395812888453,0.6470395812888453,0.5222473740577698,0.043890856206417084,0.039178897975376416,0.08201951405508794,0.03917889797537641,0.08201951405508792,0.03755448433511695,0.08237817861370504,0.038953032463499675,0.0826907803010252,0.03755448433511695,0.08237817861370506,0.03895303139569206,0.08269078017973026,0.052504341164327756,0.11191980791779224,1.0
lewidi_md,gemma,25,GPP-laplace,0,1024,0.7086421745682028,0.1379734290960695,0.2842878371054879,0.28745818158311226,0.6561988877984952,0.6561988877984952,0.42080116271972656,0.10588917881250381,0.1017023968295524,0.12198575394872525,0.1017023968295524,0.12198575394872525,0.093282135084327,0.1206431592539643,0.09983678349528985,0.12241316347906177,0.09328213508432702,0.12064315925396432,0.09983678166243343,0.12241316296878632,0.09676842008816268,0.12840640962421587,1.0
lewidi_md,gemma,25,LPE,0,1024,0.68770058360991,0.13881638633506047,0.29107019023273334,0.29240702246165695,0.6467124631992149,0.6467124631992149,0.5243450403213501,0.043161917477846146,0.09591589056260766,0.07306898540301401,0.09591589056260764,0.07306898540301401,0.09157935933124847,0.06961013282477083,0.0952534605002531,0.07251708919152214,0.09157935933124847,0.06961013282477083,0.09525346065664053,0.07251708902898588,0.10826611286136939,0.10934865202096476,1.0
lewidi_md,gemma,25,LP-temp,0,1024,0.6564521631660757,0.1369841301226405,0.29636285595259193,0.32732054698580154,0.6434412823029113,0.6434412823029113,0.6519327555611257,,0.10545607532834479,,0.10545607532834478,,0.10064613609151472,,0.10471495098719036,,0.10064613609151474,,0.10471495108532827,,0.13880116816761104,,1.0
lewidi_md,gemma,25,GPP-cosine,1,16,1.080954293216394,0.2173772169898569,0.36666936138280565,0.2971250740708237,0.5855413804383383,0.5855413804383383,0.29829439520835876,0.02111467719078064,0.019826888269517208,0.06028807147001432,0.0198268882695172,0.06028807147001432,0.012688941904470464,0.05319458613769344,0.017790410572787907,0.058542420670955525,0.012688941904470466,0.05319458613769343,0.017790410576891826,0.058542420476898005,-0.0015639112075450509,0.0766490495843079,0.5
lewidi_md,gemma,25,GPP-rbf,1,16,0.6917395421160835,0.14062585723022697,0.2938414603791032,0.2917040864905171,0.652273470722931,0.652273470722931,0.48617058992385864,0.07252707332372665,-0.028812170501471376,0.06776863878713243,-0.02881217050147138,0.06776863878713243,-0.024656906961473688,0.06082699971079979,-0.027745020412029114,0.06612046792772967,-0.024656906961473688,0.06082699971079979,-0.027745021337718757,0.06612046712703148,-0.03131472481988027,0.08031303084921597,-0.5
lewidi_md,gemma,25,GPP-laplace,1,16,0.7351737854004302,0.14842452128895736,0.30121797828127456,0.30621089747889857,0.662414131501472,0.662414131501472,0.3672272861003876,0.170470729470253,-0.0001564976560047334,0.06139587199329481,-0.00015649765600472473,0.061395871993294826,-0.008032002791391457,0.05213760115250118,-0.0025543972279537114,0.058998983698642884,-0.008032002791391461,0.05213760115250117,-0.0025543986942325528,0.05899898261809414,-0.012043908138554292,0.05572540779366246,-0.5
lewidi_md,gemma,25,LPE,1,16,0.8191354654952422,0.16243053844172375,0.31420461781967907,0.30481134874978044,0.6499836440955185,0.6499836440955185,0.29492858052253723,0.1497732549905777,-0.033647054705098,-0.023897106446722473,-0.03364705470509801,-0.02389710644672247,-0.02903045422524874,-0.019728006142698477,-0.03247263685054181,-0.0227920605080813,-0.02903045422524874,-0.01972800614269847,-0.03247263787407976,-0.022792061517130743,-0.03555258765905,-0.01846063008983199,-0.5
lewidi_md,gemma,25,LP-temp,1,16,0.6747635920728144,0.14384665767939148,0.30529290336343845,0.32923736940098836,0.6277396140006543,0.6277396140006543,0.647948951366931,,-0.02575807748898725,,-0.02575807748898725,,-0.019473438789976684,,-0.024021943654825663,,-0.019473438789976684,,-0.024021944183998944,,-0.04615587791391504,,-0.5
lewidi_md,gemma,25,GPP-cosine,1,64,0.92308241332343,0.20326644947098105,0.3656175573005566,0.2820965707627214,0.5489041543997383,0.5489041543997383,0.4371507465839386,0.014905241318047047,0.042027999733431576,0.06158900338989255,0.042027999733431576,0.06158900338989256,0.04625716602027481,0.06294240675568802,0.04360313557832422,0.06242298996855722,0.04625716602027481,0.06294240675568802,0.043603135558450044,0.06242298995802632,0.05033500306257219,0.10524498223407264,1.0
lewidi_md,gemma,25,GPP-rbf,1,64,0.8045056679004108,0.17422312830929962,0.3367337832272438,0.31168269950276517,0.5479228001308473,0.5479228001308473,0.46183347702026367,0.10531461238861084,-0.001091101644068745,0.0773104793683394,-0.0010911016440687399,0.07731047936833937,0.007254585438736213,0.07598392425986614,0.001441342585605328,0.07743659397975472,0.007254585438736215,0.07598392425986614,0.001441343592215167,0.07743659374765646,0.008823932566921029,0.09441535251267492,0.5
lewidi_md,gemma,25,GPP-laplace,1,64,0.7730232838933473,0.16346780914209622,0.32181944260675316,0.3114738197292531,0.5832515538109257,0.5832515538109257,0.4124719500541687,0.16811637580394745,0.08813581668018369,0.11881236333130037,0.08813581668018369,0.11881236333130035,0.09209923292851241,0.1178407257884743,0.08994606844773455,0.11933092132843823,0.09209923292851241,0.11784072578847431,0.08994606949223224,0.11933092142655788,0.07299125652258091,0.11210067431719906,1.0
lewidi_md,gemma,25,LPE,1,64,0.9189624011095309,0.196443739951427,0.3578290455840363,0.30020945763027146,0.5407262021589794,0.5407262021589794,0.31080615520477295,0.17956678569316864,-0.0206457883157175,0.09055979159933386,-0.02064578831571749,0.09055979159933386,-0.011978810613159935,0.08948495086344074,-0.01814957826566661,0.09085331533041616,-0.011978810613159935,0.08948495086344077,-0.018149577282878974,0.09085331572715712,-0.009937826708422798,0.09180400056922959,-0.5
lewidi_md,gemma,25,LP-temp,1,64,0.7006068922333021,0.15675073718119859,0.328544385375604,0.34537104849505357,0.5273143604841348,0.5273143604841348,0.6791855424754848,,-0.029235926498689772,,-0.02923592649868976,,-0.023631442044599403,,-0.02773062544740432,,-0.023631442044599413,,-0.027730625128219617,,-0.018232953600577997,,-0.5
lewidi_md,gemma,25,GPP-cosine,1,256,0.7596793929938092,0.1568379650553047,0.3140595980193939,0.3231894064393383,0.6326463853451095,0.6326463853451095,0.5669765472412109,0.007714227773249149,-0.01886028152122588,0.07587559158083022,-0.018860281521225878,0.07587559158083021,-0.01595025597305922,0.07818151089536882,-0.018103902473946762,0.07709737769814565,-0.01595025597305922,0.07818151089536884,-0.018103902751860454,0.07709737767988331,-0.0351305810496832,0.10830917696591985,-0.5
lewidi_md,gemma,25,GPP-rbf,1,256,0.7347090804987686,0.14887388777316204,0.30196441108070554,0.30932682179550425,0.6516192345436702,0.6516192345436702,0.5284064412117004,0.026836195960640907,0.007437049536227102,0.09350573922760391,0.007437049536227098,0.09350573922760391,0.01362570854848323,0.09593508789015272,0.009371471608543956,0.09488591577534512,0.013625708548483233,0.0959350878901527,0.00937147181599856,0.0948859159093375,0.03385609301223903,0.10762331263601352,0.5
lewidi_md,gemma,25,GPP-laplace,1,256,0.7632555869989291,0.14865895727063555,0.29750967924999505,0.2938753746470746,0.6535819430814525,0.6535819430814525,0.3812393248081207,0.11856281757354736,0.038305603401068304,0.10687546074989474,0.038305603401068304,0.10687546074989474,0.035901374584334844,0.10492171851286371,0.03783642433909254,0.10701331746135043,0.03590137458433486,0.10492171851286372,0.037836423509162706,0.1070133171047579,0.04529830123901553,0.10733699475222322,1.0
lewidi_md,gemma,25,LPE,1,256,0.7612971764979776,0.1506652119712196,0.3021823611366823,0.2988199985791633,0.62381419692509,0.62381419692509,0.3488936722278595,0.18270400166511536,-0.02651725874681033,0.10344898415979031,-0.026517258746810338,0.10344898415979031,-0.022956833450786533,0.09997513801312707,-0.02561541352122359,0.10310073032958894,-0.022956833450786533,0.09997513801312709,-0.025615413494782954,0.10310073027199321,-0.015981263554226317,0.12254775813872947,-0.5
lewidi_md,gemma,25,LP-temp,1,256,0.6856916963999832,0.15171945287623678,0.3218301333110668,0.3504172835198173,0.6130192999672882,0.6130192999672882,0.6860318110317093,,0.008233971935179475,,0.008233971935179479,,0.010646864143606938,,0.009024740758925044,,0.010646864143606945,,0.00902474123683299,,-0.005833307207156533,,0.5
lewidi_md,gemma,25,GPP-cosine,1,1024,0.7508479050632403,0.15451687527042332,0.31494623251215387,0.3187393219834567,0.6156362446843311,0.6156362446843311,0.577896773815155,0.003029420506209135,-0.029759190752525068,0.04822875470139026,-0.02975919075252506,0.04822875470139026,-0.02879532516832402,0.04741876803863495,-0.029669799300437526,0.04831277352115314,-0.02879532516832403,0.047418768038634956,-0.029669799816846663,0.048312773590428564,-0.0006197305954071022,0.082994846632197,-1.0
lewidi_md,gemma,25,GPP-rbf,1,1024,0.697796294271448,0.13802203253177778,0.28946581458221843,0.30543559955189925,0.65129211645404,0.65129211645404,0.5146586894989014,0.04204279184341431,0.02564688010264388,0.09260274742945698,0.02564688010264388,0.09260274742945697,0.025201967688706577,0.09129418851820625,0.025687243375858593,0.09283914263750404,0.02520196768870657,0.09129418851820627,0.025687241725101416,0.09283914194246158,0.036890845418617244,0.11440416536617065,1.0
lewidi_md,gemma,25,GPP-laplace,1,1024,0.6922792168406502,0.13382203510205062,0.28083480144480755,0.2880949708309572,0.6561988877984952,0.6561988877984952,0.425514280796051,0.10534247756004333,0.09956467493552293,0.1300950195419266,0.09956467493552293,0.1300950195419266,0.0933758310324653,0.12749728200088012,0.0983635195086712,0.13019601540340925,0.09337583103246531,0.1274972820008801,0.09836351714135497,0.13019601455209667,0.08950286296024804,0.13385377981022317,1.0
lewidi_md,gemma,25,LPE,1,1024,0.7049508129725517,0.14014114181381315,0.2927750021739738,0.3011043379051333,0.6444226365718024,0.6444226365718024,0.4962296783924103,0.05418235808610916,0.037070218544435755,0.07316028368415337,0.037070218544435755,0.07316028368415335,0.03560384160780345,0.07018751532949052,0.03687799826836452,0.0727569477874921,0.03560384160780346,0.07018751532949054,0.036877997283153885,0.07275694708328802,0.03971946166429161,0.09789532168059785,1.0
lewidi_md,gemma,25,LP-temp,1,1024,0.6611685244169097,0.13665780533893893,0.29417304210919787,0.32286432225043915,0.6424599280340203,0.6424599280340203,0.6347098615545548,,0.058252743754992765,,0.05825274375499276,,0.05592227625442699,,0.05794271840038634,,0.05592227625442699,,0.05794271727291676,,0.08156958815560068,,1.0
lewidi_md,gemma,25,GPP-cosine,2,16,0.9889425955811755,0.20434374726828725,0.359527812371354,0.29770975699130386,0.5754007196597972,0.5754007196597972,0.3716316223144531,0.021901613101363182,-0.03776050341563596,0.06683282570979239,-0.037760503415635964,0.06683282570979239,-0.04122343717131673,0.06470959257024118,-0.03907319770899113,0.0666446724670391,-0.04122343717131674,0.06470959257024118,-0.03907319776191838,0.06664467281161163,-0.03623774354595916,0.0829100471905877,-1.0
lewidi_md,gemma,25,GPP-rbf,2,16,0.6739905838114513,0.1395190892324605,0.29814921809731454,0.3142935098658794,0.6398429833169774,0.6398429833169774,0.5264276266098022,0.0874859020113945,-0.04066935825870367,0.0828615949455737,-0.040669358258703665,0.08286159494557369,-0.04162211742657641,0.07706670548085033,-0.0412380428283409,0.08166586293609732,-0.04162211742657641,0.07706670548085034,-0.041238042964388384,0.08166586283139628,-0.042139264452880014,0.09729199346305653,-1.0
lewidi_md,gemma,25,GPP-laplace,2,16,0.6807131477378134,0.14066859800023318,0.29825843642607436,0.3174671386400982,0.65129211645404,0.65129211645404,0.4189477562904358,0.19595076143741608,0.0451959979890475,0.10628100776728125,0.0451959979890475,0.10628100776728125,0.02803883665661849,0.09350426016463086,0.04028414176547173,0.10312092278591312,0.02803883665661849,0.09350426016463087,0.040284141147233034,0.10312092249803134,0.03615614737481019,0.08940971632274884,0.5
lewidi_md,gemma,25,LPE,2,16,0.7421074719354162,0.1525517566674523,0.3103517628558413,0.3110229704945469,0.6123650637880275,0.6123650637880275,0.3413179814815521,0.21125294268131256,-0.009205867567448256,0.020026956575398568,-0.00920586756744826,0.02002695657539856,-0.008150545908950951,0.017761454362103152,-0.00894778279663525,0.01947472707763067,-0.008150545908950953,0.017761454362103156,-0.008947782774621094,0.01947472653935394,-0.01250381590018541,0.019930273733009856,-0.5
lewidi_md,gemma,25,LP-temp,2,16,0.684255027672391,0.15036573912419593,0.3184577120103209,0.3440902391709705,0.5763820739286882,0.5763820739286882,0.6770662574127546,,-0.015800862631717677,,-0.015800862631717674,,-0.01042321858332412,,-0.014272522541323664,,-0.010423218583324121,,-0.014272522518324143,,-0.03925940561949081,,-0.5
lewidi_md,gemma,25,GPP-cosine,2,64,0.8395421960148105,0.18056405670002046,0.34169944251192436,0.2876954660896917,0.572456656853124,0.572456656853124,0.47575509548187256,0.014675348997116089,0.005789597132123358,0.0601226511218997,0.005789597132123361,0.0601226511218997,0.0055834781635995725,0.06277120158299307,0.005766545273822209,0.061340752615584256,0.0055834781635995725,0.06277120158299308,0.00576654487644984,0.061340752123326577,0.028594197278822255,0.09980074290448698,1.0
lewidi_md,gemma,25,GPP-rbf,2,64,0.7061132155644706,0.1528222973393696,0.3185483464751226,0.32854295025008606,0.5897939156035329,0.5897939156035329,0.5910519361495972,0.04773617163300514,-0.030542791842787548,0.07916014813544668,-0.030542791842787548,0.07916014813544668,-0.03258712396929892,0.07805236619658514,-0.03137428399037297,0.07936552052988016,-0.03258712396929892,0.07805236619658515,-0.0313742839075057,0.0793655202504733,-0.03532010029248528,0.09493834887014922,-1.0
lewidi_md,gemma,25,GPP-laplace,2,64,0.7297586878151666,0.1540690370795559,0.3146401231969552,0.31842658143801916,0.5858684985279686,0.5858684985279686,0.44490766525268555,0.16252337396144867,0.00850178035849207,0.08411307218617922,0.008501780358492058,0.08411307218617922,0.009636999652957081,0.08751143368800482,0.008905538280147562,0.08572378611790343,0.009636999652957084,0.08751143368800482,0.008905538079850443,0.08572378587769451,-0.003878905116885908,0.09420373874599111,1.0
lewidi_md,gemma,25,LPE,2,64,0.8050778073740705,0.16804354396914967,0.3296619616263663,0.307695809985559,0.5878312070657508,0.5878312070657508,0.36709892749786377,0.17260323464870453,-0.0451572118013913,0.06877477805446758,-0.04515721180139132,0.06877477805446758,-0.04998170314725124,0.059314156975269886,-0.046934974220332375,0.06636687700448973,-0.04998170314725124,0.059314156975269886,-0.0469349752246408,0.06636687671066935,-0.048811825563407886,0.06458248293553015,-1.0
lewidi_md,gemma,25,LP-temp,2,64,0.6915747267176379,0.15423105607243667,0.32566417434675116,0.35164595699761547,0.5760549558390579,0.5760549558390579,0.6883234380675951,,-0.01861683979043248,,-0.018616839790432486,,-0.025371779358971027,,-0.020800222677456782,,-0.02537177935897103,,-0.02080022328507739,,-0.022614797387187805,,-0.5
lewidi_md,gemma,25,GPP-cosine,2,256,0.8708846703298351,0.1702428618944395,0.32018531181403787,0.2892610402572566,0.634936211972522,0.634936211972522,0.4188711643218994,0.006272122263908386,-0.006261512303442912,0.03493867724372253,-0.0062615123034429135,0.03493867724372253,-0.00681391984091468,0.03373048544294667,-0.006472544209155976,0.03481042464297664,-0.006813919840914683,0.03373048544294667,-0.00647254541272657,0.03481042394708819,-0.003998031102358304,0.08821869309321538,-1.0
lewidi_md,gemma,25,GPP-rbf,2,256,0.8079970306579066,0.16076920552584065,0.3133520612025973,0.3049181338180526,0.6362446843310435,0.6362446843310435,0.4365167021751404,0.06747862696647644,-0.04164120343937815,0.0720487085194946,-0.04164120343937815,0.0720487085194946,-0.0418383067236964,0.06842873787299636,-0.0419865725194236,0.07144078538117832,-0.04183830672369641,0.06842873787299637,-0.041986572954091333,0.07144078502706344,-0.03736929008979119,0.07503557745848817,-1.0
lewidi_md,gemma,25,GPP-laplace,2,256,0.8167517817299655,0.16005307409579847,0.30683206482968634,0.2956054838812584,0.6552175335296042,0.6552175335296042,0.3514655530452728,0.11890899389982224,0.04486230538790828,0.09166253650262052,0.04486230538790828,0.09166253650262052,0.04072632945329625,0.0861134877141626,0.04391102286692243,0.09060193966401955,0.04072632945329625,0.0861134877141626,0.04391102259760919,0.09060193951724319,0.04565332475260488,0.09023151884178338,0.5
lewidi_md,gemma,25,LPE,2,256,0.8929643263605873,0.17037918706438018,0.32194621202587426,0.2984049562535235,0.629375204448806,0.629375204448806,0.2952099144458771,0.15431790053844452,-0.06151860062269054,0.06050940028102801,-0.061518600622690545,0.060509400281028,-0.059598757719512924,0.05789148999938967,-0.06135592668011317,0.06012736045647105,-0.059598757719512924,0.05789148999938967,-0.06135592733391045,0.060127360071223136,-0.05944766617197736,0.06920812110471378,-1.0
lewidi_md,gemma,25,LP-temp,2,256,0.696044770397847,0.15213742019290474,0.3188903298790656,0.3407660039942822,0.6221786064769381,0.6221786064769381,0.6610258022066702,,-0.033965374875225586,,-0.033965374875225586,,-0.03322193015640863,,-0.03397189274780854,,-0.03322193015640863,,-0.03397189322132914,,-0.042666949577313824,,-1.0
lewidi_md,gemma,25,GPP-cosine,2,1024,0.7188927527837159,0.15034234155287357,0.3107867553896704,0.32509043884911265,0.6228328426561989,0.6228328426561989,0.6078466773033142,0.003175618126988411,-0.013309997870911725,0.05828653766067029,-0.01330999787091172,0.05828653766067029,-0.017691971702709273,0.05100265175397753,-0.014734823854194381,0.05646922319106111,-0.01769197170270928,0.05100265175397754,-0.014734823668670238,0.05646922313474431,0.03369638624927807,0.09207895662261428,-0.5
lewidi_md,gemma,25,GPP-rbf,2,1024,0.7071861703905479,0.1388770033180293,0.29044681013963014,0.309039620401239,0.6581615963362774,0.6581615963362774,0.5229796171188354,0.03853578492999077,0.009355973231121412,0.09636043569968666,0.009355973231121412,0.09636043569968665,0.01141625692213848,0.0954101542816091,0.01004711886196978,0.09673162173487729,0.01141625692213848,0.09541015428160912,0.010047118287632084,0.09673162137114033,0.011960163260354864,0.12021622602464735,0.5
lewidi_md,gemma,25,GPP-laplace,2,1024,0.7119436112921468,0.13950109938136968,0.2884496485030429,0.2944987138330221,0.656853123977756,0.656853123977756,0.4270904064178467,0.10229835659265518,0.04218274145428637,0.11149585682449861,0.042182741454286354,0.11149585682449861,0.03644862835465146,0.10911881640892308,0.04072671866462217,0.11153655249965572,0.03644862835465146,0.10911881640892308,0.040726717584194466,0.11153655202900578,0.03064974492919045,0.10444662109457625,0.5
lewidi_md,gemma,25,LPE,2,1024,0.6972952314778527,0.1376487484663085,0.2907135995101634,0.30576244113386036,0.6604514229636899,0.6604514229636899,0.5265812873840332,0.044681258499622345,0.013768716651829403,0.08629416133677964,0.013768716651829403,0.08629416133677964,0.0125308642399473,0.08020160591135177,0.013486351483461072,0.08503136249127291,0.012530864239947297,0.08020160591135177,0.013486351235807612,0.0850313623526534,0.012792727661454492,0.09784987284780258,0.5
lewidi_md,gemma,25,LP-temp,2,1024,0.659608833683239,0.13800480428392495,0.2970173286014112,0.3334974798539679,0.6611056591429506,0.6611056591429506,0.6570916192258417,,0.03179857741882245,,0.03179857741882246,,0.03262482543253967,,0.0322679648659582,,0.03262482543253967,,0.032267964913170674,,0.08252061812506929,,1.0
lewidi_md,gemma,25,GPP-cosine,3,16,1.1257951407064264,0.23999914069027076,0.3980255949311796,0.28471443696333587,0.525678770035983,0.525678770035983,0.3878644108772278,0.02369592897593975,0.020930680287624678,0.0924110706909613,0.020930680287624678,0.0924110706909613,0.02282001510986406,0.0889237479000785,0.02164912523577274,0.09198306842875396,0.02282001510986406,0.0889237479000785,0.021649124338416342,0.09198306776606377,0.023402422975540866,0.12720569525326356,1.0
lewidi_md,gemma,25,GPP-rbf,3,16,0.6699651391759675,0.13731896219609377,0.294225989620661,0.30682241991223796,0.6509649983644096,0.6509649983644096,0.5141985416412354,0.09195045381784439,0.018250992709234592,0.08322521119092716,0.01825099270923459,0.08322521119092716,0.013323730965750302,0.07417592587396657,0.016876513389009758,0.08104153008092482,0.013323730965750302,0.07417592587396657,0.016876513384225425,0.08104152970166967,0.011345389589241743,0.08625781236480355,0.5
lewidi_md,gemma,25,GPP-laplace,3,16,0.7069779888985496,0.14411018072888665,0.29785004898626694,0.3028358087480471,0.6663395485770363,0.6663395485770363,0.3836919069290161,0.18411721289157867,0.08049880909188878,0.10928447763631222,0.08049880909188878,0.10928447763631224,0.07390341958450382,0.09925675003834661,0.07904326026926267,0.10698161184232136,0.0739034195845038,0.09925675003834661,0.07904326050071929,0.10698161162931649,0.05945467953265224,0.09300266150338801,1.0
lewidi_md,gemma,25,LPE,3,16,0.7379854093100023,0.14774583848681394,0.30191720885995105,0.30180302352706895,0.6421328099443899,0.6421328099443899,0.3091338574886322,0.22148945927619934,0.02492148204979376,0.040217143104842215,0.024921482049793758,0.0402171431048422,0.022885437123769257,0.030713617357699938,0.024472629477744895,0.037600468297254136,0.022885437123769253,0.030713617357699938,0.024472629562738834,0.037600467297634076,0.022626586682191478,0.04033389153056077,1.0
lewidi_md,gemma,25,LP-temp,3,16,0.690144037252604,0.1541448253418523,0.326799236850598,0.35575578554453874,0.6110565914295061,0.6110565914295061,0.6930026853723797,,0.0072942202635957,,0.0072942202635957075,,0.007403853247160665,,0.007377575932235788,,0.007403853247160663,,0.007377575751727112,,0.00604050691124341,,1.0
lewidi_md,gemma,25,GPP-cosine,3,64,0.9153874779366771,0.17794553298781335,0.3295056284417763,0.290511220473731,0.610075237160615,0.610075237160615,0.4104863107204437,0.012541738338768482,0.03229474379390638,0.0672003902256477,0.032294743793906386,0.06720039022564772,0.02716099800294441,0.06489262934438861,0.030953670317598513,0.06695859696571174,0.027160998002944414,0.06489262934438861,0.03095366950904582,0.0669585963576742,0.03800607460893032,0.09534913400791763,0.5
lewidi_md,gemma,25,GPP-rbf,3,64,0.7761704422745683,0.15368237839292226,0.3031678380187824,0.29633705977064223,0.6414785737651292,0.6414785737651292,0.4011697769165039,0.09697112441062927,0.05924640160350738,0.08100315653889502,0.05924640160350738,0.081003156538895,0.05066363601200112,0.07577891651076206,0.0570403650902839,0.07996835909994422,0.05066363601200112,0.07577891651076207,0.057040364243374386,0.07996835876875323,0.05468169848929826,0.10101937494361618,0.5
lewidi_md,gemma,25,GPP-laplace,3,64,0.7706745599584025,0.14997340712611917,0.2964331123590686,0.29232602083323694,0.6601243048740595,0.6601243048740595,0.3523523509502411,0.14712458848953247,0.10374332680489162,0.11083599979637601,0.10374332680489162,0.110835999796376,0.09454985183329397,0.10275228930362597,0.10165638142740377,0.10913540829470021,0.09454985183329395,0.102752289303626,0.10165638069601741,0.10913540789104142,0.08717251937141202,0.1069965132444221,1.0
lewidi_md,gemma,25,LPE,3,64,0.9023368875177342,0.17450921750085252,0.3223861863085137,0.2910094225308485,0.62381419692509,0.62381419692509,0.27902382612228394,0.13835713267326355,0.016117262030482422,0.10410654856445131,0.016117262030482415,0.1041065485644513,0.012813221582236998,0.09560514415824303,0.015222169758069028,0.10223271686875594,0.012813221582237001,0.09560514415824303,0.015222169156226767,0.10223271562835827,0.013070650094093944,0.10981751151686736,0.5
lewidi_md,gemma,25,LP-temp,3,64,0.7146755415925075,0.15344405403279965,0.3171706556708392,0.32311557257265167,0.6058227019954203,0.6058227019954203,0.6149170280932453,,-0.020995314188487497,,-0.020995314188487497,,-0.016549346298420402,,-0.019786119446547075,,-0.016549346298420402,,-0.019786119776829664,,-0.015198981571659886,,-0.5
lewidi_md,gemma,25,GPP-cosine,3,256,0.7724053635422984,0.15803815971380353,0.3150070469344557,0.31074160166566384,0.6323192672554793,0.6323192672554793,0.556818425655365,0.007338060066103935,0.01901275047344375,0.07081566656755489,0.01901275047344375,0.07081566656755489,0.019922806555487282,0.0698492431975894,0.019420017960074046,0.0710068720943459,0.019922806555487286,0.0698492431975894,0.019420018663608013,0.07100687230434677,0.009259534320604845,0.12976330104037445,1.0
lewidi_md,gemma,25,GPP-rbf,3,256,0.7513310112485522,0.152347009955783,0.30857940258898175,0.3134065944647022,0.6313379129865881,0.6313379129865881,0.5033150911331177,0.0619000606238842,0.005430197986495543,0.09283886717569706,0.005430197986495542,0.09283886717569706,-0.00018490569337607007,0.08566177783257897,0.0037585155073766863,0.09129085517743164,-0.00018490569337607007,0.08566177783257897,0.0037585154105872574,0.09129085472849574,-0.005977980878482341,0.1151072488980462,-0.5
lewidi_md,gemma,25,GPP-laplace,3,256,0.7434028738691103,0.147424011147512,0.3000933610819558,0.3047027926656953,0.6499836440955185,0.6499836440955185,0.41674569249153137,0.12872567772865295,0.030984347743784876,0.10506059302222409,0.030984347743784883,0.10506059302222409,0.021934261795700093,0.09737326139709306,0.028442396756480512,0.10344105422696286,0.021934261795700093,0.09737326139709306,0.0284423968295358,0.1034410539471691,0.011235537129932586,0.10069101038257645,0.5
lewidi_md,gemma,25,LPE,3,256,0.8371307627567,0.16543190338454464,0.3194382957556733,0.30827815326059005,0.61465489041544,0.61465489041544,0.36644452810287476,0.14860785007476807,-0.04137784842862461,0.09630823138108091,-0.04137784842862461,0.09630823138108091,-0.044403258438284604,0.08752425278990347,-0.04258217799925542,0.09429495641860271,-0.044403258438284604,0.08752425278990347,-0.04258217826657927,0.09429495597980328,-0.04278190873112701,0.10735788832925314,-1.0
lewidi_md,gemma,25,LP-temp,3,256,0.7202549032471,0.15728466077734068,0.32550063799945156,0.3389290920400825,0.600915930650965,0.600915930650965,0.647032644712544,,-0.02902688688878516,,-0.029026886888785155,,-0.029126330388107708,,-0.029256083603582853,,-0.02912633038810771,,-0.029256084207069346,,-0.024708154972487975,,-1.0
lewidi_md,gemma,25,GPP-cosine,3,1024,0.7547523909540217,0.15460902531693463,0.3103400351869262,0.30119361194348726,0.6126921818776578,0.6126921818776578,0.5468940138816833,0.0028999228961765766,0.019549158371454274,0.06300880536949399,0.019549158371454267,0.063008805369494,0.017385832627971623,0.06018945690853685,0.01902475067590499,0.06258258931650408,0.017385832627971626,0.06018945690853686,0.019024751040368965,0.06258258953558908,0.05205902153782424,0.105149527959263,0.5
lewidi_md,gemma,25,GPP-rbf,3,1024,0.7072734307285197,0.13954256222439232,0.2910689318693972,0.3035163987153258,0.6548904154399738,0.6548904154399738,0.5162376165390015,0.04148942977190018,0.020764641290375682,0.10443328645342123,0.020764641290375682,0.10443328645342123,0.01803635099159638,0.09918512265992976,0.020076622743148288,0.10355178352885397,0.01803635099159638,0.09918512265992976,0.020076622262803944,0.10355178311788374,0.019395916740826316,0.12064464361646494,0.5
lewidi_md,gemma,25,GPP-laplace,3,1024,0.7154661203781242,0.13934660636654575,0.28645740865187774,0.2890475593304981,0.6633954857703631,0.6633954857703631,0.4167717695236206,0.10526522994041443,0.08147609913466304,0.12408888885121387,0.08147609913466304,0.12408888885121386,0.077266290164397,0.12137049377150426,0.08075327435595789,0.12411200159736899,0.07726629016439703,0.12137049377150427,0.08075327308759547,0.12411200091570802,0.07718804930518065,0.12652871633140517,1.0
lewidi_md,gemma,25,LPE,3,1024,0.7068816505423341,0.14011329230041475,0.2910748432700528,0.2950508494153642,0.6552175335296042,0.6552175335296042,0.5020208358764648,0.046383753418922424,0.030177089207561934,0.10700008356378012,0.030177089207561923,0.10700008356378012,0.02306437566549703,0.09679229926103644,0.028219224660333442,0.10462676359961613,0.02306437566549703,0.09679229926103644,0.02821922438937078,0.10462676309542708,0.037411467585888716,0.11799181294156294,0.5
lewidi_md,gemma,25,LP-temp,3,1024,0.6596682804720809,0.13684676976044205,0.2954809655203388,0.3265000093549021,0.6578344782466471,0.6578344782466471,0.6425520811932968,,0.05183488607463082,,0.051834886074630805,,0.0443925520689618,,0.04992513400906494,,0.04439255206896181,,0.04992513371913628,,0.10153650929200916,,0.5
lewidi_md,gemma,25,GPP-cosine,4,16,1.0765654636279551,0.2259172557863954,0.3801560632757767,0.2895466761949981,0.5577363428197579,0.5577363428197579,0.3095942437648773,0.025073209777474403,0.07133596869394486,0.07568533615764164,0.07133596869394485,0.07568533615764164,0.0663332684304012,0.07350778283617343,0.07030234168792805,0.07554132071111849,0.06633326843040122,0.07350778283617343,0.07030234219439727,0.07554132076685874,0.062778418378832,0.10161197070438917,1.0
lewidi_md,gemma,25,GPP-rbf,4,16,0.7802289098253056,0.15365765757849958,0.30065136023766326,0.2933915243899796,0.6597971867844292,0.6597971867844292,0.37516069412231445,0.13031122088432312,0.119170013243191,0.10248494237998185,0.119170013243191,0.10248494237998185,0.118987466323461,0.09900979102412144,0.11993117376880727,0.10212968438353248,0.11898746632346101,0.09900979102412144,0.11993117485838312,0.10212968436979154,0.09852583419904316,0.10843431564686883,1.0
lewidi_md,gemma,25,GPP-laplace,4,16,0.7737195049274845,0.15195972938086283,0.29779114907514215,0.2925567272678594,0.666012430487406,0.666012430487406,0.3420868515968323,0.1667071431875229,0.13606315738845537,0.1300801381294749,0.13606315738845537,0.1300801381294749,0.13271984837186143,0.1247546688369756,0.1359781483096255,0.1293508755758411,0.13271984837186143,0.1247546688369756,0.13597814888784582,0.12935087568295164,0.11679253462858907,0.11496367590669407,1.0
lewidi_md,gemma,25,LPE,4,16,1.0255155073588844,0.18562053046029953,0.3252595733271555,0.297735428574312,0.6401701014066078,0.6401701014066078,0.2571924924850464,0.0904475525021553,0.04809443245951753,0.05968430686535811,0.048094432459517535,0.05968430686535811,0.05376693666194446,0.057937959945942835,0.050150408533040924,0.05956186349550498,0.05376693666194447,0.05793795994594285,0.050150409588030506,0.0595618638612561,0.05468472289711874,0.08314667170710222,1.0
lewidi_md,gemma,25,LP-temp,4,16,0.6786148956561404,0.14426367281470323,0.30665991194620956,0.32488096488731744,0.6241413150147204,0.6241413150147204,0.6406417076800559,,0.007175011554612585,,0.007175011554612591,,0.011026912111029043,,0.00839646995960512,,0.01102691211102905,,0.008396471003503849,,0.02998874580869949,,0.5
lewidi_md,gemma,25,GPP-cosine,4,64,0.8778060962917921,0.16941713439895403,0.32306588533702285,0.30432356719950143,0.6277396140006543,0.6277396140006543,0.46827778220176697,0.010807203128933907,-0.024492640417768136,0.06339425967881623,-0.024492640417768136,0.06339425967881623,-0.023609098750792517,0.06105462959812298,-0.02439160106083061,0.06311668252478683,-0.023609098750792517,0.06105462959812298,-0.024391601603856387,0.06311668189613437,-0.004795821006321638,0.10027491514719063,-1.0
lewidi_md,gemma,25,GPP-rbf,4,64,0.7597224113607626,0.15585187021441788,0.31023301269815207,0.303535340516248,0.6156362446843311,0.6156362446843311,0.45994365215301514,0.08818761259317398,0.05061075060069445,0.10250846255084263,0.05061075060069445,0.10250846255084262,0.05230891597837738,0.10104779340613781,0.051474423785988155,0.10276645218926178,0.05230891597837738,0.10104779340613783,0.05147442412252935,0.1027664522282927,0.04818795369228111,0.11535884980633564,1.0
lewidi_md,gemma,25,GPP-laplace,4,64,0.7478476712226836,0.15270575699566308,0.30559441385230757,0.3029139831830757,0.634936211972522,0.634936211972522,0.4058573842048645,0.1508457362651825,0.0685523107394711,0.11769819846444235,0.0685523107394711,0.11769819846444234,0.06901299099228203,0.11523281303896513,0.06916232859645344,0.11775451423786765,0.06901299099228203,0.11523281303896513,0.06916232909159147,0.11775451444347879,0.05724871678305956,0.11541778174654246,1.0
lewidi_md,gemma,25,LPE,4,64,0.8469254481864708,0.17250579746134861,0.32617228684886174,0.2918773931167321,0.58717697088649,0.58717697088649,0.31772199273109436,0.168782576918602,0.04534779825206832,0.10419292006563272,0.045347798252068326,0.10419292006563269,0.044998881771555546,0.09580404722979222,0.045552394651180814,0.10235392810434213,0.04499888177155556,0.09580404722979223,0.045552395346263194,0.10235392742912443,0.04703716381893637,0.11063926640881347,1.0
lewidi_md,gemma,25,LP-temp,4,64,0.6882579757337863,0.1519796488475189,0.32039526347941194,0.3451110592179643,0.5806346090938829,0.5806346090938829,0.6787632922570369,,-0.012136272463018098,,-0.012136272463018091,,-0.008129246317145275,,-0.010999950684795534,,-0.008129246317145273,,-0.010999950325159633,,0.032084018317919606,,-0.5
lewidi_md,gemma,25,GPP-cosine,4,256,0.7805595269677535,0.15887755235911802,0.3121281335008255,0.2912381984925293,0.6159633627739614,0.6159633627739614,0.503719687461853,0.007867756299674511,0.038561291963814144,0.06342333678386258,0.03856129196381414,0.06342333678386258,0.02840934612574841,0.056790631813869244,0.03573592916302074,0.061839406782743286,0.028409346125748407,0.05679063181386924,0.03573592815690475,0.061839406532611996,0.05217358199495605,0.0952750681544811,0.5
lewidi_md,gemma,25,GPP-rbf,4,256,0.7158764845950154,0.14452818430489112,0.29767600065994415,0.3001616144553386,0.6499836440955185,0.6499836440955185,0.5197230577468872,0.028764182701706886,0.016441162791669607,0.10126739945049734,0.016441162791669607,0.10126739945049734,0.016198798132996475,0.09609371189199553,0.016480079110322215,0.10038686557358946,0.01619879813299648,0.09609371189199556,0.016480078417093237,0.10038686536793857,0.011538468654575388,0.10996583109177102,1.0
lewidi_md,gemma,25,GPP-laplace,4,256,0.7678542774169937,0.15088964707538483,0.29900008941475653,0.2932650703136925,0.661432777232581,0.661432777232581,0.3677794337272644,0.11543654650449753,0.019221704731551843,0.09697572233536418,0.019221704731551843,0.09697572233536417,0.018703809232351827,0.09404106571177823,0.019195822236948913,0.09674720146816453,0.018703809232351827,0.09404106571177823,0.019195822294465873,0.09674720142088784,0.027278966689604136,0.09262600417931767,1.0
lewidi_md,gemma,25,LPE,4,256,0.7842960779507424,0.1561239285366993,0.30805887636922696,0.29557659485210647,0.6463853451095846,0.6463853451095846,0.3339993953704834,0.15864136815071106,-0.042567476430066545,0.09615735081266401,-0.04256747643006653,0.09615735081266401,-0.0418088057187765,0.09310318021649339,-0.04262831385767524,0.0958868485200378,-0.041808805718776515,0.09310318021649339,-0.042628314545071454,0.09588684778971757,-0.044915565429489226,0.0980175914743672,-1.0
lewidi_md,gemma,25,LP-temp,4,256,0.6837871204783218,0.15131283714552085,0.3210372270663587,0.3524704766737367,0.6382073928688257,0.6382073928688257,0.6892199779729683,,-0.004014495304061322,,-0.004014495304061326,,-0.00747717551833297,,-0.005095838395380096,,-0.007477175518332966,,-0.005095838916767849,,-0.013249321133735573,,-0.5
lewidi_md,gemma,25,GPP-cosine,4,1024,0.7390150135053366,0.15356440924373385,0.31518466329941086,0.3151395945489119,0.6025515210991168,0.6025515210991168,0.5807421803474426,0.0029947329312562943,-0.0013345818387270492,0.06336188314438132,-0.00133458183872705,0.06336188314438132,6.931292462208916e-07,0.06160432692081977,-0.0009373513561966185,0.06326123214923396,6.931292462174221e-07,0.061604326920819776,-0.0009373510191612935,0.06326123191294965,0.03221687156784328,0.09681265849120983,0.5
lewidi_md,gemma,25,GPP-rbf,4,1024,0.6978369918488565,0.13799422884538862,0.2906586513547626,0.31097066711899785,0.65129211645404,0.65129211645404,0.5279678702354431,0.04044051095843315,0.0016585386266541984,0.09837579510305447,0.0016585386266542088,0.09837579510305447,0.004275316805592915,0.09427274984847592,0.0024662940894793397,0.09780128268604027,0.004275316805592919,0.09427274984847592,0.002466293078860006,0.0978012820361491,0.009174943151230143,0.11109308016229832,0.5
lewidi_md,gemma,25,GPP-laplace,4,1024,0.7067977459962083,0.13763704143510874,0.28602825623998185,0.2925738356354634,0.6545632973503435,0.6545632973503435,0.4257552921772003,0.10371796041727066,0.05935538230063037,0.11898749890720856,0.059355382300630366,0.11898749890720857,0.058446028076888326,0.11552425874982804,0.05948541459831823,0.11874896416251217,0.05844602807688834,0.11552425874982804,0.059485413320085515,0.11874896364354427,0.06304257420297445,0.12178824537376255,1.0
lewidi_md,gemma,25,LPE,4,1024,0.6782777040845691,0.13527720645898664,0.2882541805773237,0.3028614704972101,0.6539090611710827,0.6539090611710827,0.5379598736763,0.041738543659448624,0.03730978722159016,0.09288086663444022,0.03730978722159015,0.0928808666344402,0.03919494220524937,0.08965386241095591,0.03813921223752624,0.09253530927392155,0.039194942205249376,0.08965386241095594,0.038139211639865944,0.0925353091799624,0.05003747886541137,0.11406616859439442,1.0
lewidi_md,gemma,25,LP-temp,4,1024,0.6554217258331839,0.13582433521977505,0.2932037715360052,0.3278789083675808,0.6578344782466471,0.6578344782466471,0.6485694152965891,,0.05116020540819309,,0.051160205408193105,,0.055006339632229166,,0.05268135590690702,,0.055006339632229166,,0.052681355475668906,,0.10961044239107237,,1.0
lewidi_md,gemma,37,GPP-cosine,0,16,1.0754202612673807,0.19811903401794512,0.35173321316793765,0.33547453276665173,0.6071311743539418,0.6071311743539418,0.42931991815567017,0.042396992444992065,-0.10862274426883092,0.03826376994873013,-0.10862274426883092,0.038263769948730125,-0.10130919168608885,0.03578010290687832,-0.10714137394544117,0.03777012799934106,-0.10130919168608887,0.03578010290687833,-0.10714137333231838,0.03777012856380893,-0.1278983375968203,0.002961985528169411,-1.0
lewidi_md,gemma,37,GPP-rbf,0,16,0.7284787695111719,0.1624843908509733,0.3310794926491908,0.3334959277197639,0.5528295714753025,0.5528295714753025,0.49974292516708374,0.1431887447834015,-0.13172113577627678,0.0724900681915521,-0.13172113577627675,0.0724900681915521,-0.12646954870862415,0.06826139675227863,-0.13102560487138173,0.07169991818165569,-0.12646954870862415,0.06826139675227866,-0.1310256041030487,0.07169991825589885,-0.13994397781814424,0.06646012380512316,-1.0
lewidi_md,gemma,37,GPP-laplace,0,16,0.699774557937925,0.15184446739524812,0.3171844058586324,0.33614913725583545,0.5832515538109257,0.5832515538109257,0.44400835037231445,0.2068583071231842,-0.08392920993529936,0.05255435901630332,-0.08392920993529936,0.05255435901630332,-0.07974072182197861,0.04968187184384093,-0.08322968602241362,0.05204032251768026,-0.07974072182197861,0.04968187184384094,-0.08322968535924113,0.0520403226344663,-0.11959748987151901,0.05624043458485993,-1.0
lewidi_md,gemma,37,LPE,0,16,0.7693074190480084,0.17053789708235204,0.33754193949832106,0.3191474094420766,0.5711481844946026,0.5711481844946026,0.38485628366470337,0.19980385899543762,-0.10768395854166574,-0.02574363015420443,-0.10768395854166572,-0.025743630154204427,-0.10128406264511008,-0.032059287504384235,-0.10647421615674188,-0.027842164690069244,-0.10128406264511008,-0.03205928750438425,-0.10647421590490919,-0.02784216524969369,-0.10605820960881128,-0.0317444427389818,-1.0
lewidi_md,gemma,37,LP-temp,0,16,0.6928419943286707,0.15521676131430515,0.3281786070242851,0.3558272862612246,0.5446516192345436,0.5446516192345436,0.6930741860890656,,-0.07174936503971005,,-0.07174936503971004,,-0.06970249723077544,,-0.0716181476673945,,-0.06970249723077546,,-0.0716181472148503,,-0.10525342283904933,,-1.0
lewidi_md,gemma,37,GPP-cosine,0,64,0.9117715185820818,0.19278440068992117,0.35745523392545675,0.32287671600731493,0.5789990186457311,0.5789990186457311,0.5168781876564026,0.031913984566926956,-0.09181367636174836,0.05829323283755351,-0.09181367636174836,0.05829323283755352,-0.0871973533028767,0.05439679549118929,-0.09103798059259233,0.05750689854167212,-0.0871973533028767,0.0543967954911893,-0.09103797962782287,0.057506898628053256,-0.12097563163260527,0.07811334078249678,-1.0
lewidi_md,gemma,37,GPP-rbf,0,64,0.7410787627709108,0.1582878787844648,0.32209858239717026,0.3295182096197457,0.5943735688583579,0.5943735688583579,0.497382253408432,0.11547356098890305,-0.08455261964972521,0.06483498939825288,-0.08455261964972521,0.06483498939825288,-0.08405089915001021,0.06055618436168345,-0.08497939708751963,0.06397711863248721,-0.08405089915001021,0.06055618436168346,-0.08497939595746946,0.06397711891192356,-0.07996538478912511,0.06318186423266277,-1.0
lewidi_md,gemma,37,GPP-laplace,0,64,0.7015812353638231,0.14596685968422907,0.30451646968289736,0.32105578105718985,0.6437684003925417,0.6437684003925417,0.43020692467689514,0.18207667768001556,-0.01885462315525081,0.06499455633175162,-0.018854623155250813,0.06499455633175161,-0.01909973796966196,0.06208504536090095,-0.019058439065169335,0.06455450936403537,-0.019099737969661957,0.06208504536090095,-0.019058438547469678,0.06455450962716572,-0.022998895921056906,0.06730610081160517,-1.0
lewidi_md,gemma,37,LPE,0,64,0.8142146616601201,0.1735388752416299,0.339863810429593,0.32226194473741826,0.5574092247301276,0.5574092247301276,0.3317885398864746,0.22592322528362274,-0.09425117973313049,0.044990180428554974,-0.09425117973313049,0.04499018042855496,-0.09267448510328984,0.04281656777219663,-0.09441726798381297,0.04463699887720826,-0.09267448510328984,0.04281656777219663,-0.09441726747893489,0.04463699963865289,-0.09226251188212786,0.04595975560159139,-1.0
lewidi_md,gemma,37,LP-temp,0,64,0.6934363561834016,0.1553164506758573,0.3279724860930249,0.3544609061379481,0.5286228328426562,0.5286228328426562,0.6916801983780781,,-0.06979830210008142,,-0.0697983021000814,,-0.06761302199894761,,-0.06961158903908288,,-0.06761302199894761,,-0.06961158777932744,,-0.07335273734040916,,-1.0
lewidi_md,gemma,37,GPP-cosine,0,256,0.9246011189798773,0.16555691220364602,0.30681448303941,0.2891912478786816,0.6552175335296042,0.6552175335296042,0.413539320230484,0.011034373193979263,0.03050491654120132,0.05584756870664222,0.030504916541201313,0.05584756870664222,0.02877650137709718,0.04887634015646555,0.030187953215787967,0.05410869304204567,0.028776501377097183,0.04887634015646555,0.03018795284521305,0.0541086928051862,0.041057619903018365,0.11199610433735326,1.0
lewidi_md,gemma,37,GPP-rbf,0,256,0.7506329413391455,0.13995693596382475,0.28372075526769,0.2945660882497193,0.6823683349689238,0.6823683349689238,0.426938533782959,0.05926663428544998,0.040233275039114086,0.09595497236730363,0.04023327503911408,0.09595497236730363,0.03599901877589842,0.09243666087660278,0.03922035745567207,0.09554182670692207,0.03599901877589843,0.0924366608766028,0.039220355804797054,0.09554182628663513,0.028920969993306806,0.12293578048757971,0.5
lewidi_md,gemma,37,GPP-laplace,0,256,0.7327479494123216,0.13923024627402936,0.2833566857562186,0.2885455470248203,0.6722276741903828,0.6722276741903828,0.3599558472633362,0.12626715004444122,0.08001495262566456,0.12253130564487756,0.08001495262566455,0.12253130564487758,0.07617368630007872,0.12026088056913162,0.07939427613442174,0.12268007864185561,0.07617368630007873,0.12026088056913162,0.07939427386741016,0.12268007750035809,0.0803274574107133,0.12029513576631193,1.0
lewidi_md,gemma,37,LPE,0,256,0.8260415370472375,0.14751576419582543,0.29003253862289835,0.294309096125083,0.6696107294733399,0.6696107294733399,0.2886444330215454,0.1532769501209259,0.0001301856433646685,0.0932074715051932,0.00013018564336467718,0.0932074715051932,-0.0028346273719026278,0.08672620769663908,-0.0007712317583098375,0.0918737528628061,-0.0028346273719026347,0.08672620769663908,-0.0007712332023678253,0.09187375245167195,-0.0019602917993708797,0.11178917878376257,-0.5
lewidi_md,gemma,37,LP-temp,0,256,0.7011906506114801,0.14736899088157537,0.30675410239854356,0.32742487440007595,0.656853123977756,0.656853123977756,0.6220775798561017,,0.02111072556102289,,0.02111072556102288,,0.019809293629037987,,0.020859328173755604,,0.019809293629037987,,0.020859328252178864,,0.0024120821443785996,,1.0
lewidi_md,gemma,37,GPP-cosine,0,1024,0.7396232544957885,0.14948145966449666,0.30510629673427336,0.30424873742712166,0.6414785737651292,0.6414785737651292,0.5384495258331299,0.003762410255149007,0.018902577167844263,0.09432710607260739,0.018902577167844267,0.09432710607260737,0.013323300139260823,0.08619517175135985,0.01733412941577492,0.09249869652153281,0.013323300139260823,0.08619517175135985,0.01733412927853876,0.09249869607927147,0.014955459371480974,0.11893612335345201,0.5
lewidi_md,gemma,37,GPP-rbf,0,1024,0.67867634117545,0.12541834274364266,0.267885270277614,0.2845528764624745,0.6866208701341184,0.6866208701341184,0.47000810503959656,0.037550296634435654,0.11029232660395649,0.11952344225637285,0.11029232660395649,0.11952344225637286,0.09783635878069633,0.1180993116938776,0.10725735864082334,0.11990916205944517,0.09783635878069633,0.1180993116938776,0.10725735659228366,0.11990916161290077,0.09778724325166493,0.14843681473610834,0.5
lewidi_md,gemma,37,GPP-laplace,0,1024,0.6662319675816932,0.12063562240958345,0.2594074285583827,0.2768769130795629,0.7023225384363755,0.7023225384363755,0.3866487145423889,0.10377507656812668,0.14828358135973696,0.15378968769153617,0.14828358135973693,0.15378968769153617,0.13050804905112998,0.14876344444365186,0.14389002828219782,0.15331398186075104,0.13050804905112998,0.14876344444365186,0.14389002544748042,0.15331398076189617,0.12611098832276466,0.15342765524522128,0.5
lewidi_md,gemma,37,LPE,0,1024,0.6731527676155219,0.12937407488630573,0.27604895718941036,0.2861807686606051,0.666993784756297,0.666993784756297,0.4885402321815491,0.04544422775506973,0.08961432889507456,0.11251945075738201,0.08961432889507456,0.11251945075738198,0.08278165702545023,0.10615833185121998,0.08814903775791802,0.11135464918122409,0.08278165702545023,0.10615833185122,0.0881490363755908,0.11135464848844023,0.07510963886665234,0.13155000710476256,1.0
lewidi_md,gemma,37,LP-temp,0,1024,0.6426576357525604,0.12773559984561267,0.2803265801872589,0.3100475158029568,0.6689564932940791,0.6689564932940791,0.6108350572997671,,0.1100670043770026,,0.11006700437700259,,0.10204451453237393,,0.1083797745209644,,0.10204451453237393,,0.10837977302505122,,0.12373647963833528,,1.0
lewidi_md,gemma,37,GPP-cosine,1,16,0.8638638870419387,0.1737545221579023,0.32778857739631295,0.3114007265716997,0.62381419692509,0.62381419692509,0.42982950806617737,0.05019506812095642,-0.09410082349026938,0.07409875161926749,-0.09410082349026938,0.07409875161926749,-0.08942241156390478,0.06946072548937593,-0.09332190630462148,0.07319504373139397,-0.08942241156390479,0.06946072548937594,-0.09332190701794878,0.0731950428352785,-0.09382927903109227,0.03775030715815259,-1.0
lewidi_md,gemma,37,GPP-rbf,1,16,0.722792474807476,0.14521713773615647,0.29658347055118556,0.3017663140583579,0.6529277069021917,0.6529277069021917,0.40185487270355225,0.13257209956645966,0.007099036182121404,0.09378911530414176,0.007099036182121411,0.09378911530414175,0.002960978899763581,0.08656548770941803,0.005888314389808365,0.09223345228570479,0.002960978899763579,0.08656548770941803,0.00588831212072217,0.09223345089949134,0.016462254919495465,0.08377985199065913,0.5
lewidi_md,gemma,37,GPP-laplace,1,16,0.7150328580613152,0.1441027949903755,0.29639722971080523,0.2994075179486084,0.662414131501472,0.662414131501472,0.36684679985046387,0.17700311541557312,0.02114995843001217,0.07062120535171547,0.02114995843001216,0.07062120535171545,0.014805171571683677,0.062467505549324384,0.01936393797037379,0.06862370628465472,0.014805171571683665,0.06246750554932439,0.01936393609494568,0.06862370480951363,0.016051107093318067,0.06868367074270518,0.5
lewidi_md,gemma,37,LPE,1,16,0.7586678363207922,0.15202729599877438,0.3039048512230698,0.302089523160299,0.6355904481517828,0.6355904481517828,0.30512773990631104,0.1927967369556427,0.0025068653824973502,0.020840523914821097,0.0025068653824973433,0.0208405239148211,-0.007358791897562319,0.03017559752501675,-0.00047846300735460666,0.02382438316133884,-0.0073587918975623265,0.03017559752501675,-0.00047846435596414494,0.023824381352282285,-0.00798309458271755,0.02257338354196314,-0.5
lewidi_md,gemma,37,LP-temp,1,16,0.6702348138327127,0.14329483102152263,0.3056010577147229,0.3346657230643287,0.6179260713117435,0.6179260713117435,0.6596497144044269,,-0.005315936216462487,,-0.005315936216462499,,-0.008808718122683145,,-0.006415359702930708,,-0.008808718122683154,,-0.0064153606914915335,,-0.036651538602223324,,-0.5
lewidi_md,gemma,37,GPP-cosine,1,64,0.8137432595287856,0.16336048279982526,0.31533706761385516,0.29043566125486586,0.6225057245665685,0.6225057245665685,0.4683607518672943,0.0335322804749012,0.015040876606590294,0.0729334876074309,0.015040876606590288,0.0729334876074309,0.02234554486861854,0.07249844326632127,0.01736705621542317,0.07330092696581912,0.022345544868618547,0.07249844326632127,0.017367056824598655,0.07330092731544213,0.04180671667072803,0.10073585747224818,0.5
lewidi_md,gemma,37,GPP-rbf,1,64,0.760722984070756,0.1578824216494243,0.31451528683630153,0.3063978508504848,0.5937193326790972,0.5937193326790972,0.4525493085384369,0.10537920147180557,0.03560960084654889,0.08283037941885582,0.035609600846548885,0.08283037941885579,0.038935848463336836,0.08162857231184087,0.03686595521193076,0.08303228971408075,0.03893584846333686,0.08162857231184088,0.03686595609139289,0.08303228963771447,0.024607250300591,0.1020676714223458,1.0
lewidi_md,gemma,37,GPP-laplace,1,64,0.7301759411402166,0.15172539624348058,0.3079492054751102,0.3107072209924719,0.592737978410206,0.592737978410206,0.41113343834877014,0.17583805322647095,0.08711048995061438,0.10794649489890665,0.08711048995061436,0.10794649489890665,0.09137182887411911,0.10824185185643301,0.08900438439801772,0.10877618145872864,0.09137182887411911,0.10824185185643302,0.08900438462686149,0.10877618126948413,0.07987128271837199,0.10434255670842799,1.0
lewidi_md,gemma,37,LPE,1,64,0.8558910297172745,0.16955959194302267,0.31989099758366624,0.2890574657248803,0.6025515210991168,0.6025515210991168,0.29677727818489075,0.1708730012178421,0.03962764140706934,0.1163627851555703,0.03962764140706934,0.11636278515557029,0.03816815201048406,0.11062373597282968,0.03945504425849658,0.11541364375830479,0.03816815201048406,0.11062373597282968,0.039455044909129246,0.11541364347135706,0.03646662515740015,0.12914830750486747,1.0
lewidi_md,gemma,37,LP-temp,1,64,0.6873540962009158,0.14987711913696788,0.31681734848959353,0.33588037839661006,0.5842329080798168,0.5842329080798168,0.6620991647310525,,0.0200383943550186,,0.020038394355018592,,0.017827071353613937,,0.019502732117107187,,0.01782707135361394,,0.01950273260132839,,0.0253242193151902,,0.5
lewidi_md,gemma,37,GPP-cosine,1,256,0.8340627341659457,0.16586252022529524,0.32227820625319326,0.32574125253667696,0.624795551193981,0.624795551193981,0.5315685272216797,0.011188546195626259,-0.019177370894418004,0.10324218142312276,-0.019177370894418004,0.10324218142312275,-0.017697070604495258,0.1012829723450964,-0.018858286802416885,0.10335347413436288,-0.017697070604495258,0.10128297234509642,-0.018858286540646727,0.1033534743736368,-0.015931093871019566,0.11785503096814562,-1.0
lewidi_md,gemma,37,GPP-rbf,1,256,0.7421057660954381,0.14109827838371963,0.2867551668650523,0.29717262313371823,0.6673209028459274,0.6673209028459274,0.44503122568130493,0.06109406426548958,0.05657459996104124,0.096615962455675,0.05657459996104124,0.096615962455675,0.05202535580456541,0.09659354703015147,0.05557781235341538,0.0972712859530542,0.05202535580456541,0.09659354703015147,0.05557781140202461,0.09727128577077578,0.05809206998812756,0.13134736409539408,1.0
lewidi_md,gemma,37,GPP-laplace,1,256,0.7215813125878178,0.13648498707201503,0.28153170565372326,0.28765794340195744,0.6702649656526006,0.6702649656526006,0.3760215640068054,0.12776023149490356,0.07927756001968916,0.12848869388615114,0.07927756001968916,0.12848869388615114,0.075899630127613,0.12619504802369658,0.07879284146378417,0.12867122809533596,0.075899630127613,0.12619504802369658,0.07879283999815681,0.12867122722015711,0.08425930583509618,0.12852366690430966,1.0
lewidi_md,gemma,37,LPE,1,256,0.792561749819503,0.1449266705791203,0.28948785910689545,0.28937141761282614,0.6503107621851488,0.6503107621851488,0.30092471837997437,0.16933855414390564,0.03294599565671413,0.11205239567778894,0.03294599565671413,0.11205239567778894,0.02707332377426381,0.10249811803269246,0.03138450108066938,0.10991258896965422,0.027073323774263806,0.10249811803269246,0.031384500534807735,0.10991258876022869,0.02388570625475864,0.13766904360745413,0.5
lewidi_md,gemma,37,LP-temp,1,256,0.7003324180450823,0.14976035223548034,0.3144552901548268,0.336202440246217,0.6375531566895649,0.6375531566895649,0.6378243853317606,,-0.020005307784783665,,-0.02000530778478366,,-0.02047166232759841,,-0.020284341748680067,,-0.020471662327598422,,-0.02028434143304621,,0.025173172539487514,,-1.0
lewidi_md,gemma,37,GPP-cosine,1,1024,0.7383208166344187,0.15406956719099774,0.31238032401472876,0.31701571636369114,0.6270853778213935,0.6270853778213935,0.5760372281074524,0.0041888621635735035,-0.004612880961027765,0.07432166121568845,-0.004612880961027766,0.07432166121568845,-0.0002324825006090785,0.07193561263067644,-0.0033113666303855264,0.07410484665640361,-0.00023248250060907936,0.07193561263067644,-0.003311366567003306,0.074104846847039,-0.018163032928181954,0.10505040852130733,0.5
lewidi_md,gemma,37,GPP-rbf,1,1024,0.6555148516940191,0.12064377089546592,0.2615882030114794,0.28620923156661043,0.6902191691200523,0.6902191691200523,0.4874059557914734,0.04056364670395851,0.13347154308912335,0.12968510829100918,0.13347154308912335,0.1296851082910092,0.1263834237096665,0.1271218207861634,0.13222907911666973,0.12979377938273523,0.1263834237096665,0.1271218207861634,0.1322290763923873,0.12979377841281955,0.12137796067661795,0.16472761469018976,1.0
lewidi_md,gemma,37,GPP-laplace,1,1024,0.6485943345010724,0.11738884876825585,0.2558311236083418,0.2718681270199034,0.6938174681059862,0.6938174681059862,0.3976602852344513,0.1059008240699768,0.1854278957548598,0.18247520393385028,0.1854278957548598,0.18247520393385025,0.17394151543131448,0.17870312015866097,0.18320294374582585,0.1825777809207143,0.1739415154313145,0.178703120158661,0.1832029407352205,0.1825777794437619,0.17357233826750593,0.1860814537558733,1.0
lewidi_md,gemma,37,LPE,1,1024,0.6731474654754944,0.1269963796162283,0.2703298844993825,0.289047234175177,0.6777886817140988,0.6777886817140988,0.4836222231388092,0.05064309388399124,0.09120755485185286,0.11688692998903426,0.09120755485185286,0.11688692998903427,0.09032266244320097,0.11352325566771054,0.09156332671990453,0.11666430107185816,0.09032266244320097,0.11352325566771054,0.09156332539081036,0.11666430006671423,0.0922714315910161,0.14647647416934212,1.0
lewidi_md,gemma,37,LP-temp,1,1024,0.6421720232131142,0.12961386882405931,0.2823659556405187,0.3228527287246293,0.6774615636244684,0.6774615636244684,0.6412770880371157,,0.0957536840272035,,0.0957536840272035,,0.09447568210295175,,0.09602097348165417,,0.09447568210295176,,0.09602097197285904,,0.14398574200370462,,1.0
lewidi_md,gemma,37,GPP-cosine,2,16,1.1258960983640998,0.20942255943622975,0.3586134318910477,0.33807058503368265,0.6143277723258096,0.6143277723258096,0.3725842237472534,0.031278032809495926,-0.12620969796445886,0.029720001195116783,-0.12620969796445886,0.029720001195116787,-0.12276391974003703,0.021904519961574897,-0.12602597401167687,0.027545124107838482,-0.12276391974003703,0.0219045199615749,-0.12602597406135105,0.027545123871510948,-0.11788183513039344,-0.034211841707095625,-1.0
lewidi_md,gemma,37,GPP-rbf,2,16,0.6628944681949566,0.13381521481702854,0.28777405406303624,0.30480616996698023,0.6588158325155381,0.6588158325155381,0.5061306953430176,0.08968498557806015,-0.006933294339062682,0.09018179903592771,-0.006933294339062682,0.09018179903592771,-0.007135745091576639,0.08379443037926525,-0.007042424557416015,0.08885592032676105,-0.007135745091576634,0.08379443037926525,-0.00704242536309437,0.08885591979591542,-0.011710181790848428,0.10320960751578005,-1.0
lewidi_md,gemma,37,GPP-laplace,2,16,0.6654505842494048,0.1359811455457059,0.29118801764827035,0.314749942722013,0.6647039581288845,0.6647039581288845,0.4169294536113739,0.2011861652135849,0.04527654850268906,0.10596766305624261,0.04527654850268906,0.10596766305624261,0.03718575799285101,0.09712546507854664,0.04312449878528869,0.10400286934169652,0.03718575799285101,0.09712546507854664,0.04312449813361312,0.10400286884051793,0.03419912261753839,0.09501368419897184,0.5
lewidi_md,gemma,37,LPE,2,16,0.7390218807580197,0.14913752868188296,0.3032265235928104,0.3045315638760717,0.6355904481517828,0.6355904481517828,0.339656800031662,0.1940682828426361,0.0021005268355975843,0.04951342143332904,0.0021005268355975813,0.049513421433329034,-0.002436926026977748,0.04359127683109233,0.000733996547633689,0.04805041313334761,-0.0024369260269777437,0.043591276831092346,0.0007339960963834106,0.04805041219333798,-0.008850817846493695,0.05520122792829301,-0.5
lewidi_md,gemma,37,LP-temp,2,16,0.6839180995634891,0.1442564183478686,0.30507424884623247,0.3213152878531489,0.6048413477265293,0.6048413477265293,0.6229276703057212,,0.02838749891181869,,0.02838749891181868,,0.01921189557471794,,0.02578955085107415,,0.019211895574717936,,0.025789550380479965,,0.015436671082545171,,0.5
lewidi_md,gemma,37,GPP-cosine,2,64,0.8451595701650916,0.1689080196769293,0.3237415993808224,0.30232919596584346,0.6068040562643114,0.6068040562643114,0.4871605336666107,0.027475224807858467,-0.014015526725091803,0.05660825712138493,-0.014015526725091796,0.05660825712138493,-0.008898875018275914,0.05793815848955208,-0.01255438132881671,0.057400956193984026,-0.008898875018275914,0.05793815848955209,-0.012554381170171108,0.05740095627446492,0.026054341842351808,0.09868159925698704,-0.5
lewidi_md,gemma,37,GPP-rbf,2,64,0.725977120791921,0.151006154024131,0.309062585571283,0.31675262581368735,0.6143277723258096,0.6143277723258096,0.49984902143478394,0.09175273030996323,-0.014320793598021301,0.0796971570890003,-0.014320793598021294,0.07969715708900031,-0.012640003737965734,0.08204849872366138,-0.013907408672978051,0.08095895763150907,-0.012640003737965737,0.08204849872366138,-0.013907409356142098,0.08095895731588953,-0.018622734447551022,0.0948035161243842,-0.5
lewidi_md,gemma,37,GPP-laplace,2,64,0.7169568101631513,0.1486670368017799,0.3057076701523336,0.3146526113819866,0.6094210009813543,0.6094210009813543,0.43059641122817993,0.16840068995952606,0.037189621085912096,0.08189681804790983,0.037189621085912096,0.08189681804790981,0.036918980808177446,0.08585951044208567,0.03736212897758358,0.08366409132247918,0.036918980808177446,0.08585951044208567,0.037362127818862854,0.08366409060939692,0.027949794006394378,0.0957272689457507,1.0
lewidi_md,gemma,37,LPE,2,64,0.7814035808002981,0.15805255922129519,0.3140046763205639,0.3029805014664758,0.6051684658161597,0.6051684658161597,0.36141809821128845,0.1684536188840866,-0.00982376057406846,0.09574826625032956,-0.009823760574068464,0.09574826625032956,-0.011383453945480638,0.08802430463963723,-0.010365762735845056,0.09405375863977114,-0.011383453945480636,0.08802430463963723,-0.010365763419695952,0.09405375788908232,-0.011725685162977076,0.08521295740604878,-1.0
lewidi_md,gemma,37,LP-temp,2,64,0.6936789995374996,0.15101688131210006,0.31738821739761036,0.3358441602771175,0.6087667648020936,0.6087667648020936,0.6560082234693225,,-0.005699481756584117,,-0.005699481756584118,,-0.006367545088871946,,-0.005941860479291392,,-0.0063675450888719416,,-0.0059418606017189275,,0.004956045671244971,,-1.0
lewidi_md,gemma,37,GPP-cosine,2,256,0.9456114832297726,0.17365514213709446,0.317272729418075,0.2946564348774259,0.6434412823029113,0.6434412823029113,0.3829936385154724,0.009630948305130005,0.009688561818140595,0.0657641087656708,0.009688561818140599,0.06576410876567079,0.016497460274267607,0.06441316523779055,0.011827177689573695,0.06580366941396157,0.01649746027426761,0.06441316523779055,0.011827176444376548,0.06580366933173476,0.020205602840069517,0.1270882801935126,0.5
lewidi_md,gemma,37,GPP-rbf,2,256,0.7684246404369758,0.14331121031243382,0.28523278882349484,0.28303130167167073,0.662414131501472,0.662414131501472,0.39754214882850647,0.05968458577990532,0.09000259991353825,0.11115666127561108,0.09000259991353825,0.11115666127561108,0.08448829383426876,0.10601752802280054,0.08894120048505175,0.11035441845481231,0.08448829383426874,0.10601752802280053,0.08894119764984398,0.1103544174625679,0.09226684793513118,0.144248971365184,1.0
lewidi_md,gemma,37,GPP-laplace,2,256,0.7480519736753016,0.14196774971737292,0.28485078022409793,0.2821722364900465,0.6686293752044488,0.6686293752044488,0.34241780638694763,0.12183652073144913,0.11155268703070867,0.1349580630537452,0.11155268703070866,0.1349580630537452,0.10180248560098193,0.1277306781412662,0.10934982829178025,0.13368340276157484,0.10180248560098194,0.1277306781412662,0.10934982504323114,0.1336834009441309,0.11142395976248246,0.13213926678582774,1.0
lewidi_md,gemma,37,LPE,2,256,0.8828329001202685,0.1526746874715327,0.29238836194424156,0.2826665748318382,0.662414131501472,0.662414131501472,0.2536104917526245,0.15325838327407837,0.04956105258350581,0.11768918117416563,0.0495610525835058,0.11768918117416562,0.04468410586385801,0.11081037139709866,0.04841646568409018,0.11640225593413364,0.044684105863858,0.11081037139709868,0.048416463664480366,0.11640225459597824,0.04200354275114975,0.14058113874978537,0.5
lewidi_md,gemma,37,LP-temp,2,256,0.7056084352462105,0.1481485426013895,0.30800174401965147,0.3280120953097677,0.6454039908406934,0.6454039908406934,0.6104662742275052,,-0.01947902728640935,,-0.019479027286409347,,-0.015605587126752429,,-0.01843368364641136,,-0.015605587126752429,,-0.01843368440472279,,0.015631649152104694,,-0.5
lewidi_md,gemma,37,GPP-cosine,2,1024,0.737783100966092,0.15198422333238432,0.31162310794787307,0.32263973120494155,0.6323192672554793,0.6323192672554793,0.5761756896972656,0.003787148976698518,-0.009791116755884035,0.08579570463973586,-0.009791116755884038,0.08579570463973583,-0.012535091026196888,0.08050520695814536,-0.010693318614832616,0.08477358750991816,-0.01253509102619689,0.08050520695814536,-0.01069331766389384,0.0847735880389067,-0.06843369043937902,0.11348214112566885,-0.5
lewidi_md,gemma,37,GPP-rbf,2,1024,0.6739421928265781,0.12301265183783432,0.264384384746498,0.28686151719418235,0.694471704285247,0.694471704285247,0.4823973476886749,0.036076758056879044,0.11895110497789499,0.13427829857610518,0.11895110497789498,0.13427829857610518,0.10978429230372011,0.13092591883968166,0.11697649859248985,0.1341782966129485,0.10978429230372012,0.13092591883968166,0.11697649683270762,0.1341782960575349,0.09741195969187663,0.17484062844494613,1.0
lewidi_md,gemma,37,GPP-laplace,2,1024,0.6566742427734198,0.11797272005105575,0.2560336300133487,0.2749927918889497,0.7019954203467452,0.7019954203467452,0.3959634006023407,0.10292468219995499,0.16046851462404227,0.17670064125275703,0.1604685146240422,0.17670064125275703,0.14872633647126454,0.17248776865008697,0.15799465724798417,0.17662949356084706,0.14872633647126454,0.17248776865008697,0.15799465501008675,0.1766294922372837,0.14206041340885436,0.17741331220671258,1.0
lewidi_md,gemma,37,LPE,2,1024,0.6834167098030148,0.1283628710900968,0.27395184076956136,0.29716951381601164,0.6872751063133792,0.6872751063133792,0.4937160015106201,0.049241285771131516,0.0615484256238306,0.11605241199837282,0.0615484256238306,0.11605241199837284,0.054291173038165,0.1080798080003613,0.05976157166549915,0.11442138461566989,0.054291173038165,0.1080798080003613,0.05976157042515617,0.11442138414595017,0.04756580195670456,0.13287952390435098,0.5
lewidi_md,gemma,37,LP-temp,2,1024,0.6463361857673364,0.13148860596740428,0.2869842005868796,0.3276193329781571,0.6810598626104023,0.6810598626104023,0.6435473916742178,,0.07260630323853348,,0.07260630323853348,,0.06665136775396727,,0.07129157955161158,,0.06665136775396727,,0.07129157898683414,,0.09946601098480004,,1.0
lewidi_md,gemma,37,GPP-cosine,3,16,0.9306167801492033,0.1831919624322947,0.33678570727239715,0.31291416850634624,0.5960091593065097,0.5960091593065097,0.4252845346927643,0.04863209277391434,-0.0881752428949632,0.05253455709865909,-0.0881752428949632,0.05253455709865909,-0.08369986690973669,0.047985111400278176,-0.08741750733507443,0.05151002022619827,-0.08369986690973669,0.04798511140027817,-0.08741750694874763,0.051510020217926084,-0.07234470689758109,0.01378492817526491,-1.0
lewidi_md,gemma,37,GPP-rbf,3,16,0.754864077064061,0.15166363192665447,0.3043651468687778,0.3114130859244633,0.6346090938828918,0.6346090938828918,0.3869176506996155,0.14976699650287628,0.030539644623097325,0.10313426790500452,0.03053964462309732,0.10313426790500449,0.026743796771518672,0.0952237524178077,0.02959371794018156,0.1014336036242417,0.026743796771518676,0.09522375241780773,0.029593717148404457,0.1014336029047041,0.03500137136196699,0.0785943427722,0.5
lewidi_md,gemma,37,GPP-laplace,3,16,0.7218454608580109,0.14747897297919266,0.30240981224960883,0.30960928036965424,0.661432777232581,0.661432777232581,0.37069374322891235,0.18961843848228455,0.06529206010453804,0.08839840627401574,0.06529206010453804,0.08839840627401574,0.05914523115319434,0.08082069107409762,0.06386880841312999,0.0866980358734926,0.05914523115319434,0.08082069107409762,0.06386880763003838,0.08669803508764792,0.05244688011155829,0.075635872634939,0.5
lewidi_md,gemma,37,LPE,3,16,0.9301567680315269,0.1723202131963006,0.3158112415009497,0.29954857023385634,0.6408243375858685,0.6408243375858685,0.271361380815506,0.12433812022209167,0.03539226439383085,0.019923384940751163,0.03539226439383085,0.019923384940751153,0.03796260701204786,0.01784686717280399,0.03641707754672872,0.019427961053118337,0.03796260701204786,0.01784686717280399,0.03641707703783298,0.019427960851094012,0.03976101046105352,0.023474309364499117,1.0
lewidi_md,gemma,37,LP-temp,3,16,0.6953345257539739,0.14687007910525393,0.3080835292021241,0.32000856814341544,0.6130192999672882,0.6130192999672882,0.612080203103141,,-0.01141394067580738,,-0.011413940675807374,,-0.009385461386544787,,-0.010874818382841281,,-0.009385461386544797,,-0.010874818816474573,,0.005460012813212257,,-0.5
lewidi_md,gemma,37,GPP-cosine,3,64,0.8168640671446874,0.16058319693603076,0.3113500613412364,0.2938580389832474,0.6333006215243703,0.6333006215243703,0.4278387129306793,0.0311700701713562,-0.014984717001813608,0.062074837103227865,-0.014984717001813612,0.06207483710322785,-0.014667118767362599,0.05601365165345497,-0.01499075520533899,0.060655601274603475,-0.014667118767362597,0.056013651653454975,-0.014990754800480746,0.060655600924877005,-0.0214439207954296,0.10259852943133733,-1.0
lewidi_md,gemma,37,GPP-rbf,3,64,0.7493158667090263,0.14229719814787545,0.28507926617558627,0.2865180985192179,0.6692836113837095,0.6692836113837095,0.3749285936355591,0.09712114930152893,0.11181082155245664,0.11457795037085633,0.11181082155245663,0.11457795037085632,0.10225077031591431,0.10905911346774105,0.10966760211457188,0.11368359611976922,0.10225077031591433,0.10905911346774105,0.1096675997419273,0.1136835950966936,0.11287245457450945,0.11863738734637004,1.0
lewidi_md,gemma,37,GPP-laplace,3,64,0.7496203189937758,0.14255264158380396,0.2857219556795593,0.2890178549736378,0.671573438011122,0.671573438011122,0.3391892611980438,0.14873872697353363,0.12549897375884378,0.12537604739953337,0.12549897375884378,0.1253760473995334,0.11379029084961431,0.11666710730836452,0.12279565093951308,0.12358482225003391,0.11379029084961433,0.11666710730836455,0.12279564911626739,0.12358482115076017,0.12275051197585829,0.12024311054105989,0.5
lewidi_md,gemma,37,LPE,3,64,0.8722554599903242,0.1610085244884989,0.30049551424066123,0.2835425262012909,0.652273470722931,0.652273470722931,0.26920703053474426,0.1315210461616516,0.08629413536080585,0.10961689944784986,0.08629413536080585,0.10961689944784986,0.07998213359078601,0.10648128515124594,0.08496455015373874,0.10941385395340028,0.07998213359078603,0.10648128515124594,0.08496454847639251,0.10941385276157299,0.08899915754479192,0.12316398648956119,1.0
lewidi_md,gemma,37,LP-temp,3,64,0.6869656981504062,0.14136986902310023,0.2959224451991718,0.30838514209728163,0.6391887471377167,0.6391887471377167,0.5935754079904114,,0.06165803411238109,,0.06165803411238109,,0.06280780369385966,,0.062430519987083086,,0.06280780369385966,,0.06243051864148068,,0.07123325198121644,,1.0
lewidi_md,gemma,37,GPP-cosine,3,256,0.872423449689598,0.1721154272235593,0.32947563250193,0.3279756811832498,0.5897939156035329,0.5897939156035329,0.539013147354126,0.010925079695880413,-0.019845919268127742,0.07742786443776944,-0.01984591926812774,0.07742786443776946,-0.01314842658850576,0.07942851864630843,-0.01794361943780192,0.07856738464302512,-0.013148426588505763,0.07942851864630844,-0.017943618255131227,0.07856738545198279,-0.0494227635675373,0.12376986046428916,-0.5
lewidi_md,gemma,37,GPP-rbf,3,256,0.7397653866913456,0.1437298957980998,0.2935798470015276,0.30357635610185835,0.647693817468106,0.647693817468106,0.47330185770988464,0.06198993697762489,0.034506089051308,0.10491829162202101,0.03450608905130799,0.104918291622021,0.027974625972634788,0.0979601905057779,0.0327547902184271,0.10351971120629774,0.027974625972634788,0.0979601905057779,0.03275479004013701,0.10351971076961045,0.019522931826904576,0.12488512241090562,0.5
lewidi_md,gemma,37,GPP-laplace,3,256,0.7055331986633258,0.13514579606501062,0.28109645031332864,0.29536928440161747,0.671573438011122,0.671573438011122,0.40265560150146484,0.13619399070739746,0.0839561568167513,0.12396160249719296,0.08395615681675128,0.12396160249719296,0.07399668919192212,0.11630565665231163,0.08150048075262897,0.12248115133435335,0.07399668919192212,0.11630565665231161,0.08150047960435752,0.12248115016709879,0.08875732859215105,0.11793950486257218,0.5
lewidi_md,gemma,37,LPE,3,256,0.8287803429371507,0.15342466062721163,0.30185951153545265,0.2981959961494798,0.629375204448806,0.629375204448806,0.3256245255470276,0.1656028777360916,-0.0290449042849996,0.12563855404218394,-0.029044904284999604,0.12563855404218394,-0.03155520267585213,0.12222232734265367,-0.030007942772347855,0.1254599095214084,-0.03155520267585214,0.12222232734265369,-0.03000794332873563,0.125459909169731,-0.028984086975767525,0.13622377941683866,-1.0
lewidi_md,gemma,37,LP-temp,3,256,0.7266259218150086,0.15474895665222924,0.31849457129372355,0.334178612900478,0.6143277723258096,0.6143277723258096,0.6389894037798797,,-0.0034075227782117846,,-0.0034075227782117768,,0.002731299369468476,,-0.0015625899485996906,,0.0027312993694684658,,-0.001562589818197336,,-0.0025708702832838216,,0.5
lewidi_md,gemma,37,GPP-cosine,3,1024,0.7383690840111626,0.1537266047182868,0.31432276340491677,0.31676852446035697,0.6306836768073274,0.6306836768073274,0.5709446668624878,0.004166389815509319,-0.03435382651517199,0.07090684945347243,-0.03435382651517199,0.07090684945347242,-0.035935887527620974,0.06559665441180397,-0.03507074976705285,0.06977669873563044,-0.03593588752762099,0.06559665441180398,-0.03507074845434373,0.06977669925180094,-0.06963482082466661,0.10306729081856943,-1.0
lewidi_md,gemma,37,GPP-rbf,3,1024,0.6750000963265803,0.1236092083255813,0.2650981067302168,0.2843376786520546,0.6895649329407916,0.6895649329407916,0.4814474582672119,0.0375167541205883,0.1184068008198568,0.12663773031371323,0.1184068008198568,0.12663773031371323,0.10948059072429822,0.12230980580641466,0.11650168897461005,0.12618846789751637,0.10948059072429822,0.12230980580641468,0.11650168759373572,0.12618846725804372,0.1005772765952774,0.16937155067755483,1.0
lewidi_md,gemma,37,GPP-laplace,3,1024,0.6674137145413537,0.12140849589698122,0.2612587576630362,0.2733601086969691,0.6853123977755969,0.6853123977755969,0.38878703117370605,0.1054864302277565,0.16915290993978913,0.17037217753168304,0.16915290993978913,0.17037217753168302,0.15766878458828576,0.16617890033287674,0.16681710563115648,0.17026362216116597,0.15766878458828576,0.16617890033287674,0.16681710343789274,0.1702636210166823,0.14912100986779595,0.1733203785873552,1.0
lewidi_md,gemma,37,LPE,3,1024,0.685361488290931,0.13017788300273664,0.2761813331748061,0.28883707858901175,0.6728819103696434,0.6728819103696434,0.48511531949043274,0.0454704686999321,0.06421158186465438,0.118120400866262,0.06421158186465437,0.118120400866262,0.058827281231593385,0.11033098545368007,0.06301299271289663,0.1165592977026583,0.058827281231593385,0.11033098545368009,0.06301299182281123,0.11655929719751737,0.05236279945426713,0.140250762478132,1.0
lewidi_md,gemma,37,LP-temp,3,1024,0.6472150361310576,0.1295498575772022,0.28279329779660556,0.3158272145160894,0.6719005561007524,0.6719005561007524,0.621343538366899,,0.08250731168468482,,0.08250731168468484,,0.07548049487646602,,0.08093422752821865,,0.07548049487646603,,0.08093422703724748,,0.0985719111313499,,1.0
lewidi_md,gemma,37,GPP-cosine,4,16,0.7855114144005234,0.16170333872300496,0.31650110026489425,0.2884399489073362,0.6068040562643114,0.6068040562643114,0.4251934885978699,0.0537114255130291,0.023035307788102713,0.07971690525406026,0.023035307788102713,0.07971690525406026,0.02186764118308824,0.07531148098273836,0.022837810352351398,0.0789224906040102,0.021867641183088236,0.07531148098273838,0.022837810022820988,0.0789224903842361,0.029922971890862567,0.10290461796908623,1.0
lewidi_md,gemma,37,GPP-rbf,4,16,0.6762663521814433,0.13378177012774367,0.28119507050680925,0.28642362321254167,0.6683022571148185,0.6683022571148185,0.4564533233642578,0.09808173775672913,0.16376187723480845,0.09655368245439894,0.16376187723480845,0.09655368245439892,0.15529153434063092,0.0931537356943768,0.1623063391054096,0.09618066303764197,0.15529153434063092,0.09315373569437682,0.16230633765224678,0.09618066253612662,0.15667589720127678,0.11194830820528895,1.0
lewidi_md,gemma,37,GPP-laplace,4,16,0.7082214380708173,0.14186512267701612,0.2909240522341164,0.29747512374751733,0.6666666666666666,0.6666666666666666,0.366521418094635,0.18556860089302063,0.1597467240655245,0.13747430469732208,0.1597467240655245,0.13747430469732208,0.15274966495764733,0.13155731173346885,0.15871204698902958,0.1366156931391981,0.15274966495764733,0.13155731173346885,0.15871204664713062,0.13661569268027351,0.14751662817317557,0.11923281897595586,1.0
lewidi_md,gemma,37,LPE,4,16,0.8409050324812839,0.15793078613494307,0.29819787372646095,0.27612844041359796,0.6633954857703631,0.6633954857703631,0.25741127133369446,0.1414559781551361,0.11431797975291225,0.12114449594812393,0.11431797975291225,0.12114449594812393,0.11633017764603322,0.11582006011355131,0.11571383494123054,0.12035430861216326,0.11633017764603322,0.11582006011355132,0.11571383471565218,0.12035430710859576,0.12034340900531035,0.13207498701729128,1.0
lewidi_md,gemma,37,LP-temp,4,16,0.6960642649736396,0.14004678384124608,0.2932603798882587,0.30426665438663336,0.6480209355577363,0.6480209355577363,0.5866389919814365,,0.06440960649554436,,0.06440960649554436,,0.0682166399209655,,0.06600966018870863,,0.06821663992096551,,0.06600966046882387,,0.08201173769441744,,1.0
lewidi_md,gemma,37,GPP-cosine,4,64,0.9388005065513562,0.1708654119408648,0.31183081075018887,0.2814939741127659,0.6411514556754988,0.6411514556754988,0.37497803568840027,0.021776750683784485,0.07532053433024727,0.10273798254863523,0.07532053433024725,0.1027379825486352,0.0808743769126209,0.10250693533571775,0.07752698766825353,0.10337176765687874,0.0808743769126209,0.10250693533571775,0.07752698746837372,0.10337176736085527,0.09928135452256244,0.13721045789608674,1.0
lewidi_md,gemma,37,GPP-rbf,4,64,0.7391962232110268,0.1504256606189544,0.303842603955887,0.3019020025168961,0.6313379129865881,0.6313379129865881,0.45433101058006287,0.09144408255815506,0.025705279645488327,0.08942182383851902,0.025705279645488327,0.089421823838519,0.030146942613471558,0.09046291955563407,0.027233220899600237,0.09035151162230981,0.030146942613471568,0.09046291955563407,0.027233220738318485,0.09035151160074453,0.023504681704307816,0.10275648691528659,1.0
lewidi_md,gemma,37,GPP-laplace,4,64,0.7196471546036356,0.14618650424972715,0.29853034667679257,0.30360633359872174,0.6493294079162578,0.6493294079162578,0.40578967332839966,0.1616705060005188,0.05253354191269364,0.09792474780585539,0.052533541912693646,0.09792474780585537,0.05448713099239996,0.09815729719528199,0.053488128220704804,0.09866663675555928,0.054487130992399976,0.09815729719528199,0.0534881286068751,0.09866663700569384,0.06727683421031537,0.10474351360771678,1.0
lewidi_md,gemma,37,LPE,4,64,0.830571033004774,0.1673453731033586,0.3227392987779156,0.29771630562870427,0.600915930650965,0.600915930650965,0.3012350797653198,0.17768386006355286,0.002281590008007317,0.09459051366095689,0.0022815900080073153,0.09459051366095687,0.0030348203842217357,0.0893106755971727,0.0025264643305102875,0.09363191479548026,0.0030348203842217323,0.0893106755971727,0.002526464181602019,0.09363191415047742,0.005465285753676797,0.09900009978663787,0.5
lewidi_md,gemma,37,LP-temp,4,64,0.6960207402465409,0.1517121407843449,0.3183055607273394,0.33141257799181684,0.586195616617599,0.586195616617599,0.6499415818935484,,-0.018066727427682665,,-0.01806672742768267,,-0.013964476850455078,,-0.01694206872699936,,-0.013964476850455081,,-0.0169420690602314,,-0.0019199745177580275,,-0.5
lewidi_md,gemma,37,GPP-cosine,4,256,0.834777506871367,0.1594604467674113,0.3084150758820962,0.30524616344433053,0.6526005888125613,0.6526005888125613,0.49262475967407227,0.011589736677706242,0.003280527486709441,0.08587120895059702,0.003280527486709428,0.08587120895059702,0.00620315626383284,0.08352536421030202,0.004192481455025496,0.085745783386623,0.00620315626383283,0.08352536421030202,0.004192481343831891,0.08574578363588639,0.045279015145277775,0.11381332106298155,0.5
lewidi_md,gemma,37,GPP-rbf,4,256,0.7514530457858419,0.14346622835579242,0.2879793514857601,0.28427092507851426,0.661432777232581,0.661432777232581,0.40928682684898376,0.05939340963959694,0.08267339302806292,0.13065498301501738,0.08267339302806292,0.13065498301501738,0.08206996188047486,0.12726217223209435,0.08305633685725136,0.13051784434939964,0.08206996188047487,0.12726217223209438,0.08305633522129105,0.13051784407899844,0.07384646798689212,0.1422110334854006,1.0
lewidi_md,gemma,37,GPP-laplace,4,256,0.7399255580386149,0.1390304582771574,0.28107780028919976,0.2822523982122746,0.6719005561007524,0.6719005561007524,0.3507983684539795,0.11985383927822113,0.11134080256871502,0.14136037169918445,0.11134080256871502,0.14136037169918442,0.10983719908191736,0.1392003723855601,0.11164625692827199,0.1416717942593133,0.10983719908191736,0.1392003723855601,0.11164625553621071,0.14167179328852764,0.11369139221445897,0.13915603354750108,1.0
lewidi_md,gemma,37,LPE,4,256,0.8711900514289331,0.15606645665924448,0.2994044977744769,0.288735113938291,0.6463853451095846,0.6463853451095846,0.2646849453449249,0.1519257128238678,0.0297762123834397,0.10621448120467726,0.029776212383439693,0.10621448120467727,0.02818820529916661,0.09964541497083809,0.029496986695533974,0.10494318273062664,0.02818820529916661,0.09964541497083809,0.029496984727228254,0.10494318175143735,0.032606158054232934,0.11992122740017266,1.0
lewidi_md,gemma,37,LP-temp,4,256,0.6919476607587977,0.1479372186140172,0.31124409411593473,0.3357009384125126,0.6460582270199542,0.6460582270199542,0.6438280796136657,,-0.021402240308717447,,-0.021402240308717436,,-0.02377168908891094,,-0.022270034660438934,,-0.02377168908891094,,-0.022270035669157057,,0.023485954724494815,,-1.0
lewidi_md,gemma,37,GPP-cosine,4,1024,0.7451208267102171,0.1555956304032123,0.3159754402924233,0.3248312107640511,0.6189074255806346,0.6189074255806346,0.5813955664634705,0.003798754420131445,-0.04215220707643516,0.06954782622930594,-0.042152207076435154,0.06954782622930594,-0.035906542626936155,0.06790939936997446,-0.04054028975810198,0.06952582558741321,-0.035906542626936155,0.06790939936997446,-0.04054028999098736,0.06952582511322786,-0.053363617061520555,0.10118631104829728,-0.5
lewidi_md,gemma,37,GPP-rbf,4,1024,0.6703049589003075,0.12373383006566147,0.2666404371125923,0.29322062173638036,0.6964344128230291,0.6964344128230291,0.49317947030067444,0.037400878965854645,0.08996091852181107,0.1251891353440746,0.08996091852181107,0.12518913534407458,0.08501335156638622,0.12114441590336225,0.08907171451797831,0.12481613564271483,0.08501335156638622,0.12114441590336228,0.08907171257042601,0.1248161347709009,0.08070835392122279,0.1538094052677865,1.0
lewidi_md,gemma,37,GPP-laplace,4,1024,0.6594275934490758,0.11962205682259486,0.26100939763374026,0.2813692865720323,0.6925089957474648,0.6925089957474648,0.4002395272254944,0.1060919314622879,0.14114573695260133,0.16436677638416802,0.14114573695260133,0.16436677638416797,0.1325571061618159,0.1579058011325894,0.13949920226340218,0.1635269137325718,0.13255710616181593,0.1579058011325894,0.13949919991725762,0.16352691246904374,0.12780214784404673,0.16416429752910397,1.0
lewidi_md,gemma,37,LPE,4,1024,0.6772214400596227,0.12871475283958672,0.27724294822206014,0.30065315704318896,0.6784429178933595,0.6784429178933595,0.5088278651237488,0.0446360819041729,0.04001466254818635,0.08258993393127215,0.04001466254818634,0.08258993393127216,0.03624210866044596,0.07729923058531268,0.03914076098626416,0.08154578386169234,0.03624210866044597,0.07729923058531268,0.03914075962413686,0.08154578326399894,0.04118639681769247,0.11575006268600252,0.5
lewidi_md,gemma,37,LP-temp,4,1024,0.652830796149186,0.13149602742833313,0.28643598237877477,0.3272868092250939,0.6689564932940791,0.6689564932940791,0.6378582442818084,,0.03584797956044861,,0.03584797956044861,,0.03577177910169346,,0.03607046839084896,,0.035771779101693456,,0.03607046746983885,,0.07789322522595268,,1.0
lewidi_md,gemma,50,GPP-cosine,0,16,1.1919895223538306,0.2342940530522039,0.39245870912970887,0.3285069176252009,0.517500817795224,0.517500817795224,0.39163702726364136,0.05248403176665306,-0.09967479263109133,0.032010049176506045,-0.09967479263109133,0.03201004917650603,-0.09106186260782248,0.02996825349775417,-0.09773664680440569,0.03160802703028695,-0.09106186260782248,0.02996825349775417,-0.09773664640276349,0.03160802769489637,-0.10602617230491117,0.007703284378498708,-1.0
lewidi_md,gemma,50,GPP-rbf,0,16,0.7521944616702682,0.17065537135798958,0.34186820650828464,0.33216962122027915,0.49885508668629375,0.49885508668629375,0.4850713610649109,0.15599346160888672,-0.09398451144479052,0.06730679644735788,-0.0939845114447905,0.06730679644735788,-0.08971414384705093,0.06309994691746632,-0.09332898112257462,0.06648776480211736,-0.08971414384705093,0.06309994691746634,-0.09332898018410213,0.06648776447026955,-0.10328114531239238,0.06031738712949279,-1.0
lewidi_md,gemma,50,GPP-laplace,0,16,0.6985302763144996,0.1521077772323076,0.31856978747178455,0.3408133130236954,0.5924108603205758,0.5924108603205758,0.4417325258255005,0.21648460626602173,-0.07911403827287894,0.01244312519715651,-0.07911403827287893,0.012443125197156502,-0.0762460776246076,0.010351774312554973,-0.0787834028089864,0.011891921983574305,-0.0762460776246076,0.010351774312554976,-0.07878340199187256,0.011891922090866348,-0.13951947862897662,0.037361180998843196,-1.0
lewidi_md,gemma,50,LPE,0,16,0.7717674288586343,0.17618270903925576,0.349212915459596,0.32327288709201724,0.507360157016683,0.507360157016683,0.38756901025772095,0.2273721545934677,-0.07197813577621787,-0.024925435567690116,-0.07197813577621787,-0.024925435567690116,-0.06918377074124353,-0.03346416862182934,-0.07162099334816818,-0.02769493238418088,-0.06918377074124353,-0.03346416862182934,-0.0716209921432725,-0.027694934111661827,-0.07118956138963896,-0.030952987070505755,-1.0
lewidi_md,gemma,50,LP-temp,0,16,0.763821233208941,0.1768012309416797,0.35100248104218795,0.3298291087459405,0.47464834805364736,0.47464834805364736,0.6440629721070145,,-0.04029486339181369,,-0.04029486339181369,,-0.036239144511431974,,-0.03933670386835436,,-0.03623914451143198,,-0.039336703392585895,,-0.05473293949230784,,-0.5
lewidi_md,gemma,50,GPP-cosine,0,64,0.92618646874376,0.19175919062636576,0.35455964287655417,0.33357133947280326,0.5659142950605168,0.5659142950605168,0.49086856842041016,0.04114215821027756,-0.11100828156580167,0.027308695084920488,-0.11100828156580167,0.027308695084920478,-0.1047992376747564,0.025708482317623547,-0.10987940580992386,0.027008843905239117,-0.1047992376747564,0.025708482317623547,-0.10987940486493222,0.027008844405629666,-0.10926003752421033,0.023510618653545094,-1.0
lewidi_md,gemma,50,GPP-rbf,0,64,0.7698453985871043,0.16083818164818922,0.31942816447505606,0.31600390807651635,0.6032057572783774,0.6032057572783774,0.45501598715782166,0.10542724281549454,-0.04053856564215075,0.06322273484097574,-0.040538565642150734,0.06322273484097574,-0.038962806551424284,0.06050161525484944,-0.040336825941978266,0.06282787985022575,-0.03896280655142429,0.06050161525484945,-0.04033682512719105,0.06282787996272884,-0.03273657538322095,0.05350439547304949,-1.0
lewidi_md,gemma,50,GPP-laplace,0,64,0.7125614161209604,0.1485105947705831,0.30623473562385506,0.3192628966105174,0.6454039908406934,0.6454039908406934,0.41699251532554626,0.1838386356830597,-0.0013998544610221062,0.050100924397082414,-0.0013998544610221092,0.050100924397082414,0.0009446234747107879,0.0495331924565445,-0.0006959310229796259,0.05027150157036209,0.0009446234747107806,0.049533192456544514,-0.0006959307813292409,0.05027150143165988,-0.0023543502493632135,0.05696520464070502,0.5
lewidi_md,gemma,50,LPE,0,64,0.8698101246194183,0.176865245077734,0.3334437685956292,0.3070372389876707,0.577036310107949,0.577036310107949,0.28185388445854187,0.20299305021762848,-0.027509380095613815,0.05391733009607503,-0.027509380095613815,0.053917330096075036,-0.023638351511757097,0.05390726388565395,-0.02651980541036037,0.054283782218788615,-0.0236383515117571,0.05390726388565396,-0.02651980469728582,0.05428378247361054,-0.024553640021981807,0.05490227710077554,-0.5
lewidi_md,gemma,50,LP-temp,0,64,0.6847177808461135,0.151403586196506,0.32066361459841375,0.34996206682685355,0.57801766437684,0.57801766437684,0.6862785037480188,,-0.016204834729717586,,-0.016204834729717586,,-0.006946401030505979,,-0.013498185757817515,,-0.006946401030505982,,-0.013498185351701587,,-0.019307175887089564,,-0.5
lewidi_md,gemma,50,GPP-cosine,0,256,1.0069713104861802,0.1725249552412498,0.31127238082301356,0.29296578773551535,0.6558717697088648,0.6558717697088648,0.3721579313278198,0.012416009791195393,0.04395444247635259,0.03287237163781985,0.0439544424763526,0.03287237163781984,0.04964900162572594,0.033696647047269754,0.045988757837921945,0.033348517857794815,0.049649001625725955,0.03369664704726976,0.04598875679780973,0.033348517458763986,0.05840441110675816,0.1047306922868965,1.0
lewidi_md,gemma,50,GPP-rbf,0,256,0.7635933903506663,0.1448096026436589,0.2883088691248432,0.29338959737543585,0.6725547922800131,0.6725547922800131,0.4243575632572174,0.05751068890094757,0.05493006910319444,0.08718078718809716,0.05493006910319443,0.08718078718809714,0.05618945723144949,0.08423477578629274,0.05568980696258229,0.0868816822526837,0.0561894572314495,0.08423477578629276,0.055689805468093545,0.08688168158950876,0.04776774659824888,0.10312074448434984,1.0
lewidi_md,gemma,50,GPP-laplace,0,256,0.7285117695712567,0.1389054830343923,0.2824439558731852,0.28543643030677307,0.6794242721622505,0.6794242721622505,0.3600974380970001,0.13010096549987793,0.09718714140520807,0.11527681999047742,0.09718714140520807,0.11527681999047744,0.0988285521732854,0.11647815611683207,0.09835274738282712,0.11643246923238623,0.09882855217328539,0.11647815611683207,0.09835274544941536,0.11643246785845696,0.09862756969406661,0.11687609538278458,1.0
lewidi_md,gemma,50,LPE,0,256,0.7986699911433597,0.15159902740643832,0.29706471819429864,0.2940694054333918,0.6552175335296042,0.6552175335296042,0.2962890863418579,0.1643211394548416,0.0029127872934743525,0.07358716586601259,0.0029127872934743516,0.07358716586601258,0.00451760143737638,0.06999454663885557,0.003421157997427482,0.07299811046878754,0.004517601437376377,0.06999454663885557,0.003421157017739036,0.07299810978117563,0.0044039512303589105,0.09016995593984654,0.5
lewidi_md,gemma,50,LP-temp,0,256,0.6999173537481085,0.14891442847304728,0.310803171370748,0.33294732515228836,0.6404972194962382,0.6404972194962382,0.6372141243287054,,-0.005914815775267496,,-0.005914815775267493,,-0.005498287302472999,,-0.005828586170880536,,-0.005498287302473004,,-0.005828587063083547,,0.017095804244157364,,-1.0
lewidi_md,gemma,50,GPP-cosine,0,1024,0.7718696193952047,0.15490581662877306,0.3075267751308984,0.2989932934301118,0.619234543670265,0.619234543670265,0.49970346689224243,0.0036717697512358427,0.05223594475907807,0.06920714635622602,0.05223594475907807,0.06920714635622602,0.04937650016764852,0.06254108613001204,0.051723695420388655,0.06765270364860042,0.04937650016764852,0.06254108613001205,0.05172369566985676,0.06765270371662954,0.050039285310981674,0.10133595674106204,1.0
lewidi_md,gemma,50,GPP-rbf,0,1024,0.6849258195774517,0.12757202783953123,0.27015399377561766,0.28465188658244595,0.6872751063133792,0.6872751063133792,0.4687463939189911,0.03398176655173302,0.11621827259886748,0.1180418212385819,0.11621827259886748,0.1180418212385819,0.11031445785174276,0.11948310131393927,0.11521799613886065,0.11928944448372249,0.11031445785174278,0.1194831013139393,0.11521799397588783,0.11928944384078072,0.10487911747331782,0.13645991939049443,1.0
lewidi_md,gemma,50,GPP-laplace,0,1024,0.6929786077954965,0.1281032717894286,0.26951349208624664,0.2794283127946026,0.6869479882237488,0.6869479882237488,0.377291738986969,0.10413210839033127,0.1314585471234472,0.14162144673734928,0.13145854712344718,0.14162144673734928,0.11970549168569436,0.13879506413014983,0.1287825631819633,0.1417318518061973,0.11970549168569437,0.13879506413014983,0.12878256057822396,0.1417318503381263,0.11678899854531707,0.13689185141787055,0.5
lewidi_md,gemma,50,LPE,0,1024,0.6621763730444361,0.12616568051395838,0.26947231781018527,0.2853013706663928,0.6885835786719006,0.6885835786719006,0.49284884333610535,0.040212273597717285,0.13242499550023598,0.0896903029400773,0.13242499550023598,0.0896903029400773,0.1260379627486598,0.08881549169638392,0.1313887274755935,0.09003874460858079,0.1260379627486598,0.08881549169638395,0.1313887259925834,0.09003874397914,0.12419389674104521,0.12570851457552845,1.0
lewidi_md,gemma,50,LP-temp,0,1024,0.6340368746110447,0.12486711562586054,0.27436611798276195,0.30887517967515504,0.6826954530585542,0.6826954530585542,0.6128000134439138,,0.14098036640340617,,0.14098036640340617,,0.13458892898345493,,0.1400013910271296,,0.13458892898345493,,0.1400013896165878,,0.1528249727085723,,1.0
lewidi_md,gemma,50,GPP-cosine,1,16,1.0048412764758,0.19156009939604562,0.33876014387582803,0.30980355123069564,0.6241413150147204,0.6241413150147204,0.3110659122467041,0.052832622081041336,-0.07811374226624113,0.039481867680731066,-0.07811374226624113,0.03948186768073106,-0.07472314279216619,0.03505339297416399,-0.07761719177731721,0.03840469208356238,-0.07472314279216619,0.035053392974163995,-0.07761719256173102,0.03840469148267418,-0.0734176157033245,0.01782781546950089,-1.0
lewidi_md,gemma,50,GPP-rbf,1,16,0.7564309003562474,0.15102848015320874,0.3033184018071362,0.29890721884645355,0.6427870461236507,0.6427870461236507,0.3694838881492615,0.13264517486095428,0.03240634170339288,0.08391192259473829,0.03240634170339288,0.08391192259473829,0.02742741348205772,0.0758960495196373,0.031113150145993043,0.08204745590614804,0.027427413482057725,0.0758960495196373,0.03111314844507459,0.08204745424358634,0.02994633193265556,0.07449370707407196,0.5
lewidi_md,gemma,50,GPP-laplace,1,16,0.7137657354132142,0.1435530778715243,0.2949978501874421,0.2946614149332135,0.6617598953222114,0.6617598953222114,0.35967445373535156,0.1812424510717392,0.04118680146238774,0.059214285686021224,0.041186801462387734,0.05921428568602121,0.031132337773991364,0.049138053059363446,0.038409099927524365,0.05655350810899454,0.03113233777399136,0.04913805305936345,0.03840909811427108,0.056553506363748646,0.05238347816804145,0.062193766575711844,0.5
lewidi_md,gemma,50,LPE,1,16,0.9137609648167426,0.17478364904752677,0.3197828063467977,0.29456728711576263,0.6473666993784757,0.6473666993784757,0.23764033615589142,0.1238630935549736,0.04143047706551939,0.015403605433004779,0.04143047706551939,0.015403605433004777,0.03521072338642179,0.015467910845235439,0.03982149913101657,0.015528742788178458,0.03521072338642179,0.015467910845235442,0.03982149877985644,0.015528742912931584,0.034152820902224566,0.03463893449528927,0.5
lewidi_md,gemma,50,LP-temp,1,16,0.6717030010401797,0.14607646333691027,0.31243633567228163,0.3475148145066059,0.6225057245665685,0.6225057245665685,0.6841142600612344,,0.003114161065911329,,0.003114161065911331,,-0.002244622191035228,,0.0015046143387584445,,-0.002244622191035234,,0.0015046144146573133,,0.02533051736198067,,-0.5
lewidi_md,gemma,50,GPP-cosine,1,64,0.93590050760216,0.19061017708847963,0.3478821093666648,0.3039713075318025,0.5907752698724239,0.5907752698724239,0.43058276176452637,0.03902732953429222,-0.021268446009730605,0.03928638393445157,-0.02126844600973061,0.039286383934451566,-0.015441544957949884,0.04057162473034281,-0.01964085068018325,0.03994677774423852,-0.01544154495794989,0.040571624730342815,-0.019640849427749286,0.03994677829517128,-0.014284531319396086,0.07908814632592288,-0.5
lewidi_md,gemma,50,GPP-rbf,1,64,0.7609570890050456,0.15979452620553525,0.3179702050624416,0.311684660576453,0.5865227347072293,0.5865227347072293,0.4566316306591034,0.10517372936010361,-0.00799257840565484,0.06253147592991375,-0.007992578405654828,0.06253147592991375,0.0023710536982642257,0.06520811496641189,-0.00489329227038802,0.06377463446474324,0.002371053698264225,0.06520811496641188,-0.004893291042178066,0.06377463462129282,-0.007273110149509285,0.06522674640279064,0.5
lewidi_md,gemma,50,GPP-laplace,1,64,0.7072368122071416,0.14725205664252247,0.30448870983256265,0.3168593040876245,0.6208701341184167,0.6208701341184167,0.42096996307373047,0.18549129366874695,0.05534938467603026,0.07561193961084708,0.05534938467603026,0.07561193961084707,0.06215957082856946,0.07996487936269395,0.057801323174029716,0.07745490793113936,0.06215957082856945,0.07996487936269396,0.057801323466427856,0.07745490785351142,0.056129424409362354,0.081383846604298,1.0
lewidi_md,gemma,50,LPE,1,64,0.8685440450543769,0.1809483728458853,0.33907645841643874,0.306249071401191,0.5858684985279686,0.5858684985279686,0.300158828496933,0.19195307791233063,-0.013259153807659184,0.02409960240698692,-0.013259153807659182,0.02409960240698692,-0.006241904138623447,0.023465314048188714,-0.011214397733633308,0.024071727032222948,-0.006241904138623456,0.023465314048188714,-0.011214396445806058,0.024071726843709212,-0.008000018606282756,0.0266002984801382,-0.5
lewidi_md,gemma,50,LP-temp,1,64,0.6928499904217069,0.15369467029946,0.32267592836384573,0.3450277979994841,0.5760549558390579,0.5760549558390579,0.6778329645231909,,-0.03302340235866309,,-0.03302340235866309,,-0.02806508232905624,,-0.031740711635253084,,-0.028065082329056235,,-0.031740710910131156,,-0.026728853590989636,,-0.5
lewidi_md,gemma,50,GPP-cosine,1,256,0.9553506361492607,0.18210197489789243,0.3362761968127758,0.3162554910515097,0.5930650964998364,0.5930650964998364,0.4709516167640686,0.012111851945519447,-0.030161268590946685,0.04499578593941088,-0.03016126859094668,0.04499578593941088,-0.027458804285725513,0.04294826185945938,-0.02954550852096264,0.04468101653486282,-0.027458804285725513,0.04294826185945939,-0.02954550864462033,0.04468101646821644,-0.02013323386235078,0.07943584023347447,-0.5
lewidi_md,gemma,50,GPP-rbf,1,256,0.7625157120748519,0.14293760489223928,0.28576358439861427,0.29429539106735786,0.6666666666666666,0.6666666666666666,0.42703238129615784,0.05617541819810867,0.06528469919658354,0.09549793761666718,0.06528469919658354,0.09549793761666718,0.06400864345897656,0.09786877622244841,0.06534376558161895,0.09687396052702607,0.06400864345897657,0.09786877622244841,0.0653437648178086,0.09687396034904308,0.06981871506827506,0.12624541961697613,1.0
lewidi_md,gemma,50,GPP-laplace,1,256,0.7469101140362664,0.14089001250576808,0.28332734140035865,0.2875770397957412,0.6745175008177953,0.6745175008177953,0.3552197515964508,0.1254751831293106,0.0879640891352082,0.11927296821213453,0.0879640891352082,0.1192729682121345,0.08794795454589856,0.11884990227652364,0.08856202960891293,0.11996163489764913,0.08794795454589856,0.11884990227652364,0.08856202827260812,0.11996163400221412,0.09616236925088117,0.12237217330095641,1.0
lewidi_md,gemma,50,LPE,1,256,0.8312339367117779,0.15043643853595015,0.292938498556217,0.2913835472571991,0.6591429506051685,0.6591429506051685,0.3030562698841095,0.15769696235656738,0.03747503287860018,0.08790436342368423,0.037475032878600184,0.08790436342368423,0.0335050617800087,0.0794101361645404,0.036523644434148475,0.08592167637081471,0.03350506178000869,0.0794101361645404,0.03652364393388302,0.08592167600359221,0.03381320000229885,0.11264232718657195,0.5
lewidi_md,gemma,50,LP-temp,1,256,0.7135461697614901,0.1512081735189428,0.31400532532702796,0.33484596449697623,0.652273470722931,0.652273470722931,0.6311767342358893,,-0.009042672712950822,,-0.009042672712950825,,-0.014650956613739864,,-0.01081146767052496,,-0.014650956613739871,,-0.010811467863307396,,0.03251459103666078,,-0.5
lewidi_md,gemma,50,GPP-cosine,1,1024,0.7928394971315287,0.1600574398869378,0.3150214721027309,0.310558671014709,0.6140006542361792,0.6140006542361792,0.5443317294120789,0.004106610082089901,0.02478048585808717,0.05732519532092069,0.024780485858087162,0.057325195320920695,0.024832344970101703,0.05251854474151963,0.02496609858828042,0.05625521289102737,0.024832344970101707,0.05251854474151964,0.02496609894213571,0.05625521285054713,0.01789778176543192,0.10577026391275343,1.0
lewidi_md,gemma,50,GPP-rbf,1,1024,0.682372979585849,0.12785459943554103,0.27036303954350066,0.28885099180760865,0.6836768073274452,0.6836768073274452,0.4811089336872101,0.03667027875781059,0.11301845965994606,0.10326872117132696,0.11301845965994604,0.10326872117132696,0.11166041638696961,0.10482534743945388,0.11337971135010858,0.10445020322453992,0.11166041638696962,0.10482534743945388,0.11337970903373687,0.10445020266773447,0.10984521112717015,0.14071231367190712,1.0
lewidi_md,gemma,50,GPP-laplace,1,1024,0.6836514025898317,0.12713851837673795,0.26798430232032294,0.2793260276005727,0.6856395158652273,0.6856395158652273,0.39286190271377563,0.10869985818862915,0.1487449536514535,0.15284262792998193,0.14874495365145346,0.15284262792998193,0.14766414553648272,0.15353517278644258,0.14943542599309378,0.15410088446703257,0.1476641455364827,0.15353517278644258,0.14943542364854168,0.15410088304442632,0.1470555486073145,0.15577858722143664,1.0
lewidi_md,gemma,50,LPE,1,1024,0.6586235562795552,0.12459710661640566,0.2686871990220579,0.2913162302869955,0.6912005233889434,0.6912005233889434,0.49243611097335815,0.05086303502321243,0.1145690019413953,0.07783879900887744,0.1145690019413953,0.07783879900887741,0.11153671015978008,0.0771770845409323,0.11443134018019283,0.07817087163891409,0.11153671015978008,0.07717708454093232,0.11443133803161873,0.0781708710424662,0.12007208750725187,0.1423266567880732,1.0
lewidi_md,gemma,50,LP-temp,1,1024,0.6365354601085226,0.1288303777270535,0.28240916536958227,0.3253857085140761,0.6895649329407916,0.6895649329407916,0.6458241302848596,,0.10147846317916007,,0.10147846317916007,,0.10248749108480368,,0.10248102012974046,,0.10248749108480368,,0.10248101825385528,,0.1533130312863372,,1.0
lewidi_md,gemma,50,GPP-cosine,2,16,1.2228507061640823,0.21912193766141366,0.36638034005184184,0.3414537402053942,0.6107294733398757,0.6107294733398757,0.33956271409988403,0.043603330850601196,-0.14581859130293048,0.00022246140068719542,-0.14581859130293048,0.00022246140068719368,-0.13841868008495278,-0.003289675767575011,-0.1445658557168151,-0.0008448959416149336,-0.13841868008495284,-0.0032896757675750076,-0.14456585561696386,-0.0008448959217644911,-0.1458973489528891,-0.04633293177830956,-1.0
lewidi_md,gemma,50,GPP-rbf,2,16,0.6875093413287122,0.14080868365018145,0.2961049070450793,0.30001306527452154,0.6542361792607131,0.6542361792607131,0.4927681088447571,0.08539102226495743,-0.045812665366929135,0.06414599900120876,-0.04581266536692913,0.06414599900120876,-0.03837324299870083,0.05828318642547055,-0.043862526892306714,0.06280133031594798,-0.038373242998700846,0.05828318642547055,-0.0438625267393124,0.06280133012292927,-0.04396091072871084,0.08370047991320906,-0.5
lewidi_md,gemma,50,GPP-laplace,2,16,0.6678729285267642,0.13758479201843363,0.2946040725163655,0.31543560787885444,0.6532548249918221,0.6532548249918221,0.41612932085990906,0.20703572034835815,0.04597947279394163,0.0886762108959015,0.04597947279394163,0.0886762108959015,0.040944836217760405,0.08058886298226997,0.044762348739206086,0.08682264304612317,0.04094483621776042,0.08058886298226998,0.04476234851081271,0.08682264261849655,0.03269766260919178,0.08580246071347274,0.5
lewidi_md,gemma,50,LPE,2,16,0.7611993418561667,0.15524902376004096,0.31029513804862746,0.300680214697826,0.6225057245665685,0.6225057245665685,0.34143581986427307,0.17238056659698486,-0.010583201746316788,0.024721076901328562,-0.01058320174631679,0.024721076901328562,-0.006028320230637452,0.022911400090627164,-0.0092695021812709,0.024339743629250517,-0.00602832023063745,0.022911400090627157,-0.009269502595085004,0.024339742757373523,-0.011497029784025121,0.02413687373676427,-0.5
lewidi_md,gemma,50,LP-temp,2,16,0.6769865856443266,0.14608828384302722,0.30965346386446424,0.3354538433296361,0.6015701668302257,0.6015701668302257,0.661443757018117,,-0.024458122806638356,,-0.02445812280663836,,-0.02342415204909052,,-0.02431106537833827,,-0.023424152049090517,,-0.02431106606740681,,-0.0344967744437224,,-1.0
lewidi_md,gemma,50,GPP-cosine,2,64,0.9888519545404977,0.18515312509290685,0.32955416268740473,0.2898921264845251,0.6175989532221132,0.6175989532221132,0.373733252286911,0.02882864698767662,0.06654915449581505,0.04572573214684071,0.06654915449581505,0.04572573214684071,0.06246243938812736,0.04641913717578999,0.06576149209238201,0.04625013824113934,0.06246243938812737,0.04641913717578999,0.06576149041803797,0.046250137856102075,0.06986917796614321,0.0947068681334883,1.0
lewidi_md,gemma,50,GPP-rbf,2,64,0.7282175697320498,0.14504676469596547,0.2950087262280675,0.2986587597110879,0.6499836440955185,0.6499836440955185,0.4528862237930298,0.08421847224235535,0.06149442324285516,0.07118025828698016,0.06149442324285516,0.07118025828698016,0.05383084916671643,0.07350226813843128,0.05958353952014931,0.07237476251115676,0.05383084916671643,0.07350226813843128,0.059583537601774476,0.07237476187043163,0.0550290257262207,0.07344150917356913,0.5
lewidi_md,gemma,50,GPP-laplace,2,64,0.7078013673090455,0.14416860886460547,0.29823907592300647,0.3084578944067482,0.6424599280340203,0.6424599280340203,0.4163587987422943,0.16786253452301025,0.08961868061976247,0.0751549672453789,0.08961868061976244,0.0751549672453789,0.079069986061782,0.07579219503634996,0.0870224869424567,0.07586396596529386,0.079069986061782,0.07579219503634997,0.08702248509282957,0.07586396482259423,0.09918584941875207,0.08221232542491133,0.5
lewidi_md,gemma,50,LPE,2,64,0.7673187884953254,0.14936243913620464,0.2972367223436773,0.2909267781160402,0.6454039908406934,0.6454039908406934,0.3083498179912567,0.17490120232105255,0.052678284225466936,0.1006272305408166,0.05267828422546693,0.1006272305408166,0.046583368666620176,0.08848403216339185,0.05118438489534383,0.09762121213894254,0.046583368666620176,0.08848403216339185,0.05118438329043433,0.09762121086694338,0.04987858850890406,0.10191065625899336,0.5
lewidi_md,gemma,50,LP-temp,2,64,0.6816057964262198,0.14371892910840678,0.30425026391474697,0.3259835400255152,0.6365718024206739,0.6365718024206739,0.6295737166275406,,0.0076567750654018,,0.007656775065401791,,0.0017106874930894198,,0.005899620691985204,,0.0017106874930894111,,0.005899620714363412,,0.04863572794817888,,-0.5
lewidi_md,gemma,50,GPP-cosine,2,256,0.9869795659697456,0.17730688868952646,0.3188508954339189,0.2941422095097885,0.6418056918547596,0.6418056918547596,0.37669673562049866,0.013653152622282505,0.042505928308524385,0.045606713652320136,0.042505928308524385,0.04560671365232012,0.048772604303369715,0.038850529995380946,0.044704434195477684,0.04386310021861379,0.048772604303369715,0.038850529995380946,0.04470443229894111,0.04386310004850866,0.05334867840098858,0.1106748415607641,1.0
lewidi_md,gemma,50,GPP-rbf,2,256,0.7754536332681339,0.14701835359629228,0.2909427690055812,0.29165978114699403,0.6663395485770363,0.6663395485770363,0.40581321716308594,0.06013594940304756,0.06085752620937495,0.09680579438722615,0.06085752620937495,0.09680579438722615,0.060119781452876817,0.09238448733438542,0.061050080795959076,0.09612366254093935,0.06011978145287682,0.09238448733438544,0.06105007820410703,0.09612366164707359,0.05957021806793179,0.11271366208158246,1.0
lewidi_md,gemma,50,GPP-laplace,2,256,0.7549499517373734,0.14332127262506408,0.28629595163044613,0.28568770573202423,0.6712463199214916,0.6712463199214916,0.34008291363716125,0.12489869445562363,0.09962953186523224,0.12223979128518786,0.09962953186523224,0.12223979128518786,0.09786122609264558,0.11792989829459646,0.09977416514548458,0.12176587584695235,0.09786122609264558,0.11792989829459648,0.09977416216570542,0.12176587380662413,0.10406403201577957,0.11830021176759073,1.0
lewidi_md,gemma,50,LPE,2,256,0.8428004724213287,0.15421200387377762,0.2979199917775763,0.2899297768862425,0.6545632973503435,0.6545632973503435,0.2687053978443146,0.16731978952884674,0.02282870626166747,0.08484514281400135,0.022828706261667477,0.08484514281400135,0.020024603761446803,0.07812161504599971,0.02213176088018954,0.0833803835151617,0.020024603761446803,0.07812161504599971,0.022131758925399134,0.08338038267143374,0.01663309154106287,0.10308325492933018,0.5
lewidi_md,gemma,50,LP-temp,2,256,0.7637579891946331,0.15397608125758055,0.30881315349820365,0.3246545490874844,0.6460582270199542,0.6460582270199542,0.5779413701185396,,-0.014389956364380431,,-0.014389956364380424,,-0.013430116718410386,,-0.014196459041545137,,-0.013430116718410386,,-0.014196459939300762,,0.02105502869668189,,-1.0
lewidi_md,gemma,50,GPP-cosine,2,1024,0.7530605911946573,0.15621646892136096,0.3150478464974242,0.31404566358678143,0.6038599934576382,0.6038599934576382,0.5536535978317261,0.004032110795378685,0.0070517011062533295,0.044074702186199834,0.007051701106253324,0.04407470218619983,0.002704769885279054,0.03861304002579824,0.0057770863257889556,0.0427145632860306,0.0027047698852790576,0.03861304002579824,0.005777086888418045,0.04271456359142271,-0.033010039628332,0.10232028332665413,0.5
lewidi_md,gemma,50,GPP-rbf,2,1024,0.6792640945165587,0.12570124945199623,0.26636308049284624,0.28589541295416854,0.6902191691200523,0.6902191691200523,0.4802856147289276,0.0348551943898201,0.12356051855260541,0.11540337620225401,0.12356051855260541,0.11540337620225402,0.11923443816520668,0.11490174556986726,0.12309072808953982,0.11604161278571776,0.1192344381652067,0.11490174556986726,0.12309072593401897,0.11604161213562061,0.10433245012870841,0.15594656809332066,1.0
lewidi_md,gemma,50,GPP-laplace,2,1024,0.6894060752732059,0.12758496543069048,0.2682657496070905,0.28244988554239686,0.6912005233889434,0.6912005233889434,0.38841238617897034,0.10562979429960251,0.12302742562326019,0.14380956514144194,0.12302742562326016,0.14380956514144194,0.11644372121123253,0.14116246409009678,0.12186689758235195,0.14398952865881917,0.11644372121123253,0.1411624640900968,0.12186689545400727,0.1439895271322672,0.10737547228000968,0.1456474623741796,1.0
lewidi_md,gemma,50,LPE,2,1024,0.66828616585119,0.12598408700198901,0.2697745368816796,0.290259643510779,0.680732744520772,0.680732744520772,0.49548590183258057,0.047410354018211365,0.12144984017087876,0.0960810258286304,0.12144984017087876,0.0960810258286304,0.11619460136185013,0.09415444812378451,0.12068280485916821,0.09615317147176963,0.11619460136185014,0.0941544481237845,0.12068280330364278,0.09615317066320583,0.10542629705510345,0.14652936126350302,1.0
lewidi_md,gemma,50,LP-temp,2,1024,0.6388469535278963,0.12866636140257662,0.28166339059313156,0.3229483826584511,0.6823683349689238,0.6823683349689238,0.6399589577163813,,0.1225808363640504,,0.12258083636405041,,0.11762093162078967,,0.12191143400522289,,0.11762093162078968,,0.1219114328374622,,0.1441788785154979,,1.0
lewidi_md,gemma,50,GPP-cosine,3,16,0.8652432084350624,0.1698271081537302,0.32054840389396255,0.30656189630171,0.6225057245665685,0.6225057245665685,0.40560615062713623,0.06522569060325623,-0.029193133665557622,0.0650842744046525,-0.02919313366555762,0.0650842744046525,-0.027417509211868037,0.057985042214099655,-0.02885281255049977,0.06336974478583612,-0.027417509211868037,0.05798504221409965,-0.028852812908028443,0.06336974442270715,-0.007153989323583341,0.0772008325315833,-1.0
lewidi_md,gemma,50,GPP-rbf,3,16,0.7178539226401435,0.1464971131380522,0.301037885298624,0.30629612046012483,0.6228328426561989,0.6228328426561989,0.40964415669441223,0.15131543576717377,0.04745468446411434,0.10885590367954187,0.047454684464114334,0.10885590367954187,0.041803029883057084,0.10016722712957883,0.0460598876570644,0.10695762678979207,0.04180302988305709,0.10016722712957885,0.04605988712355645,0.10695762559285055,0.027062043181028807,0.09881417862663523,0.5
lewidi_md,gemma,50,GPP-laplace,3,16,0.6883313018459252,0.1398345065079781,0.29377215419276587,0.304894129149649,0.6640497219496239,0.6640497219496239,0.382275253534317,0.1964060217142105,0.06532576912490906,0.08931983049459279,0.06532576912490909,0.08931983049459277,0.05811655718679297,0.0810948252311439,0.06357942338215826,0.0874287790466455,0.05811655718679297,0.08109482523114392,0.06357942222368822,0.087428777767307,0.0619185087731999,0.08676098406240691,0.5
lewidi_md,gemma,50,LPE,3,16,0.8631917712570127,0.1674696700132321,0.31471114187281696,0.2967765494662109,0.6434412823029113,0.6434412823029113,0.3081267774105072,0.12255102396011353,0.019852924840291268,0.033849129199279855,0.019852924840291268,0.03384912919927985,0.014019580098525435,0.025949463391598794,0.018213667344549985,0.03167692988512147,0.01401958009852543,0.025949463391598798,0.018213667089027618,0.031676928999462624,0.009260820893549232,0.031838927575602444,0.5
lewidi_md,gemma,50,LP-temp,3,16,0.7206616428544024,0.1527486279072324,0.31321212677992954,0.31338874039271775,0.60549558390579,0.60549558390579,0.5897296668155995,,0.010911328638160496,,0.010911328638160484,,0.0041154014165933495,,0.00891783919412387,,0.004115401416593355,,0.008917839222248477,,-0.008019543875065047,,0.5
lewidi_md,gemma,50,GPP-cosine,3,64,0.8435683309376973,0.1725992996044625,0.3268917213861033,0.29785181612966133,0.5976447497546614,0.5976447497546614,0.42513835430145264,0.04307613521814346,-0.011395748319382566,0.04816723823803097,-0.011395748319382561,0.04816723823803097,-0.008029405739300258,0.045897091074395574,-0.010449336746600238,0.04780645099391849,-0.00802940573930026,0.04589709107439559,-0.01044933582676597,0.04780645153144026,0.0012171865993679926,0.0674986642863815,-0.5
lewidi_md,gemma,50,GPP-rbf,3,64,0.751714864252133,0.14324717377940505,0.2858750111206216,0.28958682523838847,0.6683022571148185,0.6683022571148185,0.38934946060180664,0.09934500604867935,0.11137514174544488,0.10313085147143386,0.11137514174544488,0.10313085147143385,0.1054795353203761,0.09789960392611861,0.11034417161117083,0.10224557075382057,0.1054795353203761,0.09789960392611861,0.11034417035162211,0.10224556997352888,0.10807459446089537,0.1110926084031597,1.0
lewidi_md,gemma,50,GPP-laplace,3,64,0.7195449424304567,0.1394782871220924,0.28458502482425446,0.2900918116400246,0.6738632646385345,0.6738632646385345,0.3549542725086212,0.15920494496822357,0.12861192097673843,0.11927960748684763,0.12861192097673843,0.11927960748684763,0.12138705360346339,0.11190700950571242,0.12729453438133587,0.11785330279551148,0.12138705360346339,0.11190700950571242,0.12729453290929515,0.11785330163877518,0.12900533543281742,0.11311664125061188,1.0
lewidi_md,gemma,50,LPE,3,64,0.8757092191436163,0.161399433476346,0.30144148408667176,0.28633906669108317,0.6440955184821721,0.6440955184821721,0.25202012062072754,0.153789684176445,0.07834924866658552,0.10334247086239101,0.07834924866658552,0.10334247086239101,0.07656619147353545,0.1015826102313846,0.07834355075218256,0.10351512049484375,0.07656619147353545,0.10158261023138462,0.07834355066149387,0.10351511914970732,0.07508270396077296,0.11248462630265396,1.0
lewidi_md,gemma,50,LP-temp,3,64,0.6929572241460406,0.14352969435927357,0.29967991556727686,0.3151320526590208,0.6303565587176971,0.6303565587176971,0.6046768025611271,,0.024574675502099092,,0.02457467550209909,,0.02748025528405407,,0.025627377564313037,,0.027480255284054074,,0.02562737781292447,,0.027805735456663122,,1.0
lewidi_md,gemma,50,GPP-cosine,3,256,0.9484083016299262,0.18760558973064867,0.3480087221003619,0.32039179787958827,0.5417075564278705,0.5417075564278705,0.5121968984603882,0.013505348935723305,-0.032215959527880776,0.0542198666406056,-0.03221595952788077,0.054219866640605595,-0.024899978556216052,0.05429284450471353,-0.030210205821819554,0.05461366574900524,-0.024899978556216052,0.05429284450471354,-0.030210204548220567,0.054613665985786194,-0.051344663972959864,0.08893274572789181,-0.5
lewidi_md,gemma,50,GPP-rbf,3,256,0.7361999575606828,0.14435137990265637,0.29372167869426535,0.30196720348917916,0.6506378802747792,0.6506378802747792,0.47547268867492676,0.061840977519750595,0.030765419201370617,0.09626519211063364,0.030765419201370606,0.09626519211063364,0.029790219308379703,0.0927938456433057,0.030679474332416082,0.09586846581258175,0.029790219308379703,0.09279384564330573,0.030679473904251353,0.09586846542877575,0.017065934710002086,0.09817592747428587,1.0
lewidi_md,gemma,50,GPP-laplace,3,256,0.715234512092676,0.13802303658477358,0.2860618748468745,0.2991460241866603,0.662414131501472,0.662414131501472,0.39542052149772644,0.14247113466262817,0.08197785212368658,0.09654369697986227,0.08197785212368658,0.09654369697986226,0.07399254556826892,0.08994486774970664,0.08010943312370242,0.09519706294310959,0.07399254556826894,0.08994486774970664,0.0801094316910205,0.09519706147284415,0.07423429199788745,0.09288193873844877,0.5
lewidi_md,gemma,50,LPE,3,256,0.8456213376257639,0.15607113086521457,0.3066512525302132,0.30261244288354644,0.6290480863591756,0.6290480863591756,0.3467399477958679,0.16383905708789825,-0.023028922927698037,0.09272333251671239,-0.02302892292769803,0.09272333251671239,-0.02140499916359578,0.08681585497166713,-0.022692524673516748,0.09156092169399332,-0.021404999163595784,0.08681585497166713,-0.022692525107426836,0.09156092136705393,-0.02178581010732621,0.08351509090299677,-1.0
lewidi_md,gemma,50,LP-temp,3,256,0.7230690030948195,0.1558809220654394,0.3212537281384629,0.33770817535682024,0.609093882891724,0.609093882891724,0.6485265207777755,,-0.01043535955692769,,-0.010435359556927683,,-0.010580891692449634,,-0.010551168159008507,,-0.010580891692449636,,-0.010551167616057596,,-0.012156871733075668,,-1.0
lewidi_md,gemma,50,GPP-cosine,3,1024,0.7507165642187641,0.15554482319186078,0.3150002252493344,0.3128756258418408,0.6162904808635917,0.6162904808635917,0.5566288232803345,0.004472801927477121,-0.003779986578088916,0.048875633661759385,-0.0037799865780889196,0.04887563366175938,-0.008049416784010503,0.04241405628649086,-0.0051052483556509485,0.04724408368057838,-0.008049416784010506,0.042414056286490864,-0.005105247540996124,0.04724408383128934,-0.000619522387978189,0.09531510091865729,-0.5
lewidi_md,gemma,50,GPP-rbf,3,1024,0.6792530705744483,0.128038584365004,0.27194454025080816,0.2891272289202659,0.6804056264311417,0.6804056264311417,0.4920431077480316,0.03560914844274521,0.09440121432181428,0.09781029579514643,0.09440121432181428,0.09781029579514643,0.09205328967399105,0.09746203107832085,0.0943336150831873,0.09837463570683788,0.09205328967399107,0.09746203107832088,0.09433361397500213,0.0983746352810585,0.08048670939057562,0.14303897193356185,1.0
lewidi_md,gemma,50,GPP-laplace,3,1024,0.683786583597227,0.1266989261733903,0.2677833687458925,0.2807205233067351,0.6889106967615309,0.6889106967615309,0.38996103405952454,0.10879781097173691,0.13109455247483015,0.1356941524185259,0.13109455247483018,0.1356941524185259,0.12794303085074837,0.13614883062211874,0.13103386015742494,0.13676249181643366,0.1279430308507484,0.13614883062211874,0.13103385830176817,0.13676249056376566,0.12494712926651323,0.14079298279086416,1.0
lewidi_md,gemma,50,LPE,3,1024,0.676440877443248,0.12908296712988573,0.27372699718665555,0.287615079012735,0.6722276741903828,0.6722276741903828,0.4931091070175171,0.04324629157781601,0.1029982334631082,0.07993060670785263,0.10299823346310819,0.07993060670785263,0.09739350981437912,0.07740706408565531,0.10199838034635572,0.07971038749190468,0.09739350981437912,0.07740706408565531,0.10199837957927245,0.07971038731069692,0.1098682070803507,0.13298473343677414,1.0
lewidi_md,gemma,50,LP-temp,3,1024,0.6460101526825622,0.12792413953746176,0.27912991174239393,0.3128496637797773,0.6738632646385345,0.6738632646385345,0.6127080334274541,,0.09433961268069381,,0.09433961268069382,,0.09098592308045267,,0.0939654972934399,,0.09098592308045267,,0.09396549689309759,,0.14493007187088602,,1.0
lewidi_md,gemma,50,GPP-cosine,4,16,0.9460042835437807,0.1988659513189134,0.3558397287727414,0.2838794231767406,0.5423617926071311,0.5423617926071311,0.3449549376964569,0.06548836827278137,0.10952533029252681,0.07008729750444409,0.1095253302925268,0.07008729750444408,0.1031607666852466,0.06264742624258927,0.10833896052832118,0.06830338556435302,0.1031607666852466,0.06264742624258927,0.1083389613444758,0.06830338572265969,0.11168332403255748,0.1086723906081492,1.0
lewidi_md,gemma,50,GPP-rbf,4,16,0.7414280600832817,0.14556797182311626,0.29226783651914623,0.2896271920925854,0.6493294079162578,0.6493294079162578,0.36497965455055237,0.14453041553497314,0.1602895732545769,0.1183308580567214,0.1602895732545769,0.1183308580567214,0.15609483061713703,0.11510874100493484,0.1601114720278375,0.11816120638363656,0.15609483061713703,0.11510874100493484,0.1601114716063525,0.11816120559289835,0.14652639191967637,0.11964265996126634,1.0
lewidi_md,gemma,50,GPP-laplace,4,16,0.6823353936999534,0.13741766499581268,0.288012839566781,0.297934793080292,0.6696107294733399,0.6696107294733399,0.3799273669719696,0.1968487799167633,0.16430338251333515,0.1370995152148517,0.16430338251333512,0.1370995152148517,0.15843846650692123,0.13262519270104464,0.16364448975273044,0.13667739663970974,0.15843846650692123,0.13262519270104464,0.16364448902814538,0.13667739577022275,0.14525720785707713,0.1201310930946193,1.0
lewidi_md,gemma,50,LPE,4,16,0.8888994343226183,0.164144601893687,0.303286817171398,0.28387856933829975,0.6480209355577363,0.6480209355577363,0.24734731018543243,0.1571127325296402,0.07662013582000816,0.1257045427887981,0.07662013582000816,0.1257045427887981,0.07575803068862791,0.1154200244884697,0.07688286970684483,0.1234360583089858,0.07575803068862791,0.1154200244884697,0.07688287080327583,0.12343605659741336,0.0764059593467622,0.11998471088617094,1.0
lewidi_md,gemma,50,LP-temp,4,16,0.6804986189005175,0.14198962850668612,0.30073265189391135,0.323616245060653,0.6297023225384364,0.6297023225384364,0.6377160886431742,,0.05492153339015904,,0.054921533390159046,,0.05858430922984273,,0.05641265848607775,,0.05858430922984274,,0.05641265917609837,,0.08631052718089742,,1.0
lewidi_md,gemma,50,GPP-cosine,4,64,1.226195150056299,0.19210087892303088,0.32140810747786897,0.2898361604756422,0.6519463526333006,0.6519463526333006,0.28037047386169434,0.020688412711024284,0.09278251417229941,0.08265746566957503,0.09278251417229941,0.08265746566957505,0.09621239944788179,0.08108391979628748,0.09446223696719412,0.08274505614410729,0.09621239944788178,0.08108391979628751,0.09446223665263226,0.08274505617612275,0.0977524925906608,0.1505264402400559,1.0
lewidi_md,gemma,50,GPP-rbf,4,64,0.7491115940503374,0.15262626258042528,0.3070497485305742,0.3029222219940753,0.6287209682695453,0.6287209682695453,0.4474714994430542,0.09212217479944229,0.031798133047694355,0.07666995040843334,0.031798133047694355,0.07666995040843336,0.036574041019810044,0.07932496252442314,0.03346955485576186,0.07800342328157776,0.036574041019810044,0.07932496252442316,0.0334695550418129,0.07800342339273464,0.028902702495176708,0.06794236223640013,1.0
lewidi_md,gemma,50,GPP-laplace,4,64,0.7158948816199999,0.14607009552044342,0.29986561496800257,0.3084328340365436,0.6529277069021917,0.6529277069021917,0.40762147307395935,0.1708039790391922,0.04963343841323749,0.06727719355375245,0.04963343841323748,0.06727719355375243,0.05318753145198844,0.07022597400746725,0.05105524574694566,0.0686356996436926,0.05318753145198845,0.07022597400746723,0.05105524641605516,0.06863570007685468,0.04731453967198707,0.07617280739912469,1.0
lewidi_md,gemma,50,LPE,4,64,0.8238635239521267,0.16630056224565914,0.32366719933960353,0.3045880121963895,0.5907752698724239,0.5907752698724239,0.2970723509788513,0.20357099175453186,0.010113185948546866,0.03439122696318464,0.010113185948546866,0.03439122696318464,0.012488816794220746,0.030989424580470246,0.010905493626853929,0.03359162020531423,0.01248881679422075,0.03098942458047025,0.010905494095120654,0.033591619857706485,0.01069098681519725,0.0340446592235142,0.5
lewidi_md,gemma,50,LP-temp,4,64,0.6880201632677263,0.15324942383997595,0.32524221403433584,0.35513254506341324,0.5799803729146222,0.5799803729146222,0.6923794448912541,,-0.027559315564048045,,-0.02755931556404804,,-0.02275048895158759,,-0.026284674153140095,,-0.022750488951587596,,-0.026284674272962976,,0.0031743973150725863,,-0.5
lewidi_md,gemma,50,GPP-cosine,4,256,0.8946558537904558,0.17321379989380845,0.32258911717748384,0.29805246010600095,0.6104023552502453,0.6104023552502453,0.47601479291915894,0.013311952352523804,0.042554438859739,0.0671314486838592,0.042554438859738995,0.06713144868385917,0.04226908337640424,0.06266074995588417,0.04275923544016795,0.0662309155903866,0.04226908337640425,0.06266074995588418,0.04275923504742413,0.06623091505241113,0.07756137172272907,0.12131950748959028,1.0
lewidi_md,gemma,50,GPP-rbf,4,256,0.753999442673404,0.14098534327594317,0.2805233254383166,0.27971052302669436,0.6751717369970559,0.6751717369970559,0.40820664167404175,0.05788549780845642,0.14285907964909406,0.12746449664211756,0.14285907964909406,0.12746449664211756,0.1429086705429986,0.12525696702976796,0.14385323892235885,0.12766622021743973,0.1429086705429986,0.12525696702976796,0.14385323768803637,0.12766621994527538,0.13707849558956012,0.1639510142627339,1.0
lewidi_md,gemma,50,GPP-laplace,4,256,0.7334591420059686,0.13724458287228744,0.27734221189715746,0.2773140431917464,0.6722276741903828,0.6722276741903828,0.352607399225235,0.12413592636585236,0.16471358784270423,0.16418500725798207,0.1647135878427042,0.16418500725798207,0.16124250100330859,0.16073252959533185,0.1647860430656,0.16425950342698448,0.1612425010033086,0.16073252959533185,0.16478604170432865,0.16425950219331698,0.16912549649399553,0.16290116319085232,1.0
lewidi_md,gemma,50,LPE,4,256,0.8180380355017122,0.14908341960512003,0.2907103987842182,0.28451314030305036,0.666012430487406,0.666012430487406,0.27148711681365967,0.17275752127170563,0.06460086267273488,0.11955816032114913,0.06460086267273488,0.11955816032114915,0.06787079549328656,0.11474685102242868,0.06603876620436708,0.11891326588908152,0.06787079549328658,0.1147468510224287,0.06603876491923963,0.1189132649648062,0.06716693673364524,0.13889265374202175,1.0
lewidi_md,gemma,50,LP-temp,4,256,0.6871703133964633,0.14980592950672034,0.3164948950499551,0.3444782831182324,0.6319921491658489,0.6319921491658489,0.6697879571356944,,-0.0244504700356276,,-0.024450470035627603,,-0.027286434396691654,,-0.025481134151150303,,-0.027286434396691657,,-0.02548113492317129,,0.037723263074089235,,-1.0
lewidi_md,gemma,50,GPP-cosine,4,1024,0.7420766004594701,0.14861082878016857,0.3027773810776593,0.31581279265172385,0.6277396140006543,0.6277396140006543,0.5683277249336243,0.004151446744799614,0.012389114801717763,0.05190911058262028,0.012389114801717772,0.05190911058262027,0.01940371553101091,0.04709756941379241,0.01460884189490328,0.050800521295042825,0.01940371553101091,0.0470975694137924,0.014608842076171214,0.05080052141674913,0.025988699112198713,0.09415600094672819,0.5
lewidi_md,gemma,50,GPP-rbf,4,1024,0.6692038679554091,0.12408490775871796,0.266234886609682,0.2924658673871669,0.699051357540072,0.699051357540072,0.4963744580745697,0.03459241986274719,0.09676368088861265,0.10667132372350396,0.09676368088861265,0.10667132372350396,0.10022888049550518,0.10771582614128207,0.09848143565566105,0.10772026558745157,0.1002288804955052,0.10771582614128208,0.0984814337048408,0.10772026485723181,0.09865620090034134,0.13464494525075738,1.0
lewidi_md,gemma,50,GPP-laplace,4,1024,0.6722654957440916,0.12301836577483177,0.26306964846228587,0.28250938335591186,0.6954530585541381,0.6954530585541381,0.395621657371521,0.10785982012748718,0.12694883596350576,0.14931285135493008,0.12694883596350576,0.14931285135493005,0.12703305693963618,0.14876366629556453,0.12784449567544248,0.15016900958970447,0.1270330569396362,0.1487636662955646,0.1278444929752996,0.1501690077691849,0.11919898323309032,0.147948200269028,1.0
lewidi_md,gemma,50,LPE,4,1024,0.6571167202628938,0.12471112180827454,0.270013246675213,0.2939322298502336,0.6885835786719006,0.6885835786719006,0.5099626183509827,0.04461776092648506,0.08848229393592681,0.06618681709011462,0.08848229393592683,0.0661868170901146,0.08992723082546879,0.06281049213980186,0.08952844757636994,0.06561287121448217,0.0899272308254688,0.06281049213980187,0.08952844575457916,0.0656128705528576,0.10107642242292525,0.10618228800678398,1.0
lewidi_md,gemma,50,LP-temp,4,1024,0.6396589025273849,0.12977034391218104,0.28361714518410636,0.32805137963700953,0.689892051030422,0.689892051030422,0.6484434112337264,,0.065718348263412,,0.065718348263412,,0.07026523788716464,,0.06755253869536204,,0.07026523788716466,,0.06755253772158362,,0.12114330581996564,,1.0
lewidi_md,gemma,62,GPP-cosine,0,16,1.9511805021656956,0.3367565671782691,0.4835268689343121,0.32886396321836403,0.4524043179587831,0.4524043179587831,0.22139346599578857,0.05870356038212776,-0.07662429339521129,-0.03820069279512865,-0.07662429339521129,-0.03820069279512865,-0.07519108576150393,-0.038343504899540776,-0.07671324674433665,-0.03850595981769861,-0.07519108576150395,-0.03834350489954079,-0.07671324649326874,-0.0385059592489709,-0.08636031312261118,-0.06169696061418879,-1.0
lewidi_md,gemma,62,GPP-rbf,0,16,0.7339250144292131,0.16393683060700273,0.33407250165666363,0.33299755542909426,0.5361465489041544,0.5361465489041544,0.4615857005119324,0.17852742969989777,-0.05728791733879549,-0.014508752426174765,-0.0572879173387955,-0.014508752426174765,-0.06091675980227637,-0.013891051413945806,-0.05878493288505432,-0.014420195546683758,-0.06091675980227637,-0.013891051413945806,-0.058784932940751516,-0.014420194951076491,-0.06829564120953432,-0.007336386321217088,-1.0
lewidi_md,gemma,62,GPP-laplace,0,16,0.6987158432064436,0.15395809829321225,0.3221797857096612,0.34681872786219775,0.5740922473012757,0.5740922473012757,0.44006404280662537,0.23415535688400269,-0.02922917003516299,-0.01888920923854021,-0.029229170035162982,-0.018889209238540206,-0.026544399340298102,-0.015355519036839821,-0.028612406808431017,-0.017943222675535907,-0.026544399340298102,-0.01535551903683982,-0.028612405928947583,-0.01794322178146252,-0.09551287099757651,-0.02145964516483377,-0.5
lewidi_md,gemma,62,LPE,0,16,0.7473310447179466,0.16639575186390007,0.335959688615021,0.32081582598620356,0.5462872096826955,0.5462872096826955,0.44728103280067444,0.16288816928863525,-0.061457842453142994,-0.001409557042492418,-0.06145784245314299,-0.0014095570424924233,-0.06988599080440017,-0.0022232844450834587,-0.06444405425444176,-0.001666866629061495,-0.0698859908044002,-0.0022232844450834595,-0.06444405430964628,-0.001666867613539548,-0.06158069486578532,-0.005735420268166867,-1.0
lewidi_md,gemma,62,LP-temp,0,16,0.7424959450243366,0.1675526951390068,0.33961294084008153,0.32729294790912417,0.5325482499182205,0.5325482499182205,0.6340693665502632,,-0.05090045773902696,,-0.05090045773902696,,-0.057902258821602846,,-0.05338022205922817,,-0.057902258821602846,,-0.05338022228102557,,-0.05601102612742956,,-1.0
lewidi_md,gemma,62,GPP-cosine,0,64,1.690576625250355,0.28454601204571167,0.43261616032618444,0.3179917740014041,0.4978737324174027,0.4978737324174027,0.2806752324104309,0.03169059380888939,-0.03946425838416154,-0.012341189286973784,-0.03946425838416154,-0.012341189286973786,-0.031222201239188434,-0.005052763964020006,-0.037226338457409434,-0.010207612604131465,-0.031222201239188434,-0.0050527639640200045,-0.03722633762010227,-0.010207612531586644,-0.03717529046727649,-0.022497227836159428,-0.5
lewidi_md,gemma,62,GPP-rbf,0,64,0.7605648516600678,0.1597600415599497,0.3199467855281116,0.31215647138944763,0.5986261040235525,0.5986261040235525,0.4363856613636017,0.1293233186006546,0.005686914834981848,0.028322001117534426,0.0056869148349818505,0.028322001117534426,0.001281426693740627,0.025870070281629604,0.00438512548086778,0.02776988308082321,0.001281426693740627,0.025870070281629604,0.004385126009716647,0.027769883542448776,0.006115152692479522,0.036671285665619544,-0.5
lewidi_md,gemma,62,GPP-laplace,0,64,0.6855202074645841,0.14184917768174138,0.29950825045860774,0.3208648717741881,0.6575073601570167,0.6575073601570167,0.4169112741947174,0.20981062948703766,0.04253988216474637,0.04206714791118419,0.04253988216474637,0.04206714791118419,0.040839161995944714,0.041627214245142145,0.04231382764877447,0.042221560662410736,0.040839161995944714,0.04162721424514215,0.042313828062879213,0.042221561028047735,0.07014532737478932,0.06700138751570446,1.0
lewidi_md,gemma,62,LPE,0,64,0.8403179613791316,0.1754443242226273,0.33564239365352855,0.3076015099720069,0.5767091920183186,0.5767091920183186,0.2722604274749756,0.24361728131771088,0.00290396464281381,0.010406034542856376,0.002903964642813811,0.010406034542856376,0.0019974214290870663,0.005406766805194196,0.0026479697222935653,0.008955876518656244,0.0019974214290870637,0.005406766805194193,0.002647969993099941,0.008955876694032796,-0.0013525200757919388,0.003497082300282803,0.5
lewidi_md,gemma,62,LP-temp,0,64,0.6909772860934384,0.1544494617900716,0.327129335272411,0.35554774659917476,0.5538109257441937,0.5538109257441937,0.6927946464270157,,0.007683801014104931,,0.007683801014104938,,0.00919408181449807,,0.008196099035576042,,0.00919408181449807,,0.008196098583710463,,-0.03026920688974599,,1.0
lewidi_md,gemma,62,GPP-cosine,0,256,1.678818600924536,0.21823931747321496,0.35106942478091524,0.303384759757944,0.6094210009813543,0.6094210009813543,0.27705585956573486,0.009003479033708572,0.043926579503534145,0.04814595565707991,0.04392657950353415,0.0481459556570799,0.0460456183985611,0.04894858328624747,0.044872531981432054,0.048720189197964586,0.0460456183985611,0.04894858328624747,0.044872531425217174,0.04872018869651229,0.04743710802315256,0.05593436605910294,1.0
lewidi_md,gemma,62,GPP-rbf,0,256,0.7816091362785832,0.14440484159485126,0.28621737832435196,0.28836954548227683,0.6679751390251881,0.6679751390251881,0.37680163979530334,0.06482443958520889,0.10820336729162833,0.07809469246326163,0.10820336729162833,0.07809469246326163,0.10232531619639869,0.0749117824666989,0.1071560025781746,0.0776612195237765,0.1023253161963987,0.07491178246669891,0.10715600019016283,0.07766121848405003,0.10152140345188754,0.10471133840049353,1.0
lewidi_md,gemma,62,GPP-laplace,0,256,0.7217844534318079,0.13756175800426979,0.28295577599828176,0.28716286496904403,0.6722276741903828,0.6722276741903828,0.34695640206336975,0.15110406279563904,0.10499965514972692,0.10207182840430956,0.10499965514972692,0.10207182840430958,0.10171868904589752,0.10221067991302685,0.10472072965833075,0.10281362288833905,0.10171868904589754,0.10221067991302685,0.10472072767152336,0.10281362144001842,0.11141048081956176,0.1083015126071096,1.0
lewidi_md,gemma,62,LPE,0,256,0.8523768695233792,0.15278489112344038,0.29404793382836736,0.28892761916662063,0.6561988877984952,0.6561988877984952,0.22828799486160278,0.1888331174850464,0.0948016603850415,0.09401314777838742,0.09480166038504151,0.0940131477783874,0.0921847955367011,0.08563471576435124,0.09465495643607984,0.0921075675770438,0.09218479553670111,0.08563471576435124,0.09465495432010015,0.09210756588225577,0.09335861119284394,0.09917757344112527,1.0
lewidi_md,gemma,62,LP-temp,0,256,0.7344162056023271,0.14250822592186393,0.29263152080051463,0.3045486114599527,0.6418056918547596,0.6418056918547596,0.5678428118357663,,0.09494694371140856,,0.09494694371140856,,0.09538845540043928,,0.09573202012864176,,0.09538845540043928,,0.09573201867941022,,0.1042154162847446,,1.0
lewidi_md,gemma,62,GPP-cosine,0,1024,1.071789615913124,0.17508898789619273,0.31006040816745534,0.2876309928183615,0.6460582270199542,0.6460582270199542,0.3273031711578369,0.0026100848335772753,0.10054327037651808,0.06891689473887662,0.10054327037651806,0.0689168947388766,0.09439303662366612,0.06418484924971829,0.0993605722234693,0.06794905984229946,0.09439303662366612,0.06418484924971832,0.09936057227861786,0.06794906013701663,0.09767336529140355,0.0865020402812354,1.0
lewidi_md,gemma,62,GPP-rbf,0,1024,0.7183037941670052,0.13371832040860326,0.2764871224631646,0.2840470618516383,0.6696107294733399,0.6696107294733399,0.366756409406662,0.11067422479391098,0.12161921469654588,0.10683141546384041,0.12161921469654588,0.10683141546384041,0.11110586623327359,0.10599058692556051,0.11925308988259187,0.10730767387828502,0.1111058662332736,0.10599058692556051,0.11925308783993303,0.10730767312631201,0.1079067439290104,0.10670022417317543,1.0
lewidi_md,gemma,62,GPP-laplace,0,1024,0.6759469352607361,0.12503017869486216,0.26698427928333185,0.27997928842534026,0.6885835786719006,0.6885835786719006,0.37175384163856506,0.12519694864749908,0.1491902616289426,0.1417117809814852,0.1491902616289426,0.1417117809814852,0.13646214269333867,0.13762300563435542,0.14633904946646986,0.1414386092112074,0.13646214269333867,0.13762300563435542,0.1463390468663559,0.14143860752430343,0.13311186540913467,0.1409227162279033,1.0
lewidi_md,gemma,62,LPE,0,1024,0.6609887149993128,0.12279924708601975,0.262755102467581,0.276768702336611,0.6905462872096827,0.6905462872096827,0.4665753245353699,0.04227357730269432,0.18520454753838722,0.08821157475804184,0.18520454753838722,0.08821157475804184,0.1793206369681109,0.08435163442374292,0.18468311749864416,0.087641389551971,0.17932063696811093,0.08435163442374294,0.18468311536117926,0.08764138890106826,0.1715585145875591,0.13273013949201837,1.0
lewidi_md,gemma,62,LP-temp,0,1024,0.6306032312068295,0.12026691426285811,0.2648461270920546,0.29211921917666295,0.6853123977755969,0.6853123977755969,0.5754185023026348,,0.18536427497781555,,0.1853642749778155,,0.1783371003908039,,0.1844959992486336,,0.17833710039080392,,0.18449599714893405,,0.16581274283128697,,1.0
lewidi_md,gemma,62,GPP-cosine,1,16,0.9453909984588306,0.20672105848607847,0.37214857137394597,0.3185390193074939,0.5139025188092902,0.5139025188092902,0.3966650366783142,0.1053425595164299,-0.0696301961115858,-0.026092741191363587,-0.0696301961115858,-0.02609274119136358,-0.06809112225134861,-0.03048897557666213,-0.06963899702014742,-0.02760951215400599,-0.06809112225134863,-0.030488975576662133,-0.069638997916592,-0.027609513076345314,-0.06386964797611634,-0.026234308106781113,-1.0
lewidi_md,gemma,62,GPP-rbf,1,16,0.7452288311738318,0.14903785570855171,0.30061516473493255,0.2904910194065615,0.6601243048740595,0.6601243048740595,0.3529764711856842,0.14282511174678802,0.031323116902044826,0.05081745842011152,0.031323116902044826,0.05081745842011152,0.02362016909529393,0.04251344274346357,0.02919347493057235,0.04863848980113756,0.023620169095293922,0.04251344274346357,0.029193473580737556,0.04863848873929477,0.02414324720500798,0.04623425980898056,0.5
lewidi_md,gemma,62,GPP-laplace,1,16,0.6906749207010191,0.1393263165085619,0.2924232092622934,0.29570328287254977,0.662414131501472,0.662414131501472,0.37153729796409607,0.19813528656959534,0.02528739819451925,0.03147121845531522,0.02528739819451925,0.03147121845531521,0.01689655601285661,0.02309794964548935,0.02290703777357392,0.029138586342524676,0.01689655601285661,0.023097949645489356,0.022907036329839706,0.029138584960478178,0.03954356066563133,0.045256740324975765,0.5
lewidi_md,gemma,62,LPE,1,16,0.9303074741185777,0.1758505447577937,0.31883885948626295,0.2967086548129076,0.6571802420673863,0.6571802420673863,0.25849974155426025,0.08999074995517731,0.0031479989642907253,-0.0016446181229114436,0.00314799896429072,-0.0016446181229114471,0.0003268410872292811,0.00030580123286012666,0.0023109836963692496,-0.001062299720137841,0.0003268410872292863,0.000305801232860131,0.0023109827929254046,-0.001062299572754121,6.468471653927712e-05,-0.002513895743722728,-0.5
lewidi_md,gemma,62,LP-temp,1,16,0.6639130296848182,0.14265190103736666,0.3058864807906101,0.34379010019406203,0.6493294079162578,0.6493294079162578,0.6794765547920967,,0.01292792258737956,,0.012927922587379553,,0.010591980872585751,,0.012305603229101195,,0.010591980872585756,,0.012305602494878972,,0.0057324188739220515,,0.5
lewidi_md,gemma,62,GPP-cosine,1,64,1.5931016679455081,0.2549112707506704,0.39176124217510166,0.30113035898718543,0.5498855086686294,0.5498855086686294,0.23926623165607452,0.03215939179062843,0.06720891377414002,0.0361474011181277,0.06720891377414002,0.0361474011181277,0.06629059358642536,0.04109271663052359,0.06739004056930821,0.03790018749060853,0.06629059358642536,0.04109271663052359,0.06739004008864591,0.03790018778067961,0.06712496852455882,0.05918127909960463,1.0
lewidi_md,gemma,62,GPP-rbf,1,64,0.7569937985463947,0.15562732175119115,0.3122806035307878,0.3007313439148472,0.5982989859339222,0.5982989859339222,0.41954007744789124,0.11852308362722397,0.07329057842175746,0.06638731632151368,0.07329057842175743,0.06638731632151368,0.06973404184422072,0.0685618788113597,0.07271047177398698,0.06750409866688657,0.06973404184422072,0.06856187881135971,0.07271047132738383,0.06750409879068749,0.05929707073320452,0.07647415448296119,1.0
lewidi_md,gemma,62,GPP-laplace,1,64,0.6818415590007859,0.14030589588317002,0.2963113711411447,0.3178385769169258,0.643114164213281,0.643114164213281,0.41946226358413696,0.2083326280117035,0.12874846471906456,0.1079437183339543,0.12874846471906456,0.10794371833395432,0.1273776670654745,0.1104249318608839,0.12921363836707417,0.10943862828809803,0.12737766706547451,0.1104249318608839,0.12921363758921695,0.10943862779980952,0.16191912093367214,0.12487202986618502,1.0
lewidi_md,gemma,62,LPE,1,64,0.8189341676720128,0.16766347985453828,0.324936760113261,0.2942685056934246,0.5789990186457311,0.5789990186457311,0.2978874742984772,0.1871030032634735,0.05604936525157673,0.05322670902959756,0.05604936525157672,0.05322670902959756,0.05268954429536678,0.05009615471062445,0.055410966436410525,0.052638740379761864,0.052689544295366784,0.05009615471062445,0.055410965921784704,0.05263874024221004,0.05091192565528591,0.04460373863030983,1.0
lewidi_md,gemma,62,LP-temp,1,64,0.683361935819415,0.14881332667007705,0.3157197497354651,0.33678910024900816,0.5665685312397776,0.5665685312397776,0.6648657078437366,,0.022757803389286096,,0.022757803389286083,,0.01910434983519975,,0.021801881036866887,,0.01910434983519975,,0.021801879855126084,,0.01722322285550377,,0.5
lewidi_md,gemma,62,GPP-cosine,1,256,1.6698586246194582,0.24942604555239709,0.3870565810717446,0.31816019471979134,0.5672227674190383,0.5672227674190383,0.263721764087677,0.008123536594212055,-0.01669416747067508,0.007458722524431277,-0.01669416747067507,0.007458722524431275,-0.011825129544617723,0.009506604119238635,-0.015326738449253929,0.008133091137872035,-0.01182512954461772,0.009506604119238636,-0.01532673707842579,0.008133092628234409,-0.007653713203856196,0.0014301269123593791,-0.5
lewidi_md,gemma,62,GPP-rbf,1,256,0.7863143909340117,0.14757060489461937,0.2905737309822928,0.2918767271476167,0.6637226038599935,0.6637226038599935,0.3927043080329895,0.06414163112640381,0.08478179956122389,0.08406215490884628,0.08478179956122389,0.08406215490884628,0.08527810040662323,0.08802022408826393,0.08551388493901045,0.08584286102163477,0.08527810040662322,0.08802022408826396,0.0855138838954848,0.08584286080865869,0.08571372759993702,0.10799804206693234,1.0
lewidi_md,gemma,62,GPP-laplace,1,256,0.7285168466895409,0.1384103079230233,0.2837768074636563,0.28995198111858544,0.6754988550866863,0.6754988550866863,0.3518858253955841,0.14918136596679688,0.0720157518139171,0.08841347966120076,0.07201575181391712,0.08841347966120075,0.07506981417442211,0.0913174195697105,0.07343877445870704,0.08990319389270351,0.07506981417442213,0.09131741956971051,0.07343877340384405,0.08990319323815998,0.08799169852716122,0.09992743612972688,1.0
lewidi_md,gemma,62,LPE,1,256,0.7904655053524272,0.14622235930384275,0.29260529549961156,0.2912311408420818,0.6473666993784757,0.6473666993784757,0.262321799993515,0.22370052337646484,0.049677521672145744,0.11997502934041779,0.04967752167214575,0.11997502934041779,0.046625672364776195,0.11341452526643118,0.04908918215262453,0.11880064286245777,0.0466256723647762,0.1134145252664312,0.049089181684326355,0.1188006419076435,0.04523324894729701,0.12402439691933859,1.0
lewidi_md,gemma,62,LP-temp,1,256,0.6717887960000317,0.1417722661311321,0.30291255706378917,0.33751295836850653,0.6470395812888453,0.6470395812888453,0.65677029368653,,0.022498208094215072,,0.022498208094215075,,0.022638927635027114,,0.022695223255177706,,0.022638927635027114,,0.022695223498441705,,0.06259024746796646,,1.0
lewidi_md,gemma,62,GPP-cosine,1,1024,0.9818264597467599,0.17145261296652464,0.3093063550162853,0.2894149486674586,0.6460582270199542,0.6460582270199542,0.3543524146080017,0.002848837524652481,0.09502266281486552,0.05765051873570383,0.09502266281486552,0.057650518735703815,0.08886115897208532,0.055804454346178665,0.0937986999362739,0.05748378909196891,0.08886115897208535,0.055804454346178665,0.0937986995029354,0.05748378901673229,0.09475896187396733,0.09852466698163005,1.0
lewidi_md,gemma,62,GPP-rbf,1,1024,0.684575115846739,0.1285925030650895,0.2725258907519898,0.28624650095672016,0.671573438011122,0.671573438011122,0.3852357268333435,0.12152291089296341,0.13674217506034025,0.10859025863205884,0.13674217506034025,0.10859025863205883,0.1296545959398012,0.1081327468317784,0.1355222903765148,0.10919522946955015,0.12965459593980122,0.1081327468317784,0.1355222880095205,0.10919522864662622,0.12659485155338612,0.10654156591504418,1.0
lewidi_md,gemma,62,GPP-laplace,1,1024,0.6533627010884113,0.12177663304217304,0.2637872529206362,0.2818659994819027,0.6876022244030094,0.6876022244030094,0.390169233083725,0.13365566730499268,0.1657806239918339,0.15614793551194409,0.16578062399183388,0.15614793551194406,0.1567948322619291,0.1532044617979182,0.16418204966654948,0.15632226060690343,0.15679483226192914,0.1532044617979182,0.16418204679114934,0.15632225887955986,0.1615023117627838,0.15921496322246625,1.0
lewidi_md,gemma,62,LPE,1,1024,0.6435514621520305,0.1199946097859139,0.2623671162840376,0.28259036381441377,0.6853123977755969,0.6853123977755969,0.49001580476760864,0.04523822292685509,0.19454737437701128,0.06922142922208495,0.19454737437701125,0.06922142922208495,0.1857814573469252,0.06739129790854351,0.19321286592094641,0.06913884842778328,0.1857814573469252,0.06739129790854351,0.19321286347534108,0.06913884770639207,0.17918105277925267,0.15401279951990104,1.0
lewidi_md,gemma,62,LP-temp,1,1024,0.6244091131025067,0.12068265421669565,0.26745349536413393,0.30460523914825655,0.6849852796859667,0.6849852796859667,0.6072398373553384,,0.1817837910851185,,0.1817837910851185,,0.17481813876167118,,0.18090970061098816,,0.17481813876167118,,0.1809096981599354,,0.17201254583547831,,1.0
lewidi_md,gemma,62,GPP-cosine,2,16,1.9523391885655206,0.23997514542802337,0.3703844658212842,0.3351418809054742,0.6104023552502453,0.6104023552502453,0.206055149435997,0.050152551382780075,-0.09357687489328591,-0.055624373991637076,-0.09357687489328591,-0.05562437399163707,-0.09407593688828084,-0.061498345061880275,-0.09437007654493657,-0.057793269895367615,-0.09407593688828084,-0.061498345061880275,-0.09437007700455062,-0.05779327045367666,-0.10191195649241924,-0.08455522449695703,-1.0
lewidi_md,gemma,62,GPP-rbf,2,16,0.7387339973557927,0.1482766999693642,0.300470488198957,0.2946649151322648,0.6535819430814525,0.6535819430814525,0.35990267992019653,0.15510211884975433,0.04053566522661689,0.04656998568435752,0.04053566522661689,0.04656998568435753,0.043463303267608416,0.044706363983079964,0.04170446713134208,0.046321973612464915,0.043463303267608416,0.044706363983079964,0.04170446737391971,0.046321973723937065,0.042971886109352236,0.04360030700362445,1.0
lewidi_md,gemma,62,GPP-laplace,2,16,0.67358401722968,0.13671532020817817,0.290923886568373,0.3026408914753037,0.6650310762185149,0.6650310762185149,0.3856883645057678,0.2095067799091339,0.05256034559523032,0.05295414155741801,0.05256034559523031,0.05295414155741801,0.05357984627809613,0.0530411558315865,0.053230835634143346,0.05334353801106753,0.05357984627809613,0.0530411558315865,0.053230836204866024,0.05334353855925999,0.05441309494271593,0.05141660757031293,1.0
lewidi_md,gemma,62,LPE,2,16,0.9897290759777574,0.1823999374175246,0.3208717160764838,0.2980223527003582,0.6578344782466471,0.6578344782466471,0.24750249087810516,0.06594055891036987,0.018590949165762233,0.05419035125896245,0.018590949165762243,0.05419035125896244,0.021351292702014198,0.05861528380696415,0.019558441387486,0.055908419656079,0.0213512927020142,0.05861528380696416,0.019558441266937857,0.05590841955632577,0.017407458280398882,0.020026129641695502,1.0
lewidi_md,gemma,62,LP-temp,2,16,0.8296779049509361,0.16442306975456727,0.3143994643268724,0.29399324717610686,0.6454039908406934,0.6454039908406934,0.4329779699221733,,0.02253282329922368,,0.022532823299223695,,0.02585296613224579,,0.02369769968111807,,0.02585296613224579,,0.02369769957122657,,0.023601809753083895,,1.0
lewidi_md,gemma,62,GPP-cosine,2,64,1.5240030894411507,0.2505389835160057,0.39261301925099373,0.2964286793852125,0.5407262021589794,0.5407262021589794,0.2831338942050934,0.031104635447263718,0.07064945805493204,0.04688882679524304,0.07064945805493206,0.04688882679524303,0.05915299102648608,0.04408828124486425,0.0676348166185175,0.04635785695615563,0.059152991026486086,0.04408828124486425,0.06763481680540945,0.04635785781815756,0.06664285442802981,0.04990503894876163,0.5
lewidi_md,gemma,62,GPP-rbf,2,64,0.7578770598026229,0.15384803912304598,0.30653314122510966,0.3033922848379453,0.629375204448806,0.629375204448806,0.42495378851890564,0.10511419922113419,0.05741588551918068,0.042820509382782784,0.05741588551918067,0.04282050938278279,0.051490217425482834,0.04573974916402408,0.05600596342939172,0.044002414258824216,0.05149021742548285,0.04573974916402408,0.056005962332732626,0.04400241398952216,0.04914322975685756,0.04812836006916539,0.5
lewidi_md,gemma,62,GPP-laplace,2,64,0.7025056999332067,0.14410266999995522,0.29972902177334915,0.317939314849316,0.6490022898266274,0.6490022898266274,0.4144720435142517,0.19432635605335236,0.051536907922969846,0.0361285240557827,0.051536907922969846,0.03612852405578271,0.048668822105987636,0.04183370349783788,0.051017237956910926,0.03811243763998859,0.048668822105987636,0.04183370349783788,0.051017236640693034,0.03811243679990777,0.05565137664311985,0.05498810515091785,1.0
lewidi_md,gemma,62,LPE,2,64,0.8006005096086177,0.16279798420977698,0.31695152977168456,0.30014398666606756,0.6081125286228328,0.6081125286228328,0.33553335070610046,0.16603481769561768,0.03052857161958831,0.0667572191498341,0.03052857161958831,0.06675721914983408,0.027660646256800016,0.054136392524621435,0.02986497248483964,0.06337371574130672,0.027660646256800023,0.054136392524621435,0.02986497189714304,0.063373715888469,0.024702899261143534,0.05834493068946674,0.5
lewidi_md,gemma,62,LP-temp,2,64,0.6751633846651277,0.14661683212534893,0.3120289060739361,0.34214640903482685,0.5822701995420346,0.5822701995420346,0.6748785162804755,,0.04997380838303421,,0.04997380838303421,,0.04189960937963136,,0.04785900019804316,,0.04189960937963136,,0.0478590000481164,,0.0492803734558767,,0.5
lewidi_md,gemma,62,GPP-cosine,2,256,1.7431470701771785,0.2352096074084221,0.36955409415032126,0.3119606620297469,0.5950278050376185,0.5950278050376185,0.2740060091018677,0.009650424122810364,0.010679771118047611,0.008954584349829531,0.010679771118047608,0.008954584349829535,0.01489042883847686,0.012056011918090088,0.012034432917742595,0.009959840284878943,0.01489042883847686,0.012056011918090099,0.012034432753064796,0.009959840742921219,0.012976132422990451,0.01833961807426295,0.5
lewidi_md,gemma,62,GPP-rbf,2,256,0.8110465595055324,0.15297493099463566,0.2951245457769104,0.29011172200087604,0.6594700686947988,0.6594700686947988,0.3699188530445099,0.06352370232343674,0.08443437983120236,0.07575519635423453,0.08443437983120236,0.07575519635423453,0.0800777054591092,0.0701306925246967,0.08368713232057465,0.07456261660558797,0.08007770545910918,0.0701306925246967,0.08368713001207145,0.07456261543266003,0.08164628269702012,0.09380546444355299,1.0
lewidi_md,gemma,62,GPP-laplace,2,256,0.7515003831536429,0.14590711961585112,0.2920314515226435,0.2834113175305762,0.6607785410533202,0.6607785410533202,0.3366140127182007,0.14464347064495087,0.09692036686239029,0.1052974875080818,0.09692036686239029,0.1052974875080818,0.09300284949011145,0.1002135843010761,0.09639234330704727,0.10447189825652,0.09300284949011145,0.1002135843010761,0.09639234141000383,0.10447189679498733,0.10675867902298192,0.11070725853650648,1.0
lewidi_md,gemma,62,LPE,2,256,0.8895359120911778,0.15895223538731756,0.3001717564433724,0.2913082343492766,0.6496565260058881,0.6496565260058881,0.2202790081501007,0.19557107985019684,0.06608333631163545,0.08410922143219474,0.06608333631163546,0.08410922143219475,0.062726586083967,0.07986451995896664,0.06551463860410554,0.08339382326156405,0.062726586083967,0.07986451995896665,0.06551463679676073,0.08339382160563635,0.06547311708644839,0.0844935861150146,1.0
lewidi_md,gemma,62,LP-temp,2,256,0.6898482195045663,0.14171806854811364,0.29875592351801283,0.3270052660123511,0.6388616290480864,0.6388616290480864,0.6185688589488088,,-0.008635218175137658,,-0.008635218175137658,,-0.0053060597604703405,,-0.007681204263892573,,-0.005306059760470341,,-0.007681205545541372,,0.04618204405359437,,-0.5
lewidi_md,gemma,62,GPP-cosine,2,1024,1.045527291359426,0.17929828103616702,0.3183449985218415,0.29050801880340005,0.6303565587176971,0.6303565587176971,0.35101160407066345,0.002652048831805587,0.08508026658819462,0.06636684630599946,0.08508026658819459,0.06636684630599944,0.07836544695506631,0.06380617528669018,0.08361976890981393,0.06604236992062407,0.07836544695506631,0.06380617528669018,0.08361976953997377,0.06604237054768959,0.08319312551421026,0.08972285610956598,1.0
lewidi_md,gemma,62,GPP-rbf,2,1024,0.7148658093193399,0.13258937091426215,0.2752512310912082,0.28614449979062456,0.6689564932940791,0.6689564932940791,0.3733261823654175,0.11288676410913467,0.12384391937550543,0.1012826559691576,0.1238439193755054,0.1012826559691576,0.11439818985987643,0.0997055598742854,0.12181795987782143,0.10149681137976796,0.11439818985987643,0.0997055598742854,0.12181795910589077,0.10149681132821341,0.11481790813705679,0.09980228571693034,1.0
lewidi_md,gemma,62,GPP-laplace,2,1024,0.673348797897194,0.12488968377252664,0.2669907383229108,0.2834649633515024,0.6836768073274452,0.6836768073274452,0.38430216908454895,0.12958437204360962,0.14300251355335997,0.1376470364780485,0.14300251355335997,0.1376470364780485,0.13381975758860448,0.1346502480917121,0.1411878883112562,0.13767834222005343,0.13381975758860448,0.1346502480917121,0.14118788684808395,0.1376783413367951,0.133141760207966,0.14185824299995556,1.0
lewidi_md,gemma,62,LPE,2,1024,0.6606750453336826,0.12289417076597926,0.2646862789678915,0.2797483895616673,0.6810598626104023,0.6810598626104023,0.48852187395095825,0.036731280386447906,0.18853584748794938,0.12423373784450958,0.18853584748794938,0.12423373784450957,0.17743847941226332,0.11924520149375634,0.18645058721694932,0.12356694971076451,0.17743847941226334,0.11924520149375635,0.18645058548537294,0.1235669493478937,0.171214136985139,0.16600711394357592,1.0
lewidi_md,gemma,62,LP-temp,2,1024,0.6279445750389628,0.12156502103419352,0.26951226799831207,0.3032792102252773,0.6872751063133792,0.6872751063133792,0.6053125132393448,,0.19467293339182912,,0.19467293339182912,,0.18402234499718817,,0.1927657055602791,,0.18402234499718817,,0.19276570395697684,,0.18318909543304673,,1.0
lewidi_md,gemma,62,GPP-cosine,3,16,1.1575600367240744,0.2403484201664901,0.40200545485939343,0.31013806233596164,0.4975466143277723,0.4975466143277723,0.3469310998916626,0.08438964188098907,-0.013142242499745294,0.013564146202039835,-0.0131422424997453,0.013564146202039835,-0.014244888140649965,0.009203806972323102,-0.013567889799034463,0.012330083062020622,-0.014244888140649965,0.009203806972323104,-0.013567890570341547,0.012330082352903223,-0.015385787960199852,0.012785747715222713,-1.0
lewidi_md,gemma,62,GPP-rbf,3,16,0.6849360398605422,0.13802965114794935,0.2908682281009446,0.30025121499827145,0.647693817468106,0.647693817468106,0.4035787582397461,0.16879338026046753,0.0900163016625899,0.1005384326452071,0.09001630166258992,0.1005384326452071,0.0818569886802601,0.09447277221764201,0.08815001614636714,0.09938144033810883,0.0818569886802601,0.09447277221764203,0.08815001500771899,0.09938143954755702,0.06382597480578536,0.09125380186135419,0.5
lewidi_md,gemma,62,GPP-laplace,3,16,0.660274332298887,0.1345135545982063,0.28985849407153913,0.3126294949522724,0.6647039581288845,0.6647039581288845,0.4008953869342804,0.21788804233074188,0.07044420950911426,0.0727958215451118,0.07044420950911426,0.07279582154511179,0.06034465573448436,0.063754034831982,0.0678532972625436,0.07054294604070824,0.06034465573448436,0.063754034831982,0.06785329631113934,0.07054294516327472,0.06721741907168464,0.07401643101604025,0.5
lewidi_md,gemma,62,LPE,3,16,0.7987375386846166,0.1546438750852749,0.3014702998890533,0.2859908734207769,0.6470395812888453,0.6470395812888453,0.33581846952438354,0.10552836954593658,0.08636108518516489,0.07165492211471164,0.08636108518516489,0.07165492211471164,0.08492430970252489,0.06796764902372024,0.08651568257989539,0.07102381742051657,0.08492430970252489,0.06796764902372024,0.08651568109785636,0.07102381708333097,0.0778162825283512,0.08428589551719674,1.0
lewidi_md,gemma,62,LP-temp,3,16,0.6675947462217241,0.14401177866651807,0.3082494582730836,0.3436794897095715,0.6087667648020936,0.6087667648020936,0.679033563135169,,0.08416603578674717,,0.08416603578674717,,0.08599243010810707,,0.08529870104410717,,0.08599243010810709,,0.08529869981851748,,0.07144661511529801,,1.0
lewidi_md,gemma,62,GPP-cosine,3,64,1.34108592465992,0.22860943536197184,0.3680115683542424,0.3034509988535814,0.572456656853124,0.572456656853124,0.27054744958877563,0.03425445035099983,0.041115285537642196,0.04756019319242036,0.04111528553764218,0.04756019319242036,0.03948885910840218,0.046786965161422306,0.04090207824423531,0.047650817212024084,0.03948885910840218,0.046786965161422306,0.04090207858602374,0.04765081789098484,0.039796356060989635,0.04703997795360357,1.0
lewidi_md,gemma,62,GPP-rbf,3,64,0.7241350272987833,0.1379034944324673,0.2820592395307653,0.2893848206209733,0.6692836113837095,0.6692836113837095,0.37785154581069946,0.11685046553611755,0.10614549504308105,0.11265599710505583,0.10614549504308107,0.11265599710505582,0.10675616501698915,0.10931401518420558,0.10705880087132255,0.11241097387294664,0.10675616501698915,0.10931401518420561,0.10705879884496833,0.11241097264481795,0.09929340294944874,0.11652447296713787,1.0
lewidi_md,gemma,62,GPP-laplace,3,64,0.6865798794308827,0.13408644945459325,0.2807024404720949,0.2841567773420502,0.6696107294733399,0.6696107294733399,0.3579668700695038,0.17979443073272705,0.13382321988671103,0.12545040804707952,0.13382321988671103,0.12545040804707952,0.13371229805790122,0.12404221993128581,0.13470660267050702,0.1258815994834846,0.13371229805790125,0.12404221993128581,0.13470660130900663,0.12588159838926305,0.14148794833836953,0.12724127888804054,1.0
lewidi_md,gemma,62,LPE,3,64,0.8134620192104114,0.1491755423835726,0.2900929268399125,0.2875977025292818,0.6548904154399738,0.6548904154399738,0.28835707902908325,0.148339182138443,0.08505594256819164,0.12049197101988657,0.08505594256819166,0.12049197101988658,0.08693407215350785,0.12305420686291951,0.08621045177285858,0.12209753714044302,0.08693407215350786,0.12305420686291951,0.08621045033306135,0.12209753613497903,0.08301169315483702,0.1255339446959294,1.0
lewidi_md,gemma,62,LP-temp,3,64,0.7288181631288893,0.14716163467394403,0.30031951449853556,0.3082560146298625,0.6300294406280668,0.6300294406280668,0.5407167203531527,,0.02241339110493596,,0.022413391104935954,,0.02722502626650259,,0.024031368953477128,,0.027225026266502583,,0.02403136890654429,,0.03262595121043883,,1.0
lewidi_md,gemma,62,GPP-cosine,3,256,1.6772887206923672,0.2175140589643202,0.3509107341807985,0.3077770066351742,0.6032057572783774,0.6032057572783774,0.26774847507476807,0.007984177209436893,0.03264087288326012,0.04421116752261397,0.03264087288326012,0.04421116752261396,0.030807677153555264,0.04072138264893131,0.03230665920559357,0.04345208395286474,0.030807677153555257,0.040721382648931326,0.032306659719076786,0.04345208421764958,0.02651609514696151,0.030428822965777032,1.0
lewidi_md,gemma,62,GPP-rbf,3,256,0.7491456560640762,0.14082302807193425,0.2851859197303248,0.2892947696971425,0.6650310762185149,0.6650310762185149,0.4079549014568329,0.06602044403553009,0.11088472762004684,0.08437510900735425,0.11088472762004684,0.08437510900735423,0.09890008680736011,0.07400354644875677,0.10799726301422716,0.081796887427114,0.09890008680736012,0.07400354644875677,0.10799726225918574,0.08179688665995676,0.09731147577573633,0.100933430976149,0.5
lewidi_md,gemma,62,GPP-laplace,3,256,0.7059971044567515,0.13500522573985668,0.28179385406058066,0.29329651025457487,0.6751717369970559,0.6751717369970559,0.3759278357028961,0.16024406254291534,0.11318037974006734,0.0975181963757265,0.11318037974006732,0.09751819637572649,0.10190026849269859,0.0888225145010605,0.11052306425084554,0.09554008593240867,0.10190026849269859,0.0888225145010605,0.11052306343300175,0.09554008469357653,0.11363776908724534,0.09917571242765892,0.5
lewidi_md,gemma,62,LPE,3,256,0.7792624745815772,0.14213371335567754,0.2853444565299369,0.2857927947965643,0.6571802420673863,0.6571802420673863,0.2707996964454651,0.1957801729440689,0.10177257841184907,0.1266048922850885,0.10177257841184907,0.1266048922850885,0.09383035541607515,0.11504073487001144,0.10005293211645908,0.12395313355169495,0.09383035541607516,0.11504073487001144,0.10005293100201659,0.12395313302930318,0.09763179287305751,0.12834060738972156,1.0
lewidi_md,gemma,62,LP-temp,3,256,0.7005617035175455,0.14047104907431007,0.2971669764810014,0.33084537184927076,0.6496565260058881,0.6496565260058881,0.6324839542395955,,0.022579107172089302,,0.022579107172089295,,0.02116447333343914,,0.02230332134632352,,0.021164473333439147,,0.022303320916592824,,0.09676204417808523,,1.0
lewidi_md,gemma,62,GPP-cosine,3,1024,1.0620050658294475,0.1759624233602434,0.31513092742631343,0.3001019871411394,0.6414785737651292,0.6414785737651292,0.3516910672187805,0.0028840615414083004,0.043806643995434255,0.022654154867252918,0.04380664399543425,0.022654154867252918,0.03357167211127879,0.018860079301396365,0.04099196145511753,0.021654725344567933,0.0335716721112788,0.018860079301396358,0.04099196147892455,0.02165472595905623,0.038773357768076645,0.0430810527459019,0.5
lewidi_md,gemma,62,GPP-rbf,3,1024,0.7098094884216429,0.1333036106772603,0.27544992683732733,0.2826693421591769,0.671573438011122,0.671573438011122,0.37463176250457764,0.11750221997499466,0.12788312103147365,0.09994780723066843,0.12788312103147365,0.09994780723066841,0.12711401885977147,0.10587836742950542,0.12852548383714224,0.10243769053713311,0.12711401885977147,0.10587836742950543,0.1285254827670215,0.10243769022597357,0.12103865086055796,0.10388415939760685,1.0
lewidi_md,gemma,62,GPP-laplace,3,1024,0.6705078732032389,0.1245570707215258,0.2656409341877276,0.2773207075523114,0.6836768073274452,0.6836768073274452,0.38004070520401,0.13149335980415344,0.163458257330101,0.14788244437096149,0.16345825733010097,0.14788244437096149,0.15672414660130807,0.14805073980075328,0.16252904235143334,0.14894715712026935,0.1567241466013081,0.14805073980075334,0.1625290402757798,0.1489471556888407,0.15148856009414682,0.15229134628378477,1.0
lewidi_md,gemma,62,LPE,3,1024,0.6555149517247125,0.12298358039363028,0.26610474254372984,0.28346762642807716,0.6823683349689238,0.6823683349689238,0.4879295229911804,0.04270382598042488,0.15761618729364849,0.10373423682541358,0.15761618729364846,0.10373423682541358,0.1496764423645953,0.10154138327579247,0.1562800123499522,0.10377779454277468,0.1496764423645953,0.10154138327579249,0.15628001012221948,0.10377779415520492,0.14170614323301367,0.1659285100398411,1.0
lewidi_md,gemma,62,LP-temp,3,1024,0.6319906384694806,0.12174058010435945,0.269034536993339,0.30083327744748584,0.6866208701341184,0.6866208701341184,0.5927796474880555,,0.16210019413796925,,0.16210019413796925,,0.1533122238184242,,0.1605366013102928,,0.1533122238184242,,0.1605365993487156,,0.15746244167485288,,1.0
lewidi_md,gemma,62,GPP-cosine,4,16,1.2803884282613065,0.24997263526535649,0.40123152784572447,0.2967766594703333,0.5096499836440955,0.5096499836440955,0.2624795138835907,0.06648124754428864,0.057314359939637446,0.06056767981586695,0.05731435993963744,0.06056767981586695,0.04902917666367941,0.05322659487418683,0.05518564846417673,0.05874859094445168,0.04902917666367942,0.053226594874186836,0.05518564929732021,0.058748591643539017,0.059767086600911866,0.06839719050536032,0.5
lewidi_md,gemma,62,GPP-rbf,4,16,0.681680896470331,0.13745163511920586,0.28841297340841027,0.29919914046345286,0.6555446516192346,0.6555446516192346,0.40237903594970703,0.17323410511016846,0.10071883054625377,0.0927489238338051,0.10071883054625377,0.0927489238338051,0.09866391888519088,0.09275072295490089,0.1007837037152412,0.09338511450860677,0.09866391888519088,0.09275072295490089,0.10078370308854848,0.09338511414420927,0.1085191323117048,0.09445761478018011,1.0
lewidi_md,gemma,62,GPP-laplace,4,16,0.655353092899093,0.1342173535449631,0.28949382651864136,0.3131541234165352,0.6666666666666666,0.6666666666666666,0.40536531805992126,0.2213086038827896,0.11433015079729555,0.10074206005583759,0.11433015079729554,0.10074206005583758,0.11265604694934875,0.10086334751858007,0.11460420229144767,0.10146939570667557,0.11265604694934875,0.10086334751858009,0.11460420165688723,0.10146939521845785,0.10811713516079037,0.09984336761957051,1.0
lewidi_md,gemma,62,LPE,4,16,0.8107334028434129,0.15793976593412054,0.3043351419832684,0.29262577819866287,0.6450768727510632,0.6450768727510632,0.3253498077392578,0.1403789073228836,0.031711201016567575,0.09364211960910859,0.03171120101656757,0.09364211960910859,0.035201733512394626,0.08935768574969272,0.03299083655956476,0.09297996182875623,0.035201733512394626,0.08935768574969272,0.03299083647761923,0.09297996008291261,0.04173605603688033,0.07803004155618704,1.0
lewidi_md,gemma,62,LP-temp,4,16,0.7282444167461124,0.1513015561046612,0.30851858949492594,0.30784699862968323,0.6182531894013739,0.6182531894013739,0.5637159878892951,,0.02385023909640307,,0.02385023909640307,,0.02554721115414726,,0.024530149293919307,,0.025547211154147254,,0.02453014865951403,,0.04782716495293405,,1.0
lewidi_md,gemma,62,GPP-cosine,4,64,1.668879307761757,0.2696055923836084,0.4095323512666619,0.3102111919800415,0.5315668956493295,0.5315668956493295,0.25616663694381714,0.03038908913731575,0.024078098846905573,0.003025846730907042,0.024078098846905573,0.0030258467309070445,0.02593490608975631,0.003927458740536526,0.024808214807714103,0.0033209801108493907,0.025934906089756314,0.003927458740536528,0.024808214472622752,0.003320979440423118,0.03257564302899434,0.013832200292669425,1.0
lewidi_md,gemma,62,GPP-rbf,4,64,0.7603884187567291,0.15610816912305767,0.31050824696892104,0.3041544012959755,0.613673536146549,0.613673536146549,0.41809266805648804,0.1164376363158226,0.040004498945497055,0.037638910599750094,0.04000449894549705,0.037638910599750094,0.0447926890804428,0.04297137574419249,0.04173590000115858,0.039519743758275404,0.044792689080442816,0.04297137574419249,0.04173589945472456,0.03951974387835871,0.04590585821379331,0.043185204017771234,1.0
lewidi_md,gemma,62,GPP-laplace,4,64,0.7097615864592852,0.1448616016192496,0.2983807865061088,0.3137191490848727,0.6463853451095846,0.6463853451095846,0.40070515871047974,0.1952923685312271,0.057592951203676815,0.050234364571289505,0.057592951203676815,0.05023436457128949,0.06150894499011203,0.05565189479492999,0.059179448741880344,0.05222740775669102,0.06150894499011204,0.05565189479493,0.05917944898395864,0.05222740824416498,0.08553214292040175,0.07280547985061965,1.0
lewidi_md,gemma,62,LPE,4,64,0.7983256919287637,0.1636321892861267,0.31917938568240434,0.30419007292111994,0.6051684658161597,0.6051684658161597,0.292725533246994,0.22576311230659485,0.02237413450796085,0.013911620319378919,0.022374134507960858,0.013911620319378915,0.02869045167305272,0.010999063013002325,0.024449777435214617,0.013120555728505843,0.028690451673052723,0.010999063013002332,0.024449777217870824,0.013120555289613823,0.02740425297876692,0.009512513019170016,0.5
lewidi_md,gemma,62,LP-temp,4,64,0.6857344285125265,0.1508148251006124,0.31817591507050214,0.34316845052949335,0.5662414131501472,0.5662414131501472,0.67672330526149,,0.013656463155337414,,0.013656463155337419,,0.017229647905827504,,0.014837517157166432,,0.017229647905827504,,0.014837517451275616,,0.009206779878329468,,0.5
lewidi_md,gemma,62,GPP-cosine,4,256,1.7391770066977361,0.22890860178006475,0.36368409723728906,0.3127106746865822,0.5881583251553811,0.5881583251553811,0.26608237624168396,0.008043870329856873,0.019197818170145847,0.01852840147443767,0.019197818170145847,0.018528401474437663,0.02016480078622085,0.020846518724213954,0.019623678986075338,0.019360878121096634,0.020164800786220856,0.020846518724213958,0.019623679220898423,0.019360878359127285,0.018013464808732445,0.018775239454829094,1.0
lewidi_md,gemma,62,GPP-rbf,4,256,0.7864903068754796,0.14494469224080506,0.2856359257556656,0.2805369353537183,0.666012430487406,0.666012430487406,0.3769179880619049,0.05913005769252777,0.14992718254343507,0.1290501364801784,0.14992718254343507,0.1290501364801784,0.14402684094200635,0.12491600779883796,0.14915898289047663,0.12867638690582117,0.14402684094200638,0.12491600779883796,0.1491589808377994,0.12867638633598708,0.14001400154494045,0.1595725772070226,1.0
lewidi_md,gemma,62,GPP-laplace,4,256,0.7271201453289785,0.13851400260005198,0.28287816983484654,0.2795434620493019,0.6741903827281649,0.6741903827281649,0.34097492694854736,0.13901859521865845,0.1238073273693978,0.131409435952081,0.12380732736939778,0.131409435952081,0.12086942100540986,0.12966952789833003,0.1237617045219604,0.1317805113706772,0.12086942100540987,0.12966952789833003,0.12376170316026792,0.13178051008032143,0.1366704202633076,0.13662893331936324,1.0
lewidi_md,gemma,62,LPE,4,256,0.8894585317394077,0.15706445470972585,0.2968280970971411,0.28394186797936727,0.6506378802747792,0.6506378802747792,0.23596060276031494,0.1783832162618637,0.09933696155181698,0.12900474657413757,0.09933696155181698,0.12900474657413757,0.0916860755641403,0.12362703028953195,0.09768928841112293,0.12825221313746146,0.09168607556414031,0.12362703028953195,0.09768928674918798,0.1282522118025676,0.09382831005891666,0.13456677442028206,1.0
lewidi_md,gemma,62,LP-temp,4,256,0.6906024621525987,0.14431357539991177,0.30396485556137415,0.32824480535702916,0.6427870461236507,0.6427870461236507,0.634851492984917,,0.04352436114673093,,0.04352436114673093,,0.04270402841928507,,0.04357299027875261,,0.04270402841928507,,0.04357298994419645,,0.08328616656683653,,1.0
lewidi_md,gemma,62,GPP-cosine,4,1024,1.038612703915479,0.16929925133514645,0.3094878875870321,0.297665427159158,0.6401701014066078,0.6401701014066078,0.3694128692150116,0.0029478988144546747,0.06296405826557777,0.03578190332705031,0.06296405826557777,0.03578190332705031,0.05434127101024043,0.030213808863245907,0.06077132007475653,0.03433253921821834,0.05434127101024043,0.030213808863245907,0.06077131958734076,0.034332538962932306,0.05703901603520075,0.05146219492113269,0.5
lewidi_md,gemma,62,GPP-rbf,4,1024,0.7076584304371798,0.1329560690300275,0.27876477770304436,0.29253826045390463,0.6689564932940791,0.6689564932940791,0.38127362728118896,0.11884626001119614,0.09641204481694281,0.08475635817416097,0.09641204481694281,0.08475635817416097,0.09076510633144293,0.08335048475014561,0.0953542064404064,0.08490936248938813,0.09076510633144293,0.08335048475014561,0.0953542044407392,0.08490936157615801,0.08327813768979893,0.08157668773326746,1.0
lewidi_md,gemma,62,GPP-laplace,4,1024,0.6685889020330843,0.12405353545952376,0.26735536314898634,0.2883519835972832,0.6846581615963363,0.6846581615963363,0.3849392533302307,0.13225923478603363,0.11305395024791152,0.12076842362519874,0.11305395024791152,0.12076842362519873,0.10995295457716586,0.11877942006609002,0.11288499596471624,0.12099076260544506,0.10995295457716586,0.11877942006609002,0.11288499360696491,0.12099076092967437,0.10752308039590185,0.12085325033802288,1.0
lewidi_md,gemma,62,LPE,4,1024,0.6634103438661457,0.12201328956468369,0.26501025552959834,0.28861546633448987,0.6823683349689238,0.6823683349689238,0.48859497904777527,0.04126179590821266,0.13471715322863778,0.05660051210881454,0.13471715322863775,0.05660051210881453,0.13257787988342862,0.05436261984365817,0.13498935505332493,0.0563073376893861,0.13257787988342865,0.054362619843658186,0.1349893526836605,0.05630733685853369,0.12648716152862807,0.11109688387790222,1.0
lewidi_md,gemma,62,LP-temp,4,1024,0.6423126898291932,0.1227074393071093,0.271254556023489,0.31060405790960777,0.6833496892378148,0.6833496892378148,0.6060695179178973,,0.11632098042346209,,0.11632098042346209,,0.11716935421587182,,0.11737636531953465,,0.11716935421587182,,0.11737636352617209,,0.12359750327762604,,1.0
