dataset,model,layer,method,seed,n_obs,soft_ce,jsd,tvd,entce,rankcs,acc,mean_alea,mean_mi,corrAlea_entropy,corrMI_entropy,corrAlea_norm_entropy,corrMI_norm_entropy,corrAlea_one_minus_max,corrMI_one_minus_max,corrAlea_gini,corrMI_gini,corrAlea_top2_margin,corrMI_top2_margin,corrAlea_bern_var,corrMI_bern_var,corrAleaS_entropy,corrMIS_entropy,mono_alea
lewidi_convabuse,llama,0,GPP-cosine,0,16,0.459335176579514,0.13568001071450564,0.22132186266549286,0.32990116553546983,0.8464285714285714,0.8214285714285714,0.32940393686294556,0.007586820516735315,0.08629373476164662,0.05484580336973996,0.08629373476164665,0.054845803369739966,0.08274194773342587,0.05280028066144262,0.08656354077555528,0.055109064360826694,0.08274194788219552,0.052800281003019825,0.08656354091953058,0.05510906465874774,0.11100708410492464,0.048158089420825036,
lewidi_convabuse,llama,0,GPP-rbf,0,16,0.5182943671146943,0.13018370875369234,0.19096871793181414,0.22610883454562236,0.8452380952380952,0.8202380952380952,0.17947030067443848,0.02283017337322235,0.19027043124598697,0.11853098663709241,0.19027043124598697,0.11853098663709244,0.18374976161837714,0.11592529238797947,0.190457589928539,0.11863318510141596,0.18374976192391412,0.11592529267443304,0.19045759013675004,0.1186331852371992,0.19425131903465792,0.15858166097924628,
lewidi_convabuse,llama,0,GPP-laplace,0,16,0.4934297009787879,0.18295369524086325,0.3225054463016845,0.5224861583793575,0.8428571428571429,0.8202380952380952,0.3819538652896881,0.21657638251781464,0.12991380965376018,0.11762063904097234,0.1299138096537602,0.11762063904097236,0.12502777873123444,0.11228370732644113,0.12998945756435426,0.11742417103301289,0.12502777894946968,0.11228370756121112,0.12998945782304722,0.1174241712248286,0.13317711653844672,0.11880613513835862,
lewidi_convabuse,llama,0,LPE,0,16,0.8591583896382752,0.13847825154132906,0.16912721289097266,0.10529753999307236,0.8452380952380952,0.8202380952380952,0.030185572803020477,0.002502193907275796,0.1729887119564812,0.13000047496049377,0.17298871195648122,0.13000047496049377,0.16056311654540886,0.1147485185871743,0.1728567228378441,0.12918423014569114,0.16056311622554653,0.11474851831857637,0.17285672227629661,0.12918422963537643,0.15012142296739375,0.15420713313409873,
lewidi_convabuse,llama,0,LP-temp,0,16,0.4381886895083859,0.13639639832805742,0.23173318149062092,0.3653711782532613,0.844047619047619,0.819047619047619,0.38924640422185486,,0.16633499827784132,,0.16633499827784134,,0.16163921161507136,,0.16706633348211836,,0.16163921151703636,,0.1670663333138973,,0.14413088615773478,,
lewidi_convabuse,llama,0,GPP-cosine,0,64,0.44271481792562806,0.15586984099902504,0.2796387240423688,0.46975787224592286,0.8333333333333334,0.8083333333333333,0.52077317237854,0.0070716096088290215,0.08830627379573666,0.019358922194125053,0.08830627379573669,0.01935892219412506,0.08411997433137268,0.020468987699530965,0.08777313857316235,0.01947048161715557,0.08411997439651998,0.020468988263759813,0.08777313868168957,0.019470482230650964,0.10959171177809637,0.050160611960424525,
lewidi_convabuse,llama,0,GPP-rbf,0,64,0.4277169682427037,0.12790359241814178,0.21409481935912655,0.32481435591771285,0.85,0.825,0.26203274726867676,0.0848645344376564,0.14464992696741324,0.14789833063446978,0.14464992696741324,0.14789833063446983,0.13933773857415344,0.14034873000480905,0.1446665673403273,0.14742602409620434,0.13933773856212875,0.14034873024493028,0.14466656730356556,0.14742602428441087,0.14145405688130475,0.14744283417000317,
lewidi_convabuse,llama,0,GPP-laplace,0,64,0.461608368896861,0.16346517350189838,0.2864707158191041,0.4625576528011018,0.8428571428571429,0.8202380952380952,0.33670780062675476,0.18891656398773193,0.12705619452672015,0.1218674560797862,0.12705619452672018,0.12186745607978622,0.1186061102972755,0.11274804335449448,0.1266240227497799,0.12121301890250885,0.11860611048403108,0.11274804356936773,0.1266240229557913,0.12121301909427365,0.13073175822332836,0.12284285204181324,
lewidi_convabuse,llama,0,LPE,0,64,0.5741542574438272,0.12140332688636882,0.17223028451447006,0.1791520959229279,0.8523809523809524,0.8273809523809523,0.11425595730543137,0.028069963678717613,0.10659494571763531,0.09540098471435676,0.10659494571763532,0.09540098471435678,0.10151102831877801,0.08791122044098877,0.10620882415186249,0.09514849261081126,0.10151102796337955,0.08791122073596756,0.10620882363755699,0.09514849332154951,0.09889807793732157,0.11617935825430077,
lewidi_convabuse,llama,0,LP-temp,0,64,0.430736650943713,0.14169800539057106,0.2496687877951954,0.41617494469321464,0.8488095238095238,0.8238095238095238,0.45606939619458314,,0.059388463863693834,,0.059388463863693855,,0.06044793427064186,,0.05962204461340724,,0.06044793372033108,,0.05962204388762767,,0.0748798139379544,,
lewidi_convabuse,llama,0,GPP-cosine,0,256,0.39994913246518055,0.12675273020558575,0.22189633035588832,0.3629426860839757,0.8464285714285714,0.8214285714285714,0.3968532383441925,0.003201920073479414,0.2557446164305936,0.14432884153562855,0.25574461643059365,0.14432884153562858,0.24894301152926132,0.1444092998536768,0.25562236137293537,0.14459613323751494,0.2489430113677687,0.14440930016285233,0.25562236088908585,0.1445961333193893,0.25863492421669954,0.16497542100033435,
lewidi_convabuse,llama,0,GPP-rbf,0,256,0.4031255732644779,0.11438826134597313,0.1899896670780089,0.2745577603569443,0.8464285714285714,0.8261904761904761,0.23443058133125305,0.06413401663303375,0.24285524447377915,0.20895119940496173,0.24285524447377924,0.20895119940496176,0.23974163799425346,0.2047348506593953,0.24329122172853868,0.20935067052213566,0.2397416382230649,0.20473485092055566,0.24329122211010457,0.20935067086219472,0.24281455877878894,0.22305694916124064,
lewidi_convabuse,llama,0,GPP-laplace,0,256,0.4385378859628827,0.1441804475770362,0.24780019193976408,0.3884013330391471,0.844047619047619,0.8214285714285714,0.27948418259620667,0.15420693159103394,0.1556280017755921,0.1518794041335101,0.1556280017755921,0.15187940413351014,0.14811767066725254,0.14371185116936433,0.1553024257550521,0.15135856949195553,0.14811767094380374,0.1437118514644064,0.15530242605387945,0.151358569770165,0.15174669077035766,0.14750619400730983,
lewidi_convabuse,llama,0,LPE,0,256,0.5223554024345111,0.11193654845829526,0.16885546267951723,0.18420265883320916,0.8404761904761905,0.8202380952380952,0.11749598383903503,0.06113163009285927,0.21877378620804683,0.2296607283570996,0.21877378620804686,0.22966072835709964,0.22001085266610648,0.2242782391057187,0.21981404727566228,0.2303157158146714,0.2200108526484596,0.22427823937283176,0.21981404723945042,0.23031571622706604,0.2234900988066296,0.24760175407872675,
lewidi_convabuse,llama,0,LP-temp,0,256,0.4390059650718865,0.1277473149947528,0.21542472241065708,0.3304986662473418,0.8404761904761905,0.8297619047619048,0.3632865593336635,,0.18487013440175032,,0.18487013440175032,,0.18218080157456157,,0.1849205506003839,,0.18218080166721556,,0.18492055083313358,,0.18275845269233837,,
lewidi_convabuse,llama,0,GPP-cosine,0,1024,0.3423619749712009,0.10711050210622358,0.19533048734253194,0.34668244509498164,0.875,0.8523809523809524,0.3934594988822937,0.0020084965508431196,0.29291848802245374,0.2251420089491383,0.2929184880224538,0.22514200894913833,0.2848643348404204,0.22787730919485003,0.29251833245343817,0.22548461788377983,0.28486433511549314,0.2278773099934984,0.29251833269433397,0.22548461860775987,0.2895950279698975,0.22540615222444724,
lewidi_convabuse,llama,0,GPP-rbf,0,1024,0.3208824236860497,0.08843717581612866,0.1545255652212377,0.2437970561209477,0.8857142857142857,0.8726190476190476,0.2324598729610443,0.04369650408625603,0.32378112384294644,0.2596286178546678,0.3237811238429465,0.25962861785466784,0.31095369123244254,0.2487786348035642,0.32291516096873385,0.2590048909631422,0.3109536916581995,0.248778635372861,0.32291516137547815,0.25900489154539075,0.30282624977303213,0.2884805337273189,
lewidi_convabuse,llama,0,GPP-laplace,0,1024,0.3992503093032063,0.12929090665028262,0.22686905669536264,0.3655309811316969,0.8476190476190476,0.825,0.2659702003002167,0.14384080469608307,0.2074351723797051,0.19987994176170837,0.2074351723797051,0.19987994176170837,0.19861465589841237,0.19025352755135197,0.20703011759638998,0.1992593164062032,0.19861465623338442,0.19025352790860384,0.20703011787686296,0.19925931668213234,0.21031706077428672,0.20426494073100937,
lewidi_convabuse,llama,0,LPE,0,1024,0.3568479275549196,0.0891112416482211,0.15235758768032903,0.22622025921116315,0.8773809523809524,0.8666666666666667,0.09343606233596802,0.16212953627109528,0.24708798013329197,0.2921328376909704,0.24708798013329203,0.2921328376909705,0.2396882682747196,0.27907400248096703,0.24687861843127115,0.291097988568645,0.2396882683022265,0.27907400254567466,0.24687861822873886,0.29109798822036215,0.25188065281380617,0.28701141913891964,
lewidi_convabuse,llama,0,LP-temp,0,1024,0.4319787506135004,0.1506480654797574,0.2659915729797675,0.4503262359860841,0.8559523809523809,0.8452380952380952,0.5136517352514697,,0.14387231414493074,,0.14387231414493074,,0.1370676603950482,,0.14340327213312187,,0.13706766063564196,,0.14340327231458236,,0.16956966438498963,,
lewidi_convabuse,llama,0,GPP-cosine,1,64,0.42599499331070106,0.14227313377895084,0.25144938823456564,0.4186407940409504,0.8452380952380952,0.8202380952380952,0.45947515964508057,0.0057274335995316505,0.20653461061413536,0.07788018084307484,0.20653461061413542,0.07788018084307484,0.2024875937963811,0.07396543275485544,0.20681832875125544,0.07781488748636192,0.20248759360169766,0.07396543306952229,0.20681832821052004,0.07781488764897294,0.2185933519734894,0.07264952716548662,
lewidi_convabuse,llama,0,GPP-rbf,1,64,0.42472435911760076,0.1300196027067327,0.22042455881102277,0.340402699756466,0.8476190476190476,0.825,0.28050294518470764,0.08487868309020996,0.12418089399557605,0.1370307316863129,0.12418089399557607,0.13703073168631294,0.12087054472174036,0.13250244396727823,0.1242521676504902,0.1368763191014603,0.12087054491908245,0.13250244429812671,0.1242521679430639,0.136876319455318,0.12749627250056786,0.1365583520945587,
lewidi_convabuse,llama,0,GPP-laplace,1,64,0.46386818516343276,0.16603251661520643,0.2924143191471341,0.4765510503374858,0.844047619047619,0.8214285714285714,0.34838253259658813,0.19442375004291534,0.12722702696404972,0.11865458753227724,0.12722702696404975,0.11865458753227727,0.11818235348696027,0.1089052276338048,0.12677444448111624,0.11796696036107952,0.11818235370473446,0.10890522787301449,0.12677444470483298,0.11796696055428284,0.13082996682529008,0.12064787526765035,
lewidi_convabuse,llama,0,LPE,1,64,0.544426204036045,0.12339110082802578,0.18045737168235756,0.20252576967236732,0.8428571428571429,0.8202380952380952,0.14528906345367432,0.031090259552001953,0.09776269048194786,0.14451514057555342,0.09776269048194786,0.14451514057555345,0.1010520967633219,0.13678548832164977,0.09818705444479536,0.14312708523547724,0.1010520970062337,0.13678548958636771,0.09818705491344559,0.143127086723366,0.09207523646515112,0.13328490855068853,
lewidi_convabuse,llama,0,LP-temp,1,64,0.43154658154038067,0.13552567768875023,0.2321706104045769,0.37004149222442234,0.8523809523809524,0.8297619047619048,0.396985058479806,,0.0756833486498798,,0.07568334864987983,,0.07929631155468256,,0.07601581973500776,,0.07929631163461992,,0.07601581994028474,,0.0717319967741202,,
lewidi_convabuse,llama,0,GPP-cosine,1,256,0.3781873042966945,0.12352764072300233,0.22330593576632618,0.3870691076817968,0.8488095238095238,0.8238095238095238,0.4315240681171417,0.0036658491007983685,0.26139375749711874,0.12884149542037965,0.2613937574971188,0.12884149542037965,0.2535366038650017,0.12661766080136466,0.2609926247019325,0.12870287033354166,0.2535366039597582,0.12661766157256849,0.2609926246266041,0.12870287104973951,0.2719542928951381,0.17774298270049424,
lewidi_convabuse,llama,0,GPP-rbf,1,256,0.37981015238192123,0.11324530412742019,0.1954688810577084,0.30919904237695744,0.8607142857142858,0.8428571428571429,0.2650383412837982,0.07344315946102142,0.19481908815725008,0.17787243376046058,0.19481908815725008,0.1778724337604606,0.19321166171566342,0.17146537257355027,0.19498622650469047,0.17774280586467664,0.19321166198925643,0.17146537281227614,0.19498622671206733,0.17774280592836378,0.1925462236448151,0.19493898424112316,
lewidi_convabuse,llama,0,GPP-laplace,1,256,0.43847629085089046,0.14779523210547899,0.2569303916534409,0.41139882034779873,0.844047619047619,0.8214285714285714,0.2981606125831604,0.16459248960018158,0.15029752021734422,0.1455401243955168,0.15029752021734422,0.14554012439551683,0.14362206027699836,0.13805712713817905,0.1499854336981095,0.14502479549684322,0.14362206059116078,0.13805712746297483,0.14998543402888753,0.14502479579606337,0.1485389132320434,0.14457457584615915,
lewidi_convabuse,llama,0,LPE,1,256,0.46437199197921797,0.10712710623343305,0.16735019901814976,0.206862688378077,0.85,0.8345238095238096,0.1370602250099182,0.06548167020082474,0.15589383532223894,0.22379205525515797,0.155893835322239,0.22379205525515802,0.15434359907599954,0.22158574381603657,0.15581831705347182,0.22325042649382432,0.1543435993334936,0.22158574424234326,0.1558183174644412,0.2232504268498155,0.16533919518314405,0.20752181402894057,
lewidi_convabuse,llama,0,LP-temp,1,256,0.4388207847445227,0.12813851581957852,0.21580395990747506,0.3330022071162331,0.8428571428571429,0.8345238095238096,0.35765246418244473,,0.1229307708684374,,0.12293077086843744,,0.11205071945954999,,0.12157011895199539,,0.11205071985680076,,0.12157011954972018,,0.11985800410092472,,
lewidi_convabuse,llama,0,GPP-cosine,1,1024,0.3446514562154689,0.1035969774978143,0.18573445476263042,0.3193305676086866,0.8654761904761905,0.8476190476190476,0.3585461676120758,0.0018057432025671005,0.30502108058966415,0.2279477761814629,0.30502108058966415,0.2279477761814629,0.29824272772413607,0.2332029708702826,0.30515774237992876,0.2289300783903589,0.29824272788339734,0.2332029714717299,0.30515774238696036,0.22893007886250624,0.2958255087738431,0.23826956480523304,
lewidi_convabuse,llama,0,GPP-rbf,1,1024,0.3471644747829908,0.09078903318477198,0.15389876785907075,0.23146649046085158,0.8785714285714286,0.8678571428571429,0.2120915800333023,0.03999144211411476,0.2849523874759618,0.2348616007109372,0.2849523874759618,0.23486160071093726,0.2714706431351513,0.22195295161832285,0.284272376737842,0.23419822770033422,0.2714706433251761,0.221952951867074,0.28427237689252877,0.23419822791043832,0.263165058629123,0.2538087815821086,
lewidi_convabuse,llama,0,GPP-laplace,1,1024,0.403574327770037,0.1276557690877127,0.22105500617929336,0.3497446202086543,0.8464285714285714,0.8238095238095238,0.25134000182151794,0.13579337298870087,0.19326423901099093,0.18610926930192712,0.19326423901099093,0.18610926930192714,0.1853617101318697,0.17727757421833384,0.1930780465410605,0.18568567363462418,0.18536171038076632,0.1772775745076635,0.19307804670713172,0.18568567382037032,0.1945261459590552,0.18789434063156,
lewidi_convabuse,llama,0,LPE,1,1024,0.4528729388406437,0.09720357126675612,0.1565273334248414,0.20980260262562564,0.8702380952380953,0.8690476190476191,0.08594045788049698,0.13101190328598022,0.18611136128454892,0.23073165606652649,0.18611136128454892,0.23073165606652649,0.17511814452412114,0.2112868751258584,0.1848436949934913,0.2289049735629809,0.17511814456642558,0.21128687512248034,0.18484369476451382,0.22890497327504156,0.19252507522783327,0.21883025524223268,
lewidi_convabuse,llama,0,LP-temp,1,1024,0.4472356244244709,0.14045556502757667,0.24007977310716025,0.38177569492532953,0.8285714285714286,0.8273809523809523,0.4191002007660146,,0.10386255531169042,,0.10386255531169043,,0.09087402855018487,,0.10266863383219685,,0.09087402828572172,,0.10266863308297142,,0.10915494059441973,,
lewidi_convabuse,llama,0,GPP-cosine,2,16,0.4869718735056877,0.1798989491868812,0.32007099355437924,0.5262416459307406,0.8464285714285714,0.8214285714285714,0.5875595211982727,0.012639195658266544,0.08293525639838989,0.024519629501286472,0.0829352563983899,0.024519629501286486,0.07937082085360248,0.023690443786608513,0.08258163016444617,0.02454096991296537,0.07937082052912292,0.02369044431553244,0.08258162982687399,0.024540970432773975,0.08368990663818032,0.04404912959922911,
lewidi_convabuse,llama,0,GPP-rbf,2,16,0.477318327223386,0.1744591376145789,0.3092579206983958,0.5084452195888631,0.8428571428571429,0.8202380952380952,0.41725197434425354,0.1604882925748825,0.03548449422707234,0.09312285115636501,0.035484494227072345,0.09312285115636501,0.0460374900992349,0.093725433603433,0.036524979316717804,0.09324292656134757,0.0460374898462812,0.09372543372533555,0.03652497869230225,0.0932429264293905,0.04728849243232254,0.09838399032774846,
lewidi_convabuse,llama,0,GPP-laplace,2,16,0.613373816318277,0.23909641856617345,0.4078780164409961,0.5959315007305611,0.8345238095238096,0.8119047619047619,0.43381547927856445,0.2476799339056015,0.09108498537833987,0.0640574081284899,0.0910849853783399,0.06405740812848991,0.0873414403925693,0.06155337683310094,0.09107372078597548,0.06367531460913918,0.08734144046204381,0.06155337689919843,0.09107372088689078,0.06367531449005924,0.09974129846287942,0.048044796038976025,
lewidi_convabuse,llama,0,LPE,2,16,0.4591887054551879,0.14359515402110196,0.24379516712339994,0.38763899315830463,0.85,0.8273809523809523,0.33488160371780396,0.07590499520301819,-0.03422653257112238,0.06446049453686284,-0.034226532571122396,0.06446049453686284,-0.026554604453573098,0.07242635886224193,-0.0334732839676416,0.06573183337257268,-0.02655460485923072,0.07242635848363041,-0.033473284678328746,0.06573183276282032,-0.014047690777001375,0.01694059947702053,
lewidi_convabuse,llama,0,LP-temp,2,16,0.48518523483058984,0.1733164220480771,0.3050669631299175,0.49537175715076687,0.8380952380952381,0.8202380952380952,0.5526654502851647,,-0.041636448405101105,,-0.0416364484051011,,-0.03454240444383485,,-0.0409679676184804,,-0.034542404850278555,,-0.04096796843335293,,-0.011448160843739997,,
lewidi_convabuse,llama,0,GPP-cosine,2,64,0.44474245937748724,0.15318876541828294,0.27157587188606463,0.4520394036383527,0.8464285714285714,0.8214285714285714,0.4985726773738861,0.006043804343789816,0.12612342563178955,0.06964269991183152,0.12612342563178958,0.06964269991183153,0.11548047067873769,0.06491726914370918,0.12551596300958334,0.0694314813320198,0.11548047029212588,0.06491726943883445,0.12551596247707347,0.06943148151040482,0.12286046433414624,0.061270774685186345,
lewidi_convabuse,llama,0,GPP-rbf,2,64,0.43447139843290844,0.14183234379886187,0.24413263456053322,0.3871537446833523,0.8404761904761905,0.8226190476190476,0.3260684907436371,0.1033913716673851,0.1252274935232436,0.14450996474801198,0.12522749352324364,0.14450996474801203,0.11347646820660284,0.1345180499069466,0.12439724259783616,0.14381413419751135,0.11347646828684729,0.13451805016979812,0.12439724251546871,0.14381413430360707,0.12794776899558405,0.14496510408575677,
lewidi_convabuse,llama,0,GPP-laplace,2,64,0.47726027446826164,0.17410926007876965,0.30637934695086666,0.4961764123891375,0.8416666666666667,0.819047619047619,0.3644832670688629,0.20410701632499695,0.13794225155232226,0.12905639277170233,0.1379422515523223,0.1290563927717024,0.12984128020219643,0.12040826439410371,0.1375268800562975,0.12842400344998933,0.12984128039492282,0.1204082646013655,0.13752688022304535,0.12842400358035633,0.1449041358303382,0.1325370950597378,
lewidi_convabuse,llama,0,LPE,2,64,0.528319262133762,0.1307286551544624,0.1967427333698305,0.24067585581049536,0.844047619047619,0.8214285714285714,0.18213973939418793,0.048205580562353134,0.10963276860593296,0.08794352411658371,0.10963276860593299,0.08794352411658372,0.10201862676234082,0.08945039908664736,0.10956553858784922,0.08897949254374105,0.10201862616470932,0.08945039849960013,0.10956553746593492,0.0889794915462439,0.09548790424036371,0.09623400945853726,
lewidi_convabuse,llama,0,LP-temp,2,64,0.4693794819356093,0.15228821792411437,0.25547679935060935,0.39049791275264656,0.8238095238095238,0.8035714285714286,0.42528099565822075,,0.07669677798327618,,0.07669677798327619,,0.06778375667689983,,0.07587080259841641,,0.06778375621995515,,0.07587080170679905,,0.07505732056223412,,
lewidi_convabuse,llama,0,GPP-cosine,2,256,0.3903122133183239,0.12979258048140416,0.23348114381411245,0.40315740858245036,0.8535714285714285,0.8285714285714286,0.4530447721481323,0.0038615958765149117,0.25338542440722794,0.12052658622230916,0.253385424407228,0.12052658622230918,0.2505959446429637,0.12242834525686506,0.25350273896272557,0.12081279147900044,0.25059594474646485,0.12242834583414357,0.25350273885360064,0.12081279191901483,0.2542428865755855,0.16737957665977377,
lewidi_convabuse,llama,0,GPP-rbf,2,256,0.39696596979645626,0.11709474387673269,0.19853535474699346,0.2981292742112564,0.8571428571428571,0.8369047619047619,0.2603089213371277,0.06745602190494537,0.22291166539447618,0.19409099838448574,0.2229116653944762,0.1940909983844858,0.22158035246327074,0.1867103249184632,0.22341135966709036,0.1938188345348606,0.22158035248877467,0.18671032509331498,0.2234113592801778,0.19381883433058644,0.22209720734954938,0.21422307772755708,
lewidi_convabuse,llama,0,GPP-laplace,2,256,0.43565269992308764,0.1457961886234699,0.25291108208309326,0.40206717540116405,0.8452380952380952,0.8226190476190476,0.2922414243221283,0.1610904037952423,0.17132819724591636,0.164764891839585,0.17132819724591633,0.16476489183958504,0.16599104183273422,0.1584394898267807,0.17128396442039764,0.16448854307489805,0.16599104206278842,0.15843949008290129,0.17128396460333345,0.16448854325172607,0.16882272211315527,0.1623821579230685,
lewidi_convabuse,llama,0,LPE,2,256,0.47960747727414726,0.11202990524143057,0.17529597631167754,0.21347289523507718,0.8523809523809524,0.8345238095238096,0.14520934224128723,0.0701894760131836,0.19229250038578166,0.1948215769887623,0.19229250038578166,0.19482157698876232,0.19632762723285635,0.1948590912083646,0.19309956129716532,0.19492028809784628,0.19632762695755135,0.19485909118487255,0.1930995606340372,0.1949202876079844,0.19837455995427813,0.22382625385663768,
lewidi_convabuse,llama,0,LP-temp,2,256,0.4520647899630215,0.13583794088240297,0.228018839733348,0.35116911004192086,0.8321428571428572,0.8214285714285714,0.3817374219767231,,0.1260649648834549,,0.12606496488345492,,0.1312619608605038,,0.1267003107286746,,0.13126196038247886,,0.1267003096879562,,0.12230428488334272,,
lewidi_convabuse,llama,0,GPP-cosine,2,1024,0.34475926374254856,0.10480844852291143,0.18847557622740993,0.32491097317240475,0.8666666666666667,0.8464285714285714,0.3650883734226227,0.0019744879100471735,0.2904152783440994,0.183900935644037,0.2904152783440994,0.18390093564403703,0.28247873225274484,0.186827063659687,0.29012294423052026,0.18435138102683668,0.2824787324046828,0.18682706427501972,0.29012294420932827,0.18435138150757546,0.28160683697457095,0.22263470054992612,
lewidi_convabuse,llama,0,GPP-rbf,2,1024,0.34024114230690894,0.09023105341204402,0.15502665783198954,0.23132484421755634,0.8738095238095238,0.8607142857142858,0.20814380049705505,0.04012513905763626,0.2733808669855459,0.22056718932212663,0.273380866985546,0.2205671893221267,0.26497310182171335,0.21099139638467757,0.2731518042521328,0.2202769146423384,0.26497310220672743,0.21099139688065432,0.2731518046635853,0.2202769151615476,0.2634155768319006,0.24961167366293466,
lewidi_convabuse,llama,0,GPP-laplace,2,1024,0.4048113637571849,0.12824653687434706,0.22180422635615937,0.34704802636753657,0.8452380952380952,0.8226190476190476,0.25057902932167053,0.13537552952766418,0.20552316398716244,0.19691941088997494,0.2055231639871625,0.19691941088997497,0.19670099103677488,0.1873269631698582,0.20521256326217358,0.19639956775332726,0.1967009912613606,0.18732696342979643,0.20521256337409438,0.19639956787953408,0.2067784249644828,0.1988922178539556,
lewidi_convabuse,llama,0,LPE,2,1024,0.4296553074171941,0.09250436835443394,0.15136749573679376,0.20065150371617457,0.8702380952380953,0.8642857142857143,0.08737751841545105,0.11160724610090256,0.1983246553113761,0.1968493699639611,0.1983246553113761,0.19684936996396113,0.19531181637530154,0.19109468829088097,0.1983912164388975,0.19669736963815276,0.19531181694997302,0.19109468881208924,0.19839121708728186,0.19669737012070168,0.2141791921999106,0.22034622775291077,
lewidi_convabuse,llama,0,LP-temp,2,1024,0.41601430153299673,0.11886342919207608,0.20373795585063184,0.32805115120323086,0.8523809523809524,0.8488095238095238,0.3559963342843539,,0.1454925294311841,,0.1454925294311841,,0.1461186411551394,,0.14591696303813576,,0.14611864136989416,,0.14591696314742875,,0.1419567332287261,,
lewidi_convabuse,llama,0,GPP-cosine,3,16,0.4536348349469467,0.15770523462497593,0.27939559654997925,0.463322828550473,0.8464285714285714,0.8214285714285714,0.5071091651916504,0.011072090826928616,0.20166348813649093,0.03622576625495594,0.20166348813649093,0.03622576625495595,0.1937742713173199,0.03546251212026947,0.2017613377921951,0.036324038683441535,0.1937742711597159,0.035462512636287045,0.2017613376791761,0.03632403917962165,0.2095595442939614,0.03785604260072611,
lewidi_convabuse,llama,0,GPP-rbf,3,16,0.4459597089703539,0.14450454035666044,0.24664010685491597,0.3856656499598058,0.8428571428571429,0.8202380952380952,0.30584922432899475,0.11947963386774063,0.13456117295467473,0.12847728972666497,0.13456117295467476,0.12847728972666497,0.12932045132528253,0.12321634122091343,0.1346584725678865,0.12842412394126082,0.12932045147568277,0.123216341448741,0.1346584727675708,0.1284241241294271,0.12195970918145202,0.13046827423017177,
lewidi_convabuse,llama,0,GPP-laplace,3,16,0.5542507606032554,0.21275225835612344,0.369409625101391,0.5676726873983565,0.8392857142857143,0.8166666666666667,0.4151848256587982,0.23633639514446259,0.1237929533528975,0.11008114871340574,0.1237929533528975,0.11008114871340577,0.1185054794972432,0.10524490215445867,0.12365705485532481,0.10976896827529097,0.11850547963428884,0.10524490228346423,0.1236570550181478,0.10976896833011715,0.14349031803173717,0.10338798252584179,
lewidi_convabuse,llama,0,LPE,3,16,0.6578169510125647,0.13408175978102052,0.17879415352785838,0.16625796438015633,0.844047619047619,0.8214285714285714,0.10350160300731659,0.014226037077605724,0.07477543988074309,0.10539299803191249,0.07477543988074309,0.10539299803191249,0.07075563231122908,0.10690896250140597,0.07491543981168516,0.10614373237769668,0.0707556320713843,0.10690896219512969,0.07491543951931964,0.1061437319008604,0.022922663253704543,0.02277739173673074,
lewidi_convabuse,llama,0,LP-temp,3,16,0.45385311760612845,0.14670412332259383,0.2512016789721636,0.4029308431482223,0.8488095238095238,0.8261904761904761,0.43524325669897795,,0.0418157544900243,,0.041815754490024316,,0.041418677355551436,,0.04224826466759298,,0.04141867701269032,,0.04224826436027819,,0.021377889264002737,,
lewidi_convabuse,llama,0,GPP-cosine,3,64,0.4437136569450094,0.1572977422783718,0.28167592643183614,0.475497375572992,0.8452380952380952,0.8202380952380952,0.5344250202178955,0.006686525885015726,0.1915413019282498,0.09191817397613143,0.1915413019282498,0.09191817397613145,0.18886426773698317,0.08801106000534076,0.19216714669784574,0.09188300477590583,0.1888642673498529,0.08801106021620152,0.19216714594691503,0.09188300479306534,0.216529058066783,0.10365367124017867,
lewidi_convabuse,llama,0,GPP-rbf,3,64,0.40896007259269884,0.13004083166013003,0.2259577560216366,0.3665183011256032,0.8547619047619047,0.8321428571428572,0.30663248896598816,0.09855934977531433,0.15385289632995305,0.15512106792080838,0.15385289632995308,0.1551210679208084,0.1575992134665103,0.15280928973232458,0.15517354512434411,0.15545731893256964,0.1575992134553626,0.15280928995625664,0.1551735447859344,0.15545731892363573,0.15174708367309642,0.15830924271946487,
lewidi_convabuse,llama,0,GPP-laplace,3,64,0.47534111291542186,0.1739205680928809,0.3065479143688987,0.4963078938215068,0.8392857142857143,0.8166666666666667,0.36504125595092773,0.20444640517234802,0.1396017203643411,0.1308905973078902,0.1396017203643411,0.1308905973078902,0.13445012455444433,0.1250430948915786,0.13966760304068268,0.13070295192512527,0.1344501246856017,0.12504309503629835,0.1396676031134766,0.13070295196521076,0.14851984890784978,0.13434210732431953,
lewidi_convabuse,llama,0,LPE,3,64,0.49243923748176116,0.1149532139318911,0.17509846851337768,0.22194710580622276,0.8595238095238096,0.8369047619047619,0.16607949137687683,0.03511543571949005,0.09537547777077914,0.08727536783390552,0.09537547777077916,0.08727536783390552,0.10415823737935444,0.09217924923780635,0.09740813948289054,0.08872152209653637,0.10415823703061103,0.0921792488727569,0.09740813874171221,0.08872152141711215,0.06530340757620168,0.09664163750863473,
lewidi_convabuse,llama,0,LP-temp,3,64,0.42886716857331025,0.14084981343034977,0.24886621171819268,0.4219636919819075,0.8559523809523809,0.8380952380952381,0.463280126101092,,0.05396903083437728,,0.05396903083437728,,0.059958126544040195,,0.055348146088893546,,0.05995812629314533,,0.055348145520430395,,0.056409695347132534,,
lewidi_convabuse,llama,0,GPP-cosine,3,256,0.3883413613992086,0.12386657161798462,0.2192451194793518,0.3691931188879973,0.8523809523809524,0.8273809523809523,0.40574225783348083,0.003348591737449169,0.2428215182370683,0.10990163980492373,0.24282151823706835,0.10990163980492378,0.23992831711093887,0.11284891748278561,0.2430607348933611,0.11038484484707994,0.2399283173445172,0.11284891818992512,0.24306073509970047,0.110384845534451,0.2434634803586671,0.1698776566225996,
lewidi_convabuse,llama,0,GPP-rbf,3,256,0.3985597813878571,0.11074974379233336,0.1844710214094015,0.27485760421875327,0.8642857142857143,0.8416666666666667,0.23107708990573883,0.05924826115369797,0.18714642065056897,0.1704162361980986,0.18714642065056897,0.1704162361980986,0.18029509952670758,0.16358841426117662,0.18672614231493864,0.17008270050460308,0.18029509977803165,0.16358841471203356,0.18672614279551122,0.17008270114161406,0.1840358649096793,0.18571803527885197,
lewidi_convabuse,llama,0,GPP-laplace,3,256,0.4319295257661931,0.14285210305943036,0.2470579997835947,0.3914257399496593,0.8452380952380952,0.8226190476190476,0.282823771238327,0.155641108751297,0.1610178079450719,0.15616601119881174,0.16101780794507192,0.15616601119881174,0.15245037988540674,0.14718507632987549,0.16053671962446117,0.1555221702859089,0.1524503801211024,0.14718507659568525,0.16053671987644644,0.15552217053166478,0.1536648590237017,0.148213504350713,
lewidi_convabuse,llama,0,LPE,3,256,0.49732110226828435,0.10572504064744866,0.16092893426995314,0.1881218113619666,0.8547619047619047,0.8416666666666667,0.11780047416687012,0.05558205023407936,0.16380980216749097,0.17404255006680952,0.163809802167491,0.17404255006680955,0.1547493649425042,0.1637608088183815,0.16306774953663675,0.17332581875537373,0.15474936519411786,0.16376080957337613,0.1630677500989341,0.17332581997153984,0.16105201132509517,0.19227732442695475,
lewidi_convabuse,llama,0,LP-temp,3,256,0.42261995705206196,0.12028587074586435,0.2057503371873245,0.3267204266729539,0.8476190476190476,0.8345238095238096,0.3462034580659996,,0.11262880646088606,,0.1126288064608861,,0.10054074242878222,,0.11131520553468335,,0.10054074242694988,,0.11131520589085606,,0.10326341527492776,,
lewidi_convabuse,llama,0,GPP-cosine,3,1024,0.3408038216893899,0.1041022544383707,0.18883607804970476,0.3290560057714243,0.8678571428571429,0.8476190476190476,0.3714600205421448,0.0018984172493219376,0.30281447721002985,0.2119203044394112,0.30281447721002985,0.21192030443941123,0.2951623488756464,0.21154805180217007,0.3028651902982785,0.21207355226530278,0.2951623490165905,0.2115480525513953,0.3028651903146257,0.21207355288779944,0.29933968211747747,0.23990262113431216,
lewidi_convabuse,llama,0,GPP-rbf,3,1024,0.3355396544564147,0.08846571593071581,0.15146889869647567,0.22835929715166156,0.8797619047619047,0.8642857142857143,0.20841367542743683,0.038498133420944214,0.29343214446267757,0.23977654630323753,0.29343214446267757,0.23977654630323758,0.28562700038222494,0.2287918857742079,0.29396092476102653,0.23954957561393517,0.285627000692019,0.22879188619272395,0.29396092506180327,0.23954957598931353,0.2784559961679211,0.2655272753081746,
lewidi_convabuse,llama,0,GPP-laplace,3,1024,0.40001485352454985,0.12705995801057968,0.22107331985330564,0.35111497075528997,0.8464285714285714,0.8238095238095238,0.25328734517097473,0.13646352291107178,0.2004846094441735,0.19348853403465224,0.20048460944417357,0.19348853403465227,0.19545630650101736,0.18715047344656566,0.2008403036657025,0.19353101736015196,0.1954563068032133,0.18715047377075417,0.20084030389352825,0.19353101758416014,0.20337990168786546,0.19689616944469865,
lewidi_convabuse,llama,0,LPE,3,1024,0.3968446298265874,0.08741728059247993,0.14553794686946675,0.2006148735782562,0.8821428571428571,0.8690476190476191,0.08206354826688766,0.1264106184244156,0.24722898034695684,0.23690621215309815,0.24722898034695687,0.23690621215309815,0.2425642316429522,0.22281622834083126,0.24773541368677487,0.2361845026539539,0.2425642317087573,0.22281622874690454,0.24773541347952313,0.23618450306705527,0.2372570007872412,0.2434896681803417,
lewidi_convabuse,llama,0,LP-temp,3,1024,0.40757880127145085,0.13391031372199005,0.23762620385842467,0.4074311945036664,0.8690476190476191,0.8559523809523809,0.4578390828553928,,0.13299684092052794,,0.13299684092052794,,0.13049783324812986,,0.13328884834282234,,0.13049783314823854,,0.1332888482182354,,0.1527001119727732,,
lewidi_convabuse,llama,0,GPP-cosine,4,16,0.4538829692064354,0.15865830892170246,0.2819473289662883,0.468267540598657,0.8464285714285714,0.8214285714285714,0.5120897889137268,0.011669791303575039,0.07413728953552354,0.03753578499025444,0.07413728953552357,0.03753578499025444,0.07089343134004297,0.036599171525913826,0.07336615423840637,0.03769031559234239,0.070893431809204,0.03659917207482739,0.07336615492595361,0.03769031615038059,0.1291703456567766,0.08656146238115456,
lewidi_convabuse,llama,0,GPP-rbf,4,16,0.4425783362886707,0.1487296791722118,0.2604243565372945,0.42701061064450657,0.844047619047619,0.819047619047619,0.402975469827652,0.07198621332645416,0.1331704337451734,0.13565833196816451,0.13317043374517346,0.13565833196816454,0.1306658088052366,0.1318866064875748,0.13239421460854356,0.13550950984942378,0.13066580955437695,0.13188660693000884,0.132394216041209,0.13550951028230987,0.12299048097521958,0.15703635742498354,
lewidi_convabuse,llama,0,GPP-laplace,4,16,0.591453545608046,0.22945244832978,0.39448418670466967,0.5883510928627835,0.8261904761904761,0.8035714285714286,0.42943716049194336,0.24407890439033508,0.09330906092386573,0.0987755945082002,0.09330906092386573,0.0987755945082002,0.09074029015835897,0.09594271011354422,0.09346091591192696,0.09847345232825751,0.09074029030331714,0.09594271024295663,0.09346091618703015,0.09847345235499427,0.10680845710764623,0.09311325133549404,
lewidi_convabuse,llama,0,LPE,4,16,0.4823074987636935,0.14401259941050074,0.23522536931725752,0.3397532936981737,0.8380952380952381,0.8130952380952381,0.2381049245595932,0.1133819967508316,0.08809288815578639,-0.0032333544841778323,0.0880928881557864,-0.0032333544841778392,0.08857272693712251,-0.003319079973378703,0.08746697936697909,-0.004362758968343041,0.08857272727791748,-0.003319079169177005,0.08746698001847707,-0.004362757497407282,0.08349729845894895,0.0486898569223777,
lewidi_convabuse,llama,0,LP-temp,4,16,0.5342602143617075,0.20178566647312493,0.35159971168469734,0.5488008621404211,0.794047619047619,0.7738095238095238,0.6279026067236414,,0.06820920642319714,,0.06820920642319715,,0.07238496598688458,,0.06811488934871122,,0.07238496648703321,,0.06811489024514697,,0.07893533892468607,,
lewidi_convabuse,llama,0,GPP-cosine,4,64,0.43593988738637135,0.1422211820898119,0.2471871539063397,0.40234112547730455,0.8464285714285714,0.8214285714285714,0.4331592321395874,0.0055160834454,0.17828317090648735,0.0715862544813587,0.17828317090648738,0.07158625448135872,0.16955120699097753,0.06797800611610971,0.17764934836263793,0.07154427700922304,0.16955120718957,0.06797800653560875,0.17764934844348151,0.07154427736502636,0.1764746908604716,0.08008980756100932,
lewidi_convabuse,llama,0,GPP-rbf,4,64,0.4643335278949273,0.14081236041811848,0.23051284267456226,0.33181156558261526,0.8380952380952381,0.8154761904761905,0.2685585618019104,0.09113435447216034,0.15561724016785033,0.16686548145875735,0.1556172401678504,0.16686548145875738,0.15265714684252996,0.16102593831951414,0.15554156814567668,0.16658453480593888,0.1526571468946882,0.16102593849470653,0.1555415681250236,0.16658453482469282,0.170005410605,0.1727380662357892,
lewidi_convabuse,llama,0,GPP-laplace,4,64,0.4729284575768109,0.17087815205924858,0.29997588729241953,0.4832446042010298,0.8416666666666667,0.819047619047619,0.3540937900543213,0.19916854798793793,0.14282754466055958,0.13593075926439901,0.14282754466055964,0.13593075926439901,0.13663692205633177,0.1290400381824774,0.14258943431933216,0.13547963715141337,0.1366369222084614,0.12904003835711308,0.1425894344671167,0.13547963727343515,0.14349433247276364,0.1346147989077453,
lewidi_convabuse,llama,0,LPE,4,64,0.7138279386467564,0.14265789786625116,0.19119142455546395,0.16982838547204263,0.8345238095238096,0.8119047619047619,0.09666210412979126,0.02949642203748226,0.0976992340484947,0.049569821982894356,0.0976992340484947,0.04956982198289435,0.10183552751675068,0.04916803351799745,0.09848338172337119,0.04884732505871112,0.10183552713957224,0.04916803345793343,0.0984833809618994,0.048847324655408204,0.10633704215204778,0.11432007416358714,
lewidi_convabuse,llama,0,LP-temp,4,64,0.5056681967443134,0.1527832988395106,0.24703933961466287,0.3526062516441108,0.8119047619047619,0.7916666666666666,0.37769077559770226,,0.11174459754783088,,0.11174459754783089,,0.11133807873729151,,0.11182533115328211,,0.111338078319396,,0.11182533034409162,,0.10372765548486193,,
lewidi_convabuse,llama,0,GPP-cosine,4,256,0.3891752528612624,0.1310031494919763,0.23709619185621186,0.4131495073856116,0.8511904761904762,0.8261904761904761,0.46595045924186707,0.003771143965423107,0.2490251743438229,0.13605626706797522,0.24902517434382299,0.13605626706797525,0.23993368119583827,0.13394382584755787,0.24837736100731217,0.13580555990065563,0.23993368135690957,0.1339438264340123,0.2483773609772224,0.13580556032545693,0.24826579387268322,0.1686956983648927,
lewidi_convabuse,llama,0,GPP-rbf,4,256,0.38904041909882625,0.11727139480677325,0.20095620281922277,0.3186054735607114,0.8630952380952381,0.85,0.2820545732975006,0.07076052576303482,0.19981277090054256,0.1974987157787595,0.19981277090054259,0.1974987157787595,0.18725588846466998,0.19063776438287602,0.1987943242667347,0.1972100032847384,0.1872558885849065,0.19063776461126886,0.1987943243293984,0.1972100034257626,0.1956228058338397,0.20041331518296532,
lewidi_convabuse,llama,0,GPP-laplace,4,256,0.43397612878109487,0.1467538787885682,0.2560692863777235,0.4121376529221922,0.8452380952380952,0.8226190476190476,0.30010750889778137,0.16493849456310272,0.15841961437978824,0.15352824220284061,0.1584196143797883,0.15352824220284061,0.14951353330609238,0.14442220429431255,0.15803356226885984,0.1529871730235769,0.14951353350587865,0.14442220451994242,0.15803356240310507,0.15298717315134377,0.15842684021744788,0.15241713658722866,
lewidi_convabuse,llama,0,LPE,4,256,0.4540509104924252,0.11574179569943788,0.1850214409983751,0.24367590613630713,0.8416666666666667,0.8285714285714286,0.16845986247062683,0.08722837269306183,0.16308746343774927,0.2094817880715774,0.1630874634377493,0.20948178807157744,0.1487311117254212,0.20307709310338498,0.16183488461374185,0.20948893295327783,0.14873111194793104,0.20307709345252664,0.16183488488744413,0.20948893324534829,0.15875648561526579,0.20110767681871722,
lewidi_convabuse,llama,0,LP-temp,4,256,0.4607030300086038,0.1451924304686328,0.24365817354940367,0.3713515859205766,0.8142857142857143,0.8011904761904762,0.4028856780698114,,0.09479319281857268,,0.09479319281857271,,0.08145957575796307,,0.09333617038299725,,0.08145957614597443,,0.09333617090495233,,0.09579214762198451,,
lewidi_convabuse,llama,0,GPP-cosine,4,1024,0.33838237653581343,0.10373722727524273,0.18841813994574858,0.3335812562297595,0.8690476190476191,0.8488095238095238,0.3783910572528839,0.001947586890310049,0.3129017972362215,0.21523331945289847,0.3129017972362215,0.21523331945289847,0.3056539888953426,0.21877893429585002,0.31310122197719426,0.21590338389325076,0.305653989009841,0.21877893479319876,0.3131012219528927,0.2159033842159196,0.30895430254125633,0.24828219831812104,
lewidi_convabuse,llama,0,GPP-rbf,4,1024,0.31203614275525415,0.08358261127363173,0.14790783345028363,0.2404674250640584,0.8904761904761904,0.8773809523809524,0.22276486456394196,0.04117259010672569,0.28402302343940555,0.2336484844627973,0.28402302343940566,0.23364848446279732,0.27491372109339074,0.22249969039056813,0.2844071003445895,0.2335248825263072,0.27491372155052396,0.2224996910214571,0.2844071010269763,0.2335248833296471,0.2700514990967889,0.2599002931109611,
lewidi_convabuse,llama,0,GPP-laplace,4,1024,0.3947579860809405,0.12620574367862847,0.22111363501365608,0.35584202507275803,0.8452380952380952,0.8226190476190476,0.2576828598976135,0.13886050879955292,0.19927072407539143,0.19275640651279596,0.19927072407539145,0.192756406512796,0.1928267035198813,0.18506034062768612,0.1995299423203419,0.19271188336265413,0.19282670372050065,0.18506034086390533,0.19952994244583422,0.1927118834968799,0.20172168130302923,0.19553235279028652,
lewidi_convabuse,llama,0,LPE,4,1024,0.37900073931256667,0.08667264011295564,0.14770454285739004,0.21648324918880307,0.8916666666666667,0.8833333333333333,0.08720996230840683,0.1333250105381012,0.17070794900891267,0.208334815744452,0.1707079490089127,0.20833481574445203,0.16471150383694547,0.20051061133982306,0.17078001837937495,0.20827095547424773,0.16471150406300056,0.20051061178842133,0.1707800188694951,0.2082709560897908,0.1916997403182528,0.2182388170413076,
lewidi_convabuse,llama,0,LP-temp,4,1024,0.42056012796150727,0.14006507510812527,0.2481162502246725,0.4205854304570104,0.8607142857142858,0.8523809523809524,0.47112025581110356,,0.09974825086970335,,0.09974825086970335,,0.09740011150392663,,0.09978043083676713,,0.09740011185675979,,0.0997804313632846,,0.08977708001524484,,
lewidi_convabuse,llama,16,GPP-cosine,0,16,0.8450675385341654,0.20703924740713708,0.2944938415956461,0.28914558968021886,0.6880952380952381,0.675,0.262392520904541,0.007051265798509121,-0.032506680384720675,-0.036692867023052606,-0.032506680384720675,-0.036692867023052606,-0.033399193660734516,-0.04087040714166441,-0.032200503450214836,-0.03676728948793381,-0.03339919418740632,-0.04087040756688539,-0.03220050425765138,-0.03676729019450248,-0.04667795574174825,-0.07539711386360202,
lewidi_convabuse,llama,16,GPP-rbf,0,16,0.48137247002094585,0.13117585016985528,0.20343504997325085,0.2749392440535513,0.8464285714285714,0.8214285714285714,0.2270531803369522,0.036796074360609055,0.0991112849625559,0.05734005581968872,0.09911128496255592,0.057340055819688734,0.10476121152589056,0.06339132216471333,0.10080185965250002,0.0588390358607187,0.10476121110040285,0.06339132171668503,0.10080185914564607,0.05883903519439977,0.09467338269746295,0.08555400763452457,
lewidi_convabuse,llama,16,GPP-laplace,0,16,0.5696052845256155,0.220066731722386,0.3813831175721827,0.5822040782271257,0.844047619047619,0.819047619047619,0.42376598715782166,0.24329376220703125,0.12420468839003043,0.08732213084317404,0.12420468839003046,0.08732213084317404,0.12496681339042068,0.08944447783404211,0.1250174873231304,0.08776730999661965,0.1249668131912325,0.0894444776164291,0.1250174870832884,0.08776730950279138,0.10064176320920153,0.0520304355863921,
lewidi_convabuse,llama,16,LPE,0,16,0.7079222640616818,0.13363216468200775,0.17188755123899596,0.13628646609263545,0.8464285714285714,0.8214285714285714,0.06870897859334946,0.007239512633532286,0.13276731367052114,0.06398359416581463,0.13276731367052114,0.06398359416581464,0.13127164617365625,0.06377123246736684,0.13364635617435422,0.0645315001295223,0.13127164576841202,0.06377123223441904,0.13364635564399513,0.06453149979748385,0.04436982297882308,0.052859579944265746,
lewidi_convabuse,llama,16,LP-temp,0,16,0.4377504140940287,0.14073272105615572,0.24282863305525038,0.394879344501507,0.8476190476190476,0.8226190476190476,0.4261694058588358,,0.0743838059593499,,0.07438380595934992,,0.07992079068844525,,0.07584883593239977,,0.07992079040395261,,0.07584883577790735,,0.03106880115001174,,
lewidi_convabuse,llama,16,GPP-cosine,0,64,0.5755127170531211,0.17981796257435861,0.28843831308058077,0.38285163749548035,0.725,0.7119047619047619,0.3992835581302643,0.007600806653499603,0.016323740427596347,0.0254096807096366,0.01632374042759635,0.025409680709636607,0.010717205207632093,0.013669516464808138,0.01615956557089111,0.0241422626261925,0.010717204827665996,0.013669516425826207,0.016159565027511518,0.02414226236087613,0.018309558032492047,0.07370793918586624,
lewidi_convabuse,llama,16,GPP-rbf,0,64,0.42522154037204674,0.13219657554121922,0.22684080594751452,0.361745938695353,0.8571428571428571,0.8321428571428572,0.2871333956718445,0.09771007299423218,0.06613469642331332,0.05814610844173339,0.06613469642331332,0.05814610844173339,0.06645421618426095,0.05965422323461643,0.06719257150342461,0.05918929399753783,0.06645421599109386,0.05965422293678743,0.06719257106355767,0.05918929340557303,0.06699779209573141,0.0672827661604253,
lewidi_convabuse,llama,16,GPP-laplace,0,64,0.4788108176444562,0.1761738409974465,0.31233832129454686,0.5085837709477131,0.8476190476190476,0.8226190476190476,0.3717919886112213,0.21093183755874634,0.1073339762883607,0.09802654804861208,0.10733397628836071,0.09802654804861209,0.106494222098071,0.09665457111477574,0.10783817717597599,0.09829844091543691,0.10649422195264262,0.09665457096577673,0.10783817687782674,0.09829844055201173,0.061019349857335065,0.0447231450373331,
lewidi_convabuse,llama,16,LPE,0,64,0.5295133580406076,0.11999681999075469,0.17603497531402224,0.20414700292148827,0.8547619047619047,0.8297619047619048,0.1459852010011673,0.02741589955985546,0.09537020070331328,0.04137506752376101,0.09537020070331331,0.04137506752376101,0.09830485574450624,0.044776728101312155,0.09671288364963083,0.04237042676549364,0.09830485571648548,0.04477672803553609,0.09671288349894706,0.042370426596206524,0.08274992911892026,0.09905636649285769,
lewidi_convabuse,llama,16,LP-temp,0,64,0.42537701817764884,0.14168457738053408,0.25040458762950685,0.42019284922363376,0.8416666666666667,0.8214285714285714,0.46307229173039144,,0.06930414964574302,,0.06930414964574304,,0.068605315411393,,0.0700886230949197,,0.06860531543722084,,0.0700886230924998,,0.07576610002022567,,
lewidi_convabuse,llama,16,GPP-cosine,0,256,0.4651887499378654,0.142354603417559,0.24210845672548462,0.3728055417071155,0.8523809523809524,0.8297619047619048,0.40834304690361023,0.005381916183978319,0.11959635469599239,0.1315206776689024,0.11959635469599239,0.13152067766890244,0.11703600533178786,0.11261157419819418,0.11950071429647405,0.12821320481984555,0.1170360050324382,0.1126115743961007,0.11950071379404731,0.1282132044743588,0.12231069090625728,0.18246346999626809,
lewidi_convabuse,llama,16,GPP-rbf,0,256,0.397976829763903,0.1102359630296644,0.18386470698959392,0.2661854215876447,0.8535714285714285,0.8285714285714286,0.21529747545719147,0.06154369190335274,0.20295170626623626,0.16186998153222798,0.2029517062662363,0.16186998153222804,0.19882285356661278,0.1606437190516283,0.20301911874888862,0.16247571891387233,0.19882285319217885,0.1606437185153723,0.20301911795240313,0.1624757179040723,0.20664743460792645,0.18579273804739932,
lewidi_convabuse,llama,16,GPP-laplace,0,256,0.4360399813699882,0.14430396677479854,0.2508572428808769,0.39621097293591045,0.8464285714285714,0.8214285714285714,0.28154170513153076,0.15673479437828064,0.11208488922954672,0.10658008850061824,0.11208488922954674,0.10658008850061826,0.11300402454113917,0.10689167690963626,0.1129135380447161,0.10721284055772082,0.1130040242021296,0.10689167658811831,0.11291353740709946,0.10721283992471184,0.08900659774454052,0.0814661792095759,
lewidi_convabuse,llama,16,LPE,0,256,0.4754457184159938,0.10241728528756575,0.15720312898982208,0.18026964911244045,0.8630952380952381,0.8380952380952381,0.11593091487884521,0.052942752838134766,0.2044202299302371,0.23238173174067656,0.20442022993023712,0.23238173174067658,0.19698077797421634,0.2227095276999575,0.20387367712512117,0.23217435220790608,0.19698077775418604,0.22270952725544574,0.20387367653105676,0.23217435129030606,0.2266449540543059,0.2406982479660165,
lewidi_convabuse,llama,16,LP-temp,0,256,0.380382985058704,0.11965722467854792,0.21246438955781147,0.35871951569127086,0.8547619047619047,0.8392857142857143,0.40523056100751487,,0.2181051676579582,,0.21810516765795823,,0.21414681393755855,,0.21789366388239206,,0.2141468138536296,,0.21789366373474153,,0.21591802597710327,,
lewidi_convabuse,llama,16,GPP-cosine,0,1024,0.3824761693190633,0.12328140899843545,0.21908171227560952,0.3652819361245447,0.8678571428571429,0.8571428571428571,0.4107576012611389,0.003395313862711191,0.1782727079978521,0.07394092461878504,0.17827270799785214,0.07394092461878504,0.17753347807342823,0.06402289347737146,0.1791255953080076,0.07295414137540193,0.1775334780617252,0.06402289361929007,0.179125595390474,0.07295414144478787,0.18132495559134396,0.19044134117692219,
lewidi_convabuse,llama,16,GPP-rbf,0,1024,0.2978884991879338,0.07659496277278899,0.13670791674029759,0.21904062433750812,0.8892857142857142,0.8761904761904762,0.20163825154304504,0.0382004976272583,0.3255712978287721,0.2829714754170711,0.3255712978287721,0.2829714754170712,0.3200002800329982,0.28134755551354595,0.32496608238877794,0.2832740992195956,0.32000028066337,0.28134755561906344,0.32496608311641373,0.2832740991910224,0.2992963432371196,0.2804708697431829,
lewidi_convabuse,llama,16,GPP-laplace,0,1024,0.39457954171123444,0.12660232335194502,0.22339643867564432,0.35997542433741725,0.8488095238095238,0.8238095238095238,0.25761231780052185,0.14027705788612366,0.1787405203502988,0.1700207722958153,0.1787405203502988,0.17002077229581536,0.1762514822952795,0.1668486455725282,0.17927119560397142,0.17034671913894572,0.17625148237334795,0.16684864562403057,0.17927119549540826,0.1703467189820959,0.17326918532495106,0.16320660453080482,
lewidi_convabuse,llama,16,LPE,0,1024,0.3678847438671116,0.07717889475151636,0.13029761597737768,0.1816770610484963,0.888095238095238,0.8845238095238095,0.0875784158706665,0.09826302528381348,0.2698300214543579,0.2514384881055181,0.26983002145435797,0.25143848810551817,0.2600663328661354,0.24500390217689283,0.268687768779291,0.25116097146585564,0.26006633370608984,0.24500390268523364,0.2686877700846214,0.2511609721642438,0.25568388299407196,0.25939845381720056,
lewidi_convabuse,llama,16,LP-temp,0,1024,0.37728677852810355,0.10934835406663757,0.19231648268691043,0.31654325310193066,0.8535714285714285,0.8571428571428571,0.34250369748905596,,0.1526772138283453,,0.15267721382834534,,0.14280328167181183,,0.151396939381857,,0.14280328226407768,,0.15139694034198045,,0.15110267193335009,,
lewidi_convabuse,llama,16,GPP-cosine,1,64,0.5523725933958119,0.16829285688623413,0.2699520606388476,0.35815056350071584,0.7404761904761905,0.725,0.36993396282196045,0.006096095312386751,0.03160057797314922,0.0813950376327221,0.03160057797314922,0.08139503763272211,0.03106479710105374,0.0678383458880128,0.03173029349177139,0.07962024800611636,0.031064796724227878,0.06783834584978449,0.031730292833868676,0.07962024750604588,0.028360061338103426,0.14212245277084307,
lewidi_convabuse,llama,16,GPP-rbf,1,64,0.42544544168673293,0.12570833245256285,0.21117043376767208,0.3203870412476984,0.8464285714285714,0.8214285714285714,0.24708890914916992,0.08196696639060974,0.06911571254520016,0.057444943514146654,0.06911571254520017,0.05744494351414666,0.0677763381086993,0.0572784262254024,0.06934157129691118,0.05791235112315242,0.06777633761198193,0.05727842571734888,0.06934157023021723,0.057912350094843364,0.08513288422948716,0.0721538718191796,
lewidi_convabuse,llama,16,GPP-laplace,1,64,0.4655300285696962,0.16820855900810072,0.29821037175799053,0.48584555876845076,0.8464285714285714,0.8214285714285714,0.35406574606895447,0.2003346085548401,0.10871627567825407,0.0984558693806916,0.10871627567825407,0.09845586938069162,0.10772202730885677,0.09705391942186464,0.10927583756011731,0.09882902230266527,0.10772202707173217,0.09705391918873103,0.10927583707807087,0.09882902178246761,0.0662632860497151,0.05144917869121916,
lewidi_convabuse,llama,16,LPE,1,64,0.5702811618641619,0.1198310910935492,0.16945562957790528,0.17193337098703748,0.8488095238095238,0.8238095238095238,0.10634994506835938,0.017433498054742813,0.05581062554126047,0.02612473025241308,0.055810625541260483,0.026124730252413086,0.054795982362580785,0.025151110770345708,0.05597741391154341,0.026392829104853858,0.05479598194030612,0.025151110460511758,0.05597741303256455,0.026392828523814988,0.08327783665526099,0.11467396053254224,
lewidi_convabuse,llama,16,LP-temp,1,64,0.4031777800608524,0.13245906469476326,0.23798668348082516,0.40879209660713295,0.8571428571428571,0.8321428571428572,0.4472756571849357,,0.06414228492718838,,0.06414228492718839,,0.06150711332496775,,0.06362019376087563,,0.06150711302432132,,0.06362019292353793,,0.07392806684286049,,
lewidi_convabuse,llama,16,GPP-cosine,1,256,0.4477208260139346,0.14670716249475088,0.25495091106815293,0.4135820981428029,0.8452380952380952,0.8273809523809523,0.4592289626598358,0.006063159089535475,0.1122337276720976,0.11285850710799547,0.11223372767209763,0.1128585071079955,0.10993228916224523,0.09112536986263678,0.11234092569662545,0.1091374418816203,0.10993228901713625,0.09112537049791537,0.11234092535768592,0.10913744193174155,0.1365660905702394,0.16189788049291282,
lewidi_convabuse,llama,16,GPP-rbf,1,256,0.37166844470725224,0.10635344353686914,0.18378600244399249,0.2841919998436292,0.8630952380952381,0.8404761904761905,0.23607583343982697,0.06476008892059326,0.19580552861161096,0.1551201704283342,0.195805528611611,0.1551201704283342,0.1883242816730893,0.14966282089646704,0.19525526146579297,0.1551118728893538,0.1883242815789707,0.14966282067697873,0.19525526101775803,0.15511187228424939,0.19503018892469834,0.18012559435719366,
lewidi_convabuse,llama,16,GPP-laplace,1,256,0.43044389930057675,0.1434484164268108,0.2510529236479973,0.40091170945595855,0.8464285714285714,0.8214285714285714,0.28610339760780334,0.15910479426383972,0.12026714084194534,0.11268955794773669,0.12026714084194536,0.11268955794773669,0.11983014608141848,0.11147536474327885,0.12093978780796114,0.11316668707047117,0.1198301458507326,0.11147536453317694,0.12093978731581256,0.11316668658287646,0.0930518389291534,0.08354892246227617,
lewidi_convabuse,llama,16,LPE,1,256,0.4345513664187315,0.09852631516631565,0.15672497255839063,0.19696833258585522,0.8690476190476191,0.8464285714285714,0.1320842206478119,0.05746656656265259,0.20270304112931387,0.18513771460265055,0.2027030411293139,0.18513771460265058,0.1967785356643914,0.17910977798066471,0.2019072355553537,0.18479006992237232,0.19677853563924724,0.17910977767045433,0.2019072351208387,0.18479006908965273,0.19818892195157892,0.20536400927040974,
lewidi_convabuse,llama,16,LP-temp,1,256,0.37781419301055796,0.11172059546307408,0.19458354711369485,0.3237217424406596,0.8702380952380953,0.8523809523809524,0.35332565067494887,,0.1713545594724606,,0.17135455947246062,,0.16701853137266381,,0.17056032722086648,,0.16701853138443273,,0.17056032700171816,,0.16423556555542854,,
lewidi_convabuse,llama,16,GPP-cosine,1,1024,0.3757663692518575,0.12019779108729924,0.21472438843141506,0.36218717373409026,0.8726190476190476,0.8571428571428571,0.4084375202655792,0.0031460199970752,0.19193726086689514,0.09858451535398506,0.19193726086689517,0.09858451535398507,0.19090603039483311,0.08219891094900733,0.1925006988578982,0.0956955265196968,0.1909060304476346,0.08219891154274617,0.19250069887905746,0.09569552673611681,0.19740542264231226,0.19178418218308282,
lewidi_convabuse,llama,16,GPP-rbf,1,1024,0.2976998401444496,0.07449977489591267,0.1320481412728051,0.20970263103662895,0.8976190476190476,0.8797619047619047,0.19382673501968384,0.035458944737911224,0.34617965523168026,0.282017417513586,0.34617965523168026,0.282017417513586,0.33500300513266157,0.27398779560484665,0.34543585809181365,0.2819153070224385,0.33500300549268636,0.2739877955748905,0.3454358582446233,0.28191530668743614,0.3119195395106625,0.2919794863605083,
lewidi_convabuse,llama,16,GPP-laplace,1,1024,0.39966874897146554,0.12560970162288354,0.21887165437774023,0.3454826858828666,0.8476190476190476,0.8226190476190476,0.24317166209220886,0.132068932056427,0.16530465213520526,0.15707641214052062,0.1653046521352053,0.15707641214052065,0.16249493622658834,0.15347468813840937,0.1658523399362839,0.15741320317039958,0.16249493606323262,0.15347468799630468,0.1658523394155762,0.15741320267480102,0.16337912382552763,0.15278954005266007,
lewidi_convabuse,llama,16,LPE,1,1024,0.3501427095966395,0.07212067266966461,0.1228555566861461,0.17143556068475166,0.8988095238095238,0.8928571428571429,0.08508238196372986,0.09263574331998825,0.3073620271544443,0.2861546428345515,0.3073620271544444,0.2861546428345515,0.2910732904825526,0.2735670855347467,0.3053542141597534,0.28511865324488134,0.2910732911517743,0.2735670858006938,0.30535421489983267,0.2851186533711128,0.2882066976011324,0.28075931160161455,
lewidi_convabuse,llama,16,LP-temp,1,1024,0.34221876145062863,0.09477012763633363,0.16763931480171715,0.2805244808434425,0.8857142857142857,0.8797619047619047,0.30860224389449076,,0.22652401145252704,,0.22652401145252707,,0.21104208057235954,,0.22476187091747132,,0.21104208119252713,,0.22476187173467263,,0.22062780235477802,,
lewidi_convabuse,llama,16,GPP-cosine,2,16,0.5346884710832263,0.18541064441958197,0.31504991905184443,0.47602160311847563,0.7785714285714286,0.7583333333333333,0.5054935812950134,0.01852947100996971,-0.02658153905039446,0.0005044791724862982,-0.026581539050394468,0.0005044791724862913,-0.020837193225139633,-0.009298533540898546,-0.02571565708869357,-0.0010524493631521477,-0.02083719356796216,-0.009298533590265678,-0.025715657373685773,-0.0010524497335471887,-0.03128276231535709,0.02434240875884247,
lewidi_convabuse,llama,16,GPP-rbf,2,16,0.4603728241299031,0.16320300079603606,0.2885964033038666,0.47464298489876805,0.844047619047619,0.8214285714285714,0.38811609148979187,0.14800521731376648,0.09478328335838297,0.05976012224997852,0.09478328335838301,0.05976012224997854,0.09863337431145283,0.06510720759990202,0.09495607656784735,0.06048673351611979,0.09863337429511429,0.0651072074386703,0.09495607663666045,0.06048673314214847,0.09188512278777558,0.05198981285975009,
lewidi_convabuse,llama,16,GPP-laplace,2,16,0.6008788893166271,0.2337292840837898,0.4003426407996033,0.5920357619883883,0.844047619047619,0.819047619047619,0.43098798394203186,0.24640962481498718,0.07504853884604926,0.05092795306617119,0.07504853884604926,0.0509279530661712,0.07550493572952036,0.052813268306032154,0.07531688264119893,0.050989148822288555,0.07550493575361289,0.05281326830642227,0.07531688271443417,0.05098914870304023,0.10664284006189587,0.03375960426863548,
lewidi_convabuse,llama,16,LPE,2,16,0.463537780439692,0.13996676607823452,0.23157773898759235,0.35011105690240896,0.8404761904761905,0.8178571428571428,0.29963135719299316,0.07036586850881577,0.06600621581038875,0.08678759588721324,0.06600621581038875,0.08678759588721324,0.06758119015158766,0.09157312717428841,0.0657469745599289,0.08690363765474737,0.0675811901118078,0.09157312700590817,0.06574697463013957,0.08690363755040201,0.0627727210358618,0.06371765212257464,
lewidi_convabuse,llama,16,LP-temp,2,16,0.4762293125367061,0.17094108198470637,0.3011866108209801,0.49190360989767623,0.8404761904761905,0.8178571428571428,0.5566688195415126,,0.06869923721834661,,0.06869923721834661,,0.068222884502306,,0.06824144617481441,,0.06822288448056288,,0.06824144624376724,,0.06516107428840467,,
lewidi_convabuse,llama,16,GPP-cosine,2,64,0.6553418523614127,0.2040725631782404,0.3250956475072596,0.4209653056707803,0.6511904761904762,0.6428571428571429,0.446025013923645,0.007433466147631407,0.004387293571599518,0.06416468022650333,0.004387293571599522,0.06416468022650333,0.007410208600229919,0.0524497361710146,0.00466649167978115,0.061949530989089376,0.007410208545124794,0.05244973653505078,0.004666491928762038,0.06194953123080293,-0.0226818309575737,0.0753435932955945,
lewidi_convabuse,llama,16,GPP-rbf,2,64,0.442260240825107,0.1363572736400222,0.2294050793662401,0.3474594962355626,0.8464285714285714,0.8214285714285714,0.27404287457466125,0.09460097551345825,0.09066151966360042,0.07423807549392902,0.09066151966360042,0.07423807549392904,0.08579380276844803,0.07216786757096086,0.09026235835120452,0.07437183998455313,0.08579380265799674,0.0721678673199832,0.09026235801845164,0.07437183945462358,0.0929599167710118,0.08111892151942497,
lewidi_convabuse,llama,16,GPP-laplace,2,64,0.47255914840827695,0.17192498383619734,0.3039756444637619,0.4922222060872472,0.8464285714285714,0.8214285714285714,0.359747052192688,0.20373450219631195,0.11518913453358776,0.1050709803486205,0.11518913453358778,0.1050709803486205,0.11273141493260752,0.10178712451389299,0.11544253827734163,0.10508552488293633,0.11273141477707105,0.10178712435679863,0.11544253794224331,0.10508552449726993,0.07256952875132995,0.05453122735313083,
lewidi_convabuse,llama,16,LPE,2,64,0.6059173653560571,0.13187829831606132,0.1851983803580446,0.19001641461236682,0.8452380952380952,0.8202380952380952,0.12831541895866394,0.023397231474518776,0.07154942879283069,0.03844511573108387,0.07154942879283069,0.03844511573108387,0.06036277402683477,0.041602451493027576,0.06996611303608509,0.03881305903623368,0.0603627739198009,0.04160245124103928,0.06996611264997607,0.03881305855784723,0.08698241408264294,0.08214807045405419,
lewidi_convabuse,llama,16,LP-temp,2,64,0.4507741319198631,0.15407739262901854,0.26974310241309857,0.440322123695167,0.8297619047619048,0.8071428571428572,0.49050633319177706,,0.08513963743658828,,0.08513963743658828,,0.07162500855685591,,0.08339972545175842,,0.07162500855542121,,0.08339972532454647,,0.08726414242906015,,
lewidi_convabuse,llama,16,GPP-cosine,2,256,0.49853202313904643,0.16025091862266425,0.2633699286612085,0.3637916150226167,0.75,0.7416666666666667,0.39141663908958435,0.005935183726251125,0.1029854840367438,0.08366065040415015,0.10298548403674382,0.08366065040415015,0.09695014993964961,0.0661637582706205,0.10247658628541102,0.08056893504008211,0.09695015008268143,0.06616375892204743,0.10247658638589574,0.08056893525768587,0.09324552289663329,0.1367175631173945,
lewidi_convabuse,llama,16,GPP-rbf,2,256,0.3801667045988783,0.11421785921803287,0.19841973820584827,0.3159300921796691,0.8642857142857143,0.844047619047619,0.26818349957466125,0.07563749700784683,0.1947265474724979,0.15479201454286654,0.1947265474724979,0.15479201454286654,0.18650226637221348,0.14954009741737212,0.1936042557947661,0.1543719328673786,0.18650226616498644,0.14954009703205168,0.1936042551049051,0.15437193193584078,0.1917460003450596,0.1645227945401884,
lewidi_convabuse,llama,16,GPP-laplace,2,256,0.43393487484542587,0.14706513828060064,0.2585953833380093,0.4162156808390713,0.8464285714285714,0.8214285714285714,0.29948320984840393,0.1669156402349472,0.12676122526874067,0.11969525815277782,0.12676122526874067,0.11969525815277784,0.12772004644178986,0.12009686419104976,0.12752055959788716,0.12027857735975896,0.12772004612166343,0.1200968638987028,0.12752055896147074,0.1202785767365814,0.0956086449602568,0.0859660088629317,
lewidi_convabuse,llama,16,LPE,2,256,0.39827258685092853,0.10669285461175407,0.17780297102235637,0.24947549856950815,0.861904761904762,0.844047619047619,0.1665901243686676,0.09508577734231949,0.18134610780515323,0.1766086254592057,0.18134610780515326,0.17660862545920572,0.17501097329138246,0.16992286388774297,0.1802486921160022,0.17573188081110258,0.17501097316234465,0.1699228636559782,0.18024869147857148,0.1757318801525783,0.1906527570158295,0.20121847539104695,
lewidi_convabuse,llama,16,LP-temp,2,256,0.4289356591240052,0.149087053723307,0.2632685362546174,0.43879170972182946,0.8130952380952381,0.8047619047619048,0.4975529608903923,,0.15241922393798835,,0.15241922393798837,,0.14499750345025889,,0.15150746541567148,,0.14499750302649034,,0.15150746418442945,,0.15998212008472953,,
lewidi_convabuse,llama,16,GPP-cosine,2,1024,0.40101842462019643,0.12671288514801743,0.2200735548895639,0.3475478431228309,0.8547619047619047,0.844047619047619,0.38241106271743774,0.0032230059150606394,0.14359449746341407,0.11820929590027392,0.14359449746341407,0.11820929590027392,0.13361595907779875,0.09212515846089259,0.14257730823610495,0.11408495928547638,0.13361595908426435,0.092125158786861,0.1425773080598056,0.1140849591087684,0.13344938105367818,0.15680998803901922,
lewidi_convabuse,llama,16,GPP-rbf,2,1024,0.31067545631154353,0.07733374038921031,0.13548493372707612,0.2085709496957336,0.8916666666666667,0.8714285714285714,0.18858392536640167,0.035952962934970856,0.32277842366642584,0.26866769974692023,0.32277842366642595,0.2686676997469203,0.3148743025041504,0.26313159196728186,0.3224671943295879,0.2688847922878551,0.3148743026091774,0.26313159163674515,0.32246719409870234,0.26888479148005595,0.2787689346579779,0.2628363527813326,
lewidi_convabuse,llama,16,GPP-laplace,2,1024,0.40568579319477494,0.12688995426059113,0.21915844104507762,0.34103683733920886,0.8464285714285714,0.8214285714285714,0.24001170694828033,0.13050036132335663,0.1691315506400509,0.16020755856903424,0.16913155064005092,0.16020755856903424,0.16749218433232846,0.15793026830733806,0.16989014451176307,0.16077668873551057,0.16749218426178247,0.15793026822400796,0.1698901441808637,0.16077668837670928,0.16887243285097203,0.15938205510627954,
lewidi_convabuse,llama,16,LPE,2,1024,0.39299951520174314,0.07368068708491339,0.12150501527439894,0.16155077504521034,0.8952380952380953,0.8845238095238095,0.0842173621058464,0.07439456880092621,0.30006107218631844,0.25300819659764884,0.3000610721863185,0.25300819659764884,0.29444885967235945,0.25262984738236627,0.3000873537719941,0.2539118098140808,0.2944488599628902,0.2526298471072769,0.30008735372739825,0.2539118090386881,0.26086891794109385,0.24829017092521397,
lewidi_convabuse,llama,16,LP-temp,2,1024,0.3593045973073577,0.08537129511955192,0.14719542385493276,0.2294853290971885,0.888095238095238,0.8821428571428571,0.24000283109845336,,0.23141748555053332,,0.23141748555053332,,0.22575196356639632,,0.23110131452561256,,0.22575196373900547,,0.23110131456825544,,0.2086774263972665,,
lewidi_convabuse,llama,16,GPP-cosine,3,16,0.5487166914291095,0.19492991222571546,0.32839923509704283,0.476501147330659,0.705952380952381,0.6952380952380952,0.5172834992408752,0.018689854070544243,0.04996435098822967,0.10493988348932873,0.04996435098822967,0.10493988348932876,0.05730735562955949,0.09734199910640748,0.0513859080700311,0.10340936322624777,0.05730735565247167,0.09734199959660375,0.051385908488018016,0.10340936364780431,0.013636031203149688,0.12293137535935218,
lewidi_convabuse,llama,16,GPP-rbf,3,16,0.4326594460731629,0.13893008153271183,0.23924036697551077,0.3777139392883694,0.8464285714285714,0.8214285714285714,0.2882615327835083,0.12172604352235794,0.11036742431363306,0.08975049761078599,0.11036742431363306,0.089750497610786,0.11505998208844284,0.09421743838745789,0.1115287110585458,0.09092391805960215,0.11505998203166545,0.09421743815410213,0.11152871092903638,0.09092391761870913,0.09838578401416453,0.08267252727938494,
lewidi_convabuse,llama,16,GPP-laplace,3,16,0.5789816778017182,0.22417515800988097,0.38668796733420874,0.5834054095237505,0.844047619047619,0.819047619047619,0.4250827729701996,0.24359343945980072,0.11134302937093445,0.09220873687781948,0.11134302937093445,0.09220873687781952,0.10981669780107696,0.09145385403067813,0.11160428195232588,0.09225012273255098,0.10981669780592235,0.09145385400581424,0.11160428195046328,0.09225012255687887,0.10743120794857755,0.05410409082791763,
lewidi_convabuse,llama,16,LPE,3,16,0.6282348613760216,0.1314747738049187,0.17607900659052012,0.15984018505474565,0.8464285714285714,0.8214285714285714,0.09828744828701019,0.010535622015595436,0.11124917007736915,0.13987413261590453,0.11124917007736919,0.13987413261590453,0.11658041619020787,0.1421538926253047,0.11210666652712953,0.14048891760120624,0.11658041650484746,0.14215389261019423,0.1121066670033642,0.14048891746911857,0.05727249267871719,0.06228319838882495,
lewidi_convabuse,llama,16,LP-temp,3,16,0.4398153273057697,0.1341578629635399,0.22540548718713682,0.3504320756000739,0.8476190476190476,0.8226190476190476,0.3673304819765111,,0.08175071474403313,,0.08175071474403314,,0.08637517977177885,,0.08253673322081746,,0.08637518016071918,,0.08253673387138308,,0.05069750450379191,,
lewidi_convabuse,llama,16,GPP-cosine,3,64,0.463877328379925,0.15629652634605637,0.2722534405354985,0.43899602352828904,0.85,0.8273809523809523,0.48176226019859314,0.011007556691765785,0.07488944961813748,0.08919433664899043,0.0748894496181375,0.08919433664899043,0.07475187944714123,0.07201376066513364,0.07523051537145736,0.08649398526668202,0.07475187920313452,0.07201376079575525,0.07523051506562604,0.08649398496076541,0.0810009823668865,0.13250233237938955,
lewidi_convabuse,llama,16,GPP-rbf,3,64,0.40291657796184693,0.1310833235896494,0.23198735922619346,0.38178394390884834,0.8535714285714285,0.8285714285714286,0.31487247347831726,0.10994666069746017,0.16174421702582137,0.13769906175142732,0.16174421702582137,0.13769906175142732,0.15775428409363224,0.1353699159698937,0.16268461988289742,0.13860551423989265,0.15775428360478666,0.13536991545950267,0.16268461887714167,0.13860551322374234,0.1606658562638072,0.137348769908573,
lewidi_convabuse,llama,16,GPP-laplace,3,64,0.49390313914589373,0.18466710189469956,0.32559121193896445,0.5234502933692383,0.8464285714285714,0.8214285714285714,0.38551047444343567,0.21825732290744781,0.13087716533243277,0.12173098030369482,0.13087716533243277,0.12173098030369484,0.1287417878420099,0.11930772886612843,0.131237802353443,0.12188867150064657,0.12874178767560057,0.11930772869922554,0.13123780200017177,0.12188867109437773,0.08596966543695542,0.06483641737526935,
lewidi_convabuse,llama,16,LPE,3,64,0.4742193073222177,0.11294342510659748,0.17433411361066864,0.21542826413693655,0.8547619047619047,0.8297619047619048,0.1660812348127365,0.03420674055814743,0.16488009530906134,0.08775498513033879,0.16488009530906134,0.0877549851303388,0.15880852221013042,0.07858858333220527,0.16562252356628504,0.08784412951149692,0.15880852172996307,0.07858858285833478,0.16562252261975485,0.08784412864589128,0.16281312097930264,0.16346646698567377,
lewidi_convabuse,llama,16,LP-temp,3,64,0.40836589426621217,0.1344071878141819,0.23764002695629927,0.402777690031337,0.8666666666666667,0.8416666666666667,0.4513555566991433,,0.15848362416149478,,0.1584836241614948,,0.1539891877252844,,0.15910636200728345,,0.1539891876153039,,0.15910636158744926,,0.157128364996764,,
lewidi_convabuse,llama,16,GPP-cosine,3,256,0.516451158397851,0.15962889194593669,0.2596824461635716,0.35671659449080706,0.7535714285714286,0.7452380952380953,0.379102498292923,0.005037869792431593,0.0808304233249684,0.06343920641973973,0.0808304233249684,0.06343920641973974,0.07009337619127712,0.03907134346679012,0.07925521939613193,0.057996682233614066,0.07009337643871875,0.03907134443455387,0.07925521963101431,0.057996682819023634,0.07156427855285388,0.11426455587668426,
lewidi_convabuse,llama,16,GPP-rbf,3,256,0.3770731739021188,0.10312949658930372,0.1751926680253486,0.264345657923402,0.8666666666666667,0.844047619047619,0.21460655331611633,0.058351099491119385,0.18898689644795377,0.1577645549645993,0.1889868964479538,0.15776455496459935,0.18477585450008738,0.15658474562022373,0.18913391125022844,0.15832371836697612,0.18477585477388986,0.15658474553854046,0.18913391152032372,0.1583237181109644,0.1949699381438462,0.1803372493542898,
lewidi_convabuse,llama,16,GPP-laplace,3,256,0.42827623583844837,0.14286075837173923,0.2504845792882233,0.40124755969269366,0.8488095238095238,0.8238095238095238,0.28718331456184387,0.15969210863113403,0.1266507378494216,0.12055761325688552,0.1266507378494216,0.12055761325688555,0.1260917045150246,0.11953349994831945,0.12731745789002435,0.121052521003063,0.1260917042595327,0.1195334997044788,0.12731745740722544,0.12105252050822,0.09833817445186373,0.08918254984059298,
lewidi_convabuse,llama,16,LPE,3,256,0.46408809028717113,0.09692106691114041,0.1504446092782473,0.17552998559947486,0.8666666666666667,0.844047619047619,0.11245574802160263,0.04508720710873604,0.199508927347718,0.15825403792455872,0.19950892734771802,0.15825403792455872,0.1891204088655565,0.15573856888590262,0.19861756827623417,0.1586944985277603,0.1891204095284102,0.15573856902066593,0.19861756915639472,0.15869449861964258,0.20439376158113867,0.21053758277274426,
lewidi_convabuse,llama,16,LP-temp,3,256,0.3658527281293178,0.0983294058220619,0.16898025760256336,0.26759518965598966,0.875,0.8523809523809524,0.2793528818661199,,0.19106989868331214,,0.19106989868331214,,0.18316280139975188,,0.1901214591526294,,0.18316280212688968,,0.19012146007531228,,0.17826624193556895,,
lewidi_convabuse,llama,16,GPP-cosine,3,1024,0.38335748691458543,0.11787056219683226,0.2076778703620506,0.34049383181024084,0.8654761904761905,0.85,0.38040757179260254,0.00298707140609622,0.19117945243091106,0.09957605969066446,0.19117945243091106,0.09957605969066448,0.1870741473998907,0.0831255231265698,0.1913806204576541,0.09705777865840985,0.1870741474262655,0.08312552346106733,0.19138062047106,0.09705777879518171,0.19502870272738218,0.20254080527590168,
lewidi_convabuse,llama,16,GPP-rbf,3,1024,0.2859825524506805,0.0720695851956393,0.13121275320466208,0.21094658139557756,0.8940476190476191,0.8738095238095238,0.19508107006549835,0.03738971799612045,0.34600046198629736,0.280581773742881,0.3460004619862974,0.280581773742881,0.33981669905414635,0.2777255825924042,0.34643577617813665,0.28148639302850453,0.33981669922822155,0.27772558233299083,0.3464357761809423,0.2814863924674944,0.31637023923894575,0.29364708516289145,
lewidi_convabuse,llama,16,GPP-laplace,3,1024,0.3974056427525565,0.12545935388450236,0.2193074545229874,0.3480867395937155,0.8476190476190476,0.8226190476190476,0.24592533707618713,0.1336672604084015,0.1682621274235218,0.1607567522195061,0.16826212742352184,0.16075675221950614,0.1689949886550546,0.16068604979151402,0.16935827619748467,0.16161963988313083,0.16899498860120554,0.1606860497217011,0.16935827588674582,0.16161963954345138,0.16586038920747034,0.15495103468038968,
lewidi_convabuse,llama,16,LPE,3,1024,0.33656721320946387,0.07054963340221426,0.12125327781043413,0.1659834393775085,0.8976190476190476,0.8845238095238095,0.08518475294113159,0.08558351546525955,0.3092759593498257,0.28389895151178635,0.30927595934982577,0.28389895151178635,0.29825300357133266,0.2743538578173519,0.30869684550888077,0.2837704542091806,0.29825300412661493,0.27435385806356954,0.30869684615886905,0.28377045451306554,0.30396293447898654,0.30142167373015577,
lewidi_convabuse,llama,16,LP-temp,3,1024,0.3322896730542384,0.08665074024721507,0.15301059083461122,0.24004075803102323,0.8809523809523809,0.875,0.2580445399813586,,0.24822732747643755,,0.2482273274764376,,0.24037308056968432,,0.24767440837196938,,0.2403730813913269,,0.2476744095782809,,0.24449780535981125,,
lewidi_convabuse,llama,16,GPP-cosine,4,16,0.8220785534309764,0.24733334978314248,0.3459469522835986,0.3128315549614055,0.6452380952380953,0.6345238095238095,0.2859344482421875,0.016600172966718674,-0.04490070267758506,-0.02738963034964035,-0.04490070267758507,-0.027389630349640363,-0.051280087403188415,-0.03674596458912616,-0.04558789883542878,-0.028636175947356807,-0.051280087865978013,-0.03674596471173069,-0.04558789967914811,-0.0286361763438997,-0.05269495369672617,0.04694832407419703,
lewidi_convabuse,llama,16,GPP-rbf,4,16,0.44597084717483354,0.15466255613808377,0.27391313376747783,0.4516595490744589,0.8464285714285714,0.8214285714285714,0.3644872009754181,0.14189612865447998,0.07304601071287,0.0993548110534767,0.07304601071287001,0.09935481105347671,0.07483245672671501,0.102661664416812,0.07329710096734274,0.10020565597495754,0.07483245693080601,0.10266166433264794,0.07329710154363335,0.10020565586539851,0.09264904529101543,0.08603961833690163,
lewidi_convabuse,llama,16,GPP-laplace,4,16,0.6009514763944088,0.23356109615388476,0.4001630101929463,0.5913448745140462,0.8369047619047619,0.8119047619047619,0.4308076500892639,0.24603718519210815,0.09505972775564997,0.08103422542191244,0.09505972775565,0.08103422542191244,0.09357327505370397,0.08060338870582044,0.09528503680903636,0.0809676152485318,0.0935732750621816,0.08060338867877058,0.09528503688830749,0.08096761507502154,0.1010830276619196,0.055315666492408266,
lewidi_convabuse,llama,16,LPE,4,16,0.5014458365462378,0.14022055424058583,0.21951265712462675,0.29510013320569756,0.830952380952381,0.805952380952381,0.21813586354255676,0.07052675634622574,0.0626904621322166,-0.03467657869465831,0.06269046213221662,-0.03467657869465832,0.06541467988290166,-0.032746751877218386,0.06287390105776768,-0.034783691196341976,0.06541468030185266,-0.03274675163505061,0.06287390205856118,-0.034783690520213545,0.06542360164880606,0.018048380207584654,
lewidi_convabuse,llama,16,LP-temp,4,16,0.46713465940414706,0.16446024028449724,0.28939640207009143,0.4686010216900314,0.8285714285714286,0.8035714285714286,0.5256972249132468,,0.05745975399441064,,0.057459753994410626,,0.05838463615720729,,0.05737993084365253,,0.058384636565247956,,0.057379931725147,,0.05821798749544651,,
lewidi_convabuse,llama,16,GPP-cosine,4,64,0.7506635162022733,0.2145509015867333,0.30832821022699886,0.3028874049779671,0.6738095238095239,0.6630952380952381,0.2856409251689911,0.006530575919896364,-0.01712285100571633,-0.00856654459624442,-0.01712285100571634,-0.008566544596244426,-0.023518607856708132,-0.020714885253683053,-0.017799691455497896,-0.010565058728082045,-0.023518608191126812,-0.020714885139569365,-0.01779969208078427,-0.010565058982243893,-0.01304560088316314,0.03806815883361936,
lewidi_convabuse,llama,16,GPP-rbf,4,64,0.43918833819672354,0.1347040648393301,0.22622137464849013,0.34126065347183554,0.8476190476190476,0.8226190476190476,0.26572385430336,0.09458690136671066,0.09491693347320429,0.08354913522265967,0.0949169334732043,0.08354913522265969,0.09157661496402689,0.08312402391816842,0.09472005283131926,0.08403367030410078,0.09157661473016702,0.08312402356774085,0.09472005250794162,0.08403366974330743,0.09297694825060059,0.08445910728070061,
lewidi_convabuse,llama,16,GPP-laplace,4,64,0.4828360252509007,0.17860331146560152,0.3159487143491528,0.5111879242268443,0.8464285714285714,0.8214285714285714,0.3753341734409332,0.21289081871509552,0.12652412240586963,0.11579626443551955,0.12652412240586966,0.11579626443551957,0.12601716612332742,0.1149628125420383,0.12697814693530163,0.11606156015274047,0.1260171659578635,0.11496281236977642,0.12697814662001472,0.11606155977331886,0.08090255168946374,0.06019032507855582,
lewidi_convabuse,llama,16,LPE,4,64,0.6462047596418997,0.13421228043842096,0.18372879328103625,0.17844839169531643,0.844047619047619,0.819047619047619,0.1100952997803688,0.02092352882027626,0.03441394509445762,0.0364662127212954,0.03441394509445762,0.03646621272129541,0.02993017997949782,0.030738630111007227,0.03352392192981676,0.03530829645944997,0.029930179852550566,0.030738629814783078,0.03352392174615293,0.035308295978543625,0.07641322791368778,0.08041403692336546,
lewidi_convabuse,llama,16,LP-temp,4,64,0.45538496043290794,0.1386695955618062,0.23194513296283428,0.3507049044478772,0.8345238095238096,0.8119047619047619,0.368212352588801,,0.05506329229421468,,0.055063292294214694,,0.04985936009477724,,0.05410041649671784,,0.04985936018690301,,0.05410041671771103,,0.06683497661733567,,
lewidi_convabuse,llama,16,GPP-cosine,4,256,0.4285735582996219,0.1436380228021736,0.25153188781638,0.409342853385355,0.8333333333333334,0.8178571428571428,0.461128830909729,0.007273755967617035,0.16429109287879629,0.06553198238446752,0.1642910928787963,0.0655319823844675,0.1629909796947936,0.05196114045155566,0.1643897628377858,0.06269919592719524,0.16299097954497233,0.05196114074106874,0.1643897626015276,0.0626991958709493,0.18136641537164677,0.19466622925335608,
lewidi_convabuse,llama,16,GPP-rbf,4,256,0.3639340690613699,0.10795746256236526,0.19047910383835967,0.3099130658560548,0.8726190476190476,0.8476190476190476,0.26100948452949524,0.07150634378194809,0.16490885914440429,0.13314704548472198,0.1649088591444043,0.133147045484722,0.15152503359105907,0.12548404895998663,0.16384393052958088,0.13279795856092785,0.1515250338790037,0.12548404891488785,0.16384393037822786,0.13279795804264755,0.15701725893533436,0.14540700008776505,
lewidi_convabuse,llama,16,GPP-laplace,4,256,0.4303963118947579,0.14697654659093515,0.259987810108855,0.4206496164852459,0.8464285714285714,0.8214285714285714,0.3036932349205017,0.16878661513328552,0.12294750884324172,0.11711930236548991,0.12294750884324174,0.11711930236548994,0.12162701358517826,0.11536901523009602,0.12343431903771779,0.11742083148689514,0.1216270134662133,0.11536901511155856,0.12343431869303681,0.11742083111691085,0.08671008123650038,0.07557894165475472,
lewidi_convabuse,llama,16,LPE,4,256,0.40481640868873636,0.09934013617044159,0.16359988959010308,0.22650837874725424,0.8678571428571429,0.8476190476190476,0.16020965576171875,0.06796740740537643,0.17937789373654825,0.1618264525043065,0.17937789373654828,0.16182645250430655,0.16227504208303667,0.14483389113006068,0.17761576041346985,0.16031099399631057,0.16227504252207728,0.14483389127569615,0.17761576045715396,0.16031099368372967,0.16592465442934895,0.1792112926013762,
lewidi_convabuse,llama,16,LP-temp,4,256,0.3924179700635817,0.12278593611406143,0.2145546478553255,0.35723221494971225,0.8607142857142858,0.8404761904761905,0.3879443044669084,,0.12154998066517057,,0.12154998066517061,,0.10775966906719536,,0.11966609190315725,,0.10775966942555801,,0.11966609194617692,,0.11927428729295261,,
lewidi_convabuse,llama,16,GPP-cosine,4,1024,0.37222795571515993,0.1204623772354448,0.21533004878637685,0.36476328211448134,0.861904761904762,0.844047619047619,0.4085741341114044,0.0031218051444739103,0.17589910717581775,0.07893081163907366,0.17589910717581775,0.07893081163907367,0.1717889510523019,0.06502731463921571,0.17589435336724027,0.07648072759320629,0.17178895109827585,0.06502731482570646,0.17589435350617386,0.07648072760244493,0.180448987476647,0.19060207545675878,
lewidi_convabuse,llama,16,GPP-rbf,4,1024,0.2888228869648625,0.07240432640294082,0.12986205488629085,0.21331140126918288,0.8892857142857142,0.8761904761904762,0.19996079802513123,0.03766092285513878,0.35747092457649454,0.3004873844625874,0.35747092457649454,0.3004873844625875,0.34561182088465475,0.2923750079841301,0.35692895966968397,0.30061644773712914,0.3456118210935249,0.29237500782347786,0.3569289596138492,0.30061644720672154,0.3133282666563874,0.29642767492780914,
lewidi_convabuse,llama,16,GPP-laplace,4,1024,0.39434525782451013,0.12519019147471944,0.21992810076501754,0.3521121463419173,0.8488095238095238,0.8238095238095238,0.2502647638320923,0.13598142564296722,0.17403613193696008,0.16768464079337927,0.1740361319369601,0.16768464079337933,0.16954614252095315,0.16275605923436975,0.17468226908586476,0.1681392935442881,0.16954614227407735,0.1627560590096554,0.17468226851272828,0.1681392929910308,0.17450477902470593,0.16481680536787374,
lewidi_convabuse,llama,16,LPE,4,1024,0.36394639208197793,0.07485313745224008,0.1261194051839545,0.17219465788164368,0.8869047619047619,0.8809523809523809,0.08459220826625824,0.09758417308330536,0.31845857508172504,0.30723974668473775,0.31845857508172504,0.30723974668473786,0.304742507133909,0.2979117320718728,0.31710196414147296,0.30674299014125317,0.3047425078123881,0.29791173221650613,0.3171019647039086,0.3067429900718325,0.29072798864119764,0.291101673311212,
lewidi_convabuse,llama,16,LP-temp,4,1024,0.3702322999116935,0.10398782406885007,0.17958918723300532,0.2902418763999719,0.8642857142857143,0.8607142857142858,0.323027654452907,,0.24582226378591104,,0.2458222637859111,,0.23555770032017617,,0.24486418807238947,,0.23555770054262187,,0.2448641882498389,,0.23486914293380373,,
lewidi_convabuse,llama,32,GPP-cosine,0,16,0.7181129742872832,0.21041950143242596,0.3144629651410815,0.3556271067555847,0.6952380952380952,0.6821428571428572,0.3260376751422882,0.0272989459335804,-0.061002668867027425,-0.05619566071856677,-0.06100266886702742,-0.056195660718566784,-0.062121275057295644,-0.06061883482887899,-0.06073215497237744,-0.05679700601115897,-0.06212127568173285,-0.06061883500335451,-0.06073215587744713,-0.05679700636327333,-0.06465691174366715,-0.022395900373482647,
lewidi_convabuse,llama,32,GPP-rbf,0,16,0.4824512254284198,0.1312070036864171,0.20333763207087205,0.2742581584061583,0.8464285714285714,0.8214285714285714,0.22695185244083405,0.03630107641220093,0.10470508912879593,0.06499121353455356,0.10470508912879595,0.06499121353455356,0.10630814927722677,0.06657334072411139,0.10522463134186874,0.06558839835651778,0.10630814919722997,0.06657334047793476,0.10522463100018518,0.06558839780381637,0.116489982624365,0.09097813243944455,
lewidi_convabuse,llama,32,GPP-laplace,0,16,0.5670742923659354,0.2189097981155671,0.37981176603408084,0.5809390197519262,0.8464285714285714,0.8214285714285714,0.4229086637496948,0.24272307753562927,0.1241574288635709,0.08777796014447542,0.1241574288635709,0.08777796014447546,0.12306616599264154,0.08803111588447433,0.12465453544305719,0.08791523249316562,0.12306616581564586,0.08803111569389652,0.1246545352128843,0.08791523202617621,0.1080303333770001,0.05595650766206692,
lewidi_convabuse,llama,32,LPE,0,16,0.7443716835198959,0.13441601301409645,0.1703949643667632,0.12733794413630625,0.8476190476190476,0.8226190476190476,0.05672409385442734,0.005121774971485138,0.11652480284294614,0.03220352380779495,0.11652480284294615,0.03220352380779495,0.11296897519668603,0.030714799848710898,0.11650204846966188,0.03219294316766487,0.11296897512133984,0.030714799794917615,0.11650204814626375,0.032192942984213734,0.0830602197861724,0.08423209491133737,
lewidi_convabuse,llama,32,LP-temp,0,16,0.43829725725957513,0.13867266567221945,0.23768203089992682,0.3820222547923644,0.8476190476190476,0.8226190476190476,0.40928037109239923,,0.08326641349231878,,0.0832664134923188,,0.08658188222865751,,0.08357962394621374,,0.08658188236400811,,0.08357962394093799,,0.06267037841377923,,
lewidi_convabuse,llama,32,GPP-cosine,0,64,0.5785691685866932,0.16798951838674275,0.26151653879649617,0.32193138614218664,0.7547619047619047,0.7416666666666667,0.32104596495628357,0.01163267157971859,0.048233179198412274,0.10005076433387294,0.04823317919841228,0.10005076433387294,0.04137431749418884,0.08052602840035662,0.04794464362351665,0.09769562861226172,0.04137431701570167,0.08052602829297467,0.04794464295809432,0.09769562816714503,0.04888548832082361,0.12001711262739392,
lewidi_convabuse,llama,32,GPP-rbf,0,64,0.4134145770724006,0.12922964978215246,0.22334347982957428,0.3600231822232422,0.8535714285714285,0.8285714285714286,0.29195907711982727,0.09664014726877213,0.11695867167983257,0.09954949772550267,0.1169586716798326,0.0995494977255027,0.110558018244108,0.09553029026616562,0.11715067733062778,0.09982396294836528,0.11055801803304283,0.09553028996721316,0.11715067697925884,0.09982396240996277,0.11388545540360975,0.10133638108587002,
lewidi_convabuse,llama,32,GPP-laplace,0,64,0.4729574951806723,0.1731558745572197,0.3074887840210327,0.5029990947966516,0.8476190476190476,0.8226190476190476,0.36730819940567017,0.20811030268669128,0.11081606411103567,0.10067218143385721,0.1108160641110357,0.10067218143385721,0.1062273884868275,0.09580649313742483,0.11065379826802679,0.10030469182888813,0.10622738836721457,0.09580649302556561,0.11065379803027672,0.10030469153564986,0.07686735514878086,0.06300888974731086,
lewidi_convabuse,llama,32,LPE,0,64,0.5023689631668903,0.11671728603873001,0.17353910655462337,0.20226963662319752,0.8547619047619047,0.8297619047619048,0.14708027243614197,0.03098195791244507,0.1506211797767583,0.07972711993214232,0.15062117977675832,0.07972711993214233,0.14480801483322314,0.07516648672216072,0.15121150219000967,0.08018496952733964,0.14480801463096632,0.07516648662186301,0.1512115019202226,0.08018496938605074,0.122834549836116,0.14020138045377778,
lewidi_convabuse,llama,32,LP-temp,0,64,0.40756452769784746,0.13419222536033282,0.23755969009644798,0.40595826443448063,0.8595238095238096,0.8369047619047619,0.45034886792853307,,0.12914080836502798,,0.129140808365028,,0.12422387971780988,,0.12962725522890767,,0.12422387963796558,,0.1296272552485343,,0.11733503895353782,,
lewidi_convabuse,llama,32,GPP-cosine,0,256,0.41235597331460155,0.11817550355359543,0.20151945634091972,0.30789335813907126,0.8511904761904762,0.8333333333333334,0.32989996671676636,0.009894225746393204,0.1898011820466916,0.12848376546495488,0.1898011820466916,0.12848376546495488,0.19231717340112195,0.12023932525232597,0.1911972806453281,0.1281163478766149,0.19231717300411516,0.12023932505285576,0.19119728013487092,0.12811634742188505,0.18823637100701265,0.2266086714875104,
lewidi_convabuse,llama,32,GPP-rbf,0,256,0.39808149416914623,0.11014065495494739,0.18358136950756446,0.2642954356696704,0.8583333333333333,0.8333333333333334,0.21563182771205902,0.05971292778849602,0.20581096849509267,0.1654768114198812,0.20581096849509273,0.1654768114198812,0.1996814248367158,0.1620495560803853,0.20550795331256883,0.16566482844083105,0.1996814247097506,0.16204955570613727,0.2055079530300735,0.16566482778354263,0.21541516171967645,0.19956895011464673,
lewidi_convabuse,llama,32,GPP-laplace,0,256,0.4348347369519786,0.14282735310355432,0.2474640225426161,0.38961842179329914,0.8464285714285714,0.8214285714285714,0.2768731713294983,0.15359610319137573,0.12214207648465711,0.1167406139222755,0.12214207648465714,0.11674061392227553,0.11977434160732435,0.11403495639044725,0.12230748387694355,0.11672796208013696,0.11977434132602657,0.11403495612679793,0.12230748334859293,0.11672796154818818,0.10147724525907863,0.09436456114479921,
lewidi_convabuse,llama,32,LPE,0,256,0.4786863466880147,0.1038589058396334,0.15977685946346393,0.18294855230985188,0.8607142857142858,0.8357142857142857,0.11522164195775986,0.05213138833642006,0.1862025273588248,0.18568892618942762,0.1862025273588248,0.18568892618942762,0.1770701800909193,0.17519940973947398,0.18520047756186742,0.18478495618403556,0.17707018008464864,0.17519940950412916,0.1852004774652683,0.18478495569097245,0.2158668802901537,0.24074001523541927,
lewidi_convabuse,llama,32,LP-temp,0,256,0.38551001788705996,0.11966319093316606,0.21041145796742727,0.35014014798376525,0.8642857142857143,0.8488095238095238,0.3895583843727417,,0.19151968410113904,,0.19151968410113906,,0.18540127277377622,,0.19089832270090384,,0.18540127293794217,,0.19089832287045003,,0.1871623286637984,,
lewidi_convabuse,llama,32,GPP-cosine,0,1024,0.35920364918486536,0.107574659915893,0.18990871296515077,0.3139012052508893,0.8571428571428571,0.8511904761904762,0.35124126076698303,0.004823389463126659,0.22785137060662863,0.1104378431501317,0.22785137060662866,0.1104378431501317,0.2269588259428516,0.10108348332728553,0.22878787585327787,0.1095127517418969,0.22695882586918367,0.10108348365270561,0.22878787588203459,0.10951275210625094,0.231487890294964,0.23276743785327644,
lewidi_convabuse,llama,32,GPP-rbf,0,1024,0.2889248814714746,0.07622508503724161,0.1380906393768133,0.22251317842923746,0.8928571428571429,0.875,0.20814400911331177,0.03816180303692818,0.33158830964648545,0.28733683912861285,0.3315883096464855,0.28733683912861285,0.31958516263506753,0.27660541562358465,0.3299150347839566,0.2859916021336004,0.31958516330147146,0.2766054157965129,0.329915035456815,0.2859916020872341,0.3262609677917048,0.301847836539886,
lewidi_convabuse,llama,32,GPP-laplace,0,1024,0.39365914499024734,0.12595441830265497,0.22214606113875995,0.3578629834524088,0.85,0.825,0.25678780674934387,0.13925497233867645,0.19065990841345737,0.1802866363340455,0.19065990841345737,0.18028663633404554,0.18506268221667727,0.1742720914775386,0.1904738490279328,0.17991375678674154,0.1850626824256438,0.17427209163219773,0.19047384911082177,0.17991375677721683,0.19022039317591807,0.1787372639884286,
lewidi_convabuse,llama,32,LPE,0,1024,0.31603817285335584,0.07428380840266348,0.13022390123678923,0.19038612591257617,0.9,0.8892857142857142,0.09013917297124863,0.11394178867340088,0.27926837356169887,0.29396742216015215,0.2792683735616989,0.29396742216015215,0.27232336115293976,0.2902931768446275,0.2787019308891761,0.2941803681823692,0.2723233616664525,0.29029317736387694,0.27870193138234955,0.29418036870966247,0.28849894890785727,0.30096935726420654,
lewidi_convabuse,llama,32,LP-temp,0,1024,0.3486059018443116,0.10514781490603849,0.1867776533013713,0.32028832039674227,0.8785714285714286,0.8726190476190476,0.35607747289222597,,0.20303618675561164,,0.2030361867556117,,0.2047003937856933,,0.20371818480788514,,0.20470039408720386,,0.2037181851618047,,0.20208463802000273,,
lewidi_convabuse,llama,32,GPP-cosine,1,64,0.49637767689286344,0.1453310396735155,0.23488011041871568,0.3171366614507871,0.7833333333333333,0.7702380952380953,0.3224065899848938,0.013377413153648376,0.09497309084645342,0.1492024751287465,0.09497309084645343,0.14920247512874651,0.08971947512588493,0.12847679230388603,0.09473990582667709,0.14624756914512724,0.08971947478198188,0.12847679226449754,0.09473990507896361,0.14624756852360915,0.09233417645272037,0.16946108742500698,
lewidi_convabuse,llama,32,GPP-rbf,1,64,0.43505284171590264,0.127198503129975,0.2108097863344786,0.3140847072123032,0.8488095238095238,0.8238095238095238,0.24157045781612396,0.07955962419509888,0.07039015503000372,0.06571610728046028,0.07039015503000373,0.06571610728046029,0.06339163988885477,0.06022895641183466,0.06987893583568072,0.06540691319448325,0.06339163932905688,0.0602289558599475,0.06987893470387171,0.06540691209302595,0.07365327408391875,0.07248133062784266,
lewidi_convabuse,llama,32,GPP-laplace,1,64,0.4642026802759736,0.16730591650927595,0.2964702978752376,0.4827140011320447,0.8464285714285714,0.8214285714285714,0.35180503129959106,0.19886115193367004,0.11394028458795058,0.1035459831941777,0.11394028458795062,0.10354598319417771,0.10987268539079979,0.0992821512176687,0.11390369093932351,0.10334520874922032,0.10987268518236781,0.09928215102194317,0.11390369052635083,0.10334520830298154,0.07579616562110454,0.060268325118614643,
lewidi_convabuse,llama,32,LPE,1,64,0.6137309061169296,0.12441312169099221,0.1721305079429017,0.1647087715245954,0.8476190476190476,0.8226190476190476,0.09745895862579346,0.017329176887869835,0.06047695981362118,0.040500195575852424,0.06047695981362117,0.040500195575852424,0.05665936553891021,0.0376415623762137,0.0602920942709449,0.0405307147910508,0.05665936501249343,0.03764156198249087,0.060292093290247595,0.040530714106212444,0.05679433004564877,0.07191971886960763,
lewidi_convabuse,llama,32,LP-temp,1,64,0.42045139063761816,0.13990834803811059,0.24889724298841193,0.4219244134280089,0.8488095238095238,0.8238095238095238,0.46277225933257926,,0.0519169564432726,,0.05191695644327261,,0.04528863356104487,,0.05118117740371399,,0.0452886331112903,,0.05118117645337991,,0.056850890957302155,,
lewidi_convabuse,llama,32,GPP-cosine,1,256,0.38296172456280714,0.11407599118527843,0.19942171619243146,0.327949837141703,0.8642857142857143,0.844047619047619,0.3591711223125458,0.009943771176040173,0.2064465369817909,0.16000907021602076,0.206446536981791,0.1600090702160208,0.20532384604892415,0.1399580243995675,0.20708802677410923,0.15668731422387278,0.20532384589793726,0.1399580249406066,0.20708802636834664,0.15668731420839355,0.20851353470702114,0.22957257485715793,
lewidi_convabuse,llama,32,GPP-rbf,1,256,0.36492829257710785,0.10296669451965733,0.17857609628755156,0.28183172211203633,0.8726190476190476,0.8476190476190476,0.2341102659702301,0.06305795162916183,0.19671144802507806,0.16102191728468235,0.19671144802507812,0.16102191728468235,0.1869848702948788,0.15234332904951453,0.19566945945723122,0.16030650576527453,0.18698487006717876,0.1523433287748897,0.1956694587180572,0.16030650497089788,0.18396544990580277,0.18059888841284702,
lewidi_convabuse,llama,32,GPP-laplace,1,256,0.4296546594589533,0.14229170522783036,0.24829851849825077,0.3952904429395322,0.8464285714285714,0.8214285714285714,0.2821657657623291,0.15650787949562073,0.12883583936805793,0.12177048477796378,0.12883583936805793,0.12177048477796379,0.12499904652165514,0.11747346456716448,0.12884851663201216,0.1216245947693961,0.12499904630081131,0.11747346437733558,0.12884851616990423,0.12162459431948117,0.10237335390981885,0.09518495914605356,
lewidi_convabuse,llama,32,LPE,1,256,0.4132254684803492,0.09376462180710028,0.1501186343312795,0.19551192761530814,0.8797619047619047,0.8571428571428571,0.13292169570922852,0.053243592381477356,0.19439199501907692,0.20420697687992,0.19439199501907692,0.20420697687992004,0.18640178365312315,0.19282350317694966,0.1933470676308366,0.20310109471540747,0.18640178358004186,0.19282350292125539,0.1933470671200893,0.20310109380929872,0.17509908712389674,0.20242777877276058,
lewidi_convabuse,llama,32,LP-temp,1,256,0.3625272322890363,0.10801827798382418,0.19095801603824197,0.328967174037566,0.8738095238095238,0.8559523809523809,0.35480685339529877,,0.14583570238937493,,0.14583570238937496,,0.13665426303271855,,0.14407348768263445,,0.13665426318212637,,0.14407348751929364,,0.13901385754997359,,
lewidi_convabuse,llama,32,GPP-cosine,1,1024,0.34889849094232483,0.10332553924172323,0.18382740186959728,0.30525326195193003,0.8738095238095238,0.8535714285714285,0.33916640281677246,0.004653857089579105,0.23094883408637293,0.13089198729494125,0.23094883408637296,0.13089198729494128,0.22721809654321176,0.11565736883955124,0.23087264221697368,0.12820541714819672,0.22721809659942374,0.11565736931265283,0.23087264216769504,0.12820541735224114,0.2327374747487642,0.21364315328515038,
lewidi_convabuse,llama,32,GPP-rbf,1,1024,0.30501795007269267,0.07670414405276922,0.13499413804202048,0.21195576601606128,0.8928571428571429,0.8726190476190476,0.19593484699726105,0.034123342484235764,0.3320427200638591,0.28694456564340676,0.33204272006385915,0.28694456564340676,0.3174215016260796,0.27365566725707857,0.33061111777906776,0.2858061725456373,0.3174215017366921,0.2736556670788876,0.3306111175178365,0.28580617187965807,0.31365196726494066,0.2963915620412989,
lewidi_convabuse,llama,32,GPP-laplace,1,1024,0.40170910236479085,0.12533404440297288,0.21717042329200056,0.3406452163921586,0.8476190476190476,0.8226190476190476,0.23934288322925568,0.12920261919498444,0.1668947834924802,0.15875484975105897,0.1668947834924802,0.158754849751059,0.16245989152387164,0.1536509354986128,0.1668836937264489,0.15854455195195138,0.16245989134659328,0.15365093535015367,0.16688369321421992,0.15854455146819815,0.1670691801073508,0.15483280512147907,
lewidi_convabuse,llama,32,LPE,1,1024,0.3501998843217177,0.07569023679755614,0.13132533507360722,0.19021722204635336,0.8916666666666667,0.8833333333333333,0.08845935761928558,0.11088919639587402,0.28882391538009455,0.2520178955546777,0.28882391538009455,0.25201789555467774,0.27014012627464046,0.2387825142563415,0.28627410404277526,0.25055106056973664,0.270140126685225,0.23878251428951347,0.28627410424476285,0.2505510602192502,0.27650810396825365,0.2644222619795095,
lewidi_convabuse,llama,32,LP-temp,1,1024,0.3595838367057786,0.11015512827790808,0.19747132853129795,0.3382190636354858,0.8726190476190476,0.8642857142857143,0.3813905193069883,,0.2187370668259547,,0.21873706682595473,,0.20327558385636318,,0.21634703377588316,,0.2032755842993233,,0.21634703419089432,,0.21991755378219807,,
lewidi_convabuse,llama,32,GPP-cosine,2,16,0.5768162736259251,0.20583848274394723,0.344533906975786,0.49593108123916163,0.7166666666666667,0.6988095238095238,0.5050276517868042,0.043520282953977585,-0.03759764407608426,-0.018173306874143293,-0.03759764407608426,-0.0181733068741433,-0.03441757444015741,-0.0275565410498479,-0.03755486065005921,-0.020459402840135935,-0.034417574602159794,-0.027556540766360552,-0.0375548607494268,-0.020459402866961057,-0.01835646720295419,0.035064400105199345,
lewidi_convabuse,llama,32,GPP-rbf,2,16,0.45785000323678077,0.16209523938335327,0.28674013362532214,0.4727281291838358,0.844047619047619,0.8214285714285714,0.3865225315093994,0.1470341682434082,0.09350242777426096,0.0663052283782487,0.09350242777426096,0.06630522837824872,0.09686259588688093,0.0668399989487984,0.0936533009653594,0.06621971028216933,0.09686259604946476,0.06683999898325527,0.09365330114818415,0.06621971013553671,0.09505224343399224,0.057629641268248155,
lewidi_convabuse,llama,32,GPP-laplace,2,16,0.6028784503612573,0.23454852439367038,0.40148302063434604,0.5921001498666845,0.8464285714285714,0.8214285714285714,0.43107834458351135,0.24634352326393127,0.07143335564841069,0.049844575936228014,0.0714333556484107,0.04984457593622802,0.07118683743485779,0.050839902715635016,0.07155123361830994,0.04974868824253419,0.07118683748264723,0.050839902753266004,0.07155123373170347,0.04974868819662376,0.10053099931117057,0.032285535518306215,
lewidi_convabuse,llama,32,LPE,2,16,0.4734885842775928,0.13476355895791559,0.21538876729263437,0.30478158137775996,0.8416666666666667,0.819047619047619,0.2579822540283203,0.051081929355859756,0.06687884991065604,0.10341958434279122,0.06687884991065605,0.10341958434279122,0.0629027716752951,0.10280414972278329,0.06594056013678176,0.10339868585219758,0.06290277195128927,0.10280414976884626,0.06594056048296337,0.10339868592385029,0.06721998713586291,0.08217666694034466,
lewidi_convabuse,llama,32,LP-temp,2,16,0.47145447771996873,0.16954704936336226,0.3000672089432954,0.49252038409804094,0.8357142857142857,0.8130952380952381,0.5569429344455039,,0.06715083555609933,,0.06715083555609933,,0.06392752396382181,,0.06626041236280522,,0.06392752423342102,,0.06626041267136304,,0.07496890036328581,,
lewidi_convabuse,llama,32,GPP-cosine,2,64,0.5954062532874204,0.182749304076526,0.29175488831217467,0.38256230944103087,0.75,0.7440476190476191,0.3952782154083252,0.017915524542331696,0.045865740145231676,0.0928955958912348,0.04586574014523169,0.09289559589123482,0.04414667408011525,0.07832159404404136,0.04566714324510615,0.09006425710573127,0.044146674035771105,0.07832159470657547,0.04566714343615946,0.0900642575470123,0.04078721622773379,0.12040032945950507,
lewidi_convabuse,llama,32,GPP-rbf,2,64,0.43967948502409193,0.13378918275336155,0.2235660533481721,0.3332995577412611,0.8416666666666667,0.8166666666666667,0.26154130697250366,0.09003444761037827,0.10437312766962,0.0894252449109402,0.10437312766962,0.08942524491094023,0.0971471152063935,0.08325501710991035,0.10390084797453904,0.08914737647718805,0.09714711484199011,0.08325501669611206,0.10390084740086337,0.08914737576591233,0.10262692992086767,0.09236531826544887,
lewidi_convabuse,llama,32,GPP-laplace,2,64,0.4716403917922611,0.1711672660798107,0.3024084468771304,0.4895114715868941,0.8452380952380952,0.8202380952380952,0.3576982915401459,0.20233577489852905,0.117276616868326,0.10724514708629784,0.11727661686832601,0.10724514708629787,0.11206878180618679,0.10139831917133431,0.11703387874052511,0.10678069062382566,0.11206878166400247,0.1013983190395566,0.11703387845906899,0.1067806903030738,0.08301520679849295,0.06860638715638971,
lewidi_convabuse,llama,32,LPE,2,64,0.6064325562464101,0.13010883454300443,0.18025890347843024,0.17424886389023553,0.8345238095238096,0.8119047619047619,0.1103806272149086,0.023058414459228516,0.11028749849123401,0.04867406025887091,0.11028749849123404,0.04867406025887091,0.09605100354005648,0.047007071399199005,0.10897412272796522,0.04880026069303634,0.09605100308518871,0.04700707107668759,0.10897412197114663,0.048800260160206374,0.09519987236739859,0.09424332502580074,
lewidi_convabuse,llama,32,LP-temp,2,64,0.44001547938518604,0.15145639760056046,0.2680193919297637,0.4445681070890145,0.8357142857142857,0.8130952380952381,0.4968234687798999,,0.09512329459455243,,0.09512329459455243,,0.08125854432993299,,0.09354305282197667,,0.08125854405052972,,0.09354305243114458,,0.09846926730478671,,
lewidi_convabuse,llama,32,GPP-cosine,2,256,0.4273995173993745,0.12909745955024501,0.21681784072177812,0.3159444239169601,0.8464285714285714,0.8380952380952381,0.33445653319358826,0.009996643289923668,0.15281129951687533,0.1071545456646709,0.15281129951687533,0.10715454566467095,0.15305753176308234,0.09682065926929144,0.15313662344323478,0.10510242640516435,0.1530575320231149,0.09682066004196208,0.15313662370394637,0.10510242696898928,0.15235201722896147,0.1814222246432782,
lewidi_convabuse,llama,32,GPP-rbf,2,256,0.3772888471719837,0.1096722740736757,0.18843359352017397,0.29341331801159304,0.8702380952380953,0.8476190476190476,0.2508596181869507,0.06872246414422989,0.2304721779574534,0.19207629734711712,0.23047217795745345,0.19207629734711712,0.2214430586270456,0.18218054302793268,0.22941071570654312,0.1911285624065342,0.22144305857079827,0.18218054281837875,0.22941071534279775,0.19112856176589244,0.23599363057212897,0.2053690486751025,
lewidi_convabuse,llama,32,GPP-laplace,2,256,0.43264289808482637,0.14499919825736468,0.25362669887752937,0.40553781755075957,0.8464285714285714,0.8214285714285714,0.2913197875022888,0.16190780699253082,0.13477571934299942,0.12781630101794178,0.13477571934299942,0.12781630101794178,0.1319293243452323,0.1247546399254914,0.13493685051439236,0.12782737576289238,0.13192932410980113,0.12475463971288955,0.13493685005413053,0.12782737529876076,0.11325759682707456,0.10550290963766469,
lewidi_convabuse,llama,32,LPE,2,256,0.40420947500890025,0.10114511977639817,0.16587442127293756,0.21914720629656936,0.8714285714285714,0.8559523809523809,0.14942532777786255,0.08081356436014175,0.24526037195567923,0.21528093608610488,0.24526037195567923,0.21528093608610488,0.2383704055071767,0.21178713020361695,0.2446119438766039,0.21517994387637931,0.23837040547741004,0.21178713005736666,0.2446119435050888,0.21517994324975503,0.252905257742848,0.2573019931340993,
lewidi_convabuse,llama,32,LP-temp,2,256,0.4224331991985935,0.14328917426204654,0.25008337131373937,0.41806210383280223,0.8380952380952381,0.8226190476190476,0.47743558175403367,,0.20122636350156559,,0.20122636350156564,,0.19662812752589126,,0.20067965896658124,,0.19662812766246474,,0.20067965892623923,,0.20759328816193895,,
lewidi_convabuse,llama,32,GPP-cosine,2,1024,0.36370155418985955,0.10787972918599825,0.1890626095174996,0.3020172468253344,0.8714285714285714,0.8559523809523809,0.33108964562416077,0.004551124759018421,0.19761838594402154,0.15227997758713407,0.1976183859440216,0.15227997758713407,0.19141724464647492,0.13124274151673215,0.19700277454909543,0.14883427934291005,0.19141724469406127,0.13124274187603266,0.1970027744745914,0.14883427928843673,0.20207987193895433,0.21345939438250608,
lewidi_convabuse,llama,32,GPP-rbf,2,1024,0.31738279045805795,0.08149328792511697,0.14224981513502177,0.2140620809649032,0.8761904761904762,0.8583333333333333,0.192973792552948,0.035555195063352585,0.3033402603616101,0.2568144717440672,0.30334026036161016,0.25681447174406724,0.2925652011491472,0.2456845774027958,0.30228262693022157,0.25585692550039857,0.2925652012964224,0.24568457715791564,0.3022826267313851,0.25585692478519717,0.29792844381077005,0.28095950408837556,
lewidi_convabuse,llama,32,GPP-laplace,2,1024,0.4078092309946593,0.12703379458229838,0.21848150970514066,0.33747095271811356,0.8464285714285714,0.8214285714285714,0.2381296008825302,0.12898920476436615,0.1794422084718019,0.16944413720220974,0.17944220847180192,0.16944413720220974,0.1761039890815174,0.16551197917125315,0.179688063599155,0.1694905104755443,0.1761039890834039,0.16551197914148127,0.1796880633501936,0.16949051017238573,0.17983040573151368,0.170034639152218,
lewidi_convabuse,llama,32,LPE,2,1024,0.3615632601933084,0.07979416873576477,0.13360013295121262,0.17810378262828383,0.8904761904761904,0.8773809523809524,0.0868830531835556,0.09281385689973831,0.25615425543303605,0.26184542952403217,0.2561542554330361,0.26184542952403217,0.24902090127292814,0.2545394273769875,0.25602696627663246,0.26196398580391533,0.2490209012830193,0.25453942725195233,0.2560269657785555,0.2619639852121554,0.2658303741470347,0.2738557029925377,
lewidi_convabuse,llama,32,LP-temp,2,1024,0.3617870960625113,0.10328754446339418,0.17942088106055806,0.2936282225863454,0.8726190476190476,0.8595238095238096,0.31978745966416317,,0.19940852923740715,,0.1994085292374072,,0.20006606692954723,,0.19996453560774363,,0.20006606698861198,,0.1999645353409554,,0.19232469483106673,,
lewidi_convabuse,llama,32,GPP-cosine,3,16,0.541773601381932,0.19807135306920673,0.33377835202478484,0.4752395813494583,0.6928571428571428,0.694047619047619,0.5000757575035095,0.043487757444381714,0.08222082833878072,0.1109423346992712,0.08222082833878074,0.11094233469927121,0.08732593155650314,0.10131459832587125,0.08306922107338768,0.10909123610233445,0.08732593166502614,0.1013145987547783,0.08306922151061194,0.10909123629741198,0.026518304260307803,0.13528008574082914,
lewidi_convabuse,llama,32,GPP-rbf,3,16,0.4353522459421389,0.14139145049102186,0.24391145933685557,0.3861677613535577,0.8464285714285714,0.8214285714285714,0.2947233021259308,0.12897542119026184,0.1268369844089105,0.10539069600726975,0.1268369844089105,0.10539069600726975,0.12655993763294854,0.10592675677540139,0.1273362125222473,0.10593152708851267,0.12655993764451148,0.1059267566392331,0.12733621244252966,0.10593152674394223,0.11425746596630244,0.09739454165246157,
lewidi_convabuse,llama,32,GPP-laplace,3,16,0.5878443493787683,0.22800034891089827,0.39225431627682633,0.5863932894743685,0.8452380952380952,0.8202380952380952,0.4269731044769287,0.2448180466890335,0.10901167195589441,0.08798474652819376,0.10901167195589442,0.08798474652819377,0.10738722909478647,0.08730244092469083,0.10930389383010941,0.08804080151204488,0.1073872291084853,0.08730244091832218,0.10930389383432962,0.08804080134883463,0.11273076550258349,0.06003167778573648,
lewidi_convabuse,llama,32,LPE,3,16,0.6681089741199222,0.13319741220068604,0.17466186133284023,0.1472407150022483,0.8476190476190476,0.8226190476190476,0.08577573299407959,0.007281980477273464,0.13899485897381914,0.1540585699032616,0.13899485897381914,0.15405856990326167,0.14527601107193883,0.1540947120181222,0.1398373624406134,0.15425629540169772,0.14527601138437352,0.1540947120462045,0.13983736292238103,0.15425629537574015,0.07999400681290544,0.0728564331642621,
lewidi_convabuse,llama,32,LP-temp,3,16,0.4466265760312762,0.13408542662537537,0.2222389088412822,0.33924632164308316,0.8476190476190476,0.8226190476190476,0.354070205774468,,0.10425273509234452,,0.10425273509234453,,0.10894408398359896,,0.10489009594790213,,0.10894408430695368,,0.10489009644278402,,0.07230201323441912,,
lewidi_convabuse,llama,32,GPP-cosine,3,64,0.41395397617164537,0.13199531539344964,0.22980532922006314,0.37714960142161075,0.8571428571428571,0.8416666666666667,0.4073314964771271,0.021413389593362808,0.16973014356025753,0.133219625649132,0.16973014356025756,0.133219625649132,0.1668557797104011,0.11458026888253668,0.17031425263861305,0.13060519440608392,0.16685577950790748,0.114580269051271,0.17031425235148862,0.13060519425087583,0.1736079870648548,0.19901810047490812,
lewidi_convabuse,llama,32,GPP-rbf,3,64,0.40380980563274116,0.12995023388519394,0.22863176946772173,0.372524291272509,0.8464285714285714,0.8214285714285714,0.30439433455467224,0.10588335245847702,0.13961384648812863,0.12883183420530755,0.13961384648812863,0.12883183420530758,0.13318075532573503,0.12327233636731104,0.13987454782000375,0.12901209342209885,0.13318075474995777,0.12327233580154305,0.13987454672119937,0.12901209231005445,0.1391905100378647,0.12775263299624354,
lewidi_convabuse,llama,32,GPP-laplace,3,64,0.4882761656172049,0.18180835904706294,0.3211465710175357,0.5170159694752882,0.8464285714285714,0.8214285714285714,0.3809070289134979,0.21533095836639404,0.13390785772461422,0.12581586877402168,0.13390785772461422,0.1258158687740217,0.13029112465340145,0.1219895808166309,0.1339225212107703,0.12564314366326534,0.13029112449501065,0.121989580668182,0.1339225208927892,0.1256431433040729,0.09231659879310848,0.07353253373621466,
lewidi_convabuse,llama,32,LPE,3,64,0.4868204246386888,0.11530774260469469,0.17557544822183055,0.21107360800835268,0.8523809523809524,0.8297619047619048,0.15753388404846191,0.03209209069609642,0.13363242479277804,0.04769586620954698,0.13363242479277807,0.04769586620954699,0.12821232604786686,0.042560574460212566,0.134057716810331,0.04778459202186158,0.12821232557981427,0.0425605741333117,0.13405771591802915,0.047784591431156,0.13073568725071594,0.12989591743616807,
lewidi_convabuse,llama,32,LP-temp,3,64,0.4016878463057981,0.1317888947644517,0.23339432445366606,0.3945585588802037,0.8535714285714285,0.830952380952381,0.4377270516823052,,0.13487025231120278,,0.1348702523112028,,0.12760335733482034,,0.1348086882602757,,0.12760335708143927,,0.13480868765727214,,0.13157754115805204,,
lewidi_convabuse,llama,32,GPP-cosine,3,256,0.46540884496644463,0.13392548148795122,0.22078934988258692,0.3134566481601777,0.8357142857142857,0.8273809523809523,0.3250506818294525,0.009186742827296257,0.11642897655552992,0.10313987536397007,0.11642897655552994,0.10313987536397008,0.11466065255442752,0.08963968198713633,0.11624720576527627,0.1001182279316071,0.1146606527923914,0.08963968288027022,0.11624720606238394,0.10011822868866976,0.12041423479991156,0.14962891084299682,
lewidi_convabuse,llama,32,GPP-rbf,3,256,0.38110874903695885,0.10500507358171027,0.17744204415579415,0.26785682014796214,0.8642857142857143,0.8392857142857143,0.21597006916999817,0.05660566687583923,0.15375895114412763,0.13327915404159965,0.1537589511441277,0.13327915404159968,0.14463129489954354,0.12514758040646357,0.15323217363297836,0.13285223510364258,0.14463129474931763,0.12514758009689944,0.1532321733450551,0.13285223453680203,0.17228330693976854,0.16229110698404328,
lewidi_convabuse,llama,32,GPP-laplace,3,256,0.4284567196729842,0.14164239772183726,0.2472175105530325,0.3936441718787479,0.8476190476190476,0.8226190476190476,0.280722051858902,0.15550221502780914,0.12599085552262107,0.11999693457580263,0.12599085552262113,0.11999693457580266,0.12213156445946503,0.11596412539157365,0.12606417968269834,0.11990892363662324,0.12213156421859683,0.11596412516644372,0.12606417923668012,0.11990892317908708,0.10176681457754322,0.09542544978762896,
lewidi_convabuse,llama,32,LPE,3,256,0.44861941392774346,0.09690138069746629,0.15036443384103784,0.18196899750875128,0.8809523809523809,0.8583333333333333,0.11385705322027206,0.04515131562948227,0.1597266943411561,0.13126373290320642,0.15972669434115613,0.13126373290320642,0.1500321392426318,0.12429631536475771,0.15917021979387283,0.13139945624694857,0.150032139128841,0.12429631497772779,0.15917021958324212,0.13139945562114524,0.18515384402872337,0.19923455571850818,
lewidi_convabuse,llama,32,LP-temp,3,256,0.36894262320407245,0.1072450161363111,0.18688858111466494,0.30557325425553505,0.8690476190476191,0.8488095238095238,0.32724624746017905,,0.1711344712316109,,0.1711344712316109,,0.1599512004069918,,0.16993199299346096,,0.1599512005395242,,0.1699319931290842,,0.16063917304302722,,
lewidi_convabuse,llama,32,GPP-cosine,3,1024,0.3555787907566547,0.10162673078681814,0.17799413474682768,0.28822356583618863,0.8678571428571429,0.85,0.32038581371307373,0.004439501091837883,0.2467070624250967,0.14762596059289707,0.2467070624250968,0.1476259605928971,0.2420680203148903,0.12918209367172523,0.24683198237606124,0.14475949659848486,0.2420680204405382,0.1291820945075653,0.24683198243442228,0.14475949730554258,0.24193724112859805,0.24066295505043936,
lewidi_convabuse,llama,32,GPP-rbf,3,1024,0.28429789270184297,0.07189049149344698,0.13030741337618867,0.21273171875591748,0.9011904761904762,0.8833333333333333,0.1995101273059845,0.03657400608062744,0.35651140622608923,0.30699120154708215,0.35651140622608923,0.3069912015470822,0.3500176971256943,0.300016357368059,0.3565996588409814,0.3070523400426477,0.35001769716567904,0.300016357056179,0.35659965859290815,0.30705233931293124,0.3281936221981996,0.3015711988463448,
lewidi_convabuse,llama,32,GPP-laplace,3,1024,0.3967495725336477,0.12446398379271367,0.21685276709862852,0.34159660480341275,0.8476190476190476,0.8226190476190476,0.24232137203216553,0.13113823533058167,0.1891065009278908,0.17886263820622822,0.18910650092789083,0.17886263820622822,0.18779575272707746,0.17674185727947256,0.18968497208931556,0.17918888851020262,0.1877957527668435,0.17674185728181033,0.1896849719452996,0.17918888829881874,0.1890866979473237,0.17730272484104007,
lewidi_convabuse,llama,32,LPE,3,1024,0.32874684654976427,0.07173476974603087,0.12405558306809383,0.17522410967783053,0.8952380952380953,0.8869047619047619,0.08572932332754135,0.09922463446855545,0.31014847144533875,0.3015139138017708,0.3101484714453388,0.3015139138017708,0.30523157974070203,0.299150031327464,0.3104356924634364,0.3022412376092647,0.3052315796131863,0.29915003143754004,0.31043569202535454,0.3022412375918826,0.2971784266479367,0.2953142568970802,
lewidi_convabuse,llama,32,LP-temp,3,1024,0.34043632732054063,0.09823841528364836,0.17506943933428742,0.2987476340825022,0.8928571428571429,0.8797619047619047,0.33114983077786614,,0.22723945101724596,,0.227239451017246,,0.225979804301569,,0.22785052739505002,,0.22597980435779055,,0.2278505275705055,,0.22380611218768537,,
lewidi_convabuse,llama,32,GPP-cosine,4,16,0.8569264117060121,0.2586338570547209,0.35717953311478984,0.308587843000407,0.6440476190476191,0.6333333333333333,0.27389174699783325,0.03304384648799896,0.012346346795928383,0.027932353251948202,0.012346346795928375,0.02793235325194821,-0.0018147241456811167,0.011510850694713835,0.010217356362813403,0.02513891019154139,-0.0018147243704576127,0.011510850778927419,0.01021735582156645,0.025138909868725384,0.03424210574368188,0.08162229825868499,
lewidi_convabuse,llama,32,GPP-rbf,4,16,0.4482448099053631,0.15623033117963858,0.27684870858543686,0.45624198974452307,0.8464285714285714,0.8214285714285714,0.36717689037323,0.1459510326385498,0.08419595575606634,0.11244666461320246,0.08419595575606637,0.11244666461320249,0.08024329940440217,0.10973300393463208,0.08327600600207305,0.11213626384319689,0.08024329964737537,0.10973300394221203,0.08327600655272566,0.11213626379374562,0.09601975788681978,0.09756706012023186,
lewidi_convabuse,llama,32,GPP-laplace,4,16,0.5999417487320489,0.23313995407319346,0.39964647058929714,0.5907629078467947,0.8392857142857143,0.8142857142857143,0.4304048717021942,0.24582868814468384,0.09828663166196078,0.08523438884487472,0.09828663166196079,0.08523438884487473,0.09541089934944666,0.08348180583211923,0.09826467666876547,0.08495269069323703,0.09541089937071251,0.0834818058295123,0.09826467675246037,0.08495269055729987,0.10532174730964174,0.06420910511784973,
lewidi_convabuse,llama,32,LPE,4,16,0.4777535177004396,0.14545940412913402,0.2401817576732442,0.35527540304000665,0.830952380952381,0.805952380952381,0.2789302170276642,0.09345506876707077,0.07193582024061274,-0.01618856133846498,0.07193582024061275,-0.01618856133846498,0.06721387479752197,-0.0172340141916812,0.07049389467041837,-0.017177651445048615,0.06721387515418953,-0.017234013900781726,0.07049389542734946,-0.017177650616228973,0.07436360807013756,0.026344231130086392,
lewidi_convabuse,llama,32,LP-temp,4,16,0.48486067408182965,0.1762419078325217,0.311204300286416,0.5046047147438412,0.8297619047619048,0.8047619047619048,0.5718559485146588,,0.05584526152146203,,0.055845261521462033,,0.04971396086699981,,0.05424078268703024,,0.049713961273240785,,0.054240783524478614,,0.059650784204602306,,
lewidi_convabuse,llama,32,GPP-cosine,4,64,0.6634347713284972,0.18765741527008717,0.2783189657060245,0.29886595656926485,0.7142857142857143,0.7035714285714286,0.2809670567512512,0.013071158900856972,0.013408343948341521,0.03743272247133013,0.013408343948341518,0.03743272247133012,0.0046981039303422775,0.01868066112132754,0.01255572629803176,0.03464860942324335,0.004698103645571097,0.018680661199164006,0.012555725824486294,0.034648609088634416,0.02939672667295236,0.07487475745053386,
lewidi_convabuse,llama,32,GPP-rbf,4,64,0.44345389168074556,0.13492736621052262,0.22524770371549363,0.337999956758878,0.8476190476190476,0.8226190476190476,0.26176729798316956,0.09205207973718643,0.07430519285958623,0.07577205001016868,0.07430519285958623,0.07577205001016869,0.07080475987961471,0.07331260176703092,0.07356025236473157,0.07548700742370013,0.07080475958574028,0.0733126014060905,0.07356025198189174,0.07548700683173466,0.06896179330768794,0.07829591534144917,
lewidi_convabuse,llama,32,GPP-laplace,4,64,0.47756888580626056,0.17570932499144798,0.3111249462235719,0.5046559698493439,0.8464285714285714,0.8214285714285714,0.3702736496925354,0.20968231558799744,0.12994972122184867,0.11902785120486671,0.12994972122184867,0.11902785120486672,0.12651941476125794,0.11550852660487257,0.1298084281356508,0.11872783459229327,0.12651941456670757,0.115508526423675,0.12980842779651347,0.11872783421255925,0.09461200445657786,0.07485849507259527,
lewidi_convabuse,llama,32,LPE,4,64,0.6482569871169692,0.13500810150780124,0.18545487337638145,0.18380751335437118,0.8452380952380952,0.8226190476190476,0.1108466163277626,0.024860495701432228,0.006399514292879461,0.038025584178656965,0.006399514292879458,0.03802558417865698,0.005226692237777334,0.03415387405662894,0.005811946020581889,0.03707556403259765,0.005226692135335571,0.03415387376130682,0.0058119459845004055,0.03707556357720694,0.016312228418652184,0.03156261156171938,
lewidi_convabuse,llama,32,LP-temp,4,64,0.4531973713896632,0.14412696267146674,0.24505939681493963,0.3832702930528208,0.8357142857142857,0.8130952380952381,0.4071853220738844,,0.014050316339381787,,0.01405031633938179,,0.01196980998835133,,0.013178180141506166,,0.01196981010145455,,0.013178180525829739,,0.016303772468405,,
lewidi_convabuse,llama,32,GPP-cosine,4,256,0.42000961770700884,0.1294307492365345,0.22088443694422832,0.3351022366408751,0.8273809523809523,0.8119047619047619,0.3643230199813843,0.012147246859967709,0.19264160367843336,0.06830442393187647,0.1926416036784334,0.06830442393187645,0.19556637265492163,0.06231106976155457,0.19365301175251115,0.06702981897421999,0.1955663728416557,0.06231107027246011,0.19365301193394585,0.067029819348175,0.19399644473629846,0.1955903828165283,
lewidi_convabuse,llama,32,GPP-rbf,4,256,0.3545254448791629,0.10595806466526715,0.1895698403374159,0.3124700776893146,0.8726190476190476,0.8476190476190476,0.2670290172100067,0.07233469188213348,0.18244865086124,0.14781051420125096,0.18244865086124,0.147810514201251,0.16612845029049825,0.13628387098340228,0.18073894053152362,0.14665148012601978,0.16612845052208586,0.13628387088022192,0.18073894040064029,0.14665147955460076,0.1816167627471467,0.1613451167682086,
lewidi_convabuse,llama,32,GPP-laplace,4,256,0.42949074280979316,0.14587763170732146,0.25756704153138255,0.41555422229291383,0.8464285714285714,0.8214285714285714,0.29959484934806824,0.16610877215862274,0.12259467676800737,0.11758981153397273,0.1225946767680074,0.11758981153397276,0.11819976353987156,0.11315485269436133,0.1225312793830459,0.1173735791987207,0.11819976342878954,0.11315485259015177,0.12253127907518477,0.11737357886912464,0.08796369721405478,0.08074178613840068,
lewidi_convabuse,llama,32,LPE,4,256,0.3820146656032295,0.0956730620165027,0.1601449243703103,0.2294666650160241,0.8785714285714286,0.8583333333333333,0.16344907879829407,0.07076086848974228,0.19344783904493854,0.16481573549652964,0.1934478390449386,0.16481573549652967,0.1771539785482989,0.14656914983476257,0.19190950897221687,0.16351568267584687,0.177153978835281,0.1465691496372022,0.19190950893019965,0.16351568197369815,0.19421402743993146,0.19197097986981795,
lewidi_convabuse,llama,32,LP-temp,4,256,0.38095983279305046,0.11929639999431144,0.20881719382823424,0.35132397817345934,0.8714285714285714,0.8511904761904762,0.3862071120735948,,0.14816579731794433,,0.14816579731794433,,0.13766107717697162,,0.14662105972155864,,0.137661077445537,,0.14662105987993768,,0.14606758917071153,,
lewidi_convabuse,llama,32,GPP-cosine,4,1024,0.3531355074830108,0.10459626667259411,0.18469851794167821,0.3005128303507078,0.8666666666666667,0.8511904761904762,0.3318905830383301,0.00454639783129096,0.22394187353285996,0.14306068578964076,0.22394187353286,0.1430606857896408,0.22506900844066607,0.13478592914647422,0.22502365381800538,0.14234237425475255,0.22506900826876275,0.13478592935501582,0.22502365367198784,0.1423423745358966,0.22315924053513986,0.23311385848976657,
lewidi_convabuse,llama,32,GPP-rbf,4,1024,0.2884268383771061,0.07364132776151462,0.132759743645632,0.2171771396130027,0.9,0.8845238095238095,0.2035306990146637,0.03739073500037193,0.3446085522222706,0.30124087879345307,0.3446085522222706,0.3012408787934531,0.3363682907578605,0.2947425361871633,0.3445160707633135,0.3013763941995494,0.33636829082226416,0.2947425359452272,0.3445160705147026,0.301376393533091,0.3108163027856857,0.2980476641678914,
lewidi_convabuse,llama,32,GPP-laplace,4,1024,0.3967177446494216,0.12553834594520194,0.21965446851238432,0.35024652205410206,0.85,0.825,0.2494473159313202,0.13515983521938324,0.17785446669366062,0.17198464057860263,0.17785446669366067,0.17198464057860263,0.17216577920081708,0.16600775773895615,0.17807937079572564,0.17202872120720195,0.17216577889951776,0.16600775747325047,0.178079370117129,0.17202872056578028,0.17942646664039333,0.1715506458283516,
lewidi_convabuse,llama,32,LPE,4,1024,0.3521002139653817,0.07565158464709709,0.1283542556914084,0.17782157593228756,0.8845238095238095,0.8785714285714286,0.08749311417341232,0.10016181319952011,0.29496450939883956,0.29535392225211543,0.29496450939883956,0.2953539222521155,0.2868647397240983,0.2905350832415694,0.29445743046686207,0.29545325126208133,0.2868647403276302,0.2905350834922168,0.2944574311109238,0.2954532515251038,0.2803777347113695,0.28383804621433845,
lewidi_convabuse,llama,32,LP-temp,4,1024,0.3620184741220216,0.10526680692716935,0.18345870068790573,0.30072641557106977,0.8654761904761905,0.8595238095238096,0.331755468187221,,0.20475684552315643,,0.20475684552315646,,0.2036573666694187,,0.20493340736907956,,0.20365736709266902,,0.20493340793448445,,0.2015640248084207,,
lewidi_convabuse,llama,48,GPP-cosine,0,16,0.7642695765567892,0.25216892894187076,0.3821350177185239,0.4349941442179594,0.611904761904762,0.6011904761904762,0.4201570749282837,0.06156802922487259,0.03340477495185712,0.10318077948848225,0.033404774951857126,0.10318077948848225,0.03592644147754895,0.09330101006678704,0.033974328574088705,0.10194465985630213,0.035926441054891387,0.09330101000289681,0.033974328086381414,0.1019446596129765,0.01743538360421118,0.08839489942847774,
lewidi_convabuse,llama,48,GPP-rbf,0,16,0.48380983680838174,0.1303867660006421,0.20090375345621614,0.2678694715559594,0.8476190476190476,0.8226190476190476,0.21856281161308289,0.0367540642619133,0.10592643570127525,0.08347191566002615,0.10592643570127527,0.08347191566002618,0.10630818556495125,0.08382425230728777,0.1061760376314755,0.08371088360118187,0.1063081853928079,0.08382425202653129,0.10617603721110966,0.08371088298496548,0.10776467987741642,0.10219598394736129,
lewidi_convabuse,llama,48,GPP-laplace,0,16,0.568880788947842,0.2196034739302223,0.38053716398066,0.5805595427339441,0.8464285714285714,0.8214285714285714,0.4227108657360077,0.2426089495420456,0.12954755863998973,0.09646845874505486,0.12954755863998973,0.09646845874505489,0.1276900170748012,0.09590751477519123,0.12993076007990978,0.096532419789242,0.12769001696836674,0.09590751465614153,0.12993075995833747,0.09653241944388893,0.12016168375252907,0.06047258298953397,
lewidi_convabuse,llama,48,LPE,0,16,0.7441420479282637,0.1336203948153735,0.16903152917234582,0.12539728504295275,0.8476190476190476,0.8226190476190476,0.05482557415962219,0.004323089495301247,0.10856938052432365,0.040219256862223066,0.10856938052432365,0.04021925686222308,0.10559832502583694,0.03830097952559079,0.10851524380882546,0.040198530443165584,0.10559832486231531,0.03830097941714289,0.10851524340249952,0.040198530200334065,0.031203173886666952,0.040176235386237436,
lewidi_convabuse,llama,48,LP-temp,0,16,0.43482032822010125,0.1375315876105687,0.23611191209874222,0.3816129412674315,0.8476190476190476,0.8226190476190476,0.4074808952182164,,0.06630936562779402,,0.06630936562779402,,0.06808415654652182,,0.0665075250666534,,0.06808415650680498,,0.06650752493505716,,0.021733688318039707,,
lewidi_convabuse,llama,48,GPP-cosine,0,64,0.6543692219166932,0.176375530636836,0.2603202861843595,0.2926868491502088,0.7785714285714286,0.7678571428571429,0.2756677567958832,0.0244340468198061,0.08402793508605541,0.11770525924319927,0.08402793508605542,0.11770525924319926,0.07520343784168143,0.09782197641446944,0.08327641456226408,0.11504934009301482,0.0752034374791384,0.0978219763756993,0.0832764141164654,0.11504933985447106,0.08299655245976584,0.11855877724021886,
lewidi_convabuse,llama,48,GPP-rbf,0,64,0.41262202898597633,0.12847374045055845,0.22234723258630507,0.3573753496100214,0.8547619047619047,0.8297619047619048,0.28968164324760437,0.09538859128952026,0.11160626125691911,0.10289811598085688,0.11160626125691911,0.10289811598085688,0.10883820286686618,0.1013402841297511,0.11216003324205673,0.10335657810809465,0.1088382027397462,0.1013402838929452,0.11216003307672565,0.10335657767855319,0.11317939209933396,0.10800722044632446,
lewidi_convabuse,llama,48,GPP-laplace,0,64,0.47320461947455833,0.17282630652590625,0.30608811621398974,0.498642752468195,0.8464285714285714,0.8214285714285714,0.36484676599502563,0.2064538300037384,0.12435721117078403,0.11479734980530293,0.12435721117078405,0.11479734980530296,0.11975242162896502,0.10990077814471656,0.12418355524699275,0.11442606637009811,0.11975242157236898,0.10990077809902368,0.12418355512999141,0.11442606620114544,0.09497489284264024,0.07971253470740482,
lewidi_convabuse,llama,48,LPE,0,64,0.4965194258232597,0.11453111151036957,0.1709323589318263,0.20060040077835004,0.8547619047619047,0.8297619047619048,0.1445181965827942,0.028172887861728668,0.12307145458033251,0.07725125522458315,0.12307145458033253,0.07725125522458316,0.12095289457029731,0.07606912078748647,0.1240086029131639,0.07795021213771758,0.12095289452861194,0.07606912058158674,0.12400860286267319,0.07795021179469992,0.1023865417756589,0.12410914340337452,
lewidi_convabuse,llama,48,LP-temp,0,64,0.40752869244734613,0.13543877407884247,0.2424870360671387,0.41600805085223935,0.8535714285714285,0.8333333333333334,0.46049638572844054,,0.09802018734396861,,0.09802018734396864,,0.09697237711121273,,0.09889692274819209,,0.0969723771106987,,0.09889692286826242,,0.09210256882958644,,
lewidi_convabuse,llama,48,GPP-cosine,0,256,0.38833444986838983,0.10710441060109256,0.18191856758866748,0.27437016280777665,0.8559523809523809,0.8452380952380952,0.28111812472343445,0.01609950326383114,0.20909459462162844,0.1443070248642404,0.20909459462162852,0.1443070248642404,0.2120641284312309,0.1395520491050025,0.21030391403710658,0.14422993811879392,0.21206412800239088,0.13955204889098083,0.21030391335364385,0.14422993768727238,0.20853505894401395,0.23210654128123004,
lewidi_convabuse,llama,48,GPP-rbf,0,256,0.38730484685096134,0.10798812795305529,0.1824486512416375,0.2714175668028572,0.8630952380952381,0.8380952380952381,0.22456608712673187,0.06118788197636604,0.20372374507330596,0.1745264209699186,0.20372374507330596,0.1745264209699186,0.1976187978252903,0.17121541969832305,0.20364572014588112,0.17490471735489133,0.1976187976797008,0.17121541932446782,0.20364571978303087,0.1749047166860133,0.205818273167325,0.1933713706443901,
lewidi_convabuse,llama,48,GPP-laplace,0,256,0.4373173908270048,0.1434486912092097,0.24764569304617387,0.3872536750736386,0.8464285714285714,0.8214285714285714,0.27610892057418823,0.15297789871692657,0.13393771972557236,0.1286290731693898,0.13393771972557236,0.12862907316938982,0.13126757853976362,0.12563090474889557,0.1340815545666345,0.12861390906035416,0.13126757829880567,0.12563090453416595,0.13408155407801442,0.1286139085812109,0.11508973646335838,0.1088006448204267,
lewidi_convabuse,llama,48,LPE,0,256,0.4286964841177965,0.09753099864147649,0.15603832868508735,0.19908799451096976,0.8702380952380953,0.85,0.12906323373317719,0.06810255348682404,0.21402809423889568,0.21519817836221894,0.21402809423889568,0.21519817836221897,0.20365943721527371,0.20239427057987522,0.21338101936258655,0.2144630725880779,0.20365943701553985,0.2023942704390989,0.21338101888990404,0.21446307224688543,0.22577110419785268,0.24076985876083706,
lewidi_convabuse,llama,48,LP-temp,0,256,0.39754935799034324,0.13053204665767898,0.23109007161561726,0.3930150938318928,0.8547619047619047,0.8416666666666667,0.4462726128993644,,0.19862634883751706,,0.1986263488375171,,0.1908927788400244,,0.19791682879032593,,0.19089277893681406,,0.19791682889218062,,0.2012004531132474,,
lewidi_convabuse,llama,48,GPP-cosine,0,1024,0.3398094288974332,0.09913531116491027,0.17590653346079588,0.28789821055247045,0.8630952380952381,0.8523809523809524,0.3176127076148987,0.006913966033607721,0.2462154497909502,0.1792452201350392,0.24621544979095022,0.17924522013503924,0.24380626686915535,0.16918106337487915,0.24683628313257933,0.1786143497253054,0.24380626714226925,0.16918106408451838,0.24683628358887091,0.1786143507504085,0.24398129200289453,0.252554258935315,
lewidi_convabuse,llama,48,GPP-rbf,0,1024,0.32014103572327496,0.08537297095872184,0.14850843500580163,0.22768596739953068,0.8869047619047619,0.8690476190476191,0.21435919404029846,0.03892458602786064,0.3385606379314102,0.28616557031745515,0.3385606379314102,0.28616557031745526,0.3229301270012037,0.27444537842969496,0.33667381469499724,0.28488864363166916,0.322930127817578,0.274445378816046,0.3366738157205544,0.28488864402496705,0.3246079063906558,0.303956682200622,
lewidi_convabuse,llama,48,GPP-laplace,0,1024,0.39503529980118585,0.12653190203554046,0.22300658461837364,0.3584344896560219,0.8511904761904762,0.8261904761904761,0.2590489089488983,0.14043201506137848,0.2045752290808565,0.19446863059801,0.20457522908085657,0.19446863059801003,0.1992400186878295,0.18862892625373412,0.20443279099290565,0.19415686618409697,0.1992400188280385,0.18862892638141926,0.20443279103758744,0.19415686618652003,0.2055210507868185,0.19609379372124383,
lewidi_convabuse,llama,48,LPE,0,1024,0.37014137212565096,0.0885653788054448,0.15026962317946463,0.21041361278680853,0.8845238095238095,0.8714285714285714,0.09213129431009293,0.13999009132385254,0.25349654776734587,0.2934827479108947,0.2534965477673459,0.29348274791089474,0.23949417265466716,0.285058183903567,0.25113889516393306,0.2925372263047187,0.2394941731307182,0.2850581844670841,0.2511388957772402,0.29253722700093654,0.26541054902930794,0.28758872992397727,
lewidi_convabuse,llama,48,LP-temp,0,1024,0.40771712784495534,0.13355776559565494,0.234359096006836,0.3916150732095753,0.8488095238095238,0.8357142857142857,0.44346879924854027,,0.17518432974141995,,0.17518432974141998,,0.17330778947232617,,0.17503240208026108,,0.17330778986135226,,0.1750324025806011,,0.1812697271324568,,
lewidi_convabuse,llama,48,GPP-cosine,1,64,0.4621121480252985,0.14163180166005493,0.23415503471890242,0.33145814067731105,0.8178571428571428,0.8023809523809524,0.3271581828594208,0.03376435488462448,0.11944075218711742,0.14600596040369604,0.11944075218711744,0.14600596040369607,0.11675046888061336,0.13070941256598506,0.11941549722574474,0.14352687532612227,0.11675046882806824,0.13070941286003054,0.11941549688176337,0.1435268752231909,0.12053239602791108,0.15321775278972294,
lewidi_convabuse,llama,48,GPP-rbf,1,64,0.4307245418068978,0.12827303258013764,0.21533450626136202,0.3265828536572481,0.8464285714285714,0.8214285714285714,0.2558959722518921,0.08362893760204315,0.08191547359882329,0.07725385359175657,0.0819154735988233,0.0772538535917566,0.0769270851173017,0.0735876620649393,0.08167230933037814,0.07709748985443769,0.07692708485922117,0.07358766170732284,0.08167230864366301,0.07709748903654623,0.09148248289418756,0.08900106294074238,
lewidi_convabuse,llama,48,GPP-laplace,1,64,0.4689771939077889,0.16938156854027664,0.299134145530739,0.4846806743225385,0.8464285714285714,0.8214285714285714,0.3541261851787567,0.1999775618314743,0.12353969100625814,0.11299165678562573,0.12353969100625814,0.11299165678562573,0.11854716435979838,0.10786288446410089,0.12340612758686569,0.11270432592715704,0.1185471642436939,0.10786288435989283,0.12340612731931003,0.11270432562624842,0.09367382104733499,0.07716893362486923,
lewidi_convabuse,llama,48,LPE,1,64,0.5767419910512879,0.12366255814934608,0.17566274533205398,0.1825501002217003,0.8488095238095238,0.8238095238095238,0.11675579100847244,0.021437669172883034,0.056111555746667985,0.024233193024798788,0.056111555746668,0.02423319302479879,0.05139330826928391,0.021395340487765445,0.055500216306618236,0.023856326575855305,0.051393307976388955,0.021395340206023197,0.05550021563476981,0.02385632603365545,0.07281796286131938,0.09542246031026885,
lewidi_convabuse,llama,48,LP-temp,1,64,0.4249588369598789,0.14093580865477232,0.24965660996501216,0.4182479870805949,0.8476190476190476,0.8226190476190476,0.4574400843025751,,0.043835414715689094,,0.0438354147156891,,0.04116498288881841,,0.04369116340904945,,0.041164982783511404,,0.04369116293642168,,0.05918746646196785,,
lewidi_convabuse,llama,48,GPP-cosine,1,256,0.36734395084616256,0.10142630553134847,0.17424472828689172,0.27767153138737277,0.8666666666666667,0.8559523809523809,0.28641989827156067,0.015253080986440182,0.20540226259367328,0.14710978580375536,0.2054022625936733,0.1471097858037554,0.2043080538659381,0.13481744731028047,0.20594115215407377,0.14524301106918439,0.20430805381311823,0.13481744777249555,0.20594115189816947,0.14524301122816857,0.2008872754650018,0.22828646753138102,
lewidi_convabuse,llama,48,GPP-rbf,1,256,0.36830729263537854,0.10482728557152933,0.1817972584773088,0.28874792581482306,0.8714285714285714,0.8488095238095238,0.24237774312496185,0.0653502568602562,0.19587081711349028,0.1719391635958149,0.1958708171134903,0.1719391635958149,0.1803391165531924,0.1577652402755355,0.19451830801581854,0.17087071365761997,0.18033911632233088,0.15776524000473402,0.19451830729864528,0.17087071286706568,0.18698837524689527,0.18485125767169644,
lewidi_convabuse,llama,48,GPP-laplace,1,256,0.4310834100343874,0.14381732494125798,0.25124624315981886,0.4009195977878737,0.8464285714285714,0.8214285714285714,0.288204550743103,0.15981560945510864,0.14375773014319923,0.13524438479991568,0.14375773014319926,0.13524438479991568,0.13945353179354128,0.1304690071634696,0.14374954877814836,0.13507815710230398,0.1394535316106309,0.13046900700996228,0.1437495483927552,0.13507815672526838,0.12524036163644195,0.11526076873381247,
lewidi_convabuse,llama,48,LPE,1,256,0.42709200668873787,0.09705969578244535,0.15472807185303628,0.20488602516738033,0.8821428571428571,0.8595238095238096,0.1407688707113266,0.057136353105306625,0.1796084595507408,0.1946741682660836,0.17960845955074084,0.19467416826608364,0.16257167582125287,0.17434933996817928,0.17788458951533825,0.1928943252483138,0.16257167575710166,0.17434933978364223,0.1778845889832817,0.19289432447917704,0.16496009528842598,0.19537763452485477,
lewidi_convabuse,llama,48,LP-temp,1,256,0.38534330355683205,0.11317188252716304,0.19577069618679027,0.32861198676050146,0.8821428571428571,0.861904761904762,0.3516707279468874,,0.12520864608113774,,0.12520864608113774,,0.11387662634393457,,0.12403298360698627,,0.11387662632014289,,0.12403298328047753,,0.11561467160506676,,
lewidi_convabuse,llama,48,GPP-cosine,1,1024,0.33620056567029133,0.09312043367846834,0.16504648440377423,0.265773193228864,0.8726190476190476,0.8523809523809524,0.29031771421432495,0.006042427849024534,0.2592362031994445,0.2057260901468163,0.25923620319944457,0.20572609014681634,0.2522251755241476,0.19093491880381536,0.2587403891398295,0.2033186303601011,0.2522251756884497,0.19093491930535988,0.2587403890856196,0.2033186305644814,0.25237299411092545,0.24682037302770385,
lewidi_convabuse,llama,48,GPP-rbf,1,1024,0.3146835441239988,0.08049645034124325,0.1401197390367521,0.2183800044773486,0.8928571428571429,0.875,0.20364603400230408,0.03560184687376022,0.3339771558847968,0.3012460348746535,0.3339771558847968,0.3012460348746535,0.3168765398437557,0.2855807636566138,0.3325778166013799,0.3000058565752712,0.31687654026398293,0.2855807638128389,0.3325778168672632,0.30000585648270073,0.3126703766444289,0.29717818748974784,
lewidi_convabuse,llama,48,GPP-laplace,1,1024,0.40150966313895253,0.1252272194649969,0.21693463367299132,0.34032273828192294,0.8488095238095238,0.8238095238095238,0.2408045083284378,0.1300002932548523,0.18360075145698895,0.17519007821456958,0.18360075145698898,0.1751900782145696,0.179586760519794,0.1704126576266304,0.18370041392037428,0.1750825999374434,0.17958676041553498,0.17041265755813548,0.18370041352497063,0.17508259957590666,0.18032652140124894,0.1694364532738229,
lewidi_convabuse,llama,48,LPE,1,1024,0.35843191446561923,0.08093687659948584,0.1373435810980016,0.20236575027316658,0.8892857142857142,0.8809523809523809,0.08646342158317566,0.13557973504066467,0.3086654977687454,0.28961049713619125,0.3086654977687454,0.28961049713619125,0.289817400666025,0.2697802833961597,0.3069501475019689,0.2879830760955307,0.2898174013486242,0.26978028378390234,0.3069501481255511,0.28798307645485455,0.2806055158034825,0.2678717259503432,
lewidi_convabuse,llama,48,LP-temp,1,1024,0.39085600325806524,0.12997149562569252,0.2316688840844719,0.399996504631519,0.861904761904762,0.8535714285714285,0.4543984094079302,,0.1785950161999253,,0.17859501619992532,,0.16772029092952156,,0.1775959904212142,,0.16772029123703847,,0.17759599068065599,,0.19042600088738287,,
lewidi_convabuse,llama,48,GPP-cosine,2,16,0.6986762058372006,0.24122817545071978,0.37920303647638537,0.475776764247033,0.6285714285714286,0.6226190476190476,0.45374614000320435,0.07510040700435638,-0.005493684190039601,0.027013529306243685,-0.0054936841900396095,0.027013529306243685,-0.0013140010049710257,0.02113996133397457,-0.0051004253916976505,0.025605462013799672,-0.0013140014392889615,0.021139961435627283,-0.005100426105959829,0.025605461741386254,0.003306139884825874,0.05040974595447115,
lewidi_convabuse,llama,48,GPP-rbf,2,16,0.464090208128802,0.16483129752570247,0.2913561396566885,0.47804552885664975,0.8428571428571429,0.8202380952380952,0.39463871717453003,0.14469419419765472,0.07528264571536616,0.07161088910638193,0.07528264571536616,0.07161088910638194,0.07838573787565331,0.073365250160689,0.075489694045559,0.07176920336470607,0.07838573798953219,0.0733652501259839,0.07548969408735585,0.0717692030578278,0.07447854066258815,0.06436648828881394,
lewidi_convabuse,llama,48,GPP-laplace,2,16,0.592502005678556,0.23002967930943166,0.3950060347804711,0.5883291685516293,0.8464285714285714,0.8214285714285714,0.42886945605278015,0.244698166847229,0.08558801481482371,0.06579382497429606,0.08558801481482373,0.06579382497429606,0.08481229818704605,0.06591066431215603,0.08574064232540142,0.06571659840884563,0.08481229817603296,0.06591066429678323,0.08574064230093013,0.06571659824680351,0.12724189360131377,0.050141393383899474,
lewidi_convabuse,llama,48,LPE,2,16,0.4896819590084104,0.1357797035058481,0.2132249129376197,0.2965734620267157,0.844047619047619,0.8214285714285714,0.24550962448120117,0.050164852291345596,0.04039558173452319,0.1154007252877587,0.040395581734523206,0.11540072528775872,0.034690437498088145,0.11432082860598568,0.03929983727567772,0.11519125445533628,0.034690437776141336,0.11432082852150469,0.03929983760233285,0.11519125430560069,0.03637059654135581,0.06390727040084478,
lewidi_convabuse,llama,48,LP-temp,2,16,0.46813806780359213,0.16303978923804016,0.28568009642538866,0.46259559903633846,0.8380952380952381,0.8154761904761905,0.5145309717940572,,0.028077831907811997,,0.028077831907811993,,0.024199126628189044,,0.02707183139379112,,0.02419912697718212,,0.02707183180430376,,0.03892525014875993,,
lewidi_convabuse,llama,48,GPP-cosine,2,64,0.8098724409118125,0.23511461723970675,0.33624992217561167,0.3260331951987146,0.6488095238095238,0.6452380952380953,0.2991109788417816,0.03316090255975723,0.017646994066291024,0.06732514181100946,0.017646994066291034,0.06732514181100946,0.01291452525666834,0.0598323231121216,0.01757988932082909,0.06689939591012586,0.012914524972688258,0.05983232313709404,0.017579889069899497,0.06689939595622121,0.023591691204170453,0.09608434768052602,
lewidi_convabuse,llama,48,GPP-rbf,2,64,0.4510236457774067,0.1356627706445759,0.2239226898355853,0.3280185418450643,0.8416666666666667,0.8166666666666667,0.25792431831359863,0.08786067366600037,0.11332958425215336,0.10193991675034036,0.11332958425215336,0.10193991675034036,0.11126970851321091,0.09961436498071244,0.11333061019114415,0.10196636547415588,0.11126970832912766,0.09961436471237003,0.11333060985519271,0.10196636496118552,0.11202080733637566,0.10699855370229398,
lewidi_convabuse,llama,48,GPP-laplace,2,64,0.47011313593191767,0.16944837025370296,0.29842314739002,0.48034694902334074,0.8464285714285714,0.8214285714285714,0.35132670402526855,0.1984207183122635,0.1305347557703324,0.12097375144591341,0.1305347557703324,0.12097375144591341,0.12580995526007613,0.11557363005121417,0.13033982211274445,0.12056600629184942,0.1258099551964998,0.11557362999867353,0.13033982195806706,0.12056600609986196,0.10200887683007366,0.08679248831527292,
lewidi_convabuse,llama,48,LPE,2,64,0.6388900935561819,0.1331920313714388,0.1815447836862101,0.16682140823374483,0.8392857142857143,0.8142857142857143,0.10198646038770676,0.021105293184518814,0.11481303613253241,0.05061351750479834,0.11481303613253242,0.05061351750479834,0.10930508701883439,0.05123285669194838,0.1145332190519198,0.050996533662811025,0.10930508675902309,0.05123285644665937,0.11453321856317952,0.050996533268187906,0.10489915479001591,0.1278561372438146,
lewidi_convabuse,llama,48,LP-temp,2,64,0.45394676537378736,0.1595472861870084,0.2819157535116572,0.4654950314213508,0.830952380952381,0.8083333333333333,0.5234293909429084,,0.08896162082953796,,0.08896162082953797,,0.086058855057292,,0.08860441725913065,,0.08605885496230453,,0.08860441712632479,,0.09052246775885198,,
lewidi_convabuse,llama,48,GPP-cosine,2,256,0.4305172660227783,0.11979763851912772,0.19626856034660922,0.2711690762656754,0.844047619047619,0.8404761904761905,0.27388811111450195,0.013621138408780098,0.16387106577267685,0.13370906025618454,0.16387106577267685,0.13370906025618456,0.16608997137015208,0.12734429797125768,0.16449531543955703,0.13273924700448952,0.16608997164752692,0.12734429869503422,0.1644953156844314,0.13273924773768964,0.16692211490396092,0.20379801853281498,
lewidi_convabuse,llama,48,GPP-rbf,2,256,0.37981055945176095,0.11322987275570007,0.194733073777752,0.3019076270219039,0.8642857142857143,0.8392857142857143,0.2616621255874634,0.07219774276018143,0.23772917775337132,0.2038008616312718,0.23772917775337135,0.20380086163127187,0.23142659872944676,0.1985379207249673,0.23701165402170093,0.20336248333087814,0.2314265987165196,0.19853792054462316,0.23701165379078895,0.20336248282245098,0.24810156052788238,0.21946607436990964,
lewidi_convabuse,llama,48,GPP-laplace,2,256,0.43665951870837016,0.14703423803898538,0.25672594023469303,0.4083253315225683,0.8464285714285714,0.8214285714285714,0.2950321137905121,0.1639973223209381,0.14901964213458907,0.1417143583316185,0.14901964213458913,0.14171435833161855,0.1455698749819345,0.13805692079174597,0.14906289718027493,0.14162391713772815,0.14556987478452155,0.13805692062349584,0.14906289677261575,0.141623916735422,0.13289497820656296,0.12197069337540949,
lewidi_convabuse,llama,48,LPE,2,256,0.3966275517516963,0.10597901138455337,0.17376247420630708,0.23106531807045444,0.8595238095238096,0.844047619047619,0.16071701049804688,0.0896434411406517,0.24847904642281737,0.2343895200344609,0.24847904642281743,0.23438952003446095,0.24665481734456385,0.2360276464955934,0.24854078087441148,0.23485149651302872,0.24665481738977366,0.2360276464836637,0.24854078084572934,0.23485149637384606,0.26373367430574457,0.27101486244676787,
lewidi_convabuse,llama,48,LP-temp,2,256,0.431437334299564,0.1487559862923177,0.2585620075966912,0.42112534026709975,0.8142857142857143,0.8035714285714286,0.48274202355148116,,0.20710279194992381,,0.20710279194992387,,0.20990618757876245,,0.20768292663905089,,0.20990618785801202,,0.20768292715557507,,0.2137443684472,,
lewidi_convabuse,llama,48,GPP-cosine,2,1024,0.3402969988615374,0.09503762702699094,0.16764142612445745,0.2691509230603751,0.8714285714285714,0.8607142857142858,0.28683391213417053,0.006095095071941614,0.21279983590538806,0.17877684987265374,0.2127998359053881,0.1787768498726538,0.2125007940938461,0.164657218402519,0.21269047025287072,0.1762922679090263,0.2125007942018024,0.16465721872943767,0.21269047023200718,0.17629226799826264,0.21278865815926296,0.22687367469644634,
lewidi_convabuse,llama,48,GPP-rbf,2,1024,0.3208907740349831,0.0832607563986079,0.1436224030235843,0.21397356753910685,0.888095238095238,0.8726190476190476,0.19787797331809998,0.03643053025007248,0.3362819389249,0.2963997300255966,0.3362819389249,0.2963997300255966,0.3258502647410951,0.28493463587705475,0.3355082022073613,0.2956094615529838,0.32585026514995874,0.28493463593294743,0.33550820244602414,0.2956094613607583,0.31701453139959773,0.2983283348951922,
lewidi_convabuse,llama,48,GPP-laplace,2,1024,0.4058245202220562,0.1270103834321533,0.21929776825210345,0.34061297116537625,0.8464285714285714,0.8214285714285714,0.24251265823841095,0.13139884173870087,0.1930120448750267,0.18350108784214225,0.19301204487502674,0.18350108784214228,0.1904262293199811,0.18006511514702483,0.19329388078978932,0.18357810470859015,0.19042622925913877,0.18006511510000286,0.1932938804874615,0.18357810440963632,0.19564883991096435,0.1848328083257026,
lewidi_convabuse,llama,48,LPE,2,1024,0.3463339952937114,0.08248198246594933,0.14000371910935322,0.19447667766882762,0.8857142857142857,0.8726190476190476,0.08401572704315186,0.1195545345544815,0.2584230305938994,0.2639063812573916,0.2584230305938994,0.26390638125739163,0.2556454402737611,0.25687275750748806,0.258586369695956,0.2634990706127668,0.25564544047081483,0.2568727578915896,0.25858636967582527,0.2634990708788686,0.2652359293860217,0.2719615188889857,
lewidi_convabuse,llama,48,LP-temp,2,1024,0.36922972537770266,0.11297496497672656,0.1980950102396939,0.32869585985322247,0.8690476190476191,0.8583333333333333,0.36524331593744175,,0.19346727703660122,,0.19346727703660127,,0.19244264562853422,,0.19358587782673117,,0.1924426457604549,,0.19358587774832267,,0.194489435177073,,
lewidi_convabuse,llama,48,GPP-cosine,3,16,0.9174278857121614,0.2798135421885589,0.39862082290713996,0.3939145255863627,0.6047619047619047,0.6154761904761905,0.3548804223537445,0.055719804018735886,-0.05579768305399761,0.02200378154272232,-0.055797683053997627,0.022003781542722325,-0.051793834970147945,0.01670175750395456,-0.0556854766778422,0.02113616311423242,-0.05179383526480216,0.01670175748872814,-0.05568547711764281,0.021136162771384456,-0.05577276584215037,0.014199026662334269,
lewidi_convabuse,llama,48,GPP-rbf,3,16,0.4339716555388416,0.14218752201974086,0.24604534360668845,0.3905816850207509,0.8476190476190476,0.8226190476190476,0.30077624320983887,0.13114088773727417,0.14198654875646366,0.12339194546818698,0.14198654875646366,0.12339194546818699,0.1377654380792739,0.12033476146118055,0.14191735178821724,0.12340170281597301,0.1377654380843104,0.1203347613163713,0.1419173517007453,0.12340170245135501,0.1325089427243694,0.1171964467831229,
lewidi_convabuse,llama,48,GPP-laplace,3,16,0.5869166230213102,0.22754175089820883,0.3914568655902431,0.5856284026836414,0.8464285714285714,0.8214285714285714,0.42652034759521484,0.244498148560524,0.1184178761711234,0.09679211396451941,0.11841787617112341,0.09679211396451944,0.11627197557327562,0.09561442078139357,0.11867144605011093,0.0968142990037863,0.11627197560052943,0.09561442078885418,0.11867144608525347,0.09681429886980929,0.13698893933078182,0.07103649059560756,
lewidi_convabuse,llama,48,LPE,3,16,0.6472685398929514,0.1318696821439515,0.1748533383870381,0.15222674235899789,0.8476190476190476,0.8226190476190476,0.08773920685052872,0.011866978369653225,0.11940466180429118,0.12887692527946804,0.11940466180429121,0.1288769252794681,0.11941317506554167,0.12430404862500652,0.11953855271910949,0.12851911312602587,0.11941317531135767,0.12430404854974517,0.11953855295578757,0.12851911288204412,0.07472181578879039,0.07828083129282644,
lewidi_convabuse,llama,48,LP-temp,3,16,0.43644586782989275,0.13562165004742174,0.23032901209429793,0.36416971515965096,0.8464285714285714,0.8214285714285714,0.3874940991441651,,0.09375460670545217,,0.09375460670545219,,0.09366583416866654,,0.09388804946372115,,0.09366583453763883,,0.09388804991628419,,0.0712439774071273,,
lewidi_convabuse,llama,48,GPP-cosine,3,64,0.5312996162443924,0.15470156307686558,0.24991266437104143,0.34621666117874733,0.7773809523809524,0.7738095238095238,0.3354133367538452,0.03690045326948166,0.09441240565034137,0.0626624343488788,0.09441240565034137,0.0626624343488788,0.09933010208249085,0.05714477382770752,0.0955688118892784,0.06180079029021389,0.09933010208254622,0.05714477417299134,0.09556881196180034,0.06180079075986369,0.09487579641905351,0.11584754335005581,
lewidi_convabuse,llama,48,GPP-rbf,3,64,0.40416470474738864,0.1305079956925442,0.22965210034966557,0.3755808792180352,0.8535714285714285,0.8285714285714286,0.3082270920276642,0.10670933127403259,0.14435976152791508,0.14238521927535433,0.1443597615279151,0.14238521927535436,0.14432054460076865,0.1416124313467481,0.14552381943765147,0.14319210210391434,0.14432054406506994,0.1416124308366215,0.14552381844311163,0.14319210112062242,0.14133528067510545,0.1431804715154071,
lewidi_convabuse,llama,48,GPP-laplace,3,64,0.489201832494735,0.18197806840051436,0.3208092348284221,0.5152824074627979,0.8464285714285714,0.8214285714285714,0.3799813985824585,0.21473123133182526,0.14309777110287955,0.13372489184954578,0.14309777110287958,0.1337248918495458,0.13881042127093507,0.12930742450399804,0.14306895295653316,0.1335201252544138,0.13881042116531828,0.1293074244089778,0.14306895271270686,0.1335201249721732,0.12001444772186147,0.09457006635989738,
lewidi_convabuse,llama,48,LPE,3,64,0.4729974274847481,0.11327933449281798,0.17513632978524193,0.22060821108200385,0.8595238095238096,0.8345238095238096,0.16448462009429932,0.03770149499177933,0.13148458457364023,0.06110287824116198,0.13148458457364023,0.061102878241161986,0.13496648669335803,0.0595780844767011,0.13320770401785148,0.0618600026339932,0.1349664860312075,0.05957808399810925,0.13320770285485212,0.06186000181044055,0.12233636624609871,0.12248226982400008,
lewidi_convabuse,llama,48,LP-temp,3,64,0.397958019869964,0.1293937645604439,0.2293909607562975,0.3903939707503136,0.8547619047619047,0.8321428571428572,0.4326671942108258,,0.13305644351446025,,0.13305644351446028,,0.13784448538546235,,0.134837065526239,,0.13784448492287718,,0.1348370646732453,,0.128214977023395,,
lewidi_convabuse,llama,48,GPP-cosine,3,256,0.41872356776432645,0.11540518970372612,0.19205441975822113,0.2761444788366032,0.8523809523809524,0.844047619047619,0.2737148702144623,0.014035962522029877,0.13452774762699743,0.1307161513768017,0.13452774762699746,0.13071615137680173,0.13175136462208703,0.11782145685239617,0.1343083367597233,0.12821913951865443,0.13175136515852803,0.11782145784740508,0.13430833754231464,0.12821914068016987,0.1444103425013583,0.1843373750548566,
lewidi_convabuse,llama,48,GPP-rbf,3,256,0.3891080826572333,0.10666470627930545,0.17914320326568225,0.2681564127347038,0.8607142857142858,0.8380952380952381,0.21848100423812866,0.056591711938381195,0.16230001329394633,0.1432987288244144,0.16230001329394636,0.14329872882441444,0.151825713419399,0.13457713267534072,0.16161215161599182,0.14267657226405928,0.15182571366599246,0.1345771327230621,0.16161215207255206,0.14267657235055195,0.1810177910632741,0.1750587206381713,
lewidi_convabuse,llama,48,GPP-laplace,3,256,0.4308908884088304,0.14285358146594157,0.248950912165899,0.3948326022660532,0.8476190476190476,0.8226190476190476,0.2834624648094177,0.15692807734012604,0.1433337392606357,0.13754956944707714,0.14333373926063572,0.13754956944707714,0.13882693735897808,0.13293787860740786,0.14335079983862115,0.13742792999359843,0.13882693714525873,0.13293787842067573,0.14335079944491086,0.13742792960102929,0.12307615085499658,0.11587116876256459,
lewidi_convabuse,llama,48,LPE,3,256,0.4870192105090956,0.10200996318116887,0.15571261856941981,0.18294303818271082,0.8666666666666667,0.844047619047619,0.1126050278544426,0.04680224508047104,0.1465637379553678,0.1353164574025099,0.1465637379553678,0.13531645740250992,0.13576339316444364,0.12969166325423157,0.14591848635467886,0.1355868950203835,0.1357633936341643,0.12969166350785588,0.14591848730475973,0.13558689560579273,0.1664621453759698,0.1861039340992234,
lewidi_convabuse,llama,48,LP-temp,3,256,0.3919614706665043,0.11572995243665699,0.20050094208518485,0.3277450997694226,0.8654761904761905,0.8476190476190476,0.35011886375042195,,0.12715066978154133,,0.12715066978154133,,0.11570286498881469,,0.1258029146846129,,0.11570286557057283,,0.12580291558593007,,0.12852509686336938,,
lewidi_convabuse,llama,48,GPP-cosine,3,1024,0.3138400527383322,0.08436753980806717,0.15082973594873822,0.2545757463066839,0.8964285714285715,0.8857142857142857,0.2805759906768799,0.006155200302600861,0.28931956246152646,0.21810241644726303,0.2893195624615265,0.21810241644726308,0.28561299704537624,0.2039572174536478,0.2895222049112893,0.21648853201549512,0.2856129972101571,0.2039572181344963,0.289522205166019,0.21648853288638548,0.27596972471978864,0.26836767170302234,
lewidi_convabuse,llama,48,GPP-rbf,3,1024,0.2998011440562741,0.0770915211778054,0.13596139631727489,0.21537622750356752,0.8952380952380953,0.875,0.20267504453659058,0.03667484596371651,0.35415996464139693,0.31491573005902856,0.354159964641397,0.3149157300590286,0.3498899992739608,0.31061056361593176,0.35479821226187147,0.31541132381709,0.34988999983848806,0.3106105638269082,0.35479821304926545,0.3154113240442009,0.33376460721377615,0.31104230884846834,
lewidi_convabuse,llama,48,GPP-laplace,3,1024,0.39538103010491565,0.12445952166254846,0.2174435786104628,0.3440901364535143,0.8476190476190476,0.8226190476190476,0.24564267694950104,0.13289664685726166,0.19759187550495882,0.18862201183594257,0.19759187550495885,0.18862201183594257,0.19642230375103253,0.1864869099381426,0.1981389468992381,0.1889243138596523,0.19642230379453257,0.18648690998419554,0.19813894683603692,0.1889243137718089,0.19957318663113421,0.18739359463237687,
lewidi_convabuse,llama,48,LPE,3,1024,0.3369980242913816,0.07596072282904667,0.1300095906590424,0.18017142379019294,0.8964285714285715,0.8904761904761904,0.0830356627702713,0.10853809118270874,0.3138582619233302,0.2932609766381835,0.31385826192333033,0.2932609766381836,0.30697646926686334,0.28763594113535795,0.31396878212925095,0.2935749717890685,0.3069764697493967,0.2876359418927026,0.31396878302023334,0.29357497302277047,0.3088394895279002,0.30231568120538,
lewidi_convabuse,llama,48,LP-temp,3,1024,0.3418906039134106,0.10381374501544627,0.1862821937098845,0.3154515374799201,0.8726190476190476,0.8642857142857143,0.35550415829373044,,0.23917269990696405,,0.2391726999069641,,0.23073332143798228,,0.23825728383524386,,0.23073332196440907,,0.2382572847831527,,0.24021923119655952,,
lewidi_convabuse,llama,48,GPP-cosine,4,16,0.9802303405056766,0.2788053324490425,0.37354023484374577,0.30072303138495265,0.6369047619047619,0.6285714285714286,0.24884498119354248,0.05149780586361885,0.04008598489821103,0.049840577045052015,0.04008598489821104,0.049840577045052015,0.028464874427573547,0.039736102924598136,0.0382215563948918,0.04783050902327663,0.028464874570360774,0.039736103153845785,0.03822155670170365,0.04783050907016394,0.04286686750670734,0.09129346251138945,
lewidi_convabuse,llama,48,GPP-rbf,4,16,0.44068597901457196,0.15211483158817754,0.26942714308610277,0.4440607229676113,0.8464285714285714,0.8214285714285714,0.35964903235435486,0.14059002697467804,0.12709442385054992,0.13348363013275832,0.12709442385054995,0.13348363013275832,0.12155575168314246,0.131818839724305,0.1261518750978197,0.13344332534829895,0.12155575197212827,0.13181883966757635,0.12615187576142456,0.13344332521966218,0.14056045939154702,0.12161573137503333,
lewidi_convabuse,llama,48,GPP-laplace,4,16,0.5975323597715346,0.23205368062901072,0.3980157022408786,0.5897666227047959,0.8392857142857143,0.8142857142857143,0.4298417270183563,0.24536718428134918,0.1010995122625433,0.08807757849766033,0.1010995122625433,0.08807757849766035,0.09850791642735848,0.08641063455895354,0.10111012257719898,0.08781772123763053,0.09850791645589846,0.08641063455600669,0.10111012267063536,0.08781772109989978,0.11973733171194272,0.06928048867700394,
lewidi_convabuse,llama,48,LPE,4,16,0.4781058251130082,0.13522996740331691,0.21593331808107905,0.3005282794973772,0.8392857142857143,0.8142857142857143,0.22489944100379944,0.079042948782444,0.11808064875824756,0.029003442359689456,0.11808064875824759,0.029003442359689463,0.11229655009480807,0.023019138657127326,0.11726511481230757,0.027485997923354703,0.11229655041405578,0.023019139052654288,0.11726511548160073,0.02748599902722304,0.11713185698941665,0.08280758332515104,
lewidi_convabuse,llama,48,LP-temp,4,16,0.492845425361052,0.1831209464764712,0.3244177567594869,0.5291431193941636,0.8297619047619048,0.8047619047619048,0.604140732173538,,0.08861530949431708,,0.08861530949431709,,0.07981859227751414,,0.08728489731880155,,0.0798185926124026,,0.0872848979884197,,0.10116965366281447,,
lewidi_convabuse,llama,48,GPP-cosine,4,64,0.5792777660508528,0.16896826122329395,0.260089051614133,0.30527450704706166,0.7535714285714286,0.7380952380952381,0.28880760073661804,0.02762848138809204,0.07605029419374176,0.1004904612761219,0.07605029419374176,0.10049046127612193,0.06475456782090527,0.07803347861175547,0.07440296443914926,0.09699884027501446,0.06475456779363906,0.07803347878744876,0.07440296448772431,0.09699884018324736,0.08028026208218225,0.1446785242446523,
lewidi_convabuse,llama,48,GPP-rbf,4,64,0.44569506545228244,0.13602117338192232,0.22671169733539934,0.33810055017607027,0.844047619047619,0.819047619047619,0.26451990008354187,0.09197880327701569,0.08785756388796828,0.09547264285160037,0.08785756388796828,0.09547264285160037,0.08070872326961104,0.09194447500873801,0.08692163940101841,0.09520379314307427,0.08070872314502817,0.09194447476643308,0.08692163914028378,0.09520379263318138,0.08606025427205029,0.1010417381972571,
lewidi_convabuse,llama,48,GPP-laplace,4,64,0.47952676115435316,0.17611054099839726,0.31082730448383483,0.5019807093103398,0.8464285714285714,0.8214285714285714,0.36886799335479736,0.20869453251361847,0.14000740673233797,0.12936279321431468,0.14000740673233797,0.12936279321431468,0.13546922458023525,0.12480048345536454,0.13977875236831766,0.12899143048467865,0.13546922448459056,0.12480048336876812,0.1397787521675157,0.12899143023915174,0.11760205907134325,0.09699154302159033,
lewidi_convabuse,llama,48,LPE,4,64,0.6422910848091187,0.1368151055850929,0.18868361295906305,0.1865977698913302,0.844047619047619,0.819047619047619,0.11468193680047989,0.024721268564462662,0.008762952965550807,0.02692115232938281,0.00876295296555081,0.02692115232938279,0.004154321482271443,0.02199231989355549,0.007939237459758136,0.026044482745343836,0.004154321676881215,0.021992319777719614,0.007939237684166971,0.026044482517563042,0.0348060578356217,0.06361809398511892,
lewidi_convabuse,llama,48,LP-temp,4,64,0.452279414323159,0.14563032422263905,0.24827517063608717,0.3893378826522475,0.825,0.8047619047619048,0.4160652459812733,,0.017123039451468782,,0.017123039451468793,,0.01120798863141544,,0.015660371089753954,,0.01120798893651305,,0.015660371510881586,,0.025452956891305663,,
lewidi_convabuse,llama,48,GPP-cosine,4,256,0.4669143203208865,0.13477317231952612,0.21828789093190287,0.2908054489733541,0.8047619047619048,0.7916666666666666,0.29054269194602966,0.017308834940195084,0.14278444803438844,0.06365650581063921,0.14278444803438844,0.06365650581063922,0.14496547220429812,0.06017466218607477,0.1435087641186445,0.06305746961795382,0.1449654722791497,0.06017466255779409,0.1435087640485174,0.06305746988157357,0.15096956331855,0.16830711414081043,
lewidi_convabuse,llama,48,GPP-rbf,4,256,0.36782368498692697,0.11046215752884575,0.19459916992484413,0.3084160227382064,0.861904761904762,0.8392857142857143,0.2662997543811798,0.07212469726800919,0.20169854900326162,0.17248356773032275,0.20169854900326162,0.17248356773032278,0.18331555118775827,0.1592801303823383,0.19958283811108463,0.1710300007622364,0.1833155515449361,0.159280130441951,0.19958283812178318,0.17103000039351274,0.1985254858541445,0.18313329898784123,
lewidi_convabuse,llama,48,GPP-laplace,4,256,0.4325507349052675,0.14663480307589988,0.257538003548758,0.4121393107397837,0.8464285714285714,0.8214285714285714,0.2987678349018097,0.165511816740036,0.14465961382331594,0.13876855890795783,0.14465961382331594,0.13876855890795786,0.13899930929329568,0.1330740558731698,0.14436663983921943,0.1383446398899032,0.13899930922508513,0.13307405581733955,0.14436663958637164,0.13834463962331117,0.12588308218613886,0.11575801277380231,
lewidi_convabuse,llama,48,LPE,4,256,0.3997438334889595,0.10272229434739408,0.1700184751688604,0.22734093768666622,0.8535714285714285,0.830952380952381,0.16632886230945587,0.07095829397439957,0.21236749622857698,0.18652900522910193,0.212367496228577,0.18652900522910196,0.19203045529060048,0.16788766314363937,0.21026010123098754,0.18491355122176142,0.19203045571898775,0.1678876632442568,0.2102601013362957,0.1849135509629859,0.20843640619113019,0.21279245052482837,
lewidi_convabuse,llama,48,LP-temp,4,256,0.3903081580512984,0.12323879181991976,0.21462802951467372,0.34920170457767086,0.8392857142857143,0.8238095238095238,0.3883162179151902,,0.1810129300710328,,0.1810129300710328,,0.16386071547522124,,0.17902773410792577,,0.16386071599928803,,0.17902773462808125,,0.17249233119678778,,
lewidi_convabuse,llama,48,GPP-cosine,4,1024,0.3333481877370798,0.09266777362697082,0.16430492331423271,0.26881265272124394,0.8714285714285714,0.8583333333333333,0.29058337211608887,0.006318782456219196,0.24387088204278395,0.19737913261010423,0.24387088204278398,0.19737913261010426,0.24853998563246837,0.19468818284656683,0.2451584128409363,0.19736931385200546,0.2485399857775856,0.1946881833193979,0.24515841319567414,0.19736931468014163,0.24244714346986695,0.24553356531008827,
lewidi_convabuse,llama,48,GPP-rbf,4,1024,0.3055598652612569,0.0788152645777296,0.1392565832519765,0.2202794237121011,0.8916666666666667,0.8785714285714286,0.20441637933254242,0.037527889013290405,0.3288644191966288,0.2876237081170757,0.3288644191966288,0.28762370811707577,0.3182713539200517,0.27985339453868463,0.3286831936406266,0.28765702437072893,0.3182713543046969,0.2798533945991188,0.32868319401262275,0.2876570242574553,0.30325526539830017,0.29534278505245953,
lewidi_convabuse,llama,48,GPP-laplace,4,1024,0.3966997074845605,0.12572462751687696,0.2200284842684466,0.35061379668888915,0.85,0.825,0.2515403926372528,0.13630245625972748,0.19196183716154425,0.18562353523953692,0.19196183716154425,0.18562353523953695,0.18512312947552084,0.17856366770332888,0.19204110717541298,0.18554103265979674,0.18512312932437486,0.17856366757349695,0.19204110677925712,0.1855410322716975,0.19211649054498056,0.18546304140139808,
lewidi_convabuse,llama,48,LPE,4,1024,0.3677682634941989,0.08202255389072817,0.13668443300939423,0.18937418614339668,0.8904761904761904,0.8797619047619047,0.08588607609272003,0.11376546323299408,0.25781558671560145,0.2794140963231471,0.25781558671560145,0.2794140963231472,0.25223203078675926,0.27504355855487034,0.25766434795009235,0.2796047214735473,0.2522320314699191,0.2750435591011279,0.2576643489644766,0.2796047223281316,0.2629817097119452,0.28328644493457783,
lewidi_convabuse,llama,48,LP-temp,4,1024,0.3936152129521319,0.11845665981851351,0.20365192718643654,0.3290496361848591,0.8583333333333333,0.85,0.3616305824655052,,0.1641832693295704,,0.16418326932957042,,0.1627786638417201,,0.16436984153095097,,0.16277866410919012,,0.16436984210379096,,0.16415074981204017,,
lewidi_convabuse,llama,64,GPP-cosine,0,16,0.8273406366127888,0.2703556058512658,0.4028582813363755,0.4456351895099409,0.6011904761904762,0.5976190476190476,0.41998350620269775,0.08112355321645737,0.056432047078681435,0.138586819265385,0.05643204707868145,0.13858681926538502,0.059437039430961985,0.13109604127837396,0.05701353780760672,0.13782167498168937,0.059437039224903086,0.13109604132920438,0.057013537666184944,0.13782167501910902,0.048022451831050146,0.1271878950988262,
lewidi_convabuse,llama,64,GPP-rbf,0,16,0.4938872827493132,0.12978646637057226,0.1965527836333162,0.25186298977037613,0.8476190476190476,0.8226190476190476,0.2021879404783249,0.0339675135910511,0.15355728010707936,0.12233326818459306,0.15355728010707942,0.12233326818459307,0.15514291139946096,0.12588745973627918,0.15440577633024674,0.12338519780954912,0.15514291126396434,0.1258874594514998,0.15440577620620438,0.12338519736534646,0.13849804458489554,0.12634166801318045,
lewidi_convabuse,llama,64,GPP-laplace,0,16,0.5673591107642355,0.21891506408253017,0.37940772883594037,0.5799950261677407,0.8452380952380952,0.8202380952380952,0.42237505316734314,0.24244143068790436,0.13637837262578126,0.10223580426198874,0.13637837262578126,0.10223580426198875,0.13580864523044744,0.10300914611951607,0.13709368511381897,0.1026193266935962,0.13580864518736668,0.10300914606125165,0.1370936850738002,0.10261932642427543,0.13483229688020068,0.06945500617547394,
lewidi_convabuse,llama,64,LPE,0,16,0.7432006488073,0.13469041563301473,0.16991805520533707,0.12397078132960103,0.8476190476190476,0.8226190476190476,0.04695625230669975,0.011031444184482098,0.15276458218026578,0.07743243686340859,0.15276458218026578,0.0774324368634086,0.14400857218659974,0.07374966688812525,0.15246732525607917,0.07740978699569963,0.14400857211978046,0.07374966683059331,0.15246732530431273,0.07740978700066961,0.10204920915034355,0.08819527067173316,
lewidi_convabuse,llama,64,LP-temp,0,16,0.4342475744240668,0.13607481678898842,0.23214951274475717,0.37175875499911865,0.8476190476190476,0.8226190476190476,0.3970149918620995,,0.13086110376913154,,0.13086110376913154,,0.12975743962627614,,0.13112342237302876,,0.12975743956240676,,0.1311234224347096,,0.08524310198907263,,
lewidi_convabuse,llama,64,GPP-cosine,0,64,0.7400218514719054,0.18643036332838542,0.2652807883374784,0.27876008017759674,0.7714285714285715,0.7654761904761904,0.2541314661502838,0.032546937465667725,0.1066643898121505,0.13261840664368924,0.10666438981215053,0.13261840664368924,0.09732686251286107,0.11468353142939866,0.10605027071253528,0.13059835777574202,0.09732686223937889,0.11468353148647345,0.1060502705059293,0.1305983578766284,0.10297065200756146,0.12485538528337024,
lewidi_convabuse,llama,64,GPP-rbf,0,64,0.41587804826537006,0.12975863680131963,0.22409894698122074,0.3593843017975225,0.8547619047619047,0.8297619047619048,0.2922552525997162,0.09671095758676529,0.11807846489289744,0.12170539910748002,0.11807846489289744,0.12170539910748002,0.11298593902781395,0.12036557061697857,0.11831461794178885,0.12232180373511893,0.11298593901243213,0.12036557047378141,0.11831461788332134,0.12232180341200333,0.12197344369458077,0.12373398961877179,
lewidi_convabuse,llama,64,GPP-laplace,0,64,0.47305310138410056,0.17245514360938716,0.30518933182160946,0.49804808094371794,0.8476190476190476,0.8226190476190476,0.3641086518764496,0.20628783106803894,0.12822653224129926,0.11746224299334262,0.12822653224129926,0.11746224299334265,0.1252359081211903,0.11423145341582525,0.12838994023690592,0.11742999180511329,0.12523590809336468,0.11423145339467439,0.12838994013099178,0.1174299916411572,0.11205258121003175,0.09530669066415744,
lewidi_convabuse,llama,64,LPE,0,64,0.4992297728965919,0.11709975821178731,0.17556265794541798,0.20870539904570581,0.8535714285714285,0.830952380952381,0.15117865800857544,0.03302427753806114,0.1121492556277701,0.09958421407402009,0.1121492556277701,0.0995842140740201,0.10598651746113694,0.09561851076014172,0.11239905377560126,0.09998422972337082,0.1059865175690596,0.09561851072715886,0.11239905398457187,0.09998422970027247,0.11123290068334384,0.13581079484452446,
lewidi_convabuse,llama,64,LP-temp,0,64,0.4234598698934623,0.14690887253303275,0.264037740117601,0.45428708620703506,0.8535714285714285,0.830952380952381,0.5120570979558243,,0.12238458512469898,,0.122384585124699,,0.11152688221233732,,0.12194424320057004,,0.11152688242684987,,0.12194424358750239,,0.12351577485421115,,
lewidi_convabuse,llama,64,GPP-cosine,0,256,0.3670722593691851,0.10186532837539983,0.17376889209695254,0.26006014960392654,0.8607142857142858,0.8523809523809524,0.26511961221694946,0.020204681903123856,0.24661230326882488,0.1910335984543483,0.24661230326882488,0.19103359845434834,0.24271946649999251,0.17926147977822765,0.24671272127517418,0.1898884671475058,0.24271946621387586,0.1792614796885887,0.2467127206411071,0.18988846677717386,0.24360791482198008,0.25314045273881414,
lewidi_convabuse,llama,64,GPP-rbf,0,256,0.40135103200780287,0.11069525562286114,0.18351501979382842,0.2622520626884692,0.8559523809523809,0.830952380952381,0.21590140461921692,0.05755271017551422,0.207430245310267,0.19718496450817027,0.207430245310267,0.1971849645081703,0.19951602742176125,0.1940322482445253,0.20754658313172042,0.1979514265370837,0.19951602734574525,0.19403224793097723,0.20754658268112824,0.197951425828561,0.20481210050154924,0.20233638617917993,
lewidi_convabuse,llama,64,GPP-laplace,0,256,0.43665500102858057,0.14190743570955258,0.24403799097608064,0.3815745456494837,0.8464285714285714,0.8214285714285714,0.27147045731544495,0.150306835770607,0.14179375768387828,0.13527945055860024,0.1417937576838783,0.1352794505586003,0.14203761080570992,0.13515121170562866,0.14252975118693745,0.13584407658736697,0.1420376106387789,0.13515121156030832,0.14252975079036603,0.13584407619328892,0.1288559038866758,0.1219660474907934,
lewidi_convabuse,llama,64,LPE,0,256,0.462036278576768,0.10340145902880167,0.16023593383160373,0.18642724048366266,0.8607142857142858,0.8404761904761905,0.12201671302318573,0.05740046128630638,0.20977645207786813,0.23709407709300218,0.20977645207786816,0.2370940770930022,0.19506382656367477,0.22605944491783075,0.20884819036907917,0.23658645654992333,0.19506382662100685,0.226059444804539,0.20884819002579136,0.23658645595097622,0.2158089527602785,0.2414057633021529,
lewidi_convabuse,llama,64,LP-temp,0,256,0.39241578108326153,0.12477283028825699,0.21999241080813164,0.3689609803019132,0.8571428571428571,0.8392857142857143,0.4135173760640405,,0.18912610820737508,,0.18912610820737513,,0.17853413424910297,,0.1882003939144748,,0.17853413428484033,,0.1882003936417901,,0.1853833675590691,,
lewidi_convabuse,llama,64,GPP-cosine,0,1024,0.32815388816346047,0.09256397867846326,0.16310044248169733,0.26085904607365673,0.8714285714285714,0.8630952380952381,0.2903805673122406,0.00735086714848876,0.29037137013912157,0.26592180937550713,0.2903713701391216,0.2659218093755072,0.283507356123585,0.25170097733932123,0.28996251421333824,0.264452022647522,0.2835073564996399,0.2517009782990227,0.2899625146530451,0.2644520239600645,0.28363985240672673,0.29172398000122124,
lewidi_convabuse,llama,64,GPP-rbf,0,1024,0.3273438486048029,0.08646383249624462,0.1492374386423762,0.22431362719965606,0.8785714285714286,0.8607142857142858,0.21399761736392975,0.03798915445804596,0.3467101425182276,0.3272781339248797,0.34671014251822774,0.32727813392487975,0.33087437881007953,0.3173909921045902,0.34482983800321504,0.32639931706991976,0.33087437950764786,0.31739099246798497,0.3448298387906841,0.3263993173802634,0.3294423012674279,0.32088235137356974,
lewidi_convabuse,llama,64,GPP-laplace,0,1024,0.3958585572052671,0.12584144735567315,0.22066056147949503,0.35348678485114554,0.85,0.825,0.25479307770729065,0.13803426921367645,0.21274734456169495,0.20176524705670942,0.21274734456169497,0.20176524705670945,0.20758510191708102,0.19614009538753893,0.2127500359383232,0.2016095959864046,0.2075851020365674,0.19614009551462103,0.2127500359325596,0.2016095959662066,0.2080297689392435,0.20019163262466697,
lewidi_convabuse,llama,64,LPE,0,1024,0.3742660536370347,0.08694861277013809,0.14511832455874624,0.19571888367885837,0.8785714285714286,0.8702380952380953,0.09116681665182114,0.12146579474210739,0.2629978717175053,0.2983260273658721,0.2629978717175054,0.2983260273658721,0.25259292421583085,0.28891838275522697,0.2609447211925523,0.2972998066084267,0.25259292456576116,0.28891838318452173,0.26094472151125336,0.2972998069148095,0.2751915893870424,0.29200880032136517,
lewidi_convabuse,llama,64,LP-temp,0,1024,0.3843298752274097,0.12186119730603931,0.21359240963114823,0.3590117977220504,0.8559523809523809,0.85,0.40923533709762516,,0.21887048097573983,,0.21887048097573986,,0.2135122481919162,,0.21796403662597733,,0.21351224856272308,,0.2179640372181898,,0.22576216993122789,,
lewidi_convabuse,llama,64,GPP-cosine,1,64,0.5197876791124055,0.16066855062536015,0.26034442935129587,0.36266031455203496,0.794047619047619,0.7880952380952381,0.3385542631149292,0.048653267323970795,0.05160429646971392,0.0730424041521639,0.05160429646971394,0.07304240415216391,0.0563371473145937,0.06925735545819571,0.05257674522043316,0.07272277473659021,0.05633714759745269,0.06925735605063099,0.05257674555101369,0.07272277542604252,0.051907559525527495,0.08684751222101031,
lewidi_convabuse,llama,64,GPP-rbf,1,64,0.43343099198553675,0.12845543508932686,0.21414852966665335,0.32025527697041234,0.8464285714285714,0.8214285714285714,0.25176534056663513,0.08104167878627777,0.09171943971432885,0.10306628812392352,0.09171943971432886,0.10306628812392353,0.08884331838331282,0.10270374478999975,0.09175906896355356,0.10350692228748942,0.08884331844703042,0.1027037446918472,0.09175906875279471,0.10350692185306073,0.1038360453925758,0.10854985329400473,
lewidi_convabuse,llama,64,GPP-laplace,1,64,0.4659610065488589,0.167745960243671,0.29630284880709257,0.4825370331296736,0.8464285714285714,0.8214285714285714,0.3525184392929077,0.1990126520395279,0.13038532078427034,0.11896128160933177,0.1303853207842704,0.11896128160933177,0.12766119528913972,0.11602436625592265,0.13069154205944922,0.11909549614216988,0.12766119524848737,0.11602436622547768,0.1306915418907369,0.11909549593444198,0.11319403199703465,0.09549829053884913,
lewidi_convabuse,llama,64,LPE,1,64,0.587101255192276,0.12581859071918847,0.1782932362556797,0.18344707015194656,0.8428571428571429,0.8178571428571428,0.11969015002250671,0.018893331289291382,0.04982732275905692,0.00045028424350258747,0.04982732275905692,0.00045028424350259354,0.0459863750602103,-0.0031626707337932547,0.04946628823482374,0.00013292601454488982,0.045986375074208385,-0.003162670782074881,0.0494662879770519,0.00013292581328933246,0.07599658018332664,0.09726370504045519,
lewidi_convabuse,llama,64,LP-temp,1,64,0.4293148768860468,0.13700543475870797,0.23820183256491825,0.386767382442045,0.8428571428571429,0.8178571428571428,0.4155005307444155,,0.04696741670923753,,0.04696741670923754,,0.04557038984453443,,0.04679380107059756,,0.045570390059746106,,0.04679380101835782,,0.05415721811128882,,
lewidi_convabuse,llama,64,GPP-cosine,1,256,0.3738105672293998,0.09943480262756725,0.16739203485033266,0.2555319632584787,0.8702380952380953,0.861904761904762,0.2537332773208618,0.017318304628133774,0.19968327344630626,0.1752027298981208,0.19968327344630626,0.17520272989812083,0.19773669565825872,0.16456817734365445,0.19993712122746807,0.17386317528119025,0.19773669565726132,0.16456817773013768,0.19993712102604655,0.17386317544766489,0.1966119811854823,0.227427651626505,
lewidi_convabuse,llama,64,GPP-rbf,1,256,0.3769255783301915,0.10627937030967029,0.1820557169768671,0.2837190889501644,0.8690476190476191,0.8464285714285714,0.23830319941043854,0.06329496204853058,0.19785169579450163,0.1903249000612341,0.19785169579450163,0.19032490006123415,0.18769469720934884,0.18231394717043897,0.1973316074348522,0.19018390957610887,0.18769469706732342,0.1823139469451435,0.1973316067914649,0.19018390882444347,0.19026819064822434,0.19611142309630464,
lewidi_convabuse,llama,64,GPP-laplace,1,256,0.43145105462156236,0.14282640135361152,0.24845208265663435,0.39587802430928914,0.8464285714285714,0.8214285714285714,0.2846747934818268,0.15785622596740723,0.1571044175796987,0.1469761817487435,0.1571044175796987,0.1469761817487435,0.154193654401461,0.14362081215793124,0.1574128283287194,0.1471323639592144,0.15419365433133891,0.14362081211184213,0.15741282811239213,0.14713236373969307,0.1457041199719049,0.13486822117424418,
lewidi_convabuse,llama,64,LPE,1,256,0.4524879919240599,0.09893376651381607,0.15534984046419464,0.19900331944373736,0.875,0.8547619047619047,0.1359938681125641,0.05622464045882225,0.182344463207356,0.22230893490261033,0.18234446320735603,0.22230893490261033,0.17060955054146587,0.20636847863819344,0.18138365601319023,0.22129967821212498,0.1706095504492013,0.2063684783223554,0.18138365532244824,0.22129967721122354,0.16753350573092385,0.20446639733962554,
lewidi_convabuse,llama,64,LP-temp,1,256,0.4019196754121393,0.11829757709868154,0.2025867347196094,0.3339015450872159,0.8773809523809524,0.861904761904762,0.3585797455513649,,0.1280958707489629,,0.12809587074896292,,0.11646595952928483,,0.1268182659742693,,0.11646595946057758,,0.12681826540361854,,0.12254952452323876,,
lewidi_convabuse,llama,64,GPP-cosine,1,1024,0.3216853795970542,0.08627716607549442,0.15377865568054533,0.24233346067026532,0.8809523809523809,0.8654761904761905,0.2679717242717743,0.006778901908546686,0.3051560487329278,0.27112089192732597,0.3051560487329279,0.271120891927326,0.29651432482028756,0.25863700059144995,0.304594971545286,0.26965938227141556,0.2965143249149844,0.2586370007825256,0.304594971348776,0.2696593821385679,0.28987550927718736,0.2855571494409544,
lewidi_convabuse,llama,64,GPP-rbf,1,1024,0.32360571864271875,0.08268055151533373,0.14308988022267363,0.21775908337608427,0.888095238095238,0.8678571428571429,0.20465262234210968,0.0354999378323555,0.32993155663754864,0.32249426214241583,0.3299315566375487,0.3224942621424159,0.3127194361430697,0.3082577889347835,0.32846525440187757,0.32156874945525427,0.31271943656418144,0.3082577891222409,0.32846525467498366,0.3215687494067977,0.3140921379114439,0.3058139334467308,
lewidi_convabuse,llama,64,GPP-laplace,1,1024,0.40410962792480837,0.12514957223387727,0.21554647557537204,0.33660506618408653,0.8488095238095238,0.8238095238095238,0.23787251114845276,0.12848058342933655,0.19515459140219965,0.18520320700962184,0.19515459140219965,0.18520320700962187,0.19118553006536812,0.18068237136730042,0.19545354248072938,0.1853184105039749,0.19118553005045574,0.18068237138639326,0.19545354219746108,0.18531841025178122,0.1894710422394678,0.18184095646642753,
lewidi_convabuse,llama,64,LPE,1,1024,0.35130098119437436,0.082379223604226,0.14104819666236673,0.20289181775241916,0.8892857142857142,0.8761904761904762,0.0861286148428917,0.1361619383096695,0.2917801068754984,0.28849771653711553,0.2917801068754985,0.28849771653711553,0.2745367132905392,0.27172987404988824,0.29017764386885575,0.2870172785873538,0.2745367136472695,0.27172987428244844,0.2901776440268828,0.2870172785887911,0.2910473502368968,0.2904645388134966,
lewidi_convabuse,llama,64,LP-temp,1,1024,0.38703129374693757,0.1302024815636816,0.23423495912082798,0.4043232920585949,0.8607142857142858,0.8523809523809524,0.4635856221859342,,0.21169910869578012,,0.21169910869578012,,0.19696891095781335,,0.21027144272922732,,0.19696891114883516,,0.21027144283586702,,0.21713517033086432,,
lewidi_convabuse,llama,64,GPP-cosine,2,16,0.7579940132124496,0.25631450187404464,0.39060401078535334,0.4502713425902586,0.5976190476190476,0.5964285714285714,0.40793463587760925,0.08993969112634659,0.009656870156500297,0.04332429910889501,0.009656870156500304,0.04332429910889501,0.014496361929267922,0.03935365958528429,0.010257030495602969,0.042491264806047827,0.014496361455967468,0.039353659523795596,0.010257029812266814,0.04249126446376103,0.012716057981711862,0.06147048792620435,
lewidi_convabuse,llama,64,GPP-rbf,2,16,0.45799670347812005,0.16207358053996668,0.2864596833563631,0.472688920757982,0.8452380952380952,0.8226190476190476,0.3886621296405792,0.1464332789182663,0.11124513504096345,0.09679618745732096,0.11124513504096348,0.09679618745732098,0.11860775586668844,0.1037842018655808,0.11200185776717868,0.09769356250542538,0.1186077556677974,0.10378420169761249,0.11200185734105537,0.09769356200072318,0.11176191859698974,0.09336064339908935,
lewidi_convabuse,llama,64,GPP-laplace,2,16,0.6025456254101503,0.23442136001004257,0.4012367758589486,0.5919618228481777,0.8452380952380952,0.8202380952380952,0.43109890818595886,0.24632768332958221,0.07742403692024788,0.05709953726271426,0.07742403692024791,0.05709953726271427,0.07684708484191177,0.057778420416376625,0.07760720324876924,0.057079632490258984,0.07684708485958498,0.05777842042535234,0.07760720328564757,0.057079632371901425,0.12282892961867897,0.043011455714570254,
lewidi_convabuse,llama,64,LPE,2,16,0.47971938899168165,0.13379166748017665,0.21117668227996633,0.2946623634700292,0.844047619047619,0.8214285714285714,0.24059149622917175,0.054059483110904694,0.06386438900738124,0.10769368635956747,0.06386438900738126,0.10769368635956747,0.06434271408281178,0.11074731267260404,0.0635396129488902,0.10807697245664939,0.06434271391257698,0.11074731241157806,0.06353961260650051,0.10807697205323619,0.06441771938940243,0.07104566402042117,
lewidi_convabuse,llama,64,LP-temp,2,16,0.459070811418526,0.15902471698762097,0.27900307883477055,0.45530632140359245,0.8392857142857143,0.8166666666666667,0.5076487578271357,,0.05486045791154958,,0.05486045791154959,,0.05669484110416685,,0.05449039213385103,,0.05669484098630986,,0.05449039185176901,,0.056965259819736255,,
lewidi_convabuse,llama,64,GPP-cosine,2,64,0.9590512719816232,0.2574216738902785,0.3514892574804538,0.3085204481664425,0.65,0.6464285714285715,0.2650797963142395,0.03868682682514191,-0.0035772693536273957,0.046150038664896614,-0.003577269353627394,0.046150038664896614,-0.007229426255647939,0.03974011519453777,-0.003759742738125911,0.045891893419359994,-0.007229426436567462,0.03974011530079638,-0.003759742899025786,0.04589189362434169,0.0022647767998396164,0.06928949162525244,
lewidi_convabuse,llama,64,GPP-rbf,2,64,0.45651210342644016,0.13400827323128012,0.21823801583876568,0.3124459883295683,0.8428571428571429,0.8178571428571428,0.24313296377658844,0.08193659037351608,0.11555295252260628,0.11549888674306269,0.11555295252260629,0.11549888674306272,0.11750209778944994,0.11791806723796007,0.11619219453676952,0.11628661382348565,0.11750209768988615,0.11791806702099195,0.11619219430314329,0.11628661338213428,0.11621267016167325,0.12180001984223858,
lewidi_convabuse,llama,64,GPP-laplace,2,64,0.46619410666796157,0.1668836709684244,0.2937261375509912,0.4749921677722425,0.8464285714285714,0.8214285714285714,0.3467397093772888,0.19581659138202667,0.13176991858496437,0.1215216163966283,0.1317699185849644,0.12152161639662831,0.1290434273342567,0.11811645172770649,0.13195618681793242,0.12149121223736634,0.12904342727720208,0.11811645168659912,0.1319561866432379,0.12149121203327737,0.11891297051784525,0.10413709430410324,
lewidi_convabuse,llama,64,LPE,2,64,0.6471195878011022,0.1334155715472864,0.18122785993747087,0.16478078539589905,0.8369047619047619,0.8142857142857143,0.10156132280826569,0.018722284585237503,0.10117249873003123,0.07674996150496555,0.10117249873003126,0.07674996150496556,0.09625779824685621,0.07593554933596727,0.10085896091607521,0.0771723543047183,0.096257798135117,0.07593554912916334,0.10085896066955546,0.07717235398623251,0.09720774202427383,0.11206715277682135,
lewidi_convabuse,llama,64,LP-temp,2,64,0.44450955082909555,0.15201270001655648,0.2677409594400898,0.44087602950707167,0.8345238095238096,0.8119047619047619,0.4901408647925655,,0.08155868560070569,,0.08155868560070569,,0.07971422171334439,,0.08117483500104661,,0.07971422170867702,,0.08117483493802599,,0.07505498022852934,,
lewidi_convabuse,llama,64,GPP-cosine,2,256,0.4486469790471412,0.12088012046988544,0.19468716236298775,0.260051312881702,0.8380952380952381,0.8345238095238096,0.25305354595184326,0.016378875821828842,0.15203375877308517,0.14606056877498386,0.1520337587730852,0.14606056877498386,0.15133904051044536,0.13724075898786275,0.15238805418179396,0.1452953542158315,0.15133904054295494,0.13724075916057998,0.152388053926188,0.14529535405042948,0.16078246296357943,0.19106487879041656,
lewidi_convabuse,llama,64,GPP-rbf,2,256,0.3807995454926984,0.11221581241619087,0.19262843985426506,0.2954581296520256,0.8595238095238096,0.8345238095238096,0.2560730576515198,0.06972911208868027,0.2366261109539186,0.2228693992875403,0.23662611095391864,0.2228693992875403,0.22604147623931828,0.21513600470473102,0.23529351218007083,0.22219556917056615,0.22604147615859665,0.21513600449970416,0.2352935117306912,0.22219556852252864,0.24441980562480392,0.2317636226039332,
lewidi_convabuse,llama,64,GPP-laplace,2,256,0.4336820476194251,0.14537512989826568,0.25375740590970963,0.40594027650487563,0.8464285714285714,0.8214285714285714,0.2933742105960846,0.16306687891483307,0.15864551690797835,0.15012876254688967,0.1586455169079784,0.1501287625468897,0.15687578915911557,0.14824346798942048,0.15907972275244248,0.1504387224011587,0.15687578902917096,0.14824346788573883,0.15907972244363466,0.15043872209056064,0.14982233856956012,0.13978596267981624,
lewidi_convabuse,llama,64,LPE,2,256,0.40398876209376605,0.10511007193185792,0.17177340716697082,0.2250566506564137,0.8428571428571429,0.8226190476190476,0.1565643697977066,0.08509893715381622,0.23706168963782964,0.2431056957311273,0.23706168963782967,0.24310569573112734,0.22573339287976707,0.2395461265164436,0.2356458680846415,0.24258570630436269,0.2257333927310643,0.23954612623320354,0.23564586754351932,0.24258570554855508,0.24944889234999443,0.27102041433329377,
lewidi_convabuse,llama,64,LP-temp,2,256,0.41627183911743976,0.1395143866963089,0.24404482680554243,0.4000609957444366,0.8297619047619048,0.819047619047619,0.4544646653786596,,0.19467246905084679,,0.19467246905084679,,0.18908747512679774,,0.19374102674460497,,0.18908747496279493,,0.1937410262643002,,0.20602294132876234,,
lewidi_convabuse,llama,64,GPP-cosine,2,1024,0.3256598064242139,0.08919187408835222,0.15734621268648186,0.24665920093391222,0.8738095238095238,0.8678571428571429,0.26564252376556396,0.006791500840336084,0.2644449130531101,0.23945776886005543,0.26444491305311013,0.23945776886005546,0.2602178772029792,0.22359256111206938,0.26389006630220857,0.2370267952407745,0.26021787732348917,0.22359256139459913,0.26389006622606404,0.23702679527687898,0.2664640750164679,0.27947856825235806,
lewidi_convabuse,llama,64,GPP-rbf,2,1024,0.33156929216028486,0.08633507518848024,0.1482438940921427,0.21455816182022275,0.8833333333333333,0.8630952380952381,0.19986210763454437,0.03607606887817383,0.3380212957213139,0.32629256695997183,0.338021295721314,0.3262925669599719,0.32602019314953556,0.3155038216346223,0.3371152415640704,0.32581012132907783,0.32602019357200684,0.3155038217230631,0.33711524189468584,0.3258101212352403,0.32027251507483406,0.3103512596875463,
lewidi_convabuse,llama,64,GPP-laplace,2,1024,0.41060824590568246,0.12744522555783142,0.2182044701135185,0.33623329123654916,0.8464285714285714,0.8214285714285714,0.2386970818042755,0.1292811930179596,0.1995421494239169,0.1891176061518634,0.1995421494239169,0.18911760615186346,0.1970989177776819,0.18597743832963903,0.20000536904247065,0.18939557842015906,0.19709891776114,0.18597743833326436,0.20000536883726602,0.1893955782216319,0.19904211979761843,0.19054730533729244,
lewidi_convabuse,llama,64,LPE,2,1024,0.3791540207773581,0.08643742322572001,0.14442882308671534,0.1906478610009001,0.8773809523809524,0.861904761904762,0.08636799454689026,0.11408854275941849,0.24959113201306857,0.2808616967772658,0.2495911320130686,0.2808616967772658,0.2421424895266338,0.2727760651830242,0.24922391015551582,0.28076630537694386,0.24214248975192287,0.27277606553419154,0.24922391032447178,0.28076630560350796,0.2656789015998796,0.28416733287487317,
lewidi_convabuse,llama,64,LP-temp,2,1024,0.3789225289890909,0.11762140074885949,0.20668223988652248,0.34631111591663094,0.8607142857142858,0.85,0.3861934625292478,,0.18096301437205659,,0.1809630143720566,,0.17999890656755044,,0.18125685601116,,0.17999890703291477,,0.1812568565447385,,0.1790166861665966,,
lewidi_convabuse,llama,64,GPP-cosine,3,16,1.0411253111309626,0.290704471372915,0.4013847659930997,0.3730632701635507,0.6071428571428571,0.6154761904761905,0.31501004099845886,0.0639532059431076,-0.07006514477029759,-0.000645408851171491,-0.0700651447702976,-0.000645408851171491,-0.06447597430409079,-0.0024574857104980863,-0.06962893459172413,-0.0007953787178203407,-0.06447597463226773,-0.0024574858914026623,-0.06962893502760192,-0.000795379154055257,-0.06443369173986933,-0.019961936124430216,
lewidi_convabuse,llama,64,GPP-rbf,3,16,0.43775764995120964,0.1370704092182595,0.2318417860339174,0.35589862754864854,0.8464285714285714,0.8214285714285714,0.2734801769256592,0.11380898952484131,0.16373332212459388,0.1414682723412878,0.16373332212459388,0.1414682723412878,0.16564683124708815,0.14487483402004034,0.16472320872025922,0.14256579196178956,0.16564683118636148,0.1448748338351381,0.16472320855587788,0.14256579155547017,0.1528616120811305,0.13906187709774093,
lewidi_convabuse,llama,64,GPP-laplace,3,16,0.5723359089118348,0.22114218552881784,0.3822901820342633,0.5803631641452783,0.8452380952380952,0.8202380952380952,0.4230784475803375,0.24235428869724274,0.12245269301704292,0.10100541175686142,0.12245269301704292,0.10100541175686144,0.12137832349271171,0.10077211141263322,0.12295021071573033,0.10127056783726664,0.1213783235186578,0.10077211141786056,0.12295021072427453,0.10127056767979502,0.14878032634091853,0.07581545202075923,
lewidi_convabuse,llama,64,LPE,3,16,0.6908807660457232,0.13310177228261688,0.17264779607905353,0.1372399685956542,0.8464285714285714,0.8214285714285714,0.07544126361608505,0.006038188934326172,0.18741485761170418,0.17614077105845546,0.1874148576117042,0.1761407710584555,0.1905905431133995,0.17706454964584942,0.1883133851160809,0.17684990830385056,0.19059054332389766,0.17706454975681432,0.18831338544314327,0.17684990855988933,0.12284596109826776,0.12013047360888945,
lewidi_convabuse,llama,64,LP-temp,3,16,0.43718756656145263,0.13745039242004253,0.23425269705586874,0.372840806215451,0.8476190476190476,0.8226190476190476,0.4022200985318912,,0.14843397443415782,,0.14843397443415782,,0.15494014280879861,,0.14971725267693223,,0.15494014314614984,,0.14971725316513457,,0.12001574600917213,,
lewidi_convabuse,llama,64,GPP-cosine,3,64,0.6844068508850708,0.18236469531809682,0.2759745365202705,0.32931865893494844,0.7476190476190476,0.7488095238095238,0.2955568730831146,0.04319315403699875,0.039139602248668,0.04418538867643603,0.039139602248668,0.044185388676436045,0.043715167639608976,0.03955254918195515,0.03964225171788952,0.04301443745785035,0.043715167766362056,0.03955254958109747,0.0396422518447131,0.04301443787242879,0.037994361064275735,0.06046863687941863,
lewidi_convabuse,llama,64,GPP-rbf,3,64,0.4105871795968489,0.13234463517939127,0.2315592979469026,0.37225536582784013,0.8464285714285714,0.8214285714285714,0.30614858865737915,0.10504233837127686,0.1435441008402642,0.1480607070585282,0.14354410084026423,0.14806070705852822,0.14679173260434647,0.15191018909545434,0.14518492817414413,0.14960790320766454,0.14679173202751625,0.15191018859821662,0.14518492713039152,0.14960790227445658,0.14299141696715345,0.15053164835403693,
lewidi_convabuse,llama,64,GPP-laplace,3,64,0.4875943341179029,0.18101892321974328,0.31911278713627583,0.5143024392318948,0.8464285714285714,0.8214285714285714,0.3790818750858307,0.2143741399049759,0.14444392616241547,0.13397942866766333,0.1444439261624155,0.13397942866766333,0.1414178536435939,0.13085423792349712,0.1446846464442314,0.13404130436851253,0.14141785358905012,0.13085423787711517,0.14468464627410837,0.13404130415279383,0.13391613242459482,0.1087259249691516,
lewidi_convabuse,llama,64,LPE,3,64,0.5146732479377935,0.12028758683827316,0.18049154159608796,0.20988317861898811,0.8476190476190476,0.8226190476190476,0.15068277716636658,0.03322313725948334,0.09543625485669067,0.07163991035269646,0.09543625485669067,0.07163991035269646,0.09809454147322842,0.07212559867232743,0.09691811555357689,0.07271958186669937,0.09809454083131859,0.07212559812832899,0.09691811441114338,0.07271958093166875,0.10361089504053972,0.12225496704826473,
lewidi_convabuse,llama,64,LP-temp,3,64,0.41970066054901084,0.13909498899981726,0.24550310869047717,0.4081700371628861,0.8476190476190476,0.8226190476190476,0.45013992705288114,,0.09298620676961776,,0.09298620676961777,,0.09913183427754052,,0.09458520573495977,,0.0991318336811197,,0.09458520464262671,,0.09120316321238621,,
lewidi_convabuse,llama,64,GPP-cosine,3,256,0.3994089310299115,0.10876446137710209,0.1811525314310486,0.25867464742467144,0.8571428571428571,0.8464285714285714,0.25524625182151794,0.016822123900055885,0.17025674774807834,0.18091041271638056,0.17025674774807836,0.18091041271638061,0.16349002819897868,0.16576521176377595,0.16992314529760813,0.17887153504551045,0.16349002870397708,0.16576521264921562,0.1699231460360544,0.17887153623414268,0.17564296701070434,0.2095402589549064,
lewidi_convabuse,llama,64,GPP-rbf,3,256,0.40435234086018373,0.10994858100404954,0.18210080944422988,0.2651616264696749,0.8630952380952381,0.8380952380952381,0.21720004081726074,0.05509382486343384,0.16790856979306626,0.16673723121192008,0.1679085697930663,0.16673723121192013,0.1584866144615626,0.160626284160972,0.16791569198143302,0.16705081357278517,0.1584866146365842,0.16062628417523614,0.16791569231131154,0.16705081361723415,0.18312713212311552,0.19132040126534589,
lewidi_convabuse,llama,64,GPP-laplace,3,256,0.43020015373678205,0.14132005553960963,0.24526430524752607,0.3888792886280182,0.8476190476190476,0.8226190476190476,0.27882635593414307,0.15426285564899445,0.15283178278623155,0.1459579183828735,0.15283178278623155,0.1459579183828735,0.151131712292628,0.14411849015865652,0.15334266926845125,0.1463312711199785,0.15113171213319593,0.14411849002198573,0.15334266892839798,0.14633127077635974,0.14106450235719012,0.1340412975709809,
lewidi_convabuse,llama,64,LPE,3,256,0.513593206560568,0.10760817515886231,0.16249547581487822,0.1891737750244092,0.8642857142857143,0.844047619047619,0.11886228621006012,0.04897357523441315,0.13595236089149532,0.14516256654152493,0.13595236089149534,0.14516256654152496,0.12458989513740348,0.14029853248589452,0.1357512096388307,0.145935764605133,0.12458989542973377,0.14029853270786613,0.1357512102409198,0.14593576521232343,0.1597174573833566,0.18915074109374125,
lewidi_convabuse,llama,64,LP-temp,3,256,0.4108500034900381,0.12180852676662414,0.2078947781896435,0.32723956804576265,0.8523809523809524,0.8321428571428572,0.3501929742326577,,0.1289910496679797,,0.12899104966797972,,0.11514604142953497,,0.12814205432172612,,0.11514604172893,,0.12814205486718716,,0.12725062287520528,,
lewidi_convabuse,llama,64,GPP-cosine,3,1024,0.30326888985252254,0.08089372790790778,0.14530555157812808,0.23704879624955083,0.888095238095238,0.8773809523809524,0.2603555917739868,0.006740587763488293,0.3100939239798562,0.281163170424952,0.31009392397985625,0.28116317042495204,0.3020134140260846,0.2652687141855624,0.3098380127453963,0.2796851224360264,0.302013414129257,0.26526871462074353,0.3098380127829873,0.27968512291349,0.30310310954203423,0.30713172923252485,
lewidi_convabuse,llama,64,GPP-rbf,3,1024,0.3045212862071059,0.07855198934036314,0.13936131135810034,0.21809683309893801,0.8916666666666667,0.8690476190476191,0.20582425594329834,0.036947064101696014,0.3491556252317467,0.33061701669437643,0.3491556252317468,0.3306170166943765,0.3398310222729112,0.32346890083157637,0.34915881423815287,0.33096179982822904,0.33983102266222004,0.3234689009682575,0.3491588146238654,0.3309617998687855,0.33362471675605054,0.3202006309563692,
lewidi_convabuse,llama,64,GPP-laplace,3,1024,0.3983799096940116,0.12476766572426418,0.21671181176123874,0.34106670178983445,0.8476190476190476,0.8226190476190476,0.24344168603420258,0.13176313042640686,0.2094899784633547,0.19938417329312788,0.20948997846335474,0.1993841732931279,0.2084963058031986,0.19768748839220154,0.21024598385060123,0.19993080646845418,0.2084963058560422,0.19768748845866085,0.21024598373936487,0.19993080635469723,0.21039687127843787,0.2018065141291454,
lewidi_convabuse,llama,64,LPE,3,1024,0.32527456452761155,0.07545129302057828,0.13005711869774972,0.18268013174774667,0.8952380952380953,0.8869047619047619,0.08670691400766373,0.12018106877803802,0.33828847417760183,0.35931683228050976,0.3382884741776019,0.3593168322805098,0.3281253655755919,0.35418687620676303,0.33782353462417625,0.359795309765137,0.3281253659437776,0.35418687654934017,0.33782353508333907,0.35979531011485866,0.3305118679359659,0.3378273752770832,
lewidi_convabuse,llama,64,LP-temp,3,1024,0.3633645674315265,0.11359635275432227,0.20123734543272867,0.34519580653215065,0.8785714285714286,0.8702380952380953,0.3955546724886621,,0.23633300306490032,,0.23633300306490038,,0.22468194729015425,,0.2352574478825277,,0.22468194773970762,,0.2352574485522766,,0.2408169729240325,,
lewidi_convabuse,llama,64,GPP-cosine,4,16,0.9662429019032589,0.2769396903319616,0.3771392294530025,0.3215915224274471,0.6238095238095238,0.6202380952380953,0.26232850551605225,0.06640390306711197,0.037138852117286056,0.060956547213190986,0.03713885211728606,0.060956547213190986,0.025421563981187716,0.05005136858550429,0.03537030559006633,0.059020986200704936,0.02542156430075366,0.0500513689547804,0.035370306256789164,0.059020986607020404,0.037804008228711404,0.08963640375204172,
lewidi_convabuse,llama,64,GPP-rbf,4,16,0.44201868910119463,0.15091264959369505,0.2655562587991534,0.4348587822478027,0.8464285714285714,0.8214285714285714,0.3515806794166565,0.13613364100456238,0.11247309440966147,0.13596104538820594,0.1124730944096615,0.13596104538820597,0.11266070972494019,0.13834582468392986,0.11226389368355388,0.13649851483989467,0.11266070992773725,0.13834582466312303,0.11226389415419474,0.13649851475028607,0.12364302409338543,0.12128161030253913,
lewidi_convabuse,llama,64,GPP-laplace,4,16,0.596576514177646,0.231655931473408,0.39747268223602855,0.5898415100440115,0.8380952380952381,0.8130952380952381,0.42979109287261963,0.24549029767513275,0.1007792308836277,0.08508364409350322,0.1007792308836277,0.08508364409350323,0.09888718189883802,0.08419162373494049,0.10092452921474235,0.08494715041091185,0.09888718194052887,0.08419162374685563,0.10092452932752569,0.08494715028740187,0.12943601623908804,0.06858428210665263,
lewidi_convabuse,llama,64,LPE,4,16,0.474289970994808,0.13919334432511635,0.22578834468606926,0.3197710881194287,0.8297619047619048,0.8047619047619048,0.2768263816833496,0.0518295094370842,0.08371882463109062,0.0116053169518531,0.08371882463109062,0.0116053169518531,0.08009263391762353,0.009638041237979917,0.08278290552726095,0.010623244307500359,0.08009263413611178,0.009638041631982203,0.08278290597976634,0.010623245173793285,0.08837890999528306,0.060571355321512164,
lewidi_convabuse,llama,64,LP-temp,4,16,0.5011622568277059,0.18739113845078229,0.33122956051298846,0.5363660475564529,0.8285714285714286,0.8035714285714286,0.61345551206329,,0.08921118871753525,,0.08921118871753526,,0.08703908957281475,,0.08862413321772146,,0.08703908973489546,,0.08862413353904511,,0.08927430117145685,,
lewidi_convabuse,llama,64,GPP-cosine,4,64,0.5557326882605046,0.16551761847624175,0.2570863365184431,0.31347319985085415,0.7678571428571429,0.7547619047619047,0.29486215114593506,0.03783386945724487,0.09881348428237918,0.12509223937772868,0.0988134842823792,0.1250922393777287,0.0957576396254427,0.11480300875283142,0.09823502851596325,0.1234641858382092,0.09575763980166227,0.11480300913584651,0.09823502905251764,0.12346418636051866,0.09946630071120442,0.1671665345729239,
lewidi_convabuse,llama,64,GPP-rbf,4,64,0.44276663254975296,0.13524633548163867,0.2255527349976113,0.33733358974830885,0.8452380952380952,0.8202380952380952,0.26551002264022827,0.09381729364395142,0.11679857223983774,0.13173049124173009,0.11679857223983775,0.13173049124173009,0.11593490461114994,0.13467687446985666,0.11698426806384865,0.13259438522341152,0.11593490442676888,0.1346768742056145,0.11698426776056603,0.13259438471983057,0.11319596234527289,0.12589645796198437,
lewidi_convabuse,llama,64,GPP-laplace,4,64,0.48357349841486424,0.17844159993070374,0.3148699512860427,0.5093337357814808,0.8464285714285714,0.8214285714285714,0.37430667877197266,0.21213623881340027,0.14356939888395892,0.13133328347682832,0.14356939888395895,0.13133328347682832,0.14045992193351095,0.1282336658536376,0.14360353564703449,0.13122037284414262,0.140459921894459,0.12823366582129514,0.14360353552170443,0.13122037266496694,0.1357209909446266,0.10960296929569818,
lewidi_convabuse,llama,64,LPE,4,64,0.6235315506126807,0.1358244298600288,0.1896857154650206,0.19279028665870424,0.8392857142857143,0.8166666666666667,0.12812820076942444,0.024448446929454803,0.046067917081439876,0.04063402828241271,0.04606791708143988,0.040634028282412714,0.048361656022492344,0.03793856087842399,0.04660000799763421,0.0402074282727901,0.04836165598007042,0.03793856067000767,0.04660000796808399,0.040207427913144335,0.0632967849584538,0.0711897055809954,
lewidi_convabuse,llama,64,LP-temp,4,64,0.45225313076402507,0.1442926964943046,0.24506808336085725,0.3832696381253469,0.830952380952381,0.8083333333333333,0.41051363802876256,,0.0407358251551524,,0.0407358251551524,,0.04527147444880944,,0.04093166229184754,,0.04527147448226229,,0.040931662340023156,,0.04918845049786153,,
lewidi_convabuse,llama,64,GPP-cosine,4,256,0.49076515078457433,0.1388481813698383,0.22052406002947333,0.2820446256448938,0.8035714285714286,0.7952380952380952,0.2748555541038513,0.020849911496043205,0.13469100040842033,0.08852228637925155,0.13469100040842036,0.08852228637925157,0.13862343942097344,0.08968162314483545,0.13533672339054195,0.08842311101671768,0.13862343930994003,0.08968162317973419,0.13533672295263532,0.0884231107440658,0.15147972190073553,0.16653467863809004,
lewidi_convabuse,llama,64,GPP-rbf,4,256,0.37682314489045104,0.11252030855131541,0.19572682851811848,0.30378583127838127,0.8523809523809524,0.8297619047619048,0.2640337646007538,0.06999713182449341,0.2034973181132958,0.19233374542263362,0.20349731811329583,0.19233374542263365,0.1885815914551731,0.18289505658407276,0.20188101390109175,0.19160235711964774,0.1885815918885474,0.18289505671320122,0.2018810140779591,0.19160235687837845,0.20344001580689544,0.19979649204857086,
lewidi_convabuse,llama,64,GPP-laplace,4,256,0.4320467517955887,0.14555754506467025,0.25502031534865854,0.4088625374845247,0.8464285714285714,0.8214285714285714,0.29633545875549316,0.1640692502260208,0.1529454639772354,0.1461805915640755,0.1529454639772354,0.1461805915640755,0.15010720362861635,0.14322260204545645,0.15312547651315322,0.14622120778061687,0.1501072036238149,0.14322260205168316,0.15312547632318987,0.14622120757462898,0.14173699810139376,0.13270621406468144,
lewidi_convabuse,llama,64,LPE,4,256,0.4199226375034109,0.10722264596773619,0.1743682111791865,0.22687082314755855,0.8523809523809524,0.8345238095238096,0.16726113855838776,0.06755775958299637,0.19552299252752797,0.20349786941723852,0.19552299252752797,0.20349786941723855,0.1768681096314716,0.1857903144335514,0.19368283368190825,0.20189199081218226,0.1768681100164315,0.185790314893125,0.19368283378685555,0.20189199092577476,0.20089764468075944,0.2232968088721177,
lewidi_convabuse,llama,64,LP-temp,4,256,0.40571014624728724,0.12730172523944228,0.2186067147844679,0.3480688887141333,0.8345238095238096,0.819047619047619,0.3845556464248587,,0.1722798062980797,,0.17227980629807976,,0.1511037457967818,,0.1696106347298966,,0.15110374616666988,,0.16961063499874027,,0.16929552076970322,,
lewidi_convabuse,llama,64,GPP-cosine,4,1024,0.3280018605719376,0.08835073165846684,0.154494479651272,0.2464229581818282,0.875,0.8642857142857143,0.2681504487991333,0.006989048328250647,0.2882551882730864,0.25485391205311686,0.2882551882730864,0.2548539120531169,0.2906585239762968,0.2509645412318332,0.28950230342329747,0.25508896652882285,0.29065852421826377,0.25096454167140286,0.28950230380714714,0.2550889672143132,0.2820047962007495,0.2841094836553089,
lewidi_convabuse,llama,64,GPP-rbf,4,1024,0.3113124439843696,0.08019401302134421,0.14097643585874245,0.22138569946529071,0.8857142857142857,0.8654761904761905,0.21035701036453247,0.03804963082075119,0.3443035882671023,0.33487522767088534,0.3443035882671024,0.3348752276708854,0.333519451936813,0.3271638897818545,0.3441720350567449,0.33518110652157435,0.3335194522837664,0.32716388982180855,0.3441720353231252,0.3351811063389979,0.3094045007489618,0.306811223094065,
lewidi_convabuse,llama,64,GPP-laplace,4,1024,0.3998168523958545,0.12577189394155763,0.21877345978393264,0.3463944314014651,0.85,0.825,0.2477601170539856,0.13418959081172943,0.1996701871806763,0.1921070801449009,0.19967018718067633,0.19210708014490094,0.19484344265192025,0.18692489594222395,0.20018724771190458,0.192441907315738,0.19484344260482403,0.18692489591139472,0.20018724744442123,0.1924419070489746,0.19577602081922754,0.19142860326305425,
lewidi_convabuse,llama,64,LPE,4,1024,0.39187722564817956,0.0865700240651382,0.1435246792207952,0.19769342551285615,0.8761904761904762,0.8678571428571429,0.08984767645597458,0.12205140292644501,0.238415158301984,0.3000000510780049,0.238415158301984,0.300000051078005,0.23060441701744788,0.2954728369853336,0.23791983653768428,0.3005361964905971,0.23060441723260428,0.2954728370958827,0.23791983678047923,0.3005361965244738,0.2551964956880066,0.2827201525089333,
lewidi_convabuse,llama,64,LP-temp,4,1024,0.4241387938383226,0.12991670872892308,0.22177943988308557,0.35203986528654146,0.8476190476190476,0.8416666666666667,0.39615871559923693,,0.18797728902628769,,0.18797728902628774,,0.18351441052229178,,0.187804883686,,0.1835144107289403,,0.18780488418849878,,0.18632163638195082,,
lewidi_convabuse,llama,80,GPP-cosine,0,16,0.9995403581010845,0.3146726756579232,0.4460889909487811,0.4245175894306194,0.5452380952380952,0.5535714285714286,0.34468746185302734,0.11506767570972443,-0.0013708410898908303,0.030923062364736274,-0.0013708410898908225,0.030923062364736284,-0.00045212387111740436,0.031171511723576427,-0.0016436460780306153,0.03084465742372476,-0.0004521239571781289,0.031171511405074723,-0.0016436461851754543,0.03084465685694264,0.004343112708774705,0.03369482639404762,
lewidi_convabuse,llama,80,GPP-rbf,0,16,0.5003811225167293,0.13178425885856443,0.1996133490820371,0.25715477517877733,0.8464285714285714,0.8214285714285714,0.20647892355918884,0.03589043766260147,0.1276583660723533,0.10658018784716444,0.1276583660723533,0.10658018784716444,0.12507783202111858,0.109529059491135,0.12789633263906808,0.10719980333685461,0.12507783214425794,0.10952905933883768,0.12789633293366076,0.10719980313507549,0.11328310133963829,0.10263999820761331,
lewidi_convabuse,llama,80,GPP-laplace,0,16,0.5816772076297266,0.22508460815500844,0.38827997925026075,0.5849643344068945,0.8452380952380952,0.8202380952380952,0.42542725801467896,0.24435538053512573,0.11614714987618012,0.07977535127352682,0.11614714987618013,0.0797753512735268,0.11018872831147442,0.07589244665132334,0.11569498146466316,0.07904464998003553,0.11018872841926043,0.07589244670812317,0.1156949816902739,0.07904464989195524,0.10644391169698995,0.0487314704472305,
lewidi_convabuse,llama,80,LPE,0,16,0.8153844439682606,0.13707763727895572,0.17020589041186168,0.11619520745714357,0.8476190476190476,0.8226190476190476,0.0428086519241333,0.0032986074220389128,0.12463346706892359,0.02672123594611334,0.12463346706892361,0.026721235946113343,0.11458937597090911,0.023191397346683667,0.12454328291526445,0.02671660033672489,0.11458937623665436,0.023191397460906878,0.12454328350807958,0.02671660060062733,0.06957355995466181,0.07117460480989908,
lewidi_convabuse,llama,80,LP-temp,0,16,0.4443245811042282,0.13720195912975028,0.23111302784681237,0.36273531184528335,0.8464285714285714,0.8214285714285714,0.38419126293843653,,0.09935797376936754,,0.09935797376936754,,0.09496152212191263,,0.09957588850443219,,0.09496152237682531,,0.09957588900170435,,0.06375871900013873,,
lewidi_convabuse,llama,80,GPP-cosine,0,64,1.3687404468892228,0.26154542187788593,0.34719210311530113,0.2885200615970429,0.6678571428571428,0.669047619047619,0.22970406711101532,0.04617677256464958,0.0013884490241041977,0.01839981228854235,0.001388449024104196,0.018399812288542355,-0.0009775644002875169,0.012847717642143803,0.0006628409540169293,0.017146151223478776,-0.00097756439611582,0.01284771767741126,0.0006628412988246048,0.01714615150710444,0.009958085748364402,0.029876836736986784,
lewidi_convabuse,llama,80,GPP-rbf,0,64,0.4320370119443805,0.1396280398079482,0.24144681275689175,0.39187355698227017,0.8511904761904762,0.8261904761904761,0.3187587857246399,0.11321751028299332,0.11149646359799054,0.11326991323673591,0.11149646359799055,0.11326991323673591,0.10247889324332951,0.1075052305269302,0.11140634720617264,0.11316420076896522,0.10247889315323844,0.10750523031809017,0.11140634706326585,0.1131642004109864,0.11519178867906882,0.10669437865158425,
lewidi_convabuse,llama,80,GPP-laplace,0,64,0.5046008510720572,0.18791671382073216,0.3303983120790993,0.528537046503904,0.8476190476190476,0.8226190476190476,0.3857043385505676,0.21957960724830627,0.10360495078966078,0.09075740165121543,0.1036049507896608,0.09075740165121543,0.09672798504637546,0.08399231597277818,0.102917650817623,0.08991488121422345,0.0967279850688111,0.08399231598302517,0.10291765083282742,0.08991488112764698,0.09605103636137047,0.07610392804464641,
lewidi_convabuse,llama,80,LPE,0,64,0.49333026862956125,0.12003300038588682,0.18331527030902742,0.23138765703670072,0.8535714285714285,0.830952380952381,0.18809425830841064,0.0345233678817749,0.1488578599561732,0.12848679295897247,0.1488578599561732,0.12848679295897253,0.1437567712417551,0.12252185345286257,0.14972021113565093,0.1287616267151837,0.14375677105554005,0.12252185316066011,0.14972021082892997,0.12876162626935816,0.12053726460532611,0.15498429553582355,
lewidi_convabuse,llama,80,LP-temp,0,64,0.43968349950909513,0.14737615770844845,0.2581062454357029,0.42528878774465595,0.8416666666666667,0.8238095238095238,0.473627748879393,,0.10992311862967158,,0.10992311862967159,,0.101715058921767,,0.110253279337311,,0.10171505881520915,,0.11025327919182773,,0.10238495308197611,,
lewidi_convabuse,llama,80,GPP-cosine,0,256,0.889291200103832,0.23386102435278158,0.324846463866509,0.297381456344148,0.675,0.6857142857142857,0.27313944697380066,0.02678183652460575,0.06104987882260403,0.06213274426393167,0.06104987882260404,0.06213274426393167,0.06604827365495305,0.06544600163108155,0.06109093839836727,0.06199948381740589,0.06604827410641675,0.06544600174842097,0.06109093874672981,0.0619994837601253,0.04933633567218446,0.06174770612135342,
lewidi_convabuse,llama,80,GPP-rbf,0,256,0.4250680486602961,0.1209553597497112,0.199333879014843,0.29261301406723994,0.8535714285714285,0.8333333333333334,0.24078114330768585,0.06978722661733627,0.17879255820381346,0.1683775538720244,0.1787925582038135,0.16837755387202447,0.1785944572076869,0.16982104902519235,0.17977839474004711,0.1694102419278555,0.17859445708369256,0.16982104875217524,0.17977839434350587,0.16941024139822586,0.17237611739975428,0.1608376743397388,
lewidi_convabuse,llama,80,GPP-laplace,0,256,0.4545982306582921,0.15129758681713035,0.26032156746368856,0.4095833600929585,0.8464285714285714,0.8214285714285714,0.2924569547176361,0.16350653767585754,0.12034742956306045,0.11235581849187104,0.12034742956306047,0.11235581849187104,0.11679007152191531,0.10874973775162279,0.12014763807324991,0.11204489349432761,0.11679007138925,0.10874973763207758,0.12014763781204317,0.1120448932191348,0.10830990929971802,0.10141702864368203,
lewidi_convabuse,llama,80,LPE,0,256,0.5001725811292365,0.11669980542710975,0.17787730091206955,0.21132006870579612,0.8571428571428571,0.8392857142857143,0.13281798362731934,0.07398304343223572,0.16737417433097762,0.20477061363554197,0.16737417433097768,0.20477061363554203,0.16346782045159877,0.20485897251088064,0.16783211686546307,0.20576336136843854,0.16346782050749514,0.2048589725497562,0.16783211662349512,0.20576336122789812,0.17651065000243182,0.19338809463487897,
lewidi_convabuse,llama,80,LP-temp,0,256,0.4465219924827395,0.15154590339033083,0.26303107442825413,0.4211059574860268,0.8107142857142857,0.8047619047619048,0.4709129192660089,,0.10966761409108725,,0.10966761409108726,,0.10394026331254247,,0.1092966910104311,,0.10394026351075497,,0.10929669119573984,,0.11154020187323586,,
lewidi_convabuse,llama,80,GPP-cosine,0,1024,0.43461993960946704,0.12085515298924135,0.19315312349384234,0.2450654632643489,0.8202380952380952,0.8238095238095238,0.25432732701301575,0.007670997641980648,0.20048979603682,0.20068713414294187,0.20048979603682002,0.20068713414294187,0.19514578500917268,0.19314576574626519,0.19963224243356453,0.19973465942391372,0.1951457854878188,0.19314576596605,0.19963224293046958,0.1997346595635198,0.21553057262850464,0.24276247354181188,
lewidi_convabuse,llama,80,GPP-rbf,0,1024,0.344782253180257,0.09566153588333856,0.16634062710287426,0.2568192422502805,0.8773809523809524,0.8595238095238096,0.2383616864681244,0.048887986689805984,0.2816332750278748,0.26276430551145863,0.28163327502787483,0.2627643055114587,0.27117295190512125,0.2547602291211009,0.2801479065196163,0.2615570947063479,0.27117295247101714,0.25476022940556425,0.28014790717821075,0.26155709501214264,0.27732137847202704,0.26737179992209315,
lewidi_convabuse,llama,80,GPP-laplace,0,1024,0.41148484188133894,0.13487748278938408,0.23697663491115062,0.3835891998842118,0.8476190476190476,0.8226190476190476,0.2773898243904114,0.1523764729499817,0.18849837450303247,0.17698517296322605,0.18849837450303253,0.17698517296322608,0.1834646448312283,0.17128007999987843,0.18811075375150016,0.17641779735492766,0.18346464483610492,0.171280080027504,0.18811075363048102,0.17641779723816475,0.18571892358069617,0.1739582683978214,
lewidi_convabuse,llama,80,LPE,0,1024,0.4230526084903563,0.11052990162817689,0.17943964346653904,0.23501015448423587,0.8416666666666667,0.8357142857142857,0.09412320703268051,0.15892718732357025,0.20660153775149362,0.23500312894122438,0.20660153775149365,0.2350031289412244,0.19913233278107045,0.23043839659733853,0.2049258177386115,0.23381107749195257,0.199132333514191,0.23043839735445296,0.2049258185819302,0.2338110784943871,0.23038924882375794,0.24123929212001397,
lewidi_convabuse,llama,80,LP-temp,0,1024,0.44826148476361954,0.14906973364268886,0.2520651980714202,0.38144638925398733,0.8047619047619048,0.8035714285714286,0.42875121713345576,,0.15451326225516904,,0.15451326225516906,,0.14818659142995488,,0.1535830664449368,,0.1481865920260652,,0.15358306734549992,,0.15875657102890467,,
lewidi_convabuse,llama,80,GPP-cosine,1,64,1.101044383018448,0.27691869658690244,0.38113692183238373,0.356924158193369,0.6297619047619047,0.6404761904761904,0.2889970541000366,0.059501633048057556,-0.08643481955747481,-0.06580105910552028,-0.08643481955747481,-0.06580105910552027,-0.08009910745948018,-0.06383671558062357,-0.08506548382061584,-0.06479119245080876,-0.08009910772519882,-0.06383671583735942,-0.08506548413960612,-0.0647911927812441,-0.09448017704636068,-0.08218339753508686,
lewidi_convabuse,llama,80,GPP-rbf,1,64,0.44242307470728265,0.1335707261610638,0.2235442517219954,0.3400256906724309,0.8464285714285714,0.8214285714285714,0.26520511507987976,0.09414714574813843,0.09245000206581618,0.09306745330699835,0.09245000206581619,0.09306745330699837,0.0839565881254137,0.08749820526979211,0.0912256876271966,0.09218466306529892,0.08395658794405944,0.08749820504521925,0.09122568704120122,0.0921846624850123,0.09249649653201071,0.08601855533355864,
lewidi_convabuse,llama,80,GPP-laplace,1,64,0.492117806833725,0.18023010546068904,0.3162608505559287,0.5064106260909672,0.8464285714285714,0.8214285714285714,0.3691748380661011,0.2096707671880722,0.1068075336445732,0.09507326855489392,0.10680753364457321,0.09507326855489395,0.10106708364861758,0.08956735758435999,0.10629486195691858,0.0944679521341863,0.10106708367072643,0.08956735760475791,0.10629486193910873,0.09446795205038935,0.09414057241825163,0.07716507292839275,
lewidi_convabuse,llama,80,LPE,1,64,0.6061631039639859,0.1255536886238693,0.17577650794560862,0.1776671216159436,0.8428571428571429,0.8202380952380952,0.11384264379739761,0.022359762340784073,0.07827330323538759,0.0877355149992571,0.0782733032353876,0.0877355149992571,0.07266560799876551,0.08327782956716069,0.07707989662669654,0.0868617646489985,0.07266560767488997,0.08327782914658174,0.07707989580767446,0.08686176383411943,0.0710953405927824,0.09702295815796319,
lewidi_convabuse,llama,80,LP-temp,1,64,0.4337039342206152,0.14435387477602518,0.25380515329568404,0.420366691800704,0.85,0.8273809523809523,0.4631487908360507,,0.07623315892079666,,0.07623315892079666,,0.07344099444599403,,0.0755361343357784,,0.0734409944270256,,0.07553613392070166,,0.07891786329417523,,
lewidi_convabuse,llama,80,GPP-cosine,1,256,0.875520841234668,0.20844135228083502,0.28935733992635826,0.27596227943657625,0.7166666666666667,0.7273809523809524,0.23582203686237335,0.022425301373004913,0.00013120848306879315,0.004876642594056027,0.00013120848306878274,0.004876642594056029,-0.0030237704287412416,-0.0007794079346389298,-0.0001955101125938252,0.0043730203715319545,-0.003023770451398262,-0.0007794080463189856,-0.0001955101550478568,0.004373020148500989,-0.012535100646422173,0.004916989865550104,
lewidi_convabuse,llama,80,GPP-rbf,1,256,0.3774339671024923,0.11140742519390257,0.19239409856963902,0.30523388187340356,0.8654761904761905,0.8428571428571429,0.2570685148239136,0.07730510085821152,0.2164808894938186,0.19286199473141719,0.21648088949381866,0.1928619947314172,0.20669599354229767,0.18506739261498437,0.21581738393402278,0.1924055947119927,0.20669599345060546,0.1850673924374443,0.2158173836143067,0.19240559428148865,0.21028977965803466,0.19721491606219796,
lewidi_convabuse,llama,80,GPP-laplace,1,256,0.45127374319839275,0.15379497496157335,0.26771071812004915,0.42806285570630026,0.8464285714285714,0.8214285714285714,0.30872511863708496,0.173121839761734,0.13530210352357547,0.1250177819990693,0.1353021035235755,0.12501778199906932,0.12901999935779693,0.1186802432263243,0.13473573212050563,0.12435623051696806,0.12901999932416006,0.11868024320767831,0.13473573201285885,0.12435623038916613,0.12536764567562705,0.11516286820385394,
lewidi_convabuse,llama,80,LPE,1,256,0.43897290764159586,0.10299830005511587,0.1625840281181917,0.21071256569590824,0.8642857142857143,0.8535714285714285,0.1432865560054779,0.06766404956579208,0.19310856547465582,0.20191861984544357,0.19310856547465585,0.20191861984544357,0.18418424917004614,0.19340035139634684,0.19241155649601557,0.2013493970920458,0.18418424917212287,0.19340035128739258,0.192411556246879,0.2013493966744127,0.18172100247180292,0.2088091683938448,
lewidi_convabuse,llama,80,LP-temp,1,256,0.4071129524973303,0.12447497496043203,0.2140744911615506,0.34926679793219134,0.8559523809523809,0.8476190476190476,0.3762814285137814,,0.11191996859711725,,0.11191996859711727,,0.10203416127706656,,0.11072231680947033,,0.10203416128914605,,0.11072231683017428,,0.10947681335110133,,
lewidi_convabuse,llama,80,GPP-cosine,1,1024,0.4157796465002207,0.10729365549712588,0.17409828046595846,0.23780065735638678,0.8595238095238096,0.8583333333333333,0.2468595653772354,0.007616033311933279,0.2207889170412316,0.20731192613590077,0.2207889170412316,0.20731192613590077,0.20709970828933738,0.19435231248698492,0.21909271949833595,0.20588815910458722,0.2070997087412002,0.1943523125709912,0.2190927198766695,0.20588815903382562,0.21948597574776413,0.2236125990474832,
lewidi_convabuse,llama,80,GPP-rbf,1,1024,0.3509262438395942,0.09583092442567073,0.1640226642332328,0.24851330148269446,0.8761904761904762,0.8583333333333333,0.22714094817638397,0.045565415173769,0.27579544193853023,0.2497274605593539,0.27579544193853023,0.24972746055935394,0.2606252392063431,0.23790133650280998,0.2743888910437285,0.24863474944743336,0.2606252396442283,0.23790133674173453,0.2743888913944042,0.2486347496059672,0.2726860315392553,0.2600087684323138,
lewidi_convabuse,llama,80,GPP-laplace,1,1024,0.4178539498049735,0.1340066901261564,0.23204904489629413,0.3687399408697189,0.8476190476190476,0.8226190476190476,0.26289862394332886,0.1443333625793457,0.1735953030287118,0.16186280865673114,0.1735953030287118,0.16186280865673117,0.16741038220527737,0.15541582527513725,0.1731727171652225,0.16130058924972243,0.16741038214456122,0.15541582524740113,0.17317271693512637,0.161300589042248,0.17381000740348748,0.16086498962144638,
lewidi_convabuse,llama,80,LPE,1,1024,0.4156102916275346,0.1065732244454357,0.17555295984815567,0.23385732234211287,0.8404761904761905,0.8321428571428572,0.09063708782196045,0.16140538454055786,0.2125737725827116,0.23389734576184285,0.2125737725827116,0.23389734576184287,0.19458459312092707,0.2159715840703555,0.21098739949433437,0.232161679399654,0.19458459366935685,0.21597158446467318,0.21098740014198156,0.23216167983690314,0.2245119704992279,0.23571104808932314,
lewidi_convabuse,llama,80,LP-temp,1,1024,0.452163759444326,0.14970315239298687,0.2538011819427686,0.3866870231968599,0.8035714285714286,0.7976190476190477,0.4398875309907519,,0.18828259478603904,,0.18828259478603906,,0.17586698668534478,,0.18668540182163726,,0.1758669870970745,,0.18668540234929693,,0.20224825638660374,,
lewidi_convabuse,llama,80,GPP-cosine,2,16,1.270980529783581,0.32772620749246184,0.4286755508284148,0.3121275873054386,0.55,0.5511904761904762,0.23407217860221863,0.08312366902828217,0.05000965895152579,0.04224342425619561,0.050009658951525794,0.04224342425619562,0.050786480432068515,0.042382755460244365,0.05066314117131744,0.04269945639253976,0.05078648029015017,0.04238275519198724,0.0506631409817752,0.042699455996263555,0.04169270329602089,0.044774956950665835,
lewidi_convabuse,llama,80,GPP-rbf,2,16,0.4683355614804028,0.16672823708097162,0.2938514352376972,0.4813635879782334,0.8464285714285714,0.8214285714285714,0.38467371463775635,0.15834367275238037,0.06648188268891457,0.07292407408678664,0.06648188268891458,0.07292407408678665,0.07156057841254135,0.07394124801822638,0.06677006464281786,0.07270315406996693,0.07156057792519738,0.07394124768982348,0.0667700638195903,0.0727031534100347,0.07423196856992588,0.064723705209256,
lewidi_convabuse,llama,80,GPP-laplace,2,16,0.6229419217519084,0.2430943166891451,0.4132589580757277,0.5976032195850696,0.844047619047619,0.819047619047619,0.4342857003211975,0.2489890307188034,0.06687041089006573,0.04131621229645849,0.06687041089006575,0.04131621229645849,0.06608285758449865,0.0422785828589685,0.06694491142929934,0.04111945955408236,0.06608285762275191,0.042278582880730144,0.06694491156030159,0.04111945946619647,0.09716640182306538,0.02373921764121017,
lewidi_convabuse,llama,80,LPE,2,16,0.48162827255633844,0.13626076781444568,0.2169743221635664,0.31000673354383596,0.8464285714285714,0.8214285714285714,0.24943913519382477,0.06102657690644264,0.0218556907495897,0.0694986404842556,0.0218556907495897,0.06949864048425561,0.023829213972958424,0.06708740795778867,0.021286207929985076,0.0682599941554854,0.02382921367750201,0.06708740774083649,0.021286207501329632,0.06825999391385777,0.026910694383008707,0.03748931021769407,
lewidi_convabuse,llama,80,LP-temp,2,16,0.4605651289533807,0.15250251833012274,0.26302116161509265,0.4198372723848832,0.8345238095238096,0.8119047619047619,0.4559603206489145,,0.01888772979934296,,0.01888772979934296,,0.021805886730967783,,0.018501913039008187,,0.021805886364630173,,0.018501912434146804,,0.029194074273392125,,
lewidi_convabuse,llama,80,GPP-cosine,2,64,1.5513664731304841,0.3199794569457141,0.4104288201310077,0.2875997997599476,0.5773809523809523,0.5904761904761905,0.22607748210430145,0.04366704076528549,-0.02075831002864314,-0.003679080909690843,-0.02075831002864315,-0.0036790809096908395,-0.030005241507104173,-0.013406818311216134,-0.021907782004278196,-0.004835431813918828,-0.030005241392192114,-0.013406818192747083,-0.021907781799013305,-0.004835431592176106,-0.014637847773343572,0.01143796245526006,
lewidi_convabuse,llama,80,GPP-rbf,2,64,0.4705378359187966,0.1417163481128272,0.23200900323932902,0.33967966668440924,0.8404761904761905,0.8154761904761905,0.2629207372665405,0.09650194644927979,0.09428895776722343,0.09529010462343533,0.09428895776722343,0.09529010462343535,0.1018785806650985,0.1005282812010392,0.09577229258887901,0.09632379846319625,0.10187858035867313,0.10052828083996987,0.09577229211170793,0.09632379787465217,0.08963823160391333,0.09134708519386601,
lewidi_convabuse,llama,80,GPP-laplace,2,64,0.49359699790155004,0.18000077322928,0.31481612810111115,0.5006518577922743,0.8464285714285714,0.8214285714285714,0.36495280265808105,0.2073260396718979,0.10884842905610058,0.09851678037138836,0.10884842905610059,0.09851678037138839,0.10280897058902899,0.09212391789011383,0.10823022172604121,0.0977357790924955,0.10280897060769838,0.09212391790796923,0.10823022172189392,0.0977357790278853,0.0945100205717785,0.08051895903734159,
lewidi_convabuse,llama,80,LPE,2,64,0.6912986112165909,0.13623363299956764,0.18055422800358167,0.156427944181237,0.8404761904761905,0.8154761904761905,0.0912863239645958,0.017596904188394547,0.12082945813981168,0.07609881940386742,0.12082945813981169,0.07609881940386742,0.1334828669147162,0.08680458488899653,0.12306227559445448,0.07779197995432946,0.13348286649577762,0.08680458450551382,0.12306227492583657,0.07779197935034889,0.06932341757189517,0.08576373228338245,
lewidi_convabuse,llama,80,LP-temp,2,64,0.4600462564803869,0.15833701603850767,0.27583111918916964,0.4463538172753236,0.8238095238095238,0.8035714285714286,0.49675292019569667,,0.06428737227736586,,0.06428737227736586,,0.0721291078743415,,0.06590844851325284,,0.07212910768851827,,0.06590844814470041,,0.06588398116226374,,
lewidi_convabuse,llama,80,GPP-cosine,2,256,0.9824374490451975,0.2326818206620113,0.3190442155244587,0.2832501652627302,0.6678571428571428,0.6666666666666666,0.24457696080207825,0.02288994938135147,0.00019531719514735008,0.013734440675717701,0.00019531719514735701,0.013734440675717708,0.008056011552020376,0.020242763965228856,0.001385750120476148,0.014758353037896646,0.008056012127510871,0.020242764330179575,0.0013857510069688536,0.014758353638564738,-0.023143577089253138,-0.007807626562775573,
lewidi_convabuse,llama,80,GPP-rbf,2,256,0.410475667881543,0.12298772165666147,0.20734122563735582,0.31642559255026764,0.8511904761904762,0.830952380952381,0.2730902433395386,0.08023318648338318,0.23428199799666505,0.21527395765131382,0.2342819979966651,0.21527395765131385,0.22293426628382784,0.20363697755699212,0.23262583493097883,0.21361567965161476,0.22293426602553768,0.20363697723628144,0.23262583423818112,0.21361567888679783,0.23008292134934896,0.21546466746475998,
lewidi_convabuse,llama,80,GPP-laplace,2,256,0.4538277060520118,0.15609604259242493,0.27232785648888064,0.4365041714955227,0.8464285714285714,0.8214285714285714,0.31604424118995667,0.17727302014827728,0.14242380383797845,0.13207621863029548,0.14242380383797848,0.1320762186302955,0.13764225048720297,0.12743770977594296,0.1420037970252896,0.13157857424940883,0.13764225039087202,0.12743770969631454,0.1420037967915305,0.13157857399906664,0.12963849781137052,0.11932176019343121,
lewidi_convabuse,llama,80,LPE,2,256,0.48103543188849673,0.12015276206549383,0.1887057670714133,0.2345722018478827,0.8321428571428572,0.8142857142857143,0.16154098510742188,0.09039455652236938,0.21443655972891254,0.23112916493843222,0.21443655972891257,0.23112916493843225,0.2011368224413529,0.2198944755308424,0.21240117510752587,0.22932144010439942,0.20113682227972607,0.21989447552195593,0.21240117457085073,0.22932143979974517,0.20961270574278815,0.23802124786230872,
lewidi_convabuse,llama,80,LP-temp,2,256,0.4758278351180166,0.15287390841479503,0.2554035352867497,0.38145176674357906,0.7964285714285714,0.780952380952381,0.4259801670203807,,0.1508861575585475,,0.1508861575585475,,0.14148063932071195,,0.14930804767316136,,0.1414806389519754,,0.14930804682880708,,0.15447194958002156,,
lewidi_convabuse,llama,80,GPP-cosine,2,1024,0.4237737385464381,0.1139057797496493,0.1853623350467474,0.2440749505598246,0.8214285714285714,0.8178571428571428,0.25164294242858887,0.00794789008796215,0.20302001354132077,0.20456802390916917,0.20302001354132082,0.20456802390916923,0.19641777868841834,0.19095925497880195,0.20205793325393231,0.20276096439647892,0.1964177792237232,0.19095925511651912,0.20205793379710202,0.20276096437760507,0.21051663828284797,0.22407784827253843,
lewidi_convabuse,llama,80,GPP-rbf,2,1024,0.35238690425894365,0.09656348296121901,0.16429373176728232,0.24557194733320484,0.8773809523809524,0.861904761904762,0.22437627613544464,0.046320874243974686,0.28942291292864203,0.2667160217611829,0.2894229129286421,0.266716021761183,0.2797636181286671,0.2557106457568208,0.28852643978706327,0.26554179832164965,0.2797636184192531,0.2557106458096063,0.2885264399736088,0.2655417982564762,0.2848763514910535,0.2654938956581079,
lewidi_convabuse,llama,80,GPP-laplace,2,1024,0.423131960844083,0.13558744536055847,0.23353423207299784,0.3663816876346977,0.8452380952380952,0.8202380952380952,0.262285977602005,0.14395882189273834,0.18343275387668934,0.17140741750460578,0.18343275387668936,0.1714074175046058,0.17995577487604283,0.16720369181174666,0.1833407243042688,0.17113183565032797,0.1799557747911513,0.16720369175420824,0.18334072405285512,0.17113183541411037,0.18419311141882136,0.1726493897959243,
lewidi_convabuse,llama,80,LPE,2,1024,0.4019070052770122,0.09992867685189961,0.1668893213737176,0.22650282241580041,0.8559523809523809,0.8404761904761905,0.09170064330101013,0.15299606323242188,0.22177319583044472,0.24503812763776814,0.22177319583044475,0.24503812763776817,0.21357112791744884,0.2364452184467839,0.22095048546949905,0.24401265430728233,0.2135711286065167,0.23644521885445288,0.22095048639706125,0.24401265474832967,0.23424794662109966,0.24852920953492874,
lewidi_convabuse,llama,80,LP-temp,2,1024,0.4207382175381394,0.14048741050760405,0.2472050267635729,0.4037044686702718,0.8357142857142857,0.825,0.46109083075886126,,0.1834941201833898,,0.1834941201833898,,0.17928396017782228,,0.18311355601529314,,0.17928396057702967,,0.1831135564768131,,0.18266630845873577,,
lewidi_convabuse,llama,80,GPP-cosine,3,16,1.2365585598966524,0.2953518189059519,0.39394064247164917,0.33298889740277565,0.6,0.6107142857142858,0.2389228343963623,0.0789986178278923,-0.0806786699795586,-0.06808995994104142,-0.0806786699795586,-0.06808995994104142,-0.07718292550797315,-0.06413164047567653,-0.0803063052213284,-0.0675770744594345,-0.07718292550945857,-0.06413164067210124,-0.0803063053499132,-0.06757707489922872,-0.09324005642374622,-0.07619677267008769,
lewidi_convabuse,llama,80,GPP-rbf,3,16,0.4501277648924288,0.14493038513812115,0.2465533536637113,0.3849020907459404,0.8464285714285714,0.8214285714285714,0.2949008643627167,0.12778936326503754,0.12692283543792485,0.11074907072125831,0.12692283543792487,0.11074907072125835,0.11994297424723083,0.10629129259035705,0.12614172448376293,0.11023156820019929,0.11994297422236071,0.10629129246055373,0.12614172444633023,0.11023156795468345,0.11785344849323727,0.10644900234986603,
lewidi_convabuse,llama,80,GPP-laplace,3,16,0.5982205357690695,0.23241648952157168,0.39853865082730494,0.5903062723317563,0.844047619047619,0.819047619047619,0.4292711913585663,0.2463715821504593,0.10231566489490868,0.07743517335129935,0.10231566489490869,0.07743517335129935,0.09779451447098886,0.07452266794004013,0.1020092725132902,0.0769064270254071,0.0977945145387284,0.07452266796982454,0.10200927265316549,0.07690642692473908,0.10916522494908439,0.04918259137117612,
lewidi_convabuse,llama,80,LPE,3,16,0.6836604475091349,0.13399920944864283,0.17537526294410263,0.14865755990660998,0.8464285714285714,0.8214285714285714,0.0838850736618042,0.008873245678842068,0.10111375671833667,0.12486552209265672,0.10111375671833667,0.12486552209265675,0.09076706956407747,0.11097591874352154,0.10013281590224746,0.12360537527950714,0.0907670695741222,0.1109759185637069,0.10013281593492013,0.1236053749898879,0.054160788401393184,0.0641918003146166,
lewidi_convabuse,llama,80,LP-temp,3,16,0.45408301296628784,0.13565541161994069,0.2242314311637774,0.34102664082409895,0.8476190476190476,0.8226190476190476,0.35432767753625827,,0.07168381645105307,,0.0716838164510531,,0.06393762353573477,,0.07088991297852296,,0.06393762368557798,,0.07088991320726966,,0.04843882623776692,,
lewidi_convabuse,llama,80,GPP-cosine,3,64,1.3987556356174027,0.2943590192848947,0.38115883392461897,0.2872043835881203,0.6214285714285714,0.6273809523809524,0.2203291803598404,0.045961759984493256,-0.03869470901415484,-0.00021070902760004714,-0.03869470901415486,-0.00021070902760003327,-0.03704527691600724,-0.0020410303593750463,-0.038862200513796935,-0.000740358503608457,-0.03704527705854607,-0.0020410305280687546,-0.03886220060185557,-0.000740358682837481,-0.060997535213970125,-0.029573959973587735,
lewidi_convabuse,llama,80,GPP-rbf,3,64,0.4268131625599641,0.14173141546312484,0.2483271364765685,0.4044914078468681,0.8476190476190476,0.8226190476190476,0.3323602080345154,0.11953504383563995,0.1334285916955762,0.12903669918767408,0.1334285916955762,0.1290366991876741,0.13571650146879044,0.12842960640621537,0.13452202665282353,0.1294706272755415,0.13571650119997497,0.12842960614189114,0.1345220260665794,0.12947062671516618,0.1310137257279344,0.13424108007227542,
lewidi_convabuse,llama,80,GPP-laplace,3,64,0.5122837268876624,0.1923842687424413,0.3372908227611333,0.5336885311711915,0.8464285714285714,0.8214285714285714,0.3916502594947815,0.2224108725786209,0.12272719336474716,0.1109924387652198,0.12272719336474716,0.11099243876521982,0.11840724178033946,0.10671469990345846,0.1224571423452609,0.11056934864656623,0.11840724178414898,0.1067146998984865,0.12245714230910175,0.11056934852987892,0.11229486553802323,0.08960292160560844,
lewidi_convabuse,llama,80,LPE,3,64,0.4970894339168447,0.1245754705226846,0.19274628908218194,0.24583138075006955,0.8464285714285714,0.8214285714285714,0.19089776277542114,0.042095474898815155,0.09454655533454534,0.06427748943567435,0.09454655533454534,0.06427748943567436,0.0983587986553634,0.06709824430940539,0.09580279156849572,0.06509630720179524,0.09835879827722702,0.06709824392427571,0.09580279083876764,0.06509630651015838,0.0973127666346166,0.11429496255376215,
lewidi_convabuse,llama,80,LP-temp,3,64,0.44293812779806757,0.1473093457346093,0.25457058959147183,0.4126764123793652,0.8392857142857143,0.8166666666666667,0.45459605567759964,,0.07556820537158185,,0.07556820537158186,,0.0826197117594411,,0.0770313939292823,,0.08261971166455952,,0.07703139364522499,,0.0791829018155591,,
lewidi_convabuse,llama,80,GPP-cosine,3,256,0.8919815730240012,0.22193470226193332,0.3044598828979281,0.26903416795262447,0.6869047619047619,0.6952380952380952,0.24567162990570068,0.022322136908769608,0.08898252167858026,0.1041751525579411,0.08898252167858027,0.10417515255794109,0.08204691166589176,0.0924463545239812,0.08758958843482124,0.10219742405150978,0.08204691210189771,0.09244635468862075,0.08758958890036087,0.1021974240729237,0.06853156480874799,0.08065049604118664,
lewidi_convabuse,llama,80,GPP-rbf,3,256,0.3910574106087702,0.11215214528511859,0.19106819774453818,0.2940878019046247,0.8654761904761905,0.8404761904761905,0.2453802227973938,0.06873927265405655,0.1818251861707637,0.1743898555037503,0.18182518617076374,0.1743898555037503,0.17195707696329593,0.16533883284390116,0.1813826836846454,0.17375378161114663,0.1719570770528755,0.16533883281836873,0.18138268374295008,0.17375378149194062,0.17964481806677615,0.17858749971405075,
lewidi_convabuse,llama,80,GPP-laplace,3,256,0.4473895603396335,0.15070941242307867,0.26181405878603636,0.417399630957054,0.8464285714285714,0.8214285714285714,0.2998398542404175,0.1674877405166626,0.13291782831360888,0.12494434146894712,0.1329178283136089,0.12494434146894713,0.12829111441083446,0.12030406691278445,0.13256714539387596,0.1244968286865839,0.12829111430200135,0.12030406682025382,0.1325671451913371,0.124496828467029,0.11903842667312306,0.11396389928953915,
lewidi_convabuse,llama,80,LPE,3,256,0.4562003610788168,0.10395026389520656,0.16445702865315104,0.20763890061720863,0.8654761904761905,0.8404761904761905,0.13444259762763977,0.06863412261009216,0.17084504217186236,0.1947464686232478,0.1708450421718624,0.19474646862324782,0.15863017210719127,0.1771583107318587,0.17024742130638196,0.193546058002404,0.15863017242579597,0.17715831099870283,0.1702474218044353,0.19354605831560032,0.17615963411217106,0.1999102971809885,
lewidi_convabuse,llama,80,LP-temp,3,256,0.4006264813182004,0.12814838050674895,0.22449663233386216,0.37338089499733884,0.8571428571428571,0.8416666666666667,0.41286821184818145,,0.1367738599798035,,0.13677385997980357,,0.12897744716851056,,0.13659445461993286,,0.12897744764456257,,0.13659445523479533,,0.1365449250705298,,
lewidi_convabuse,llama,80,GPP-cosine,3,1024,0.4037608005163312,0.10617829337946369,0.17368880047175653,0.2335053249389861,0.8559523809523809,0.8523809523809524,0.23521915078163147,0.007054372224956751,0.19489324210195147,0.1867055439098047,0.1948932421019515,0.18670554390980476,0.19184982969362316,0.18316513081636102,0.19457684935516636,0.18635327591401407,0.19184982994298444,0.1831651308233668,0.19457684948492224,0.1863532757485865,0.22127093288994146,0.23663674402456467,
lewidi_convabuse,llama,80,GPP-rbf,3,1024,0.32129066506413506,0.08798234973539326,0.154911122645336,0.2449475855695022,0.8797619047619047,0.861904761904762,0.22801335155963898,0.04693596810102463,0.3128660680457396,0.2852068001705723,0.3128660680457396,0.28520680017057237,0.3061354861787994,0.28105322573577063,0.31264925138502137,0.28514986437445355,0.3061354864222051,0.28105322574213104,0.31264925139201605,0.2851498641570893,0.30473239178602457,0.28298351692299545,
lewidi_convabuse,llama,80,GPP-laplace,3,1024,0.4112755496775024,0.13288407024410312,0.2317245098712322,0.370607238067091,0.8476190476190476,0.8226190476190476,0.2654547691345215,0.1458386778831482,0.1804399996137324,0.16957978551902447,0.1804399996137324,0.16957978551902453,0.17635857430251883,0.16529398519526062,0.18026240220288997,0.16927348303684442,0.1763585742475814,0.16529398516509727,0.18026240194859167,0.1692734827991727,0.17641768579789616,0.16365053337741797,
lewidi_convabuse,llama,80,LPE,3,1024,0.3844910361148605,0.09521249774773093,0.1595943552382932,0.21765064937563627,0.8583333333333333,0.8547619047619047,0.0901227667927742,0.14909784495830536,0.24974973738892353,0.2741848430077716,0.24974973738892356,0.27418484300777163,0.23885933680140084,0.27090897717462303,0.24898387391782362,0.2745992610671047,0.2388593373108317,0.2709089773170917,0.24898387421205806,0.2745992609752598,0.2657217792465875,0.2740563737956764,
lewidi_convabuse,llama,80,LP-temp,3,1024,0.40450301928710014,0.13085850272771718,0.2256215073712622,0.3588153703652775,0.8476190476190476,0.8416666666666667,0.4122074864260938,,0.2285717328280113,,0.2285717328280113,,0.2210059342729107,,0.22785471758830392,,0.22100593478414296,,0.2278547182316289,,0.22855931285935677,,
lewidi_convabuse,llama,80,GPP-cosine,4,16,1.1593754054383616,0.3003123689371719,0.4031880561147686,0.3371039526654676,0.6095238095238096,0.6130952380952381,0.25913888216018677,0.0880131945014,0.010714927997692452,0.07084483589519301,0.010714927997692456,0.07084483589519303,0.006718171854389561,0.0651226893440274,0.009828243504482002,0.07016449447590911,0.006718172018888063,0.0651226893448526,0.009828243886347954,0.0701644944683418,0.013545714821418678,0.07320978938822767,
lewidi_convabuse,llama,80,GPP-rbf,4,16,0.4595605406058223,0.1591129921423875,0.2790173311651285,0.45456055678271257,0.8464285714285714,0.8214285714285714,0.36993125081062317,0.14033839106559753,0.08171590618420534,0.11132375105048103,0.08171590618420536,0.11132375105048106,0.07925400465821819,0.1097265442502712,0.08107744323274593,0.11100212537320497,0.07925400510357114,0.10972654428461494,0.08107744428478204,0.1110021255417296,0.08541319470949929,0.10776165623460077,
lewidi_convabuse,llama,80,GPP-laplace,4,16,0.6011716513146249,0.2337693789715647,0.40078864216449717,0.5926735957724923,0.8380952380952381,0.8130952380952381,0.4312843084335327,0.2467748373746872,0.08484099260843733,0.06617646291210608,0.08484099260843735,0.06617646291210609,0.0822456407044864,0.06505908461899038,0.08474798231763801,0.06574236549881939,0.08224564078217804,0.06505908463722689,0.08474798256450385,0.06574236539400073,0.1029681232426595,0.05083049353949758,
lewidi_convabuse,llama,80,LPE,4,16,0.49381072246473334,0.14487891973958655,0.23495413663303702,0.34198556824352144,0.8380952380952381,0.8130952380952381,0.26651012897491455,0.08215472847223282,0.015358544940791138,-0.02958455684777861,0.015358544940791138,-0.029584556847778606,0.016241383128014077,-0.02916208867226866,0.014924720580185853,-0.030351789522170727,0.016241383692784016,-0.02916208824233347,0.014924721758474493,-0.03035178844060376,0.015145478111818825,-0.013224815780220077,
lewidi_convabuse,llama,80,LP-temp,4,16,0.5210591376634174,0.19536312000469083,0.34229823946614035,0.5422808885641263,0.8202380952380952,0.7952380952380952,0.6174708858898644,,0.0051962040349049655,,0.005196204034904967,,0.001962432373665503,,0.004273122287896364,,0.001962432866182001,,0.004273123312699294,,0.012659206663686366,,
lewidi_convabuse,llama,80,GPP-cosine,4,64,1.2433583573869302,0.2899801354600531,0.3848126232010727,0.30695653533896444,0.6035714285714285,0.6071428571428571,0.25355035066604614,0.049985967576503754,0.0036529103993304564,0.06755788146816988,0.0036529103993304633,0.06755788146816988,-0.0014001507370637878,0.0609679399680097,0.0031520532926022967,0.06709906960853923,-0.0014001503161503934,0.06096794026722778,0.003152053855550386,0.06709907002151189,-0.0017588205686860246,0.04609213775826016,
lewidi_convabuse,llama,80,GPP-rbf,4,64,0.4560594329940551,0.14155263093013584,0.23619412457226732,0.3562432141316607,0.8476190476190476,0.8226190476190476,0.27814796566963196,0.10334236174821854,0.09521389335548122,0.09499654899375445,0.09521389335548124,0.09499654899375445,0.09022815415574062,0.09184510004527617,0.09441877770396992,0.09446488645061174,0.090228153878941,0.09184509974072946,0.09441877731272096,0.09446488596423427,0.0876727783600962,0.09534712548079396,
lewidi_convabuse,llama,80,GPP-laplace,4,64,0.5013830720758925,0.1863477124624531,0.3271179155823553,0.5209670592575919,0.8464285714285714,0.8214285714285714,0.3817138671875,0.21703080832958221,0.12579188811776415,0.11390552985612463,0.12579188811776418,0.11390552985612466,0.12102749795625194,0.10924733789452827,0.12535667211673562,0.11334753045912657,0.12102749795012231,0.10924733788210289,0.125356672093177,0.11334753035825904,0.10964999860025429,0.08863053857536586,
lewidi_convabuse,llama,80,LPE,4,64,0.6596509948009036,0.13654679532422018,0.18700648458359084,0.18382098282175813,0.844047619047619,0.819047619047619,0.11321871727705002,0.024671904742717743,0.022792287262067154,0.047789967983802494,0.02279228726206716,0.04778996798380247,0.019782606697751705,0.04162025278160206,0.022292515546497613,0.04676177320726732,0.019782606411941475,0.04162025244417279,0.022292515177635135,0.04676177270469449,0.013965215367317752,0.028640388900843326,
lewidi_convabuse,llama,80,LP-temp,4,64,0.47028987434647057,0.1481102351190643,0.24761541111775212,0.37949396532556506,0.830952380952381,0.805952380952381,0.399993779902319,,-0.005393818995747035,,-0.005393818995747044,,-0.011319165875101816,,-0.00664978583111289,,-0.011319165994108187,,-0.006649785941643838,,0.002046972020745542,,
lewidi_convabuse,llama,80,GPP-cosine,4,256,1.2248145949772606,0.27012458006598344,0.348706783949149,0.25237683246068043,0.6428571428571429,0.655952380952381,0.21987223625183105,0.019319279119372368,0.05747596606872912,0.06267284422005254,0.05747596606872913,0.06267284422005252,0.052739451949253134,0.05546738235354388,0.05755012692562031,0.06239288295663535,0.05273945231727462,0.05546738250209157,0.057550127389125655,0.06239288317221489,0.06586621512538077,0.0873083525285343,
lewidi_convabuse,llama,80,GPP-rbf,4,256,0.4016278317253286,0.12291867028407429,0.2114192398658599,0.3275149314426129,0.8428571428571429,0.8202380952380952,0.280454158782959,0.07856768369674683,0.17154875051265253,0.16874802524616653,0.17154875051265256,0.16874802524616656,0.16266422184985885,0.16262980528497947,0.17058911257520606,0.16802634460684052,0.16266422190485405,0.1626298051413907,0.17058911217934436,0.1680263440097301,0.16936660199996287,0.1746503751135074,
lewidi_convabuse,llama,80,GPP-laplace,4,256,0.4529119364601462,0.1558342832325566,0.27219927417602213,0.43644325622438146,0.8464285714285714,0.8214285714285714,0.315885066986084,0.1763426661491394,0.12747135632429057,0.12031447626072714,0.1274713563242906,0.12031447626072717,0.12160628775761724,0.11463636485753809,0.1268002329205193,0.11956446537878256,0.12160628772056176,0.11463636483345133,0.12680023273880497,0.11956446518131741,0.11885316388791517,0.1100657062255884,
lewidi_convabuse,llama,80,LPE,4,256,0.4643860211138198,0.11897382948328751,0.18832197580272642,0.24098087064722448,0.8380952380952381,0.8178571428571428,0.16567547619342804,0.07867896556854248,0.1614261120857739,0.1467628102462036,0.16142611208577393,0.1467628102462036,0.15217297158127768,0.1394953472435379,0.16067276136383313,0.14605634467953899,0.1521729715887295,0.13949534725399323,0.16067276093227878,0.1460563442324654,0.15859524174782508,0.16780134581966233,
lewidi_convabuse,llama,80,LP-temp,4,256,0.45026724686030944,0.14022734454755453,0.2351489999628431,0.35213382726572534,0.8166666666666667,0.8035714285714286,0.3795814955382639,,0.09754679312952166,,0.09754679312952166,,0.09718673022106947,,0.09774520642075445,,0.09718673040099354,,0.09774520648089391,,0.09436599609393206,,
lewidi_convabuse,llama,80,GPP-cosine,4,1024,0.3947379546578243,0.10218987970165044,0.16804268521814048,0.238086181525105,0.8630952380952381,0.8595238095238096,0.24011904001235962,0.0076418244279921055,0.19550899753443424,0.16508110685113941,0.19550899753443426,0.16508110685113941,0.18935608339309254,0.15607189132633775,0.1949834101495196,0.16406076687234317,0.18935608404020388,0.15607189155217696,0.1949834109244531,0.1640607671090124,0.20495417754842965,0.21396688805915912,
lewidi_convabuse,llama,80,GPP-rbf,4,1024,0.322134099683217,0.08901031869309048,0.15626504084225634,0.25284911533463383,0.8809523809523809,0.8702380952380953,0.23358608782291412,0.047903843224048615,0.28927066140860247,0.27550137638962946,0.28927066140860247,0.2755013763896295,0.27871252054288953,0.26639999704768036,0.28898141483685286,0.27512148601849795,0.2787125207086788,0.2663999969974712,0.2889814148133573,0.2751214857420654,0.2778966905779353,0.2665109841869301,
lewidi_convabuse,llama,80,GPP-laplace,4,1024,0.41000315999525644,0.13332099257784766,0.23335320209430177,0.3768598231425847,0.8488095238095238,0.8238095238095238,0.2713659405708313,0.14901450276374817,0.1842669930966444,0.17354599792819492,0.1842669930966444,0.17354599792819494,0.177277589276051,0.1664369284382493,0.1840391059810753,0.1731821878330555,0.1772775890967842,0.16643692828622253,0.1840391055720474,0.17318218744062933,0.187248476859953,0.17768325968489104,
lewidi_convabuse,llama,80,LPE,4,1024,0.3692351220881755,0.09471536204487908,0.16010871017404346,0.23564283157440985,0.8678571428571429,0.861904761904762,0.09393493086099625,0.16049230098724365,0.20123555742957897,0.2383564283657041,0.201235557429579,0.23835642836570414,0.19412250591559205,0.23689361103316342,0.2011918195640598,0.2388318555230749,0.19412250643649864,0.2368936110884642,0.20119182013417564,0.23883185533589651,0.2162968696309048,0.2390381484811254,
lewidi_convabuse,llama,80,LP-temp,4,1024,0.4186537943032894,0.1424863303903587,0.2505466535346874,0.4184161139193208,0.8488095238095238,0.8380952380952381,0.47334340519904605,,0.14166836058470353,,0.14166836058470356,,0.14094659111343108,,0.14209828667815833,,0.14094659144207172,,0.14209828712801859,,0.13459315509165806,,
