dataset,model,layer,method,seed,n_obs,soft_ce,jsd,tvd,entce,rankcs,acc,mean_alea,mean_mi,corrAlea_entropy,corrMI_entropy,corrAlea_norm_entropy,corrMI_norm_entropy,corrAlea_one_minus_max,corrMI_one_minus_max,corrAlea_gini,corrMI_gini,corrAlea_top2_margin,corrMI_top2_margin,corrAlea_bern_var,corrMI_bern_var,corrAleaS_entropy,corrMIS_entropy,mono_alea
lewidi_armis,llama,0,GPP-cosine,0,16,0.6801835686135701,0.19946222453580867,0.36891105082528347,0.4541121876508156,0.5724137931034483,0.5724137931034483,0.6722863912582397,0.013629033230245113,0.08338439049067964,-0.10486056155481774,0.08338439049067967,-0.10486056155481775,0.08338439049067964,-0.10486056155481774,0.08338439049067967,-0.10486056155481774,0.08338439049067967,-0.10486056155481774,0.08338439033085758,-0.10486056223799461,0.09306149062960511,-0.07937597730172202,
lewidi_armis,llama,0,GPP-rbf,0,16,0.7159346024847371,0.2074810519669222,0.37498985523807593,0.42291448189494785,0.5586206896551724,0.5586206896551724,0.46682044863700867,0.1726260781288147,-0.03708585448772074,-0.09986872855913495,-0.03708585448772077,-0.09986872855913495,-0.03708585448772074,-0.09986872855913494,-0.03708585448772076,-0.09986872855913496,-0.03708585448772076,-0.09986872855913496,-0.03708585100891173,-0.09986872612621867,-0.052004950645955804,-0.10400990129191161,
lewidi_armis,llama,0,GPP-laplace,0,16,0.6915860318336897,0.20397848058066773,0.3762680388730148,0.4545844952274799,0.5655172413793104,0.5655172413793104,0.4364972412586212,0.24989044666290283,-0.1933876869925563,0.07759527976570238,-0.19338768699255626,0.07759527976570235,-0.19338768699255626,0.07759527976570238,-0.19338768699255632,0.0775952797657024,-0.19338768699255632,0.0775952797657024,-0.19338768621272462,0.07759528395450208,-0.16114691943582357,0.07834956380213078,
lewidi_armis,llama,0,LPE,0,16,0.8342093587184208,0.22855869969088444,0.3861404707591081,0.37582609973006537,0.5517241379310345,0.5517241379310345,0.41577616333961487,0.09615494310855865,-0.008449400008232605,-0.03302605618929384,-0.008449400008232605,-0.03302605618929387,-0.008449400008232612,-0.03302605618929385,-0.008449400008232612,-0.03302605618929387,-0.008449400008232612,-0.03302605618929387,-0.008449395358789587,-0.03302605138352867,-0.005474205331153242,-0.05474205331153243,
lewidi_armis,llama,0,LP-temp,0,16,0.6877039440306306,0.20202788621118167,0.3750069251582063,0.4519352608797803,0.5310344827586206,0.5310344827586206,0.6835772561397544,,-0.035520761886662804,,-0.03552076188666278,,-0.03552076188666278,,-0.0355207618866628,,-0.0355207618866628,,-0.03552075781981141,,-0.049267847980379184,,
lewidi_armis,llama,0,GPP-cosine,0,64,0.6732689035849939,0.19637548632800672,0.36227338139353127,0.44995598340706494,0.5862068965517241,0.5862068965517241,0.6729028224945068,0.008856477215886116,-0.03874150038416917,-0.11320643393236215,-0.03874150038416915,-0.11320643393236215,-0.03874150038416914,-0.11320643393236215,-0.03874150038416916,-0.11320643393236218,-0.03874150038416916,-0.11320643393236218,-0.038741502630973326,-0.11320643492428671,-0.12214320645135672,-0.0964828689615759,
lewidi_armis,llama,0,GPP-rbf,0,64,0.6878681998225402,0.1950399316591141,0.3560882271106901,0.418775096066109,0.5655172413793104,0.5655172413793104,0.4660584032535553,0.15065394341945648,-0.05984554074628255,-0.10788600297501316,-0.05984554074628254,-0.10788600297501313,-0.05984554074628254,-0.10788600297501316,-0.05984554074628254,-0.10788600297501316,-0.05984554074628254,-0.10788600297501316,-0.05984554381877176,-0.10788600333535042,-0.07150680713818923,-0.11974824161897718,
lewidi_armis,llama,0,GPP-laplace,0,64,0.6881304251428334,0.20115300602678368,0.3667718441321932,0.44139253029385767,0.5724137931034483,0.5724137931034483,0.42913585901260376,0.2436615526676178,-0.17890512161424452,-0.03213610094168521,-0.17890512161424454,-0.032136100941685196,-0.17890512161424452,-0.03213610094168521,-0.17890512161424457,-0.032136100941685224,-0.17890512161424457,-0.032136100941685224,-0.17890512183501678,-0.032136098613641834,-0.19980849458709335,-0.019843994325430506,
lewidi_armis,llama,0,LPE,0,64,0.7853365738737101,0.21141473430434327,0.36547148205934027,0.38622176637434996,0.5793103448275863,0.5793103448275863,0.39884164929389954,0.11338403820991516,-0.039842281511070526,-0.05601758610497473,-0.03984228151107051,-0.05601758610497472,-0.03984228151107052,-0.05601758610497471,-0.03984228151107051,-0.05601758610497473,-0.03984228151107051,-0.05601758610497473,-0.039842284098479744,-0.05601758792028291,-0.05884770730989736,-0.06842756663941553,
lewidi_armis,llama,0,LP-temp,0,64,0.6825785731264821,0.19539113501706654,0.3541185602309644,0.42396394798230447,0.6068965517241379,0.6068965517241379,0.6446966932068522,,0.04322855959582439,,0.0432285595958244,,0.04322855959582439,,0.04322855959582441,,0.04322855959582441,,0.043228557396284895,,-0.004105653998364931,,
lewidi_armis,llama,0,GPP-cosine,0,256,0.6541594347838546,0.18686622090628568,0.34144315652806184,0.4313446480612943,0.6137931034482759,0.6137931034482759,0.6542765498161316,0.006281222216784954,-0.04923479779902795,-0.11801018403664522,-0.04923479779902795,-0.11801018403664522,-0.049234797799027924,-0.11801018403664522,-0.04923479779902795,-0.11801018403664523,-0.04923479779902795,-0.11801018403664523,-0.049234800692016814,-0.11801018461351742,-0.06021625864268566,-0.09083768410695986,
lewidi_armis,llama,0,GPP-rbf,0,256,0.7467246669799275,0.2001370860228968,0.35007513180888933,0.38444801388967775,0.6,0.6,0.4094260334968567,0.10495243966579437,-0.023824800978111814,-0.08325972135976134,-0.023824800978111814,-0.08325972135976134,-0.023824800978111814,-0.08325972135976134,-0.023824800978111828,-0.08325972135976135,-0.023824800978111828,-0.08325972135976135,-0.02382480583644471,-0.08325972346835586,-0.04995212364677334,-0.08450804479967818,
lewidi_armis,llama,0,GPP-laplace,0,256,0.7071974410907903,0.20372420939627475,0.36437455616120634,0.41734295220134954,0.5724137931034483,0.5724137931034483,0.40561437606811523,0.227519229054451,-0.10819021301030962,-0.05098641725471027,-0.10819021301030965,-0.050986417254710266,-0.10819021301030962,-0.050986417254710266,-0.10819021301030968,-0.05098641725471029,-0.10819021301030968,-0.05098641725471029,-0.1081902127315077,-0.05098641566873905,-0.1484878196075317,-0.057137018143911956,
lewidi_armis,llama,0,LPE,0,256,0.9317738027315903,0.21878325210822822,0.35440571837624985,0.35426297933481776,0.6275862068965518,0.6275862068965518,0.25360941886901855,0.16450947523117065,-0.009588612068179153,-0.036239563097836755,-0.009588612068179146,-0.03623956309783677,-0.009588612068179143,-0.03623956309783677,-0.009588612068179153,-0.03623956309783677,-0.009588612068179153,-0.03623956309783677,-0.009588616054870849,-0.03623956680188828,-0.019501856492233426,-0.036950885985284385,
lewidi_armis,llama,0,LP-temp,0,256,0.6699969565196877,0.19232782742285412,0.34706151969759175,0.4333393674362908,0.6482758620689655,0.6482758620689655,0.659384428965703,,0.03743852111033809,,0.03743852111033807,,0.037438521110338074,,0.03743852111033808,,0.03743852111033808,,0.03743851837814004,,-0.011974824161897718,,
lewidi_armis,llama,0,GPP-cosine,1,16,0.683739018610778,0.201562165587102,0.3735466622073075,0.4602797836800033,0.6206896551724138,0.6206896551724138,0.6784914135932922,0.013591536320745945,0.09520921691643608,-0.09766385206413751,0.09520921691643608,-0.09766385206413754,0.09520921691643608,-0.0976638520641375,0.09520921691643607,-0.09766385206413755,0.09520921691643607,-0.09766385206413755,0.09520921799353925,-0.09766385291042037,0.09271935279640806,-0.07390177197056877,
lewidi_armis,llama,0,GPP-rbf,1,16,0.6819674247459862,0.1999422866519121,0.368538918166325,0.45219773790868084,0.5793103448275863,0.5793103448275863,0.49366477131843567,0.1903361976146698,0.09513338599252405,-0.05596803993575328,0.09513338599252406,-0.055968039935753264,0.09513338599252405,-0.05596803993575327,0.09513338599252405,-0.055968039935753264,0.09513338599252405,-0.055968039935753264,0.09513338543787016,-0.055968037780720216,0.10024638512674375,-0.06192694780867105,
lewidi_armis,llama,0,GPP-laplace,1,16,0.6939287556707151,0.2056766707328228,0.3798154981999562,0.4611735145392933,0.45517241379310347,0.45517241379310347,0.44055259227752686,0.2524241507053375,-0.15625747217461838,0.15886853397106615,-0.1562574721746184,0.15886853397106615,-0.15625747217461838,0.15886853397106612,-0.15625747217461838,0.1588685339710662,-0.15625747217461838,0.1588685339710662,-0.15625747438937254,0.15886853628151104,-0.15704126543745867,0.15533057627147326,
lewidi_armis,llama,0,LPE,1,16,0.7068058151775954,0.20506080806535093,0.36749796903338927,0.4301503605780704,0.5724137931034483,0.5724137931034483,0.5013954639434814,0.15342895686626434,0.11078816770954056,0.009603688979968838,0.11078816770954056,0.009603688979968862,0.11078816770954054,0.009603688979968841,0.11078816770954056,0.009603688979968852,0.11078816770954056,0.009603688979968852,0.1107881716539803,0.009603690863046258,0.07219108280458338,0.05611060464432074,
lewidi_armis,llama,0,LP-temp,1,16,0.6872792942503406,0.20177594292244552,0.37125305685881616,0.4518794832567276,0.5724137931034483,0.5724137931034483,0.6829486423357526,,0.09413783954079169,,0.09413783954079169,,0.09413783954079168,,0.09413783954079169,,0.09413783954079169,,0.09413784422096161,,0.13514444411284568,,
lewidi_armis,llama,0,GPP-cosine,1,64,0.6724815381738116,0.19493264346291617,0.3568277390866444,0.43973669311490154,0.6,0.6,0.6629806756973267,0.008559271693229675,-0.061581974249428045,-0.1047306610735223,-0.06158197424942803,-0.10473066107352226,-0.061581974249428045,-0.10473066107352227,-0.06158197424942804,-0.10473066107352227,-0.06158197424942804,-0.10473066107352227,-0.06158197571069145,-0.10473066221174696,-0.08006025296811618,-0.09887783379395543,
lewidi_armis,llama,0,GPP-rbf,1,64,0.7443079374480708,0.20899403479646453,0.3661139784445023,0.40518944097007,0.5586206896551724,0.5586206896551724,0.43238845467567444,0.13896791636943817,-0.09377409167779388,-0.10371199753332025,-0.09377409167779387,-0.10371199753332025,-0.09377409167779387,-0.10371199753332028,-0.09377409167779387,-0.10371199753332025,-0.09377409167779387,-0.10371199753332025,-0.09377409243686702,-0.1037119965709669,-0.06842756663941553,-0.10435203912510868,
lewidi_armis,llama,0,GPP-laplace,1,64,0.6964938588571445,0.20299764891028232,0.3672518362259043,0.4324085304512855,0.5724137931034483,0.5724137931034483,0.42177197337150574,0.23935002088546753,-0.16105599185160197,-0.05062498770734633,-0.16105599185160197,-0.05062498770734632,-0.16105599185160197,-0.05062498770734633,-0.16105599185160197,-0.05062498770734632,-0.16105599185160197,-0.05062498770734632,-0.16105599024778205,-0.05062498428065469,-0.15088278443991124,-0.020870407825021735,
lewidi_armis,llama,0,LPE,1,64,0.8830290562313527,0.23178047496161588,0.3805742695188985,0.37631123156583424,0.5793103448275863,0.5793103448275863,0.35434195399284363,0.10918981581926346,-0.06641143801687924,-0.08742581877242434,-0.06641143801687929,-0.08742581877242432,-0.06641143801687924,-0.08742581877242434,-0.06641143801687927,-0.08742581877242434,-0.06641143801687927,-0.08742581877242434,-0.06641143687317978,-0.08742581869929883,-0.06295336130826229,-0.08348163130008694,
lewidi_armis,llama,0,LP-temp,1,64,0.6826045973595848,0.20086403465904407,0.3712800835970755,0.457767833279782,0.5793103448275863,0.5793103448275863,0.6895710556092369,,-0.06948997891584818,,-0.06948997891584818,,-0.06948997891584817,,-0.06948997891584821,,-0.06948997891584821,,-0.06948997644214609,,-0.09408790412919636,,
lewidi_armis,llama,0,GPP-cosine,1,256,0.655878272266899,0.1893122776805756,0.3502570485246593,0.44848185347570846,0.6620689655172414,0.6620689655172414,0.6723183393478394,0.006403778214007616,-0.03768876348580186,-0.12065830547131497,-0.037688763485801864,-0.12065830547131498,-0.03768876348580185,-0.12065830547131498,-0.03768876348580187,-0.12065830547131495,-0.03768876348580187,-0.12065830547131495,-0.037688764666789276,-0.12065830603987598,-0.0023949648323795436,-0.09374576629599927,
lewidi_armis,llama,0,GPP-rbf,1,256,0.6826810627317362,0.18482992305413506,0.3304962801779139,0.3973453693079409,0.6551724137931034,0.6551724137931034,0.44886118173599243,0.11409304291009903,0.013470403484275986,-0.09853234859775525,0.013470403484275986,-0.09853234859775525,0.013470403484276014,-0.09853234859775525,0.013470403484275986,-0.09853234859775528,0.013470403484275986,-0.09853234859775528,0.013470400528704074,-0.0985323493545869,0.02805530232216037,-0.08861369879804311,
lewidi_armis,llama,0,GPP-laplace,1,256,0.6832132779473601,0.19888482596295842,0.36222218511433435,0.43900444421546764,0.5793103448275863,0.5793103448275863,0.42886003851890564,0.24089181423187256,-0.15120439234986804,-0.03490019015526058,-0.15120439234986807,-0.03490019015526059,-0.15120439234986807,-0.03490019015526058,-0.15120439234986807,-0.03490019015526056,-0.15120439234986807,-0.03490019015526056,-0.15120439325098536,-0.034900188367127764,-0.16627898693377974,-0.021554683491415892,
lewidi_armis,llama,0,LPE,1,256,0.7983823139158834,0.19739727271851296,0.3312825639940676,0.36533493822547314,0.6413793103448275,0.6413793103448275,0.2726749777793884,0.19986237585544586,0.06297028919843367,-0.0835485213505483,0.06297028919843367,-0.08354852135054833,0.06297028919843367,-0.0835485213505483,0.06297028919843364,-0.08354852135054833,0.06297028919843364,-0.08354852135054833,0.06297028842958252,-0.08354852265837849,0.08758728529845188,-0.048925710147182104,
lewidi_armis,llama,0,LP-temp,1,256,0.6789756317270473,0.1939490821796607,0.34880096118538406,0.4336175128125769,0.6206896551724138,0.6206896551724138,0.6419244033193368,,-0.06415354333542315,,-0.06415354333542317,,-0.06415354333542315,,-0.06415354333542314,,-0.06415354333542314,,-0.06415354407610883,,0.017449029493050962,,
lewidi_armis,llama,0,GPP-cosine,2,16,0.6825117381507843,0.1986478886820494,0.36171341764515846,0.43852471538392673,0.5724137931034483,0.5724137931034483,0.6570491790771484,0.013278720900416374,-0.04513056102605108,-0.09619587497151275,-0.045130561026051105,-0.09619587497151273,-0.04513056102605109,-0.09619587497151273,-0.045130561026051105,-0.09619587497151272,-0.045130561026051105,-0.09619587497151272,-0.04513056216380285,-0.09619587588734178,-0.046188607481605484,-0.07698101246934247,
lewidi_armis,llama,0,GPP-rbf,2,16,0.787037978896461,0.22197126535522332,0.38312409602362535,0.3946446238860933,0.5655172413793104,0.5655172413793104,0.40072232484817505,0.15851016342639923,-0.09529585906885908,-0.0869016832950994,-0.09529585906885907,-0.08690168329509941,-0.09529585906885907,-0.08690168329509941,-0.09529585906885908,-0.08690168329509942,-0.09529585906885908,-0.08690168329509942,-0.09529586095786245,-0.08690168242947516,-0.10708914179068531,-0.09374576629599927,
lewidi_armis,llama,0,GPP-laplace,2,16,0.6932683868917939,0.20387720732630282,0.3734190087893913,0.4479616034370769,0.5724137931034483,0.5724137931034483,0.43213221430778503,0.24763259291648865,-0.17538233622525373,0.025728676206472893,-0.17538233622525373,0.025728676206472886,-0.1753823362252537,0.025728676206472893,-0.17538233622525376,0.025728676206472907,-0.17538233622525376,0.025728676206472907,-0.17538233536046133,0.02572868017044084,-0.17380601926411546,0.03113454282093407,
lewidi_armis,llama,0,LPE,2,16,1.0417424761947571,0.26580082954443823,0.4108619201864148,0.339960906560325,0.5586206896551724,0.5586206896551724,0.30524882674217224,0.06475101411342621,-0.046383426671676525,-0.06322514351970093,-0.046383426671676525,-0.06322514351970095,-0.046383426671676525,-0.06322514351970092,-0.04638342667167651,-0.06322514351970096,-0.04638342667167651,-0.06322514351970096,-0.04638343028770425,-0.06322514466395202,-0.04960998581357626,-0.06363763697465645,
lewidi_armis,llama,0,LP-temp,2,16,0.7007780567280406,0.20461313544228507,0.36617019504490966,0.4306312997393944,0.5517241379310345,0.5517241379310345,0.6602916454841681,,-0.05214748650671826,,-0.05214748650671826,,-0.05214748650671823,,-0.05214748650671826,,-0.05214748650671826,,-0.052147489598058275,,-0.06329549914145936,,
lewidi_armis,llama,0,GPP-cosine,2,64,0.6943512873717874,0.19950624426460786,0.35499019371024493,0.41195299513943046,0.5724137931034483,0.5724137931034483,0.6298388242721558,0.008140087127685547,-0.03085479122757158,-0.10549493735264742,-0.030854791227571572,-0.10549493735264742,-0.030854791227571565,-0.10549493735264742,-0.030854791227571583,-0.10549493735264745,-0.030854791227571583,-0.10549493735264745,-0.03085479237199464,-0.10549493826961684,0.024633923990189592,-0.09306149062960511,
lewidi_armis,llama,0,GPP-rbf,2,64,0.8105796069581754,0.22531265552084462,0.3823324381149021,0.3926199398598679,0.5862068965517241,0.5862068965517241,0.41151881217956543,0.12598483264446259,-0.08615919980335138,-0.12125189631151034,-0.08615919980335135,-0.12125189631151037,-0.08615919980335136,-0.12125189631151034,-0.08615919980335135,-0.12125189631151038,-0.08615919980335135,-0.12125189631151038,-0.08615920023047388,-0.12125189532137065,-0.09271935279640806,-0.1252224469501304,
lewidi_armis,llama,0,GPP-laplace,2,64,0.7140643848819748,0.2065138307814325,0.3677136019386094,0.41775818087999333,0.5724137931034483,0.5724137931034483,0.4059927463531494,0.2297646850347519,-0.13048023151749133,-0.05566948194070662,-0.13048023151749133,-0.055669481940706644,-0.1304802315174913,-0.055669481940706644,-0.13048023151749133,-0.05566948194070664,-0.13048023151749133,-0.05566948194070664,-0.1304802306258815,-0.05566947982397723,-0.14643499260834922,-0.0550841911447295,
lewidi_armis,llama,0,LPE,2,64,1.0691010517858965,0.2612183873349366,0.40502444924224684,0.3671473518110146,0.5793103448275863,0.5793103448275863,0.3322882354259491,0.07634138315916061,-0.09038436838670859,-0.1719882495782806,-0.0903843683867086,-0.1719882495782806,-0.0903843683867086,-0.1719882495782806,-0.09038436838670857,-0.1719882495782806,-0.09038436838670857,-0.1719882495782806,-0.09038436876723235,-0.17198825035537618,-0.0858765961324665,-0.12043251728537133,
lewidi_armis,llama,0,LP-temp,2,64,0.7781394493189343,0.2211142619711505,0.38323516940715313,0.4128668639043187,0.5172413793103449,0.5172413793103449,0.5924992575621332,,-0.061296509583045763,,-0.061296509583045763,,-0.06129650958304577,,-0.06129650958304578,,-0.06129650958304578,,-0.06129650856800356,,-0.057479155977109044,,
lewidi_armis,llama,0,GPP-cosine,2,256,0.6533747679267676,0.18757055020597482,0.3445626817900559,0.4402760421643466,0.6,0.6,0.6648025512695312,0.006247722543776035,-0.0018652006130916964,-0.10709184508937197,-0.0018652006130917033,-0.10709184508937197,-0.0018652006130916964,-0.10709184508937197,-0.0018652006130917068,-0.10709184508937197,-0.0018652006130917068,-0.10709184508937197,-0.001865204313315447,-0.10709184559606491,0.01026413499591233,-0.08946913142738232,
lewidi_armis,llama,0,GPP-rbf,2,256,0.7141435554904658,0.19185097031935705,0.33995636034885357,0.3949342413657016,0.6413793103448275,0.6413793103448275,0.4363582134246826,0.11128029972314835,-0.00010450995380916449,-0.0655150644910179,-0.00010450995380913673,-0.0655150644910179,-0.00010450995380915755,-0.0655150644910179,-0.00010450995380915755,-0.0655150644910179,-0.00010450995380915755,-0.0655150644910179,-0.00010451299675322615,-0.065515065820135,0.027371026655766215,-0.07937597730172202,
lewidi_armis,llama,0,GPP-laplace,2,256,0.694640797058697,0.20145471267527293,0.36329228261421465,0.4286339108676448,0.5724137931034483,0.5724137931034483,0.41877368092536926,0.23491042852401733,-0.16214836788065992,-0.07769326420282324,-0.1621483678806599,-0.07769326420282321,-0.16214836788065992,-0.07769326420282321,-0.16214836788065992,-0.07769326420282324,-0.16214836788065992,-0.07769326420282324,-0.162148367830513,-0.07769326236521355,-0.19262360008995472,-0.058163431643503204,
lewidi_armis,llama,0,LPE,2,256,0.8416773894391637,0.20628770672640237,0.34289933089568314,0.36538692575515436,0.6344827586206897,0.6344827586206897,0.26795926690101624,0.1805058717727661,-0.008299265504265393,-0.030591101121701384,-0.008299265504265383,-0.030591101121701384,-0.008299265504265393,-0.030591101121701377,-0.008299265504265393,-0.030591101121701384,-0.008299265504265393,-0.030591101121701384,-0.008299267638745451,-0.030591104176248867,-0.013343375494686028,-0.02497606182338667,
lewidi_armis,llama,0,LP-temp,2,256,0.6626471980502423,0.19210861067507312,0.3546288626995447,0.4493417043613741,0.6551724137931034,0.6551724137931034,0.6811449266908293,,0.06715111822195971,,0.0671511182219597,,0.0671511182219597,,0.06715111822195971,,0.06715111822195971,,0.0671511162808377,,0.04413578048242301,,
lewidi_armis,llama,0,GPP-cosine,3,16,0.6842646527567653,0.1995191350536277,0.3639451760670234,0.4406380685841081,0.5655172413793104,0.5655172413793104,0.659133791923523,0.013307459652423859,0.06613139297051804,-0.10080063824536999,0.06613139297051804,-0.10080063824537,0.06613139297051804,-0.10080063824536999,0.06613139297051804,-0.10080063824537,0.06613139297051804,-0.10080063824537,0.06613139260443114,-0.10080063913606782,0.039345850817663924,-0.08142880430090449,
lewidi_armis,llama,0,GPP-rbf,3,16,0.6835310004240748,0.19717936512023607,0.35838469821831276,0.4285893612416192,0.5655172413793104,0.5655172413793104,0.47123003005981445,0.18279589712619781,0.003383755783191146,-0.06050147922585496,0.0033837557831911252,-0.060501479225854964,0.003383755783191146,-0.06050147922585497,0.003383755783191146,-0.060501479225854964,0.003383755783191146,-0.060501479225854964,0.003383752959009903,-0.060501478439904985,0.011974824161897718,-0.06603260180703599,
lewidi_armis,llama,0,GPP-laplace,3,16,0.6889746359268981,0.20362265549461747,0.3769853203461088,0.4603675674827804,0.5724137931034483,0.5724137931034483,0.439944326877594,0.25222647190093994,-0.16491895606936108,0.15694871505392716,-0.16491895606936108,0.15694871505392716,-0.16491895606936108,0.15694871505392716,-0.1649189560693611,0.1569487150539272,-0.1649189560693611,0.1569487150539272,-0.1649189580014516,0.15694871761274864,-0.16730540043337097,0.15567271410467032,
lewidi_armis,llama,0,LPE,3,16,0.6930883486519089,0.1977976250766264,0.35750397330728073,0.420964366674179,0.6,0.6,0.4635486602783203,0.1748364269733429,0.04477076826982104,-0.056766368554977784,0.04477076826982103,-0.056766368554977784,0.04477076826982104,-0.05676636855497777,0.044770768269821036,-0.056766368554977784,0.044770768269821036,-0.056766368554977784,0.0447707656480139,-0.05676637274617042,-0.003079240498773699,-0.0780074259689337,
lewidi_armis,llama,0,LP-temp,3,16,0.6917771446561175,0.20484714888510835,0.3786043436471995,0.46131149571484725,0.6206896551724138,0.6206896551724138,0.6931147180443024,,0.06726369791203236,,0.06726369791203238,,0.06726369791203238,,0.06726369791203238,,0.06726369791203238,,0.06726369471680294,,-0.004105653998364931,,
lewidi_armis,llama,0,GPP-cosine,3,64,0.6821217452502186,0.19800129606921354,0.35911120998448337,0.4343021035788844,0.5724137931034483,0.5724137931034483,0.6574974060058594,0.008607937954366207,0.0362186882834283,-0.10722556821972519,0.036218688283428314,-0.10722556821972522,0.03621868828342832,-0.1072255682197252,0.03621868828342831,-0.10722556821972522,0.03621868828342831,-0.10722556821972522,0.036218686926691196,-0.10722556939345995,0.042082953483240544,-0.10195707429272913,
lewidi_armis,llama,0,GPP-rbf,3,64,0.7907296775022898,0.21799024257447105,0.3780537330384912,0.3910815454911436,0.5724137931034483,0.5724137931034483,0.41340088844299316,0.13338518142700195,0.011395825212461269,-0.054126273671052626,0.011395825212461255,-0.05412627367105266,0.011395825212461269,-0.05412627367105264,0.011395825212461241,-0.05412627367105266,0.011395825212461241,-0.05412627367105266,0.011395825600203136,-0.05412627238835134,0.019843994325430506,-0.0595319829762915,
lewidi_armis,llama,0,GPP-laplace,3,64,0.7081128358472585,0.20584143384281497,0.3692517528760022,0.4258926343081834,0.5724137931034483,0.5724137931034483,0.41429781913757324,0.23501355946063995,-0.12529624269276454,-0.04294850076214868,-0.12529624269276454,-0.04294850076214869,-0.1252962426927645,-0.04294850076214869,-0.12529624269276457,-0.04294850076214869,-0.12529624269276457,-0.04294850076214869,-0.12529624087977853,-0.04294849767348975,-0.1378815467784223,-0.016764753826656806,
lewidi_armis,llama,0,LPE,3,64,1.0146695496734048,0.24551551759768894,0.38358919157903515,0.32967859823894075,0.5586206896551724,0.5586206896551724,0.32020804286003113,0.07904210686683655,0.0875346007279946,0.06176186512570611,0.0875346007279946,0.0617618651257061,0.0875346007279946,0.061761865125706104,0.08753460072799461,0.0617618651257061,0.08753460072799461,0.0617618651257061,0.08753460278570928,0.061761867701424056,0.09271935279640806,0.052347088479152884,
lewidi_armis,llama,0,LP-temp,3,64,0.7388563152940196,0.20824409986559858,0.36955335636352654,0.3971928194378998,0.5310344827586206,0.5310344827586206,0.5938539745360182,,0.09189683003678437,,0.09189683003678438,,0.09189683003678435,,0.09189683003678438,,0.09189683003678438,,0.09189683102014293,,0.11974824161897718,,
lewidi_armis,llama,0,GPP-cosine,3,256,0.6547922954929053,0.18734721391016823,0.3422319300729653,0.4346690037992394,0.6206896551724138,0.6206896551724138,0.6575683355331421,0.006291741505265236,0.03782456611226585,-0.09988903944288957,0.03782456611226583,-0.09988903944288956,0.03782456611226585,-0.09988903944288957,0.03782456611226585,-0.0998890394428896,0.03782456611226585,-0.0998890394428896,0.03782456250609873,-0.09988904049763314,0.020186132158627582,-0.08262636802949455,
lewidi_armis,llama,0,GPP-rbf,3,256,0.746103554612585,0.20124681237851988,0.351090768777669,0.38339553942916965,0.5793103448275863,0.5793103448275863,0.4398093521595001,0.11201708763837814,0.0742667263787154,-0.04625385187176758,0.07426672637871541,-0.04625385187176758,0.07426672637871537,-0.046253851871767566,0.07426672637871541,-0.04625385187176757,0.07426672637871541,-0.04625385187176757,0.07426672222603391,-0.046253852907148854,0.05132067497956165,-0.05474205331153243,
lewidi_armis,llama,0,GPP-laplace,3,256,0.709753505565196,0.2050988324528601,0.3661299164952903,0.42017454184472347,0.5724137931034483,0.5724137931034483,0.40843385457992554,0.22910921275615692,-0.10796342930735864,-0.047994729688667706,-0.10796342930735861,-0.047994729688667734,-0.10796342930735861,-0.04799472968866772,-0.10796342930735867,-0.047994729688667706,-0.10796342930735867,-0.047994729688667706,-0.10796343020302519,-0.047994728981138296,-0.12043251728537133,-0.03352950765331361,
lewidi_armis,llama,0,LPE,3,256,0.8973356423382878,0.21882609630113498,0.3618770749848158,0.35832594187294636,0.5793103448275863,0.5793103448275863,0.2834315001964569,0.18790432810783386,0.07925732068478016,-0.017317897466702724,0.07925732068478014,-0.017317897466702738,0.07925732068478014,-0.017317897466702738,0.07925732068478016,-0.017317897466702755,0.07925732068478016,-0.017317897466702755,0.07925731834446248,-0.01731790032099017,0.06226908564186814,-0.027028888822569132,
lewidi_armis,llama,0,LP-temp,3,256,0.6971054131319665,0.19961900957226347,0.3543368982989897,0.4219053373611845,0.5862068965517241,0.5862068965517241,0.6345338500884933,,0.043030426462666034,,0.04303042646266604,,0.04303042646266601,,0.04303042646266603,,0.04303042646266603,,0.04303042379652783,,0.05542632897792658,,
lewidi_armis,llama,0,GPP-cosine,4,16,0.685790461978728,0.20164156881963102,0.37283618162418236,0.4546996054835834,0.5586206896551724,0.5586206896551724,0.6727760434150696,0.013726774603128433,0.16311601962321776,-0.09499793269207368,0.16311601962321773,-0.09499793269207366,0.16311601962321773,-0.09499793269207367,0.16311601962321776,-0.09499793269207368,0.16311601962321776,-0.09499793269207368,0.163116021340714,-0.09499793347986699,0.12795954961570705,-0.06979611797220385,
lewidi_armis,llama,0,GPP-rbf,4,16,0.7056861351870729,0.20598028078083797,0.36960502097318915,0.4308646208149447,0.5724137931034483,0.5724137931034483,0.47809532284736633,0.18288177251815796,0.09849125162984504,-0.05818816271275405,0.09849125162984504,-0.058188162712754045,0.09849125162984501,-0.05818816271275405,0.09849125162984501,-0.05818816271275403,0.09849125162984501,-0.05818816271275403,0.09849125116370158,-0.058188160814430366,0.08621873396566357,-0.0626112234750652,
lewidi_armis,llama,0,GPP-laplace,4,16,0.6907314979276975,0.20415912394706187,0.3776143765655057,0.4591012712868225,0.5586206896551724,0.5586206896551724,0.43915683031082153,0.25174766778945923,-0.15950070052922782,0.14885969526491055,-0.15950070052922782,0.14885969526491055,-0.15950070052922777,0.14885969526491055,-0.1595007005292278,0.14885969526491055,-0.1595007005292278,0.14885969526491055,-0.15950070169458694,0.14885969839884078,-0.14472430344236387,0.1532777492722908,
lewidi_armis,llama,0,LPE,4,16,0.7943840642248841,0.22065767567333724,0.3769531330157971,0.3897158240684751,0.5793103448275863,0.5793103448275863,0.4733370542526245,0.07701407372951508,-0.01814491947838591,-0.06699011314572727,-0.018144919478385882,-0.06699011314572724,-0.01814491947838591,-0.06699011314572723,-0.018144919478385903,-0.06699011314572723,-0.018144919478385903,-0.06699011314572723,-0.01814491788399688,-0.06699011413801821,-0.03318736982011653,-0.09374576629599927,
lewidi_armis,llama,0,LP-temp,4,16,0.6924674124677784,0.20511824966265535,0.3790388372156144,0.4613142878802399,0.5586206896551724,0.5586206896551724,0.693117510209695,,-0.007362243590526743,,-0.007362243590526743,,-0.00736224359052675,,-0.007362243590526729,,-0.007362243590526729,,-0.007362242194941859,,-0.07732315030253954,,
lewidi_armis,llama,0,GPP-cosine,4,64,0.6710899901669805,0.19598080752131275,0.36143529374023964,0.4540008688598752,0.6068965517241379,0.6068965517241379,0.6770735383033752,0.008730500005185604,0.022517181657620504,-0.09604042662079332,0.022517181657620497,-0.09604042662079333,0.022517181657620504,-0.0960404266207933,0.02251718165762051,-0.09604042662079333,0.02251718165762051,-0.09604042662079333,0.02251717960847771,-0.09604042742485586,0.046188607481605484,-0.07732315030253954,
lewidi_armis,llama,0,GPP-rbf,4,64,0.6939823509128679,0.19870410283204423,0.35496118125216714,0.42270878355309915,0.593103448275862,0.593103448275862,0.48483243584632874,0.1514759510755539,-0.0200906320923719,-0.08785275043373024,-0.020090632092371885,-0.08785275043373024,-0.020090632092371885,-0.08785275043373023,-0.020090632092371885,-0.08785275043373023,-0.020090632092371885,-0.08785275043373023,-0.02009063140567724,-0.08785274840245584,0.0017106891659853885,-0.09169293929681681,
lewidi_armis,llama,0,GPP-laplace,4,64,0.6873434678837173,0.20200932162420876,0.3718004335617197,0.45170298979515217,0.5724137931034483,0.5724137931034483,0.4360724091529846,0.24743378162384033,-0.17735962289768656,0.04275989817957846,-0.17735962289768653,0.042759898179578475,-0.17735962289768653,0.04275989817957845,-0.1773596228976866,0.04275989817957846,-0.1773596228976866,0.04275989817957846,-0.17735962345343836,0.04275990172218705,-0.16285760860180898,0.03592447248569315,
lewidi_armis,llama,0,LPE,4,64,0.7824532383401873,0.21663280420166248,0.37451189078133684,0.4012633566348655,0.5724137931034483,0.5724137931034483,0.434074342250824,0.11146818846464157,-0.07794061134234528,-0.17659599191925357,-0.07794061134234528,-0.17659599191925351,-0.07794061134234528,-0.17659599191925354,-0.07794061134234528,-0.17659599191925357,-0.07794061134234528,-0.17659599191925357,-0.07794060932789264,-0.17659599016755373,-0.08758728529845188,-0.1501985087735171,
lewidi_armis,llama,0,LP-temp,4,64,0.7344046248200826,0.2104263474802028,0.3706636312916887,0.4156173813401248,0.5655172413793104,0.5655172413793104,0.6116851298642524,,-0.07663303711199251,,-0.07663303711199254,,-0.07663303711199253,,-0.07663303711199249,,-0.07663303711199249,,-0.07663303284785311,,-0.1053784526246999,,
lewidi_armis,llama,0,GPP-cosine,4,256,0.6586260043568415,0.18987720766019145,0.35105584895816344,0.4437018864586012,0.6,0.6,0.6670148968696594,0.0063928719609975815,-0.06017412324275788,-0.11360094833012671,-0.06017412324275791,-0.11360094833012672,-0.060174123242757865,-0.11360094833012671,-0.060174123242757886,-0.11360094833012674,-0.060174123242757886,-0.11360094833012674,-0.06017412739298192,-0.11360094924975439,-0.022238959157810045,-0.09135080146361972,
lewidi_armis,llama,0,GPP-rbf,4,256,0.71705134708564,0.1889973295680795,0.33587727807462214,0.38678394085200507,0.6344827586206897,0.6344827586206897,0.4216310679912567,0.10807923972606659,0.03180892788255907,-0.06925842583676682,0.03180892788255911,-0.06925842583676683,0.031808927882559096,-0.06925842583676683,0.03180892788255909,-0.06925842583676683,0.03180892788255909,-0.06925842583676683,0.031808927013177585,-0.06925842563627814,0.07869170163532785,-0.07834956380213078,
lewidi_armis,llama,0,GPP-laplace,4,256,0.6988776297537026,0.201759101487124,0.36320561607336177,0.423132456840628,0.5724137931034483,0.5724137931034483,0.41211605072021484,0.23130756616592407,-0.10947773463183347,-0.049327407531552056,-0.10947773463183348,-0.049327407531552035,-0.10947773463183347,-0.04932740753155203,-0.10947773463183348,-0.049327407531552014,-0.10947773463183348,-0.049327407531552014,-0.109477732913881,-0.04932740467066437,-0.14985637094032,-0.04824143448078795,
lewidi_armis,llama,0,LPE,4,256,0.8519387501708028,0.20567962271810808,0.34212785975554466,0.3505693465179421,0.6,0.6,0.24572479724884033,0.19283033907413483,0.0751325510138652,-0.006537223212773459,0.0751325510138652,-0.006537223212773462,0.0751325510138652,-0.006537223212773478,0.07513255101386523,-0.006537223212773452,0.07513255101386523,-0.006537223212773452,0.07513255051697433,-0.0065372242998803405,0.0810866664677074,0.005132067497956165,
lewidi_armis,llama,0,LP-temp,4,256,0.6664689576315849,0.1936708388042224,0.3594651159744513,0.4507690396598766,0.6344827586206897,0.6344827586206897,0.6817280222762104,,0.007362260350662543,,0.00736226035066255,,0.007362260350662557,,0.007362260350662536,,0.007362260350662536,,0.007362259148078455,,0.04789929664759087,,
lewidi_armis,llama,16,GPP-cosine,0,16,1.0813731531838653,0.2850066401249811,0.43235720985665405,0.324922816807229,0.5310344827586206,0.5310344827586206,0.3532622158527374,0.00851819384843111,0.0683857168582751,0.0774756350521508,0.06838571685827509,0.07747563505215078,0.06838571685827509,0.0774756350521508,0.0683857168582751,0.0774756350521508,0.0683857168582751,0.0774756350521508,0.06838571865631222,0.07747563965727691,0.08142880430090449,0.0383194373180727,
lewidi_armis,llama,16,GPP-rbf,0,16,0.7183743327659088,0.20853923559927395,0.3716127645352791,0.42404351334128837,0.5793103448275863,0.5793103448275863,0.48895615339279175,0.15221917629241943,-0.09230519591086697,-0.08865142066197854,-0.09230519591086699,-0.08865142066197851,-0.09230519591086697,-0.08865142066197852,-0.092305195910867,-0.08865142066197855,-0.092305195910867,-0.08865142066197855,-0.09230519046488167,-0.08865141920090133,-0.08074452863451033,-0.07766528813573663,
lewidi_armis,llama,16,GPP-laplace,0,16,0.6905428482894849,0.2031894042574916,0.37341814328884254,0.4512922979983455,0.5724137931034483,0.5724137931034483,0.4346674382686615,0.248428076505661,-0.185867771800456,0.07544861026821621,-0.18586777180045602,0.07544861026821623,-0.185867771800456,0.07544861026821618,-0.18586777180045605,0.07544861026821621,-0.18586777180045605,0.07544861026821621,-0.18586777149918582,0.0754486139789335,-0.15669912760426155,0.1009306607931379,
lewidi_armis,llama,16,LPE,0,16,0.7708934805473628,0.21861369730174143,0.37626160794291,0.39712276563581883,0.5724137931034483,0.5724137931034483,0.4682910740375519,0.11120610684156418,-0.06334855217069717,-0.04744551619307334,-0.06334855217069718,-0.047445516193073335,-0.06334855217069717,-0.04744551619307332,-0.0633485521706972,-0.04744551619307336,-0.0633485521706972,-0.04744551619307336,-0.06334854728319342,-0.04744551510491603,-0.06842756663941553,-0.04379364264922594,
lewidi_armis,llama,16,LP-temp,0,16,0.6900899382798497,0.2034839209125295,0.3765203618662252,0.4556019643171294,0.5655172413793104,0.5655172413793104,0.6874051866465846,,-0.07051445723677463,,-0.07051445723677463,,-0.07051445723677467,,-0.07051445723677463,,-0.07051445723677463,,-0.0705144524921198,,-0.08485018263287526,,
lewidi_armis,llama,16,GPP-cosine,0,64,0.6744944980812271,0.19653501155615222,0.3629054082878705,0.44784822531126295,0.5724137931034483,0.5724137931034483,0.6691099405288696,0.008633580058813095,-0.03320599622544146,0.05241637935706951,-0.03320599622544143,0.052416379357069484,-0.033205996225441445,0.052416379357069505,-0.03320599622544144,0.052416379357069484,-0.03320599622544144,0.052416379357069484,-0.033205999130679564,0.05241638293508425,-0.08929797446443727,0.025318199656583745,
lewidi_armis,llama,16,GPP-rbf,0,64,0.6910578329594195,0.19474068187885973,0.3499873684911892,0.4176320902182997,0.6206896551724138,0.6206896551724138,0.48477205634117126,0.1305803507566452,-0.07453182863681926,-0.0987800995679331,-0.07453182863681929,-0.0987800995679331,-0.07453182863681929,-0.0987800995679331,-0.07453182863681931,-0.09878009956793311,-0.07453182863681931,-0.09878009956793311,-0.07453182575639161,-0.09878009925972023,-0.10298348779232037,-0.11051052012265608,
lewidi_armis,llama,16,GPP-laplace,0,64,0.684440785501088,0.19950401277506377,0.36376911175662074,0.4396608022852367,0.5724137931034483,0.5724137931034483,0.4286777377128601,0.24226541817188263,-0.21192784816271792,-0.041434696950996545,-0.21192784816271795,-0.04143469695099657,-0.21192784816271792,-0.04143469695099656,-0.21192784816271795,-0.04143469695099657,-0.21192784816271795,-0.04143469695099657,-0.21192784767789857,-0.04143469436019889,-0.215888972747356,-0.018817580825839272,
lewidi_armis,llama,16,LPE,0,64,0.8022862587648049,0.2131640700046369,0.36372904449958227,0.3922044511033701,0.593103448275862,0.593103448275862,0.43369126319885254,0.08491771668195724,-0.0759403182594813,-0.03882159243913322,-0.07594031825948133,-0.03882159243913322,-0.0759403182594813,-0.038821592439133204,-0.07594031825948133,-0.03882159243913321,-0.07594031825948133,-0.03882159243913321,-0.07594031582164645,-0.03882159110573079,-0.0947721797955905,-0.0595319829762915,
lewidi_armis,llama,16,LP-temp,0,64,0.680534247408395,0.19713235308736266,0.3608373887221987,0.43753693662202225,0.6068965517241379,0.6068965517241379,0.6667796765442497,,0.03384202212073628,,0.03384202212073629,,0.033842022120736275,,0.03384202212073627,,0.03384202212073627,,0.03384202571241524,,0.03113454282093407,,
lewidi_armis,llama,16,GPP-cosine,0,256,0.7841560828213173,0.213640865438685,0.3687847026158124,0.38163553430024455,0.5586206896551724,0.5586206896551724,0.5092419981956482,0.002660075668245554,-0.0630037671278538,0.01644690533934909,-0.0630037671278538,0.016446905339349074,-0.06300376712785379,0.016446905339349074,-0.0630037671278538,0.016446905339349102,-0.0630037671278538,0.016446905339349102,-0.06300377021062276,0.016446905057583644,-0.07527032330335709,0.030108158950706086,
lewidi_armis,llama,16,GPP-rbf,0,256,0.6748657374717807,0.1730535046792435,0.31709316380578895,0.3740703265849944,0.6482758620689655,0.6482758620689655,0.40925702452659607,0.08164564520120621,-0.0019507311276212788,-0.055210421885451166,-0.0019507311276212788,-0.055210421885451166,-0.0019507311276212858,-0.055210421885451166,-0.0019507311276212788,-0.05521042188545116,-0.0019507311276212788,-0.05521042188545116,-0.0019507320905151684,-0.05521042304389588,-0.019843994325430506,-0.04516219398201425,
lewidi_armis,llama,16,GPP-laplace,0,256,0.7017281203808976,0.19957321539079126,0.35672724092828817,0.40627275835276083,0.5724137931034483,0.5724137931034483,0.3936673402786255,0.218759685754776,-0.14924961502437364,-0.08289480056306944,-0.14924961502437362,-0.08289480056306947,-0.14924961502437364,-0.08289480056306946,-0.14924961502437364,-0.08289480056306944,-0.14924961502437364,-0.08289480056306944,-0.14924961700307246,-0.0828948010500487,-0.1604626437694294,-0.0643219126410506,
lewidi_armis,llama,16,LPE,0,256,0.7640185000492229,0.18504424323663646,0.3240068100200131,0.37084891763658623,0.6551724137931034,0.6551724137931034,0.28277596831321716,0.13978996872901917,-0.07447204817920636,-0.11937762118419332,-0.07447204817920636,-0.1193776211841933,-0.07447204817920634,-0.1193776211841933,-0.07447204817920636,-0.11937762118419332,-0.07447204817920636,-0.11937762118419332,-0.07447204925220512,-0.11937762191440879,-0.07595459896975124,-0.13035451444808657,
lewidi_armis,llama,16,LP-temp,0,256,0.6340538516288603,0.17887125379507612,0.3373981765141801,0.4351393771761638,0.6689655172413793,0.6689655172413793,0.6605733328137252,,-0.013413655521462717,,-0.01341365552146273,,-0.013413655521462717,,-0.013413655521462724,,-0.013413655521462724,,-0.013413655491133186,,-0.017106891659853882,,
lewidi_armis,llama,16,GPP-cosine,1,16,1.3059791399195482,0.3167024021494508,0.4488209539317879,0.29926743941814343,0.5241379310344828,0.5241379310344828,0.26031699776649475,0.006560451351106167,0.04281110236972113,0.03942360154443666,0.04281110236972115,0.03942360154443668,0.04281110236972114,0.03942360154443668,0.04281110236972114,0.03942360154443667,0.04281110236972114,0.03942360154443667,0.042811101827240794,0.03942360527507081,0.0780074259689337,0.11358976062142978,
lewidi_armis,llama,16,GPP-rbf,1,16,0.6519474958177406,0.18692976402600578,0.34467754199587064,0.4420452034254634,0.6620689655172414,0.6620689655172414,0.5089016556739807,0.16150233149528503,-0.012100946086927033,-0.06009694245461528,-0.012100946086927022,-0.060096942454615304,-0.012100946086927033,-0.06009694245461528,-0.012100946086927033,-0.06009694245461532,-0.012100946086927033,-0.06009694245461532,-0.012100947655973242,-0.060096943222051474,0.015054064660671416,-0.05611060464432074,
lewidi_armis,llama,16,GPP-laplace,1,16,0.6870606053205262,0.2028925850990131,0.37558139007667013,0.46043082846026656,0.6275862068965518,0.6275862068965518,0.44042181968688965,0.251812219619751,-0.175637024927887,0.14682045072980499,-0.175637024927887,0.146820450729805,-0.17563702492788696,0.14682045072980499,-0.17563702492788696,0.14682045072980504,-0.17563702492788696,0.14682045072980504,-0.17563702686180643,0.14682045307799105,-0.16662112476697682,0.1560148519378674,
lewidi_armis,llama,16,LPE,1,16,0.6442067528234523,0.18089944770546612,0.3329074814915657,0.4280947927439667,0.6551724137931034,0.6551724137931034,0.4963538944721222,0.14540402591228485,-0.055815197230807856,-0.07063821570505197,-0.0558151972308079,-0.07063821570505197,-0.055815197230807856,-0.07063821570505198,-0.055815197230807856,-0.070638215705052,-0.055815197230807856,-0.070638215705052,-0.05581519829875374,-0.07063821991111408,-0.019843994325430506,-0.08758728529845188,
lewidi_armis,llama,16,LP-temp,1,16,0.6622224464324072,0.19240208023422034,0.35666729929396146,0.4532276288188243,0.6689655172413793,0.6689655172413793,0.6850308511482794,,-0.05338601129814431,,-0.053386011298144326,,-0.05338601129814433,,-0.053386011298144305,,-0.053386011298144305,,-0.05338601230187148,,-0.018475442992642192,,
lewidi_armis,llama,16,GPP-cosine,1,64,0.7158801242481581,0.20248864856537366,0.3599124626352869,0.3993238537147688,0.5655172413793104,0.5655172413793104,0.5874703526496887,0.006859402172267437,-0.023597214516843684,0.06207455053284443,-0.02359721451684368,0.06207455053284443,-0.02359721451684369,0.06207455053284442,-0.023597214516843684,0.06207455053284444,-0.023597214516843684,0.06207455053284444,-0.023597216538247544,0.06207455368826145,-0.06945398013900676,-0.014027651161080184,
lewidi_armis,llama,16,GPP-rbf,1,64,0.6630623853502797,0.1841679913026331,0.3364423667562419,0.4060084886363915,0.6068965517241379,0.6068965517241379,0.4835686981678009,0.12428988516330719,0.03670322564835719,-0.0360503707436305,0.036703225648357186,-0.036050370743630454,0.03670322564835719,-0.03605037074363047,0.03670322564835719,-0.03605037074363044,0.03670322564835719,-0.03605037074363044,0.03670322474975782,-0.036050370992613295,0.03592447248569315,-0.04413578048242301,
lewidi_armis,llama,16,GPP-laplace,1,64,0.6834578350643832,0.19875665759341124,0.3615731674021688,0.4362509912344392,0.5793103448275863,0.5793103448275863,0.4268683195114136,0.24113932251930237,-0.19464809848638953,-0.017622678401017534,-0.1946480984863895,-0.017622678401017527,-0.19464809848638948,-0.017622678401017555,-0.19464809848638956,-0.01762267840101752,-0.19464809848638956,-0.01762267840101752,-0.1946480994080081,-0.017622676214853278,-0.16627898693377974,0.0071848944971386304,
lewidi_armis,llama,16,LPE,1,64,0.7012856459812344,0.18782173041438988,0.3338013802462354,0.3779871425709081,0.6413793103448275,0.6413793103448275,0.4547176957130432,0.08284810930490494,0.06258773264543512,0.013625550198239833,0.06258773264543509,0.01362555019823983,0.06258773264543509,0.013625550198239831,0.06258773264543509,0.013625550198239843,0.06258773264543509,0.013625550198239843,0.06258773275734769,0.013625549866318736,0.05029426147997041,0.039345850817663924,
lewidi_armis,llama,16,LP-temp,1,64,0.6493840328518082,0.18584726055811598,0.3476216689328079,0.4425146738252493,0.5862068965517241,0.5862068965517241,0.6707546793559698,,0.07721756566902985,,0.07721756566902983,,0.07721756566902983,,0.07721756566902986,,0.07721756566902986,,0.07721756532566147,,0.12316961995094795,,
lewidi_armis,llama,16,GPP-cosine,1,256,0.7713146188795893,0.2161054049058785,0.37394050599942946,0.3743236302774218,0.5448275862068965,0.5448275862068965,0.5429258346557617,0.004207192454487085,0.09795498471589653,0.07335623234244935,0.09795498471589652,0.07335623234244935,0.09795498471589652,0.07335623234244934,0.09795498471589653,0.07335623234244937,0.09795498471589653,0.07335623234244937,0.09795498228429292,0.073356235273065,0.04482005614881717,0.03284523198691945,
lewidi_armis,llama,16,GPP-rbf,1,256,0.6317993630882591,0.16683239382347054,0.3117658071990671,0.3903433533747593,0.6689655172413793,0.6689655172413793,0.4739704132080078,0.0946357473731041,0.09173896026236665,-0.010297470936055791,0.09173896026236666,-0.010297470936055757,0.09173896026236664,-0.010297470936055785,0.09173896026236666,-0.010297470936055764,0.09173896026236666,-0.010297470936055764,0.09173896104618082,-0.010297470419437578,0.07732315030253954,0.006842756663941554,
lewidi_armis,llama,16,GPP-laplace,1,256,0.669947049747317,0.1939991596786082,0.3562234096485993,0.44087229382209653,0.5793103448275863,0.5793103448275863,0.43194615840911865,0.2403753399848938,-0.11645043372281208,0.004200268056128012,-0.11645043372281208,0.004200268056128012,-0.11645043372281208,0.004200268056127984,-0.1164504337228121,0.004200268056127984,-0.1164504337228121,0.004200268056127984,-0.11645043501117404,0.004200269235383101,-0.17551670843010084,0.04003012648405809,
lewidi_armis,llama,16,LPE,1,256,0.7091415006056733,0.1780273188265287,0.31252157420787063,0.366138594250224,0.696551724137931,0.696551724137931,0.3215981721878052,0.1801169067621231,0.08902472537687453,0.054858606514285306,0.08902472537687454,0.05485860651428528,0.08902472537687452,0.054858606514285285,0.08902472537687456,0.054858606514285285,0.08902472537687456,0.054858606514285285,0.08902472741652354,0.05485860863581462,0.08861369879804311,0.0674011531398243,
lewidi_armis,llama,16,LP-temp,1,256,0.6715718055458628,0.1963211897353891,0.3646914031604121,0.4564980228091084,0.6275862068965518,0.6275862068965518,0.6883012451385636,,0.09614770251055899,,0.09614770251055896,,0.09614770251055896,,0.09614770251055896,,0.09614770251055896,,0.09614770331958489,,0.15122492227310833,,
lewidi_armis,llama,16,GPP-cosine,2,16,1.6298180404057925,0.35213964617217125,0.46129021291332,0.2759022994498588,0.5172413793103449,0.5172413793103449,0.15843334794044495,0.004979269113391638,0.003494505334319331,0.004128668149175962,0.003494505334319338,0.004128668149175965,0.003494505334319331,0.004128668149175965,0.003494505334319338,0.004128668149175953,0.003494505334319338,0.004128668149175953,0.0034945064537639237,0.004128671362823426,0.07390177197056877,0.10708914179068531,
lewidi_armis,llama,16,GPP-rbf,2,16,0.7657249362871973,0.21469021163552013,0.3728266575983886,0.3870082051556215,0.5724137931034483,0.5724137931034483,0.41440141201019287,0.14709711074829102,0.004211684059763313,-0.04723123413426301,0.004211684059763271,-0.047231234134262993,0.004211684059763271,-0.047231234134263,0.004211684059763299,-0.04723123413426301,0.004211684059763299,-0.04723123413426301,0.004211682292241767,-0.04723123424995772,-0.012316961995094796,-0.07082253147179508,
lewidi_armis,llama,16,GPP-laplace,2,16,0.6868081805424829,0.20170157443461734,0.37092534005641936,0.45104463712880527,0.5724137931034483,0.5724137931034483,0.43407106399536133,0.24877679347991943,-0.14018549683698633,0.11562414994058351,-0.14018549683698628,0.11562414994058352,-0.14018549683698628,0.11562414994058352,-0.1401854968369863,0.11562414994058352,-0.1401854968369863,0.11562414994058352,-0.14018549815890632,0.11562415278007551,-0.13069665228128366,0.11324762278823271,
lewidi_armis,llama,16,LPE,2,16,0.9564607905334779,0.24778864099124032,0.39281453463281024,0.3353201138624234,0.5724137931034483,0.5724137931034483,0.32108110189437866,0.07405979186296463,0.031361033196951334,0.008042202567952447,0.03136103319695134,0.008042202567952461,0.03136103319695133,0.008042202567952461,0.03136103319695135,0.008042202567952447,0.03136103319695135,0.008042202567952447,0.03136103127044687,0.008042200737241975,0.022581096991007125,0.008211307996729863,
lewidi_armis,llama,16,LP-temp,2,16,0.6840109522123641,0.19900615165751387,0.3616169244507043,0.43804888630745786,0.5724137931034483,0.5724137931034483,0.6695579047571449,,0.04372373728361038,,0.04372373728361038,,0.0437237372836104,,0.04372373728361039,,0.04372373728361039,,0.0437237355813083,,0.015396202493868494,,
lewidi_armis,llama,16,GPP-cosine,2,64,0.7726729037125478,0.21484471956570064,0.37276778865669824,0.38691256880086844,0.5655172413793104,0.5655172413793104,0.535610556602478,0.005028648301959038,-0.04743459846353319,0.03975457093799037,-0.04743459846353319,0.0397545709379904,-0.047434598463533206,0.03975457093799038,-0.0474345984635332,0.03975457093799037,-0.0474345984635332,0.03975457093799037,-0.04743459969842295,0.03975457253656045,-0.07561246113655416,-0.011290548495503563,
lewidi_armis,llama,16,GPP-rbf,2,64,0.799430997049444,0.21750148852453827,0.3725400814208491,0.37420321220579744,0.5793103448275863,0.5793103448275863,0.39208415150642395,0.09513796120882034,-0.08007934966370032,-0.09627351358269363,-0.08007934966370031,-0.09627351358269365,-0.08007934966370031,-0.09627351358269363,-0.08007934966370034,-0.09627351358269365,-0.08007934966370034,-0.09627351358269365,-0.08007935089370943,-0.09627351466046491,-0.1115369336222473,-0.1026413499591233,
lewidi_armis,llama,16,GPP-laplace,2,64,0.7092439429786664,0.20375121406188687,0.36072645341527876,0.407900273207317,0.5724137931034483,0.5724137931034483,0.4003469944000244,0.2254578173160553,-0.1678550508160395,-0.06851816172138184,-0.16785505081603946,-0.06851816172138184,-0.16785505081603946,-0.06851816172138184,-0.1678550508160395,-0.06851816172138188,-0.1678550508160395,-0.06851816172138188,-0.16785505223033437,-0.06851816140021953,-0.16285760860180898,-0.06705901530662722,
lewidi_armis,llama,16,LPE,2,64,0.9247762592705713,0.23644139251286897,0.37963640339479876,0.35265866425785913,0.5724137931034483,0.5724137931034483,0.33189088106155396,0.059282731264829636,-0.06799485314867659,-0.08330395352079713,-0.06799485314867659,-0.08330395352079711,-0.06799485314867659,-0.0833039535207971,-0.06799485314867659,-0.08330395352079711,-0.06799485314867659,-0.08330395352079711,-0.0679948544379188,-0.08330395622729356,-0.08142880430090449,-0.1026413499591233,
lewidi_armis,llama,16,LP-temp,2,64,0.6714657998972279,0.19579041979691372,0.3626780181410894,0.4514875348746269,0.6206896551724138,0.6206896551724138,0.6832907572040819,,-0.019170728146337288,,-0.0191707281463373,,-0.019170728146337288,,-0.019170728146337315,,-0.019170728146337315,,-0.019170727352868483,,-0.08964011229763434,,
lewidi_armis,llama,16,GPP-cosine,2,256,0.6734641484025262,0.18878035711110486,0.34239821559267825,0.4027770688085721,0.5724137931034483,0.5724137931034483,0.5986414551734924,0.004097389988601208,0.0017630880512978751,0.12368500623927095,0.00176308805129787,0.12368500623927098,0.0017630880512978647,0.12368500623927096,0.0017630880512978769,0.12368500623927098,0.0017630880512978769,0.12368500623927098,0.0017630841219734858,0.12368501048322225,-0.08450804479967818,0.05268922631234995,
lewidi_armis,llama,16,GPP-rbf,2,256,0.6104437998821687,0.15774466676608845,0.29627943848869925,0.38579440240264185,0.7241379310344828,0.7241379310344828,0.4552019238471985,0.08881168812513351,0.021718760201430258,-0.04606025426836318,0.021718760201430282,-0.04606025426836316,0.021718760201430248,-0.04606025426836317,0.021718760201430282,-0.04606025426836316,0.021718760201430282,-0.04606025426836316,0.021718758779915828,-0.04606025511520701,0.00034213783319707764,-0.054057777645138264,
lewidi_armis,llama,16,GPP-laplace,2,256,0.6770220004088764,0.19407562143875692,0.3500199752121136,0.4206292213266117,0.5793103448275863,0.5793103448275863,0.4159732758998871,0.23105821013450623,-0.13518899234432868,-0.053434019693299806,-0.13518899234432868,-0.05343401969329979,-0.13518899234432868,-0.05343401969329979,-0.13518899234432868,-0.05343401969329982,-0.13518899234432868,-0.05343401969329982,-0.13518899461609057,-0.053434020040605226,-0.16627898693377974,-0.05576846681112365,
lewidi_armis,llama,16,LPE,2,256,0.6569240803296288,0.16441668237596233,0.30352154217082367,0.37980968232120954,0.696551724137931,0.696551724137931,0.3132021427154541,0.17966042459011078,0.01494171764599734,-0.09677127498594282,0.014941717645997353,-0.0967712749859428,0.014941717645997346,-0.09677127498594282,0.01494171764599734,-0.09677127498594283,0.01494171764599734,-0.09677127498594283,0.014941716730249112,-0.09677127575548337,0.011290548495503563,-0.08450804479967818,
lewidi_armis,llama,16,LP-temp,2,256,0.6376653807006505,0.1819241993884249,0.33940996107548804,0.44508626495266385,0.6896551724137931,0.6896551724137931,0.6752218417256131,,-0.02674267235579548,,-0.026742672355795444,,-0.02674267235579545,,-0.02674267235579547,,-0.02674267235579547,,-0.026742670835877544,,-0.0550841911447295,,
lewidi_armis,llama,16,GPP-cosine,3,16,0.6794460662819208,0.1975321409171697,0.3638795519697255,0.4435169807238626,0.5724137931034483,0.5724137931034483,0.6541234254837036,0.014816777780652046,-0.061672800225069206,0.053287718632757386,-0.06167280022506921,0.0532877186327574,-0.06167280022506921,0.053287718632757386,-0.061672800225069206,0.05328771863275738,-0.061672800225069206,0.05328771863275738,-0.06167280307268557,0.05328772219241414,-0.1549884384382762,-0.019501856492233426,
lewidi_armis,llama,16,GPP-rbf,3,16,0.6857927956714198,0.19893350531625972,0.36618445716027553,0.43568365937088877,0.5586206896551724,0.5586206896551724,0.49448898434638977,0.16808100044727325,-0.04615491095841645,-0.09443354728563028,-0.04615491095841645,-0.09443354728563029,-0.04615491095841642,-0.09443354728563028,-0.046154910958416485,-0.0944335472856303,-0.046154910958416485,-0.0944335472856303,-0.04615490765634346,-0.09443354622337077,-0.021554683491415892,-0.09169293929681681,
lewidi_armis,llama,16,GPP-laplace,3,16,0.6929424275390447,0.20525942936568856,0.37969174785860654,0.4610646057405119,0.5103448275862069,0.5103448275862069,0.4404947757720947,0.252373069524765,-0.16106551839321515,0.16266001672559263,-0.1610655183932151,0.1626600167255926,-0.16106551839321512,0.1626600167255926,-0.16106551839321515,0.1626600167255926,-0.16106551839321515,0.1626600167255926,-0.16106552038331495,0.16266001887821874,-0.16251547076861186,0.1604626437694294,
lewidi_armis,llama,16,LPE,3,16,0.6920262040687299,0.19903083467408067,0.36555189865416493,0.4283367810811982,0.5517241379310345,0.5517241379310345,0.5119538903236389,0.1326524168252945,-0.0014707086977098424,-0.09753242146615056,-0.0014707086977098424,-0.09753242146615057,-0.0014707086977098285,-0.09753242146615054,-0.0014707086977098494,-0.09753242146615057,-0.0014707086977098494,-0.09753242146615057,-0.0014707055299219493,-0.09753241851709468,-0.0006842756663941553,-0.08621873396566357,
lewidi_armis,llama,16,LP-temp,3,16,0.6907569862768624,0.20441329686308038,0.3784968636695714,0.461181288442459,0.5172413793103449,0.5172413793103449,0.6929845107719141,,-0.04239699989893433,,-0.042396999898934334,,-0.04239699989893433,,-0.042396999898934334,,-0.042396999898934334,,-0.0423969962308341,,-0.013343375494686028,,
lewidi_armis,llama,16,GPP-cosine,3,64,1.04558596839182,0.27763691252769696,0.4261720154370213,0.3254697807239842,0.5310344827586206,0.5310344827586206,0.37102067470550537,0.004888444673269987,0.11240382961137044,0.06895058667961851,0.11240382961137044,0.0689505866796185,0.11240382961137044,0.0689505866796185,0.11240382961137044,0.06895058667961851,0.11240382961137044,0.06895058667961851,0.11240383229956556,0.06895059124895854,0.10777341745707947,0.031818818487328225,
lewidi_armis,llama,16,GPP-rbf,3,64,0.7265452030154202,0.20146581735771124,0.3586566103172713,0.39567614802178097,0.5793103448275863,0.5793103448275863,0.44815927743911743,0.11507277935743332,-0.05869190153007006,-0.08423580460954647,-0.05869190153007006,-0.08423580460954648,-0.05869190153007005,-0.08423580460954648,-0.058691901530070076,-0.0842358046095465,-0.058691901530070076,-0.0842358046095465,-0.05869189946976054,-0.08423580389736426,-0.05268922631234995,-0.08519232046607234,
lewidi_armis,llama,16,GPP-laplace,3,64,0.6967486661796037,0.20131045000518638,0.35967670607155766,0.4189547120533932,0.5724137931034483,0.5724137931034483,0.4130374789237976,0.23284709453582764,-0.16207135386320443,-0.04430133875765661,-0.16207135386320445,-0.044301338757656634,-0.16207135386320448,-0.04430133875765661,-0.16207135386320448,-0.04430133875765661,-0.16207135386320448,-0.04430133875765661,-0.1620713537486178,-0.04430133694873238,-0.13856582244481644,-0.010948410662306484,
lewidi_armis,llama,16,LPE,3,64,0.8075736451917885,0.21256247314946447,0.3609407552806982,0.37556113779816463,0.6,0.6,0.41376152634620667,0.07509516179561615,-0.0506545726710826,0.005633257925886093,-0.05065457267108258,0.005633257925886124,-0.0506545726710826,0.005633257925886134,-0.0506545726710826,0.0056332579258861065,-0.0506545726710826,0.0056332579258861065,-0.05065457093727553,0.005633263865500719,-0.05645274247751781,-0.01026413499591233,
lewidi_armis,llama,16,LP-temp,3,64,0.6962848806010017,0.19427563825459565,0.35236212969066055,0.40695102583751736,0.593103448275862,0.593103448275862,0.5983442321696475,,-0.032123853894452666,,-0.03212385389445266,,-0.03212385389445265,,-0.03212385389445266,,-0.03212385389445266,,-0.03212385150605209,,-0.0810866664677074,,
lewidi_armis,llama,16,GPP-cosine,3,256,0.7004485688071262,0.19675626613869585,0.3538464518424509,0.40533295736190134,0.6068965517241379,0.6068965517241379,0.5988134741783142,0.0034319800324738026,-0.021902808178876455,0.030959937459552757,-0.021902808178876465,0.030959937459552764,-0.021902808178876448,0.030959937459552764,-0.02190280817887647,0.030959937459552764,-0.02190280817887647,0.030959937459552764,-0.021902810902689317,0.030959938569481253,-0.07355963413737168,0.04653074531480256,
lewidi_armis,llama,16,GPP-rbf,3,256,0.6191601142560778,0.15842365006115922,0.2970305790867785,0.3819087781598905,0.7103448275862069,0.7103448275862069,0.44122111797332764,0.08708314597606659,0.029200721337062828,-0.027019528669273915,0.029200721337062835,-0.02701952866927393,0.029200721337062835,-0.027019528669273922,0.029200721337062828,-0.027019528669273915,0.029200721337062828,-0.027019528669273915,0.029200718099562012,-0.027019531294080246,0.018133305159445112,-0.05337350197874411,
lewidi_armis,llama,16,GPP-laplace,3,256,0.693724304889903,0.19789496022315758,0.35494994983590883,0.4105361973325374,0.5724137931034483,0.5724137931034483,0.4014502763748169,0.22312521934509277,-0.13380840837986394,-0.06658256219141649,-0.13380840837986388,-0.06658256219141648,-0.13380840837986385,-0.06658256219141648,-0.13380840837986394,-0.0665825621914165,-0.13380840837986394,-0.0665825621914165,-0.13380841118508752,-0.06658256333084628,-0.1330916171136632,-0.06979611797220385,
lewidi_armis,llama,16,LPE,3,256,0.6490262569175088,0.15725799170995072,0.2882740277628382,0.3678747528246778,0.7310344827586207,0.7310344827586207,0.3085137605667114,0.1618361622095108,-0.007542729027759633,0.026219106931356713,-0.00754272902775964,0.0262191069313567,-0.007542729027759612,0.0262191069313567,-0.007542729027759626,0.02621910693135667,-0.007542729027759626,0.02621910693135667,-0.007542731477054435,0.026219105921243047,-0.025318199656583745,0.023949648323795435,
lewidi_armis,llama,16,LP-temp,3,256,0.6222854906720894,0.17486175942773774,0.3272886613477625,0.43718915811941406,0.7517241379310344,0.7517241379310344,0.6662175041880495,,0.08661170021103881,,0.08661170021103881,,0.08661170021103881,,0.08661170021103885,,0.08661170021103885,,0.08661170223759944,,0.07219108280458338,,
lewidi_armis,llama,16,GPP-cosine,4,16,0.7907737720323461,0.22499549693128074,0.38608507305897516,0.38256557587410056,0.5448275862068965,0.5448275862068965,0.5421661138534546,0.012405181303620338,-0.020207893451392442,0.07142915960686327,-0.020207893451392442,0.07142915960686329,-0.020207893451392428,0.07142915960686327,-0.02020789345139245,0.07142915960686329,-0.02020789345139245,0.07142915960686329,-0.02020789680532551,0.07142916341359098,-0.018475442992642192,0.013001237661488951,
lewidi_armis,llama,16,GPP-rbf,4,16,0.7174128599099696,0.20701378042579355,0.3646996659965351,0.4117315319114771,0.5793103448275863,0.5793103448275863,0.4780277609825134,0.15583783388137817,0.13313236741226264,-0.006440757026015424,0.13313236741226267,-0.00644075702601541,0.13313236741226264,-0.00644075702601541,0.13313236741226264,-0.0064407570260153965,0.13313236741226264,-0.0064407570260153965,0.13313237032521338,-0.006440756880231768,0.13719727111202812,0.0,
lewidi_armis,llama,16,GPP-laplace,4,16,0.6900121950236594,0.20384001456271497,0.3766698694434659,0.4586977173942711,0.5793103448275863,0.5793103448275863,0.43910107016563416,0.2513998746871948,-0.16436272399396484,0.14884979998395914,-0.1643627239939649,0.14884979998395917,-0.16436272399396484,0.14884979998395917,-0.1643627239939649,0.1488497999839592,-0.1643627239939649,0.1488497999839592,-0.16436272552752074,0.1488498026993648,-0.15567271410467032,0.15669912760426155,
lewidi_armis,llama,16,LPE,4,16,0.770054884679887,0.21694562190401354,0.3707072878706044,0.3799248140651465,0.5793103448275863,0.5793103448275863,0.4529770314693451,0.12007756531238556,0.16226510151726548,0.1477400893756377,0.16226510151726548,0.1477400893756377,0.16226510151726548,0.1477400893756377,0.16226510151726548,0.1477400893756377,0.16226510151726548,0.1477400893756377,0.1622651037199765,0.147740090218538,0.14643499260834922,0.12453817128373627,
lewidi_armis,llama,16,LP-temp,4,16,0.7581863213225463,0.21530635349380825,0.3714371389326634,0.3901927257609503,0.5586206896551724,0.5586206896551724,0.5932386436922235,,0.1743420351353905,,0.17434203513539054,,0.17434203513539048,,0.17434203513539054,,0.17434203513539054,,0.17434203754443944,,0.15225133577269956,,
lewidi_armis,llama,16,GPP-cosine,4,64,0.8027032471421366,0.22877207520847637,0.38836739304764517,0.3751918284740577,0.5310344827586206,0.5310344827586206,0.5474950075149536,0.008053789846599102,0.17222911453993656,0.07793961613872707,0.17222911453993656,0.07793961613872707,0.17222911453993653,0.07793961613872706,0.17222911453993656,0.07793961613872707,0.17222911453993656,0.07793961613872707,0.172229115422666,0.07793962036100555,0.15259347360589662,0.03558233465249607,
lewidi_armis,llama,16,GPP-rbf,4,64,0.657102100912897,0.1826983160843139,0.33304930653037695,0.41028508235965716,0.6620689655172414,0.6620689655172414,0.49315527081489563,0.12519381940364838,0.0573023940959219,-0.005057113698128973,0.057302394095921895,-0.005057113698128973,0.057302394095921916,-0.005057113698128973,0.05730239409592188,-0.005057113698128987,0.05730239409592188,-0.005057113698128987,0.057302394280954,-0.005057113904297625,0.009921997162715253,-0.007869170163532786,
lewidi_armis,llama,16,GPP-laplace,4,64,0.6809298914804596,0.19806291712478985,0.3612121084640766,0.4388292574093691,0.5793103448275863,0.5793103448275863,0.42862385511398315,0.24192270636558533,-0.16284210607195884,0.00214432804606568,-0.16284210607195887,0.00214432804606568,-0.16284210607195887,0.002144328046065694,-0.16284210607195884,0.002144328046065666,-0.16284210607195884,0.002144328046065666,-0.1628421074174834,0.0021443297744747902,-0.16662112476697682,0.008211307996729863,
lewidi_armis,llama,16,LPE,4,64,0.7240735502743909,0.1916106919084993,0.3372808719696156,0.3800350666933232,0.6551724137931034,0.6551724137931034,0.4464382827281952,0.07901061326265335,-0.02201003411371158,0.08545897676977623,-0.022010034113711614,0.08545897676977621,-0.022010034113711587,0.08545897676977621,-0.02201003411371162,0.08545897676977623,-0.02201003411371162,0.08545897676977623,-0.022010034244262462,0.08545897995883321,-0.08142880430090449,0.07013825580540091,
lewidi_armis,llama,16,LP-temp,4,64,0.6672865652926113,0.19439666986417,0.3621551957526211,0.454408706089601,0.6344827586206897,0.6344827586206897,0.686211928419056,,0.08719862332592139,,0.08719862332592142,,0.08719862332592139,,0.08719862332592142,,0.08719862332592142,,0.08719862540382504,,0.019501856492233426,,
lewidi_armis,llama,16,GPP-cosine,4,256,0.7032311116850017,0.19941467253443731,0.35834511488932985,0.40437121333483445,0.5517241379310345,0.5517241379310345,0.6073510050773621,0.004710263106971979,-0.0011335079143143037,0.09659248454289429,-0.0011335079143142898,0.09659248454289432,-0.0011335079143142898,0.09659248454289429,-0.0011335079143143106,0.0965924845428943,-0.0011335079143143106,0.0965924845428943,-0.0011335083776382072,0.09659248913267024,-0.00581634316435032,0.028397496047193365,
lewidi_armis,llama,16,GPP-rbf,4,256,0.6425917338617405,0.1665057306402718,0.3130507228382189,0.3931105681420629,0.6896551724137931,0.6896551724137931,0.45463910698890686,0.09133569151163101,-0.006737525084432011,-0.04864546201811767,-0.006737525084431997,-0.048645462018117674,-0.006737525084432004,-0.04864546201811767,-0.006737525084432004,-0.048645462018117674,-0.006737525084432004,-0.048645462018117674,-0.006737524558775881,-0.048645461669259676,0.0006842756663941553,-0.05884770730989736,
lewidi_armis,llama,16,GPP-laplace,4,256,0.6791069598507751,0.19472567763064996,0.35153007913252404,0.42018770699765495,0.5724137931034483,0.5724137931034483,0.41534510254859924,0.23118236660957336,-0.1359620826561811,-0.04660669708301447,-0.1359620826561811,-0.046606697083014445,-0.13596208265618107,-0.04660669708301444,-0.1359620826561811,-0.04660669708301447,-0.1359620826561811,-0.04660669708301447,-0.13596208353848852,-0.04660669624315474,-0.14780354394113754,-0.05268922631234995,
lewidi_armis,llama,16,LPE,4,256,0.7084532694939473,0.17320240823591795,0.3120024652545469,0.37281796586293947,0.6896551724137931,0.6896551724137931,0.31947875022888184,0.16799969971179962,0.03860575353555112,-0.03600043845709116,0.038605753535551096,-0.036000438457091125,0.038605753535551124,-0.03600043845709114,0.038605753535551124,-0.03600043845709114,0.038605753535551124,-0.03600043845709114,0.03860575414249837,-0.036000440201788574,0.040030165877643326,-0.046188607481605484,
lewidi_armis,llama,16,LP-temp,4,256,0.6455743304832544,0.1833519954387268,0.3434877640263535,0.43621457430698757,0.6620689655172414,0.6620689655172414,0.6640799497516013,,0.031038526719369477,,0.031038526719369477,,0.031038526719369484,,0.031038526719369467,,0.031038526719369467,,0.03103852750456021,,0.013685513327883108,,
lewidi_armis,llama,32,GPP-cosine,0,16,1.1943226031421614,0.2983659216077141,0.43329610942766583,0.30139897650580755,0.5310344827586206,0.5310344827586206,0.28314319252967834,0.012154491618275642,0.08951484931693846,0.12173863539328696,0.08951484931693844,0.12173863539328694,0.08951484931693843,0.12173863539328694,0.08951484931693846,0.12173863539328697,0.08951484931693846,0.12173863539328697,0.08951485116686153,0.12173864051604397,0.07595459896975124,0.04482005614881717,
lewidi_armis,llama,32,GPP-rbf,0,16,0.70666307346123,0.20371024941401014,0.3643581101606632,0.4189850460829859,0.5655172413793104,0.5655172413793104,0.4833422303199768,0.15237276256084442,-0.0993891866345549,-0.06481797994413416,-0.09938918663455487,-0.06481797994413416,-0.09938918663455487,-0.06481797994413416,-0.0993891866345549,-0.06481797994413416,-0.0993891866345549,-0.06481797994413416,-0.099389183873928,-0.06481797950003743,-0.10640486612429115,-0.05679488031071489,
lewidi_armis,llama,32,GPP-laplace,0,16,0.6893517703313609,0.20290027900400595,0.373609087179447,0.45290227035134545,0.5724137931034483,0.5724137931034483,0.43555334210395813,0.24915213882923126,-0.16996729652400389,0.110586965824455,-0.16996729652400389,0.11058696582445499,-0.16996729652400389,0.11058696582445496,-0.16996729652400389,0.11058696582445499,-0.16996729652400389,0.11058696582445499,-0.16996729664885357,0.11058696933224976,-0.13753940894522523,0.11837969028618889,
lewidi_armis,llama,32,LPE,0,16,0.807722160338963,0.22299438781985534,0.3793984221230293,0.38128044245597015,0.5724137931034483,0.5724137931034483,0.4186658263206482,0.09737666696310043,-0.11240112253666093,-0.10516112680028372,-0.11240112253666092,-0.1051611268002837,-0.11240112253666092,-0.10516112680028371,-0.11240112253666096,-0.1051611268002837,-0.11240112253666096,-0.1051611268002837,-0.11240111990268165,-0.1051611251579951,-0.10640486612429115,-0.0920350771300139,
lewidi_armis,llama,32,LP-temp,0,16,0.6921171488959429,0.20497841120503063,0.3788981397608892,0.4613141177205311,0.5517241379310345,0.5517241379310345,0.6931173400499864,,-0.07357040444766542,,-0.07357040444766541,,-0.07357040444766542,,-0.07357040444766542,,-0.07357040444766542,,-0.07357040222304069,,-0.07834956380213078,,
lewidi_armis,llama,32,GPP-cosine,0,64,0.6520599696918875,0.18450639669455332,0.34458328407450484,0.4323012310249757,0.6758620689655173,0.6758620689655173,0.6293598413467407,0.016346171498298645,-0.052639109049021846,0.028871969507089687,-0.05263910904902187,0.02887196950708973,-0.052639109049021846,0.028871969507089687,-0.05263910904902188,0.02887196950708972,-0.05263910904902188,0.02887196950708972,-0.05263911161234753,0.028871972231425118,-0.08998225013083141,0.06192694780867105,
lewidi_armis,llama,32,GPP-rbf,0,64,0.6632385422406907,0.18488556096996853,0.3369694878315104,0.4158562660505002,0.6827586206896552,0.6827586206896552,0.48763206601142883,0.13166557252407074,-0.024714938527383983,-0.04375115345659519,-0.024714938527383976,-0.04375115345659521,-0.024714938527383972,-0.0437511534565952,-0.02471493852738398,-0.043751153456595214,-0.02471493852738398,-0.043751153456595214,-0.02471494222682643,-0.04375115648420359,-0.05850556947670028,-0.05166281281275873,
lewidi_armis,llama,32,GPP-laplace,0,64,0.6780362496460962,0.19786966287737667,0.3635019672328028,0.44695613322840017,0.5724137931034483,0.5724137931034483,0.43345311284065247,0.24530623853206635,-0.16809081347662908,0.056782511017962826,-0.1680908134766291,0.056782511017962806,-0.16809081347662908,0.05678251101796279,-0.1680908134766291,0.05678251101796282,-0.1680908134766291,0.05678251101796282,-0.16809081648565347,0.05678251195837403,-0.21144118091579397,0.06637473964023306,
lewidi_armis,llama,32,LPE,0,64,0.7069869552322292,0.18673453916301852,0.3310649442647038,0.388381676662955,0.6551724137931034,0.6551724137931034,0.47691744565963745,0.07348836958408356,-0.003014545908392202,0.029997762433034033,-0.0030145459083921952,0.029997762433034036,-0.0030145459083921917,0.029997762433034023,-0.003014545908392202,0.029997762433034047,-0.003014545908392202,0.029997762433034047,-0.003014548960640396,0.02999775897645541,-0.03968798865086101,0.0017106891659853885,
lewidi_armis,llama,32,LP-temp,0,64,0.6602830557010675,0.1891720374233587,0.3465064101876614,0.43728987524163815,0.6413793103448275,0.6413793103448275,0.663876631510578,,-0.007165015007123951,,-0.007165015007123968,,-0.007165015007123965,,-0.007165015007123958,,-0.007165015007123958,,-0.007165018045749819,,-0.06945398013900676,,
lewidi_armis,llama,32,GPP-cosine,0,256,0.6949905621866406,0.1805257369291073,0.3205444955697007,0.36822848197742425,0.6137931034482759,0.6137931034482759,0.5125218629837036,0.006279838737100363,0.08118274372395579,0.16312278654481197,0.08118274372395579,0.16312278654481194,0.08118274372395576,0.16312278654481194,0.08118274372395579,0.163122786544812,0.08118274372395579,0.163122786544812,0.08118274089352649,0.1631227882068607,0.08040239080131326,0.1074312796238824,
lewidi_armis,llama,32,GPP-rbf,0,256,0.64029152164142,0.15978363105734153,0.2988296872326012,0.3827679117465202,0.7034482758620689,0.7034482758620689,0.42368796467781067,0.08499133586883545,-0.012964243973661886,-0.04125865809900594,-0.012964243973661894,-0.04125865809900595,-0.012964243973661917,-0.041258658099005946,-0.01296424397366188,-0.04125865809900593,-0.01296424397366188,-0.04125865809900593,-0.012964245170267072,-0.04125865974240606,0.004789929664759087,-0.03079240498773699,
lewidi_armis,llama,32,GPP-laplace,0,256,0.6848491959954004,0.19514869429562992,0.35084724503344505,0.41052778789714456,0.5724137931034483,0.5724137931034483,0.4049096405506134,0.22523224353790283,-0.08379425269575416,-0.007565898305960203,-0.08379425269575416,-0.007565898305960175,-0.08379425269575415,-0.007565898305960175,-0.08379425269575416,-0.007565898305960203,-0.08379425269575416,-0.007565898305960203,-0.08379425426385965,-0.007565898064376811,-0.09443004196239342,0.011290559606514783,
lewidi_armis,llama,32,LPE,0,256,0.6890682451480636,0.15566736112192486,0.28377300336352823,0.3519528486735155,0.7103448275862069,0.7103448275862069,0.30909791588783264,0.12986762821674347,0.03862171086658356,0.015837885221647363,0.038621710866583565,0.015837885221647377,0.03862171086658357,0.01583788522164737,0.03862171086658359,0.015837885221647377,0.03862171086658359,0.015837885221647377,0.038621709386736175,0.015837884043346594,0.06329549914145936,0.014369788994277261,
lewidi_armis,llama,32,LP-temp,0,256,0.6136987876903887,0.16816566342484063,0.32091961781144024,0.42529061394685896,0.696551724137931,0.696551724137931,0.6343137627084267,,-0.005149194882057215,,-0.005149194882057222,,-0.005149194882057218,,-0.005149194882057213,,-0.005149194882057213,,-0.005149194491835653,,0.022581096991007125,,
lewidi_armis,llama,32,GPP-cosine,1,16,1.1960895894475352,0.29296001227627155,0.42747115975542893,0.30026576184855114,0.5310344827586206,0.5310344827586206,0.27545005083084106,0.012451454997062683,0.08735232759951977,0.014138327108824317,0.08735232759951977,0.014138327108824324,0.08735232759951977,0.014138327108824317,0.08735232759951977,0.01413832710882433,0.08735232759951977,0.01413832710882433,0.0873523243303486,0.01413832914282985,0.1283016874489041,0.14985637094032,
lewidi_armis,llama,32,GPP-rbf,1,16,0.6523476351972898,0.18742901321588576,0.34720841790067736,0.4450208621449736,0.7034482758620689,0.7034482758620689,0.5133095383644104,0.16280385851860046,0.08430954829893547,0.01041352306848442,0.08430954829893547,0.01041352306848442,0.08430954829893547,0.010413523068484434,0.0843095482989355,0.010413523068484441,0.0843095482989355,0.010413523068484441,0.08430954958576209,0.010413523476595493,0.07458604763696293,-0.013685513327883108,
lewidi_armis,llama,32,GPP-laplace,1,16,0.6910675508491759,0.20452618198162478,0.37802646766448844,0.4609569989886402,0.4827586206896552,0.4827586206896552,0.44063979387283325,0.2521204352378845,-0.16414743637389206,0.16753137346918318,-0.1641474363738921,0.1675313734691832,-0.16414743637389206,0.16753137346918318,-0.16414743637389215,0.16753137346918318,-0.16414743637389215,0.16753137346918318,-0.1641474383447274,0.16753137571601168,-0.17004250309894758,0.16319974643500604,
lewidi_armis,llama,32,LPE,1,16,0.6374089652208944,0.1784685717619289,0.3314202733594796,0.42801960559256735,0.7034482758620689,0.7034482758620689,0.5061511397361755,0.14136354625225067,0.0690222745814115,-0.01954562822105689,0.06902227458141151,-0.019545628221056887,0.06902227458141148,-0.019545628221056887,0.06902227458141151,-0.01954562822105687,0.06902227458141151,-0.01954562822105687,0.06902227634727143,-0.019545631510719457,0.07732315030253954,-0.018817580825839272,
lewidi_armis,llama,32,LP-temp,1,16,0.6913260949698521,0.20467119937777492,0.3783574622254175,0.46132676325730954,0.6896551724137931,0.6896551724137931,0.6931299855867646,,0.07985075981250693,,0.07985075981250693,,0.07985075981250692,,0.07985075981250694,,0.07985075981250694,,0.07985076113271472,,0.11495831195421809,,
lewidi_armis,llama,32,GPP-cosine,1,64,0.667966162111571,0.17906187619511896,0.32566875938633716,0.3871445975190169,0.6275862068965518,0.6275862068965518,0.5409691333770752,0.011981697753071785,0.009602280943090583,0.13424889631372536,0.009602280943090596,0.13424889631372536,0.009602280943090583,0.13424889631372536,0.009602280943090596,0.13424889631372539,0.009602280943090596,0.13424889631372539,0.009602278961225688,0.13424889974361165,-0.03866157515126977,0.08006025296811618,
lewidi_armis,llama,32,GPP-rbf,1,64,0.6653268029335787,0.18124640603390227,0.3286085039634129,0.38932961805247535,0.6206896551724138,0.6206896551724138,0.4574689269065857,0.11756642907857895,0.07174078413674165,0.03902373319446688,0.07174078413674166,0.039023733194466906,0.07174078413674165,0.03902373319446689,0.07174078413674168,0.0390237331944669,0.07174078413674168,0.0390237331944669,0.07174078012174001,0.039023730268336,0.08348163130008694,0.05132067497956165,
lewidi_armis,llama,32,GPP-laplace,1,64,0.680411474537207,0.19710526450673274,0.3575122927797252,0.4324719537972462,0.5793103448275863,0.5793103448275863,0.42420828342437744,0.23974409699440002,-0.11650754145992268,0.05118807257321677,-0.11650754145992268,0.05118807257321675,-0.11650754145992268,0.05118807257321676,-0.11650754145992272,0.05118807257321675,-0.11650754145992272,0.05118807257321675,-0.1165075436266407,0.051188073482135124,-0.11530044978741516,0.0626112234750652,
lewidi_armis,llama,32,LPE,1,64,0.732597902203288,0.18924935304876486,0.3268051255205325,0.3510926150071635,0.6344827586206897,0.6344827586206897,0.41048431396484375,0.07032457739114761,0.09968078277988046,0.0706091057233938,0.09968078277988046,0.07060910572339378,0.09968078277988045,0.07060910572339377,0.09968078277988046,0.07060910572339377,0.09968078277988046,0.07060910572339377,0.09968077889628557,0.07060910254293448,0.08450804479967818,0.05063639931316749,
lewidi_armis,llama,32,LP-temp,1,64,0.6365829204428841,0.17916033862006628,0.3327520946855545,0.4291703927421224,0.6482758620689655,0.6482758620689655,0.6543404957832616,,0.13010468250475116,,0.13010468250475118,,0.13010468250475116,,0.13010468250475116,,0.13010468250475116,,0.13010467910130252,,0.15533057627147326,,
lewidi_armis,llama,32,GPP-cosine,1,256,0.6743294557356512,0.18263422853560837,0.3281478426619915,0.3680589022056323,0.6,0.6,0.5487629771232605,0.009127580560743809,0.19913258540107384,0.18794283501035866,0.19913258540107387,0.18794283501035866,0.19913258540107384,0.1879428350103586,0.19913258540107387,0.18794283501035863,0.19913258540107387,0.18794283501035863,0.19913258418537264,0.18794283990074973,0.16319974643500604,0.12624886044972167,
lewidi_armis,llama,32,GPP-rbf,1,256,0.6074235656452569,0.15627242970518485,0.2951606416496737,0.3807988159007745,0.7103448275862069,0.7103448275862069,0.4644010365009308,0.09264664351940155,0.12597573323966227,0.03848590669689794,0.12597573323966227,0.038485906696897956,0.12597573323966227,0.03848590669689794,0.12597573323966227,0.03848590669689795,0.12597573323966227,0.03848590669689795,0.12597573349553282,0.03848590670529953,0.13993437377760476,0.05474205331153243,
lewidi_armis,llama,32,GPP-laplace,1,256,0.6616573925830554,0.19113842445519555,0.3539956535758643,0.4446711651377625,0.593103448275862,0.593103448275862,0.43445396423339844,0.2419929802417755,-0.025352814643899636,0.09891589047427783,-0.02535281464389963,0.09891589047427782,-0.025352814643899643,0.09891589047427782,-0.025352814643899643,0.09891589047427782,-0.025352814643899643,0.09891589047427782,-0.025352817265905964,0.0989158910638843,-0.06192694780867105,0.10845769312347361,
lewidi_armis,llama,32,LPE,1,256,0.6920321952395906,0.1677852783490989,0.30020949833560734,0.3515696643564804,0.6620689655172414,0.6620689655172414,0.31716349720954895,0.15905146300792694,0.12538988528611786,0.053498883857559555,0.12538988528611783,0.053498883857559534,0.12538988528611783,0.05349888385755954,0.12538988528611786,0.05349888385755954,0.12538988528611786,0.05349888385755954,0.12538988873328868,0.05349888548866829,0.14301361427637846,0.05576846681112365,
lewidi_armis,llama,32,LP-temp,1,256,0.6470857369159358,0.18469373898062724,0.3469483411905885,0.44133595492907485,0.6413793103448275,0.6413793103448275,0.6683859404508272,,-0.01664345310537252,,-0.0166434531053725,,-0.016643453105372498,,-0.016643453105372512,,-0.016643453105372512,,-0.016643450422796906,,0.08348163130008694,,
lewidi_armis,llama,32,GPP-cosine,2,16,1.7294526019403669,0.3587944190185958,0.4648001214280596,0.27444414214781326,0.5103448275862069,0.5103448275862069,0.13691671192646027,0.008583723567426205,-0.025166302161579602,-0.028850523890463903,-0.0251663021615796,-0.028850523890463907,-0.0251663021615796,-0.028850523890463907,-0.025166302161579612,-0.028850523890463893,-0.025166302161579612,-0.028850523890463893,-0.02516630304646204,-0.02885052156549594,0.05576846681112365,0.10948410662306486,
lewidi_armis,llama,32,GPP-rbf,2,16,0.7538443046595801,0.21024145831943272,0.3650538278807854,0.3846738422169368,0.5724137931034483,0.5724137931034483,0.41118770837783813,0.1464402824640274,0.016233769475607993,-0.018297918204134567,0.016233769475607993,-0.018297918204134594,0.016233769475607965,-0.01829791820413458,0.016233769475607993,-0.01829791820413458,0.016233769475607993,-0.01829791820413458,0.01623376799895683,-0.01829791943455615,0.021212545658218816,-0.011974824161897718,
lewidi_armis,llama,32,GPP-laplace,2,16,0.6852789145983993,0.20116302670673286,0.37024597371446677,0.45154255075928645,0.5724137931034483,0.5724137931034483,0.4343842566013336,0.24896150827407837,-0.14832759988098074,0.11878025931524933,-0.1483275998809807,0.1187802593152493,-0.14832759988098068,0.11878025931524931,-0.14832759988098074,0.11878025931524934,-0.14832759988098074,0.11878025931524934,-0.1483276012521784,0.11878026219551079,-0.12282748211775087,0.110168382289459,
lewidi_armis,llama,32,LPE,2,16,0.8416134155007504,0.22524354280274733,0.37518177428122224,0.3518653557240226,0.5724137931034483,0.5724137931034483,0.35833409428596497,0.10194823145866394,0.052575473615559726,0.020262059052275933,0.052575473615559726,0.020262059052275933,0.052575473615559726,0.02026205905227596,0.0525754736155597,0.020262059052275905,0.0525754736155597,0.020262059052275905,0.05257547173016666,0.02026205731786318,0.08211307996729864,0.028397440155357445,
lewidi_armis,llama,32,LP-temp,2,16,0.6776551199578562,0.19466915693810374,0.35204582992237776,0.42533824615108706,0.5862068965517241,0.5862068965517241,0.6521974124982238,,0.024984654905999035,,0.02498465490599905,,0.024984654905999007,,0.02498465490599905,,0.02498465490599905,,0.024984653141771146,,0.05268922631234995,,
lewidi_armis,llama,32,GPP-cosine,2,64,0.8007673413757556,0.21326352716137187,0.3632774308454075,0.3643185725278677,0.5793103448275863,0.5793103448275863,0.4729478359222412,0.00857000332325697,-0.005560963021495058,0.12380140502436558,-0.005560963021495054,0.1238014050243656,-0.005560963021495054,0.1238014050243656,-0.0055609630214950405,0.12380140502436562,-0.0055609630214950405,0.12380140502436562,-0.005560964693511937,0.12380140705678064,-0.07424390980376586,0.1330916171136632,
lewidi_armis,llama,32,GPP-rbf,2,64,0.7863818451097071,0.21203010916133705,0.3635084455254777,0.3623471760774564,0.5724137931034483,0.5724137931034483,0.3848001956939697,0.09502161294221878,0.010141981672252363,-0.008554553861663889,0.010141981672252366,-0.008554553861663894,0.010141981672252363,-0.008554553861663879,0.010141981672252377,-0.008554553861663884,0.010141981672252377,-0.008554553861663884,0.010141979628291387,-0.008554556155174264,0.015396202493868494,-0.0013685513327883105,
lewidi_armis,llama,32,GPP-laplace,2,64,0.7044571245309039,0.2024224866954406,0.35808294436027266,0.4085867742652523,0.5724137931034483,0.5724137931034483,0.4032168388366699,0.22753216326236725,-0.11862311519957675,-0.00019626803874066984,-0.11862311519957679,-0.00019626803874067678,-0.11862311519957677,-0.0001962680387406629,-0.1186231151995768,-0.00019626803874064902,-0.1186231151995768,-0.00019626803874064902,-0.11862311665373455,-0.00019626760285541833,-0.1115369336222473,0.008895583663124018,
lewidi_armis,llama,32,LPE,2,64,0.894079587757553,0.22822343502671982,0.3687107314179041,0.33853946464601214,0.5862068965517241,0.5862068965517241,0.3293518126010895,0.05831235647201538,0.01723701274440975,-0.06679333123784062,0.01723701274440976,-0.06679333123784062,0.01723701274440975,-0.06679333123784062,0.01723701274440976,-0.06679333123784062,0.01723701274440976,-0.06679333123784062,0.017237010675618347,-0.0667933335805292,0.011974824161897718,-0.013001237661488951,
lewidi_armis,llama,32,LP-temp,2,64,0.6567770819488435,0.1873569673621045,0.3440906499170387,0.4289753239942995,0.6482758620689655,0.6482758620689655,0.6573169055131247,,0.0659614250618539,,0.0659614250618539,,0.06596142506185389,,0.0659614250618539,,0.0659614250618539,,0.0659614235662264,,0.02326537265740128,,
lewidi_armis,llama,32,GPP-cosine,2,256,0.6347790653934214,0.16856632804372787,0.3141766414626106,0.3913489503579549,0.6482758620689655,0.6482758620689655,0.5565548539161682,0.006781490985304117,0.029092171975269903,0.11820551829702551,0.029092171975269893,0.11820551829702551,0.029092171975269896,0.11820551829702548,0.0290921719752699,0.11820551829702551,0.0290921719752699,0.11820551829702551,0.029092168687191708,0.11820552152845806,-0.022923234824204202,0.13206520361407198,
lewidi_armis,llama,32,GPP-rbf,2,256,0.5772479272396313,0.14560561272085876,0.2780019424117074,0.37670934464188244,0.7310344827586207,0.7310344827586207,0.4608517289161682,0.0906406044960022,0.1123842623200453,0.05649661208408728,0.11238426232004525,0.05649661208408726,0.11238426232004528,0.05649661208408725,0.11238426232004528,0.05649661208408729,0.11238426232004528,0.05649661208408729,0.11238426119726716,0.05649661109181653,0.08040239080131326,0.0413986778168464,
lewidi_armis,llama,32,GPP-laplace,2,256,0.6615470551584537,0.18909334441234668,0.3448461464766798,0.42604045860278117,0.5793103448275863,0.5793103448275863,0.4219333529472351,0.23468822240829468,-0.03529065732213793,0.05413544107977046,-0.03529065732213789,0.05413544107977046,-0.03529065732213793,0.05413544107977047,-0.0352906573221379,0.05413544107977045,-0.0352906573221379,0.05413544107977045,-0.03529066025524833,0.05413544065034692,-0.07219108280458338,0.03113454282093407,
lewidi_armis,llama,32,LPE,2,256,0.6112451798977271,0.14774242412685584,0.2795350486316301,0.36098333250701975,0.7172413793103448,0.7172413793103448,0.328062504529953,0.1633278727531433,0.058128061418122184,0.06288643171499361,0.05812806141812217,0.06288643171499361,0.05812806141812216,0.06288643171499361,0.058128061418122184,0.06288643171499361,0.058128061418122184,0.06288643171499361,0.05812806157583779,0.06288643054241749,0.02326537265740128,0.04960998581357626,
lewidi_armis,llama,32,LP-temp,2,256,0.6199636566807428,0.1742898190369605,0.32666305242946614,0.4397299225502884,0.7448275862068966,0.7448275862068966,0.6698944279624387,,0.10325602411647189,,0.10325602411647189,,0.10325602411647189,,0.10325602411647192,,0.10325602411647192,,0.1032560249711009,,0.04174081565004347,,
lewidi_armis,llama,32,GPP-cosine,3,16,0.6872822013696374,0.19843909138918336,0.36487813830889504,0.43280031932870744,0.5448275862068965,0.5448275862068965,0.6295798420906067,0.023827658966183662,-0.006887316036560176,0.07537029786118439,-0.006887316036560183,0.07537029786118439,-0.006887316036560183,0.07537029786118438,-0.006887316036560176,0.0753702978611844,-0.006887316036560176,0.0753702978611844,-0.006887319008480289,0.07537030132772535,-0.0461886529357423,0.054057777645138264,
lewidi_armis,llama,32,GPP-rbf,3,16,0.6990282376082122,0.20487183959685604,0.3734211611336675,0.43986162052599626,0.5655172413793104,0.5655172413793104,0.49799641966819763,0.17257830500602722,0.03106937682100896,-0.021591680814154315,0.031069376821008975,-0.021591680814154295,0.03106937682100897,-0.021591680814154295,0.03106937682100899,-0.0215916808141543,0.03106937682100899,-0.0215916808141543,0.031069378502565657,-0.021591680954735418,-0.0023949648323795436,-0.02497606182338667,
lewidi_armis,llama,32,GPP-laplace,3,16,0.6955227745373792,0.20628295763723983,0.3809094853442291,0.4610812925390025,0.42758620689655175,0.42758620689655175,0.44048380851745605,0.2524007260799408,-0.15424984587550894,0.16931588847849166,-0.15424984587550894,0.16931588847849166,-0.15424984587550894,0.16931588847849166,-0.15424984587550894,0.16931588847849166,-0.15424984587550894,0.16931588847849166,-0.15424984778775316,0.1693158905739709,-0.15276469285784397,0.16901608959935635,
lewidi_armis,llama,32,LPE,3,16,0.7144217776973252,0.2084379758351805,0.37656776172847584,0.4308610844286968,0.503448275862069,0.503448275862069,0.5181322693824768,0.13896387815475464,0.05439230032644071,0.04673606822217805,0.054392300326440726,0.04673606822217807,0.05439230032644072,0.04673606822217808,0.05439230032644072,0.04673606822217806,0.05439230032644072,0.04673606822217806,0.0543923010504651,0.0467360672973262,-0.017449029493050962,0.018475442992642192,
lewidi_armis,llama,32,LP-temp,3,16,0.6934348571819269,0.20529806456154376,0.37966385135834435,0.4598831922868082,0.4482758620689655,0.4482758620689655,0.6916864146162632,,0.07410880095992978,,0.07410880095992976,,0.07410880095992978,,0.07410880095992978,,0.07410880095992978,,0.07410880075559786,,0.03592447248569315,,
lewidi_armis,llama,32,GPP-cosine,3,64,0.950207241275699,0.2525214890273589,0.401073180930689,0.3320644360929877,0.5379310344827586,0.5379310344827586,0.394517183303833,0.01116448175162077,0.08696343850098538,0.06660805609087006,0.08696343850098535,0.06660805609087006,0.08696343850098537,0.06660805609087006,0.0869634385009854,0.06660805609087006,0.0869634385009854,0.06660805609087006,0.08696343971400922,0.06660805987661793,0.06466405047424768,0.05337350197874411,
lewidi_armis,llama,32,GPP-rbf,3,64,0.7138366752018589,0.199688406742652,0.35809429452337066,0.3997830049540527,0.5793103448275863,0.5793103448275863,0.4630780518054962,0.12004823237657547,-0.005247071468957663,-0.0297216737140295,-0.005247071468957658,-0.02972167371402948,-0.005247071468957677,-0.029721673714029485,-0.005247071468957663,-0.029721673714029506,-0.005247071468957663,-0.029721673714029506,-0.005247070360778278,-0.029721673850917334,-0.0023949648323795436,0.0071848944971386304,
lewidi_armis,llama,32,GPP-laplace,3,64,0.6932903829976894,0.20102010357876565,0.3611877471208572,0.42541147617901137,0.5724137931034483,0.5724137931034483,0.4189835786819458,0.2366088628768921,-0.0822911165391673,0.05338525226257683,-0.08229111653916729,0.05338525226257683,-0.08229111653916726,0.053385252262576836,-0.08229111653916729,0.05338525226257683,-0.08229111653916729,0.05338525226257683,-0.08229111672237377,0.053385254523029155,-0.049267847980379184,0.06979611797220385,
lewidi_armis,llama,32,LPE,3,64,0.7924544973811704,0.21371849632912,0.3640764969433176,0.38097616800467865,0.5862068965517241,0.5862068965517241,0.4265160858631134,0.08136696368455887,-0.05365151905699949,0.07210015871580927,-0.05365151905699949,0.07210015871580927,-0.05365151905699948,0.07210015871580926,-0.05365151905699951,0.07210015871580924,-0.05365151905699951,0.07210015871580924,-0.053651518050590825,0.07210015990874166,-0.07869170163532785,0.028397440155357445,
lewidi_armis,llama,32,LP-temp,3,64,0.726925600056022,0.2025548323361662,0.36050309564387306,0.4051987759576947,0.5862068965517241,0.5862068965517241,0.5751665132170003,,-0.06667649367496359,,-0.06667649367496356,,-0.06667649367496356,,-0.06667649367496357,,-0.06667649367496357,,-0.06667649142201108,,-0.06466405047424768,,
lewidi_armis,llama,32,GPP-cosine,3,256,0.6424993175836368,0.1722056917979882,0.32011332913728924,0.39586872467623124,0.6551724137931034,0.6551724137931034,0.5738844871520996,0.007912565022706985,0.035372848622776606,0.10370309194621169,0.035372848622776634,0.10370309194621169,0.03537284862277663,0.10370309194621166,0.03537284862277664,0.10370309194621169,0.03537284862277664,0.10370309194621169,0.03537284410562537,0.10370309310128398,-0.03592447248569315,0.11324762278823271,
lewidi_armis,llama,32,GPP-rbf,3,256,0.6218645954945409,0.15592485562232114,0.2914893297735473,0.37370577796932036,0.7103448275862069,0.7103448275862069,0.4272230565547943,0.08492705225944519,0.028704302467329298,-0.004378945737879817,0.028704302467329326,-0.0043789457378798045,0.02870430246732932,-0.0043789457378798045,0.02870430246732931,-0.004378945737879813,0.02870430246732931,-0.004378945737879813,0.02870429990315003,-0.004378948009056097,0.037293023818481465,-0.0071848944971386304,
lewidi_armis,llama,32,GPP-laplace,3,256,0.6834690991475929,0.19498183754964332,0.35045060602755385,0.41153916294869336,0.5724137931034483,0.5724137931034483,0.40743568539619446,0.2267138808965683,-0.02096590821551802,0.04591379287420872,-0.020965908215518005,0.04591379287420875,-0.02096590821551801,0.04591379287420872,-0.02096590821551802,0.045913792874208756,-0.02096590821551802,0.045913792874208756,-0.020965909778547065,0.0459137931638962,-0.02942385365494868,0.04174081565004347,
lewidi_armis,llama,32,LPE,3,256,0.6899076349929966,0.16078421561527081,0.29315980020910504,0.3515511230111049,0.6827586206896552,0.6827586206896552,0.2973531186580658,0.13745878636837006,0.043791353021909694,-0.01797599652072221,0.043791353021909674,-0.01797599652072221,0.04379135302190968,-0.017975996520722196,0.04379135302190968,-0.017975996520722223,0.04379135302190968,-0.017975996520722223,0.043791351459308604,-0.017975998469012128,0.04413578048242301,0.0013685513327883105,
lewidi_armis,llama,32,LP-temp,3,256,0.6039930769760555,0.16367143443612125,0.3108366975034454,0.41755847834572035,0.7103448275862069,0.7103448275862069,0.625017624232974,,0.020208859948244617,,0.02020885994824463,,0.020208859948244604,,0.020208859948244617,,0.020208859948244617,,0.02020885887344391,,0.05132067497956165,,
lewidi_armis,llama,32,GPP-cosine,4,16,0.9260421406525003,0.2542661021064876,0.41119918148193896,0.35391201012485224,0.5379310344827586,0.5379310344827586,0.431883305311203,0.01788775809109211,-0.014095936042388998,0.06252390396322857,-0.014095936042389012,0.06252390396322857,-0.014095936042388998,0.06252390396322856,-0.014095936042388998,0.06252390396322857,-0.014095936042388998,0.06252390396322857,-0.01409593956298634,0.06252390709662706,0.013685513327883108,0.019843994325430506,
lewidi_armis,llama,32,GPP-rbf,4,16,0.704261843397856,0.2026272411523108,0.3584779810288857,0.4145560871976826,0.5862068965517241,0.5862068965517241,0.4775336980819702,0.15766401588916779,-0.0229104584875771,-0.035316012147761214,-0.022910458487577084,-0.03531601214776122,-0.02291045848757709,-0.0353160121477612,-0.02291045848757709,-0.03531601214776122,-0.02291045848757709,-0.03531601214776122,-0.022910460614620806,-0.03531601320136621,-0.026344613156174975,-0.02189682132461297,
lewidi_armis,llama,32,GPP-laplace,4,16,0.6880139953060258,0.2031226203346679,0.3754762274437937,0.45919807694021747,0.5724137931034483,0.5724137931034483,0.4393828511238098,0.2516184449195862,-0.16548935837382553,0.15355908332532336,-0.16548935837382553,0.1535590833253234,-0.16548935837382553,0.15355908332532336,-0.16548935837382556,0.1535590833253234,-0.16548935837382556,0.1535590833253234,-0.16548936056222585,0.15355908566921206,-0.1655947112673856,0.1549884384382762,
lewidi_armis,llama,32,LPE,4,16,0.7899792203018129,0.2188580767621101,0.3743311419826129,0.3800684152339523,0.5793103448275863,0.5793103448275863,0.42240652441978455,0.11185065656900406,-0.018250097251243436,-0.022097838421220595,-0.018250097251243422,-0.022097838421220636,-0.01825009725124342,-0.022097838421220605,-0.018250097251243425,-0.02209783842122062,-0.018250097251243425,-0.02209783842122062,-0.018250100465286342,-0.022097841055087268,-0.02805530232216037,-0.009921997162715253,
lewidi_armis,llama,32,LP-temp,4,16,0.7242916081747042,0.20520986223775428,0.35996579661987455,0.4044563052303839,0.6137931034482759,0.6137931034482759,0.6016338735370674,,-0.018067596287835636,,-0.01806759628783565,,-0.01806759628783563,,-0.018067596287835636,,-0.018067596287835636,,-0.018067598816330757,,-0.046188607481605484,,
lewidi_armis,llama,32,GPP-cosine,4,64,0.7441949934677735,0.20842308901247625,0.3654535569379042,0.3747062412190859,0.5448275862068965,0.5448275862068965,0.5452670454978943,0.015743937343358994,0.1368406694604572,0.10433791420076602,0.1368406694604572,0.10433791420076605,0.13684066946045717,0.104337914200766,0.1368406694604572,0.10433791420076605,0.1368406694604572,0.10433791420076605,0.1368406668129563,0.10433791819346586,0.12282748211775087,0.08040239080131326,
lewidi_armis,llama,32,GPP-rbf,4,64,0.6510915615222335,0.17982877668561711,0.33014282178262183,0.4094523298313217,0.6551724137931034,0.6551724137931034,0.4900844097137451,0.12543587386608124,0.04716494272160799,-0.002842594126751216,0.047164942721608,-0.002842594126751195,0.04716494272160799,-0.0028425941267512193,0.04716494272160799,-0.002842594126751195,0.04716494272160799,-0.002842594126751195,0.04716493962213745,-0.002842596020542848,0.04105653998364932,0.007527032330335708,
lewidi_armis,llama,32,GPP-laplace,4,64,0.6810131953173594,0.1980654551783157,0.36077479504305743,0.43891753997191174,0.5793103448275863,0.5793103448275863,0.4284207820892334,0.24217689037322998,-0.11528758168326389,0.05772763713619121,-0.11528758168326392,0.057727637136191216,-0.11528758168326389,0.05772763713619119,-0.11528758168326389,0.05772763713619121,-0.11528758168326389,0.05772763713619121,-0.11528758415132229,0.05772763821231081,-0.13069665228128366,0.0612426721422769,
lewidi_armis,llama,32,LPE,4,64,0.6862061196696504,0.18044882678243526,0.3247685775931539,0.3866898420111765,0.6689655172413793,0.6689655172413793,0.4489002227783203,0.0935027077794075,0.012139298282878193,0.008438633040368782,0.012139298282878165,0.00843863304036877,0.012139298282878186,0.00843863304036877,0.012139298282878186,0.008438633040368763,0.012139298282878186,0.008438633040368763,0.012139295105262068,0.008438631137281917,-0.012659099828291873,0.015054064660671416,
lewidi_armis,llama,32,LP-temp,4,64,0.6893618191514193,0.20389551219989327,0.37707839368428586,0.4612728964198264,0.6689655172413793,0.6689655172413793,0.6930761187492815,,0.04743279509670342,,0.04743279509670344,,0.047432795096703416,,0.04743279509670345,,0.04743279509670345,,0.047432794113891216,,0.012659099828291873,,
lewidi_armis,llama,32,GPP-cosine,4,256,0.6284939898144681,0.17017106423187703,0.3194744656584025,0.4017583829855791,0.6068965517241379,0.6068965517241379,0.5886852145195007,0.010108420625329018,0.042880820864697564,0.08352466526740895,0.04288082086469758,0.08352466526740898,0.04288082086469754,0.08352466526740894,0.04288082086469758,0.08352466526740895,0.04288082086469758,0.08352466526740895,0.042880820630356156,0.08352467018251189,-0.013001237661488951,0.09169293929681681,
lewidi_armis,llama,32,GPP-rbf,4,256,0.6070090502850131,0.15294015360491015,0.287448880013785,0.3712248577534641,0.7103448275862069,0.7103448275862069,0.4453275501728058,0.08957507461309433,0.12370595675132451,0.08130586815285762,0.12370595675132452,0.0813058681528576,0.12370595675132451,0.08130586815285759,0.12370595675132454,0.08130586815285762,0.12370595675132454,0.08130586815285762,0.12370595533430329,0.0813058669041101,0.14711926827474336,0.08348163130008694,
lewidi_armis,llama,32,GPP-laplace,4,256,0.6657040651442881,0.19053830897312404,0.3470317350379352,0.42606818492312215,0.5793103448275863,0.5793103448275863,0.42089760303497314,0.23467372357845306,-0.056284097620162656,0.03844090720717348,-0.056284097620162704,0.03844090720717348,-0.05628409762016268,0.03844090720717347,-0.05628409762016269,0.03844090720717348,-0.05628409762016269,0.03844090720717348,-0.056284100429283834,0.038440907015708486,-0.08450804479967818,0.017449029493050962,
lewidi_armis,llama,32,LPE,4,256,0.6442741773320416,0.15515293962843354,0.28337461146132636,0.3402857736181349,0.7034482758620689,0.7034482758620689,0.3168342709541321,0.16042836010456085,0.12086366747124618,0.20258374446130734,0.1208636674712462,0.20258374446130734,0.12086366747124619,0.20258374446130728,0.12086366747124622,0.20258374446130734,0.12086366747124622,0.20258374446130734,0.12086366703584941,0.20258374551916636,0.10777341745707947,0.21931035107932675,
lewidi_armis,llama,32,LP-temp,4,256,0.6142357565218451,0.16975296900250897,0.31979960100666655,0.42306784710062023,0.6827586206896552,0.6827586206896552,0.6459020216719856,,0.14310037830535483,,0.14310037830535483,,0.1431003783053548,,0.14310037830535483,,0.14310037830535483,,0.14310037903054357,,0.1406186494439989,,
lewidi_armis,llama,48,GPP-cosine,0,16,1.2482099233340924,0.29846557682004765,0.42948853184693847,0.29918547592937955,0.5241379310344828,0.5241379310344828,0.2655426859855652,0.02089666947722435,0.05360443907403877,0.08776307137719055,0.05360443907403875,0.08776307137719058,0.053604439074038744,0.08776307137719055,0.05360443907403878,0.08776307137719057,0.05360443907403878,0.08776307137719057,0.05360443848364633,0.08776307284694,0.043451504816028864,0.07869170163532785,
lewidi_armis,llama,48,GPP-rbf,0,16,0.7128929281439026,0.20690465238941153,0.37377139494336886,0.4241522384857337,0.5517241379310345,0.5517241379310345,0.48372986912727356,0.16385842859745026,0.007612786956836095,-0.024350187477200157,0.007612786956836088,-0.024350187477200146,0.0076127869568361015,-0.024350187477200143,0.0076127869568361015,-0.024350187477200146,0.0076127869568361015,-0.024350187477200146,0.007612793587692054,-0.02435018234846356,0.031476680654131145,-0.013001237661488951,
lewidi_armis,llama,48,GPP-laplace,0,16,0.6917671689060946,0.20421236796281325,0.37723064977547216,0.45624914813989165,0.5724137931034483,0.5724137931034483,0.43753448128700256,0.25051790475845337,-0.17368668140825158,0.13445648327387538,-0.1736866814082516,0.13445648327387538,-0.1736866814082516,0.13445648327387538,-0.17368668140825158,0.13445648327387538,-0.17368668140825158,0.13445648327387538,-0.1736866808339517,0.13445648754114736,-0.15122492227310833,0.13274947928046613,
lewidi_armis,llama,48,LPE,0,16,0.7639035639893821,0.21567040709921134,0.37551163576286417,0.3948992155183792,0.5655172413793104,0.5655172413793104,0.455110102891922,0.12259729206562042,0.008779860385938983,0.003921708926831732,0.008779860385939002,0.003921708926831746,0.008779860385939014,0.003921708926831732,0.008779860385938974,0.003921708926831746,0.008779860385938974,0.003921708926831746,0.008779867503699055,0.003921716192952535,0.022238959157810045,-0.0413986778168464,
lewidi_armis,llama,48,LP-temp,0,16,0.6924510627854346,0.20510433447835935,0.37925951812418274,0.46131529527891724,0.5379310344827586,0.5379310344827586,0.6931185176083724,,0.003229919951537903,,0.0032299199515378784,,0.003229919951537889,,0.0032299199515378784,,0.0032299199515378784,,0.003229926681621176,,0.027028888822569132,,
lewidi_armis,llama,48,GPP-cosine,0,64,0.6534481524326503,0.17628639166242693,0.32987011197376354,0.4065869974695398,0.6275862068965518,0.6275862068965518,0.5503119230270386,0.025919396430253983,-0.03056857092499877,0.03374148380269823,-0.030568570924998782,0.03374148380269822,-0.03056857092499876,0.03374148380269823,-0.030568570924998775,0.03374148380269823,-0.030568570924998775,0.03374148380269823,-0.030568574202171708,0.03374148715068631,-0.0413986778168464,0.10708914179068531,
lewidi_armis,llama,48,GPP-rbf,0,64,0.6757952059822109,0.18793983258365002,0.345014604951801,0.41753459484855615,0.6344827586206897,0.6344827586206897,0.467965692281723,0.13660572469234467,-0.14009202397985093,-0.09150841441254287,-0.14009202397985093,-0.09150841441254286,-0.1400920239798509,-0.09150841441254286,-0.14009202397985093,-0.09150841441254288,-0.14009202397985093,-0.09150841441254288,-0.14009202674704024,-0.0915084147487073,-0.14746140610794048,-0.07698101246934247,
lewidi_armis,llama,48,GPP-laplace,0,64,0.6855961306281863,0.20052090009670806,0.3668239465047573,0.4444681442916673,0.5724137931034483,0.5724137931034483,0.43139931559562683,0.24479833245277405,-0.19510733501423475,0.027606111722160306,-0.19510733501423477,0.02760611172216029,-0.19510733501423477,0.02760611172216028,-0.19510733501423475,0.027606111722160286,-0.19510733501423475,0.027606111722160286,-0.19510733610899333,0.02760611427151588,-0.1994663567538963,0.04755715881439379,
lewidi_armis,llama,48,LPE,0,64,0.7727433431786122,0.20046868000821053,0.3527719586204481,0.3975467988330304,0.6137931034482759,0.6137931034482759,0.41782525181770325,0.07656365633010864,-0.16014487221922685,-0.09877123651957095,-0.16014487221922688,-0.09877123651957095,-0.16014487221922685,-0.09877123651957095,-0.16014487221922688,-0.09877123651957094,-0.16014487221922688,-0.09877123651957094,-0.1601448737543803,-0.09877123824851514,-0.16935822743255344,-0.10811555529027653,
lewidi_armis,llama,48,LP-temp,0,64,0.6950044721933254,0.190056609662105,0.34606106265513936,0.4089594321851469,0.6137931034482759,0.6137931034482759,0.5762780058497727,,-0.09838699796443867,,-0.09838699796443867,,-0.09838699796443867,,-0.09838699796443866,,-0.09838699796443866,,-0.09838699876855037,,-0.1313809279476778,,
lewidi_armis,llama,48,GPP-cosine,0,256,0.6739293948198372,0.16504074893257248,0.2973523062609309,0.36461828621695525,0.7034482758620689,0.7034482758620689,0.47375836968421936,0.010625306516885757,0.03303149039033508,0.17713806088429984,0.033031490390335067,0.17713806088429984,0.03303149039033506,0.17713806088429981,0.03303149039033507,0.17713806088429984,0.03303149039033507,0.17713806088429984,0.033031486585460096,0.1771380610325733,0.008553445829926941,0.08040239080131326,
lewidi_armis,llama,48,GPP-rbf,0,256,0.6411612610686476,0.16148099592256202,0.301017578904806,0.3742740235075754,0.6896551724137931,0.6896551724137931,0.4142988920211792,0.0907745212316513,0.013680143894861704,-0.005255652803756432,0.013680143894861715,-0.005255652803756458,0.013680143894861711,-0.0052556528037564386,0.013680143894861701,-0.005255652803756454,0.013680143894861701,-0.005255652803756454,0.01368014102291365,-0.005255653269933258,0.008553445829926941,0.015738340327065573,
lewidi_armis,llama,48,GPP-laplace,0,256,0.685478977630847,0.19640251117629223,0.35402113204372343,0.41586965289388333,0.5724137931034483,0.5724137931034483,0.4102945923805237,0.22956590354442596,-0.12453271426276041,-0.02272708180293877,-0.1245327142627604,-0.022727081802938778,-0.12453271426276039,-0.02272708180293877,-0.12453271426276043,-0.022727081802938757,-0.12453271426276043,-0.022727081802938757,-0.12453271535787594,-0.022727080232354847,-0.12453817128373627,-0.003763516165167854,
lewidi_armis,llama,48,LPE,0,256,0.7308993647834472,0.16705913851230692,0.29801307408944355,0.35227407309444503,0.6758620689655173,0.6758620689655173,0.2792662978172302,0.13872432708740234,0.018513738387255146,-0.04175706948449752,0.018513738387255136,-0.04175706948449752,0.018513738387255146,-0.041757069484497505,0.01851373838725515,-0.04175706948449754,0.01851373838725515,-0.04175706948449754,0.0185137371471873,-0.04175707017848837,0.03284523198691945,-0.050978537146364564,
lewidi_armis,llama,48,LP-temp,0,256,0.6125820620284446,0.16832494163654696,0.32071363175160505,0.42443316305546935,0.6758620689655173,0.6758620689655173,0.6381045232302888,,-0.011411858108424346,,-0.01141185810842435,,-0.01141185810842435,,-0.011411858108424343,,-0.011411858108424343,,-0.011411858995358069,,0.019501856492233426,,
lewidi_armis,llama,48,GPP-cosine,1,16,1.029286300862821,0.2547185592302931,0.38604757858576766,0.299000280260853,0.5793103448275863,0.5793103448275863,0.32463374733924866,0.025123922154307365,0.18009419822855074,0.10112050791441698,0.18009419822855072,0.10112050791441698,0.18009419822855072,0.10112050791441696,0.18009419822855072,0.10112050791441701,0.18009419822855072,0.10112050791441701,0.18009419651424907,0.10112051023672444,0.17380601926411546,0.16833181393296218,
lewidi_armis,llama,48,GPP-rbf,1,16,0.6586602593200995,0.18994474921750717,0.35014274521120664,0.4439653954947942,0.6137931034482759,0.6137931034482759,0.5044994354248047,0.17117203772068024,0.02403040379526163,0.025728650876307057,0.02403040379526163,0.02572865087630706,0.024030403795261612,0.02572865087630706,0.02403040379526165,0.025728650876307053,0.02403040379526165,0.025728650876307053,0.024030404229253392,0.025728653980983097,-0.015396202493868494,0.009921997162715253,
lewidi_armis,llama,48,GPP-laplace,1,16,0.6911559018130072,0.20457033176539954,0.3779981014029733,0.460987961286854,0.5379310344827586,0.5379310344827586,0.4405907392501831,0.2522004544734955,-0.17086387899157007,0.16408778710020594,-0.1708638789915701,0.16408778710020594,-0.1708638789915701,0.16408778710020594,-0.17086387899157007,0.16408778710020597,-0.17086387899157007,0.16408778710020597,-0.17086388092614374,0.1640877897727105,-0.16696326260017388,0.16285760860180898,
lewidi_armis,llama,48,LPE,1,16,0.6529420641309657,0.18546393313668746,0.34142326347786806,0.42779841212478303,0.6,0.6,0.4982735514640808,0.1549631506204605,0.1054321961634265,-0.1924822597077825,0.10543219616342653,-0.1924822597077825,0.1054321961634265,-0.1924822597077825,0.10543219616342653,-0.1924822597077825,0.10543219616342653,-0.1924822597077825,0.10543220033667178,-0.19248226166487697,0.042767229149634704,-0.19809780542110794,
lewidi_armis,llama,48,LP-temp,1,16,0.6913357072267607,0.20467522774447633,0.37834413643505055,0.4613240894679148,0.6344827586206897,0.6344827586206897,0.6931273117973697,,0.09247067526731176,,0.09247067526731176,,0.09247067526731177,,0.09247067526731176,,0.09247067526731176,,0.09247067740344539,,0.009237721496321096,,
lewidi_armis,llama,48,GPP-cosine,1,64,0.7389188986036895,0.1831491614962522,0.3218823201319412,0.3717991426341926,0.6413793103448275,0.6413793103448275,0.46480780839920044,0.01988794095814228,-0.01430855757305343,0.1366106694967536,-0.014308557573053424,0.1366106694967536,-0.014308557573053438,0.1366106694967536,-0.014308557573053396,0.13661066949675363,-0.014308557573053396,0.13661066949675363,-0.014308558687427156,0.13661067259631476,-0.012316961995094796,0.06397977480785352,
lewidi_armis,llama,48,GPP-rbf,1,64,0.6777632543902599,0.1862986698927283,0.3357184819106398,0.3950519960965222,0.6413793103448275,0.6413793103448275,0.4558250606060028,0.12947705388069153,0.0471268151408959,0.015387410380933837,0.0471268151408959,0.015387410380933834,0.04712681514089589,0.015387410380933855,0.047126815140895895,0.01538741038093383,0.047126815140895895,0.01538741038093383,0.04712681321787588,0.015387410695381666,0.03968798865086101,0.03797729948487562,
lewidi_armis,llama,48,GPP-laplace,1,64,0.6904894876625909,0.20061979152698903,0.36254006089835333,0.4303078144166736,0.5793103448275863,0.5793103448275863,0.4220287501811981,0.2393300086259842,-0.13043241692915694,0.023833701236587415,-0.1304324169291569,0.023833701236587405,-0.1304324169291569,0.023833701236587415,-0.13043241692915697,0.023833701236587398,-0.13043241692915697,0.023833701236587398,-0.1304324162025428,0.023833704522161964,-0.10606272829109407,0.03558233465249607,
lewidi_armis,llama,48,LPE,1,64,0.7362099670791804,0.19025856746383646,0.3303110735041314,0.3587898778039067,0.6482758620689655,0.6482758620689655,0.40058884024620056,0.09194649755954742,0.07511345559541582,0.05038609966014094,0.07511345559541582,0.05038609966014092,0.07511345559541582,0.05038609966014093,0.07511345559541582,0.05038609966014096,0.07511345559541582,0.05038609966014096,0.07511345313030104,0.05038609918586427,0.054057777645138264,0.0656904639738389,
lewidi_armis,llama,48,LP-temp,1,64,0.6546314608303672,0.18872997576400227,0.3509908892400885,0.4477296748070097,0.6275862068965518,0.6275862068965518,0.6794167382592147,,0.10107881663269158,,0.1010788166326916,,0.10107881663269157,,0.10107881663269164,,0.10107881663269164,,0.10107881496775042,,0.12145893078496257,,
lewidi_armis,llama,48,GPP-cosine,1,256,0.6676415521077949,0.17558505499720745,0.3184340168226205,0.3738584996311798,0.6482758620689655,0.6482758620689655,0.5094848275184631,0.013909616507589817,0.03906435406744986,0.14999171124660243,0.03906435406744987,0.1499917112466025,0.03906435406744989,0.14999171124660243,0.03906435406744987,0.1499917112466025,0.03906435406744987,0.1499917112466025,0.03906435162055198,0.14999171519137097,0.019843994325430506,0.09237721496321097,
lewidi_armis,llama,48,GPP-rbf,1,256,0.6582573089561696,0.17262625476146912,0.31831388860170184,0.37600499662707365,0.6344827586206897,0.6344827586206897,0.4474073648452759,0.09870341420173645,0.12460862904600833,0.03561287467111034,0.12460862904600832,0.03561287467111034,0.1246086290460083,0.03561287467111035,0.12460862904600833,0.03561287467111034,0.12460862904600833,0.03561287467111034,0.12460862635213626,0.03561287404931109,0.08450804479967818,0.045846469648408404,
lewidi_armis,llama,48,GPP-laplace,1,256,0.6695003015818225,0.19428910441709885,0.3592613363060458,0.4451655778750972,0.5793103448275863,0.5793103448275863,0.4339381754398346,0.24302315711975098,-0.1396889498615091,0.04742783403027907,-0.1396889498615091,0.047427834030279094,-0.1396889498615091,0.047427834030279094,-0.13968894986150912,0.047427834030279094,-0.13968894986150912,0.047427834030279094,-0.13968895184421895,0.047427836467891324,-0.16901608959935635,0.034555921152904845,
lewidi_armis,llama,48,LPE,1,256,0.7448086104292968,0.18616039356405348,0.32601987390682613,0.3494422200151712,0.6137931034482759,0.6137931034482759,0.2825743556022644,0.1817616969347,0.1255204240049504,0.05964544968698839,0.1255204240049504,0.0596454496869884,0.12552042400495037,0.0596454496869884,0.1255204240049504,0.059645449686988414,0.1255204240049504,0.059645449686988414,0.12552042085251952,0.05964544929642446,0.11974824161897718,0.04482005614881717,
lewidi_armis,llama,48,LP-temp,1,256,0.6637563098684566,0.19243811586312037,0.3577737643106681,0.44960488354983763,0.5862068965517241,0.5862068965517241,0.6813307889095597,,0.15051007087872945,,0.15051007087872945,,0.15051007087872942,,0.15051007087872945,,0.15051007087872945,,0.1505100700807983,,0.1655947112673856,,
lewidi_armis,llama,48,GPP-cosine,2,16,1.8228073101898927,0.3584137833026858,0.4623077821933889,0.27637625976406016,0.5172413793103449,0.5172413793103449,0.13267824053764343,0.015232204459607601,-0.01971087818844231,-0.04999029024975965,-0.01971087818844232,-0.04999029024975966,-0.01971087818844231,-0.04999029024975964,-0.019710878188442325,-0.04999029024975966,-0.019710878188442325,-0.04999029024975966,-0.019710881815780568,-0.049990290228117996,0.05611060464432074,0.110168382289459,
lewidi_armis,llama,48,GPP-rbf,2,16,0.7792764333068596,0.21775261875785362,0.3722346667585702,0.3799738372087063,0.5724137931034483,0.5724137931034483,0.40537503361701965,0.15002918243408203,0.09126344274654322,0.033666599603529336,0.09126344274654322,0.03366659960352936,0.09126344274654319,0.03366659960352935,0.09126344274654322,0.03366659960352934,0.09126344274654322,0.03366659960352934,0.09126344138004151,0.03366660082948839,0.11051052012265608,0.037635161651678545,
lewidi_armis,llama,48,GPP-laplace,2,16,0.6921078648935773,0.20368746835853588,0.37411637501469974,0.45073976142514055,0.5724137931034483,0.5724137931034483,0.433860719203949,0.24868224561214447,-0.12473427335649705,0.12790381149999494,-0.12473427335649703,0.12790381149999494,-0.12473427335649705,0.12790381149999494,-0.12473427335649705,0.12790381149999497,-0.12473427335649705,0.12790381149999497,-0.12473427290114163,0.12790381572613327,-0.11940610378578011,0.1026413499591233,
lewidi_armis,llama,48,LPE,2,16,0.9049003112003022,0.23846948003572094,0.3827729035554261,0.3335141001219195,0.5793103448275863,0.5793103448275863,0.3422725796699524,0.08686335384845734,0.1341572621953664,0.11639548080111659,0.1341572621953664,0.11639548080111661,0.1341572621953664,0.1163954808011166,0.1341572621953664,0.11639548080111661,0.1341572621953664,0.11639548080111661,0.13415725998122413,0.11639547858598448,0.15054064660671418,0.13377589278005736,
lewidi_armis,llama,48,LP-temp,2,16,0.7500293761471071,0.2096318763756887,0.36440641381402417,0.3824866399385379,0.5862068965517241,0.5862068965517241,0.565646382156532,,0.11973688591798998,,0.11973688591798996,,0.11973688591798995,,0.11973688591798998,,0.11973688591798998,,0.11973688306102825,,0.15840981677024696,,
lewidi_armis,llama,48,GPP-cosine,2,64,0.7974976308498022,0.20734018227855494,0.352851011630239,0.3604657693906658,0.6137931034482759,0.6137931034482759,0.4216391146183014,0.017183268442749977,-0.04983797071752821,0.10211219780444254,-0.0498379707175282,0.10211219780444256,-0.049837970717528206,0.10211219780444256,-0.04983797071752824,0.10211219780444256,-0.04983797071752824,0.10211219780444256,-0.04983797540322906,0.10211219695250906,-0.08758728529845188,0.0718489449713863,
lewidi_armis,llama,48,GPP-rbf,2,64,0.7653350941849664,0.20665658803147638,0.3575309178567138,0.36719381366855286,0.593103448275862,0.593103448275862,0.3949296176433563,0.10550612211227417,0.02152688118843473,0.026865445690721045,0.021526881188434745,0.026865445690721038,0.021526881188434738,0.02686544569072105,0.021526881188434748,0.026865445690721034,0.021526881188434748,0.026865445690721034,0.021526880022437578,0.026865445610280012,0.003763516165167854,0.016764753826656806,
lewidi_armis,llama,48,GPP-laplace,2,64,0.7073522662456552,0.2036470937449991,0.3604728472643885,0.4102634312297472,0.5724137931034483,0.5724137931034483,0.404405802488327,0.2286555916070938,-0.08764356485355022,0.018715389997014234,-0.08764356485355024,0.018715389997014248,-0.08764356485355022,0.018715389997014224,-0.08764356485355025,0.01871538999701424,-0.08764356485355025,0.01871538999701424,-0.0876435641240019,0.018715392795557482,-0.0780074259689337,0.016422615993459726,
lewidi_armis,llama,48,LPE,2,64,0.8761449207881308,0.22012685707612076,0.35827454723546215,0.33876391283535456,0.6068965517241379,0.6068965517241379,0.3439232110977173,0.06040748581290245,0.02870481459697,0.012904960478659667,0.028704814596969993,0.012904960478659647,0.02870481459696999,0.01290496047865966,0.02870481459697,0.012904960478659667,0.02870481459697,0.012904960478659667,0.02870481344416042,0.012904960657721912,0.019501856492233426,0.027371026655766215,
lewidi_armis,llama,48,LP-temp,2,64,0.6568276105654512,0.18511547375287693,0.34095875099688777,0.41767326998520293,0.6206896551724138,0.6206896551724138,0.636897744725555,,0.07347664326145219,,0.07347664326145217,,0.07347664326145217,,0.07347664326145217,,0.07347664326145217,,0.0734766425102171,,0.023949648323795435,,
lewidi_armis,llama,48,GPP-cosine,2,256,0.6361079679758331,0.15442263800812864,0.286608227918692,0.375320865930303,0.7379310344827587,0.7379310344827587,0.4879710376262665,0.011146338656544685,0.0025942438649514087,0.13700593274502768,0.002594243864951412,0.13700593274502768,0.002594243864951412,0.13700593274502765,0.002594243864951419,0.1370059327450277,0.002594243864951419,0.1370059327450277,0.0025942415429349545,0.13700593735331437,-0.021554683491415892,0.08211307996729864,
lewidi_armis,llama,48,GPP-rbf,2,256,0.578346356730005,0.14479317947451958,0.273684019113666,0.37911328905088754,0.7793103448275862,0.7793103448275862,0.4468565881252289,0.0957484170794487,0.08724301683804023,0.055155176815578855,0.0872430168380402,0.055155176815578834,0.0872430168380402,0.05515517681557885,0.0872430168380402,0.05515517681557886,0.0872430168380402,0.05515517681557886,0.08724301226615747,0.05515517536224969,0.06979611797220385,0.03010812932134283,
lewidi_armis,llama,48,GPP-laplace,2,256,0.668339607100955,0.19226017449314045,0.35022864300629186,0.43034490166563866,0.5724137931034483,0.5724137931034483,0.42429283261299133,0.23712287843227386,-0.11798807988977508,0.002788450882951963,-0.11798807988977505,0.002788450882951956,-0.11798807988977504,0.002788450882951954,-0.11798807988977505,0.002788450882951954,-0.11798807988977505,0.002788450882951954,-0.11798808343807568,0.002788451010399066,-0.15054064660671418,-0.00034213783319707764,
lewidi_armis,llama,48,LPE,2,256,0.6264435986079363,0.14839656976084703,0.27404993642101483,0.3569415055847936,0.7517241379310344,0.7517241379310344,0.3024906516075134,0.16041898727416992,0.07604709060043027,-0.02518501943726729,0.07604709060043029,-0.02518501943726725,0.07604709060043027,-0.025185019437267264,0.0760470906004303,-0.025185019437267267,0.0760470906004303,-0.025185019437267267,0.07604708489999257,-0.025185021193417124,0.06158480997547398,-0.029081715821751602,
lewidi_armis,llama,48,LP-temp,2,256,0.6085737731652576,0.16864534433989484,0.31209278006092,0.42935100277392724,0.7517241379310344,0.7517241379310344,0.6555284939498798,,0.07298450024665774,,0.0729845002466577,,0.07298450024665773,,0.07298450024665773,,0.07298450024665773,,0.07298449591791141,,0.012659099828291873,,
lewidi_armis,llama,48,GPP-cosine,3,16,0.7864603996349643,0.22234371583157572,0.38583656131643157,0.41601383033974876,0.5310344827586206,0.5310344827586206,0.5592410564422607,0.03649095818400383,-0.07884455490467684,0.011306649155572598,-0.07884455490467683,0.011306649155572598,-0.07884455490467682,0.011306649155572598,-0.07884455490467684,0.01130664915557257,-0.07884455490467684,0.01130664915557257,-0.07884455940191229,0.01130665019775308,-0.07766528813573663,-0.009237721496321096,
lewidi_armis,llama,48,GPP-rbf,3,16,0.7057660671533001,0.20410361372387614,0.3660145209781055,0.4192010247392544,0.5586206896551724,0.5586206896551724,0.46832138299942017,0.1725209504365921,-0.043233781001722094,-0.017685698222408758,-0.04323378100172208,-0.017685698222408758,-0.04323378100172208,-0.01768569822240875,-0.04323378100172208,-0.017685698222408758,-0.04323378100172208,-0.017685698222408758,-0.04323378022164606,-0.01768569558791789,-0.037635161651678545,-0.01608047816026265,
lewidi_armis,llama,48,GPP-laplace,3,16,0.6918016209938026,0.20476919531459747,0.3785360470927995,0.46062235512694166,0.5241379310344828,0.5241379310344828,0.4400869905948639,0.25233858823776245,-0.16644794871622304,0.1652728249915127,-0.16644794871622307,0.1652728249915127,-0.16644794871622304,0.1652728249915127,-0.1664479487162231,0.16527282499151275,-0.1664479487162231,0.16527282499151275,-0.16644795074917387,0.16527282748386185,-0.16148905726902066,0.1655947112673856,
lewidi_armis,llama,48,LPE,3,16,0.7388385341187674,0.21020966744836217,0.37130534204429594,0.39753818935629914,0.5172413793103449,0.5172413793103449,0.4889634847640991,0.10309062898159027,0.03551854281140137,0.06740363787209816,0.03551854281140135,0.0674036378720981,0.03551854281140138,0.06740363787209813,0.03551854281140137,0.06740363787209813,0.03551854281140137,0.06740363787209813,0.03551854337235571,0.0674036393776434,-0.003763516165167854,0.05268922631234995,
lewidi_armis,llama,48,LP-temp,3,16,0.6889188465636854,0.20363530931151763,0.3771417159019834,0.460707008108491,0.5172413793103449,0.5172413793103449,0.6925102304379461,,0.06475103169328379,,0.0647510316932838,,0.06475103169328378,,0.0647510316932838,,0.0647510316932838,,0.06475103185791153,,0.034555921152904845,,
lewidi_armis,llama,48,GPP-cosine,3,64,0.9496391878229777,0.23525998320113334,0.3738658411367616,0.33833598225265044,0.5586206896551724,0.5586206896551724,0.395370215177536,0.020264988765120506,0.04563948991107172,0.1265835866525595,0.045639489911071744,0.12658358665255953,0.04563948991107174,0.1265835866525595,0.04563948991107174,0.12658358665255953,0.04563948991107174,0.12658358665255953,0.04563948883614415,0.12658359014060516,0.04550433181521133,0.07082253147179508,
lewidi_armis,llama,48,GPP-rbf,3,64,0.7161286735204483,0.19786506402344833,0.35334298017209975,0.3933946618099242,0.5862068965517241,0.5862068965517241,0.44465020298957825,0.12589292228221893,0.026199402575648026,-0.0029436349183505003,0.026199402575647998,-0.0029436349183504934,0.026199402575647998,-0.0029436349183505073,0.026199402575648012,-0.0029436349183504865,0.026199402575648012,-0.0029436349183504865,0.026199401870834874,-0.0029436336334149743,0.043451504816028864,0.018817580825839272,
lewidi_armis,llama,48,GPP-laplace,3,64,0.6957181600730159,0.2021061026191109,0.3635208729012259,0.42658031737905955,0.5724137931034483,0.5724137931034483,0.4195597171783447,0.2377682328224182,-0.07700604227172336,0.06306860858432287,-0.07700604227172335,0.06306860858432287,-0.07700604227172338,0.06306860858432284,-0.07700604227172339,0.06306860858432287,-0.07700604227172339,0.06306860858432287,-0.07700604199439993,0.0630686116482185,-0.07766528813573663,0.07492818547016,
lewidi_armis,llama,48,LPE,3,64,0.8125818513815898,0.21027754123191159,0.3546430933481917,0.36254170311742334,0.6,0.6,0.38690781593322754,0.09358267486095428,0.04988171325989483,0.016984835176713516,0.04988171325989484,0.01698483517671351,0.049881713259894836,0.016984835176713536,0.049881713259894864,0.01698483517671351,0.049881713259894864,0.01698483517671351,0.04988171313635875,0.016984836870974455,0.04687288314799964,0.003763516165167854,
lewidi_armis,llama,48,LP-temp,3,64,0.6722386373349912,0.19069075064446506,0.3506287536140527,0.4237359988296685,0.6137931034482759,0.6137931034482759,0.639593645551381,,0.04005684244819856,,0.040056842448198536,,0.04005684244819853,,0.04005684244819855,,0.04005684244819855,,0.0400568434602595,,0.0550841911447295,,
lewidi_armis,llama,48,GPP-cosine,3,256,0.6443859855627824,0.16274843157400237,0.3010035897553772,0.37405488895056427,0.7172413793103448,0.7172413793103448,0.5017145872116089,0.011976467445492744,0.017831956141388355,0.12593252565975724,0.01783195614138834,0.12593252565975727,0.017831956141388345,0.12593252565975727,0.017831956141388335,0.12593252565975724,0.017831956141388335,0.12593252565975724,0.017831950289686906,0.12593252642596725,-0.05782129381030613,0.1330916171136632,
lewidi_armis,llama,48,GPP-rbf,3,256,0.6241635990194065,0.15872416976857107,0.2944826738459283,0.35811770336048965,0.7172413793103448,0.7172413793103448,0.42487213015556335,0.09279920905828476,0.12720416776035764,0.08369575569659428,0.12720416776035764,0.08369575569659429,0.12720416776035762,0.08369575569659427,0.12720416776035764,0.0836957556965943,0.12720416776035764,0.0836957556965943,0.12720416420561875,0.083695754180341,0.07424390980376586,0.08519232046607234,
lewidi_armis,llama,48,GPP-laplace,3,256,0.6827453232888487,0.1960472296060602,0.35196718049460446,0.41756541227832544,0.5724137931034483,0.5724137931034483,0.4143499433994293,0.2318052053451538,-0.0392237377152059,0.05004717170858581,-0.03922373771520593,0.050047171708585816,-0.03922373771520593,0.05004717170858581,-0.03922373771520593,0.050047171708585816,-0.03922373771520593,0.050047171708585816,-0.03922374001308429,0.05004717248795836,-0.06090053430907982,0.043451504816028864,
lewidi_armis,llama,48,LPE,3,256,0.6877656843241464,0.16716200565709619,0.299914281364432,0.33138193067909893,0.6689655172413793,0.6689655172413793,0.2851349711418152,0.15420621633529663,0.1119588149893575,0.09985116610306322,0.11195881498935749,0.09985116610306323,0.1119588149893575,0.09985116610306322,0.11195881498935752,0.09985116610306324,0.11195881498935752,0.09985116610306324,0.11195881355500184,0.09985116524302305,0.07561246113655416,0.11701113895340055,
lewidi_armis,llama,48,LP-temp,3,256,0.6116016332080699,0.16810202735842822,0.3141915563093845,0.41717853028815444,0.696551724137931,0.696551724137931,0.6376255206219134,,0.12496729317248487,,0.1249672931724849,,0.12496729317248487,,0.12496729317248491,,0.12496729317248491,,0.12496729063198803,,0.12453817128373627,,
lewidi_armis,llama,48,GPP-cosine,4,16,0.9967705192534434,0.2663142628474734,0.4173643472010334,0.3388375327229487,0.5241379310344828,0.5241379310344828,0.39255422353744507,0.030940115451812744,0.0664750754408909,0.07050261885326517,0.06647507544089087,0.07050261885326517,0.06647507544089089,0.07050261885326517,0.0664750754408909,0.07050261885326517,0.0664750754408909,0.07050261885326517,0.06647507184218131,0.07050262033059973,0.09579859329518174,0.048925710147182104,
lewidi_armis,llama,48,GPP-rbf,4,16,0.7035445780631864,0.20282694695708217,0.3603854505152538,0.4156510102766423,0.5793103448275863,0.5793103448275863,0.4775297939777374,0.16250960528850555,0.04964375420994371,0.023822377675663906,0.04964375420994373,0.023822377675663888,0.0496437542099437,0.023822377675663916,0.0496437542099437,0.023822377675663902,0.0496437542099437,0.023822377675663902,0.04964375314460266,0.023822378665736003,0.048925710147182104,0.02976599148814575,
lewidi_armis,llama,48,GPP-laplace,4,16,0.6901338601025733,0.20389488970188502,0.37666021081907997,0.45876978482965003,0.5724137931034483,0.5724137931034483,0.4390809237957001,0.25149211287498474,-0.1617063938453894,0.16156935751730336,-0.1617063938453894,0.1615693575173034,-0.1617063938453894,0.16156935751730336,-0.1617063938453894,0.1615693575173034,-0.1617063938453894,0.1615693575173034,-0.16170639554330243,0.1615693602705705,-0.1604626437694294,0.16012050593623237,
lewidi_armis,llama,48,LPE,4,16,0.7661334471292699,0.21346271948365997,0.36743324691879337,0.37753328478744214,0.5862068965517241,0.5862068965517241,0.4569404721260071,0.09450814872980118,0.08004367216866794,0.09860503311323766,0.08004367216866792,0.0986050331132377,0.0800436721686679,0.09860503311323766,0.08004367216866792,0.09860503311323769,0.08004367216866792,0.09860503311323769,0.08004366998420304,0.09860503200050375,0.058163431643503204,0.08792942313164896,
lewidi_armis,llama,48,LP-temp,4,16,0.6919835089108815,0.20492930912798824,0.3787017883671268,0.4613125421781574,0.593103448275862,0.593103448275862,0.6931157645076125,,0.06125124149191901,,0.06125124149191904,,0.06125124149191903,,0.06125124149191902,,0.06125124149191902,,0.061251239188051386,,0.06192694780867105,,
lewidi_armis,llama,48,GPP-cosine,4,64,0.743755888710501,0.20126864932521696,0.35257780576096687,0.37983656420097583,0.5793103448275863,0.5793103448275863,0.5238551497459412,0.02475609816610813,0.04854186524836109,0.09871891515016348,0.04854186524836114,0.09871891515016346,0.048541865248361106,0.09871891515016347,0.048541865248361134,0.09871891515016348,0.048541865248361134,0.09871891515016348,0.04854186166842135,0.09871891735357272,0.015738340327065573,0.09237721496321097,
lewidi_armis,llama,48,GPP-rbf,4,64,0.6792307784161827,0.1906466725226586,0.3366423765903917,0.4074133399490009,0.6275862068965518,0.6275862068965518,0.484880656003952,0.13367022573947906,0.060403664937436444,0.03574453913286949,0.060403664937436444,0.035744539132869485,0.060403664937436444,0.0357445391328695,0.060403664937436444,0.0357445391328695,0.060403664937436444,0.0357445391328695,0.060403663175536665,0.035744540517058665,0.0006842756663941553,0.0537156398119412,
lewidi_armis,llama,48,GPP-laplace,4,64,0.6875055460625592,0.20109419099664047,0.3669371344919862,0.4435818449080454,0.5793103448275863,0.5793103448275863,0.43121686577796936,0.24416819214820862,-0.11890106859257787,0.08116410039044122,-0.11890106859257789,0.08116410039044124,-0.11890106859257787,0.08116410039044122,-0.1189010685925779,0.08116410039044125,-0.1189010685925779,0.08116410039044125,-0.11890107078795163,0.08116410264100905,-0.11324762278823271,0.07766528813573663,
lewidi_armis,llama,48,LPE,4,64,0.7385344300286846,0.19795809197337746,0.33769700623856025,0.37619952603106993,0.6482758620689655,0.6482758620689655,0.4386754035949707,0.09818747639656067,0.06024091684143599,0.051357677344392616,0.060240916841435975,0.05135767734439263,0.06024091684143597,0.05135767734439261,0.060240916841436,0.05135767734439262,0.060240916841436,0.05135767734439262,0.06024091611494091,0.05135767614486808,0.0010264134995912329,0.07253322063778045,
lewidi_armis,llama,48,LP-temp,4,64,0.6650893405637871,0.1909657600823509,0.3456130338225219,0.43348571434990524,0.6689655172413793,0.6689655172413793,0.6634254746868596,,0.12482339630842847,,0.12482339630842847,,0.12482339630842845,,0.12482339630842847,,0.12482339630842847,,0.12482339657196029,,0.04858357231398503,,
lewidi_armis,llama,48,GPP-cosine,4,256,0.636081916212715,0.15926440701659203,0.29716928928124176,0.3768296211873565,0.7034482758620689,0.7034482758620689,0.5177119374275208,0.01392105408012867,0.029781360522168267,0.1462391589158168,0.029781360522168294,0.1462391589158168,0.02978136052216828,0.14623915891581676,0.02978136052216828,0.14623915891581682,0.02978136052216828,0.14623915891581682,0.02978135952804678,0.14623916541977908,-0.06397977480785352,0.11187907145544439,
lewidi_armis,llama,48,GPP-rbf,4,256,0.6256849298161251,0.15547230186570452,0.28981461068936465,0.35839538241721475,0.7034482758620689,0.7034482758620689,0.4194503724575043,0.09066971391439438,0.13588522659066204,0.09271813510359994,0.13588522659066204,0.09271813510359996,0.13588522659066202,0.09271813510359993,0.13588522659066202,0.09271813510359997,0.13588522659066202,0.09271813510359997,0.13588522389627125,0.09271813441911787,0.10708914179068531,0.11119479578905023,
lewidi_armis,llama,48,GPP-laplace,4,256,0.6749181304568196,0.19383876760202362,0.35140364951100844,0.4241629153061566,0.5724137931034483,0.5724137931034483,0.4194859564304352,0.23489037156105042,-0.043585657456542304,0.05750753459950671,-0.04358565745654229,0.05750753459950671,-0.043585657456542304,0.057507534599506735,-0.0435856574565423,0.05750753459950672,-0.0435856574565423,0.05750753459950672,-0.043585658321141016,0.057507536405878024,-0.0643219126410506,0.043109366982831784,
lewidi_armis,llama,48,LPE,4,256,0.6778182333366932,0.15728828913361656,0.2842272930553761,0.3223325529415248,0.6827586206896552,0.6827586206896552,0.2755002975463867,0.15626539289951324,0.1818635575199286,0.11251138980514178,0.1818635575199286,0.11251138980514176,0.18186355751992858,0.11251138980514176,0.1818635575199286,0.11251138980514176,0.1818635575199286,0.11251138980514176,0.18186355511643817,0.11251138948482692,0.16901608959935635,0.1207746551185684,
lewidi_armis,llama,48,LP-temp,4,256,0.6080191442033762,0.16599135717270186,0.3118204700780873,0.41453515436572064,0.6620689655172414,0.6620689655172414,0.6347113413417688,,0.15552191242014266,,0.1555219124201426,,0.15552191242014257,,0.15552191242014263,,0.15552191242014263,,0.1555219096002567,,0.1395922359444077,,
lewidi_armis,llama,64,GPP-cosine,0,16,1.1884034218692787,0.2768130404560976,0.40677159310695876,0.3016750756681317,0.5517241379310345,0.5517241379310345,0.27972152829170227,0.034632470458745956,0.07580923629789105,0.15538494151959287,0.07580923629789106,0.15538494151959287,0.07580923629789106,0.15538494151959287,0.07580923629789105,0.15538494151959287,0.07580923629789105,0.15538494151959287,0.07580923577061378,0.15538494311259696,0.07527032330335709,0.10572059045789699,
lewidi_armis,llama,64,GPP-rbf,0,16,0.6909476134808001,0.20219209937561985,0.3715558911192006,0.4436162604327482,0.5448275862068965,0.5448275862068965,0.5012983083724976,0.1734747588634491,0.05177459755128751,-0.0003588899332696363,0.051774597551287514,-0.0003588899332696398,0.05177459755128751,-0.0003588899332696259,0.05177459755128751,-0.0003588899332696398,0.05177459755128751,-0.0003588899332696398,0.05177459816884998,-0.00035888756750093037,0.06363763697465645,-0.022923234824204202,
lewidi_armis,llama,64,GPP-laplace,0,16,0.692047830400881,0.20470539223045814,0.37834203417958884,0.4593667238721917,0.5724137931034483,0.5724137931034483,0.439421147108078,0.2517487704753876,-0.15890507158981726,0.16130125107657334,-0.15890507158981726,0.1613012510765733,-0.15890507158981723,0.16130125107657334,-0.15890507158981726,0.16130125107657334,-0.15890507158981726,0.16130125107657334,-0.15890507312236746,0.16130125395936623,-0.15840981677024696,0.1590940924366411,
lewidi_armis,llama,64,LPE,0,16,0.7181885552667477,0.20448609014141877,0.3639180554398175,0.404574799191633,0.5586206896551724,0.5586206896551724,0.5161399245262146,0.09496010094881058,0.0832674736430417,-0.03143188631527048,0.0832674736430417,-0.031431886315270455,0.08326747364304166,-0.03143188631527044,0.08326747364304168,-0.03143188631527047,0.08326747364304168,-0.03143188631527047,0.08326747567416984,-0.03143188430136237,0.06158480997547398,-0.00034213783319707764,
lewidi_armis,llama,64,LP-temp,0,16,0.6925909693787964,0.2051671554442531,0.37916354664691676,0.4613301487360999,0.5103448275862069,0.5103448275862069,0.693133371065555,,0.05576460062179953,,0.055764600621799554,,0.05576460062179954,,0.05576460062179954,,0.05576460062179954,,0.05576460213683106,,-0.017449029493050962,,
lewidi_armis,llama,64,GPP-cosine,0,64,0.780112755401096,0.19358368840904513,0.33581671964072074,0.3793245671785224,0.6551724137931034,0.6551724137931034,0.4406700134277344,0.03107425384223461,-0.0521117645895183,0.004017034438067835,-0.052111764589518286,0.004017034438067835,-0.05211176458951828,0.004017034438067821,-0.052111764589518286,0.004017034438067835,-0.052111764589518286,0.004017034438067835,-0.05211176876094875,0.004017035736127425,-0.02976599148814575,0.0656904639738389,
lewidi_armis,llama,64,GPP-rbf,0,64,0.6819959551902434,0.19010593919004135,0.346731406347505,0.41284085932001885,0.6068965517241379,0.6068965517241379,0.46338626742362976,0.1346912533044815,-0.07229870786297221,-0.07698686304984716,-0.07229870786297223,-0.07698686304984718,-0.07229870786297223,-0.07698686304984718,-0.07229870786297221,-0.07698686304984718,-0.07229870786297221,-0.07698686304984718,-0.0722987101097034,-0.0769868633973029,-0.05850556947670028,-0.07732315030253954,
lewidi_armis,llama,64,GPP-laplace,0,64,0.6844509415783724,0.20016566057348995,0.36664148219700515,0.4452852485429464,0.5724137931034483,0.5724137931034483,0.4319181740283966,0.24517032504081726,-0.18934492074200787,0.04541605177043349,-0.18934492074200787,0.04541605177043349,-0.18934492074200787,0.045416051770433494,-0.18934492074200787,0.0454160517704335,-0.18934492074200787,0.0454160517704335,-0.18934492238466033,0.04541605430657199,-0.16627898693377974,0.04995212364677334,
lewidi_armis,llama,64,LPE,0,64,0.7674613600801324,0.20204528942288782,0.3475668568999089,0.3843042698338777,0.6275862068965518,0.6275862068965518,0.4065805971622467,0.09085490554571152,-0.06959339281067006,-0.05539908591899394,-0.06959339281067006,-0.055399085918993965,-0.06959339281067004,-0.055399085918993944,-0.06959339281067006,-0.055399085918993944,-0.06959339281067006,-0.055399085918993944,-0.06959339452823914,-0.055399085890415076,-0.06295336130826229,-0.0626112234750652,
lewidi_armis,llama,64,LP-temp,0,64,0.6870258673751519,0.1913906866787102,0.3488399114781149,0.41073878075995546,0.6137931034482759,0.6137931034482759,0.5956422229303383,,-0.03645807678337674,,-0.03645807678337673,,-0.03645807678337673,,-0.03645807678337673,,-0.03645807678337673,,-0.03645807786256739,,-0.058163431643503204,,
lewidi_armis,llama,64,GPP-cosine,0,256,0.7070110231876161,0.1678720709511351,0.29706360010426114,0.3630635813995742,0.7034482758620689,0.7034482758620689,0.42180731892585754,0.01566162519156933,-0.028714393203273812,0.08764749998847149,-0.028714393203273812,0.0876474999884715,-0.028714393203273812,0.08764749998847149,-0.028714393203273823,0.0876474999884715,-0.028714393203273823,0.0876474999884715,-0.02871439803618212,0.08764750015314966,-0.025660337489780825,0.03250309415372238,
lewidi_armis,llama,64,GPP-rbf,0,256,0.6629125696682936,0.16914772467411926,0.31092376523522725,0.38683092398858643,0.6896551724137931,0.6896551724137931,0.4159592092037201,0.09096013009548187,-0.058097307501504575,-0.07194722178573831,-0.05809730750150456,-0.07194722178573831,-0.05809730750150456,-0.07194722178573831,-0.058097307501504575,-0.07194722178573831,-0.058097307501504575,-0.07194722178573831,-0.05809730796180274,-0.0719472205648464,-0.06363763697465645,-0.06329549914145936,
lewidi_armis,llama,64,GPP-laplace,0,256,0.6870386059614139,0.19698783335082032,0.35355638810272877,0.41519171793076415,0.5724137931034483,0.5724137931034483,0.4100458323955536,0.2295391708612442,-0.12826198301463912,-0.030800415717174474,-0.12826198301463912,-0.03080041571717446,-0.1282619830146391,-0.030800415717174467,-0.12826198301463912,-0.030800415717174474,-0.12826198301463912,-0.030800415717174474,-0.12826198472028233,-0.03080041467521915,-0.14335575210957555,-0.01471192682747434,
lewidi_armis,llama,64,LPE,0,256,0.7415943229307073,0.17322705016705311,0.3076943771990547,0.36927735762637287,0.6896551724137931,0.6896551724137931,0.2830827832221985,0.1504383683204651,-0.060158364918092656,-0.06027650936759538,-0.06015836491809264,-0.06027650936759538,-0.060158364918092636,-0.060276509367595384,-0.06015836491809267,-0.06027650936759539,-0.06015836491809267,-0.06027650936759539,-0.06015836427713043,-0.06027650932681278,-0.05303136414554704,-0.03900371298446685,
lewidi_armis,llama,64,LP-temp,0,256,0.6181594053712152,0.168595533872353,0.3200323757872156,0.4171474306785931,0.6758620689655173,0.6758620689655173,0.6135779316413796,,-0.06060615303837332,,-0.06060615303837332,,-0.060606153038373314,,-0.06060615303837333,,-0.06060615303837333,,-0.06060615344721168,,-0.07698101246934247,,
lewidi_armis,llama,64,GPP-cosine,1,16,0.9103006398137301,0.22079837969238045,0.348142786343594,0.31839892739122144,0.6413793103448275,0.6413793103448275,0.35141056776046753,0.04259936884045601,0.11112390374131875,0.11471957415229485,0.11112390374131872,0.11471957415229486,0.11112390374131874,0.1147195741522948,0.11112390374131872,0.11471957415229483,0.11112390374131872,0.11471957415229483,0.11112390297750947,0.11471957799408763,0.10914196878986777,0.19022863525757516,
lewidi_armis,llama,64,GPP-rbf,1,16,0.6601213867811503,0.19061514477264194,0.35306248407939383,0.4468347766448217,0.6482758620689655,0.6482758620689655,0.5048858523368835,0.173308327794075,0.10087731994648498,0.04996418249760562,0.100877319946485,0.04996418249760563,0.100877319946485,0.04996418249760561,0.10087731994648502,0.04996418249760561,0.10087731994648502,0.04996418249760561,0.10087731990162654,0.049964184204867854,0.10127279862633498,0.03318736982011653,
lewidi_armis,llama,64,GPP-laplace,1,16,0.6922891332769217,0.20501194357997346,0.3787774295642458,0.46100675089329823,0.4689655172413793,0.4689655172413793,0.44054847955703735,0.25226151943206787,-0.1655131861153798,0.1686732255960091,-0.1655131861153798,0.16867322559600914,-0.16551318611537977,0.1686732255960091,-0.1655131861153798,0.16867322559600914,-0.1655131861153798,0.16867322559600914,-0.1655131880557258,0.1686732279264648,-0.16764753826656806,0.17004250309894758,
lewidi_armis,llama,64,LPE,1,16,0.6551073771565241,0.1858908699143442,0.3399502230101618,0.4246072197592048,0.5862068965517241,0.5862068965517241,0.5512511730194092,0.10147488117218018,0.17662540670312427,0.02662494951032726,0.17662540670312427,0.026624949510327234,0.17662540670312424,0.02662494951032724,0.17662540670312427,0.02662494951032726,0.17662540670312427,0.02662494951032726,0.17662541107606228,0.026624945577591076,0.14917209527392586,0.08519232046607234,
lewidi_armis,llama,64,LP-temp,1,16,0.6914902176833394,0.2047362246210924,0.37843822237858515,0.46132743962808814,0.6413793103448275,0.6413793103448275,0.6931306619575432,,0.2058537257653173,,0.2058537257653173,,0.2058537257653173,,0.2058537257653173,,0.2058537257653173,,0.2058537273840384,,0.15259347360589662,,
lewidi_armis,llama,64,GPP-cosine,1,64,0.8768877459404033,0.19751017255021255,0.3280536923352615,0.3526621832465247,0.6620689655172414,0.6620689655172414,0.37927573919296265,0.0273726899176836,-0.0394431377707579,0.09974583375494944,-0.03944313777075789,0.09974583375494944,-0.03944313777075788,0.09974583375494941,-0.039443137770757884,0.09974583375494944,-0.039443137770757884,0.09974583375494944,-0.03944313883083681,0.09974583537314993,-0.035240196819299,0.057137018143911956,
lewidi_armis,llama,64,GPP-rbf,1,64,0.6904838610031951,0.1923274247781516,0.34378114111464597,0.40530859057950114,0.6,0.6,0.465086430311203,0.13239075243473053,0.000942504934944785,-0.025357768948685164,0.0009425049349447712,-0.02535776894868518,0.000942504934944785,-0.025357768948685133,0.0009425049349447781,-0.025357768948685196,0.0009425049349447781,-0.025357768948685196,0.0009425048525736682,-0.025357767455609442,0.005474205331153242,-0.0071848944971386304,
lewidi_armis,llama,64,GPP-laplace,1,64,0.6910689510010611,0.2012245563411641,0.363911156407718,0.4330381314763102,0.5724137931034483,0.5724137931034483,0.42402276396751404,0.24060188233852386,-0.15376958123464396,0.028441103472846518,-0.15376958123464396,0.028441103472846483,-0.15376958123464396,0.02844110347284649,-0.15376958123464396,0.02844110347284651,-0.15376958123464396,0.02844110347284651,-0.15376958092619697,0.028441106613480555,-0.13377589278005736,0.037293023818481465,
lewidi_armis,llama,64,LPE,1,64,0.7319893472860797,0.19595851265291228,0.34188294324638513,0.38471165938941826,0.6137931034482759,0.6137931034482759,0.4362539052963257,0.09938491135835648,0.02721934024608223,0.026828979652487657,0.02721934024608224,0.026828979652487678,0.02721934024608223,0.026828979652487678,0.027219340246082246,0.0268289796524877,0.027219340246082246,0.0268289796524877,0.027219340229603976,0.026828978826048448,0.013001237661488951,0.043451504816028864,
lewidi_armis,llama,64,LP-temp,1,64,0.6656257627032034,0.19322963180305222,0.3575002937482703,0.448936448045894,0.6206896551724138,0.6206896551724138,0.6805779185333308,,0.03833420703994717,,0.03833420703994719,,0.03833420703994717,,0.03833420703994719,,0.03833420703994719,,0.03833420787507111,,0.08382376913328403,,
lewidi_armis,llama,64,GPP-cosine,1,256,0.7089343123991514,0.17904542307907081,0.31964610919591185,0.36274977210058945,0.6551724137931034,0.6551724137931034,0.4428340494632721,0.016955340281128883,-0.015484420543396285,0.09514791877707186,-0.015484420543396292,0.09514791877707188,-0.015484420543396292,0.09514791877707186,-0.015484420543396292,0.09514791877707186,-0.015484420543396292,0.09514791877707186,-0.015484424534415054,0.09514791965721243,-0.036266610318890224,0.08519232046607234,
lewidi_armis,llama,64,GPP-rbf,1,256,0.6505463233428983,0.17005953078186067,0.31060971858557956,0.37891461325160264,0.6689655172413793,0.6689655172413793,0.45038819313049316,0.09944721311330795,0.10862297617131689,-0.0009324027616626485,0.1086229761713169,-0.0009324027616626554,0.1086229761713169,-0.0009324027616626485,0.10862297617131693,-0.0009324027616626485,0.10862297617131693,-0.0009324027616626485,0.10862297394157115,-0.0009324032963749507,0.07595459896975124,-0.0017106891659853885,
lewidi_armis,llama,64,GPP-laplace,1,256,0.6702778892340546,0.19464747284472017,0.3585880773848501,0.44563777821601125,0.5862068965517241,0.5862068965517241,0.43411028385162354,0.24333073198795319,-0.08576632034233071,0.07138768290062122,-0.08576632034233073,0.07138768290062121,-0.08576632034233071,0.07138768290062122,-0.0857663203423307,0.07138768290062122,-0.0857663203423307,0.07138768290062122,-0.0857663242380491,0.0713876837680673,-0.1159847254538093,0.04755715881439379,
lewidi_armis,llama,64,LPE,1,256,0.7462673189334406,0.1820005796692692,0.31491261406737414,0.3488573490371739,0.6551724137931034,0.6551724137931034,0.2780279517173767,0.1906610131263733,0.1404016800532704,0.03166489974394272,0.1404016800532704,0.03166489974394274,0.14040168005327036,0.03166489974394271,0.1404016800532704,0.03166489974394274,0.1404016800532704,0.03166489974394274,0.14040167971143877,0.031664901367452924,0.13822368461161938,0.02326537265740128,
lewidi_armis,llama,64,LP-temp,1,256,0.6588241146171774,0.1904722745188818,0.3516982729454254,0.4491048468590883,0.6620689655172414,0.6620689655172414,0.6806077906599234,,0.15383102282632866,,0.15383102282632866,,0.15383102282632866,,0.15383102282632866,,0.15383102282632866,,0.1538310240594965,,0.15875195460344405,,
lewidi_armis,llama,64,GPP-cosine,2,16,1.8967385018799068,0.35793662302710666,0.4631559018799353,0.26637349712802144,0.503448275862069,0.503448275862069,0.13796190917491913,0.024444300681352615,0.07529391068439845,0.022698940621065693,0.07529391068439846,0.022698940621065707,0.07529391068439846,0.022698940621065693,0.07529391068439847,0.022698940621065686,0.07529391068439847,0.022698940621065686,0.07529390499807743,0.02269893782890034,0.10674700395748822,0.10298348779232037,
lewidi_armis,llama,64,GPP-rbf,2,16,0.7758912918345949,0.21757505388471768,0.3747900242435521,0.383107633799129,0.5724137931034483,0.5724137931034483,0.4076012372970581,0.14857444167137146,0.031194069952792974,-0.024261272242814727,0.031194069952793002,-0.024261272242814713,0.031194069952793002,-0.024261272242814713,0.031194069952792988,-0.024261272242814713,0.031194069952792988,-0.024261272242814713,0.031194066120084685,-0.024261272384507065,0.014369788994277261,-0.027028888822569132,
lewidi_armis,llama,64,GPP-laplace,2,16,0.6914834688378072,0.20358071145190382,0.37381555581914966,0.45162581850457423,0.5724137931034483,0.5724137931034483,0.43440699577331543,0.24902206659317017,-0.1453067735348948,0.12248638838622805,-0.14530677353489477,0.12248638838622808,-0.14530677353489477,0.12248638838622809,-0.1453067735348948,0.12248638838622807,-0.1453067735348948,0.12248638838622807,-0.1453067743472658,0.12248639177375098,-0.13377589278005736,0.11051052012265608,
lewidi_armis,llama,64,LPE,2,16,1.0764258925769408,0.2670134708912148,0.4029174805972083,0.30985558451811823,0.5724137931034483,0.5724137931034483,0.27324071526527405,0.04272342473268509,0.06856529197056188,0.04175802082179607,0.06856529197056185,0.041758020821796055,0.06856529197056183,0.041758020821796055,0.06856529197056185,0.04175802082179604,0.06856529197056185,0.04175802082179604,0.06856528682138409,0.041758017182416896,0.07321749630417461,0.0872451474652548,
lewidi_armis,llama,64,LP-temp,2,16,0.7105843008655048,0.20282316793185168,0.3598307729250528,0.40537517680117474,0.5793103448275863,0.5793103448275863,0.6161658864075287,,0.05563863299517803,,0.055638632995178045,,0.055638632995178045,,0.055638632995178045,,0.055638632995178045,,0.0556386276162346,,0.05166281281275873,,
lewidi_armis,llama,64,GPP-cosine,2,64,0.8324119505911708,0.20474785534137308,0.33700904068155696,0.3388856449444849,0.6551724137931034,0.6551724137931034,0.372499942779541,0.02973952516913414,0.011668073602326641,0.11749845115853647,0.011668073602326641,0.11749845115853648,0.01166807360232662,0.11749845115853642,0.011668073602326655,0.11749845115853647,0.011668073602326655,0.11749845115853647,0.011668069183791735,0.1174984510297865,-0.00034213783319707764,0.11666900112020348,
lewidi_armis,llama,64,GPP-rbf,2,64,0.7783272345447317,0.21151994648701622,0.36304263787279867,0.3654008715122575,0.5862068965517241,0.5862068965517241,0.40127307176589966,0.10745477676391602,0.057677212385063556,0.03397499354738505,0.05767721238506358,0.03397499354738502,0.05767721238506355,0.033974993547385014,0.05767721238506359,0.03397499354738504,0.05767721238506359,0.03397499354738504,0.05767720960413016,0.0339749922107081,0.031818818487328225,0.01915971865903635,
lewidi_armis,llama,64,GPP-laplace,2,64,0.7062727460668518,0.2038904423285699,0.3605260783228381,0.4118166816854002,0.5724137931034483,0.5724137931034483,0.4078511595726013,0.23076392710208893,-0.08054504914700313,0.03703383496482088,-0.08054504914700313,0.03703383496482089,-0.08054504914700313,0.03703383496482088,-0.08054504914700313,0.03703383496482088,-0.08054504914700313,0.03703383496482088,-0.08054504926859067,0.03703383723535854,-0.08211307996729864,0.014027651161080184,
lewidi_armis,llama,64,LPE,2,64,0.8950780608204747,0.22647072189079917,0.3656185982508007,0.33634036605963047,0.6068965517241379,0.6068965517241379,0.35764560103416443,0.060669273138046265,0.06726372569667385,0.015526597335798899,0.06726372569667387,0.015526597335798871,0.06726372569667385,0.015526597335798885,0.06726372569667385,0.015526597335798892,0.06726372569667385,0.015526597335798892,0.06726372264504235,0.015526595770932766,0.04174081565004347,0.058163431643503204,
lewidi_armis,llama,64,LP-temp,2,64,0.6650525050904825,0.18943237055704332,0.3446058132333689,0.42177396556644475,0.593103448275862,0.593103448275862,0.6467430178344312,,0.11835741194369938,,0.11835741194369939,,0.11835741194369936,,0.11835741194369939,,0.11835741194369939,,0.11835740863336304,,0.07082253147179508,,
lewidi_armis,llama,64,GPP-cosine,2,256,0.70356728834053,0.15786940340717215,0.28216245236689214,0.3668549151139806,0.7724137931034483,0.7724137931034483,0.41630613803863525,0.01414862647652626,-0.054971760406060916,0.02037828915614419,-0.05497176040606093,0.02037828915614421,-0.05497176040606094,0.020378289156144185,-0.05497176040606093,0.02037828915614421,-0.05497176040606093,0.02037828915614421,-0.054971763441781576,0.020378291074444277,-0.0656904639738389,0.06021625864268566,
lewidi_armis,llama,64,GPP-rbf,2,256,0.610355433871593,0.15591821289617097,0.289219166898843,0.37534331268936616,0.7241379310344828,0.7241379310344828,0.44731077551841736,0.0967780128121376,0.099737923696867,0.0519331463879189,0.099737923696867,0.051933146387918884,0.099737923696867,0.05193314638791885,0.099737923696867,0.05193314638791889,0.099737923696867,0.05193314638791889,0.09973792102929846,0.05193314608178943,0.05850556947670028,0.03900371298446685,
lewidi_armis,llama,64,GPP-laplace,2,256,0.6711390660396268,0.19327387655082587,0.35108930961839085,0.4301438519243704,0.5724137931034483,0.5724137931034483,0.42374858260154724,0.23709040880203247,-0.12099462466289876,-0.005666155046141451,-0.12099462466289876,-0.005666155046141444,-0.12099462466289874,-0.005666155046141437,-0.12099462466289879,-0.005666155046141451,-0.12099462466289879,-0.005666155046141451,-0.12099462861007951,-0.00566615536764958,-0.16730540043337097,-0.004447791831562009,
lewidi_armis,llama,64,LPE,2,256,0.6650625517566715,0.1624559265756314,0.29173779083959805,0.35782026453094584,0.7517241379310344,0.7517241379310344,0.2993117868900299,0.17908848822116852,0.07883465145926181,0.046818173346038855,0.07883465145926186,0.046818173346038855,0.0788346514592618,0.04681817334603886,0.07883465145926186,0.046818173346038855,0.07883465145926186,0.046818173346038855,0.07883464984383173,0.046818172533920684,0.05166281281275873,0.036950885985284385,
lewidi_armis,llama,64,LP-temp,2,256,0.6327378191587524,0.1787257453370721,0.3299477981429873,0.4352418522802378,0.696551724137931,0.696551724137931,0.6659581103148996,,0.15290773890551454,,0.15290773890551457,,0.15290773890551454,,0.15290773890551457,,0.15290773890551457,,0.15290773853259948,,0.11187907145544439,,
lewidi_armis,llama,64,GPP-cosine,3,16,0.9444938294870455,0.246077618913092,0.4033536878697462,0.3942806931918438,0.5310344827586206,0.5310344827586206,0.46260660886764526,0.05178695172071457,-0.10333082675265202,0.032079479672872,-0.10333082675265205,0.032079479672871974,-0.10333082675265202,0.032079479672871974,-0.10333082675265204,0.032079479672872,-0.10333082675265204,0.032079479672872,-0.10333083046976978,0.03207947923419545,-0.11119479578905023,-0.037635161651678545,
lewidi_armis,llama,64,GPP-rbf,3,16,0.7002662899383422,0.20442616779147796,0.3704309294963705,0.43361096247315317,0.5103448275862069,0.5103448275862069,0.48473095893859863,0.17728352546691895,0.02031796517147813,-0.031223770401962343,0.02031796517147816,-0.031223770401962336,0.02031796517147813,-0.031223770401962343,0.02031796517147813,-0.03122377040196233,0.02031796517147813,-0.03122377040196233,0.020317963669385708,-0.03122376864158593,0.04105653998364932,-0.0383194373180727,
lewidi_armis,llama,64,GPP-laplace,3,16,0.6928143671163302,0.2051970788463952,0.37918651237570006,0.4608657568588083,0.5172413793103449,0.5172413793103449,0.4402494728565216,0.25241950154304504,-0.16296371287516548,0.16608181363381308,-0.16296371287516548,0.16608181363381308,-0.16296371287516548,0.16608181363381308,-0.16296371287516553,0.16608181363381308,-0.16296371287516553,0.16608181363381308,-0.16296371494041,0.1660818159992115,-0.16662112476697682,0.16456829776779436,
lewidi_armis,llama,64,LPE,3,16,0.7243173185868966,0.2108164712978812,0.37530728856037404,0.4232996083898789,0.5103448275862069,0.5103448275862069,0.5025478005409241,0.14095939695835114,0.07085307670929394,0.032527177121139575,0.07085307670929393,0.03252717712113956,0.0708530767092939,0.032527177121139575,0.07085307670929397,0.03252717712113956,0.07085307670929397,0.03252717712113956,0.07085307421238628,0.032527177266567314,0.1224853442845538,0.019501856492233426,
lewidi_armis,llama,64,LP-temp,3,16,0.6925033996073011,0.2044471639267703,0.37664591409662634,0.45575762280001514,0.503448275862069,0.503448275862069,0.6875608451294702,,0.08686074097911747,,0.0868607409791175,,0.0868607409791175,,0.0868607409791175,,0.0868607409791175,,0.08686073793351955,,0.15875195460344405,,
lewidi_armis,llama,64,GPP-cosine,3,64,1.0229018676657748,0.2306707296791897,0.363821841273215,0.33679192759721543,0.6137931034482759,0.6137931034482759,0.3574080765247345,0.02825876511633396,0.0033172342114144698,0.1364669982769955,0.003317234211414468,0.1364669982769955,0.0033172342114144698,0.1364669982769955,0.003317234211414489,0.13646699827699552,0.003317234211414489,0.13646699827699552,0.0033172331741154757,0.13646700181659394,-0.0017106891659853885,0.08245521780049571,
lewidi_armis,llama,64,GPP-rbf,3,64,0.7387146737719702,0.20637417062495356,0.3653231703258794,0.39417197371105034,0.5724137931034483,0.5724137931034483,0.4448978900909424,0.12767347693443298,0.006041707710332231,-0.026420712138483696,0.006041707710332231,-0.026420712138483696,0.006041707710332231,-0.026420712138483703,0.006041707710332231,-0.02642071213848371,0.006041707710332231,-0.02642071213848371,0.006041703856254271,-0.026420713448429514,0.03045026715453991,0.005474205331153242,
lewidi_armis,llama,64,GPP-laplace,3,64,0.6972174731833477,0.20285888666660623,0.3640901878989976,0.4277237439800191,0.5724137931034483,0.5724137931034483,0.42013487219810486,0.23830465972423553,-0.11596353451985286,0.032411642548852156,-0.11596353451985285,0.032411642548852156,-0.11596353451985285,0.032411642548852156,-0.11596353451985289,0.03241164254885216,-0.11596353451985289,0.03241164254885216,-0.11596353595662176,0.032411644186750806,-0.09614073112837881,0.05850556947670028,
lewidi_armis,llama,64,LPE,3,64,0.8406868058689667,0.2218360332109054,0.3688007045151859,0.35711351303173855,0.5655172413793104,0.5655172413793104,0.39598026871681213,0.08461444824934006,0.028202043284945376,0.13455582456050874,0.028202043284945383,0.1345558245605088,0.02820204328494539,0.13455582456050877,0.028202043284945383,0.13455582456050874,0.028202043284945383,0.13455582456050874,0.02820204084974326,0.13455582275532602,0.023607510490598355,0.14232933860998428,
lewidi_armis,llama,64,LP-temp,3,64,0.6876700375023038,0.1970620848842494,0.35561164045586097,0.4230928228790493,0.6,0.6,0.6421256100367492,,0.036243988120003456,,0.03624398812000344,,0.036243988120003456,,0.03624398812000345,,0.03624398812000345,,0.03624398511406221,,0.06466405047424768,,
lewidi_armis,llama,64,GPP-cosine,3,256,0.6647921866751902,0.1634844019568298,0.2929042334667172,0.3553479188369845,0.7172413793103448,0.7172413793103448,0.4406130909919739,0.017469344660639763,0.023807658679897856,0.14131421319206655,0.02380765867989785,0.14131421319206658,0.02380765867989785,0.14131421319206652,0.023807658679897852,0.14131421319206658,0.023807658679897852,0.14131421319206658,0.02380765111021737,0.14131421258364585,-0.015738340327065573,0.14917209527392586,
lewidi_armis,llama,64,GPP-rbf,3,256,0.6452059739256131,0.16633126138748439,0.30448435305714094,0.364604776128668,0.6758620689655173,0.6758620689655173,0.4342215359210968,0.09503903239965439,0.13145601350566505,0.07736696896688652,0.13145601350566505,0.07736696896688651,0.13145601350566502,0.07736696896688652,0.13145601350566505,0.07736696896688651,0.13145601350566505,0.07736696896688651,0.13145600977109856,0.07736696686319039,0.09408790412919636,0.07458604763696293,
lewidi_armis,llama,64,GPP-laplace,3,256,0.6840667603033629,0.1964449431651803,0.3522232690761829,0.4172041014440823,0.5724137931034483,0.5724137931034483,0.4134015440940857,0.23138390481472015,-0.06094328581565474,0.023907074720048944,-0.06094328581565472,0.023907074720048944,-0.060943285815654724,0.02390707472004895,-0.060943285815654745,0.023907074720048972,-0.060943285815654745,0.023907074720048972,-0.060943289710898185,0.023907073870423574,-0.09066652579722559,0.00581634316435032,
lewidi_armis,llama,64,LPE,3,256,0.7251838283232425,0.18416148790054238,0.32055049755169956,0.32997116003827914,0.6413793103448275,0.6413793103448275,0.29953518509864807,0.15660661458969116,0.20124667457064951,0.0683273851190588,0.20124667457064954,0.06832738511905881,0.2012466745706495,0.06832738511905878,0.20124667457064954,0.06832738511905881,0.20124667457064954,0.06832738511905881,0.2012466713307412,0.06832738060179683,0.19262360008995472,0.0626112234750652,
lewidi_armis,llama,64,LP-temp,3,256,0.6290667543753088,0.17557608786835763,0.3213944005352651,0.4180738392722116,0.6275862068965518,0.6275862068965518,0.6438311756210758,,0.18449349177442337,,0.1844934917744234,,0.18449349177442337,,0.18449349177442342,,0.18449349177442342,,0.18449348963861684,,0.19672925408831965,,
lewidi_armis,llama,64,GPP-cosine,4,16,1.0219299054340178,0.2643469108868863,0.4093771319200108,0.3388184907308359,0.5379310344827586,0.5379310344827586,0.37927836179733276,0.049050845205783844,0.0751724139543855,0.08685550297345279,0.07517241395438551,0.08685550297345282,0.07517241395438548,0.08685550297345279,0.0751724139543855,0.08685550297345279,0.0751724139543855,0.08685550297345279,0.07517241216097173,0.086855504424627,0.0780074259689337,0.08964011229763434,
lewidi_armis,llama,64,GPP-rbf,4,16,0.7116086943978619,0.20556153772482358,0.3647345533144885,0.41653318885095125,0.5724137931034483,0.5724137931034483,0.4754604399204254,0.162545308470726,0.026727120273807733,-0.014784315255227866,0.02672712027380776,-0.014784315255227859,0.02672712027380776,-0.014784315255227845,0.026727120273807768,-0.014784315255227866,0.026727120273807768,-0.014784315255227866,0.026727117551150932,-0.014784314290435287,0.027028888822569132,0.002737102665576621,
lewidi_armis,llama,64,GPP-laplace,4,16,0.6906975884091782,0.20414229935026174,0.3771392673254013,0.4589950969223355,0.5724137931034483,0.5724137931034483,0.4391966164112091,0.2516016662120819,-0.16316970987595272,0.15473316503663648,-0.16316970987595275,0.15473316503663648,-0.16316970987595272,0.15473316503663648,-0.16316970987595275,0.1547331650366365,-0.16316970987595275,0.1547331650366365,-0.1631697116118154,0.1547331678055619,-0.16422615993459727,0.15088278443991124,
lewidi_armis,llama,64,LPE,4,16,0.7397035294948897,0.2099645651090178,0.3691208018568055,0.40205221239043126,0.5655172413793104,0.5655172413793104,0.47740426659584045,0.11887916177511215,0.00043822472074561,0.09734280100014314,0.00043822472074561,0.09734280100014314,0.00043822472074561,0.09734280100014313,0.00043822472074560304,0.09734280100014316,0.00043822472074560304,0.09734280100014316,0.00043822182884129673,0.09734279816826713,0.01608047816026265,0.07954712450044507,
lewidi_armis,llama,64,LP-temp,4,16,0.6921495209945082,0.20499587273881112,0.37875012246398987,0.46130923104537097,0.5724137931034483,0.5724137931034483,0.6931124533748261,,0.010876507084881061,,0.010876507084881047,,0.010876507084881075,,0.010876507084881054,,0.010876507084881054,,0.010876503877627473,,0.020870407825021735,,
lewidi_armis,llama,64,GPP-cosine,4,64,0.7701189428134069,0.19467098393527568,0.3326586353619671,0.36656410420600594,0.6413793103448275,0.6413793103448275,0.46872979402542114,0.03651362657546997,0.04298747026030355,0.10883501982165303,0.042987470260303556,0.10883501982165303,0.04298747026030355,0.10883501982165303,0.042987470260303556,0.10883501982165306,0.042987470260303556,0.10883501982165306,0.04298746426824789,0.10883501823651617,0.012316961995094796,0.08382376913328403,
lewidi_armis,llama,64,GPP-rbf,4,64,0.6761455589816262,0.18963448076929,0.3362456629759279,0.40943356367768313,0.6689655172413793,0.6689655172413793,0.48811519145965576,0.13534493744373322,0.07461187518621941,0.0349988225390619,0.0746118751862194,0.0349988225390619,0.0746118751862194,0.03499882253906189,0.07461187518621942,0.0349988225390619,0.07461187518621942,0.0349988225390619,0.07461187329525733,0.03499882342865306,0.02326537265740128,0.03113454282093407,
lewidi_armis,llama,64,GPP-laplace,4,64,0.685221681441025,0.20060098991065037,0.3671138898052018,0.44683905448759703,0.5793103448275863,0.5793103448275863,0.43317165970802307,0.24547064304351807,-0.1113478332239897,0.10769742527050152,-0.11134783322398968,0.10769742527050156,-0.1113478332239897,0.10769742527050152,-0.1113478332239897,0.10769742527050155,-0.1113478332239897,0.10769742527050155,-0.11134783600318297,0.10769742725147509,-0.10503631479150283,0.11837969028618889,
lewidi_armis,llama,64,LPE,4,64,0.7408257806094739,0.1960796210939401,0.3309729586066357,0.37015886917710156,0.6758620689655173,0.6758620689655173,0.44066429138183594,0.08963312953710556,0.10914852971245294,-0.02299487267930523,0.10914852971245292,-0.02299487267930523,0.10914852971245295,-0.02299487267930523,0.10914852971245294,-0.02299487267930523,0.10914852971245294,-0.02299487267930523,0.10914852837197792,-0.022994873137930173,0.06979611797220385,0.009579859329518174,
lewidi_armis,llama,64,LP-temp,4,64,0.6636007779701953,0.18838055003992285,0.33821615691179124,0.4223063523644199,0.6689655172413793,0.6689655172413793,0.648434330682532,,0.14619274947858638,,0.14619274947858643,,0.14619274947858638,,0.14619274947858643,,0.14619274947858643,,0.1461927498820754,,0.10503631479150283,,
lewidi_armis,llama,64,GPP-cosine,4,256,0.6745665126045378,0.15926797331584716,0.2918325273206282,0.3671656772561941,0.7241379310344828,0.7241379310344828,0.44064539670944214,0.017530838027596474,-0.031519270056679274,0.1044946975917755,-0.031519270056679274,0.10449469759177551,-0.03151927005667925,0.10449469759177549,-0.0315192700566793,0.10449469759177549,-0.0315192700566793,0.10449469759177549,-0.031519271568983986,0.10449470328767149,-0.05576846681112365,0.06945398013900676,
lewidi_armis,llama,64,GPP-rbf,4,256,0.6449417483714108,0.16254020827946652,0.3026748689790738,0.3709481084513828,0.6896551724137931,0.6896551724137931,0.4263060390949249,0.09296740591526031,0.08006487504926824,0.024327254105419766,0.08006487504926824,0.024327254105419787,0.08006487504926824,0.024327254105419784,0.08006487504926824,0.024327254105419763,0.08006487504926824,0.024327254105419763,0.08006487146201871,0.024327252003495094,0.06774329097302137,0.034213783319707765,
lewidi_armis,llama,64,GPP-laplace,4,256,0.6806409637432306,0.19582449108072214,0.35372724224781166,0.4227341064679889,0.5724137931034483,0.5724137931034483,0.417786180973053,0.23416873812675476,-0.10007531168101584,0.00551625938711444,-0.10007531168101585,0.005516259387114454,-0.10007531168101584,0.00551625938711444,-0.10007531168101588,0.005516259387114454,-0.10007531168101588,0.005516259387114454,-0.10007531280498769,0.005516260925203759,-0.12214320645135672,-0.007869170163532786,
lewidi_armis,llama,64,LPE,4,256,0.7155808297472871,0.17064637240151614,0.30462535037588856,0.3495940120129948,0.6758620689655173,0.6758620689655173,0.27970680594444275,0.16883637011051178,0.08217394774355186,0.010314646302473692,0.08217394774355183,0.010314646302473716,0.08217394774355184,0.010314646302473689,0.08217394774355186,0.010314646302473706,0.08217394774355186,0.010314646302473706,0.08217394443778002,0.010314641574611521,0.08245521780049571,0.008553445829926941,
lewidi_armis,llama,64,LP-temp,4,256,0.6471149014343784,0.18587526561030412,0.34646811970952174,0.44846157753877103,0.6827586206896552,0.6827586206896552,0.6798480017899667,,0.07657604329835546,,0.07657604329835548,,0.07657604329835545,,0.07657604329835549,,0.07657604329835549,,0.07657603895028861,,0.059189845143094444,,
lewidi_armis,llama,80,GPP-cosine,0,16,0.7970990049942854,0.2038985733062087,0.3428857130769255,0.34553734468084685,0.5862068965517241,0.5862068965517241,0.3441316485404968,0.13647621870040894,0.14886895546642934,0.1728875315617738,0.14886895546642934,0.17288753156177378,0.14886895546642934,0.17288753156177378,0.14886895546642934,0.1728875315617738,0.14886895546642934,0.1728875315617738,0.1488689554082267,0.17288753186102876,0.15430416277188203,0.19399215142274304,
lewidi_armis,llama,80,GPP-rbf,0,16,0.6924012542119471,0.2023407243976591,0.37093630371422603,0.44110212759620043,0.5724137931034483,0.5724137931034483,0.5020866990089417,0.16980306804180145,0.072537521658776,-0.09757533737264558,0.072537521658776,-0.09757533737264558,0.07253752165877597,-0.09757533737264558,0.07253752165877603,-0.09757533737264557,0.07253752165877603,-0.09757533737264557,0.07253752356349133,-0.09757533635700964,0.07834964090581471,-0.09408790412919636,
lewidi_armis,llama,80,GPP-laplace,0,16,0.6908991837140623,0.20426738190226285,0.3777549865944632,0.45944554283144906,0.5793103448275863,0.5793103448275863,0.4395310878753662,0.2517176568508148,-0.1686162347188933,0.14680371572463058,-0.1686162347188933,0.1468037157246306,-0.1686162347188933,0.1468037157246306,-0.1686162347188933,0.14680371572463063,-0.1686162347188933,0.14680371572463063,-0.16861623607597157,0.14680371849171667,-0.16491043560099142,0.14557979129006182,
lewidi_armis,llama,80,LPE,0,16,0.7250765054011137,0.2053024368127983,0.36492747977889817,0.4038980293872366,0.5793103448275863,0.5793103448275863,0.4778299927711487,0.12630493938922882,0.03960706318199675,0.026011764739304607,0.03960706318199678,0.026011764739304628,0.03960706318199676,0.026011764739304614,0.039607063181996784,0.026011764739304614,0.039607063181996784,0.026011764739304614,0.03960706548840152,0.026011766615644312,0.046188607481605484,0.049267847980379184,
lewidi_armis,llama,80,LP-temp,0,16,0.6925950378643416,0.20516760571812073,0.3791945557906459,0.4613282662752533,0.5724137931034483,0.5724137931034483,0.6931314886047084,,0.01475600991552779,,0.014756009915527796,,0.014756009915527786,,0.014756009915527803,,0.014756009915527803,,0.014756011095871607,,-0.05268922631234995,,
lewidi_armis,llama,80,GPP-cosine,0,64,1.2464458482957619,0.2611426994205774,0.39305190675766677,0.3438472636361335,0.5379310344827586,0.5379310344827586,0.26654481887817383,0.06586474925279617,-0.06760066541987353,-0.04174888535338504,-0.06760066541987357,-0.041748885353385036,-0.06760066541987356,-0.04174888535338505,-0.06760066541987358,-0.04174888535338504,-0.06760066541987358,-0.04174888535338504,-0.06760066746186827,-0.04174888745953598,-0.0612426721422769,-0.043109366982831784,
lewidi_armis,llama,80,GPP-rbf,0,64,0.6640816371936751,0.18342686621208187,0.33735324064719263,0.41104524109527524,0.6413793103448275,0.6413793103448275,0.4682633876800537,0.1354384571313858,-0.007367019573891612,-0.08141073352990406,-0.007367019573891629,-0.08141073352990408,-0.007367019573891605,-0.08141073352990408,-0.0073670195738916155,-0.08141073352990405,-0.0073670195738916155,-0.08141073352990405,-0.0073670218233996936,-0.08141073451368545,0.004447791831562009,-0.07561246113655416,
lewidi_armis,llama,80,GPP-laplace,0,64,0.6828619600892036,0.19955157512225227,0.3653357237577438,0.445040770338327,0.5724137931034483,0.5724137931034483,0.43184882402420044,0.24499517679214478,-0.21972963587181352,0.005431681227175959,-0.2197296358718135,0.005431681227175952,-0.21972963587181352,0.005431681227175963,-0.21972963587181352,0.00543168122717598,-0.21972963587181352,0.00543168122717598,-0.21972963810247476,0.005431683242622862,-0.2323115887408157,0.02189682132461297,
lewidi_armis,llama,80,LPE,0,64,0.7506223031966613,0.1934465158880025,0.33891847689860854,0.37226208413372674,0.593103448275862,0.593103448275862,0.4134819209575653,0.08536094427108765,0.029439977528274493,-0.05837661227370601,0.029439977528274486,-0.058376612273706,0.029439977528274493,-0.058376612273706,0.029439977528274486,-0.05837661227370601,0.029439977528274486,-0.05837661227370601,0.02943997546232442,-0.05837661315515616,0.04242509131643763,-0.07903383946852494,
lewidi_armis,llama,80,LP-temp,0,64,0.6868877540995,0.1873795241177873,0.3396607056240213,0.39861474606870245,0.6068965517241379,0.6068965517241379,0.5823659919043414,,0.01914677727088053,,0.019146777270880523,,0.019146777270880537,,0.019146777270880523,,0.019146777270880523,,0.019146776039248227,,-0.012316961995094796,,
lewidi_armis,llama,80,GPP-cosine,0,256,1.1823833466472948,0.21769947830039024,0.3207728202188499,0.26488057615945904,0.6689655172413793,0.6689655172413793,0.22065763175487518,0.021017571911215782,0.16607903861454196,0.1785086637818336,0.16607903861454199,0.1785086637818336,0.16607903861454193,0.17850866378183355,0.16607903861454199,0.1785086637818336,0.16607903861454199,0.1785086637818336,0.1660790338975536,0.17850866058992443,0.1426714764431814,0.1450664412755609,
lewidi_armis,llama,80,GPP-rbf,0,256,0.6899354453324916,0.17986230123839847,0.3258901435657051,0.3831093642927526,0.6551724137931034,0.6551724137931034,0.4177875518798828,0.09106706827878952,-0.02658191702532218,-0.08246829604895717,-0.026581917025322154,-0.08246829604895718,-0.026581917025322165,-0.08246829604895717,-0.026581917025322168,-0.0824682960489572,-0.026581917025322168,-0.0824682960489572,-0.026581921527804052,-0.0824682988080507,-0.042082953483240544,-0.05850556947670028,
lewidi_armis,llama,80,GPP-laplace,0,256,0.700366893190682,0.20082365041316627,0.3582908424324003,0.41207097826678635,0.5724137931034483,0.5724137931034483,0.4033330976963043,0.2254543900489807,-0.17041405758830466,-0.09094449173370585,-0.1704140575883047,-0.09094449173370582,-0.17041405758830466,-0.09094449173370582,-0.1704140575883047,-0.09094449173370582,-0.1704140575883047,-0.09094449173370582,-0.17041405982709595,-0.09094449178486018,-0.16422615993459727,-0.050978537146364564,
lewidi_armis,llama,80,LPE,0,256,0.7899850635482355,0.19032145858554253,0.32551309042028154,0.3541604829710533,0.6551724137931034,0.6551724137931034,0.2729264497756958,0.15101052820682526,0.01600195563661363,-0.045198826408093085,0.016001955636613642,-0.04519882640809309,0.01600195563661361,-0.045198826408093085,0.01600195563661366,-0.04519882640809309,0.01600195563661366,-0.04519882640809309,0.016001950861795622,-0.045198830535716335,0.009921997162715253,-0.043451504816028864,
lewidi_armis,llama,80,LP-temp,0,256,0.6343484733023443,0.17891974092161228,0.33392617196281293,0.43290888633866337,0.6689655172413793,0.6689655172413793,0.6564452765549401,,-0.00471305436715809,,-0.004713054367158104,,-0.00471305436715809,,-0.004713054367158097,,-0.004713054367158097,,-0.0047130595223774455,,0.015738340327065573,,
lewidi_armis,llama,80,GPP-cosine,1,16,0.8296463272766379,0.1948419171255846,0.3284356769591827,0.335133647624002,0.6413793103448275,0.6413793103448275,0.28863638639450073,0.10648781061172485,0.031607491766988544,0.05765916437326025,0.031607491766988544,0.05765916437326021,0.03160749176698854,0.05765916437326021,0.03160749176698853,0.05765916437326023,0.03160749176698853,0.05765916437326023,0.031607492606274386,0.0576591660919059,0.036950885985284385,0.04960998581357626,
lewidi_armis,llama,80,GPP-rbf,1,16,0.667053875019818,0.19370631078769232,0.35738817299234454,0.44741562609168256,0.6137931034482759,0.6137931034482759,0.5065574049949646,0.1725558340549469,0.0438801393485072,-0.09282341676422481,0.04388013934850717,-0.09282341676422481,0.04388013934850718,-0.0928234167642248,0.04388013934850719,-0.09282341676422484,0.04388013934850719,-0.09282341676422484,0.043880140157410076,-0.09282341583627103,0.040714402150452245,-0.10366776345871452,
lewidi_armis,llama,80,GPP-laplace,1,16,0.6925241829859633,0.20511164675205043,0.37887764912227107,0.4610385186771766,0.5379310344827586,0.5379310344827586,0.4406575858592987,0.2521841526031494,-0.16227246015570249,0.15855999772490162,-0.16227246015570249,0.15855999772490165,-0.16227246015570246,0.1585599977249016,-0.16227246015570249,0.15855999772490165,-0.16227246015570249,0.15855999772490165,-0.16227246218123095,0.15856000005983684,-0.16319974643500604,0.1560148519378674,
lewidi_armis,llama,80,LPE,1,16,0.6593230700852826,0.1884936809971743,0.34750460638054487,0.43363431958629733,0.6344827586206897,0.6344827586206897,0.5192481875419617,0.13697049021720886,-0.06918345738096687,-0.05994933896488916,-0.0691834573809669,-0.05994933896488915,-0.06918345738096689,-0.05994933896488916,-0.06918345738096689,-0.05994933896488917,-0.06918345738096689,-0.05994933896488917,-0.06918345561881771,-0.059949342540630675,-0.06705901530662722,-0.0383194373180727,
lewidi_armis,llama,80,LP-temp,1,16,0.6634593945079432,0.18961454680993725,0.34921711448180154,0.4319330119012449,0.6206896551724138,0.6206896551724138,0.6522977721771921,,-0.09053934474060096,,-0.09053934474060095,,-0.09053934474060095,,-0.09053934474060099,,-0.09053934474060099,,-0.09053934298414748,,-0.07629673680294831,,
lewidi_armis,llama,80,GPP-cosine,1,64,0.9518953545504379,0.20473213097740894,0.32375328008006204,0.31818613525603345,0.6551724137931034,0.6551724137931034,0.2698426842689514,0.06648346781730652,0.03200349306440897,0.049524651818923376,0.032003493064408986,0.0495246518189234,0.03200349306440897,0.04952465181892339,0.032003493064408986,0.04952465181892338,0.032003493064408986,0.04952465181892338,0.03200349653993241,0.04952465509154307,0.036266610318890224,0.0612426721422769,
lewidi_armis,llama,80,GPP-rbf,1,64,0.6998297673795493,0.19233833380276652,0.3431028518183478,0.4004688059462945,0.6137931034482759,0.6137931034482759,0.44543781876564026,0.12473013252019882,-0.042581357322875324,-0.1108715531992781,-0.042581357322875366,-0.1108715531992781,-0.04258135732287535,-0.1108715531992781,-0.04258135732287535,-0.1108715531992781,-0.04258135732287535,-0.1108715531992781,-0.042581357948324114,-0.11087155305648767,-0.028397440155357445,-0.07355963413737168,
lewidi_armis,llama,80,GPP-laplace,1,64,0.6893072843825099,0.2004756734401026,0.3622805408362685,0.4319653784045001,0.5724137931034483,0.5724137931034483,0.42323118448257446,0.23997534811496735,-0.21843338749475555,-0.047873493171695806,-0.21843338749475555,-0.04787349317169581,-0.2184333874947555,-0.0478734931716958,-0.21843338749475558,-0.04787349317169581,-0.21843338749475558,-0.04787349317169581,-0.21843338748889432,-0.04787349028270829,-0.19159718659036348,-0.017106891659853882,
lewidi_armis,llama,80,LPE,1,64,0.8197616192827523,0.20697959538545319,0.34538146726273256,0.36237390883372567,0.6551724137931034,0.6551724137931034,0.37330111861228943,0.07966697961091995,-0.012369437049866847,0.02262220818456788,-0.01236943704986685,0.022622208184567907,-0.012369437049866861,0.022622208184567907,-0.012369437049866854,0.022622208184567907,-0.012369437049866854,0.022622208184567907,-0.012369438146005848,0.022622207164603017,-0.018817580825839272,0.0065006188307444755,
lewidi_armis,llama,80,LP-temp,1,64,0.6709195698989298,0.19599212192264662,0.36365461112384295,0.4554948629657906,0.6482758620689655,0.6482758620689655,0.6872980852952457,,0.048555612103620346,,0.048555612103620326,,0.04855561210362032,,0.048555612103620326,,0.048555612103620326,,0.04855561207190924,,0.017106891659853882,,
lewidi_armis,llama,80,GPP-cosine,1,256,1.2671485632114974,0.23399732244149274,0.34054441954656417,0.2595155613027764,0.6068965517241379,0.6068965517241379,0.23153112828731537,0.022279761731624603,0.19648735595780456,0.1647747852539856,0.19648735595780453,0.1647747852539856,0.19648735595780453,0.16477478525398556,0.19648735595780453,0.1647747852539856,0.19648735595780453,0.1647747852539856,0.19648735464159978,0.1647747843922021,0.22375814291088877,0.21623111058055305,
lewidi_armis,llama,80,GPP-rbf,1,256,0.6886979666984442,0.1834961000407809,0.32540794140819845,0.37507263790714246,0.6620689655172414,0.6620689655172414,0.4518648386001587,0.09856770932674408,0.15628595944219878,0.003875174489116208,0.1562859594421988,0.003875174489116201,0.15628595944219878,0.003875174489116208,0.15628595944219886,0.003875174489116222,0.15628595944219886,0.003875174489116222,0.15628595752637134,0.0038751740153589315,0.16730540043337097,0.0013685513327883105,
lewidi_armis,llama,80,GPP-laplace,1,256,0.6737679439080538,0.19588692894464158,0.35996451778658506,0.4443197662399347,0.5862068965517241,0.5862068965517241,0.43339037895202637,0.24267467856407166,-0.12476882536062962,0.007830484703834864,-0.12476882536062961,0.007830484703834864,-0.1247688253606296,0.007830484703834871,-0.12476882536062962,0.007830484703834878,-0.12476882536062962,0.007830484703834878,-0.12476882790909329,0.007830486022602966,-0.1604626437694294,0.026344613156174975,
lewidi_armis,llama,80,LPE,1,256,0.8136966636840098,0.20369181583793403,0.33459451798558365,0.32917854199642427,0.6758620689655173,0.6758620689655173,0.2738214433193207,0.17929613590240479,0.1886270506780898,0.13181775100991663,0.18862705067808982,0.13181775100991663,0.18862705067808982,0.1318177510099166,0.18862705067808982,0.1318177510099167,0.18862705067808982,0.1318177510099167,0.18862704951163825,0.13181774965228776,0.20083490808668455,0.1348023062796486,
lewidi_armis,llama,80,LP-temp,1,256,0.6685718803406142,0.19263523845013697,0.3521049945619553,0.43672635032503115,0.593103448275862,0.593103448275862,0.6668650338680597,,0.15360754134511806,,0.15360754134511806,,0.15360754134511806,,0.1536075413451181,,0.1536075413451181,,0.15360754075939795,,0.14335575210957555,,
lewidi_armis,llama,80,GPP-cosine,2,16,1.1477210914425962,0.29015186830664064,0.4411046024913707,0.35915623618867837,0.4827586206896552,0.4827586206896552,0.3094747066497803,0.12211708724498749,-0.03802680987230503,-0.0015517116114095592,-0.03802680987230504,-0.0015517116114095314,-0.03802680987230502,-0.0015517116114095453,-0.038026809872305035,-0.0015517116114095314,-0.038026809872305035,-0.0015517116114095314,-0.03802681218439157,-0.0015517137153560484,-0.08519232046607234,-0.00581634316435032,
lewidi_armis,llama,80,GPP-rbf,2,16,0.7559721866635597,0.2137078444384478,0.37249594156084387,0.3956036481063,0.5724137931034483,0.5724137931034483,0.41964617371559143,0.15388643741607666,-0.07774598891229957,-0.10460181579150407,-0.0777459889122996,-0.10460181579150409,-0.07774598891229954,-0.10460181579150409,-0.07774598891229957,-0.1046018157915041,-0.07774598891229957,-0.1046018157915041,-0.07774599020164817,-0.10460181536240704,-0.0810866664677074,-0.10332562562551746,
lewidi_armis,llama,80,GPP-laplace,2,16,0.6891032055656015,0.20294216855035113,0.3739164298978345,0.45390346388774794,0.5724137931034483,0.5724137931034483,0.4358159303665161,0.2498907893896103,-0.20843172638091662,0.0976379317672624,-0.20843172638091662,0.09763793176726238,-0.20843172638091656,0.0976379317672624,-0.20843172638091662,0.09763793176726239,-0.20843172638091662,0.09763793176726239,-0.20843172691902995,0.09763793545542147,-0.20733552691742904,0.10948410662306486,
lewidi_armis,llama,80,LPE,2,16,0.8776757233044253,0.2345708148677603,0.38592019046431986,0.360663533932124,0.5724137931034483,0.5724137931034483,0.3754301369190216,0.08552305400371552,-0.010077402378773553,-0.09799177914067253,-0.01007740237877354,-0.09799177914067252,-0.010077402378773553,-0.0979917791406725,-0.01007740237877354,-0.09799177914067253,-0.01007740237877354,-0.09799177914067253,-0.01007740404617935,-0.09799178009215806,-0.01471192682747434,-0.10024638512674375,
lewidi_armis,llama,80,LP-temp,2,16,0.7057983256623797,0.20269415329614104,0.361206690845732,0.4155307585986279,0.5724137931034483,0.5724137931034483,0.6323163501139331,,-0.011455684104256764,,-0.011455684104256764,,-0.011455684104256791,,-0.011455684104256778,,-0.011455684104256778,,-0.011455686231957946,,-0.036266610318890224,,
lewidi_armis,llama,80,GPP-cosine,2,64,1.2661747552272926,0.24886962792348938,0.3672060441735586,0.30502021851174344,0.6413793103448275,0.6413793103448275,0.25618281960487366,0.06074192374944687,0.06851748233318647,0.07680580447813092,0.06851748233318647,0.07680580447813093,0.06851748233318647,0.07680580447813092,0.06851748233318647,0.07680580447813093,0.06851748233318647,0.07680580447813093,0.06851747888260207,0.07680580077036639,0.06329549914145936,0.07561246113655416,
lewidi_armis,llama,80,GPP-rbf,2,64,0.781134523197091,0.2137570375703019,0.3693462598555047,0.3778123934893753,0.593103448275862,0.593103448275862,0.4085036814212799,0.10878705233335495,-0.01479773272034459,-0.08802002288254326,-0.01479773272034457,-0.08802002288254326,-0.014797732720344584,-0.08802002288254324,-0.014797732720344577,-0.08802002288254328,-0.014797732720344577,-0.08802002288254328,-0.014797736977457697,-0.08802002573930598,-0.042767229149634704,-0.07561246113655416,
lewidi_armis,llama,80,GPP-laplace,2,64,0.7078342419131662,0.204043448109407,0.36081181929029266,0.41146545033091114,0.5724137931034483,0.5724137931034483,0.40500786900520325,0.22890488803386688,-0.16091724135619362,-0.06064375150154281,-0.1609172413561936,-0.06064375150154282,-0.16091724135619356,-0.060643751501542824,-0.16091724135619365,-0.06064375150154282,-0.16091724135619365,-0.06064375150154282,-0.1609172425022909,-0.06064375064024668,-0.15533057627147326,-0.052004950645955804,
lewidi_armis,llama,80,LPE,2,64,0.9032598723518029,0.23150139379843235,0.3778585984869378,0.35652334028746563,0.593103448275862,0.593103448275862,0.3660811483860016,0.06596076488494873,-0.004747984955919028,-0.09336393668069086,-0.004747984955919028,-0.09336393668069089,-0.004747984955919028,-0.09336393668069086,-0.004747984955919021,-0.09336393668069087,-0.004747984955919021,-0.09336393668069087,-0.004747990122620893,-0.09336393898898768,-0.021554683491415892,-0.05679488031071489,
lewidi_armis,llama,80,LP-temp,2,64,0.6739662957454731,0.19353748733672044,0.3509218167166218,0.42841008363123667,0.5448275862068965,0.5448275862068965,0.6519867661951518,,0.024163945262678448,,0.024163945262678455,,0.024163945262678448,,0.024163945262678455,,0.024163945262678455,,0.024163939666079232,,-0.018817580825839272,,
lewidi_armis,llama,80,GPP-cosine,2,256,1.0349941223171095,0.1867572854876188,0.2939941672567737,0.3122596127494193,0.7241379310344828,0.7241379310344828,0.2422572374343872,0.022022007033228874,-0.030752097467187836,-0.017697166657224574,-0.030752097467187833,-0.01769716665722457,-0.030752097467187822,-0.01769716665722457,-0.030752097467187812,-0.017697166657224567,-0.030752097467187812,-0.017697166657224567,-0.030752099646386873,-0.01769716727917743,0.0065006188307444755,0.025318199656583745,
lewidi_armis,llama,80,GPP-rbf,2,256,0.6199513089702805,0.16288607938432081,0.29976514328014237,0.39070812395313914,0.7034482758620689,0.7034482758620689,0.4608520567417145,0.09794283658266068,0.03412823873737886,-0.06407240578412818,0.03412823873737884,-0.06407240578412815,0.034128238737378844,-0.06407240578412818,0.03412823873737883,-0.06407240578412818,0.03412823873737883,-0.06407240578412818,0.034128233721741855,-0.06407240832248338,0.006158480997547398,-0.07869170163532785,
lewidi_armis,llama,80,GPP-laplace,2,256,0.6749190383461976,0.1949413645919903,0.3525909425883458,0.4318258300729641,0.5724137931034483,0.5724137931034483,0.4250246286392212,0.23747090995311737,-0.17788841064872077,-0.05668174779058789,-0.1778884106487208,-0.056681747790587864,-0.17788841064872077,-0.05668174779058787,-0.1778884106487208,-0.056681747790587864,-0.1778884106487208,-0.056681747790587864,-0.17788841553466134,-0.05668174907937616,-0.21452042141456767,-0.03352950765331361,
lewidi_armis,llama,80,LPE,2,256,0.6915241040353901,0.1750600745634708,0.3105809054498015,0.37737743677401825,0.7103448275862069,0.7103448275862069,0.30603447556495667,0.18767833709716797,0.020743981074258348,-0.05491235062017905,0.020743981074258344,-0.05491235062017905,0.02074398107425834,-0.054912350620179046,0.020743981074258355,-0.05491235062017905,0.020743981074258355,-0.05491235062017905,0.020743978075515705,-0.05491235396656144,0.016764753826656806,-0.07116466930499214,
lewidi_armis,llama,80,LP-temp,2,256,0.6477483143690601,0.18550524343237648,0.34032699668745775,0.4427957218948603,0.6689655172413793,0.6689655172413793,0.6721149255322026,,0.014116935652694215,,0.014116935652694208,,0.014116935652694201,,0.014116935652694215,,0.014116935652694215,,0.014116934291931685,,0.017791167326248036,,
lewidi_armis,llama,80,GPP-cosine,3,16,1.0389380162144473,0.2544142170344247,0.398094170500428,0.35195082358592533,0.5724137931034483,0.5724137931034483,0.32480520009994507,0.1274317055940628,0.035153275178427625,0.027632990015763137,0.03515327517842763,0.02763299001576315,0.03515327517842762,0.027632990015763144,0.03515327517842763,0.027632990015763158,0.03515327517842763,0.027632990015763158,0.035153273743615786,0.027632989089157706,0.01471192682747434,0.026344613156174975,
lewidi_armis,llama,80,GPP-rbf,3,16,0.7136227834002564,0.20756295978106495,0.3734297887518488,0.42425591779224336,0.5448275862068965,0.5448275862068965,0.4728642404079437,0.16906553506851196,-0.1207829726124528,-0.141643893194763,-0.1207829726124528,-0.14164389319476295,-0.12078297261245277,-0.14164389319476298,-0.1207829726124528,-0.141643893194763,-0.1207829726124528,-0.141643893194763,-0.12078297385168614,-0.14164389295226498,-0.09990424729354667,-0.14301361427637846,
lewidi_armis,llama,80,GPP-laplace,3,16,0.6918249985593489,0.20477090115591695,0.3786616376761732,0.46056028698907675,0.5724137931034483,0.5724137931034483,0.4400824010372162,0.2522810697555542,-0.17086196565263234,0.15534743306815946,-0.17086196565263234,0.15534743306815946,-0.17086196565263234,0.15534743306815946,-0.17086196565263237,0.15534743306815946,-0.17086196565263237,0.15534743306815946,-0.17086196764308495,0.15534743559552036,-0.17380601926411546,0.1563569897710645,
lewidi_armis,llama,80,LPE,3,16,0.7537785330311296,0.21692545697874357,0.38571111796231106,0.4116314398960525,0.5310344827586206,0.5310344827586206,0.47968170046806335,0.12343660742044449,-0.1009312577228868,-0.10997902601835216,-0.10093125772288683,-0.1099790260183522,-0.10093125772288682,-0.10997902601835219,-0.1009312577228868,-0.10997902601835217,-0.1009312577228868,-0.10997902601835217,-0.10093126112013956,-0.10997902720792072,-0.13753940894522523,-0.1159847254538093,
lewidi_armis,llama,80,LP-temp,3,16,0.8634151209794327,0.24030362847519093,0.4061318309638319,0.3885300499781653,0.47586206896551725,0.47586206896551725,0.5257655478489345,,-0.05859652549391851,,-0.058596525493918514,,-0.058596525493918514,,-0.058596525493918514,,-0.058596525493918514,,-0.05859652903382915,,-0.08313949346688987,,
lewidi_armis,llama,80,GPP-cosine,3,64,1.095671690810067,0.23086309863316462,0.35141057885917565,0.3046968516981309,0.6137931034482759,0.6137931034482759,0.2679605484008789,0.064364954829216,0.10054012049739017,0.12374882395654188,0.10054012049739017,0.12374882395654187,0.10054012049739017,0.12374882395654185,0.10054012049739017,0.12374882395654185,0.10054012049739017,0.12374882395654185,0.10054011741348287,0.12374882275035384,0.11427403628782391,0.13240734144726907,
lewidi_armis,llama,80,GPP-rbf,3,64,0.7158625078512294,0.2010682285961692,0.3615489839351383,0.41076250495934186,0.5724137931034483,0.5724137931034483,0.46567046642303467,0.13263623416423798,-0.04185053173821529,-0.11562668167009851,-0.04185053173821529,-0.11562668167009853,-0.041850531738215305,-0.11562668167009851,-0.04185053173821533,-0.11562668167009853,-0.04185053173821533,-0.11562668167009853,-0.04185053469947856,-0.11562668320757134,-0.02976599148814575,-0.12624886044972167,
lewidi_armis,llama,80,GPP-laplace,3,64,0.6937007851162323,0.20223304463189862,0.36496537492193026,0.43293734153983027,0.5724137931034483,0.5724137931034483,0.4238864481449127,0.24022553861141205,-0.19181051322045456,-0.026278436808108423,-0.19181051322045453,-0.02627843680810841,-0.1918105132204545,-0.02627843680810843,-0.19181051322045453,-0.026278436808108437,-0.19181051322045453,-0.026278436808108437,-0.19181051409235075,-0.026278434502349346,-0.171753192264933,-0.0023949648323795436,
lewidi_armis,llama,80,LPE,3,64,0.7965787845228743,0.2122349568677754,0.3662277719102286,0.3921551913213358,0.5724137931034483,0.5724137931034483,0.4213416576385498,0.10381487011909485,-0.038278493228162055,-0.0712261422792423,-0.038278493228162055,-0.0712261422792423,-0.03827849322816206,-0.0712261422792423,-0.038278493228162055,-0.07122614227924227,-0.038278493228162055,-0.07122614227924227,-0.038278497001732546,-0.07122614477627826,-0.03045026715453991,-0.09853569596075837,
lewidi_armis,llama,80,LP-temp,3,64,0.6763506640954182,0.19699181856525197,0.36161262318488396,0.44618842207993165,0.6,0.6,0.6777874611910442,,0.030653721331870443,,0.030653721331870463,,0.030653721331870436,,0.03065372133187045,,0.03065372133187045,,0.030653718663036282,,0.02771316448896329,,
lewidi_armis,llama,80,GPP-cosine,3,256,1.0397692647335373,0.20129668638941303,0.30503550732725576,0.3002879416894714,0.7172413793103448,0.7172413793103448,0.2261139452457428,0.022712349891662598,0.006453149944316686,0.04537171058931646,0.0064531499443166995,0.045371710589316445,0.0064531499443166995,0.04537171058931646,0.006453149944316665,0.04537171058931643,0.006453149944316665,0.04537171058931643,0.006453152566151893,0.04537171520270351,0.03797729948487562,0.07013825580540091,
lewidi_armis,llama,80,GPP-rbf,3,256,0.6697594457889989,0.17465625008570404,0.31419241576744567,0.3821707820324153,0.6689655172413793,0.6689655172413793,0.4301551878452301,0.09334439784288406,0.021249617068017344,-0.05957195463812717,0.021249617068017354,-0.059571954638127186,0.02124961706801736,-0.059571954638127166,0.021249617068017358,-0.0595719546381272,0.021249617068017358,-0.0595719546381272,0.021249610617178217,-0.05957195917427141,-0.008211307996729863,-0.05166281281275873,
lewidi_armis,llama,80,GPP-laplace,3,256,0.6884683497176719,0.198142628795519,0.35408137733566347,0.41919651821496196,0.5724137931034483,0.5724137931034483,0.4134480357170105,0.23112916946411133,-0.14793164422381588,-0.061786272122351826,-0.14793164422381594,-0.06178627212235183,-0.14793164422381586,-0.06178627212235184,-0.1479316442238159,-0.06178627212235183,-0.1479316442238159,-0.06178627212235183,-0.14793164917161097,-0.061786274205934674,-0.1594362302698382,-0.05474205331153243,
lewidi_armis,llama,80,LPE,3,256,0.7429019068384033,0.18213512928238482,0.31047698678047364,0.35374045846900326,0.7103448275862069,0.7103448275862069,0.29538899660110474,0.14790396392345428,0.04381190845165825,-0.02639730929906516,0.043811908451658235,-0.02639730929906517,0.04381190845165825,-0.026397309299065155,0.04381190845165825,-0.026397309299065183,0.04381190845165825,-0.026397309299065183,0.04381190478832756,-0.02639731318067413,0.04550433181521133,-0.017449029493050962,
lewidi_armis,llama,80,LP-temp,3,256,0.636136106566147,0.17612842246835764,0.31954385850272177,0.4119948468151759,0.6689655172413793,0.6689655172413793,0.6179020052458395,,0.027519133520010064,,0.02751913352001008,,0.02751913352001007,,0.027519133520010095,,0.027519133520010095,,0.027519131340703783,,0.0023949648323795436,,
lewidi_armis,llama,80,GPP-cosine,4,16,0.9110980360887918,0.2526388904692164,0.40970740692513385,0.40567222798296526,0.5241379310344828,0.5241379310344828,0.37223803997039795,0.15114212036132812,-0.1504427358849993,-0.10829150589868648,-0.15044273588499926,-0.10829150589868647,-0.15044273588499926,-0.10829150589868645,-0.1504427358849993,-0.10829150589868647,-0.1504427358849993,-0.10829150589868647,-0.15044273951608755,-0.10829150867299273,-0.17380601926411546,-0.0797181151349191,
lewidi_armis,llama,80,GPP-rbf,4,16,0.706644430124172,0.204555328445699,0.36403732361464664,0.41903869565637597,0.5586206896551724,0.5586206896551724,0.47855445742607117,0.16546165943145752,0.11462861330714781,-0.05415463429160582,0.1146286133071478,-0.05415463429160586,0.1146286133071478,-0.05415463429160582,0.11462861330714781,-0.054154634291605844,0.11462861330714781,-0.054154634291605844,0.11462861298757969,-0.05415463395540036,0.12214320645135672,-0.034213783319707765,
lewidi_armis,llama,80,GPP-laplace,4,16,0.6910153135992613,0.2043142386003232,0.3773775084265347,0.4593460256974842,0.5724137931034483,0.5724137931034483,0.4394185543060303,0.25173065066337585,-0.16428786762063247,0.15323083937687965,-0.16428786762063244,0.15323083937687965,-0.16428786762063244,0.15323083937687962,-0.16428786762063247,0.15323083937687965,-0.16428786762063247,0.15323083937687965,-0.16428786938369352,0.15323084197951695,-0.1652525734341885,0.1532777492722908,
lewidi_armis,llama,80,LPE,4,16,0.7637547954548003,0.21612878099039465,0.37321143494597797,0.38728601089157216,0.5517241379310345,0.5517241379310345,0.47555699944496155,0.10418880730867386,0.10512499621330379,0.0366750812011089,0.10512499621330379,0.03667508120110888,0.10512499621330379,0.03667508120110888,0.10512499621330378,0.036675081201108885,0.10512499621330378,0.036675081201108885,0.10512499670294892,0.03667507984145938,0.11530044978741516,0.027371026655766215,
lewidi_armis,llama,80,LP-temp,4,16,0.6922688951301591,0.2050400827888223,0.3789000309738186,0.4613099467162854,0.5379310344827586,0.5379310344827586,0.6931131690457404,,0.11078266750193273,,0.11078266750193272,,0.11078266750193272,,0.11078266750193272,,0.11078266750193272,,0.11078266720224655,,0.14198720077678723,,
lewidi_armis,llama,80,GPP-cosine,4,64,1.0446899816398385,0.2185977912833476,0.34547640090290926,0.3028769396508282,0.6,0.6,0.29276296496391296,0.07174259424209595,0.14621954650696367,0.16292654772844256,0.14621954650696367,0.16292654772844256,0.14621954650696364,0.16292654772844256,0.1462195465069637,0.1629265477284426,0.1462195465069637,0.1629265477284426,0.14621954443368804,0.1629265472194735,0.14711926827474336,0.16730540043337097,
lewidi_armis,llama,80,GPP-rbf,4,64,0.7251063148199423,0.20556432663320925,0.36020711221057794,0.41050511078513113,0.5724137931034483,0.5724137931034483,0.4797540009021759,0.1295100748538971,0.023130529566023742,-0.07896854487020069,0.023130529566023742,-0.07896854487020072,0.02313052956602375,-0.07896854487020069,0.023130529566023742,-0.07896854487020072,0.023130529566023742,-0.07896854487020072,0.02313052879048858,-0.07896854499076075,0.0006842756663941553,-0.08656087179886064,
lewidi_armis,llama,80,GPP-laplace,4,64,0.6881581538504858,0.2016719500147656,0.36821270533676803,0.4459941152477505,0.5793103448275863,0.5793103448275863,0.43280935287475586,0.24498799443244934,-0.15663868606159434,0.05083328909660908,-0.15663868606159434,0.05083328909660905,-0.15663868606159434,0.050833289096609044,-0.15663868606159434,0.05083328909660907,-0.15663868606159434,0.05083328909660907,-0.15663868864116984,0.05083329078433388,-0.16319974643500604,0.06295336130826229,
lewidi_armis,llama,80,LPE,4,64,0.836841346258547,0.22417143755996738,0.37237979167879653,0.38286729641003586,0.5793103448275863,0.5793103448275863,0.43395042419433594,0.08166517317295074,-0.00964542515765534,-0.04259037991042558,-0.009645425157655346,-0.04259037991042556,-0.009645425157655315,-0.04259037991042555,-0.00964542515765536,-0.04259037991042558,-0.00964542515765536,-0.04259037991042558,-0.009645427651041052,-0.04259038193518609,-0.03318736982011653,-0.03318736982011653,
lewidi_armis,llama,80,LP-temp,4,64,0.6968999828103232,0.2017504684435,0.3600271112304526,0.42868114769019194,0.6068965517241379,0.6068965517241379,0.6522357666540842,,0.02171193194712124,,0.02171193194712122,,0.02171193194712122,,0.02171193194712124,,0.02171193194712124,,0.021711930192187312,,-0.049267847980379184,,
lewidi_armis,llama,80,GPP-cosine,4,256,0.9959483014776149,0.1818256339512302,0.28991431048181043,0.29133352113314415,0.7103448275862069,0.7103448275862069,0.2540692090988159,0.02348148822784424,0.08843779019184858,0.07688666499912397,0.08843779019184861,0.07688666499912397,0.08843779019184862,0.076886664999124,0.08843779019184861,0.07688666499912397,0.08843779019184861,0.07688666499912397,0.08843778948550504,0.07688666551389786,0.10640486612429115,0.11427403628782391,
lewidi_armis,llama,80,GPP-rbf,4,256,0.6486296415683206,0.16849027886630558,0.3093420958852974,0.38083785470661313,0.6896551724137931,0.6896551724137931,0.44171616435050964,0.0963742583990097,0.05825694359315735,-0.03106503639033355,0.058256943593157334,-0.031065036390333537,0.05825694359315732,-0.03106503639033355,0.05825694359315735,-0.03106503639033356,0.05825694359315735,-0.03106503639033356,0.05825693982944119,-0.03106503871608704,0.0626112234750652,-0.007869170163532786,
lewidi_armis,llama,80,GPP-laplace,4,256,0.6863211398203006,0.19817207484648874,0.35661380393751735,0.424172198375519,0.5724137931034483,0.5724137931034483,0.4187765121459961,0.23448528349399567,-0.155863881486732,-0.052445799466382906,-0.15586388148673197,-0.052445799466382906,-0.15586388148673197,-0.05244579946638289,-0.155863881486732,-0.0524457994663829,-0.155863881486732,-0.0524457994663829,-0.1558638814117434,-0.05244579726237583,-0.18612298125921023,-0.06090053430907982,
lewidi_armis,llama,80,LPE,4,256,0.705648391016051,0.17502901073325122,0.3098387755309071,0.3640155683038638,0.6689655172413793,0.6689655172413793,0.3015947639942169,0.1793065369129181,0.05930734162562176,-0.003988645838345073,0.059307341625621776,-0.003988645838345038,0.05930734162562177,-0.00398864583834508,0.059307341625621776,-0.003988645838345059,0.059307341625621776,-0.003988645838345059,0.0593073374472171,-0.0039886475689854956,0.05303136414554704,0.007869170163532786,
lewidi_armis,llama,80,LP-temp,4,256,0.6468276934821873,0.1844313398570422,0.3401429507269729,0.4380962989615827,0.6827586206896552,0.6827586206896552,0.6671286564106863,,0.08900852094342397,,0.08900852094342394,,0.08900852094342394,,0.08900852094342396,,0.08900852094342396,,0.08900851787557913,,0.09306149062960511,,
