dataset,model,layer,method,seed,n_obs,soft_ce,jsd,tvd,entce,rankcs,acc,mean_alea,mean_mi,corrAlea_entropy,corrMI_entropy,corrAlea_norm_entropy,corrMI_norm_entropy,corrAlea_one_minus_max,corrMI_one_minus_max,corrAlea_gini,corrMI_gini,corrAlea_top2_margin,corrMI_top2_margin,corrAlea_bern_var,corrMI_bern_var,corrAleaS_entropy,corrMIS_entropy,mono_alea
lewidi_armis,gemma,0,GPP-cosine,0,16,0.7980648791128978,0.22705609464040022,0.3849365707101493,0.39799339763982516,0.5310344827586206,0.5310344827586206,0.3785034120082855,0.19220899045467377,-0.028225830201826292,0.0012561798261326307,-0.028225830201826292,0.0012561798261326307,-0.02822583020182628,0.0012561798261326237,-0.0282258302018263,0.0012561798261326446,-0.0282258302018263,0.0012561798261326446,-0.028225833175944355,0.0012561772938501845,-0.08177094213410155,-0.0013685513327883105,
lewidi_armis,gemma,0,GPP-rbf,0,16,0.7291282176535403,0.2100964287588321,0.37233309283338745,0.4140152330336613,0.5517241379310345,0.5517241379310345,0.4657585322856903,0.1563827246427536,-0.0323423284065847,-0.09496294573325761,-0.0323423284065847,-0.09496294573325759,-0.0323423284065847,-0.0949629457332576,-0.032342328406584686,-0.0949629457332576,-0.032342328406584686,-0.0949629457332576,-0.032342326022999454,-0.09496294608218987,-0.046188607481605484,-0.08964011229763434,
lewidi_armis,gemma,0,GPP-laplace,0,16,0.6899435024113058,0.2027197018084275,0.37136260096369117,0.44887679442478423,0.5724137931034483,0.5724137931034483,0.4332388639450073,0.2474411576986313,-0.18602785900649277,0.033919521363114935,-0.1860278590064928,0.03391952136311493,-0.18602785900649277,0.03391952136311492,-0.18602785900649282,0.03391952136311492,-0.18602785900649282,0.03391952136311492,-0.186027859408936,0.03391952398441657,-0.17791167326248036,0.05884770730989736,
lewidi_armis,gemma,0,LPE,0,16,0.8573092631443198,0.2346472905390882,0.39074277597768553,0.37981356977691766,0.5724137931034483,0.5724137931034483,0.41555359959602356,0.09535219520330429,-0.04908602651073713,-0.05695671540461652,-0.049086026510737124,-0.056956715404616505,-0.04908602651073713,-0.05695671540461654,-0.04908602651073712,-0.05695671540461652,-0.04908602651073712,-0.05695671540461652,-0.04908602365190841,-0.05695671329297569,-0.06534832614064183,-0.09682500679477297,
lewidi_armis,gemma,0,LP-temp,0,16,0.6906649553817379,0.204200937852532,0.37785472833404476,0.45970009816577095,0.5379310344827586,0.5379310344827586,0.691503320495226,,-0.03048477020148463,,-0.030484770201484636,,-0.03048477020148463,,-0.03048477020148463,,-0.03048477020148463,,-0.030484767954925975,,-0.0537156398119412,,
lewidi_armis,gemma,0,GPP-cosine,0,64,0.8794173667683036,0.22958819991867746,0.38396655263074125,0.3802407741316447,0.5655172413793104,0.5655172413793104,0.330815851688385,0.1360248625278473,-0.07300035818887184,-0.06323274513154918,-0.07300035818887181,-0.06323274513154918,-0.07300035818887181,-0.06323274513154915,-0.07300035818887182,-0.06323274513154918,-0.07300035818887182,-0.06323274513154918,-0.07300036326800664,-0.06323274995360223,-0.06500618830744476,-0.07424390980376586,
lewidi_armis,gemma,0,GPP-rbf,0,64,0.6951512067007396,0.19710001681135986,0.3631323644313319,0.42599585654561434,0.593103448275862,0.593103448275862,0.472480446100235,0.134711354970932,-0.20780650831919975,-0.16438135093380776,-0.20780650831919975,-0.16438135093380773,-0.20780650831919972,-0.16438135093380773,-0.20780650831919978,-0.16438135093380776,-0.20780650831919978,-0.16438135093380776,-0.20780651071210715,-0.16438135278183438,-0.19022863525757516,-0.16970036526575052,
lewidi_armis,gemma,0,GPP-laplace,0,64,0.6843770244831582,0.19972688663394625,0.36441015046218345,0.440971002788718,0.5724137931034483,0.5724137931034483,0.4301256835460663,0.2425185590982437,-0.23655766539405756,-0.06223523414147207,-0.2365576653940576,-0.06223523414147208,-0.23655766539405754,-0.062235234141472084,-0.2365576653940576,-0.06223523414147208,-0.2365576653940576,-0.06223523414147208,-0.2365576660989307,-0.06223523271500677,-0.22889021040884494,-0.026686750989372055,
lewidi_armis,gemma,0,LPE,0,64,0.7957012934050943,0.21271971413739835,0.3701236759826284,0.39944547851691115,0.593103448275862,0.593103448275862,0.4052101969718933,0.09733656793832779,-0.13870148111743114,-0.1437904149519239,-0.1387014811174311,-0.1437904149519239,-0.1387014811174311,-0.14379041495192388,-0.1387014811174311,-0.1437904149519239,-0.1387014811174311,-0.1437904149519239,-0.13870148239812066,-0.14379041611122606,-0.15122492227310833,-0.17893808676207162,
lewidi_armis,gemma,0,LP-temp,0,64,0.6842518501626811,0.19556025587061754,0.358377710883073,0.42282438974425635,0.593103448275862,0.593103448275862,0.6358331310425728,,-0.07841930767945546,,-0.07841930767945546,,-0.07841930767945546,,-0.07841930767945546,,-0.07841930767945546,,-0.07841930905773867,,-0.16012050593623237,,
lewidi_armis,gemma,0,GPP-cosine,0,256,1.0664013745203602,0.22475423450798968,0.3455537146468926,0.3143308146717345,0.6275862068965518,0.6275862068965518,0.28227367997169495,0.05116229131817818,0.053923325437049655,0.07986919266371258,0.053923325437049655,0.0798691926637126,0.05392332543704964,0.07986919266371256,0.053923325437049655,0.07986919266371259,0.053923325437049655,0.07986919266371259,0.05392332348584648,0.0798691914239342,0.05611060464432074,0.0780074259689337,
lewidi_armis,gemma,0,GPP-rbf,0,256,0.7259216677064221,0.1924039004150209,0.3395974659071914,0.3845500367433361,0.6413793103448275,0.6413793103448275,0.4221589267253876,0.09367136657238007,-0.017178151000308957,-0.08119796593010452,-0.017178151000308946,-0.08119796593010449,-0.017178151000308957,-0.08119796593010448,-0.01717815100030895,-0.08119796593010452,-0.01717815100030895,-0.08119796593010452,-0.017178153956371765,-0.08119796844269782,0.0017106891659853885,-0.06774329097302137,
lewidi_armis,gemma,0,GPP-laplace,0,256,0.7114787714668643,0.20373626300752187,0.3638944191665485,0.41565835538846085,0.5724137931034483,0.5724137931034483,0.3983897864818573,0.22125102579593658,-0.15801223834121264,-0.09874555977982123,-0.15801223834121264,-0.09874555977982125,-0.1580122383412126,-0.09874555977982123,-0.15801223834121267,-0.09874555977982127,-0.15801223834121267,-0.09874555977982127,-0.15801223983612367,-0.09874556030023368,-0.16935822743255344,-0.08998225013083141,
lewidi_armis,gemma,0,LPE,0,256,0.8324894333266416,0.20597549334256882,0.33997339534348453,0.34338022181981875,0.6413793103448275,0.6413793103448275,0.266620934009552,0.16758251190185547,0.0869926215045955,0.008801777439363844,0.08699262150459552,0.008801777439363842,0.0869926215045955,0.008801777439363844,0.08699262150459552,0.00880177743936385,0.08699262150459552,0.00880177743936385,0.08699261915442846,0.008801775599284335,0.0947721797955905,0.021554683491415892,
lewidi_armis,gemma,0,LP-temp,0,256,0.6657271942278735,0.1920097818211063,0.35181326793038725,0.4404341718190242,0.6206896551724138,0.6206896551724138,0.6702588836895175,,0.08245725811649958,,0.08245725811649955,,0.08245725811649957,,0.08245725811649958,,0.08245725811649958,,0.08245725715164073,,0.1484878196075317,,
lewidi_armis,gemma,0,GPP-cosine,1,16,0.7474248318439928,0.2071462907454179,0.3634918371022775,0.3971481901324437,0.5517241379310345,0.5517241379310345,0.36472243070602417,0.18612931668758392,-0.04411427705737842,-0.026455187121521534,-0.04411427705737843,-0.026455187121521548,-0.044114277057378415,-0.026455187121521534,-0.04411427705737843,-0.026455187121521555,-0.04411427705737843,-0.026455187121521555,-0.04411427545465588,-0.026455185576579512,-0.03558233465249607,-0.003079240498773699,
lewidi_armis,gemma,0,GPP-rbf,1,16,0.6843428902871931,0.2007180657967294,0.3703344712997305,0.4518802047449634,0.5379310344827586,0.5379310344827586,0.506117582321167,0.17756585776805878,0.12073235464760634,-0.04108513586694341,0.12073235464760632,-0.0410851358669434,0.12073235464760632,-0.04108513586694338,0.12073235464760634,-0.04108513586694339,0.12073235464760634,-0.04108513586694339,0.12073235577264446,-0.041085136286261294,0.12282748211775087,-0.042767229149634704,
lewidi_armis,gemma,0,GPP-laplace,1,16,0.6950675596438923,0.20611074879059946,0.38029472098268313,0.46099901669309584,0.4413793103448276,0.4413793103448276,0.44083520770072937,0.25196701288223267,-0.1604100155618787,0.14784012920391582,-0.16041001556187867,0.14784012920391582,-0.1604100155618787,0.14784012920391582,-0.16041001556187873,0.14784012920391584,-0.16041001556187873,0.14784012920391584,-0.16041001751939493,0.1478401313607328,-0.1594362302698382,0.14780354394113754,
lewidi_armis,gemma,0,LPE,1,16,0.7097206854983326,0.20619922271744223,0.368322349005732,0.4277441744047217,0.5586206896551724,0.5586206896551724,0.4838501513004303,0.17293113470077515,0.19673764594478316,-0.007363632819741749,0.19673764594478316,-0.007363632819741735,0.19673764594478316,-0.007363632819741735,0.19673764594478316,-0.007363632819741745,0.19673764594478316,-0.007363632819741745,0.19673764853858955,-0.007363632272384454,0.13822368461161938,-0.009237721496321096,
lewidi_armis,gemma,0,LP-temp,1,16,0.6924583930355072,0.20511626255673315,0.37902453675108927,0.46132592044564724,0.5655172413793104,0.5655172413793104,0.6931291427751024,,0.16789858710476974,,0.16789858710476974,,0.16789858710476974,,0.16789858710476976,,0.16789858710476976,,0.167898589936597,,0.10674700395748822,,
lewidi_armis,gemma,0,GPP-cosine,1,64,0.9940459757789005,0.24751587833379862,0.39133579511404165,0.3701665210011849,0.5793103448275863,0.5793103448275863,0.30421242117881775,0.12124788016080856,-0.06940720496013866,-0.07845020711340897,-0.06940720496013865,-0.07845020711340896,-0.06940720496013866,-0.07845020711340897,-0.06940720496013869,-0.07845020711340894,-0.06940720496013869,-0.07845020711340894,-0.0694072076864613,-0.07845020988123973,-0.05611060464432074,-0.07287535847097754,
lewidi_armis,gemma,0,GPP-rbf,1,64,0.7045119349505184,0.19899617053235163,0.353687551797464,0.4128690537652865,0.5862068965517241,0.5862068965517241,0.47207745909690857,0.13357925415039062,-0.01966663008742764,-0.08724674663723643,-0.01966663008742766,-0.0872467466372364,-0.01966663008742764,-0.0872467466372364,-0.01966663008742766,-0.08724674663723643,-0.01966663008742766,-0.08724674663723643,-0.01966663287164179,-0.08724674794131701,0.023949648323795435,-0.09306149062960511,
lewidi_armis,gemma,0,GPP-laplace,1,64,0.6953002993270097,0.20188278684438393,0.3627937887249322,0.42743433769280426,0.5724137931034483,0.5724137931034483,0.41929084062576294,0.23633499443531036,-0.14576471899382754,-0.03926854823278567,-0.14576471899382756,-0.03926854823278567,-0.14576471899382756,-0.03926854823278566,-0.1457647189938276,-0.03926854823278567,-0.1457647189938276,-0.03926854823278567,-0.14576471974212332,-0.039268547372367416,-0.140960787277196,-0.031476680654131145,
lewidi_armis,gemma,0,LPE,1,64,0.7540938947353832,0.20413559526345798,0.34980094586980753,0.38349426234115,0.6137931034482759,0.6137931034482759,0.42548295855522156,0.1169060543179512,0.050126526137774595,-0.028008463318090607,0.050126526137774616,-0.02800846331809065,0.050126526137774595,-0.028008463318090628,0.05012652613777462,-0.028008463318090624,0.05012652613777462,-0.028008463318090624,0.05012652498052117,-0.028008465720552513,0.06158480997547398,-0.037635161651678545,
lewidi_armis,gemma,0,LP-temp,1,64,0.6775395016493478,0.19862908498777174,0.3660950005468832,0.45551208209088084,0.6206896551724138,0.6206896551724138,0.687315304420336,,0.019155215649706493,,0.019155215649706507,,0.019155215649706486,,0.019155215649706514,,0.019155215649706514,,0.01915521607346446,,0.0383194373180727,,
lewidi_armis,gemma,0,GPP-cosine,1,256,0.971447180425881,0.19015497784917268,0.3060178034684088,0.3217311172620543,0.7103448275862069,0.7103448275862069,0.263409823179245,0.04707177355885506,-0.011461621445670707,-0.02633942362762441,-0.011461621445670703,-0.026339423627624425,-0.011461621445670703,-0.02633942362762441,-0.011461621445670707,-0.02633942362762442,-0.011461621445670707,-0.02633942362762442,-0.011461622838946448,-0.026339424071426767,-0.0017106891659853885,-0.018133305159445112,
lewidi_armis,gemma,0,GPP-rbf,1,256,0.6480519580909864,0.17239484172870856,0.32306696182951844,0.3965107144759895,0.6344827586206897,0.6344827586206897,0.45976826548576355,0.10127149522304535,0.008598746796279692,-0.08168455417041276,0.008598746796279675,-0.08168455417041275,0.008598746796279703,-0.08168455417041273,0.008598746796279696,-0.08168455417041276,0.008598746796279696,-0.08168455417041276,0.008598745299097637,-0.08168455578062372,0.003763516165167854,-0.05166281281275873,
lewidi_armis,gemma,0,GPP-laplace,1,256,0.6810437324174059,0.19736007663214825,0.3585664342189657,0.43483336963772207,0.5862068965517241,0.5862068965517241,0.42628219723701477,0.2367728352546692,-0.13835690286451738,-0.04612087454818624,-0.13835690286451735,-0.04612087454818625,-0.13835690286451735,-0.046120874548186225,-0.13835690286451735,-0.04612087454818625,-0.13835690286451735,-0.04612087454818625,-0.13835690559006553,-0.046120875059161556,-0.14198720077678723,-0.022238959157810045,
lewidi_armis,gemma,0,LPE,1,256,0.7447335636902194,0.18489199652734759,0.3267752393277298,0.36362762172655655,0.6689655172413793,0.6689655172413793,0.2876521646976471,0.1748574674129486,0.046138823633103114,-0.07465008255138283,0.04613882363310311,-0.07465008255138283,0.04613882363310311,-0.07465008255138281,0.0461388236331031,-0.07465008255138283,0.0461388236331031,-0.07465008255138283,0.04613882394023689,-0.07465008534805376,0.04413578048242301,-0.07458604763696293,
lewidi_armis,gemma,0,LP-temp,1,256,0.6480253238538269,0.18399067316208653,0.3423183467358196,0.43335073357850773,0.6344827586206897,0.6344827586206897,0.6614395930201022,,0.11906717371789108,,0.11906717371789112,,0.11906717371789108,,0.1190671737178911,,0.1190671737178911,,0.11906717526734709,,0.10572059045789699,,
lewidi_armis,gemma,0,GPP-cosine,2,16,0.8672419677322539,0.23941241981759423,0.3968341560327801,0.3978504118291121,0.5448275862068965,0.5448275862068965,0.36611407995224,0.18882142007350922,-0.033615523199407055,-0.004772079252370904,-0.033615523199407055,-0.0047720792523708935,-0.03361552319940707,-0.004772079252370887,-0.033615523199407055,-0.00477207925237088,-0.033615523199407055,-0.00477207925237088,-0.033615519894908505,-0.004772075077894032,-0.013343375494686028,0.04960998581357626,
lewidi_armis,gemma,0,GPP-rbf,2,16,0.8060346484016871,0.22443057773736516,0.38332340421861616,0.38862710414272206,0.5724137931034483,0.5724137931034483,0.3911830186843872,0.14680258929729462,-0.09117475566134257,-0.08465397158593295,-0.09117475566134255,-0.08465397158593295,-0.09117475566134255,-0.08465397158593295,-0.09117475566134256,-0.08465397158593295,-0.09117475566134256,-0.08465397158593295,-0.09117475585516245,-0.08465397163664541,-0.07561246113655416,-0.08313949346688987,
lewidi_armis,gemma,0,GPP-laplace,2,16,0.6926681270861507,0.20313248346212215,0.3701604272784858,0.44361723760999033,0.5793103448275863,0.5793103448275863,0.4295675456523895,0.24585291743278503,-0.13803174176657337,0.03588616256324978,-0.13803174176657337,0.035886162563249766,-0.13803174176657335,0.035886162563249766,-0.1380317417665734,0.035886162563249766,-0.1380317417665734,0.035886162563249766,-0.13803174130530454,0.03588616562525282,-0.13822368461161938,0.05576846681112365,
lewidi_armis,gemma,0,LPE,2,16,1.0817811595004263,0.27037527408931195,0.41117574323996386,0.3381576348951026,0.5724137931034483,0.5724137931034483,0.2744009494781494,0.06909932941198349,-0.10316984029579702,-0.0894605997321824,-0.10316984029579702,-0.0894605997321824,-0.10316984029579702,-0.0894605997321824,-0.10316984029579702,-0.08946059973218243,-0.10316984029579702,-0.08946059973218243,-0.10316984056869774,-0.08946060084968589,-0.10298348779232037,-0.10127279862633498,
lewidi_armis,gemma,0,LP-temp,2,16,0.784859581410671,0.22173604346869813,0.3837526740813705,0.3967841405394998,0.5517241379310345,0.5517241379310345,0.5620194615772118,,-0.11040779922237279,,-0.11040779922237276,,-0.11040779922237277,,-0.11040779922237279,,-0.11040779922237279,,-0.110407799418364,,-0.11632686328700641,,
lewidi_armis,gemma,0,GPP-cosine,2,64,0.9351174898800858,0.2297803289749071,0.3694532635376853,0.3780333294800615,0.6137931034482759,0.6137931034482759,0.31195998191833496,0.12398192286491394,-0.1199791100672584,-0.09560653854755934,-0.11997911006725838,-0.09560653854755932,-0.1199791100672584,-0.09560653854755932,-0.11997911006725838,-0.09560653854755932,-0.11997911006725838,-0.09560653854755932,-0.11997911334714743,-0.09560654164459316,-0.13514444411284568,-0.10572059045789699,
lewidi_armis,gemma,0,GPP-rbf,2,64,0.7987478929801398,0.21891329744704052,0.37311472028236964,0.37934466052426974,0.6068965517241379,0.6068965517241379,0.40691807866096497,0.11019131541252136,-0.017347658810220348,-0.06658695296496936,-0.01734765881022035,-0.06658695296496936,-0.017347658810220348,-0.06658695296496936,-0.017347658810220365,-0.06658695296496936,-0.017347658810220365,-0.06658695296496936,-0.01734766051023718,-0.06658695512690864,-0.026686750989372055,-0.0797181151349191,
lewidi_armis,gemma,0,GPP-laplace,2,64,0.7138779509794373,0.20537611971985634,0.36422736906799774,0.413349858915119,0.5724137931034483,0.5724137931034483,0.4006940722465515,0.22527723014354706,-0.13366277832632226,-0.06322182836690896,-0.13366277832632226,-0.06322182836690896,-0.13366277832632226,-0.06322182836690896,-0.13366277832632226,-0.06322182836690896,-0.13366277832632226,-0.06322182836690896,-0.13366278019287026,-0.06322182908991275,-0.15259347360589662,-0.06808542880621844,
lewidi_armis,gemma,0,LPE,2,64,0.9758766781333466,0.24132934351783153,0.38124795738960904,0.3404676532091268,0.593103448275862,0.593103448275862,0.3401804566383362,0.06970510631799698,0.04502176424037715,-0.0185496277312178,0.04502176424037714,-0.0185496277312178,0.04502176424037713,-0.01854962773121782,0.04502176424037714,-0.018549627731217815,0.04502176424037714,-0.018549627731217815,0.0450217632433408,-0.01854963094442002,0.033871645486510685,0.015054064660671416,
lewidi_armis,gemma,0,LP-temp,2,64,0.6945207772685686,0.19850228024924102,0.3560561847524099,0.4204511418445508,0.6,0.6,0.6330947521725183,,0.03159416637262688,,0.03159416637262687,,0.031594166372626874,,0.03159416637262688,,0.03159416637262688,,0.03159416610156168,,0.023607510490598355,,
lewidi_armis,gemma,0,GPP-cosine,2,256,1.1097836511783554,0.23458659276604055,0.35519015143902377,0.3047595888855339,0.6068965517241379,0.6068965517241379,0.28179240226745605,0.04909807816147804,0.097550083026062,0.1345347480987915,0.097550083026062,0.1345347480987915,0.09755008302606197,0.1345347480987915,0.097550083026062,0.13453474809879157,0.097550083026062,0.13453474809879157,0.09755007813888394,0.1345347437825772,0.1115369336222473,0.13993437377760476,
lewidi_armis,gemma,0,GPP-rbf,2,256,0.7098486879409089,0.19257822760927476,0.3433884090246183,0.3833920147961162,0.6068965517241379,0.6068965517241379,0.4527372121810913,0.09964094310998917,0.10932989938323573,-0.044015403719953196,0.10932989938323573,-0.044015403719953175,0.1093298993832357,-0.044015403719953175,0.10932989938323576,-0.04401540371995318,0.10932989938323576,-0.04401540371995318,0.10932989679213234,-0.04401540616468913,0.12761741178250996,-0.013343375494686028,
lewidi_armis,gemma,0,GPP-laplace,2,256,0.6977480058379719,0.20120285849666075,0.360495170693973,0.4208338171787797,0.5724137931034483,0.5724137931034483,0.4131414592266083,0.2293352633714676,-0.11302744576951708,-0.049934836282286496,-0.11302744576951707,-0.049934836282286475,-0.1130274457695171,-0.049934836282286496,-0.11302744576951711,-0.049934836282286496,-0.11302744576951711,-0.049934836282286496,-0.11302744568688947,-0.049934835186996096,-0.1406186494439989,-0.048925710147182104,
lewidi_armis,gemma,0,LPE,2,256,0.8338836714543516,0.21071008687753487,0.3525537335012532,0.35079711074127845,0.5862068965517241,0.5862068965517241,0.28232136368751526,0.1903492957353592,0.139845410081935,0.014393253746361247,0.139845410081935,0.01439325374636122,0.139845410081935,0.014393253746361247,0.139845410081935,0.01439325374636124,0.139845410081935,0.01439325374636124,0.13984540751252564,0.014393250055403489,0.1532777492722908,0.020186132158627582,
lewidi_armis,gemma,0,LP-temp,2,256,0.6686863521336787,0.1946365593121255,0.3593588960173574,0.4499847306343869,0.6068965517241379,0.6068965517241379,0.6815820380782499,,0.05004118210667371,,0.0500411821066737,,0.05004118210667371,,0.0500411821066737,,0.0500411821066737,,0.05004117970442602,,0.03352950765331361,,
lewidi_armis,gemma,0,GPP-cosine,3,16,0.7548376268535932,0.20639215983718642,0.3614262983716767,0.3952638657138554,0.6068965517241379,0.6068965517241379,0.3676737844944,0.18973881006240845,-0.02729710813855305,-0.023156853279057754,-0.02729710813855306,-0.023156853279057754,-0.02729710813855305,-0.02315685327905776,-0.02729710813855305,-0.023156853279057782,-0.02729710813855305,-0.023156853279057782,-0.027297110416534577,-0.02315685500250466,-0.06603260180703599,-0.054399915478335344,
lewidi_armis,gemma,0,GPP-rbf,3,16,0.6843806579690451,0.19727536874244428,0.35611128082563137,0.42796655536543665,0.5379310344827586,0.5379310344827586,0.4778115153312683,0.17434170842170715,0.09812399580922102,-0.05400687577330755,0.09812399580922104,-0.054006875773307525,0.09812399580922102,-0.05400687577330753,0.09812399580922103,-0.05400687577330753,0.09812399580922103,-0.05400687577330753,0.09812399219006115,-0.05400687742947528,0.12488030911693335,-0.028397440155357445,
lewidi_armis,gemma,0,GPP-laplace,3,16,0.6908475778541195,0.20444145009943615,0.37751845707153453,0.460864962985226,0.5241379310344828,0.5241379310344828,0.4404177665710449,0.25225040316581726,-0.1554577419747528,0.1545386898981639,-0.1554577419747528,0.1545386898981639,-0.15545774197475276,0.15453868989816386,-0.15545774197475282,0.1545386898981639,-0.15545774197475282,0.1545386898981639,-0.15545774439792043,0.1545386920422103,-0.1590940924366411,0.16012050593623237,
lewidi_armis,gemma,0,LPE,3,16,0.7115706016688856,0.2020022354357203,0.3576484174050134,0.4107526430494391,0.5655172413793104,0.5655172413793104,0.4929017126560211,0.12505891919136047,0.1013393389959387,0.014674613045619818,0.1013393389959387,0.014674613045619846,0.10133933899593867,0.014674613045619811,0.10133933899593871,0.014674613045619822,0.10133933899593871,0.014674613045619822,0.10133933592728112,0.014674609327068842,0.1269331361161158,0.012316961995094796,
lewidi_armis,gemma,0,LP-temp,3,16,0.6920250958910776,0.20494940537654188,0.3786162442632069,0.4613142100998244,0.5586206896551724,0.5586206896551724,0.6931174324292795,,0.0931982854680718,,0.09319828546807181,,0.09319828546807178,,0.09319828546807182,,0.09319828546807182,,0.09319828249438249,,0.10572059045789699,,
lewidi_armis,gemma,0,GPP-cosine,3,64,1.0254230287719295,0.24436358472778075,0.3863961386663944,0.35226215071963707,0.5586206896551724,0.5586206896551724,0.2877366840839386,0.11434663087129593,-0.025928280182082014,-0.030390216742454835,-0.025928280182082025,-0.03039021674245483,-0.02592828018208204,-0.030390216742454835,-0.025928280182082014,-0.030390216742454842,-0.025928280182082014,-0.030390216742454842,-0.025928279356974532,-0.03039021601431396,-0.03010812932134283,-0.02805530232216037,
lewidi_armis,gemma,0,GPP-rbf,3,64,0.7719617052626208,0.2144365520803867,0.37358461441151025,0.3936281731721123,0.5793103448275863,0.5793103448275863,0.4261423647403717,0.12061522901058197,-0.04170737031515301,-0.08827576464210135,-0.04170737031515297,-0.08827576464210135,-0.04170737031515294,-0.08827576464210132,-0.04170737031515297,-0.08827576464210135,-0.04170737031515297,-0.08827576464210135,-0.04170737233110884,-0.08827576666126968,-0.016422615993459726,-0.08416590696648109,
lewidi_armis,gemma,0,GPP-laplace,3,64,0.7188394381856632,0.20715407198840854,0.3677503531349116,0.4168542388142788,0.5724137931034483,0.5724137931034483,0.4011658728122711,0.22592157125473022,-0.13577599977528185,-0.07210523976264241,-0.13577599977528185,-0.07210523976264242,-0.13577599977528187,-0.07210523976264241,-0.13577599977528185,-0.07210523976264241,-0.13577599977528185,-0.07210523976264241,-0.13577599992816267,-0.07210523896428243,-0.14575071694195507,-0.06192694780867105,
lewidi_armis,gemma,0,LPE,3,64,1.0017234447618106,0.24845890820421404,0.38861343691221856,0.342373221019645,0.5793103448275863,0.5793103448275863,0.31759610772132874,0.07548446953296661,-0.006623129589467383,0.02503740150874166,-0.006623129589467425,0.025037401508741647,-0.006623129589467383,0.025037401508741675,-0.006623129589467425,0.025037401508741675,-0.006623129589467425,0.025037401508741675,-0.006623130005248626,0.02503739979618455,-0.0023949648323795436,0.0,
lewidi_armis,gemma,0,LP-temp,3,64,0.6859464821922652,0.19863867639620889,0.36248220156600547,0.43388838230531046,0.5586206896551724,0.5586206896551724,0.6595691757097448,,0.009162486547659082,,0.009162486547659082,,0.009162486547659082,,0.009162486547659096,,0.009162486547659096,,0.00916248390282385,,0.017449029493050962,,
lewidi_armis,gemma,0,GPP-cosine,3,256,1.0030851481645053,0.21860753478042352,0.34379641956530294,0.33430040087149326,0.6689655172413793,0.6689655172413793,0.30236485600471497,0.054855603724718094,-0.011740692632528936,0.021868457601205923,-0.011740692632528946,0.02186845760120592,-0.01174069263252895,0.021868457601205912,-0.011740692632528929,0.021868457601205926,-0.011740692632528929,0.021868457601205926,-0.011740695744377777,0.02186845519163297,-0.021554683491415892,0.0321609563205253,
lewidi_armis,gemma,0,GPP-rbf,3,256,0.7484664001088647,0.20267683500158912,0.34855041732240855,0.38165059792226996,0.6068965517241379,0.6068965517241379,0.44215694069862366,0.09865552932024002,0.07034566258654401,-0.04353040272256781,0.07034566258654404,-0.04353040272256781,0.07034566258654402,-0.04353040272256779,0.07034566258654401,-0.04353040272256781,0.07034566258654401,-0.04353040272256781,0.07034565720795824,-0.04353040645284384,0.05884770730989736,-0.024633923990189592,
lewidi_armis,gemma,0,GPP-laplace,3,256,0.7145983631386785,0.20520073612739417,0.36378537652821374,0.4138161739719771,0.5724137931034483,0.5724137931034483,0.4008830785751343,0.22264648973941803,-0.09088470246310586,-0.04685254074526539,-0.09088470246310587,-0.046852540745265375,-0.09088470246310584,-0.046852540745265375,-0.09088470246310584,-0.04685254074526539,-0.09088470246310584,-0.04685254074526539,-0.09088470543305704,-0.046852542257971086,-0.0920350771300139,-0.03592447248569315,
lewidi_armis,gemma,0,LPE,3,256,0.8925523747752995,0.21781929304511466,0.35724589541325086,0.34824538044754055,0.6,0.6,0.2837604880332947,0.1725826859474182,0.10797547454375542,0.009051045523055128,0.10797547454375543,0.009051045523055128,0.10797547454375543,0.009051045523055128,0.10797547454375545,0.009051045523055135,0.10797547454375545,0.009051045523055135,0.10797547267966004,0.009051041281153242,0.09579859329518174,-0.006158480997547398,
lewidi_armis,gemma,0,LP-temp,3,256,0.6633589160605111,0.18910347145860376,0.3402229208495255,0.42848474449998236,0.5862068965517241,0.5862068965517241,0.6501490116925615,,0.08796534453578154,,0.08796534453578154,,0.08796534453578153,,0.08796534453578156,,0.08796534453578156,,0.0879653418002969,,0.12180106861815965,,
lewidi_armis,gemma,0,GPP-cosine,4,16,0.8566492165678737,0.24823675869784115,0.4130480643747182,0.3905591284775791,0.45517241379310347,0.45517241379310347,0.3914704918861389,0.20026813447475433,0.1438278953335575,0.19615328100867785,0.1438278953335575,0.19615328100867788,0.14382789533355744,0.19615328100867782,0.14382789533355753,0.1961532810086779,0.14382789533355753,0.1961532810086779,0.14382789826894188,0.19615328495022882,0.13035451444808657,0.18099091376125406,
lewidi_armis,gemma,0,GPP-rbf,4,16,0.7051128736830872,0.2053351621351125,0.36849214280473774,0.4286495579033159,0.5655172413793104,0.5655172413793104,0.49282369017601013,0.16248147189617157,0.007421984555160369,-0.07069955430387373,0.007421984555160355,-0.07069955430387372,0.007421984555160369,-0.07069955430387373,0.007421984555160355,-0.07069955430387372,0.007421984555160355,-0.07069955430387372,0.007421987592352339,-0.07069955398989036,0.03010812932134283,-0.06945398013900676,
lewidi_armis,gemma,0,GPP-laplace,4,16,0.6891748481721933,0.20327763381241448,0.37510303690515717,0.4566203793616548,0.5793103448275863,0.5793103448275863,0.4379861056804657,0.25043749809265137,-0.17320789540019896,0.12347749583654319,-0.17320789540019899,0.12347749583654322,-0.17320789540019893,0.12347749583654322,-0.17320789540019899,0.12347749583654323,-0.17320789540019899,0.12347749583654323,-0.17320789665779346,0.1234774986379078,-0.16422615993459727,0.1348023062796486,
lewidi_armis,gemma,0,LPE,4,16,0.7620198408811111,0.2153366059931968,0.3729025711787158,0.39790529638828304,0.5724137931034483,0.5724137931034483,0.4926648437976837,0.09127139300107956,-0.006161132399813293,-0.06925071085160893,-0.006161132399813279,-0.06925071085160894,-0.006161132399813335,-0.06925071085160894,-0.006161132399813286,-0.06925071085160894,-0.006161132399813286,-0.06925071085160894,-0.0061611283878248504,-0.06925071206718506,0.007869170163532786,-0.06466405047424768,
lewidi_armis,gemma,0,LP-temp,4,16,0.7093237644460398,0.20693975242910526,0.37251571684862955,0.43197874704442657,0.5724137931034483,0.5724137931034483,0.6566951596309752,,-0.005247017098223228,,-0.0052470170982232105,,-0.005247017098223221,,-0.005247017098223217,,-0.005247017098223217,,-0.005247013478338898,,-0.011974824161897718,,
lewidi_armis,gemma,0,GPP-cosine,4,64,0.8113627783765949,0.1993814297420808,0.334735953008178,0.3696924977853606,0.6413793103448275,0.6413793103448275,0.31322410702705383,0.12471097707748413,-0.07771813140976078,-0.04929077832673953,-0.07771813140976076,-0.04929077832673953,-0.07771813140976076,-0.04929077832673953,-0.07771813140976078,-0.04929077832673953,-0.07771813140976078,-0.04929077832673953,-0.07771813362137057,-0.049290780237639414,-0.07492818547016,-0.033871645486510685,
lewidi_armis,gemma,0,GPP-rbf,4,64,0.683919541836911,0.19353716936147447,0.3506751442263866,0.41937615622298013,0.6137931034482759,0.6137931034482759,0.491667240858078,0.13323262333869934,-0.03741828970013186,-0.08928690871226828,-0.037418289700131876,-0.08928690871226828,-0.03741828970013187,-0.08928690871226828,-0.03741828970013186,-0.0892869087122683,-0.03741828970013186,-0.0892869087122683,-0.03741828966030818,-0.0892869096026266,-0.008211307996729863,-0.06911184230580969,
lewidi_armis,gemma,0,GPP-laplace,4,64,0.6863970029533172,0.20068480936407626,0.3664214434294865,0.4431238290663086,0.5724137931034483,0.5724137931034483,0.43185675144195557,0.2430703043937683,-0.1494090187270161,0.010967600595873997,-0.1494090187270161,0.010967600595873976,-0.14940901872701606,0.01096760059587399,-0.14940901872701612,0.010967600595873983,-0.14940901872701612,0.010967600595873983,-0.1494090195555651,0.010967602300560785,-0.15704126543745867,0.03045026715453991,
lewidi_armis,gemma,0,LPE,4,64,0.7617429791874939,0.2033366622753072,0.3541400684043765,0.39120673827433694,0.6137931034482759,0.6137931034482759,0.4334852993488312,0.10071104764938354,-0.012463653429804933,-0.09534164153491935,-0.012463653429804905,-0.09534164153491932,-0.012463653429804905,-0.09534164153491934,-0.012463653429804919,-0.09534164153491935,-0.012463653429804919,-0.09534164153491935,-0.012463653237486536,-0.09534164262073527,-0.007527032330335708,-0.13890796027801353,
lewidi_armis,gemma,0,LP-temp,4,64,0.6728660368685194,0.1964490317431982,0.3634560927430915,0.4531534209582646,0.6137931034482759,0.6137931034482759,0.684307562205654,,-0.06528887670187386,,-0.06528887670187383,,-0.06528887670187386,,-0.06528887670187386,,-0.06528887670187386,,-0.065288874529803,,-0.022923234824204202,,
lewidi_armis,gemma,0,GPP-cosine,4,256,0.9112154238684419,0.19442805887053496,0.32307012893246606,0.3487931144556705,0.6758620689655173,0.6758620689655173,0.31210988759994507,0.05472731590270996,-0.0579754219658713,-0.0450766095993803,-0.057975421965871306,-0.0450766095993803,-0.05797542196587134,-0.04507660959938029,-0.0579754219658713,-0.045076609599380306,-0.0579754219658713,-0.045076609599380306,-0.05797542783515675,-0.04507661574632685,-0.06226908564186814,-0.04105653998364932,
lewidi_armis,gemma,0,GPP-rbf,4,256,0.7208050439072261,0.19335663197117212,0.344506928279739,0.4024046350150998,0.6275862068965518,0.6275862068965518,0.44137683510780334,0.09834282100200653,-0.08619112237646043,-0.1347966943127446,-0.08619112237646044,-0.1347966943127446,-0.08619112237646041,-0.13479669431274457,-0.08619112237646046,-0.1347966943127446,-0.08619112237646046,-0.1347966943127446,-0.08619112488666568,-0.13479669649742107,-0.04789929664759087,-0.13753940894522523,
lewidi_armis,gemma,0,GPP-laplace,4,256,0.7030141883514187,0.20274434841695127,0.36368799353468007,0.42093628873971595,0.5724137931034483,0.5724137931034483,0.4099113345146179,0.22777831554412842,-0.15626502557513683,-0.0864194533912217,-0.15626502557513683,-0.08641945339122167,-0.15626502557513683,-0.08641945339122169,-0.15626502557513683,-0.0864194533912217,-0.15626502557513683,-0.0864194533912217,-0.15626502694227334,-0.08641945354569365,-0.16251547076861186,-0.07903383946852494,
lewidi_armis,gemma,0,LPE,4,256,0.8484564420960715,0.20960360824846205,0.3535123190462212,0.3786583978803522,0.6206896551724138,0.6206896551724138,0.2744008004665375,0.19578970968723297,-0.006909010252289415,-0.09388630488353913,-0.006909010252289405,-0.0938863048835391,-0.006909010252289412,-0.09388630488353913,-0.006909010252289405,-0.09388630488353912,-0.006909010252289405,-0.09388630488353912,-0.006909011657311528,-0.09388630581226304,0.011290548495503563,-0.08929797446443727,
lewidi_armis,gemma,0,LP-temp,4,256,0.6777050316268286,0.19807093168395326,0.36461446625278865,0.45130162473899516,0.593103448275862,0.593103448275862,0.681621765979489,,-0.07646296074224851,,-0.07646296074224851,,-0.07646296074224851,,-0.07646296074224851,,-0.07646296074224851,,-0.07646296115937512,,0.0017106891659853885,,
lewidi_armis,gemma,12,GPP-cosine,0,16,1.5193055795251615,0.3398332342741573,0.454011522713599,0.2746165373307599,0.5241379310344828,0.5241379310344828,0.17427828907966614,0.003906409256160259,0.09523716872848076,-0.01056060889727458,0.09523716872848074,-0.01056060889727458,0.09523716872848073,-0.01056060889727459,0.09523716872848074,-0.010560608897274577,0.09523716872848074,-0.010560608897274577,0.09523717536787102,-0.010560606813547938,0.06534832614064183,0.07013825580540091,
lewidi_armis,gemma,12,GPP-rbf,0,16,0.7209215293026988,0.20984666950728675,0.3740586682640273,0.42311706115817493,0.5379310344827586,0.5379310344827586,0.46465885639190674,0.1813068836927414,-0.0013231515985622291,0.0021509571787348483,-0.0013231515985622291,0.002150957178734862,-0.0013231515985622153,0.0021509571787348483,-0.0013231515985622291,0.002150957178734862,-0.0013231515985622291,0.002150957178734862,-0.0013231464129870724,0.0021509607207350692,0.016764753826656806,0.010606272829109408,
lewidi_armis,gemma,12,GPP-laplace,0,16,0.6919996419129703,0.20452991030409687,0.3781048741833917,0.4580739234213276,0.5655172413793104,0.5655172413793104,0.43836021423339844,0.2515169680118561,-0.17509444435198585,0.14234443097355332,-0.17509444435198582,0.14234443097355337,-0.17509444435198585,0.14234443097355332,-0.17509444435198585,0.14234443097355337,-0.17509444435198585,0.14234443097355337,-0.17509444453760203,0.14234443480586337,-0.16114691943582357,0.14814568177433463,
lewidi_armis,gemma,12,LPE,0,16,0.7764303674806652,0.2206181611207596,0.38124816841606435,0.3956668697411602,0.5379310344827586,0.5379310344827586,0.4326059818267822,0.15023067593574524,0.0010494650584825377,0.09839738960668538,0.0010494650584825585,0.09839738960668538,0.0010494650584825238,0.09839738960668537,0.0010494650584825446,0.09839738960668537,0.0010494650584825446,0.09839738960668537,0.0010494708472174267,0.09839739391531613,-0.002737102665576621,0.06945398013900676,
lewidi_armis,gemma,12,LP-temp,0,16,0.6927007282155135,0.20520391201013627,0.37932694484797214,0.46130646145741255,0.5379310344827586,0.5379310344827586,0.6931096837868677,,0.0351231538822642,,0.035123153882264176,,0.035123153882264196,,0.03512315388226418,,0.03512315388226418,,0.03512315871961544,,0.043109366982831784,,
lewidi_armis,gemma,12,GPP-cosine,0,64,0.713638621485043,0.20543381799236046,0.37020254015344484,0.42891693521191365,0.5103448275862069,0.5103448275862069,0.6419935822486877,0.005592417903244495,0.009641421374850308,0.0739182870617225,0.009641421374850308,0.0739182870617225,0.009641421374850294,0.0739182870617225,0.0096414213748503,0.07391828706172252,0.0096414213748503,0.07391828706172252,0.009641420200300184,0.0739182916112876,0.0017106891659853885,0.05850556947670028,
lewidi_armis,gemma,12,GPP-rbf,0,64,0.7021947174868458,0.19925241238891733,0.35757992992113374,0.4154513181557234,0.5517241379310345,0.5517241379310345,0.4633961617946625,0.1582568734884262,-0.014855782333061576,-0.022759406708850967,-0.014855782333061583,-0.022759406708850967,-0.01485578233306157,-0.022759406708850974,-0.014855782333061576,-0.022759406708850967,-0.014855782333061576,-0.022759406708850967,-0.014855782049206283,-0.022759405067962576,-0.040372264317255165,-0.028739577988554522,
lewidi_armis,gemma,12,GPP-laplace,0,64,0.6873118843986511,0.20146807668560163,0.3697995681187202,0.4471550017520156,0.5724137931034483,0.5724137931034483,0.4323800802230835,0.246578186750412,-0.17423615084004035,0.051259092336227635,-0.17423615084004038,0.05125909233622761,-0.17423615084004038,0.05125909233622761,-0.17423615084004035,0.05125909233622761,-0.17423615084004035,0.05125909233622761,-0.17423615032897524,0.051259096394500034,-0.16764753826656806,0.08450804479967818,
lewidi_armis,gemma,12,LPE,0,64,0.819809562912472,0.22025808689466506,0.37474096864301326,0.38730831148720374,0.5655172413793104,0.5655172413793104,0.4148550033569336,0.10963072627782822,-0.024954158683574257,-0.05303086139767301,-0.024954158683574253,-0.053030861397673,-0.024954158683574246,-0.05303086139767299,-0.02495415868357426,-0.05303086139767301,-0.02495415868357426,-0.05303086139767301,-0.02495415621967113,-0.05303086237146323,-0.08964011229763434,-0.0872451474652548,
lewidi_armis,gemma,12,LP-temp,0,64,0.6875654397074713,0.2001082812032643,0.36400070729330897,0.43656729561223157,0.5448275862068965,0.5448275862068965,0.6665064056195433,,0.06707494795525042,,0.06707494795525043,,0.06707494795525042,,0.06707494795525043,,0.06707494795525043,,0.06707494908643043,,-0.043451504816028864,,
lewidi_armis,gemma,12,GPP-cosine,0,256,0.9104217596939297,0.236977535972118,0.38532755624322107,0.34102838523999934,0.5448275862068965,0.5448275862068965,0.42774736881256104,0.0017216880805790424,0.06628507126438173,0.12542407826288463,0.06628507126438173,0.1254240782628846,0.06628507126438174,0.12542407826288463,0.06628507126438173,0.12542407826288463,0.06628507126438173,0.12542407826288463,0.06628507342524464,0.1254240837185186,0.043451504816028864,0.11085265795585315,
lewidi_armis,gemma,12,GPP-rbf,0,256,0.6580110714354687,0.17191977476498613,0.31907153204083444,0.38433299179265945,0.6551724137931034,0.6551724137931034,0.4166538119316101,0.11567039787769318,0.012298273639005958,-0.0072059208190176915,0.012298273639005961,-0.007205920819017712,0.012298273639005961,-0.007205920819017712,0.012298273639005944,-0.007205920819017719,0.012298273639005944,-0.007205920819017719,0.012298272823093422,-0.00720592031788652,-0.017449029493050962,-0.005132067497956165,
lewidi_armis,gemma,12,GPP-laplace,0,256,0.6947516656691177,0.20011939414246854,0.3593621324362426,0.42006230715809667,0.5724137931034483,0.5724137931034483,0.411056786775589,0.23241382837295532,-0.07920161979097486,0.0007811286783470928,-0.07920161979097484,0.0007811286783470511,-0.07920161979097484,0.0007811286783471066,-0.07920161979097486,0.000781128678347065,-0.07920161979097486,0.000781128678347065,-0.07920161906695046,0.0007811311604341842,-0.0947721797955905,0.01608047816026265,
lewidi_armis,gemma,12,LPE,0,256,0.7353350802800435,0.17917439742512475,0.3157496745812562,0.3540349182171575,0.6620689655172414,0.6620689655172414,0.2561727464199066,0.19584326446056366,0.03384665025799528,0.012227917850513928,0.03384665025799527,0.0122279178505139,0.03384665025799527,0.0122279178505139,0.03384665025799527,0.0122279178505139,0.03384665025799527,0.0122279178505139,0.033846650815286025,0.012227919982782172,0.029081715821751602,0.019501856492233426,
lewidi_armis,gemma,12,LP-temp,0,256,0.6425866548673779,0.18326621547513047,0.3455949032037625,0.44132416844699457,0.6137931034482759,0.6137931034482759,0.6720404040155813,,0.09538378767681832,,0.0953837876768183,,0.09538378767681832,,0.0953837876768183,,0.0953837876768183,,0.09538378847950932,,0.045846469648408404,,
lewidi_armis,gemma,12,GPP-cosine,1,16,1.2747173057732544,0.3119753247352162,0.44213931537875584,0.2892842485437869,0.5241379310344828,0.5241379310344828,0.24728341400623322,0.004669243935495615,0.17095659600713564,0.03043940336435108,0.17095659600713564,0.030439403364351077,0.17095659600713564,0.030439403364351067,0.17095659600713564,0.03043940336435108,0.17095659600713564,0.03043940336435108,0.17095660031233223,0.03043940649692764,0.10982624445626192,0.09750928246116712,
lewidi_armis,gemma,12,GPP-rbf,1,16,0.6705789859134511,0.19506643189856163,0.3636754532826358,0.4492381047578121,0.5862068965517241,0.5862068965517241,0.48392245173454285,0.19669723510742188,-0.018117209533748985,-0.005499433833726128,-0.01811720953374897,-0.005499433833726142,-0.01811720953374897,-0.005499433833726128,-0.018117209533748985,-0.005499433833726142,-0.018117209533748985,-0.005499433833726142,-0.018117211732026642,-0.005499433139191642,-0.008211307996729863,-0.024291786156992515,
lewidi_armis,gemma,12,GPP-laplace,1,16,0.6906231182416882,0.20435196512412496,0.37815699752034815,0.4610365860105476,0.5724137931034483,0.5724137931034483,0.4402191638946533,0.2526206374168396,-0.17080479632889972,0.16318709178174562,-0.17080479632889972,0.1631870917817456,-0.17080479632889972,0.16318709178174562,-0.17080479632889972,0.16318709178174562,-0.17080479632889972,0.16318709178174562,-0.17080479848362534,0.16318709405880263,-0.16764753826656806,0.1655947112673856,
lewidi_armis,gemma,12,LPE,1,16,0.6836799978898501,0.19573776576200186,0.3622190305385096,0.43005902966928494,0.5586206896551724,0.5586206896551724,0.5182766914367676,0.1239289939403534,-0.06346090834675325,-0.03586190359545577,-0.06346090834675326,-0.03586190359545579,-0.06346090834675325,-0.035861903595455755,-0.06346090834675325,-0.03586190359545576,-0.06346090834675325,-0.03586190359545576,-0.06346091260417847,-0.03586190387028904,0.005474205331153242,0.0010264134995912329,
lewidi_armis,gemma,12,LP-temp,1,16,0.6814666633617463,0.1911692265238079,0.35421250675507204,0.4189838923605058,0.5862068965517241,0.5862068965517241,0.6133812822762269,,-0.05580514415067962,,-0.055805144150679595,,-0.05580514415067961,,-0.05580514415067961,,-0.05580514415067961,,-0.05580514687062184,,0.018817580825839272,,
lewidi_armis,gemma,12,GPP-cosine,1,64,0.8205473608046187,0.22168253673323046,0.3747419377040481,0.35912684569724446,0.5379310344827586,0.5379310344827586,0.510661780834198,0.004432652611285448,0.12936383767156337,0.17482034939238078,0.12936383767156337,0.17482034939238075,0.12936383767156337,0.17482034939238075,0.12936383767156337,0.17482034939238078,0.12936383767156337,0.17482034939238078,0.12936384218086872,0.17482035608414992,0.09237721496321097,0.0872451474652548,
lewidi_armis,gemma,12,GPP-rbf,1,64,0.6662356451695589,0.18390685949692126,0.33672699429865544,0.4052357318137329,0.6137931034482759,0.6137931034482759,0.4476936161518097,0.1538250893354416,0.02958283921100936,0.016913469125471377,0.029582839211009376,0.016913469125471356,0.02958283921100937,0.016913469125471356,0.02958283921100936,0.016913469125471377,0.02958283921100936,0.016913469125471377,0.029582834609210962,0.01691346794162772,0.043109366982831784,0.03558233465249607,
lewidi_armis,gemma,12,GPP-laplace,1,64,0.6844602907992888,0.1994385832345674,0.36402166824916316,0.4393995812655635,0.5793103448275863,0.5793103448275863,0.4273061156272888,0.24378792941570282,-0.11500497252051041,0.05354618044606571,-0.1150049725205104,0.053546180446065704,-0.1150049725205104,0.053546180446065704,-0.11500497252051041,0.0535461804460657,-0.11500497252051041,0.0535461804460657,-0.11500497255556591,0.0535461834292181,-0.09956210946034959,0.08040239080131326,
lewidi_armis,gemma,12,LPE,1,64,0.7528667915788007,0.1890256357855895,0.32988100241195284,0.3675302163316285,0.6137931034482759,0.6137931034482759,0.3794313669204712,0.09835360199213028,0.0002694437129911291,0.02410713754562821,0.0002694437129911152,0.024107137545628238,0.0002694437129911395,0.024107137545628224,0.0002694437129911187,0.02410713754562821,0.0002694437129911187,0.02410713754562821,0.00026943890905536255,0.02410713555244543,0.0023949648323795436,-0.008895583663124018,
lewidi_armis,gemma,12,LP-temp,1,64,0.6504375889245727,0.18659677989411677,0.34529192275765835,0.4448183393726523,0.6275862068965518,0.6275862068965518,0.674541683484386,,-0.009465300176908354,,-0.00946530017690834,,-0.009465300176908347,,-0.009465300176908368,,-0.009465300176908368,,-0.009465301710512464,,-0.007527032330335708,,
lewidi_armis,gemma,12,GPP-cosine,1,256,0.8329433654505519,0.21684699837167246,0.3678399693038083,0.3648346432905205,0.5655172413793104,0.5655172413793104,0.4874519109725952,0.002431402448564768,0.010054234980009197,0.14183819180517887,0.010054234980009211,0.14183819180517884,0.010054234980009203,0.14183819180517887,0.010054234980009218,0.14183819180517887,0.010054234980009218,0.14183819180517887,0.0100542369890954,0.14183819728233937,-0.05132067497956165,0.08998233868222388,
lewidi_armis,gemma,12,GPP-rbf,1,256,0.6357887875552322,0.16704146756910876,0.30902289375662806,0.38963763716349836,0.6896551724137931,0.6896551724137931,0.4487702548503876,0.12381438165903091,0.07202300854170804,0.0317343617489739,0.07202300854170804,0.031734361748973934,0.07202300854170804,0.03173436174897391,0.07202300854170807,0.03173436174897393,0.07202300854170807,0.03173436174897393,0.07202300653451785,0.03173436139382952,0.057479155977109044,0.042082953483240544,
lewidi_armis,gemma,12,GPP-laplace,1,256,0.6774603761480797,0.19732490132394104,0.36307843039775717,0.4449539586619386,0.5862068965517241,0.5862068965517241,0.43205365538597107,0.2445399910211563,-0.11836494519216541,0.04486579396508,-0.1183649451921654,0.04486579396508003,-0.1183649451921654,0.044865793965079996,-0.11836494519216542,0.04486579396508,-0.11836494519216542,0.04486579396508,-0.11836494651170713,0.04486579641856611,-0.15567271410467032,0.07698101246934247,
lewidi_armis,gemma,12,LPE,1,256,0.7091502123553004,0.1738924734184035,0.3077879447265175,0.3623160306252742,0.6896551724137931,0.6896551724137931,0.2715815603733063,0.2146325707435608,0.0709350732748379,0.013898553096307449,0.07093507327483789,0.01389855309630747,0.07093507327483789,0.01389855309630747,0.07093507327483792,0.01389855309630747,0.07093507327483792,0.01389855309630747,0.0709350718203868,0.013898553130889675,0.05337350197874411,0.0023949648323795436,
lewidi_armis,gemma,12,LP-temp,1,256,0.6484317436505815,0.1861252257472047,0.3466619961746797,0.44633836002398203,0.6620689655172414,0.6620689655172414,0.6766050034227179,,0.036225978300571365,,0.03622597830057135,,0.03622597830057133,,0.03622597830057135,,0.03622597830057135,,0.03622597636613119,,-0.011290548495503563,,
lewidi_armis,gemma,12,GPP-cosine,2,16,1.8955920117532996,0.3728108578277313,0.46709270755085963,0.2606834240367102,0.5241379310344828,0.5241379310344828,0.09500541538000107,0.00238916021771729,-0.06583763925171122,-0.05397559150967342,-0.06583763925171124,-0.05397559150967342,-0.06583763925171124,-0.05397559150967342,-0.06583763925171122,-0.053975591509673425,-0.06583763925171122,-0.053975591509673425,-0.06583763992049711,-0.053975590521556975,-0.015396202493868494,0.08964011229763434,
lewidi_armis,gemma,12,GPP-rbf,2,16,0.7285463179092853,0.20730293248682213,0.36682778735613003,0.4033789554818215,0.5724137931034483,0.5724137931034483,0.4260053038597107,0.1773768961429596,0.010756213951441412,-0.018595604334537275,0.010756213951441426,-0.018595604334537275,0.010756213951441398,-0.01859560433453726,0.010756213951441398,-0.01859560433453729,0.010756213951441398,-0.01859560433453729,0.010756210193774457,-0.018595604386466305,-0.0013685513327883105,-0.025660337489780825,
lewidi_armis,gemma,12,GPP-laplace,2,16,0.6886263863374287,0.20308844837318782,0.3750137903567018,0.45684343525085946,0.5724137931034483,0.5724137931034483,0.4374767541885376,0.251169890165329,-0.17072434918141277,0.13350108174234623,-0.17072434918141277,0.13350108174234623,-0.17072434918141274,0.1335010817423462,-0.17072434918141277,0.13350108174234623,-0.17072434918141277,0.13350108174234623,-0.17072435057433538,0.13350108488964527,-0.15977836810303525,0.13582871977923983,
lewidi_armis,gemma,12,LPE,2,16,0.8818110509298402,0.2333948631109859,0.38253460878442075,0.3523619885249484,0.5655172413793104,0.5655172413793104,0.35135871171951294,0.0975666418671608,0.0097891583505757,0.021949365833711813,0.009789158350575693,0.021949365833711806,0.009789158350575686,0.0219493658337118,0.009789158350575693,0.021949365833711793,0.009789158350575693,0.021949365833711793,0.009789155295524925,0.021949364234905525,0.02189682132461297,0.036950885985284385,
lewidi_armis,gemma,12,LP-temp,2,16,0.6797268304471784,0.1984265054570893,0.3635058529798679,0.44647043997458596,0.5517241379310345,0.5517241379310345,0.678248665353383,,0.005418522224097971,,0.005418522224098006,,0.005418522224097992,,0.005418522224097978,,0.005418522224097978,,0.005418518435880558,,0.022581096991007125,,
lewidi_armis,gemma,12,GPP-cosine,2,64,0.8482792823896202,0.23801592676189348,0.39504749440941317,0.37289405440279744,0.5310344827586206,0.5310344827586206,0.5130512118339539,0.005212625954300165,0.003511968117669885,0.014378883781355638,0.003511968117669885,0.014378883781355638,0.003511968117669878,0.014378883781355637,0.003511968117669892,0.014378883781355633,0.003511968117669892,0.014378883781355633,0.0035119693653716116,0.014378887781612448,-0.013685513327883108,0.08912699325748792,
lewidi_armis,gemma,12,GPP-rbf,2,64,0.7847419738689203,0.2170899156861011,0.37074845471772655,0.3847610968649725,0.5793103448275863,0.5793103448275863,0.4033415615558624,0.13272550702095032,-0.027318602702666575,-0.0303962998918353,-0.027318602702666568,-0.030396299891835288,-0.027318602702666568,-0.0303962998918353,-0.02731860270266659,-0.030396299891835274,-0.02731860270266659,-0.030396299891835274,-0.027318606386658235,-0.030396301681981694,0.028739577988554522,-0.06021625864268566,
lewidi_armis,gemma,12,GPP-laplace,2,64,0.700758159268668,0.2032153750207233,0.3630371414381882,0.4226562977662613,0.5724137931034483,0.5724137931034483,0.4141996502876282,0.23594930768013,-0.1070140873596178,0.0018648305469581988,-0.10701408735961779,0.0018648305469581988,-0.10701408735961779,0.0018648305469582127,-0.10701408735961782,0.001864830546958185,-0.10701408735961782,0.001864830546958185,-0.1070140863557724,0.0018648333503969994,-0.12351175778414503,0.005132067497956165,
lewidi_armis,gemma,12,LPE,2,64,0.9893651016612752,0.24401275087125007,0.37974761730573814,0.3381765033328056,0.593103448275862,0.593103448275862,0.3314512073993683,0.07356870174407959,0.03438738058326915,0.02265592621606419,0.03438738058326913,0.0226559262160642,0.03438738058326913,0.022655926216064187,0.03438738058326913,0.022655926216064194,0.03438738058326913,0.022655926216064194,0.034387376543605574,0.02265592323213435,0.05337350197874411,0.015396202493868494,
lewidi_armis,gemma,12,LP-temp,2,64,0.6937848164734834,0.200058729206303,0.35829635660096654,0.4320945825088041,0.6,0.6,0.6460014425036291,,-0.05702104821538864,,-0.05702104821538863,,-0.057021048215388635,,-0.05702104821538865,,-0.05702104821538865,,-0.05702105173117878,,0.0656904639738389,,
lewidi_armis,gemma,12,GPP-cosine,2,256,0.7807580537565472,0.2092277342398528,0.3593246238327127,0.3822446245582209,0.5517241379310345,0.5517241379310345,0.5446020364761353,0.0024950290098786354,0.03144090538622943,0.06484421631168721,0.03144090538622943,0.06484421631168724,0.031440905386229435,0.06484421631168723,0.03144090538622943,0.06484421631168724,0.03144090538622943,0.06484421631168724,0.03144090476481424,0.06484422054777604,0.0550841911447295,0.11256345789525346,
lewidi_armis,gemma,12,GPP-rbf,2,256,0.6285540670975306,0.16527881432743322,0.308800218536936,0.3887555790731831,0.6758620689655173,0.6758620689655173,0.4421860873699188,0.1219988688826561,0.0681308086231347,0.011469956557019358,0.06813080862313471,0.011469956557019354,0.0681308086231347,0.01146995655701934,0.0681308086231347,0.011469956557019358,0.0681308086231347,0.011469956557019358,0.06813080739435017,0.011469956851954156,0.07424390980376586,-0.012659099828291873,
lewidi_armis,gemma,12,GPP-laplace,2,256,0.6811927078871103,0.19715541738798328,0.35849967938044974,0.4316490845585233,0.5724137931034483,0.5724137931034483,0.42288869619369507,0.23909811675548553,-0.08225384499575872,0.026381021727029427,-0.0822538449957587,0.02638102172702944,-0.08225384499575872,0.026381021727029427,-0.08225384499575872,0.026381021727029455,-0.08225384499575872,0.026381021727029455,-0.0822538447713766,0.02638102445349068,-0.10127279862633498,0.02942385365494868,
lewidi_armis,gemma,12,LPE,2,256,0.6876430120588781,0.16205822489645633,0.2997295241224869,0.36668194418570116,0.696551724137931,0.696551724137931,0.27188166975975037,0.20755517482757568,0.06390911383434793,-0.02496902709490149,0.0639091138343479,-0.024969027094901505,0.06390911383434791,-0.024969027094901487,0.06390911383434793,-0.024969027094901515,0.06390911383434793,-0.024969027094901515,0.06390911324704672,-0.02496902716341179,0.08485018263287526,-0.05474205331153243,
lewidi_armis,gemma,12,LP-temp,2,256,0.662472614971835,0.19286005403199938,0.3613460684134201,0.4575866188283644,0.6689655172413793,0.6689655172413793,0.6893898411578193,,0.0370594451258348,,0.0370594451258348,,0.03705944512583478,,0.0370594451258348,,0.0370594451258348,,0.03705944767231119,,0.015738340327065573,,
lewidi_armis,gemma,12,GPP-cosine,3,16,0.7159494248754156,0.21274616250050102,0.3857490809313182,0.4492218669001208,0.45517241379310347,0.45517241379310347,0.6662063002586365,0.012800775468349457,-0.0025878073184542978,-0.01011223165145898,-0.0025878073184542913,-0.010112231651458976,-0.002587807318454284,-0.01011223165145897,-0.0025878073184542843,-0.010112231651458983,-0.0025878073184542843,-0.010112231651458983,-0.002587811014316291,-0.010112228879838552,0.07013825580540091,0.08245521780049571,
lewidi_armis,gemma,12,GPP-rbf,3,16,0.6973658681229274,0.20166794194249898,0.36677659344056557,0.43276860514291543,0.6,0.6,0.46072882413864136,0.19007621705532074,-0.1504374952193469,-0.08195215066848904,-0.15043749521934693,-0.08195215066848903,-0.1504374952193469,-0.08195215066848906,-0.15043749521934693,-0.08195215066848907,-0.15043749521934693,-0.08195215066848907,-0.15043749241024232,-0.08195214787313516,-0.08450804479967818,-0.0674011531398243,
lewidi_armis,gemma,12,GPP-laplace,3,16,0.6914705432311058,0.2046369900425634,0.37846692574435264,0.4606094471480256,0.5586206896551724,0.5586206896551724,0.43987396359443665,0.2525387406349182,-0.1752847209183262,0.1560630928997614,-0.17528472091832623,0.1560630928997614,-0.1752847209183262,0.1560630928997614,-0.17528472091832623,0.15606309289976145,-0.17528472091832623,0.15606309289976145,-0.17528472282915894,0.1560630955355765,-0.17312174359772128,0.1563569897710645,
lewidi_armis,gemma,12,LPE,3,16,0.7543816686829546,0.20836378444704298,0.36346553250633434,0.39856182375393173,0.6,0.6,0.47522345185279846,0.08881184458732605,-0.06865341718231667,0.020410370004390655,-0.06865341718231664,0.020410370004390662,-0.06865341718231664,0.020410370004390662,-0.06865341718231666,0.020410370004390662,-0.06865341718231666,0.020410370004390662,-0.06865341467370502,0.020410371665945757,-0.0643219126410506,0.003079240498773699,
lewidi_armis,gemma,12,LP-temp,3,16,0.6943155197465213,0.19963563790780292,0.3644570013115942,0.42953028544348415,0.5793103448275863,0.5793103448275863,0.644818102708787,,-0.0650886949165758,,-0.06508869491657582,,-0.06508869491657579,,-0.06508869491657582,,-0.06508869491657582,,-0.06508869267771245,,-0.040714402150452245,,
lewidi_armis,gemma,12,GPP-cosine,3,64,1.199091012566992,0.30209238953698764,0.44044339760881046,0.3176836193376147,0.5310344827586206,0.5310344827586206,0.3060288727283478,0.0039131431840360165,-0.022380500324707703,-0.024267889366632114,-0.022380500324707675,-0.024267889366632128,-0.022380500324707703,-0.024267889366632118,-0.02238050032470771,-0.024267889366632125,-0.02238050032470771,-0.024267889366632125,-0.022380502543446777,-0.024267887220653282,-0.042767229149634704,0.019843994325430506,
lewidi_armis,gemma,12,GPP-rbf,3,64,0.7463387178212288,0.20877224714766862,0.3679077226026305,0.3862988403471805,0.5517241379310345,0.5517241379310345,0.41771334409713745,0.14408494532108307,0.052049630107756414,0.01719815278215578,0.05204963010775639,0.01719815278215578,0.05204963010775638,0.017198152782155807,0.05204963010775641,0.01719815278215578,0.05204963010775641,0.01719815278215578,0.05204962959834601,0.01719815381695669,0.06911184230580969,0.011290548495503563,
lewidi_armis,gemma,12,GPP-laplace,3,64,0.6959618312404207,0.20256769671847663,0.36671820529576005,0.43134059277346354,0.5724137931034483,0.5724137931034483,0.4204956591129303,0.23975403606891632,-0.10711786161126927,0.0061896793902602165,-0.10711786161126927,0.00618967939026023,-0.1071178616112693,0.0061896793902602165,-0.1071178616112693,0.006189679390260203,-0.1071178616112693,0.006189679390260203,-0.1071178598056193,0.0061896831983672546,-0.09100866363042266,0.03045026715453991,
lewidi_armis,gemma,12,LPE,3,64,0.9722264210635339,0.24960889629345173,0.3940889748327177,0.3226687146114121,0.5448275862068965,0.5448275862068965,0.3189692497253418,0.07984612882137299,0.10481290959421549,0.1282746361535416,0.1048129095942155,0.1282746361535416,0.10481290959421549,0.12827463615354157,0.1048129095942155,0.12827463615354162,0.1048129095942155,0.12827463615354162,0.10481290953647286,0.1282746386981108,0.09990424729354667,0.14711926827474336,
lewidi_armis,gemma,12,LP-temp,3,64,0.7083273755284403,0.20139258686404732,0.3627614853512339,0.39910668851887854,0.5379310344827586,0.5379310344827586,0.6101591516223097,,0.14711179696189275,,0.14711179696189278,,0.14711179696189275,,0.1471117969618928,,0.1471117969618928,,0.14711179593549473,,0.1238538956173421,,
lewidi_armis,gemma,12,GPP-cosine,3,256,0.7190498790714707,0.19324177506011644,0.347178919478,0.40824977716303257,0.5793103448275863,0.5793103448275863,0.6006159782409668,0.0026561080012470484,0.0077897782110944915,0.03897194134633923,0.007789778211094509,0.03897194134633926,0.007789778211094497,0.038971941346339245,0.007789778211094505,0.03897194134633927,0.007789778211094505,0.03897194134633927,0.007789775751665512,0.03897194336904447,0.016422615993459726,0.07236222293266294,
lewidi_armis,gemma,12,GPP-rbf,3,256,0.6271553559353364,0.16331805975935887,0.3068168544178379,0.3813806339898558,0.6689655172413793,0.6689655172413793,0.4388037919998169,0.12185555696487427,0.12074600573628004,0.048878872974780135,0.12074600573628005,0.04887887297478013,0.12074600573628003,0.04887887297478014,0.12074600573628005,0.04887887297478016,0.12074600573628005,0.04887887297478016,0.12074600299455124,0.04887887196105914,0.08792942313164896,0.03250309415372238,
lewidi_armis,gemma,12,GPP-laplace,3,256,0.6926023069911313,0.19998660033885715,0.35929850838307675,0.42257037200304076,0.5724137931034483,0.5724137931034483,0.414760559797287,0.23459552228450775,-0.06520751804453997,0.022479159492955675,-0.06520751804453995,0.022479159492955675,-0.06520751804453995,0.022479159492955703,-0.06520751804453997,0.02247915949295566,-0.06520751804453997,0.02247915949295566,-0.06520751833019459,0.022479161198870973,-0.08621873396566357,0.024633923990189592,
lewidi_armis,gemma,12,LPE,3,256,0.6748799556883044,0.1635793303653057,0.29739435727814423,0.3484586868853513,0.6758620689655173,0.6758620689655173,0.2817918360233307,0.20316769182682037,0.11303026151776213,0.0980138335821614,0.11303026151776213,0.0980138335821614,0.11303026151776213,0.09801383358216141,0.11303026151776216,0.0980138335821614,0.11303026151776216,0.0980138335821614,0.11303026006453942,0.0980138339098439,0.08998225013083141,0.07219108280458338,
lewidi_armis,gemma,12,LP-temp,3,256,0.6331358120233977,0.17613511365210252,0.3310303823885263,0.42374818917188656,0.6827586206896552,0.6827586206896552,0.6451770900741856,,0.08281391075398498,,0.08281391075398498,,0.08281391075398496,,0.08281391075398498,,0.08281391075398498,,0.08281391179559089,,0.06021625864268566,,
lewidi_armis,gemma,12,GPP-cosine,4,16,0.7914977165448247,0.22747072140451252,0.39098751110763386,0.38906446296040503,0.5310344827586206,0.5310344827586206,0.5637305974960327,0.010997390374541283,-0.03249156585541052,-0.009046551228877348,-0.03249156585541053,-0.009046551228877346,-0.032491565855410534,-0.009046551228877348,-0.032491565855410506,-0.009046551228877346,-0.032491565855410506,-0.009046551228877346,-0.03249156766139348,-0.009046548247915927,-0.02189682132461297,0.08074452863451033,
lewidi_armis,gemma,12,GPP-rbf,4,16,0.7155637947813743,0.20978448373650938,0.37883600212376695,0.4309792909777031,0.5310344827586206,0.5310344827586206,0.4750635623931885,0.18492266535758972,0.03477022171974629,-0.0050848496540951,0.03477022171974627,-0.005084849654095114,0.03477022171974628,-0.005084849654095086,0.034770221719746267,-0.005084849654095114,0.034770221719746267,-0.005084849654095114,0.034770223262525456,-0.005084847182057477,0.046188607481605484,-0.026002475322977902,
lewidi_armis,gemma,12,GPP-laplace,4,16,0.6917812023896533,0.20460517177835658,0.37841384266984873,0.45941697488528405,0.5793103448275863,0.5793103448275863,0.43919482827186584,0.2520253658294678,-0.16723072470980588,0.1590167962406565,-0.16723072470980593,0.1590167962406565,-0.16723072470980593,0.1590167962406565,-0.16723072470980593,0.15901679624065657,-0.16723072470980593,0.15901679624065657,-0.1672307258662416,0.15901679952384418,-0.1604626437694294,0.16148905726902066,
lewidi_armis,gemma,12,LPE,4,16,0.8357549085141175,0.2322196741950133,0.3905681781984609,0.380215337002754,0.5655172413793104,0.5655172413793104,0.42253828048706055,0.11523758620023727,0.034153469473328785,0.01682308148724359,0.03415346947332881,0.016823081487243596,0.03415346947332881,0.016823081487243575,0.03415346947332881,0.0168230814872436,0.03415346947332881,0.0168230814872436,0.03415347350563905,0.016823082802017764,0.06158480997547398,0.01163268632870064,
lewidi_armis,gemma,12,LP-temp,4,16,0.7116877685941174,0.21048136891053118,0.38527638400864883,0.4461298474482372,0.4689655172413793,0.4689655172413793,0.6765106590755124,,-0.027400149169249443,,-0.02740014916924944,,-0.027400149169249436,,-0.02740014916924945,,-0.02740014916924945,,-0.027400147295695548,,-0.0013685513327883105,,
lewidi_armis,gemma,12,GPP-cosine,4,64,1.1827158714747557,0.2972652799325716,0.4316208006958638,0.2933187037815567,0.5310344827586206,0.5310344827586206,0.282478928565979,0.0027998911682516336,0.21559109050796632,0.16760031226349908,0.21559109050796627,0.16760031226349908,0.21559109050796632,0.16760031226349906,0.2155910905079663,0.16760031226349908,0.2155910905079663,0.16760031226349908,0.215591096552684,0.16760031879619158,0.11461617412102101,0.042425174817493694,
lewidi_armis,gemma,12,GPP-rbf,4,64,0.6783755792708168,0.1916525117959414,0.3426259571622158,0.4125801234956481,0.5793103448275863,0.5793103448275863,0.47384271025657654,0.15970514714717865,0.1629735047622073,0.08643525891442909,0.1629735047622073,0.0864352589144291,0.1629735047622073,0.0864352589144291,0.1629735047622073,0.0864352589144291,0.1629735047622073,0.0864352589144291,0.16297350376679576,0.08643525981299272,0.1296702387816924,0.07492818547016,
lewidi_armis,gemma,12,GPP-laplace,4,64,0.6858580325511481,0.20105323630926625,0.36965284049510955,0.44888299760895367,0.5793103448275863,0.5793103448275863,0.43351030349731445,0.2471759170293808,-0.11389300831962426,0.08956957060363376,-0.11389300831962426,0.08956957060363374,-0.11389300831962426,0.08956957060363374,-0.11389300831962429,0.08956957060363376,-0.11389300831962429,0.08956957060363376,-0.11389300825352552,0.08956957424680428,-0.11119479578905023,0.1026413499591233,
lewidi_armis,gemma,12,LPE,4,64,0.7568433066049643,0.20322850788157235,0.34672626849617166,0.3656087532954703,0.5862068965517241,0.5862068965517241,0.42172330617904663,0.12444084137678146,0.15812558065955795,0.11671751486658513,0.15812558065955798,0.11671751486658516,0.15812558065955795,0.11671751486658513,0.158125580659558,0.11671751486658513,0.158125580659558,0.11671751486658513,0.1581255797834853,0.11671751288876016,0.12282748211775087,0.10503631479150283,
lewidi_armis,gemma,12,LP-temp,4,64,0.6722492430093566,0.19559269767786627,0.3597696492778832,0.4482359358903601,0.5862068965517241,0.5862068965517241,0.6800391582198152,,0.21129064406421105,,0.21129064406421105,,0.21129064406421103,,0.21129064406421108,,0.21129064406421108,,0.21129064336309272,,0.2083619404170203,,
lewidi_armis,gemma,12,GPP-cosine,4,256,0.7709346037411853,0.20294232830811057,0.35314340748592066,0.38245464545007485,0.5655172413793104,0.5655172413793104,0.5497729778289795,0.0028125355020165443,0.04040629094528039,0.09419316146966224,0.04040629094528041,0.09419316146966225,0.04040629094528039,0.09419316146966222,0.04040629094528039,0.09419316146966224,0.04040629094528039,0.09419316146966224,0.040406291601205874,0.09419316621170244,0.02771316448896329,0.1074312796238824,
lewidi_armis,gemma,12,GPP-rbf,4,256,0.7032120102408179,0.1902568714574919,0.34500985493690806,0.3833286407301463,0.6068965517241379,0.6068965517241379,0.4324442446231842,0.12064177542924881,0.07192582177228848,0.055242637545563675,0.0719258217722885,0.05524263754556366,0.07192582177228848,0.05524263754556363,0.07192582177228848,0.05524263754556366,0.07192582177228848,0.05524263754556366,0.07192582122169833,0.05524263822790162,0.039345850817663924,0.04755715881439379,
lewidi_armis,gemma,12,GPP-laplace,4,256,0.6886049934669465,0.1991245050603682,0.3609293542545417,0.42729395583728025,0.5724137931034483,0.5724137931034483,0.41845670342445374,0.23681117594242096,-0.061628718893442506,0.03094375659468284,-0.06162871889344254,0.030943756594682882,-0.061628718893442534,0.03094375659468286,-0.06162871889344255,0.030943756594682875,-0.06162871889344255,0.030943756594682875,-0.061628717685305354,0.03094375969880389,-0.0612426721422769,0.04687288314799964,
lewidi_armis,gemma,12,LPE,4,256,0.8288671265149862,0.21322462408571377,0.35924482192940244,0.3509957311471437,0.5655172413793104,0.5655172413793104,0.258992999792099,0.20854045450687408,0.11091079587061173,0.025747591532461835,0.11091079587061174,0.025747591532461825,0.11091079587061173,0.02574759153246186,0.11091079587061174,0.025747591532461825,0.11091079587061174,0.025747591532461825,0.11091079629998897,0.0257475908692194,0.12282748211775087,0.009579859329518174,
lewidi_armis,gemma,12,LP-temp,4,256,0.66784483027407,0.19351553163714832,0.3599297414040301,0.44508459374943904,0.5724137931034483,0.5724137931034483,0.6755410581028928,,0.10014041285218711,,0.10014041285218712,,0.10014041285218712,,0.10014041285218712,,0.10014041285218712,,0.10014041371756005,,0.09100866363042266,,
lewidi_armis,gemma,25,GPP-cosine,0,16,1.43054917606516,0.3276586416099229,0.4466942720258697,0.2838078454988655,0.5310344827586206,0.5310344827586206,0.2014784961938858,0.0021069562062621117,0.02465809389702227,0.10099731578556045,0.024658093897022275,0.10099731578556044,0.02465809389702226,0.10099731578556044,0.024658093897022282,0.10099731578556045,0.024658093897022282,0.10099731578556045,0.02465809641195549,0.10099732040050065,-0.058163431643503204,-0.015738340327065573,
lewidi_armis,gemma,25,GPP-rbf,0,16,0.7022261014802368,0.20043422722752707,0.3563324647216961,0.41311616197225887,0.5724137931034483,0.5724137931034483,0.46457192301750183,0.16019949316978455,-0.07805354539786129,-0.0430681582371146,-0.07805354539786127,-0.0430681582371146,-0.07805354539786129,-0.0430681582371146,-0.07805354539786127,-0.04306815823711459,-0.07805354539786127,-0.04306815823711459,-0.0780535438959434,-0.043068157489021125,-0.059189845143094444,-0.028739577988554522,
lewidi_armis,gemma,25,GPP-laplace,0,16,0.6885993636419455,0.2030964297016103,0.37504088642268346,0.45701164149847484,0.5724137931034483,0.5724137931034483,0.43781816959381104,0.2509966790676117,-0.1836932997613191,0.13227775441535827,-0.1836932997613191,0.13227775441535827,-0.1836932997613191,0.13227775441535827,-0.1836932997613191,0.13227775441535827,-0.1836932997613191,0.13227775441535827,-0.18369330114197568,0.13227775741128542,-0.17517457059690375,0.13069665228128366,
lewidi_armis,gemma,25,LPE,0,16,0.7687376573841205,0.21067368274275972,0.36419433003355717,0.3783146623655334,0.5724137931034483,0.5724137931034483,0.4489258825778961,0.07772974669933319,-0.02716841466348953,0.029570651579991156,-0.02716841466348948,0.029570651579991142,-0.027168414663489487,0.029570651579991142,-0.027168414663489508,0.029570651579991183,-0.027168414663489508,0.029570651579991183,-0.0271684149139554,0.02957065168627257,-0.028739577988554522,0.021554683491415892,
lewidi_armis,gemma,25,LP-temp,0,16,0.6912763937967613,0.20464712654378336,0.37836970937526576,0.4613014387023341,0.6,0.6,0.6931046610317892,,-0.03826972823099184,,-0.038269728230991854,,-0.03826972823099185,,-0.03826972823099183,,-0.03826972823099183,,-0.03826972727843378,,-0.023607510490598355,,
lewidi_armis,gemma,25,GPP-cosine,0,64,0.6805605454718603,0.18978102533385097,0.3418080877761581,0.40950052021117034,0.6,0.6,0.6152955293655396,0.003967629745602608,0.046347733429672584,-0.0013050540322750367,0.04634773342967257,-0.0013050540322750506,0.046347733429672563,-0.0013050540322750437,0.04634773342967258,-0.0013050540322750437,0.04634773342967258,-0.0013050540322750437,0.046347735905155465,-0.0013050512234348555,-0.08621881881338563,0.06791442672403589,
lewidi_armis,gemma,25,GPP-rbf,0,64,0.6607394033849877,0.18590701797516498,0.3423455211109129,0.4186420303518572,0.6068965517241379,0.6068965517241379,0.4922022223472595,0.1362731158733368,-0.004763102131565666,-0.05257678940589993,-0.004763102131565666,-0.052576789405899965,-0.00476310213156567,-0.052576789405899944,-0.004763102131565694,-0.05257678940589994,-0.004763102131565694,-0.05257678940589994,-0.004763102624507666,-0.052576789671954616,0.0006842756663941553,-0.07355963413737168,
lewidi_armis,gemma,25,GPP-laplace,0,64,0.6807878869042889,0.1993292214159634,0.3679228210243686,0.450846328584013,0.5724137931034483,0.5724137931034483,0.4356788396835327,0.2469707429409027,-0.15615468031123322,0.09769348383516954,-0.15615468031123325,0.09769348383516953,-0.15615468031123322,0.0976934838351695,-0.15615468031123328,0.09769348383516954,-0.15615468031123328,0.09769348383516954,-0.1561546811270787,0.09769348690691473,-0.14780354394113754,0.09716714462797006,
lewidi_armis,gemma,25,LPE,0,64,0.6904852162484219,0.18801698308963252,0.3420121438158997,0.3962257692005829,0.6,0.6,0.474557489156723,0.0913166031241417,-0.02963729936833018,0.08355116440791137,-0.029637299368330174,0.08355116440791135,-0.029637299368330167,0.08355116440791135,-0.029637299368330185,0.08355116440791137,-0.029637299368330185,0.08355116440791137,-0.029637298839525653,0.08355116077501909,-0.02771316448896329,0.0797181151349191,
lewidi_armis,gemma,25,LP-temp,0,64,0.6692393893386347,0.1911371679564084,0.35175719301857955,0.4309119004304667,0.6,0.6,0.6501723920908138,,-0.05249227269965994,,-0.05249227269965992,,-0.052492272699659934,,-0.05249227269965989,,-0.05249227269965989,,-0.052492272416348,,-0.006158480997547398,,
lewidi_armis,gemma,25,GPP-cosine,0,256,0.8331222189882136,0.21934217067764886,0.36965163849219496,0.34288892496174156,0.5379310344827586,0.5379310344827586,0.4303731322288513,0.0011667966609820724,0.04533462028026872,0.13718039340045982,0.04533462028026871,0.13718039340045984,0.04533462028026872,0.13718039340045984,0.04533462028026872,0.13718039340045984,0.04533462028026872,0.13718039340045984,0.045334622263169214,0.13718039931226844,0.005132067497956165,0.1336049553437583,
lewidi_armis,gemma,25,GPP-rbf,0,256,0.5963442007398729,0.14634164176186185,0.28034659533215495,0.371325283213317,0.7379310344827587,0.7379310344827587,0.4288240075111389,0.09160207211971283,0.07201958270504714,0.02650903418199442,0.07201958270504716,0.026509034181994406,0.07201958270504713,0.02650903418199442,0.07201958270504716,0.02650903418199442,0.07201958270504716,0.02650903418199442,0.07201958288063272,0.026509034125439368,0.06021625864268566,0.02189682132461297,
lewidi_armis,gemma,25,GPP-laplace,0,256,0.6847136245076852,0.19602203630805873,0.3521007496735145,0.4147510268837145,0.5724137931034483,0.5724137931034483,0.409079909324646,0.22887493669986725,-0.17431328357732245,-0.07716156904050521,-0.17431328357732243,-0.07716156904050518,-0.1743132835773224,-0.0771615690405052,-0.17431328357732245,-0.07716156904050518,-0.17431328357732245,-0.07716156904050518,-0.1743132844644722,-0.07716156794046683,-0.17688525976288913,-0.07116466930499214,
lewidi_armis,gemma,25,LPE,0,256,0.6357023258862844,0.14616148774570817,0.2717310979472602,0.3406365977167581,0.7241379310344828,0.7241379310344828,0.30937546491622925,0.14451666176319122,0.11392979288730914,0.0966936292692169,0.11392979288730916,0.0966936292692169,0.11392979288730913,0.09669362926921687,0.11392979288730917,0.0966936292692169,0.11392979288730917,0.0966936292692169,0.11392979520343452,0.09669362836517047,0.1272752739493129,0.09853569596075837,
lewidi_armis,gemma,25,LP-temp,0,256,0.587556027044716,0.15823883237953557,0.30727220837941516,0.4184178232705843,0.7586206896551724,0.7586206896551724,0.6377483257483589,,0.12981632621019865,,0.12981632621019865,,0.12981632621019862,,0.12981632621019867,,0.12981632621019867,,0.12981632748875258,,0.16696326260017388,,
lewidi_armis,gemma,25,GPP-cosine,1,16,1.285134464840143,0.3084530570936813,0.4373222855107401,0.2975002465225155,0.5310344827586206,0.5310344827586206,0.24722060561180115,0.0025867396034300327,0.010081647790708035,0.08918936676971713,0.010081647790708014,0.08918936676971713,0.010081647790708031,0.08918936676971712,0.010081647790708024,0.08918936676971713,0.010081647790708024,0.08918936676971713,0.010081649459289257,0.08918937104863703,-0.043109366982831784,-0.007869170163532786,
lewidi_armis,gemma,25,GPP-rbf,1,16,0.662684089047914,0.19209358010686578,0.3550378252206178,0.4483841385460048,0.6482758620689655,0.6482758620689655,0.5039131045341492,0.17627426981925964,0.08317500425984477,0.013054198978180304,0.08317500425984477,0.013054198978180262,0.08317500425984477,0.013054198978180276,0.0831750042598448,0.013054198978180262,0.0831750042598448,0.013054198978180262,0.0831750044476311,0.013054199190028856,0.06021625864268566,-0.01984401385387447,
lewidi_armis,gemma,25,GPP-laplace,1,16,0.6909744453045606,0.20449799024091853,0.37801289630347285,0.46103926521579863,0.5103448275862069,0.5103448275862069,0.4404309093952179,0.2524116039276123,-0.16269900937509718,0.17118694541373675,-0.16269900937509718,0.17118694541373672,-0.16269900937509718,0.17118694541373672,-0.16269900937509718,0.17118694541373672,-0.16269900937509718,0.17118694541373672,-0.16269901134809653,0.17118694749880964,-0.16012050593623237,0.1655947112673856,
lewidi_armis,gemma,25,LPE,1,16,0.6926726784714351,0.20062160545913094,0.3588002625210532,0.4253251169839963,0.5310344827586206,0.5310344827586206,0.5227108597755432,0.12712202966213226,0.09576225739267648,-0.030570314824313882,0.09576225739267646,-0.03057031482431388,0.09576225739267646,-0.03057031482431389,0.09576225739267646,-0.030570314824313875,0.09576225739267646,-0.030570314824313875,0.09576225975247474,-0.03057031359203214,0.07013825580540091,-0.04755715881439379,
lewidi_armis,gemma,25,LP-temp,1,16,0.6917012108466771,0.2048209112970375,0.3785207900842449,0.46132884212636327,0.6551724137931034,0.6551724137931034,0.6931320644558184,,0.08568679468182729,,0.08568679468182727,,0.08568679468182729,,0.0856867946818273,,0.0856867946818273,,0.08568679505627613,,0.018133305159445112,,
lewidi_armis,gemma,25,GPP-cosine,1,64,0.8303858397424208,0.2182247110007446,0.3723031938927683,0.38132145354831914,0.5655172413793104,0.5655172413793104,0.4874293804168701,0.0022327664773911238,-0.0704938434606185,0.03528599095917499,-0.07049384346061849,0.03528599095917501,-0.0704938434606185,0.035285990959175006,-0.0704938434606185,0.03528599095917501,-0.0704938434606185,0.03528599095917501,-0.07049384307621505,0.035285994679095475,-0.12898596311529828,0.01608047816026265,
lewidi_armis,gemma,25,GPP-rbf,1,64,0.6617967878079334,0.18166696817313888,0.3307502584981507,0.39122248839080925,0.6206896551724138,0.6206896551724138,0.46038365364074707,0.1275547295808792,0.12332487095568015,0.05471557453453337,0.12332487095568015,0.05471557453453335,0.12332487095568015,0.054715574534533365,0.12332487095568018,0.05471557453453338,0.12332487095568018,0.05471557453453338,0.12332486968372847,0.05471557410477212,0.11187907145544439,0.03558233465249607,
lewidi_armis,gemma,25,GPP-laplace,1,64,0.6814660215895689,0.1981818946581111,0.3614941301016972,0.4385753142202628,0.5793103448275863,0.5793103448275863,0.42765215039253235,0.2427264004945755,-0.08104641610555656,0.09812687168609732,-0.08104641610555659,0.09812687168609734,-0.08104641610555657,0.09812687168609731,-0.08104641610555656,0.09812687168609734,-0.08104641610555656,0.09812687168609734,-0.08104641727548458,0.09812687416462237,-0.11222120928864147,0.10366776345871452,
lewidi_armis,gemma,25,LPE,1,64,0.7186114344774988,0.18829411643683377,0.32847772009734966,0.35406880266226354,0.6344827586206897,0.6344827586206897,0.4248259961605072,0.08350621163845062,0.18432464088351594,0.032057729567729634,0.1843246408835159,0.03205772956772962,0.1843246408835159,0.03205772956772962,0.18432464088351594,0.03205772956772965,0.18432464088351594,0.03205772956772965,0.18432463969439333,0.032057728942341344,0.19980849458709335,0.09237721496321097,
lewidi_armis,gemma,25,LP-temp,1,64,0.6466992946215522,0.18485131223360832,0.344277350329665,0.4413583518291049,0.6275862068965518,0.6275862068965518,0.6725433505640959,,0.1699139732434598,,0.16991397324345983,,0.1699139732434598,,0.16991397324345986,,0.16991397324345986,,0.16991397266215932,,0.19741352975471382,,
lewidi_armis,gemma,25,GPP-cosine,1,256,0.7962078213597187,0.21150820849501417,0.36374118347521445,0.37319738686766274,0.5724137931034483,0.5724137931034483,0.48466944694519043,0.001248691463842988,-0.03147462752275092,0.11396613833971997,-0.0314746275227509,0.11396613833971997,-0.03147462752275092,0.11396613833971994,-0.03147462752275092,0.11396613833971997,-0.03147462752275092,0.11396613833971997,-0.03147462746366152,0.11396614299591405,-0.09374576629599927,0.09562761848548128,
lewidi_armis,gemma,25,GPP-rbf,1,256,0.5920801073380534,0.14836726789104773,0.28354410756507825,0.3707478155397371,0.7448275862068966,0.7448275862068966,0.4532993733882904,0.09680439531803131,0.1858679837433697,0.10286587935943477,0.18586798374336974,0.10286587935943474,0.1858679837433697,0.10286587935943478,0.18586798374336974,0.10286587935943477,0.18586798374336974,0.10286587935943477,0.18586798268436175,0.1028658791054877,0.19672925408831965,0.10298348779232037,
lewidi_armis,gemma,25,GPP-laplace,1,256,0.6660424688694389,0.1933463865404045,0.35842632620499054,0.44931825488054816,0.6,0.6,0.4365581274032593,0.24455000460147858,-0.05594464294151137,0.11987159788375112,-0.05594464294151136,0.11987159788375115,-0.05594464294151136,0.11987159788375114,-0.05594464294151136,0.11987159788375117,-0.05594464294151136,0.11987159788375117,-0.05594464622168632,0.1198715987622747,-0.06671687747343014,0.12590672261652458,
lewidi_armis,gemma,25,LPE,1,256,0.6353458910585817,0.14864214936328585,0.2720348115970284,0.32337920074926124,0.7379310344827587,0.7379310344827587,0.3116450309753418,0.15786440670490265,0.23932196975028458,0.19395586867495435,0.23932196975028458,0.19395586867495435,0.23932196975028458,0.19395586867495435,0.23932196975028464,0.1939558686749544,0.23932196975028464,0.1939558686749544,0.23932196868848765,0.1939558683608038,0.2343644157399982,0.19467642708913716,
lewidi_armis,gemma,25,LP-temp,1,256,0.6142862400423907,0.16940596521545687,0.3215681277974448,0.42106921129768754,0.6896551724137931,0.6896551724137931,0.647201377807742,,0.20408487278994614,,0.2040848727899461,,0.2040848727899461,,0.20408487278994614,,0.20408487278994614,,0.2040848720600427,,0.19741352975471382,,
lewidi_armis,gemma,25,GPP-cosine,2,16,2.169919397788745,0.39028949587056,0.4828031476386341,0.26627477441083763,0.5172413793103449,0.5172413793103449,0.09543539583683014,0.002845708280801773,-0.06243425071612982,-0.12324780166417387,-0.06243425071612982,-0.12324780166417387,-0.062434250716129826,-0.12324780166417384,-0.06243425071612983,-0.12324780166417389,-0.06243425071612983,-0.12324780166417389,-0.062434252193045554,-0.12324780189754589,0.07287535847097754,0.06021625864268566,
lewidi_armis,gemma,25,GPP-rbf,2,16,0.7419623368300159,0.20945176333508864,0.3672096535563469,0.3893552396376289,0.5724137931034483,0.5724137931034483,0.4229660630226135,0.15338794887065887,0.019840061593976804,-0.026521153019136476,0.019840061593976832,-0.02652115301913649,0.019840061593976804,-0.026521153019136476,0.019840061593976846,-0.026521153019136504,0.019840061593976846,-0.026521153019136504,0.01984005796709326,-0.026521154635750555,0.008553445829926941,-0.034213783319707765,
lewidi_armis,gemma,25,GPP-laplace,2,16,0.6875547544105334,0.2021376914130356,0.37157352505059077,0.4521424029681482,0.5724137931034483,0.5724137931034483,0.43466511368751526,0.24928046762943268,-0.16410295139026526,0.11979027599172579,-0.1641029513902653,0.11979027599172576,-0.16410295139026523,0.11979027599172576,-0.1641029513902653,0.11979027599172579,-0.1641029513902653,0.11979027599172579,-0.16410295319392376,0.1197902786065312,-0.14780354394113754,0.10948410662306486,
lewidi_armis,gemma,25,LPE,2,16,0.7970933763274316,0.218660814044355,0.3733353659382154,0.3652573705624672,0.5517241379310345,0.5517241379310345,0.41840121150016785,0.0859023854136467,0.04470494393843017,-0.009155048469931468,0.044704943938430164,-0.009155048469931468,0.04470494393843015,-0.009155048469931454,0.044704943938430164,-0.00915504846993144,0.044704943938430164,-0.00915504846993144,0.044704940489359433,-0.009155051162812969,0.025318199656583745,0.026686750989372055,
lewidi_armis,gemma,25,LP-temp,2,16,0.6893598491340506,0.19736650299334343,0.3534204868012826,0.41345755153265323,0.5517241379310345,0.5517241379310345,0.6351630018959918,,0.0683995994151834,,0.06839959941518342,,0.0683995994151834,,0.06839959941518343,,0.06839959941518343,,0.0683995962843535,,0.03113454282093407,,
lewidi_armis,gemma,25,GPP-cosine,2,64,0.8124528102249128,0.21323722113294435,0.360906166302247,0.3774968830749459,0.5793103448275863,0.5793103448275863,0.5114488005638123,0.002589580835774541,-0.015170117284147943,0.05195445970798539,-0.015170117284147945,0.05195445970798541,-0.015170117284147954,0.05195445970798539,-0.015170117284147942,0.0519544597079854,-0.015170117284147942,0.0519544597079854,-0.0151701166192207,0.05195446348980297,-0.06226908564186814,0.009237721496321096,
lewidi_armis,gemma,25,GPP-rbf,2,64,0.7907141418209794,0.21338073196621246,0.3680016490277545,0.37537971753559757,0.5793103448275863,0.5793103448275863,0.3864190876483917,0.1020030528306961,-0.10651985995697005,-0.09813191423012148,-0.10651985995697005,-0.09813191423012148,-0.10651985995697005,-0.09813191423012146,-0.10651985995697007,-0.09813191423012152,-0.10651985995697007,-0.09813191423012152,-0.10651986049994208,-0.09813191509090784,-0.0964828689615759,-0.10400990129191161,
lewidi_armis,gemma,25,GPP-laplace,2,64,0.7098707802788135,0.20449848332166615,0.36118074563042873,0.4093270434490679,0.5724137931034483,0.5724137931034483,0.4030264616012573,0.22822849452495575,-0.15680210222243512,-0.037720065622277685,-0.15680210222243512,-0.03772006562227769,-0.15680210222243512,-0.0377200656222777,-0.15680210222243512,-0.037720065622277706,-0.15680210222243512,-0.037720065622277706,-0.15680210277730278,-0.03772006425027233,-0.15054064660671418,-0.033871645486510685,
lewidi_armis,gemma,25,LPE,2,64,0.9269042025267991,0.2306397730171427,0.37084560881786305,0.34836332628767613,0.6068965517241379,0.6068965517241379,0.32816168665885925,0.048756472766399384,-0.08718848382981513,-0.08351997961169379,-0.08718848382981512,-0.08351997961169379,-0.08718848382981513,-0.08351997961169379,-0.08718848382981514,-0.0835199796116938,-0.08718848382981514,-0.0835199796116938,-0.08718848475201607,-0.08351998101602778,-0.0858765961324665,-0.07355963413737168,
lewidi_armis,gemma,25,LP-temp,2,64,0.6855704616990479,0.1900278868584927,0.34568084359149925,0.40383449383962294,0.6068965517241379,0.6068965517241379,0.5935512954303739,,-0.04406017233462613,,-0.04406017233462613,,-0.04406017233462613,,-0.04406017233462611,,-0.04406017233462611,,-0.04406017283579087,,-0.070480393638598,,
lewidi_armis,gemma,25,GPP-cosine,2,256,0.6762595974459269,0.18369890120921772,0.3338357994088036,0.3797969217477983,0.593103448275862,0.593103448275862,0.5476680397987366,0.001759520499035716,0.04490622874324323,0.006845132607292789,0.04490622874324323,0.006845132607292803,0.04490622874324323,0.006845132607292803,0.04490622874324324,0.006845132607292782,0.04490622874324324,0.006845132607292782,0.04490622638618338,0.006845134888785125,0.0020528269991824657,0.13428923168354703,
lewidi_armis,gemma,25,GPP-rbf,2,256,0.5576055828778557,0.13594504403887275,0.26665895775217435,0.3613415638173767,0.7448275862068966,0.7448275862068966,0.4417380094528198,0.09278547018766403,0.1945342556820389,0.13856857895774816,0.19453425568203891,0.1385685789577482,0.19453425568203886,0.13856857895774818,0.19453425568203891,0.1385685789577482,0.19453425568203891,0.1385685789577482,0.19453425407137448,0.1385685782661856,0.21315187008177935,0.1406186494439989,
lewidi_armis,gemma,25,GPP-laplace,2,256,0.663052255477296,0.19050043202196906,0.347850543363341,0.432736351222757,0.5862068965517241,0.5862068965517241,0.42586126923561096,0.23828132450580597,-0.11365235324706716,0.029149802422791873,-0.11365235324706716,0.029149802422791887,-0.11365235324706717,0.029149802422791873,-0.11365235324706714,0.029149802422791887,-0.11365235324706714,0.029149802422791887,-0.11365235776512776,0.029149801397517064,-0.119063965952583,0.031476680654131145,
lewidi_armis,gemma,25,LPE,2,256,0.5870722410309237,0.13322643651614563,0.25421231110291237,0.316924055984817,0.7448275862068966,0.7448275862068966,0.3045995235443115,0.148341566324234,0.26102790347898386,0.18065117043090137,0.26102790347898386,0.18065117043090137,0.26102790347898386,0.1806511704309014,0.26102790347898386,0.18065117043090134,0.26102790347898386,0.18065117043090134,0.26102790205840537,0.18065117107776812,0.27952660972201243,0.17996450026166283,
lewidi_armis,gemma,25,LP-temp,2,256,0.6006322744534608,0.16532199172523357,0.31825939986607404,0.432015478865167,0.7034482758620689,0.7034482758620689,0.6585270679565861,,0.1897268948501854,,0.18972689485018535,,0.18972689485018535,,0.1897268948501854,,0.1897268948501854,,0.1897268963852648,,0.27952660972201243,,
lewidi_armis,gemma,25,GPP-cosine,3,16,0.7110518789938993,0.20670161326638056,0.3698366905016632,0.425885420736734,0.5241379310344828,0.5241379310344828,0.6356741786003113,0.009703481569886208,0.051215892601018886,-0.045419404803466755,0.051215892601018886,-0.045419404803466755,0.051215892601018886,-0.04541940480346676,0.051215892601018886,-0.04541940480346677,0.051215892601018886,-0.04541940480346677,0.051215890768206006,-0.04541940353520786,0.13582871977923983,0.11940610378578011,
lewidi_armis,gemma,25,GPP-rbf,3,16,0.6785395198247084,0.19678274321171396,0.3621103026743593,0.43846535927233354,0.5793103448275863,0.5793103448275863,0.4952005445957184,0.17394669353961945,0.06329500537184148,-0.007517986812265426,0.06329500537184146,-0.0075179868122654675,0.06329500537184148,-0.0075179868122654675,0.06329500537184146,-0.007517986812265454,0.06329500537184146,-0.007517986812265454,0.06329500677058014,-0.007517985453242615,0.05132067497956165,-0.021554683491415892,
lewidi_armis,gemma,25,GPP-laplace,3,16,0.692770633294771,0.20521008862929657,0.37921312184169376,0.46111334389460185,0.503448275862069,0.503448275862069,0.4404042065143585,0.2525123655796051,-0.1622397039193753,0.16708688834824237,-0.1622397039193753,0.16708688834824237,-0.1622397039193753,0.16708688834824237,-0.1622397039193753,0.16708688834824237,-0.1622397039193753,0.16708688834824237,-0.16223970606375107,0.1670868905052956,-0.15840981677024696,0.1655947112673856,
lewidi_armis,gemma,25,LPE,3,16,0.6881305104226194,0.19562745817901397,0.3546943073642665,0.4172261001500756,0.5862068965517241,0.5862068965517241,0.4650348126888275,0.1664520800113678,0.06184580298996689,0.07701593721567666,0.0618458029899669,0.07701593721567665,0.06184580298996688,0.07701593721567666,0.06184580298996688,0.07701593721567665,0.06184580298996688,0.07701593721567665,0.061845805518384846,0.0770159385322419,0.06876970447261262,0.07766528813573663,
lewidi_armis,gemma,25,LP-temp,3,16,0.6923018291565375,0.2050539741998373,0.3789876984960125,0.46133250891884947,0.5586206896551724,0.5586206896551724,0.6931357312483044,,0.019340486132438044,,0.019340486132438026,,0.019340486132438044,,0.019340486132438033,,0.019340486132438033,,0.019340488247289164,,-0.027028888822569132,,
lewidi_armis,gemma,25,GPP-cosine,3,64,1.2620074162835118,0.31835890422678886,0.4575185803311138,0.31662541852795517,0.5103448275862069,0.5103448275862069,0.2945824861526489,0.00282953679561615,-0.04316257279469344,-0.1211725204185284,-0.04316257279469344,-0.1211725204185284,-0.043162572794693425,-0.12117252041852838,-0.043162572794693446,-0.1211725204185284,-0.043162572794693446,-0.1211725204185284,-0.04316257320473555,-0.1211725201431446,0.01163268632870064,0.1009306607931379,
lewidi_armis,gemma,25,GPP-rbf,3,64,0.7089061051709578,0.19687194713818634,0.3522000446144877,0.39098249457633033,0.5655172413793104,0.5655172413793104,0.45506587624549866,0.12367858737707138,0.08672558358564984,-8.689505893662644e-05,0.08672558358564983,-8.689505893663338e-05,0.08672558358564982,-8.689505893662991e-05,0.08672558358564987,-8.689505893664032e-05,0.08672558358564987,-8.689505893664032e-05,0.08672558691623833,-8.689282374138921e-05,0.07903383946852494,0.003079240498773699,
lewidi_armis,gemma,25,GPP-laplace,3,64,0.6932169127575019,0.2013692934778638,0.36268205077483734,0.4281118212302145,0.5724137931034483,0.5724137931034483,0.4208589196205139,0.23843902349472046,-0.053982129953137496,0.08587171364444142,-0.053982129953137475,0.08587171364444143,-0.053982129953137496,0.08587171364444143,-0.05398212995313749,0.08587171364444142,-0.05398212995313749,0.08587171364444142,-0.05398212913305697,0.08587171704364002,-0.06363763697465645,0.08074452863451033,
lewidi_armis,gemma,25,LPE,3,64,0.7752819478034751,0.2050603721099345,0.3510261329019378,0.36115603362373594,0.6137931034482759,0.6137931034482759,0.41056469082832336,0.0808262825012207,0.053354382340407576,0.10163117274360192,0.05335438234040757,0.10163117274360192,0.05335438234040757,0.10163117274360192,0.05335438234040757,0.10163117274360195,0.05335438234040757,0.10163117274360195,0.053354386104751995,0.10163117693021774,0.036608748152087305,0.07527032330335709,
lewidi_armis,gemma,25,LP-temp,3,64,0.660551064782795,0.18912625579415648,0.35457455039753405,0.43528885408253176,0.593103448275862,0.593103448275862,0.664240738218708,,0.08036333712754559,,0.0803633371275456,,0.0803633371275456,,0.08036333712754562,,0.08036333712754562,,0.08036334136703982,,0.07013825580540091,,
lewidi_armis,gemma,25,GPP-cosine,3,256,0.6415882414007745,0.17511973834780228,0.325302619546514,0.4020878878323271,0.6344827586206897,0.6344827586206897,0.5955204367637634,0.0016299613052979112,0.03384367091252365,0.07686904410568368,0.033843670912523674,0.07686904410568368,0.03384367091252367,0.07686904410568368,0.03384367091252369,0.07686904410568368,0.03384367091252369,0.07686904410568368,0.03384367104562847,0.07686904762493522,-0.10606272829109407,0.14438216560916675,
lewidi_armis,gemma,25,GPP-rbf,3,256,0.5630268542480623,0.13810209942886467,0.27420765347136505,0.3667450515368837,0.7172413793103448,0.7172413793103448,0.4356793165206909,0.09279612451791763,0.1365920012376055,0.07587742263942635,0.1365920012376055,0.07587742263942636,0.1365920012376055,0.07587742263942636,0.1365920012376055,0.07587742263942635,0.1365920012376055,0.07587742263942635,0.13659199850405918,0.07587742064046255,0.1252224469501304,0.04550433181521133,
lewidi_armis,gemma,25,GPP-laplace,3,256,0.6869880469833708,0.19672503643842276,0.3525282390158752,0.4124807753918675,0.5724137931034483,0.5724137931034483,0.409065306186676,0.22884148359298706,-0.06320773751816436,0.024994128024326663,-0.06320773751816437,0.02499412802432667,-0.06320773751816436,0.024994128024326663,-0.06320773751816439,0.024994128024326677,-0.06320773751816439,0.024994128024326677,-0.06320773944397517,0.02499412822316264,-0.09100866363042266,-0.0010264134995912329,
lewidi_armis,gemma,25,LPE,3,256,0.5872013846057057,0.13404503461410983,0.26025881861127786,0.3240626979453014,0.7241379310344828,0.7241379310344828,0.3051983118057251,0.147978276014328,0.2077098630117019,0.15014372441929433,0.20770986301170194,0.15014372441929433,0.2077098630117019,0.1501437244192943,0.20770986301170197,0.15014372441929433,0.20770986301170197,0.15014372441929433,0.2077098618023074,0.15014372433975195,0.20254559725266996,0.15361988710548788,
lewidi_armis,gemma,25,LP-temp,3,256,0.5739516312014049,0.15254904339925177,0.29799755112295623,0.4103644019389817,0.7379310344827587,0.7379310344827587,0.6338517152545562,,0.2503744897029476,,0.2503744897029476,,0.2503744897029476,,0.2503744897029477,,0.2503744897029477,,0.2503744899032374,,0.20904621608341445,,
lewidi_armis,gemma,25,GPP-cosine,4,16,0.7337899116518319,0.21154236995900652,0.3697836316351233,0.39770935888198833,0.5241379310344828,0.5241379310344828,0.6011139750480652,0.009641163051128387,0.031159027372010636,-0.06415264019379983,0.031159027372010636,-0.06415264019379982,0.031159027372010636,-0.06415264019379982,0.03115902737201065,-0.06415264019379982,0.03115902737201065,-0.06415264019379982,0.03115902435575968,-0.06415263850294542,0.034898058986101925,0.054399915478335344,
lewidi_armis,gemma,25,GPP-rbf,4,16,0.7029110342882703,0.20209921053990546,0.3605653689853076,0.4153263186130348,0.5724137931034483,0.5724137931034483,0.475759357213974,0.1600668579339981,0.04769975654609308,-0.004535182257315862,0.047699756546093056,-0.004535182257315862,0.047699756546093076,-0.004535182257315834,0.04769975654609307,-0.004535182257315848,0.04769975654609307,-0.004535182257315848,0.04769975678439538,-0.0045351817529354355,0.05850556947670028,0.009579859329518174,
lewidi_armis,gemma,25,GPP-laplace,4,16,0.6888043468534636,0.2033054816492296,0.37562043194113104,0.4581161307714273,0.5724137931034483,0.5724137931034483,0.4386734664440155,0.2512458562850952,-0.1714076987902098,0.14729203114235878,-0.1714076987902098,0.14729203114235878,-0.17140769879020978,0.14729203114235878,-0.17140769879020984,0.14729203114235878,-0.17140769879020984,0.14729203114235878,-0.17140770053591692,0.14729203388584683,-0.16285760860180898,0.14917209527392586,
lewidi_armis,gemma,25,LPE,4,16,0.7571605294337808,0.21145836077489258,0.36687647803076384,0.38787340610717264,0.5724137931034483,0.5724137931034483,0.464930921792984,0.10372287780046463,0.039604963224233805,0.0745142094984324,0.039604963224233805,0.0745142094984324,0.03960496322423383,0.07451420949843242,0.0396049632242338,0.0745142094984324,0.0396049632242338,0.0745142094984324,0.0396049629513829,0.07451421189455446,0.04721502098119671,0.08827156096484602,
lewidi_armis,gemma,25,LP-temp,4,16,0.6840785920856384,0.20121069788409962,0.3723497708289208,0.4563902553208254,0.5586206896551724,0.5586206896551724,0.6881934776502805,,0.06237818806863106,,0.06237818806863108,,0.062378188068631046,,0.06237818806863107,,0.06237818806863107,,0.06237818838404668,,0.07527032330335709,,
lewidi_armis,gemma,25,GPP-cosine,4,64,1.135182130159738,0.27797606191868257,0.4160603849661443,0.32405428723142504,0.5379310344827586,0.5379310344827586,0.32131078839302063,0.0016011703992262483,-0.02660992940935622,0.031988204698497114,-0.026609929409356223,0.03198820469849713,-0.026609929409356217,0.03198820469849712,-0.02660992940935621,0.03198820469849713,-0.02660992940935621,0.03198820469849713,-0.026609928836276185,0.03198820745822653,-0.0766388746361454,-0.016935839409772176,
lewidi_armis,gemma,25,GPP-rbf,4,64,0.6125171827356778,0.16631565897595801,0.31141112374848334,0.40531808533405983,0.6689655172413793,0.6689655172413793,0.48672401905059814,0.13348738849163055,0.1580479644673739,0.07025467333858422,0.1580479644673739,0.07025467333858423,0.1580479644673739,0.07025467333858423,0.1580479644673739,0.07025467333858425,0.1580479644673739,0.07025467333858425,0.15804796099981352,0.07025467204198622,0.13890796027801353,0.06842756663941553,
lewidi_armis,gemma,25,GPP-laplace,4,64,0.6768802072833029,0.19753000658218908,0.36343044556420423,0.4482625227634389,0.5793103448275863,0.5793103448275863,0.4339089095592499,0.24615678191184998,-0.09546609945755392,0.12328676854904413,-0.09546609945755397,0.12328676854904412,-0.09546609945755395,0.1232867685490441,-0.095466099457554,0.12328676854904413,-0.095466099457554,0.12328676854904413,-0.09546610297476484,0.12328676986297499,-0.10127279862633498,0.1300123766148895,
lewidi_armis,gemma,25,LPE,4,64,0.6198163869230167,0.1617149820615373,0.2966076711770789,0.3724985104720645,0.6896551724137931,0.6896551724137931,0.45573845505714417,0.10207466781139374,0.1616159820156885,0.0878115452728516,0.1616159820156885,0.08781154527285157,0.1616159820156885,0.08781154527285158,0.1616159820156885,0.08781154527285158,0.1616159820156885,0.08781154527285158,0.16161598044868852,0.08781154040660426,0.1529356114390937,0.06500618830744476,
lewidi_armis,gemma,25,LP-temp,4,64,0.6291746180091593,0.17807797220789562,0.3328101444821942,0.44073455239172016,0.7172413793103448,0.7172413793103448,0.6722063713534056,,0.1671682192259737,,0.16716821922597366,,0.16716821922597366,,0.16716821922597366,,0.16716821922597366,,0.1671682170793482,,0.1115369336222473,,
lewidi_armis,gemma,25,GPP-cosine,4,256,0.6804237136387224,0.18314920133434132,0.3288224551961509,0.3756198245536743,0.6137931034482759,0.6137931034482759,0.5406661629676819,0.0016333648236468434,0.056934077565072815,0.11428798606319818,0.056934077565072815,0.11428798606319815,0.0569340775650728,0.11428798606319816,0.05693407756507281,0.11428798606319815,0.05693407756507281,0.11428798606319815,0.05693407923616401,0.11428799154809516,-0.02326537265740128,0.1440400277759697,
lewidi_armis,gemma,25,GPP-rbf,4,256,0.5705711880588504,0.13805642413094252,0.2686794899532507,0.35444409189124254,0.7103448275862069,0.7103448275862069,0.4231584668159485,0.08985976874828339,0.19071041981421377,0.12636361133741814,0.19071041981421377,0.12636361133741814,0.19071041981421377,0.12636361133741814,0.1907104198142138,0.12636361133741814,0.1907104198142138,0.12636361133741814,0.1907104153278393,0.12636360797400903,0.17654312192969204,0.1252224469501304,
lewidi_armis,gemma,25,GPP-laplace,4,256,0.6687471243536607,0.1913020534253846,0.34679192535836123,0.4216975996646223,0.5862068965517241,0.5862068965517241,0.4182034730911255,0.23418447375297546,-0.00803825446480208,0.08958180370594877,-0.008038254464802067,0.08958180370594876,-0.008038254464802094,0.08958180370594876,-0.008038254464802094,0.08958180370594876,-0.008038254464802094,0.08958180370594876,-0.008038257256237968,0.08958180360671913,-0.046188607481605484,0.05850556947670028,
lewidi_armis,gemma,25,LPE,4,256,0.615920434083719,0.137901276607895,0.25752409097230755,0.3101272643184051,0.7379310344827587,0.7379310344827587,0.2926894724369049,0.13686151802539825,0.23832743384564797,0.1699062430271201,0.23832743384564797,0.16990624302712015,0.23832743384564797,0.1699062430271201,0.23832743384564803,0.16990624302712015,0.23832743384564803,0.16990624302712015,0.23832743055172503,0.16990623924589854,0.23710151840557483,0.16935822743255344,
lewidi_armis,gemma,25,LP-temp,4,256,0.574797697145344,0.15310208715546225,0.2922066313283482,0.412007006576616,0.7793103448275862,0.7793103448275862,0.6361197671026567,,0.2665841675196057,,0.2665841675196057,,0.2665841675196057,,0.26658416751960573,,0.26658416751960573,,0.266584165216632,,0.2767895070564358,,
lewidi_armis,gemma,37,GPP-cosine,0,16,1.6004934493515712,0.3435794429629806,0.4498804073728589,0.26424119244096367,0.5379310344827586,0.5379310344827586,0.152805358171463,0.004964422434568405,0.1002129453709729,0.06948929258994765,0.10021294537097292,0.06948929258994767,0.1002129453709729,0.06948929258994768,0.10021294537097292,0.06948929258994765,0.10021294537097292,0.06948929258994765,0.10021294939949843,0.06948929715521449,0.09408790412919636,0.03113454282093407,
lewidi_armis,gemma,37,GPP-rbf,0,16,0.688937173609343,0.1995927531893258,0.3617989141879411,0.4305493244774741,0.5586206896551724,0.5586206896551724,0.485594242811203,0.17175595462322235,-0.026246733391983267,-0.01819945842962826,-0.026246733391983246,-0.01819945842962825,-0.02624673339198326,-0.01819945842962823,-0.02624673339198324,-0.018199458429628237,-0.02624673339198324,-0.018199458429628237,-0.02624673471588978,-0.01819945876391489,-0.02326537265740128,-0.029081715821751602,
lewidi_armis,gemma,37,GPP-laplace,0,16,0.690384754778555,0.20406251499426775,0.37702084358396204,0.45930342186313794,0.5655172413793104,0.5655172413793104,0.4392135739326477,0.2518931031227112,-0.17085363288202912,0.1535574548594416,-0.1708536328820291,0.1535574548594416,-0.1708536328820291,0.1535574548594416,-0.17085363288202915,0.15355745485944164,-0.17085363288202915,0.15355745485944164,-0.17085363479471016,0.15355745736442916,-0.17106891659853882,0.14643499260834922,
lewidi_armis,gemma,37,LPE,0,16,0.7041388649322489,0.20056846517467983,0.36013862716740574,0.4119944633411076,0.5793103448275863,0.5793103448275863,0.5148596167564392,0.10331805050373077,0.008508802872793965,0.007810913796976571,0.008508802872793972,0.007810913796976571,0.008508802872793958,0.007810913796976571,0.008508802872793972,0.007810913796976585,0.008508802872793972,0.007810913796976585,0.008508800418533538,0.00781091140418122,-0.031476680654131145,-0.013685513327883108,
lewidi_armis,gemma,37,LP-temp,0,16,0.6921082423818353,0.20497973542631032,0.378782618512926,0.4613237039489982,0.5586206896551724,0.5586206896551724,0.6931269262784532,,-0.029743993317342808,,-0.029743993317342794,,-0.029743993317342822,,-0.029743993317342808,,-0.029743993317342808,,-0.029743995711759355,,-0.10400990129191161,,
lewidi_armis,gemma,37,GPP-cosine,0,64,0.7765382457331497,0.1927845521399139,0.3315656869940195,0.37971280691396286,0.6689655172413793,0.6689655172413793,0.5391530394554138,0.00727379834279418,0.08053118837795216,0.049620310966841816,0.08053118837795212,0.0496203109668418,0.08053118837795213,0.0496203109668418,0.08053118837795213,0.0496203109668418,0.08053118837795213,0.0496203109668418,0.08053118674845869,0.04962031309414772,0.0643219126410506,0.1484878196075317,
lewidi_armis,gemma,37,GPP-rbf,0,64,0.6479243852133048,0.18093792057230476,0.33254681067733927,0.4164210722652999,0.6206896551724138,0.6206896551724138,0.48441603779792786,0.14074085652828217,-0.026028651151975862,-0.0468602657100938,-0.02602865115197588,-0.046860265710093815,-0.026028651151975855,-0.046860265710093815,-0.026028651151975876,-0.046860265710093815,-0.026028651151975876,-0.046860265710093815,-0.02602865465374051,-0.046860267147498726,-0.05063639931316749,-0.0780074259689337,
lewidi_armis,gemma,37,GPP-laplace,0,64,0.6788815877159613,0.1987045306661321,0.36629033355877316,0.45135273326170333,0.5724137931034483,0.5724137931034483,0.4356796145439148,0.24747629463672638,-0.222408626362961,0.0667035695459856,-0.22240862636296105,0.06670356954598558,-0.222408626362961,0.06670356954598558,-0.22240862636296105,0.0667035695459856,-0.22240862636296105,0.0667035695459856,-0.22240862980799667,0.06670357090189366,-0.23641724273918063,0.04824143448078795,
lewidi_armis,gemma,37,LPE,0,64,0.6816123098661684,0.181613237842893,0.3260406431067607,0.3814356699923743,0.6551724137931034,0.6551724137931034,0.4645170569419861,0.08049850165843964,0.025756474658616926,0.055094008000594406,0.025756474658616933,0.055094008000594406,0.025756474658616933,0.055094008000594406,0.025756474658616933,0.055094008000594406,0.025756474658616933,0.055094008000594406,0.02575647258317842,0.0550940063816361,-0.02805530232216037,0.017449029493050962,
lewidi_armis,gemma,37,LP-temp,0,64,0.676762252671966,0.1819812285428336,0.32905312864608177,0.3881112653180593,0.6620689655172414,0.6620689655172414,0.5676733785844917,,0.06913773860853527,,0.06913773860853524,,0.06913773860853524,,0.06913773860853525,,0.06913773860853525,,0.06913773813514572,,0.02976599148814575,,
lewidi_armis,gemma,37,GPP-cosine,0,256,0.7728555362760626,0.18735880303930327,0.3231960538561856,0.32415552266149533,0.6275862068965518,0.6275862068965518,0.38739046454429626,0.0037550157867372036,0.09386567806000169,0.07374171410730207,0.09386567806000168,0.07374171410730208,0.09386567806000168,0.07374171410730207,0.09386567806000168,0.0737417141073021,0.09386567806000168,0.0737417141073021,0.09386567881705038,0.07374171829088902,0.08416590696648109,0.16901608959935635,
lewidi_armis,gemma,37,GPP-rbf,0,256,0.5753024276570731,0.13873308709272217,0.2775753158433684,0.3692627989939627,0.7172413793103448,0.7172413793103448,0.4157501757144928,0.09143532067537308,0.06735269711428124,0.03350891930135247,0.06735269711428125,0.03350891930135247,0.06735269711428125,0.033508919301352476,0.06735269711428124,0.03350891930135247,0.06735269711428124,0.03350891930135247,0.06735269229481258,0.03350891585262951,0.09306149062960511,0.033871645486510685,
lewidi_armis,gemma,37,GPP-laplace,0,256,0.6728187762999035,0.19267159518786117,0.3502971248380069,0.4222155518212338,0.5724137931034483,0.5724137931034483,0.41572028398513794,0.23314090073108673,-0.1264414730383212,-0.01892105962203685,-0.12644147303832123,-0.01892105962203687,-0.12644147303832123,-0.018921059622036857,-0.12644147303832123,-0.01892105962203687,-0.12644147303832123,-0.01892105962203687,-0.12644147644784545,-0.01892106040017162,-0.09819355812756128,0.0006842756663941553,
lewidi_armis,gemma,37,LPE,0,256,0.5813885779688858,0.1251464325881642,0.2494014330461204,0.33238074817749225,0.7586206896551724,0.7586206896551724,0.2852821946144104,0.14214615523815155,0.13395197797045882,0.08766597614154735,0.13395197797045885,0.08766597614154736,0.13395197797045882,0.08766597614154736,0.13395197797045885,0.08766597614154736,0.13395197797045885,0.08766597614154736,0.13395197363393824,0.08766597168555089,0.145408579108758,0.08621873396566357,
lewidi_armis,gemma,37,LP-temp,0,256,0.5759497008473602,0.15441685422816906,0.30312087270225735,0.42282003069577856,0.7655172413793103,0.7655172413793103,0.6433036381433,,0.09899017821372011,,0.09899017821372011,,0.09899017821372011,,0.09899017821372011,,0.09899017821372011,,0.09899017443692641,,0.14814568177433463,,
lewidi_armis,gemma,37,GPP-cosine,1,16,1.1630411587563412,0.2734710604500792,0.4052680572307195,0.2944612583940963,0.5448275862068965,0.5448275862068965,0.3014324903488159,0.007379339542239904,0.1168658018206306,0.19352471579953429,0.11686580182063058,0.1935247157995343,0.11686580182063057,0.19352471579953429,0.11686580182063061,0.1935247157995343,0.11686580182063061,0.1935247157995343,0.1168658044249049,0.19352472265116624,0.1074312796238824,0.13582871977923983,
lewidi_armis,gemma,37,GPP-rbf,1,16,0.6862879384155567,0.20081778755925678,0.3668533935629088,0.4447515874679627,0.496551724137931,0.496551724137931,0.4990472197532654,0.17702607810497284,0.07920071857571034,0.04564875377787557,0.07920071857571034,0.045648753777875556,0.07920071857571033,0.04564875377787554,0.07920071857571036,0.045648753777875556,0.07920071857571036,0.045648753777875556,0.07920071759077851,0.045648754690127594,0.08245521780049571,0.005132067497956165,
lewidi_armis,gemma,37,GPP-laplace,1,16,0.6958102019356908,0.20631365047537317,0.38014664876049964,0.46024072667678173,0.4689655172413793,0.4689655172413793,0.43991026282310486,0.25213369727134705,-0.1514920210988846,0.17721680622537106,-0.1514920210988846,0.17721680622537106,-0.15149202109888457,0.177216806225371,-0.1514920210988846,0.17721680622537106,-0.1514920210988846,0.17721680622537106,-0.15149202310545215,0.17721680816370827,-0.15054064660671418,0.17004250309894758,
lewidi_armis,gemma,37,LPE,1,16,0.684908548336092,0.19764249708712553,0.3589058936669909,0.4282479042602412,0.5724137931034483,0.5724137931034483,0.5191050171852112,0.13377845287322998,0.09595994861509942,-0.10164865810750442,0.0959599486150994,-0.10164865810750445,0.0959599486150994,-0.10164865810750441,0.09595994861509942,-0.10164865810750445,0.09595994861509942,-0.10164865810750445,0.09595994691442336,-0.10164865887622333,0.08758728529845188,-0.08485018263287526,
lewidi_armis,gemma,37,LP-temp,1,16,0.692252517283477,0.20503736240556308,0.3788408142777591,0.461324789473437,0.5241379310344828,0.5241379310344828,0.693128011802892,,0.08609049969161428,,0.0860904996916143,,0.0860904996916143,,0.08609049969161431,,0.08609049969161431,,0.08609049784261527,,0.06500618830744476,,
lewidi_armis,gemma,37,GPP-cosine,1,64,0.8038874528364562,0.2135867070441051,0.36492203956937563,0.34672167465331394,0.5379310344827586,0.5379310344827586,0.46169012784957886,0.0071553923189640045,0.08345742976738263,0.1241678861715647,0.08345742976738263,0.12416788617156471,0.0834574297673826,0.12416788617156468,0.08345742976738264,0.12416788617156473,0.08345742976738264,0.12416788617156473,0.08345743019191859,0.12416789102195633,0.036266610318890224,0.08450804479967818,
lewidi_armis,gemma,37,GPP-rbf,1,64,0.6753213805276028,0.1868270123264175,0.3383763647285001,0.3992538181421893,0.6137931034482759,0.6137931034482759,0.46204128861427307,0.1285938173532486,0.028037179516936787,-0.00014890671468274774,0.028037179516936774,-0.00014890671468272,0.02803717951693678,-0.00014890671468274774,0.02803717951693678,-0.00014890671468274774,0.02803717951693678,-0.00014890671468274774,0.028037176341757994,-0.00014890778225949697,0.010606272829109408,-0.014027651161080184,
lewidi_armis,gemma,37,GPP-laplace,1,64,0.6876843993395096,0.19998065825170186,0.3614454966166924,0.4333249458585751,0.5793103448275863,0.5793103448275863,0.42427679896354675,0.24085135757923126,-0.11415445159995646,0.06704441897544647,-0.11415445159995645,0.06704441897544648,-0.11415445159995645,0.06704441897544648,-0.11415445159995649,0.06704441897544651,-0.11415445159995649,0.06704441897544651,-0.1141544538942399,0.06704442030727414,-0.12043251728537133,0.0718489449713863,
lewidi_armis,gemma,37,LPE,1,64,0.6966155894710999,0.18529855248494712,0.32916838821537536,0.38011667813051386,0.6413793103448275,0.6413793103448275,0.43042075634002686,0.0922565758228302,0.026025122591763688,-0.0011108927857184925,0.026025122591763688,-0.0011108927857184717,0.026025122591763674,-0.0011108927857184647,0.026025122591763684,-0.0011108927857184786,0.026025122591763684,-0.0011108927857184786,0.026025119240038242,-0.0011108955767932041,0.020870407825021735,0.02976599148814575,
lewidi_armis,gemma,37,LP-temp,1,64,0.6390050605021117,0.18077037357548556,0.33343353624292027,0.4310494448235269,0.6413793103448275,0.6413793103448275,0.6593521614357106,,0.07363228196066768,,0.07363228196066766,,0.07363228196066768,,0.07363228196066768,,0.07363228196066768,,0.0736322801105142,,0.020870407825021735,,
lewidi_armis,gemma,37,GPP-cosine,1,256,0.7869017267567656,0.1961938266911946,0.3370365960419889,0.34453512018824306,0.6344827586206897,0.6344827586206897,0.4239996075630188,0.0034162316005676985,0.024031860606466626,0.1258965045879987,0.02403186060646667,0.12589650458799873,0.024031860606466643,0.1258965045879987,0.024031860606466664,0.12589650458799873,0.024031860606466664,0.12589650458799873,0.024031857246463062,0.12589650631478994,-0.016422615993459726,0.1300123766148895,
lewidi_armis,gemma,37,GPP-rbf,1,256,0.5990990075387033,0.15125142500049343,0.28373712270424284,0.3801623068690533,0.7448275862068966,0.7448275862068966,0.44431114196777344,0.09689483046531677,0.057252065496308346,0.017252601825865216,0.057252065496308374,0.017252601825865244,0.057252065496308374,0.017252601825865216,0.05725206549630836,0.017252601825865216,0.05725206549630836,0.017252601825865216,0.05725206105653552,0.017252598854373247,0.04721502098119671,0.025660337489780825,
lewidi_armis,gemma,37,GPP-laplace,1,256,0.6640550825669791,0.1927537498325428,0.35660139969710647,0.4499436867528404,0.6,0.6,0.436635822057724,0.24511107802391052,-0.12477109540065744,0.09096499393694249,-0.12477109540065744,0.09096499393694246,-0.12477109540065745,0.09096499393694246,-0.12477109540065746,0.09096499393694245,-0.12477109540065746,0.09096499393694245,-0.12477110176109835,0.09096499332711112,-0.14917209527392586,0.0947721797955905,
lewidi_armis,gemma,37,LPE,1,256,0.6519678492073756,0.15352770067395105,0.27666169008850283,0.35102031397690725,0.7586206896551724,0.7586206896551724,0.29097339510917664,0.1837293654680252,0.07602389824483796,0.10486160549576035,0.07602389824483798,0.10486160549576033,0.07602389824483798,0.10486160549576033,0.07602389824483799,0.10486160549576033,0.07602389824483799,0.10486160549576033,0.07602389607527019,0.10486160233489808,0.0780074259689337,0.11290548495503562,
lewidi_armis,gemma,37,LP-temp,1,256,0.6645847933376864,0.1934931671998157,0.36141073434775217,0.4558587522207846,0.7172413793103448,0.7172413793103448,0.6876619745502396,,0.040717581524372465,,0.040717581524372465,,0.04071758152437244,,0.040717581524372465,,0.040717581524372465,,0.04071758105800419,,0.02976599148814575,,
lewidi_armis,gemma,37,GPP-cosine,2,16,2.1159592085404952,0.3751273174664437,0.46705659660831866,0.27194979263641716,0.5310344827586206,0.5310344827586206,0.09330074489116669,0.005002699792385101,-0.1142549040806376,-0.14173507471198868,-0.1142549040806376,-0.14173507471198868,-0.1142549040806376,-0.14173507471198868,-0.1142549040806376,-0.1417350747119887,-0.1142549040806376,-0.1417350747119887,-0.11425490590905377,-0.1417350747617374,-0.04413578048242301,0.03352950765331361,
lewidi_armis,gemma,37,GPP-rbf,2,16,0.778243864455861,0.2179560348503314,0.3769506787688568,0.3876618338575817,0.5724137931034483,0.5724137931034483,0.40062445402145386,0.14934682846069336,-0.11536096928899058,-0.08778024626811654,-0.1153609692889906,-0.08778024626811655,-0.11536096928899058,-0.08778024626811654,-0.1153609692889906,-0.08778024626811654,-0.1153609692889906,-0.08778024626811654,-0.1153609708814058,-0.08778024663314643,-0.12453817128373627,-0.0780074259689337,
lewidi_armis,gemma,37,GPP-laplace,2,16,0.6888446345355724,0.2027988268354393,0.3731077842671296,0.4535321345074641,0.5724137931034483,0.5724137931034483,0.43548816442489624,0.2498472034931183,-0.18170428922292817,0.11663492782369557,-0.1817042892229282,0.11663492782369557,-0.18170428922292817,0.11663492782369557,-0.1817042892229282,0.11663492782369557,-0.1817042892229282,0.11663492782369557,-0.18170429093854493,0.1166349305656256,-0.18099091376125406,0.10366776345871452,
lewidi_armis,gemma,37,LPE,2,16,0.9004831358648597,0.2388382049825755,0.3910424798727036,0.35781924763016043,0.5724137931034483,0.5724137931034483,0.35716429352760315,0.07269991934299469,-0.10001311906363271,-0.06631421265961135,-0.10001311906363268,-0.06631421265961139,-0.10001311906363272,-0.06631421265961136,-0.10001311906363271,-0.06631421265961136,-0.10001311906363271,-0.06631421265961136,-0.10001312095154462,-0.06631421271952907,-0.09853569596075837,-0.031476680654131145,
lewidi_armis,gemma,37,LP-temp,2,16,0.6926775072813092,0.19952577633238647,0.3574117539890518,0.42037124863427494,0.5655172413793104,0.5655172413793104,0.6435490938050983,,-0.09163404641233812,,-0.09163404641233813,,-0.0916340464123381,,-0.09163404641233815,,-0.09163404641233815,,-0.09163404761533461,,-0.10469417695830577,,
lewidi_armis,gemma,37,GPP-cosine,2,64,0.8851645292757139,0.23696383773199184,0.3871908969767713,0.35345683252350296,0.5517241379310345,0.5517241379310345,0.42967092990875244,0.00800667516887188,-0.0011450484010370292,-0.06227152708770178,-0.001145048401037043,-0.06227152708770179,-0.0011450484010370222,-0.06227152708770178,-0.0011450484010370639,-0.06227152708770178,-0.0011450484010370639,-0.06227152708770178,-0.001145051048158513,-0.06227152592726193,-0.01608047816026265,0.05576846681112365,
lewidi_armis,gemma,37,GPP-rbf,2,64,0.7758478730346338,0.20945396995771748,0.3612873606383801,0.368521115390935,0.5793103448275863,0.5793103448275863,0.38870474696159363,0.10658882558345795,-0.0036578002723536285,-0.007817014948937412,-0.0036578002723536285,-0.00781701494893744,-0.0036578002723536215,-0.007817014948937426,-0.0036578002723536215,-0.007817014948937412,-0.0036578002723536215,-0.007817014948937412,-0.003657802483558445,-0.007817016558606421,-0.018475442992642192,-0.01915971865903635,
lewidi_armis,gemma,37,GPP-laplace,2,64,0.7128219721093411,0.20555854295999187,0.36266093408239297,0.40921713111364405,0.5724137931034483,0.5724137931034483,0.40309467911720276,0.22858580946922302,-0.11739008248187549,-0.005066618649388413,-0.11739008248187548,-0.005066618649388399,-0.11739008248187549,-0.005066618649388399,-0.1173900824818755,-0.005066618649388385,-0.1173900824818755,-0.005066618649388385,-0.11739008318263985,-0.005066617222805728,-0.10640486612429115,-0.015054064660671416,
lewidi_armis,gemma,37,LPE,2,64,0.9095049652263019,0.2263593438919776,0.36312090250310197,0.33544391210571944,0.6,0.6,0.3212909698486328,0.06597809493541718,0.04703765009423081,-0.044064666116548114,0.04703765009423078,-0.04406466611654811,0.04703765009423078,-0.0440646661165481,0.04703765009423078,-0.04406466611654812,0.04703765009423078,-0.04406466611654812,0.047037648285482986,-0.04406466727982555,0.034898058986101925,-0.020870407825021735,
lewidi_armis,gemma,37,LP-temp,2,64,0.6673827229585456,0.19447162027404288,0.3620214151830999,0.454585551950787,0.6275862068965518,0.6275862068965518,0.686388774280242,,0.04128359870702847,,0.04128359870702845,,0.041283598707028454,,0.04128359870702847,,0.04128359870702847,,0.041283598069483646,,-0.010606272829109408,,
lewidi_armis,gemma,37,GPP-cosine,2,256,0.6944967129473102,0.1702957263054726,0.30051377350522485,0.33779174076174856,0.6551724137931034,0.6551724137931034,0.46362394094467163,0.003567732637748122,0.15212745145160173,0.050944718527649646,0.15212745145160173,0.05094471852764963,0.15212745145160173,0.05094471852764962,0.15212745145160175,0.05094471852764964,0.15212745145160175,0.05094471852764964,0.1521274479624829,0.05094471774635621,0.17996450026166283,0.22649524557646541,
lewidi_armis,gemma,37,GPP-rbf,2,256,0.5529601258870429,0.1354851293202603,0.2646248569712043,0.36541855967237624,0.7517241379310344,0.7517241379310344,0.4391287565231323,0.09659358114004135,0.1695264535950745,0.11538278101208038,0.1695264535950745,0.11538278101208038,0.1695264535950745,0.11538278101208035,0.1695264535950745,0.11538278101208041,0.1695264535950745,0.11538278101208041,0.16952645178163156,0.11538278014729109,0.1501985087735171,0.10469417695830577,
lewidi_armis,gemma,37,GPP-laplace,2,256,0.6609849838565723,0.1901366823026086,0.34963667464667353,0.4366167080538723,0.5862068965517241,0.5862068965517241,0.428110808134079,0.2401939183473587,-0.13486420925560183,0.02526339679126871,-0.1348642092556018,0.025263396791268725,-0.1348642092556018,0.02526339679126871,-0.1348642092556018,0.02526339679126871,-0.1348642092556018,0.02526339679126871,-0.134864213172571,0.025263396637741062,-0.14164506294359017,0.03866157515126977,
lewidi_armis,gemma,37,LPE,2,256,0.5879624916710028,0.13643136801521155,0.25767591522267924,0.33860158878470314,0.7379310344827587,0.7379310344827587,0.3035167157649994,0.16718246042728424,0.1532996335870877,0.12430900860052456,0.15329963358708773,0.12430900860052457,0.1532996335870877,0.12430900860052456,0.15329963358708773,0.12430900860052457,0.15329963358708773,0.12430900860052457,0.15329963266525054,0.124309009036451,0.14335575210957555,0.10674700395748822,
lewidi_armis,gemma,37,LP-temp,2,256,0.6250417443967023,0.17690586275886414,0.33482768711918237,0.44604352623746074,0.7724137931034483,0.7724137931034483,0.6776756092135426,,0.15675916797535183,,0.15675916797535183,,0.15675916797535183,,0.15675916797535186,,0.15675916797535186,,0.15675916736728845,,0.11187907145544439,,
lewidi_armis,gemma,37,GPP-cosine,3,16,0.7644771240910169,0.22205507218774026,0.38775481058862704,0.4174319446230626,0.4827586206896552,0.4827586206896552,0.6131799221038818,0.01776193268597126,0.08486744012646587,0.0295064102070378,0.08486744012646585,0.029506410207037807,0.08486744012646585,0.029506410207037807,0.08486744012646587,0.0295064102070378,0.08486744012646587,0.0295064102070378,0.08486743740690583,0.029506413475666397,0.10845769312347361,0.05645274247751781,
lewidi_armis,gemma,37,GPP-rbf,3,16,0.7151147789865308,0.20737681245807507,0.3715146967563136,0.4209604230246295,0.5586206896551724,0.5586206896551724,0.470470666885376,0.171382874250412,-0.015658445002233186,-0.032525984701354406,-0.015658445002233207,-0.03252598470135438,-0.01565844500223318,-0.032525984701354406,-0.015658445002233207,-0.03252598470135439,-0.015658445002233207,-0.03252598470135439,-0.015658442120233228,-0.032525981575020596,-0.003763516165167854,-0.031476680654131145,
lewidi_armis,gemma,37,GPP-laplace,3,16,0.6919789502341879,0.20484735470909068,0.3789157245693536,0.4607481622535076,0.5517241379310345,0.5517241379310345,0.4401175081729889,0.2524338960647583,-0.16692519703388758,0.16273153451903666,-0.1669251970338876,0.1627315345190367,-0.1669251970338876,0.16273153451903666,-0.16692519703388764,0.1627315345190367,-0.16692519703388764,0.1627315345190367,-0.16692519898207048,0.162731536945288,-0.16319974643500604,0.15840981677024696,
lewidi_armis,gemma,37,LPE,3,16,0.758393827671123,0.21619081645258698,0.3778062110574081,0.40492717791236893,0.5586206896551724,0.5586206896551724,0.4805420935153961,0.11793073266744614,-0.007906975428682725,0.054810496722412144,-0.007906975428682746,0.05481049672241212,-0.007906975428682725,0.05481049672241213,-0.007906975428682711,0.05481049672241214,-0.007906975428682711,0.05481049672241214,-0.007906971156122988,0.05481049884904506,-0.023949648323795435,0.070480393638598,
lewidi_armis,gemma,37,LP-temp,3,16,0.691214332112378,0.20440367695312123,0.37881241794812615,0.45976993387534515,0.5241379310344828,0.5241379310344828,0.6915731562048003,,0.017866166685294053,,0.017866166685294053,,0.017866166685294047,,0.017866166685294053,,0.017866166685294053,,0.017866170655986946,,-0.004789929664759087,,
lewidi_armis,gemma,37,GPP-cosine,3,64,1.1892150922069258,0.285719805735772,0.41730619900381183,0.2942401418128267,0.5310344827586206,0.5310344827586206,0.27787142992019653,0.005288185551762581,0.10227101677688674,0.09841473362613312,0.10227101677688677,0.09841473362613311,0.10227101677688674,0.0984147336261331,0.10227101677688676,0.09841473362613312,0.10227101677688676,0.09841473362613312,0.1022710214744974,0.09841473930051758,0.09614073112837881,0.1026413499591233,
lewidi_armis,gemma,37,GPP-rbf,3,64,0.6866639258140138,0.19245655075946175,0.3504274421981696,0.4046051584732994,0.5517241379310345,0.5517241379310345,0.46765103936195374,0.13502207398414612,-0.008603307759474987,-0.05161301409573618,-0.00860330775947498,-0.05161301409573617,-0.008603307759475001,-0.051613014095736175,-0.008603307759474967,-0.05161301409573619,-0.008603307759474967,-0.05161301409573619,-0.008603306410078379,-0.05161301258200944,-0.036266610318890224,-0.0626112234750652,
lewidi_armis,gemma,37,GPP-laplace,3,64,0.6889838243457558,0.20081700471727937,0.36439607944981806,0.43599254955146094,0.5724137931034483,0.5724137931034483,0.42577052116394043,0.24202528595924377,-0.14012170974383836,0.05883997946920173,-0.14012170974383836,0.058839979469201706,-0.1401217097438384,0.05883997946920171,-0.1401217097438384,0.058839979469201706,-0.1401217097438384,0.058839979469201706,-0.1401217109101802,0.05883998178170814,-0.145408579108758,0.052347088479152884,
lewidi_armis,gemma,37,LPE,3,64,0.7160414202601437,0.19276508908519438,0.34483315987705154,0.3806226066891397,0.5724137931034483,0.5724137931034483,0.4377356767654419,0.09416022151708603,0.005014383166704842,-0.01660691545515204,0.005014383166704842,-0.016606915455152055,0.0050143831667048555,-0.016606915455152076,0.005014383166704842,-0.016606915455152048,0.005014383166704842,-0.016606915455152048,0.005014384945535522,-0.016606913985608457,-0.03284523198691945,-0.00581634316435032,
lewidi_armis,gemma,37,LP-temp,3,64,0.654725804381168,0.18790469619383748,0.35372137787235497,0.4423998906510735,0.6206896551724138,0.6206896551724138,0.6726613948948041,,0.06205928811900469,,0.06205928811900468,,0.062059288119004706,,0.06205928811900468,,0.06205928811900468,,0.06205929104301461,,0.026002475322977902,,
lewidi_armis,gemma,37,GPP-cosine,3,256,0.6125286075206768,0.15468448236143312,0.2921288373478437,0.3696300529714193,0.6758620689655173,0.6758620689655173,0.5319676995277405,0.004555957857519388,0.10575983955902885,0.14815327518467714,0.10575983955902885,0.14815327518467708,0.10575983955902883,0.14815327518467708,0.10575983955902887,0.14815327518467714,0.10575983955902887,0.14815327518467714,0.10575983759417693,0.14815327816829219,0.08177094213410155,0.15156706010630538,
lewidi_armis,gemma,37,GPP-rbf,3,256,0.6275586549639562,0.1592432530451814,0.30230597631427747,0.37935822060311797,0.7034482758620689,0.7034482758620689,0.42990642786026,0.09373974055051804,0.0383386948165358,-0.0002532848737317843,0.038338694816535804,-0.00025328487373177735,0.03833869481653579,-0.0002532848737317808,0.038338694816535804,-0.00025328487373176695,0.038338694816535804,-0.00025328487373176695,0.03833869150810739,-0.0002532869940356959,0.0413986778168464,-0.013343375494686028,
lewidi_armis,gemma,37,GPP-laplace,3,256,0.6891646166177307,0.19790713988411907,0.35536759588225136,0.4150367938100596,0.5724137931034483,0.5724137931034483,0.41076672077178955,0.2302539199590683,-0.09543462530547647,0.0017431536336309575,-0.09543462530547649,0.0017431536336309436,-0.0954346253054765,0.0017431536336309367,-0.09543462530547649,0.0017431536336309436,-0.09543462530547649,0.0017431536336309436,-0.09543462682075673,0.001743154422235861,-0.08416590696648109,-0.004447791831562009,
lewidi_armis,gemma,37,LPE,3,256,0.6847556554293133,0.16226228620798375,0.29952802290288927,0.3618050987407183,0.6758620689655173,0.6758620689655173,0.30531543493270874,0.14956583082675934,0.05552825041868463,-0.03131681790898569,0.05552825041868463,-0.0313168179089857,0.05552825041868463,-0.03131681790898569,0.05552825041868463,-0.031316817908985675,0.05552825041868463,-0.031316817908985675,0.05552824843058672,-0.03131682241723114,0.07287535847097754,-0.036608748152087305,
lewidi_armis,gemma,37,LP-temp,3,256,0.6169846452048091,0.16659778278435236,0.3185253816632152,0.40911507402070363,0.7034482758620689,0.7034482758620689,0.615055083218044,,0.07984158240929752,,0.07984158240929753,,0.07984158240929752,,0.07984158240929752,,0.07984158240929752,,0.07984158005070185,,0.09100866363042266,,
lewidi_armis,gemma,37,GPP-cosine,4,16,0.9342418670262169,0.25804446094107675,0.4178696968143099,0.3589347138805401,0.5172413793103449,0.5172413793103449,0.4440382421016693,0.014357872307300568,-0.018082274147912532,-0.06564431304008089,-0.018082274147912525,-0.06564431304008088,-0.018082274147912532,-0.06564431304008089,-0.018082274147912546,-0.0656443130400809,-0.018082274147912546,-0.0656443130400809,-0.01808227696922301,-0.06564431132930429,0.008553445829926941,0.034555921152904845,
lewidi_armis,gemma,37,GPP-rbf,4,16,0.7043376985711255,0.2052754389220605,0.3693459363846943,0.429799929021028,0.5862068965517241,0.5862068965517241,0.4859302341938019,0.17086370289325714,-0.0009010753824325209,-0.025276933729835596,-0.0009010753824325174,-0.025276933729835617,-0.0009010753824325139,-0.025276933729835596,-0.0009010753824325035,-0.025276933729835617,-0.0009010753824325035,-0.025276933729835617,-0.0009010740208099145,-0.02527693298016135,0.018133305159445112,-0.040372264317255165,
lewidi_armis,gemma,37,GPP-laplace,4,16,0.690620208211948,0.20420794902406356,0.377386154183026,0.4597439510435052,0.5793103448275863,0.5793103448275863,0.43955618143081665,0.2519909739494324,-0.17245118485211386,0.15446604097772518,-0.17245118485211386,0.15446604097772515,-0.17245118485211383,0.15446604097772515,-0.17245118485211386,0.1544660409777252,-0.17245118485211386,0.1544660409777252,-0.17245118666513373,0.15446604351352072,-0.17928022459526868,0.15156706010630538,
lewidi_armis,gemma,37,LPE,4,16,0.7568473425085291,0.21510595865593973,0.37403813947377534,0.39974120207911285,0.5793103448275863,0.5793103448275863,0.4890638589859009,0.10298366099596024,0.002986154400332095,0.015996591820560187,0.0029861544003320743,0.01599659182056018,0.0029861544003320813,0.015996591820560173,0.002986154400332088,0.01599659182056018,0.002986154400332088,0.01599659182056018,0.002986156103380013,0.015996592344005717,-0.003763516165167854,0.046188607481605484,
lewidi_armis,gemma,37,LP-temp,4,16,0.6919991709419948,0.20490765297058885,0.378802952593951,0.4611252672745146,0.5172413793103449,0.5172413793103449,0.6929284896039696,,0.006631205514299387,,0.006631205514299387,,0.006631205514299373,,0.006631205514299373,,0.006631205514299373,,0.0066312077393408005,,0.02189682132461297,,
lewidi_armis,gemma,37,GPP-cosine,4,64,1.053413971918565,0.25383606037870216,0.39248796032796646,0.32261941996363797,0.5448275862068965,0.5448275862068965,0.3460840582847595,0.005069787614047527,0.03394926804297441,0.06739056376165548,0.03394926804297444,0.06739056376165545,0.03394926804297443,0.06739056376165546,0.033949268042974434,0.06739056376165545,0.033949268042974434,0.06739056376165545,0.03394926775613372,0.06739056639001698,0.018817580825839272,0.08313949346688987,
lewidi_armis,gemma,37,GPP-rbf,4,64,0.6019609657787198,0.16367949108771043,0.30888972726875336,0.41349578184064006,0.6896551724137931,0.6896551724137931,0.49058207869529724,0.13750076293945312,0.06186943411963767,0.03563699128844939,0.061869434119637697,0.03563699128844938,0.061869434119637697,0.03563699128844939,0.061869434119637697,0.03563699128844939,0.061869434119637697,0.03563699128844939,0.061869428889457304,0.03563698893564001,0.06329549914145936,0.052347088479152884,
lewidi_armis,gemma,37,GPP-laplace,4,64,0.6759395176333253,0.19772219031840915,0.3656071843772099,0.4532993649276732,0.593103448275862,0.593103448275862,0.4368846118450165,0.24821792542934418,-0.1216033903964476,0.1444192877337074,-0.1216033903964476,0.1444192877337074,-0.12160339039644755,0.14441928773370738,-0.1216033903964476,0.14441928773370744,-0.1216033903964476,0.14441928773370744,-0.12160339397692649,0.14441928933991918,-0.12761741178250996,0.1348023062796486,
lewidi_armis,gemma,37,LPE,4,64,0.5999514109802495,0.1541671495578265,0.29242435824126006,0.38368296470602314,0.7172413793103448,0.7172413793103448,0.4567859470844269,0.09087389707565308,0.0701447222275269,-0.007077701722959892,0.07014472222752693,-0.007077701722959878,0.0701447222275269,-0.007077701722959892,0.07014472222752693,-0.007077701722959878,0.07014472222752693,-0.007077701722959878,0.07014471728886265,-0.007077705808061524,0.07869170163532785,-0.02326537265740128,
lewidi_armis,gemma,37,LP-temp,4,64,0.6407776804129067,0.18391500124333068,0.34497531135279313,0.45302888461884666,0.7379310344827587,0.7379310344827587,0.684447571297348,,0.06106366933928588,,0.0610636693392859,,0.06106366933928588,,0.061063669339285906,,0.061063669339285906,,0.061063664874007516,,0.06329549914145936,,
lewidi_armis,gemma,37,GPP-cosine,4,256,0.6547102859567614,0.15695791276822094,0.28544872664776433,0.33295593613592384,0.6758620689655173,0.6758620689655173,0.45466160774230957,0.0035110507160425186,0.15417437188185387,0.1704720570518167,0.15417437188185384,0.17047205705181667,0.15417437188185384,0.17047205705181667,0.15417437188185387,0.17047205705181673,0.15417437188185387,0.17047205705181673,0.1541743697959096,0.17047206006112395,0.1560148519378674,0.18082002278918374,
lewidi_armis,gemma,37,GPP-rbf,4,256,0.6121789453572956,0.15329201140900367,0.29405160253417906,0.38241003393821876,0.7103448275862069,0.7103448275862069,0.42910316586494446,0.0955602154135704,0.008527021024259201,-0.01429311217358753,0.008527021024259236,-0.014293112173587516,0.008527021024259243,-0.014293112173587523,0.00852702102425923,-0.014293112173587537,0.00852702102425923,-0.014293112173587537,0.008527018626319084,-0.014293113376687518,0.014369788994277261,-0.018817580825839272,
lewidi_armis,gemma,37,GPP-laplace,4,256,0.6702455091408822,0.1927802891661095,0.35082708699949855,0.42861506862567605,0.5724137931034483,0.5724137931034483,0.4223025143146515,0.2371194213628769,-0.17491941603632358,-0.019107100573509325,-0.17491941603632355,-0.019107100573509325,-0.17491941603632355,-0.01910710057350932,-0.17491941603632358,-0.019107100573509332,-0.17491941603632358,-0.019107100573509332,-0.1749194194870018,-0.01910710064470076,-0.1741481570973125,-0.040372264317255165,
lewidi_armis,gemma,37,LPE,4,256,0.669213647626308,0.15990218519697547,0.2961153433630082,0.35784814618014904,0.696551724137931,0.696551724137931,0.2942132353782654,0.1652924120426178,0.01152217270387313,0.02626679371416791,0.011522172703873103,0.026266793714167912,0.011522172703873117,0.02626679371416792,0.011522172703873124,0.026266793714167902,0.011522172703873124,0.026266793714167902,0.011522170382465141,0.0262667899383814,0.0071848944971386304,0.027028888822569132,
lewidi_armis,gemma,37,LP-temp,4,256,0.6237142258005802,0.17550914732268283,0.33112430903921797,0.4388558493287003,0.6896551724137931,0.6896551724137931,0.6674280235190178,,0.05662319019316851,,0.05662319019316855,,0.05662319019316854,,0.056623190193168554,,0.056623190193168554,,0.05662318721273271,,0.04550433181521133,,
lewidi_armis,gemma,50,GPP-cosine,0,16,1.6450613889175252,0.3354576320402451,0.44586497126227437,0.2736945076044096,0.5103448275862069,0.5103448275862069,0.1714705228805542,0.017240192741155624,0.0675161234734688,0.06001645992672397,0.0675161234734688,0.06001645992672397,0.0675161234734688,0.06001645992672397,0.0675161234734688,0.06001645992672396,0.0675161234734688,0.06001645992672396,0.0675161251519949,0.060016462441910425,0.08040239080131326,0.0674011531398243,
lewidi_armis,gemma,50,GPP-rbf,0,16,0.6971632831793937,0.2027178441302101,0.366924668591598,0.43223206559932137,0.5793103448275863,0.5793103448275863,0.489463746547699,0.1713651865720749,0.07852612764771255,0.007108768308418632,0.07852612764771252,0.007108768308418639,0.07852612764771255,0.007108768308418639,0.07852612764771254,0.007108768308418629,0.07852612764771254,0.007108768308418629,0.07852612803275066,0.00710877052270369,0.08313949346688987,-0.002737102665576621,
lewidi_armis,gemma,50,GPP-laplace,0,16,0.6910319244381973,0.20428198056282507,0.3775209936602362,0.45911500321363474,0.5655172413793104,0.5655172413793104,0.4391583800315857,0.2517598569393158,-0.16007922674756275,0.16053240338479108,-0.16007922674756275,0.16053240338479108,-0.16007922674756275,0.16053240338479102,-0.16007922674756275,0.1605324033847911,-0.16007922674756275,0.1605324033847911,-0.16007922855037637,0.16053240615699615,-0.1604626437694294,0.1549884384382762,
lewidi_armis,gemma,50,LPE,0,16,0.7144857666728397,0.20310152696906927,0.36010582318593715,0.40396234602599246,0.5724137931034483,0.5724137931034483,0.49714556336402893,0.1184108704328537,0.1104854143127192,0.18142036938026643,0.11048541431271919,0.18142036938026643,0.11048541431271916,0.18142036938026643,0.11048541431271923,0.18142036938026646,0.11048541431271923,0.18142036938026646,0.11048541448511222,0.18142037153169027,0.08553445829926941,0.15396202493868494,
lewidi_armis,gemma,50,LP-temp,0,16,0.6922935935999557,0.2050502148322405,0.3789632660594946,0.46132437920933167,0.5724137931034483,0.5724137931034483,0.6931276015387868,,0.08443191497259123,,0.08443191497259127,,0.08443191497259124,,0.08443191497259124,,0.08443191497259124,,0.08443191563998559,,0.0797181151349191,,
lewidi_armis,gemma,50,GPP-cosine,0,64,0.8684737019274285,0.18387942409043437,0.30449118205799786,0.3045205196615346,0.6551724137931034,0.6551724137931034,0.4246393144130707,0.017693134024739265,0.24042427233699348,0.24620279456915523,0.24042427233699354,0.24620279456915523,0.24042427233699348,0.24620279456915517,0.24042427233699354,0.24620279456915528,0.24042427233699354,0.24620279456915528,0.2404242710188974,0.24620279721205113,0.20596697558464075,0.30313412021261077,
lewidi_armis,gemma,50,GPP-rbf,0,64,0.6497501284938895,0.1811034685984345,0.33335401534006515,0.4172266201755376,0.6344827586206897,0.6344827586206897,0.4846390187740326,0.13928721845149994,0.0033681289987262247,-0.03360657247097121,0.003368128998726228,-0.033606572470971215,0.0033681289987262213,-0.033606572470971194,0.003368128998726235,-0.03360657247097122,0.003368128998726235,-0.03360657247097122,0.003368128474147615,-0.033606570749198664,0.0010264134995912329,-0.0612426721422769,
lewidi_armis,gemma,50,GPP-laplace,0,64,0.6794560605695641,0.19887311797577328,0.3669130776462884,0.4511040110751882,0.5724137931034483,0.5724137931034483,0.43559950590133667,0.24730774760246277,-0.20919442527670157,0.08153264162770057,-0.20919442527670157,0.08153264162770057,-0.20919442527670157,0.08153264162770057,-0.20919442527670157,0.08153264162770057,-0.20919442527670157,0.08153264162770057,-0.20919442754445225,0.08153264426766803,-0.20254559725266996,0.07595459896975124,
lewidi_armis,gemma,50,LPE,0,64,0.681673805438031,0.18203742828938804,0.32859389063870087,0.3895945485025721,0.6413793103448275,0.6413793103448275,0.46155038475990295,0.08854701370000839,0.028235748715460224,-0.004728026330307129,0.028235748715460224,-0.004728026330307129,0.02823574871546025,-0.004728026330307132,0.028235748715460238,-0.0047280263303071425,0.028235748715460238,-0.0047280263303071425,0.028235749371363188,-0.0047280310874821645,0.043451504816028864,-0.052347088479152884,
lewidi_armis,gemma,50,LP-temp,0,64,0.6551270532912103,0.1783025118422359,0.3272743497160678,0.4056579666181178,0.6620689655172414,0.6620689655172414,0.5984491170234494,,0.03521919605944342,,0.03521919605944341,,0.0352191960594434,,0.03521919605944342,,0.03521919605944342,,0.03521919699481085,,0.03797729948487562,,
lewidi_armis,gemma,50,GPP-cosine,0,256,0.8020998610008584,0.1737506108387988,0.2901764669963483,0.2861381922861809,0.6689655172413793,0.6689655172413793,0.291622519493103,0.00810733437538147,0.14276206205713593,0.146866525162046,0.14276206205713593,0.146866525162046,0.14276206205713593,0.14686652516204599,0.14276206205713596,0.146866525162046,0.14276206205713596,0.146866525162046,0.14276206380770418,0.14686652930448177,0.1573834032706557,0.22991662390843617,
lewidi_armis,gemma,50,GPP-rbf,0,256,0.5998766330055205,0.14699338334235484,0.2841884965719334,0.3612241021413824,0.7103448275862069,0.7103448275862069,0.4119068682193756,0.09154261648654938,0.1093268922884803,0.07233809151992941,0.10932689228848028,0.0723380915199294,0.10932689228848028,0.0723380915199294,0.1093268922884803,0.07233809151992941,0.1093268922884803,0.07233809151992941,0.10932689062487622,0.07233809162372098,0.09921997162715251,0.07150680713818923,
lewidi_armis,gemma,50,GPP-laplace,0,256,0.6730725298257708,0.19272822000777529,0.3500999621790031,0.42123929160039947,0.5724137931034483,0.5724137931034483,0.41566523909568787,0.23324038088321686,-0.1547553322240612,-0.03411660893688199,-0.15475533222406124,-0.03411660893688199,-0.1547553322240612,-0.034116608936881995,-0.15475533222406124,-0.034116608936881995,-0.15475533222406124,-0.034116608936881995,-0.15475533252851068,-0.03411660660271146,-0.14130292511039305,-0.017106891659853882,
lewidi_armis,gemma,50,LPE,0,256,0.6232308402679531,0.1413834368247889,0.26904623724584437,0.33063259488734387,0.7172413793103448,0.7172413793103448,0.27614322304725647,0.15429511666297913,0.1292087289817221,0.11995536075224564,0.12920872898172206,0.11995536075224564,0.1292087289817221,0.11995536075224564,0.12920872898172206,0.11995536075224564,0.12920872898172206,0.11995536075224564,0.12920872790247334,0.11995535915356077,0.12043251728537133,0.13514444411284568,
lewidi_armis,gemma,50,LP-temp,0,256,0.5914594144892762,0.16119248988337356,0.3104883326330095,0.4240300324922417,0.7655172413793103,0.7655172413793103,0.652644730043779,,0.19204207072139848,,0.19204207072139848,,0.19204207072139845,,0.19204207072139848,,0.19204207072139848,,0.19204207052178318,,0.18167518942764824,,
lewidi_armis,gemma,50,GPP-cosine,1,16,0.9950473156126945,0.22876997359963966,0.35596457634257667,0.30152269144110627,0.6137931034482759,0.6137931034482759,0.33680489659309387,0.024659276008605957,0.15739767593821608,0.15492411051858399,0.1573976759382161,0.15492411051858393,0.15739767593821608,0.15492411051858393,0.1573976759382161,0.15492411051858399,0.1573976759382161,0.15492411051858399,0.15739767504547617,0.15492411180657287,0.15156706010630538,0.1953607027555313,
lewidi_armis,gemma,50,GPP-rbf,1,16,0.7150166782926499,0.21170026615858153,0.3838205588274989,0.4439294084347039,0.46206896551724136,0.46206896551724136,0.496351420879364,0.17855991423130035,0.038686499737926656,0.026349926638406615,0.03868649973792668,0.026349926638406615,0.038686499737926656,0.026349926638406622,0.03868649973792667,0.026349926638406622,0.03868649973792667,0.026349926638406622,0.03868649820074008,0.02634992742858002,0.003079240498773699,-0.007869170163532786,
lewidi_armis,gemma,50,GPP-laplace,1,16,0.6974529110185489,0.20699507621220478,0.38152138888835907,0.4606048452093914,0.3931034482758621,0.3931034482758621,0.44012075662612915,0.2522873282432556,-0.1527398010675542,0.17471878101751234,-0.15273980106755417,0.17471878101751237,-0.15273980106755414,0.17471878101751237,-0.1527398010675542,0.17471878101751237,-0.1527398010675542,0.17471878101751237,-0.1527398032058298,0.17471878302453872,-0.14951423310712292,0.16730540043337097,
lewidi_armis,gemma,50,LPE,1,16,0.8107614224231582,0.23955839009903074,0.4109163066436505,0.4151344818146029,0.45517241379310347,0.45517241379310347,0.5272853374481201,0.09023496508598328,0.014545694796822517,-0.13041914712675473,0.014545694796822519,-0.13041914712675476,0.014545694796822503,-0.13041914712675473,0.014545694796822505,-0.13041914712675476,0.014545694796822505,-0.13041914712675476,0.014545692720415348,-0.13041914689967488,-0.0071848944971386304,-0.12795954961570705,
lewidi_armis,gemma,50,LP-temp,1,16,0.7014160768920968,0.20807151068398957,0.3822161831724476,0.4567778430242748,0.4827586206896552,0.4827586206896552,0.68858106535373,,0.02500954671032066,,0.025009546710320678,,0.02500954671032065,,0.025009546710320664,,0.025009546710320664,,0.02500954537087855,,-0.002737102665576621,,
lewidi_armis,gemma,50,GPP-cosine,1,64,0.8789422188282847,0.2059326026744665,0.3363443010845191,0.32436660654708865,0.6206896551724138,0.6206896551724138,0.3674919009208679,0.016612298786640167,0.07853571755048386,0.15137426540642698,0.07853571755048383,0.151374265406427,0.07853571755048383,0.15137426540642698,0.07853571755048387,0.151374265406427,0.07853571755048387,0.151374265406427,0.07853571710831597,0.1513742687349331,0.08450804479967818,0.12009037945217425,
lewidi_armis,gemma,50,GPP-rbf,1,64,0.6646394465050036,0.18183300635943908,0.3287844711593513,0.3922263714771279,0.6137931034482759,0.6137931034482759,0.4529471695423126,0.12890614569187164,0.07502252305611856,0.03660006367794097,0.07502252305611855,0.03660006367794097,0.07502252305611853,0.03660006367794098,0.07502252305611853,0.03660006367794097,0.07502252305611853,0.03660006367794097,0.07502251983745593,0.036600062653196076,0.08861369879804311,0.03352950765331361,
lewidi_armis,gemma,50,GPP-laplace,1,64,0.6882106494223902,0.1997844600095929,0.3602860640862892,0.42969466389463623,0.5793103448275863,0.5793103448275863,0.4218214452266693,0.2395988404750824,-0.15338136468201374,0.023603099847476185,-0.15338136468201377,0.023603099847476206,-0.15338136468201374,0.023603099847476217,-0.1533813646820138,0.023603099847476196,-0.1533813646820138,0.023603099847476196,-0.15338136610629718,0.023603101685367923,-0.18030663809485992,0.024633923990189592,
lewidi_armis,gemma,50,LPE,1,64,0.7182710721504264,0.18561752034521647,0.3230727836457563,0.3512469777953407,0.6068965517241379,0.6068965517241379,0.39978155493736267,0.08219500631093979,0.094290673490303,0.09734174265501089,0.09429067349030301,0.09734174265501086,0.09429067349030301,0.09734174265501087,0.09429067349030303,0.09734174265501089,0.09429067349030303,0.09734174265501089,0.09429067050889996,0.09734173916510797,0.08211307996729864,0.09990424729354667,
lewidi_armis,gemma,50,LP-temp,1,64,0.6361742481422001,0.1800472581176986,0.33509103633419757,0.43500637263053094,0.6620689655172414,0.6620689655172414,0.6647780307624732,,0.13608162335932567,,0.13608162335932567,,0.13608162335932567,,0.13608162335932567,,0.13608162335932567,,0.1360816219168209,,0.14746140610794048,,
lewidi_armis,gemma,50,GPP-cosine,1,256,0.8636636684340872,0.18642153060561537,0.30663735823906907,0.33082594189037023,0.696551724137931,0.696551724137931,0.3523976802825928,0.009273081086575985,-0.004128617005184909,0.13659043105413982,-0.004128617005184888,0.1365904310541398,-0.004128617005184923,0.1365904310541398,-0.004128617005184909,0.1365904310541398,-0.004128617005184909,0.1365904310541398,-0.0041286200825719765,0.13659043333692333,-0.0017106891659853885,0.13856582244481644,
lewidi_armis,gemma,50,GPP-rbf,1,256,0.6320365895482527,0.16704125364784883,0.31287649702923054,0.3985543530444752,0.6827586206896552,0.6827586206896552,0.4616711735725403,0.10127191245555878,-0.03157998586425413,-0.07589431689749666,-0.03157998586425412,-0.07589431689749668,-0.03157998586425413,-0.07589431689749666,-0.03157998586425412,-0.07589431689749668,-0.03157998586425412,-0.07589431689749668,-0.0315799888677705,-0.07589431792245888,-0.017449029493050962,-0.06637473964023306,
lewidi_armis,gemma,50,GPP-laplace,1,256,0.6650517272631572,0.1932770899327209,0.3583888584169848,0.45117661348930516,0.6206896551724138,0.6206896551724138,0.43748822808265686,0.24549157917499542,-0.19564046029624899,0.050578449746101616,-0.19564046029624896,0.050578449746101595,-0.19564046029624893,0.05057844974610159,-0.19564046029624896,0.050578449746101616,-0.19564046029624896,0.050578449746101616,-0.19564046478071567,0.05057845088780501,-0.2172575240801443,0.06021625864268566,
lewidi_armis,gemma,50,LPE,1,256,0.701945758393513,0.17831283917160834,0.3210123992300239,0.3760690888669749,0.6689655172413793,0.6689655172413793,0.30673277378082275,0.19029095768928528,0.010111496609042536,-0.041549268243336906,0.010111496609042536,-0.041549268243336906,0.010111496609042536,-0.041549268243336906,0.010111496609042536,-0.04154926824333692,0.010111496609042536,-0.04154926824333692,0.010111494865859522,-0.04154926829933149,0.0017106891659853885,-0.04516219398201425,
lewidi_armis,gemma,50,LP-temp,1,256,0.661980174199945,0.19084861968567526,0.3534396113274732,0.44247628171323566,0.6206896551724138,0.6206896551724138,0.6721334570981781,,-0.04077868061143041,,-0.0407786806114304,,-0.040778680611430425,,-0.040778680611430404,,-0.040778680611430404,,-0.04077868112929347,,-0.07766528813573663,,
lewidi_armis,gemma,50,GPP-cosine,2,16,2.404419437249208,0.3703840675894707,0.45996741742444636,0.2717456616918444,0.5310344827586206,0.5310344827586206,0.09705350548028946,0.015312048606574535,-0.05217013505615696,-0.05821132861891934,-0.05217013505615696,-0.05821132861891933,-0.05217013505615696,-0.05821132861891932,-0.052170135056156974,-0.05821132861891934,-0.052170135056156974,-0.05821132861891934,-0.05217013667815845,-0.05821132810345054,-0.017791167326248036,0.0023949648323795436,
lewidi_armis,gemma,50,GPP-rbf,2,16,0.7585741969279495,0.2141391416935115,0.37067408345896624,0.3890841264278528,0.5724137931034483,0.5724137931034483,0.4196884036064148,0.15639859437942505,0.021583601124439248,-0.019902382287785302,0.02158360112443925,-0.019902382287785313,0.021583601124439238,-0.019902382287785302,0.021583601124439262,-0.0199023822877853,0.021583601124439262,-0.0199023822877853,0.02158360094450801,-0.01990238096080435,0.028397440155357445,-0.034555921152904845,
lewidi_armis,gemma,50,GPP-laplace,2,16,0.6898813730741584,0.20319219161089586,0.37394185970569477,0.4535832497609674,0.5724137931034483,0.5724137931034483,0.4355596899986267,0.24982678890228271,-0.1647226789944821,0.12996041883368453,-0.16472267899448212,0.12996041883368453,-0.1647226789944821,0.12996041883368453,-0.16472267899448212,0.12996041883368453,-0.16472267899448212,0.12996041883368453,-0.16472268018631633,0.12996042203225966,-0.16696326260017388,0.11837969028618889,
lewidi_armis,gemma,50,LPE,2,16,0.853173682040884,0.230155086290752,0.38081505211262867,0.3558089561051263,0.5793103448275863,0.5793103448275863,0.3795611262321472,0.09416007995605469,0.04894371473888942,0.018801368076611032,0.048943714738889435,0.018801368076611043,0.048943714738889435,0.018801368076611046,0.04894371473888943,0.018801368076611036,0.04894371473888943,0.018801368076611036,0.0489437151743043,0.018801367992759818,0.0413986778168464,0.03318736982011653,
lewidi_armis,gemma,50,LP-temp,2,16,0.6927433141758043,0.19997998382005763,0.3593006448350068,0.4220377828338427,0.5793103448275863,0.5793103448275863,0.6501287959890022,,0.07227351548000467,,0.07227351548000467,,0.07227351548000469,,0.0722735154800047,,0.0722735154800047,,0.07227351616169106,,0.057137018143911956,,
lewidi_armis,gemma,50,GPP-cosine,2,64,0.9937710773377372,0.23010603206958952,0.3586042786162548,0.3371736105256041,0.6275862068965518,0.6275862068965518,0.33607083559036255,0.01861543580889702,-0.0210760260949081,-0.09732981299915729,-0.021076026094908107,-0.09732981299915729,-0.0210760260949081,-0.0973298129991573,-0.0210760260949081,-0.0973298129991573,-0.0210760260949081,-0.0973298129991573,-0.021076030663281217,-0.09732981567600213,-0.02497606182338667,0.024291786156992515,
lewidi_armis,gemma,50,GPP-rbf,2,64,0.7494848669566998,0.20256650420520234,0.3559863873596849,0.3794741921096229,0.5862068965517241,0.5862068965517241,0.39844635128974915,0.10920189321041107,-0.0841074235973186,-0.05164036129954892,-0.08410742359731857,-0.05164036129954891,-0.08410742359731858,-0.05164036129954891,-0.08410742359731861,-0.05164036129954891,-0.08410742359731861,-0.05164036129954891,-0.0841074269595818,-0.05164036344958913,-0.08553445829926941,-0.0595319829762915,
lewidi_armis,gemma,50,GPP-laplace,2,64,0.7101465372472762,0.20477350284206638,0.3620194521443597,0.4115087494451564,0.5724137931034483,0.5724137931034483,0.40427252650260925,0.22915439307689667,-0.14571775258080955,-0.023506486284100365,-0.14571775258080955,-0.02350648628410033,-0.14571775258080955,-0.02350648628410036,-0.1457177525808096,-0.023506486284100347,-0.1457177525808096,-0.023506486284100347,-0.14571775187984767,-0.02350648345060749,-0.12009037945217425,-0.017449029493050962,
lewidi_armis,gemma,50,LPE,2,64,0.837187648711879,0.20971639287349883,0.3502686240260714,0.34889981646774676,0.6275862068965518,0.6275862068965518,0.3519063889980316,0.05968250334262848,-0.025071996718145993,-0.00911725892709855,-0.02507199671814602,-0.009117258927098523,-0.025071996718145993,-0.009117258927098543,-0.025071996718146,-0.009117258927098533,-0.025071996718146,-0.009117258927098533,-0.025072000547233783,-0.009117261263473665,-0.02497606182338667,0.013001237661488951,
lewidi_armis,gemma,50,LP-temp,2,64,0.6488345237380376,0.18285880345549366,0.3365395506253466,0.4240088591054566,0.6551724137931034,0.6551724137931034,0.6451782646933084,,-0.005344430788227245,,-0.005344430788227217,,-0.005344430788227217,,-0.005344430788227231,,-0.005344430788227231,,-0.005344433767024689,,-0.018817580825839272,,
lewidi_armis,gemma,50,GPP-cosine,2,256,0.7858187821060713,0.16021227449223066,0.27453416233776173,0.2925571062825035,0.7241379310344828,0.7241379310344828,0.342928022146225,0.008550385013222694,0.16251017011683966,0.1349506852603865,0.16251017011683966,0.1349506852603865,0.16251017011683966,0.1349506852603865,0.16251017011683971,0.1349506852603865,0.16251017011683971,0.1349506852603865,0.16251016968590165,0.13495068815150485,0.1594362302698382,0.290817158217516,
lewidi_armis,gemma,50,GPP-rbf,2,256,0.5726860704036534,0.13986980398062898,0.273315401356025,0.37195924786052215,0.7655172413793103,0.7655172413793103,0.432621568441391,0.09474972635507584,0.09061854080699118,0.0629865813124787,0.0906185408069912,0.06298658131247868,0.09061854080699118,0.06298658131247865,0.0906185408069912,0.06298658131247867,0.0906185408069912,0.06298658131247867,0.09061854070108052,0.06298658243178487,0.09271935279640806,0.04516219398201425,
lewidi_armis,gemma,50,GPP-laplace,2,256,0.658842595719214,0.18923447513774141,0.34857659555714704,0.43566881072845165,0.5862068965517241,0.5862068965517241,0.42752692103385925,0.2397552728652954,-0.21123397323549115,-0.049039010760428554,-0.2112339732354912,-0.04903901076042858,-0.21123397323549115,-0.04903901076042857,-0.2112339732354912,-0.049039010760428575,-0.2112339732354912,-0.049039010760428575,-0.2112339753431709,-0.04903900927248586,-0.23607510490598357,-0.04858357231398503,
lewidi_armis,gemma,50,LPE,2,256,0.6153605772802709,0.14558408275458418,0.27626767883133463,0.3487251913666707,0.7310344827586207,0.7310344827586207,0.2946242690086365,0.17587600648403168,0.16232020425911517,-0.02172675592057692,0.16232020425911517,-0.021726755920576876,0.1623202042591152,-0.021726755920576914,0.1623202042591152,-0.02172675592057691,0.1623202042591152,-0.02172675592057691,0.1623202046918366,-0.0217267565323711,0.16422615993459727,-0.00034213783319707764,
lewidi_armis,gemma,50,LP-temp,2,256,0.6308532569548757,0.1790500706343542,0.3385900422350838,0.44563777443273495,0.6827586206896552,0.6827586206896552,0.6750006749917989,,0.052563503679528806,,0.05256350367952883,,0.052563503679528806,,0.05256350367952882,,0.05256350367952882,,0.05256350247309413,,0.11701113895340055,,
lewidi_armis,gemma,50,GPP-cosine,3,16,1.0859333135399833,0.27220223419181766,0.4222222520915615,0.361140154973534,0.4827586206896552,0.4827586206896552,0.4482589066028595,0.03369620814919472,0.058360632482034464,0.037685582029494985,0.058360632482034436,0.037685582029494985,0.058360632482034436,0.037685582029494985,0.058360632482034464,0.03768558202949498,0.058360632482034464,0.03768558202949498,0.05836062806779536,0.03768558230414519,0.08519232046607234,0.0656904639738389,
lewidi_armis,gemma,50,GPP-rbf,3,16,0.7166565574922341,0.20770444866072396,0.3711304340383102,0.4170839334955916,0.5379310344827586,0.5379310344827586,0.46749210357666016,0.17003242671489716,-0.0008600741044602969,-0.008823704258020391,-0.00086007410446029,-0.008823704258020381,-0.0008600741044602657,-0.008823704258020402,-0.0008600741044602969,-0.008823704258020381,-0.0008600741044602969,-0.008823704258020381,-0.0008600742776281416,-0.00882370181301352,0.026344613156174975,-0.008553445829926941,
lewidi_armis,gemma,50,GPP-laplace,3,16,0.692983755865857,0.20525489463562094,0.3794619268384473,0.4608287450598325,0.4689655172413793,0.4689655172413793,0.44018858671188354,0.2524434030056,-0.16477904329959087,0.16221075917397285,-0.16477904329959087,0.16221075917397285,-0.16477904329959087,0.16221075917397282,-0.1647790432995909,0.16221075917397287,-0.1647790432995909,0.16221075917397287,-0.16477904541297658,0.162210761526106,-0.1652525734341885,0.16148905726902066,
lewidi_armis,gemma,50,LPE,3,16,0.7672229761345383,0.21981856164792396,0.38468367074584137,0.405809255265666,0.5172413793103449,0.5172413793103449,0.4704204201698303,0.12630723416805267,-0.02101023206915164,0.003356610710522588,-0.021010232069151626,0.0033566107105225725,-0.021010232069151608,0.0033566107105225864,-0.02101023206915164,0.0033566107105225673,-0.02101023206915164,0.0033566107105225673,-0.021010232099839793,0.003356612730431808,-0.018475442992642192,-0.006158480997547398,
lewidi_armis,gemma,50,LP-temp,3,16,0.7026629663614418,0.20593073271092643,0.3750584611879024,0.43781329117870205,0.503448275862069,0.503448275862069,0.6668784394711247,,-0.006588169895075002,,-0.006588169895075014,,-0.006588169895075007,,-0.00658816989507501,,-0.00658816989507501,,-0.006588170073591394,,-0.018133305159445112,,
lewidi_armis,gemma,50,GPP-cosine,3,64,1.1633078731349755,0.24573700150492245,0.36836645245808003,0.2902013370137375,0.5586206896551724,0.5586206896551724,0.2865310609340668,0.013529318384826183,0.10928050484390148,0.19378609533230035,0.10928050484390146,0.19378609533230035,0.10928050484390145,0.19378609533230035,0.10928050484390146,0.19378609533230037,0.10928050484390146,0.19378609533230037,0.10928050569640349,0.19378610013186293,0.13514444411284568,0.19604497842192548,
lewidi_armis,gemma,50,GPP-rbf,3,64,0.7009526202564321,0.19656704990746884,0.3530202060680965,0.4029504421974843,0.5448275862068965,0.5448275862068965,0.4601924419403076,0.1341409683227539,0.03422492792247007,-0.021166922742721368,0.03422492792247005,-0.021166922742721354,0.03422492792247005,-0.021166922742721354,0.03422492792247007,-0.02116692274272136,0.03422492792247007,-0.02116692274272136,0.03422492802017186,-0.02116692151202937,0.011974824161897718,-0.033871645486510685,
lewidi_armis,gemma,50,GPP-laplace,3,64,0.6889855571096656,0.20128197355247918,0.36670869537468614,0.4399178291411581,0.5724137931034483,0.5724137931034483,0.42825350165367126,0.2434675544500351,-0.15472544264620525,0.06442864128357587,-0.15472544264620525,0.06442864128357587,-0.15472544264620525,0.06442864128357587,-0.1547254426462053,0.06442864128357587,-0.1547254426462053,0.06442864128357587,-0.15472544316674283,0.06442864483883064,-0.18749153259199855,0.06876970447261262,
lewidi_armis,gemma,50,LPE,3,64,0.7794659228993259,0.20728298267988207,0.3556983321262845,0.37602857140847995,0.5586206896551724,0.5586206896551724,0.3973309099674225,0.10148550570011139,0.011686638512790476,-0.007464551927040389,0.01168663851279049,-0.007464551927040333,0.011686638512790476,-0.007464551927040361,0.011686638512790497,-0.007464551927040375,0.011686638512790497,-0.007464551927040375,0.011686638957799908,-0.007464549778399943,0.0023949648323795436,-0.026002475322977902,
lewidi_armis,gemma,50,LP-temp,3,64,0.6608643159288279,0.18914455609137695,0.3486158363499364,0.43321398185727716,0.6206896551724138,0.6206896551724138,0.66032329074223,,0.03227341489454604,,0.032273414894546076,,0.032273414894546035,,0.03227341489454606,,0.03227341489454606,,0.03227341776877401,,-0.04482005614881717,,
lewidi_armis,gemma,50,GPP-cosine,3,256,0.7013423152847844,0.15234616890405792,0.27325321896922344,0.32635381883182313,0.7310344827586207,0.7310344827586207,0.39366021752357483,0.009161848574876785,0.08995131171519406,0.1449072260527712,0.08995131171519406,0.14490722605277126,0.08995131171519406,0.14490722605277123,0.08995131171519406,0.14490722605277126,0.08995131171519406,0.14490722605277126,0.08995130713680093,0.14490722391330743,0.09169293929681681,0.17722739759608622,
lewidi_armis,gemma,50,GPP-rbf,3,256,0.6470113419086986,0.16639243656827932,0.3042043603796126,0.3698199719146847,0.6827586206896552,0.6827586206896552,0.42950427532196045,0.09397425502538681,0.08915181915001406,0.06059230586240113,0.08915181915001408,0.06059230586240112,0.08915181915001406,0.060592305862401115,0.08915181915001408,0.06059230586240115,0.08915181915001408,0.06059230586240115,0.0891518135148968,0.06059230208041632,0.08416590696648109,0.05782129381030613,
lewidi_armis,gemma,50,GPP-laplace,3,256,0.6845172545326921,0.19689935724040006,0.3534099149292913,0.4187406402379192,0.5724137931034483,0.5724137931034483,0.4142259359359741,0.23231396079063416,-0.1417092205041511,-0.0304884613927252,-0.1417092205041511,-0.030488461392725204,-0.1417092205041511,-0.030488461392725208,-0.1417092205041511,-0.030488461392725198,-0.1417092205041511,-0.030488461392725198,-0.1417092243804341,-0.03048846201333446,-0.1563569897710645,-0.034213783319707765,
lewidi_armis,gemma,50,LPE,3,256,0.712965328368489,0.1710001137382366,0.29970401541569774,0.3309432453013559,0.6896551724137931,0.6896551724137931,0.3024478554725647,0.1483677327632904,0.16032907773372004,0.13658166346801326,0.16032907773372007,0.13658166346801326,0.16032907773372002,0.13658166346801326,0.16032907773372007,0.13658166346801331,0.16032907773372007,0.13658166346801331,0.1603290734781153,0.1365816596731242,0.15430416277188203,0.14232933860998428,
lewidi_armis,gemma,50,LP-temp,3,256,0.638148333870309,0.17418300733135603,0.3174179950264753,0.3996015783385029,0.6896551724137931,0.6896551724137931,0.6127437585548371,,0.1984272381639383,,0.1984272381639383,,0.1984272381639383,,0.1984272381639383,,0.1984272381639383,,0.19842723519411526,,0.16456829776779436,,
lewidi_armis,gemma,50,GPP-cosine,4,16,1.1468465800179777,0.29288012311796574,0.4408581653947075,0.34228259706595165,0.503448275862069,0.503448275862069,0.35021263360977173,0.03186262771487236,-0.01832688334736985,-0.06140985192350476,-0.01832688334736985,-0.06140985192350475,-0.018326883347369843,-0.06140985192350474,-0.01832688334736983,-0.06140985192350476,-0.01832688334736983,-0.06140985192350476,-0.01832688493095891,-0.061409850985253665,-0.011290548495503563,0.035240196819299,
lewidi_armis,gemma,50,GPP-rbf,4,16,0.6983604070862963,0.20235095633397115,0.3631932397854739,0.42450747251172966,0.5862068965517241,0.5862068965517241,0.48122838139533997,0.17026570439338684,0.025266891694666498,-0.0014355399497898713,0.025266891694666477,-0.0014355399497898852,0.02526689169466647,-0.0014355399497898783,0.025266891694666484,-0.0014355399497898783,0.025266891694666484,-0.0014355399497898783,0.0252668915854751,-0.001435538654290712,0.0321609563205253,-0.03113454282093407,
lewidi_armis,gemma,50,GPP-laplace,4,16,0.6899704836420354,0.20376685381375606,0.3764496787868697,0.45824470643275095,0.5724137931034483,0.5724137931034483,0.43861499428749084,0.2514328956604004,-0.16583513550294893,0.15754082657874185,-0.16583513550294893,0.15754082657874185,-0.16583513550294893,0.15754082657874183,-0.16583513550294893,0.15754082657874188,-0.16583513550294893,0.15754082657874188,-0.16583513720040344,0.1575408294923028,-0.16319974643500604,0.15840981677024696,
lewidi_armis,gemma,50,LPE,4,16,0.738149144622835,0.2081814771621492,0.3629693127911666,0.3927854838278346,0.593103448275862,0.593103448275862,0.48231348395347595,0.10567190498113632,0.09103199059466438,0.05201466638289528,0.09103199059466438,0.05201466638289527,0.09103199059466437,0.05201466638289528,0.09103199059466437,0.052014666382895286,0.09103199059466437,0.052014666382895286,0.09103199153174761,0.05201466388456366,0.09785142029436421,0.011974824161897718,
lewidi_armis,gemma,50,LP-temp,4,16,0.6923330900585128,0.20506724720557604,0.37893567649991944,0.46132266646732184,0.5586206896551724,0.5586206896551724,0.693125888796777,,0.047526187271006395,,0.047526187271006395,,0.04752618727100638,,0.047526187271006395,,0.047526187271006395,,0.047526188564630464,,0.03113454282093407,,
lewidi_armis,gemma,50,GPP-cosine,4,64,0.9086386962999098,0.21214668573335377,0.34865325987043355,0.3349631215640594,0.5793103448275863,0.5793103448275863,0.3706575036048889,0.018390756100416183,0.024685890972325777,0.012315686075309078,0.024685890972325757,0.01231568607530912,0.024685890972325757,0.012315686075309099,0.02468589097232577,0.012315686075309085,0.02468589097232577,0.012315686075309085,0.02468588680527317,0.012315686090852276,0.01471192682747434,0.06808542880621844,
lewidi_armis,gemma,50,GPP-rbf,4,64,0.6577494805464562,0.18235904698191283,0.33676313863232216,0.40726378690894954,0.6068965517241379,0.6068965517241379,0.47669386863708496,0.1337364912033081,0.013863935641354073,-0.013698008711967288,0.013863935641354044,-0.013698008711967271,0.013863935641354052,-0.013698008711967313,0.01386393564135405,-0.013698008711967271,0.01386393564135405,-0.013698008711967271,0.01386393357186756,-0.01369800827975829,-0.024291786156992515,-0.027371026655766215,
lewidi_armis,gemma,50,GPP-laplace,4,64,0.6811727502418818,0.19946418138366873,0.36805761435936235,0.45063700700066417,0.5862068965517241,0.5862068965517241,0.43530699610710144,0.24713324010372162,-0.1841019925255526,0.08376506243834672,-0.1841019925255526,0.0837650624383467,-0.1841019925255526,0.08376506243834672,-0.18410199252555265,0.08376506243834674,-0.18410199252555265,0.08376506243834674,-0.18410199376422828,0.08376506584453823,-0.19228146225675763,0.0797181151349191,
lewidi_armis,gemma,50,LPE,4,64,0.7152019995316607,0.19017597361085875,0.3421889804624792,0.3812215188272318,0.6068965517241379,0.6068965517241379,0.4291972815990448,0.0901532769203186,0.006955317879693956,-0.08232507102633889,0.006955317879693973,-0.0823250710263389,0.0069553178796939626,-0.08232507102633889,0.006955317879693959,-0.08232507102633892,0.006955317879693959,-0.08232507102633892,0.006955316432917913,-0.08232507431452397,-0.037635161651678545,-0.08998225013083141,
lewidi_armis,gemma,50,LP-temp,4,64,0.6526787776210677,0.18745770918573285,0.349330288125209,0.44290865940852453,0.593103448275862,0.593103448275862,0.6742470846654771,,0.054605930097375646,,0.05460593009737562,,0.054605930097375646,,0.05460593009737562,,0.05460593009737562,,0.054605928287090016,,-0.017791167326248036,,
lewidi_armis,gemma,50,GPP-cosine,4,256,0.8654427761037206,0.1564156328547184,0.26127533079161297,0.2929507354609046,0.7586206896551724,0.7586206896551724,0.3145529627799988,0.0064037456177175045,0.12412249377733497,0.14994497240390767,0.12412249377733502,0.14994497240390767,0.12412249377733497,0.14994497240390764,0.124122493777335,0.14994497240390767,0.124122493777335,0.14994497240390767,0.12412249139048727,0.14994497296185033,0.1300123766148895,0.21144118091579397,
lewidi_armis,gemma,50,GPP-rbf,4,256,0.6359066294016866,0.1581479803634246,0.29617287176821766,0.3737698624518615,0.7172413793103448,0.7172413793103448,0.42046308517456055,0.09256560355424881,0.0437844357163716,0.02082076668107579,0.043784435716371625,0.020820766681075818,0.043784435716371604,0.020820766681075787,0.0437844357163716,0.020820766681075804,0.0437844357163716,0.020820766681075804,0.043784432929868264,0.020820765522916798,0.034213783319707765,0.026002475322977902,
lewidi_armis,gemma,50,GPP-laplace,4,256,0.6657047470185337,0.19150834084732302,0.35122041013734095,0.43332261670669875,0.5793103448275863,0.5793103448275863,0.4250771403312683,0.2386561930179596,-0.19419739924148177,-0.030622657282475808,-0.19419739924148177,-0.030622657282475815,-0.19419739924148177,-0.030622657282475804,-0.19419739924148183,-0.030622657282475818,-0.19419739924148183,-0.030622657282475818,-0.194197402031845,-0.030622656556860223,-0.16730540043337097,-0.00034213783319707764,
lewidi_armis,gemma,50,LPE,4,256,0.6950421632632191,0.15988194739028408,0.2919798574273892,0.3382927713553521,0.6620689655172414,0.6620689655172414,0.2865273952484131,0.15682686865329742,0.09425449457220497,0.09146499591845071,0.09425449457220497,0.09146499591845074,0.09425449457220496,0.0914649959184507,0.094254494572205,0.09146499591845073,0.094254494572205,0.09146499591845073,0.0942544923535887,0.09146499305007445,0.0858765961324665,0.0780074259689337,
lewidi_armis,gemma,50,LP-temp,4,256,0.6261306567819467,0.17561123211736582,0.33190624304993993,0.43463433532425894,0.6551724137931034,0.6551724137931034,0.6604600357920926,,0.046461778466004924,,0.046461778466004945,,0.04646177846600491,,0.04646177846600493,,0.04646177846600493,,0.04646177430100707,,0.07698101246934247,,
lewidi_armis,gemma,62,GPP-cosine,0,16,0.8666746685331057,0.22607547945561898,0.3731674621716656,0.38049148658033405,0.6068965517241379,0.6068965517241379,0.34107598662376404,0.14354270696640015,-0.0700532213686505,-0.06327402119976368,-0.07005322136865051,-0.06327402119976368,-0.07005322136865053,-0.06327402119976366,-0.07005322136865053,-0.06327402119976366,-0.07005322136865053,-0.06327402119976366,-0.07005322197111419,-0.06327402102115424,-0.10400990129191161,-0.08998225013083141,
lewidi_armis,gemma,62,GPP-rbf,0,16,0.6967931131031077,0.20425010077534186,0.3701311025126227,0.44101363299863544,0.5379310344827586,0.5379310344827586,0.5018606185913086,0.1692812442779541,0.10880556849843835,-0.04854282132213894,0.10880556849843837,-0.04854282132213894,0.10880556849843835,-0.048542821322138933,0.10880556849843837,-0.048542821322138933,0.10880556849843837,-0.048542821322138933,0.10880556586600888,-0.04854282181725516,0.1395922359444077,-0.06158480997547398,
lewidi_armis,gemma,62,GPP-laplace,0,16,0.6910280813714511,0.20438435407809766,0.3776590637091933,0.45991755801895357,0.5517241379310345,0.5517241379310345,0.43974414467811584,0.2519766390323639,-0.152233414812996,0.15859102480454446,-0.15223341481299596,0.15859102480454448,-0.152233414812996,0.15859102480454446,-0.15223341481299602,0.1585910248045445,-0.15223341481299602,0.1585910248045445,-0.15223341682657987,0.15859102723985025,-0.1563569897710645,0.1532777492722908,
lewidi_armis,gemma,62,LPE,0,16,0.7180510409198493,0.2088103951926454,0.3711808423029965,0.42215034057554646,0.5448275862068965,0.5448275862068965,0.5014611482620239,0.14288829267024994,0.09386131782682582,0.050124664783052636,0.0938613178268258,0.050124664783052636,0.0938613178268258,0.05012466478305261,0.09386131782682583,0.050124664783052664,0.09386131782682583,0.050124664783052664,0.09386131498604397,0.050124662051654,0.13103879011448075,0.039345850817663924,
lewidi_armis,gemma,62,LP-temp,0,16,0.6928877394744541,0.205289991679289,0.37914675920922103,0.4613288442623688,0.5241379310344828,0.5241379310344828,0.6931320665918238,,0.08109529641108826,,0.08109529641108826,,0.08109529641108827,,0.08109529641108826,,0.08109529641108826,,0.08109529288782498,,0.11051052012265608,,
lewidi_armis,gemma,62,GPP-cosine,0,64,0.9265632139716067,0.19604614691720285,0.3149005726495645,0.3030305739300361,0.6482758620689655,0.6482758620689655,0.2567056715488434,0.07327458262443542,0.10201190268065238,0.100505177889366,0.10201190268065238,0.10050517788936597,0.10201190268065238,0.100505177889366,0.10201190268065241,0.100505177889366,0.10201190268065241,0.100505177889366,0.10201190638731078,0.10050518241916381,0.1074312796238824,0.10435203912510868,
lewidi_armis,gemma,62,GPP-rbf,0,64,0.6593037297505393,0.18446537575679525,0.34046467709644085,0.42135032280261847,0.6344827586206897,0.6344827586206897,0.48353129625320435,0.13667021691799164,-0.09547511243746638,-0.13813312428914587,-0.09547511243746638,-0.13813312428914587,-0.09547511243746637,-0.13813312428914587,-0.0954751124374664,-0.13813312428914587,-0.0954751124374664,-0.13813312428914587,-0.09547511142063131,-0.13813312364856137,-0.1074312796238824,-0.1255645847833275,
lewidi_armis,gemma,62,GPP-laplace,0,64,0.6803034234288307,0.1987908117661273,0.36585821365487986,0.4473497899976132,0.5724137931034483,0.5724137931034483,0.4334576725959778,0.2455727905035019,-0.2396349721036381,-0.0037852944396340295,-0.2396349721036381,-0.0037852944396340052,-0.2396349721036381,-0.0037852944396340087,-0.2396349721036381,-0.0037852944396340295,-0.2396349721036381,-0.0037852944396340295,-0.23963497201739853,-0.003785291126181709,-0.2217053159117063,0.021554683491415892,
lewidi_armis,gemma,62,LPE,0,64,0.7023705222596824,0.19046685439421762,0.3456507077922338,0.4080718762429856,0.6068965517241379,0.6068965517241379,0.4556189775466919,0.10117638856172562,-0.11588548652648156,-0.10047759725730585,-0.11588548652648153,-0.10047759725730585,-0.11588548652648153,-0.10047759725730583,-0.11588548652648156,-0.10047759725730587,-0.11588548652648156,-0.10047759725730587,-0.11588548521800118,-0.10047759696600814,-0.10435203912510868,-0.1317230657808749,
lewidi_armis,gemma,62,LP-temp,0,64,0.6631108004169177,0.19193133035701443,0.35669019676249214,0.446318003498375,0.6344827586206897,0.6344827586206897,0.6761708366321701,,-0.07848904213015456,,-0.07848904213015456,,-0.07848904213015456,,-0.07848904213015456,,-0.07848904213015456,,-0.07848904188192572,,-0.11222120928864147,,
lewidi_armis,gemma,62,GPP-cosine,0,256,0.8568033129667886,0.15769913203597818,0.260927825508074,0.2770176029633718,0.7379310344827587,0.7379310344827587,0.2167481929063797,0.025692712515592575,0.0970349563275959,0.07182787426651654,0.09703495632759593,0.07182787426651652,0.0970349563275959,0.07182787426651653,0.09703495632759593,0.07182787426651653,0.09703495632759593,0.07182787426651653,0.09703495440815332,0.0718278741558678,0.1283016874489041,0.1406186494439989,
lewidi_armis,gemma,62,GPP-rbf,0,256,0.6207140757296821,0.1563744673114664,0.29505786966404013,0.35539492516364574,0.6827586206896552,0.6827586206896552,0.4162193536758423,0.08948332816362381,0.1680493808522064,0.051782270775207806,0.16804938085220636,0.0517822707752078,0.16804938085220636,0.05178227077520778,0.1680493808522064,0.0517822707752078,0.1680493808522064,0.0517822707752078,0.16804937802456846,0.05178226884189501,0.14575071694195507,0.058163431643503204,
lewidi_armis,gemma,62,GPP-laplace,0,256,0.6964764473310091,0.19807469255729793,0.35422532316939587,0.4069772796899618,0.5724137931034483,0.5724137931034483,0.397181898355484,0.22176265716552734,-0.07864617974754623,-0.016184794078112675,-0.07864617974754624,-0.01618479407811268,-0.07864617974754624,-0.01618479407811266,-0.07864617974754626,-0.01618479407811268,-0.07864617974754626,-0.01618479407811268,-0.07864618025506584,-0.016184793229782564,-0.09956210946034959,-0.02326537265740128,
lewidi_armis,gemma,62,LPE,0,256,0.6698955721438837,0.15852646472343565,0.2867528302928208,0.32224845960484244,0.6689655172413793,0.6689655172413793,0.27981147170066833,0.14817604422569275,0.2018442756535782,0.06621374540560702,0.2018442756535782,0.06621374540560702,0.2018442756535782,0.06621374540560704,0.20184427565357824,0.06621374540560701,0.20184427565357824,0.06621374540560701,0.20184427392432824,0.06621374211798707,0.19570284058872842,0.07595459896975124,
lewidi_armis,gemma,62,LP-temp,0,256,0.6094493668686982,0.16848781102062355,0.31969232593750907,0.42653614795465183,0.6620689655172414,0.6620689655172414,0.6521571498557834,,0.15502219672445317,,0.15502219672445322,,0.15502219672445317,,0.1550221967244532,,0.1550221967244532,,0.15502219612818885,,0.18646511909240732,,
lewidi_armis,gemma,62,GPP-cosine,1,16,0.7788911774311438,0.18542775092818814,0.32165284811535144,0.3521568671638449,0.6551724137931034,0.6551724137931034,0.2973766326904297,0.11853829771280289,-0.0034356778517487165,0.006450921023518526,-0.0034356778517487304,0.006450921023518533,-0.0034356778517487304,0.006450921023518512,-0.0034356778517487026,0.00645092102351854,-0.0034356778517487026,0.00645092102351854,-0.003435676332421875,0.006450924183918176,0.0065006188307444755,-0.0020528269991824657,
lewidi_armis,gemma,62,GPP-rbf,1,16,0.6679435101921327,0.19402035828001274,0.35987845289296116,0.44803970615452243,0.593103448275862,0.593103448275862,0.5039907693862915,0.1753220558166504,0.08468454342892065,-0.045522245751680124,0.08468454342892065,-0.045522245751680124,0.08468454342892064,-0.04552224575168012,0.08468454342892065,-0.04552224575168011,0.08468454342892065,-0.04552224575168011,0.08468454358228658,-0.04552224483863407,0.08656087179886064,-0.057479155977109044,
lewidi_armis,gemma,62,GPP-laplace,1,16,0.6916514439810765,0.20474461045077183,0.37853564506974713,0.460908716695457,0.47586206896551725,0.47586206896551725,0.4405094087123871,0.252202570438385,-0.15886376404604513,0.16332633144669162,-0.15886376404604513,0.16332633144669156,-0.15886376404604513,0.16332633144669156,-0.15886376404604516,0.16332633144669162,-0.15886376404604516,0.16332633144669162,-0.15886376586890413,0.16332633380101155,-0.1608047816026265,0.1549884384382762,
lewidi_armis,gemma,62,LPE,1,16,0.6707454002260421,0.19219213157760534,0.3527099315976274,0.4310070629949977,0.6,0.6,0.5295009016990662,0.12334323674440384,-0.016405417502252807,-0.06495059556517785,-0.01640541750225279,-0.06495059556517785,-0.01640541750225279,-0.06495059556517786,-0.016405417502252793,-0.06495059556517785,-0.016405417502252793,-0.06495059556517785,-0.016405416583037263,-0.06495059369242573,-0.027028888822569132,-0.015396202493868494,
lewidi_armis,gemma,62,LP-temp,1,16,0.6919681912136763,0.20492364374095984,0.37874539813080366,0.4613269930899276,0.6,0.6,0.6931302154193827,,-0.06707702948791387,,-0.0670770294879139,,-0.06707702948791389,,-0.06707702948791389,,-0.06707702948791389,,-0.06707702829004844,,-0.1255645847833275,,
lewidi_armis,gemma,62,GPP-cosine,1,64,0.892703682809285,0.1951681753345932,0.3151467733765583,0.31344946385518624,0.6482758620689655,0.6482758620689655,0.256912499666214,0.07274305075407028,0.053114429439996245,0.0449751937878781,0.05311442943999626,0.04497519378787808,0.05311442943999626,0.0449751937878781,0.05311442943999626,0.04497519378787808,0.05311442943999626,0.04497519378787808,0.053114430531074876,0.04497519477296507,0.060558396475882736,0.05850556947670028,
lewidi_armis,gemma,62,GPP-rbf,1,64,0.6998709464574588,0.19221506969284582,0.34019823156554124,0.38667773748682743,0.6137931034482759,0.6137931034482759,0.44515496492385864,0.12001532316207886,0.08450464587308604,0.0007938267249824812,0.08450464587308604,0.0007938267249824812,0.08450464587308605,0.0007938267249824743,0.08450464587308605,0.0007938267249824743,0.08450464587308605,0.0007938267249824743,0.08450464417355527,0.0007938260919635245,0.07253322063778045,0.02189682132461297,
lewidi_armis,gemma,62,GPP-laplace,1,64,0.6896832623133625,0.19967528287290184,0.35920043895984516,0.42587699069093987,0.5793103448275863,0.5793103448275863,0.41853347420692444,0.2369447946548462,-0.13062653610742833,0.003671605640365727,-0.1306265361074283,0.0036716056403657132,-0.1306265361074283,0.003671605640365741,-0.13062653610742833,0.00367160564036572,-0.13062653610742833,0.00367160564036572,-0.13062653705506772,0.003671607235265051,-0.12795954961570705,0.03352950765331361,
lewidi_armis,gemma,62,LPE,1,64,0.7606748026887501,0.19963542389529038,0.33817829151541506,0.35687493081247224,0.6344827586206897,0.6344827586206897,0.4095960557460785,0.0752592533826828,0.0919828282926336,0.03993616903309431,0.09198282829263357,0.039936169033094354,0.0919828282926336,0.039936169033094326,0.09198282829263359,0.03993616903309435,0.09198282829263359,0.03993616903309435,0.09198282765719717,0.03993616808722252,0.07903383946852494,0.05166281281275873,
lewidi_armis,gemma,62,LP-temp,1,64,0.6536394989406188,0.1854951256250341,0.33824751282435983,0.42369297103593273,0.6275862068965518,0.6275862068965518,0.6523198638532633,,0.1732205139719643,,0.1732205139719643,,0.1732205139719643,,0.17322051397196433,,0.17322051397196433,,0.173220514540293,,0.14643499260834922,,
lewidi_armis,gemma,62,GPP-cosine,1,256,0.9843205931948237,0.17818683737369362,0.28800029903933166,0.3081532200900336,0.7379310344827587,0.7379310344827587,0.244269460439682,0.028728004544973373,0.0015332585871531274,0.022950677254391316,0.0015332585871531274,0.022950677254391316,0.0015332585871531135,0.022950677254391302,0.0015332585871531135,0.022950677254391358,0.0015332585871531135,0.022950677254391358,0.0015332559040330124,0.022950675852661542,0.005474205331153242,0.023949648323795435,
lewidi_armis,gemma,62,GPP-rbf,1,256,0.6103236878706212,0.1598985042279568,0.30091437274782823,0.3972739914757077,0.7103448275862069,0.7103448275862069,0.4705886244773865,0.09962984919548035,0.03652028799785259,-0.06725670887532688,0.03652028799785256,-0.06725670887532688,0.03652028799785256,-0.06725670887532686,0.03652028799785256,-0.06725670887532686,0.03652028799785256,-0.06725670887532686,0.03652028207069835,-0.06725671273324485,0.05576846681112365,-0.06500618830744476,
lewidi_armis,gemma,62,GPP-laplace,1,256,0.6691016772533138,0.19336060670011296,0.3533367928759805,0.4374308346705042,0.5793103448275863,0.5793103448275863,0.42906492948532104,0.2398441731929779,-0.13585260837358604,-0.0007214173377976807,-0.13585260837358598,-0.0007214173377976668,-0.135852608373586,-0.0007214173377976668,-0.13585260837358604,-0.0007214173377976668,-0.13585260837358604,-0.0007214173377976668,-0.13585261280992766,-0.0007214178268172972,-0.1608047816026265,0.010948410662306484,
lewidi_armis,gemma,62,LPE,1,256,0.6549142868805873,0.1592157312681779,0.2924116875077116,0.36443333188368887,0.7241379310344828,0.7241379310344828,0.3184012472629547,0.17849989235401154,0.08563042621277694,0.05888432097387453,0.08563042621277693,0.0588843209738745,0.08563042621277694,0.0588843209738745,0.08563042621277697,0.05888432097387453,0.08563042621277697,0.05888432097387453,0.08563042282052681,0.058884315869204645,0.10400990129191161,0.07424390980376586,
lewidi_armis,gemma,62,LP-temp,1,256,0.6323653370046786,0.17815667701119853,0.33134405774305403,0.43342538818213366,0.6758620689655173,0.6758620689655173,0.6631292509255287,,0.1165409543538738,,0.11654095435387382,,0.1165409543538738,,0.11654095435387382,,0.11654095435387382,,0.11654095205521706,,0.12111679295176547,,
lewidi_armis,gemma,62,GPP-cosine,2,16,1.0531529432216888,0.265267720532468,0.40498965257971453,0.3435779092285821,0.5724137931034483,0.5724137931034483,0.3077270984649658,0.13016323745250702,0.06513882605162659,0.0816724756505966,0.06513882605162657,0.0816724756505966,0.0651388260516266,0.08167247565059661,0.06513882605162657,0.0816724756505966,0.06513882605162657,0.0816724756505966,0.06513882647996438,0.08167247762234758,0.04174081565004347,0.0810866664677074,
lewidi_armis,gemma,62,GPP-rbf,2,16,0.7866310606256905,0.22059804596189647,0.3795577702851131,0.38737667958412764,0.5724137931034483,0.5724137931034483,0.39670079946517944,0.1503812074661255,-0.0670148620955098,-0.10540234145109681,-0.0670148620955098,-0.10540234145109681,-0.0670148620955098,-0.10540234145109677,-0.0670148620955098,-0.10540234145109682,-0.0670148620955098,-0.10540234145109682,-0.06701486407920548,-0.10540234207342661,-0.08040239080131326,-0.10914196878986777,
lewidi_armis,gemma,62,GPP-laplace,2,16,0.6885651562783129,0.20262337530215413,0.37268900943213495,0.4529202790338015,0.5724137931034483,0.5724137931034483,0.4351274371147156,0.2495960146188736,-0.18986410372666798,0.1038082208844189,-0.189864103726668,0.10380822088441889,-0.18986410372666798,0.1038082208844189,-0.189864103726668,0.1038082208844189,-0.189864103726668,0.1038082208844189,-0.18986410510464014,0.10380822390373637,-0.18749153259199855,0.1026413499591233,
lewidi_armis,gemma,62,LPE,2,16,0.9830411712613376,0.2541030474587082,0.39962154699425245,0.3396261752083897,0.5655172413793104,0.5655172413793104,0.32553330063819885,0.06045817583799362,-0.02759496147517078,-0.019192577665433835,-0.027594961475170786,-0.019192577665433808,-0.027594961475170772,-0.019192577665433825,-0.027594961475170765,-0.019192577665433818,-0.027594961475170765,-0.019192577665433818,-0.027594964272526914,-0.019192581380556097,-0.037293023818481465,0.015396202493868494,
lewidi_armis,gemma,62,LP-temp,2,16,0.6976368609553231,0.20194007605386682,0.36028359902763457,0.4217042700736239,0.5586206896551724,0.5586206896551724,0.6486422914164937,,-0.007962052304145737,,-0.007962052304145713,,-0.007962052304145734,,-0.00796205230414574,,-0.00796205230414574,,-0.00796205480589919,,-0.028739577988554522,,
lewidi_armis,gemma,62,GPP-cosine,2,64,0.8679662067776358,0.18459599987817107,0.2968562308769457,0.2926827795234563,0.696551724137931,0.696551724137931,0.2675336003303528,0.07463306188583374,0.15600363204589018,0.17552295223218953,0.15600363204589018,0.17552295223218956,0.15600363204589018,0.17552295223218953,0.15600363204589018,0.17552295223218956,0.15600363204589018,0.17552295223218956,0.15600362785738392,0.17552294910128025,0.15977836810303525,0.18201732726084532,
lewidi_armis,gemma,62,GPP-rbf,2,64,0.7543826965606472,0.20624512700146388,0.36314866732934425,0.3836008981668061,0.5862068965517241,0.5862068965517241,0.4074704945087433,0.1061430275440216,-0.08945572447067465,-0.10230363761747563,-0.08945572447067468,-0.10230363761747562,-0.08945572447067465,-0.10230363761747563,-0.08945572447067468,-0.10230363761747566,-0.08945572447067468,-0.10230363761747566,-0.08945573173264368,-0.10230364284368418,-0.08690300963205773,-0.13069665228128366,
lewidi_armis,gemma,62,GPP-laplace,2,64,0.7180298475288421,0.20616981571947499,0.3630660821137757,0.40663090678888963,0.5724137931034483,0.5724137931034483,0.39640629291534424,0.2236805558204651,-0.1643427285288869,-0.07225716277669728,-0.16434272852888693,-0.07225716277669733,-0.16434272852888687,-0.0722571627766973,-0.16434272852888693,-0.07225716277669732,-0.16434272852888693,-0.07225716277669732,-0.164342730112784,-0.07225716270111417,-0.15806767893704987,-0.07903383946852494,
lewidi_armis,gemma,62,LPE,2,64,0.8589373335327543,0.2211817792740577,0.36637251512629204,0.3625411441858838,0.6137931034482759,0.6137931034482759,0.35254180431365967,0.06670580804347992,-0.06802270766199373,-0.11211509886360241,-0.06802270766199378,-0.11211509886360242,-0.06802270766199373,-0.11211509886360242,-0.06802270766199374,-0.11211509886360241,-0.06802270766199374,-0.11211509886360241,-0.0680227141868266,-0.11211510345565984,-0.06774329097302137,-0.13753940894522523,
lewidi_armis,gemma,62,LP-temp,2,64,0.6582159998282765,0.18970163761300643,0.34641909161255713,0.4418845633213787,0.6413793103448275,0.6413793103448275,0.6728364568358125,,-0.05722286354015057,,-0.05722286354015053,,-0.05722286354015056,,-0.05722286354015057,,-0.05722286354015057,,-0.057222869987400865,,-0.07698101246934247,,
lewidi_armis,gemma,62,GPP-cosine,2,256,0.796527812338064,0.149520117138901,0.25130900067479767,0.251429367219637,0.7310344827586207,0.7310344827586207,0.23727500438690186,0.027921123430132866,0.2420594048863316,0.24956869994993752,0.2420594048863316,0.2495686999499375,0.24205940488633154,0.24956869994993747,0.2420594048863316,0.24956869994993758,0.2420594048863316,0.24956869994993758,0.24205940573862256,0.249568703002487,0.255576961398217,0.2873957798855452,
lewidi_armis,gemma,62,GPP-rbf,2,256,0.5673472790672826,0.1420356827196274,0.2758258019220726,0.37124338502990345,0.7379310344827587,0.7379310344827587,0.4493716061115265,0.09365922957658768,0.15648233623194252,0.02686250079562006,0.15648233623194252,0.02686250079562007,0.15648233623194252,0.02686250079562004,0.15648233623194252,0.026862500795620053,0.15648233623194252,0.026862500795620053,0.15648233406772735,0.026862499282860525,0.1450664412755609,0.022923234824204202,
lewidi_armis,gemma,62,GPP-laplace,2,256,0.6636599003804953,0.18998940585750693,0.3458305536672987,0.4267244392474133,0.5862068965517241,0.5862068965517241,0.4215063452720642,0.235239639878273,-0.1549355321721147,-0.038994728005965845,-0.15493553217211467,-0.03899472800596586,-0.15493553217211464,-0.03899472800596582,-0.15493553217211467,-0.038994728005965845,-0.15493553217211467,-0.038994728005965845,-0.15493553575652713,-0.03899472851140146,-0.16970036526575052,-0.033871645486510685,
lewidi_armis,gemma,62,LPE,2,256,0.6110765602753462,0.14578104242924267,0.27358657303266226,0.33576977119455076,0.7034482758620689,0.7034482758620689,0.31826072931289673,0.15900538861751556,0.19414262101871071,0.10027860046741766,0.19414262101871074,0.10027860046741766,0.19414262101871071,0.10027860046741766,0.19414262101871077,0.10027860046741766,0.19414262101871077,0.10027860046741766,0.1941426196637581,0.10027859913091015,0.18886008392478684,0.11393189845462687,
lewidi_armis,gemma,62,LP-temp,2,256,0.6005546148472817,0.1647482183672761,0.31091191474746355,0.42364462776320916,0.7103448275862069,0.7103448275862069,0.6488443099576467,,0.18551276443073042,,0.1855127644307304,,0.1855127644307304,,0.18551276443073042,,0.18551276443073042,,0.1855127634580977,,0.21554683491415894,,
lewidi_armis,gemma,62,GPP-cosine,3,16,0.9814897386676734,0.2662378336782809,0.4289640557920111,0.40434440538052074,0.5103448275862069,0.5103448275862069,0.34165069460868835,0.1434822678565979,-0.1919843465596121,-0.19617639206823967,-0.1919843465596121,-0.19617639206823972,-0.1919843465596121,-0.19617639206823967,-0.19198434655961216,-0.19617639206823972,-0.19198434655961216,-0.19617639206823972,-0.19198434830250324,-0.19617639332152115,-0.16935822743255344,-0.20459842425185243,
lewidi_armis,gemma,62,GPP-rbf,3,16,0.7156387818122378,0.2076404720362761,0.3714557275176048,0.42185041892179503,0.5241379310344828,0.5241379310344828,0.47603297233581543,0.16761691868305206,0.08487214145221639,-0.04066191466219277,0.08487214145221633,-0.0406619146621928,0.08487214145221636,-0.040661914662192766,0.08487214145221637,-0.04066191466219278,0.08487214145221637,-0.04066191466219278,0.08487214102434677,-0.040661914331000124,0.0858765961324665,-0.04105653998364932,
lewidi_armis,gemma,62,GPP-laplace,3,16,0.6918194016981484,0.20479197537383775,0.37844371066011234,0.4606988062143626,0.5103448275862069,0.5103448275862069,0.4402529001235962,0.252249151468277,-0.16689746589974314,0.1581150511479359,-0.16689746589974314,0.15811505114793595,-0.16689746589974314,0.1581150511479359,-0.16689746589974314,0.15811505114793595,-0.16689746589974314,0.15811505114793595,-0.16689746807288205,0.1581150534685845,-0.17312174359772128,0.1573834032706557,
lewidi_armis,gemma,62,LPE,3,16,0.7281117515251668,0.21110636449960965,0.3772490731344141,0.41855218980323244,0.5103448275862069,0.5103448275862069,0.513862669467926,0.12287897616624832,0.08314618003107857,0.12327955675579055,0.08314618003107857,0.12327955675579054,0.08314618003107854,0.12327955675579058,0.08314618003107858,0.12327955675579055,0.08314618003107858,0.12327955675579055,0.08314617908069777,0.1232795533119719,0.057479155977109044,0.1207746551185684,
lewidi_armis,gemma,62,LP-temp,3,16,0.7029342228897378,0.2056298133564325,0.3728186366971993,0.43588943882772485,0.5103448275862069,0.5103448275862069,0.6651727076392763,,0.11374218348824043,,0.11374218348824044,,0.11374218348824044,,0.11374218348824044,,0.11374218348824044,,0.11374218181276158,,0.11701113895340055,,
lewidi_armis,gemma,62,GPP-cosine,3,64,1.1378054774837567,0.22041073094994498,0.3353871995620811,0.2917008220063327,0.6275862068965518,0.6275862068965518,0.23144589364528656,0.0656682476401329,0.09684287402181163,0.10364718694070046,0.09684287402181162,0.10364718694070048,0.0968428740218116,0.10364718694070044,0.09684287402181163,0.10364718694070049,0.09684287402181163,0.10364718694070049,0.09684287820689255,0.10364719193432159,0.11495831195421809,0.12898596311529828,
lewidi_armis,gemma,62,GPP-rbf,3,64,0.7317507883608914,0.20503432937783014,0.3633615071917402,0.3980417656377351,0.5862068965517241,0.5862068965517241,0.4527229964733124,0.12409292906522751,0.006263047994657246,-0.09733929897492885,0.006263047994657225,-0.09733929897492882,0.006263047994657232,-0.09733929897492885,0.0062630479946572185,-0.09733929897492882,0.0062630479946572185,-0.09733929897492882,0.006263046621836313,-0.09733930000988773,-0.0006842756663941553,-0.10435203912510868,
lewidi_armis,gemma,62,GPP-laplace,3,64,0.6929009252647724,0.2014837766025367,0.36250493660055355,0.42949203556671384,0.5724137931034483,0.5724137931034483,0.4216362535953522,0.23873983323574066,-0.16557565557281761,-0.011478592971166504,-0.16557565557281761,-0.011478592971166504,-0.16557565557281761,-0.011478592971166504,-0.16557565557281764,-0.01147859297116649,-0.16557565557281764,-0.01147859297116649,-0.16557565653851938,-0.011478591077842902,-0.17996450026166283,0.004447791831562009,
lewidi_armis,gemma,62,LPE,3,64,0.8240261150097438,0.2179128320120649,0.36873424593038084,0.3752358006318626,0.5862068965517241,0.5862068965517241,0.41572895646095276,0.07659338414669037,-0.02903069504647711,0.013200483551659078,-0.029030695046477102,0.013200483551659065,-0.029030695046477116,0.013200483551659065,-0.029030695046477102,0.013200483551659078,-0.029030695046477102,0.013200483551659078,-0.02903069635484628,0.013200482003698832,-0.03797729948487562,0.010948410662306484,
lewidi_armis,gemma,62,LP-temp,3,64,0.6771387580428048,0.19578554243017998,0.358333833310833,0.4355668400603813,0.5862068965517241,0.5862068965517241,0.6639824309205647,,0.011463406230479155,,0.011463406230479187,,0.01146340623047918,,0.01146340623047917,,0.01146340623047917,,0.011463405246135136,,-0.024291786156992515,,
lewidi_armis,gemma,62,GPP-cosine,3,256,0.8118867973932614,0.16314366996683802,0.281457807656857,0.2911248916448444,0.7034482758620689,0.7034482758620689,0.2791214883327484,0.03217412531375885,0.1131840563672288,0.14190044196838558,0.11318405636722881,0.14190044196838564,0.11318405636722881,0.1419004419683856,0.11318405636722884,0.14190044196838564,0.11318405636722884,0.14190044196838564,0.11318405064064148,0.14190043786837414,0.11393189845462687,0.15396202493868494,
lewidi_armis,gemma,62,GPP-rbf,3,256,0.6324342762614841,0.1627945242053097,0.30603917980373935,0.3709333539521236,0.696551724137931,0.696551724137931,0.43661609292030334,0.09123394638299942,0.1069922803139447,-0.0020901827911216087,0.10699228031394467,-0.002090182791121619,0.10699228031394467,-0.0020901827911216225,0.10699228031394468,-0.002090182791121605,0.10699228031394468,-0.002090182791121605,0.10699227467699587,-0.002090187425574652,0.10298348779232037,0.013685513327883108,
lewidi_armis,gemma,62,GPP-laplace,3,256,0.6963772192699961,0.19878198593851884,0.355852490920445,0.4090524648897984,0.5724137931034483,0.5724137931034483,0.4004848599433899,0.22348712384700775,-0.1535611193696489,-0.0804113491835773,-0.1535611193696489,-0.0804113491835773,-0.15356111936964886,-0.08041134918357731,-0.15356111936964892,-0.08041134918357731,-0.15356111936964892,-0.08041134918357731,-0.15356112181900955,-0.08041134974729484,-0.1604626437694294,-0.08142880430090449,
lewidi_armis,gemma,62,LPE,3,256,0.6795447941602121,0.1655707428988059,0.30188569946070043,0.3456350129872425,0.7103448275862069,0.7103448275862069,0.309782475233078,0.1606307029724121,0.1492060027859507,0.05744823713070063,0.1492060027859507,0.05744823713070063,0.1492060027859507,0.05744823713070063,0.14920600278595073,0.057448237130700616,0.14920600278595073,0.057448237130700616,0.14920599871667686,0.057448234527702244,0.14746140610794048,0.06295336130826229,
lewidi_armis,gemma,62,LP-temp,3,256,0.6374089039616204,0.17512578303380008,0.3220847697941788,0.40780509366803486,0.6620689655172414,0.6620689655172414,0.6268029976958962,,0.17709401388917936,,0.17709401388917936,,0.17709401388917936,,0.17709401388917934,,0.17709401388917934,,0.17709401215289183,,0.12624886044972167,,
lewidi_armis,gemma,62,GPP-cosine,4,16,0.8656247408341881,0.23680337792124306,0.38862480417150874,0.3976558705150584,0.5724137931034483,0.5724137931034483,0.37396180629730225,0.16203466057777405,-0.08813582820841193,-0.05055753789508794,-0.08813582820841191,-0.050557537895087976,-0.0881358282084119,-0.05055753789508795,-0.08813582820841193,-0.050557537895087976,-0.08813582820841193,-0.050557537895087976,-0.08813583109439506,-0.05055753929668731,-0.08758728529845188,-0.03113454282093407,
lewidi_armis,gemma,62,GPP-rbf,4,16,0.6934703861485367,0.20112685405207423,0.36344037646877353,0.4292395476348183,0.5793103448275863,0.5793103448275863,0.49285587668418884,0.1654331237077713,0.10039470705864498,-0.05722360443229427,0.10039470705864499,-0.05722360443229427,0.10039470705864498,-0.057223604432294246,0.10039470705864496,-0.05722360443229427,0.10039470705864496,-0.05722360443229427,0.10039470863281014,-0.05722360357768094,0.0920350771300139,-0.07150680713818923,
lewidi_armis,gemma,62,GPP-laplace,4,16,0.6907502074220706,0.20431254822739225,0.3778821220685696,0.4602935837440257,0.5655172413793104,0.5655172413793104,0.44003307819366455,0.25206372141838074,-0.15796634727935865,0.15696383912798584,-0.15796634727935868,0.1569638391279859,-0.15796634727935865,0.15696383912798584,-0.15796634727935865,0.15696383912798587,-0.15796634727935865,0.15696383912798587,-0.15796634907150106,0.15696384164647217,-0.15977836810303525,0.15533057627147326,
lewidi_armis,gemma,62,LPE,4,16,0.7261315826694001,0.2064641028990779,0.363942354711993,0.4039403916308961,0.5793103448275863,0.5793103448275863,0.4836764633655548,0.12338943779468536,0.04476218635555535,0.013471466717170697,0.04476218635555535,0.013471466717170652,0.04476218635555535,0.01347146671717067,0.044762186355555365,0.01347146671717067,0.044762186355555365,0.01347146671717067,0.044762189073539134,0.013471467045157517,0.04960998581357626,0.012316961995094796,
lewidi_armis,gemma,62,LP-temp,4,16,0.6922990784500037,0.20505255933589583,0.37896623183134,0.46132553347569655,0.593103448275862,0.593103448275862,0.6931287558051518,,0.07166285553727741,,0.07166285553727739,,0.07166285553727741,,0.07166285553727741,,0.07166285553727741,,0.0716628574679479,,0.057137018143911956,,
lewidi_armis,gemma,62,GPP-cosine,4,64,0.9627182894688009,0.2032101132223836,0.31977443665820265,0.29085735634042154,0.6551724137931034,0.6551724137931034,0.25120827555656433,0.0698520764708519,0.14171465852733917,0.14365221398621933,0.14171465852733914,0.1436522139862193,0.14171465852733914,0.1436522139862193,0.14171465852733914,0.14365221398621933,0.14171465852733914,0.14365221398621933,0.14171465357641952,0.1436522109887268,0.15396202493868494,0.15396202493868494,
lewidi_armis,gemma,62,GPP-rbf,4,64,0.663606485066853,0.18375186406861593,0.33599293786903905,0.41193337286109816,0.6620689655172414,0.6620689655172414,0.488404780626297,0.1280308961868286,0.0790487161087157,-0.0249900145225695,0.0790487161087157,-0.02499001452256953,0.0790487161087157,-0.02499001452256952,0.07904871610871571,-0.024990014522569524,0.07904871610871571,-0.024990014522569524,0.07904871471578123,-0.02499001439201675,0.10674700395748822,-0.01915971865903635,
lewidi_armis,gemma,62,GPP-laplace,4,64,0.6802771041196297,0.1985310685828734,0.3644090874441739,0.4455191095897497,0.5793103448275863,0.5793103448275863,0.43251851201057434,0.2448038011789322,-0.11602696181302238,0.08826996417453861,-0.11602696181302237,0.0882699641745386,-0.11602696181302237,0.08826996417453858,-0.1160269618130224,0.0882699641745386,-0.1160269618130224,0.0882699641745386,-0.11602696392994598,0.0882699664386814,-0.15156706010630538,0.09990424729354667,
lewidi_armis,gemma,62,LPE,4,64,0.7418745838520425,0.18995738402903103,0.32872387673705816,0.37129551261535054,0.6482758620689655,0.6482758620689655,0.4501926898956299,0.07534293830394745,0.11177404181592313,0.048142722730442594,0.11177404181592311,0.048142722730442594,0.1117740418159231,0.04814272273044257,0.11177404181592313,0.048142722730442594,0.11177404181592313,0.048142722730442594,0.1117740409536367,0.048142722395510304,0.13240734144726907,0.07629673680294831,
lewidi_armis,gemma,62,LP-temp,4,64,0.6807645807697492,0.18594263807475517,0.33699106798812944,0.4069687024627934,0.6551724137931034,0.6551724137931034,0.6014877048756722,,0.0655269845369892,,0.06552698453698924,,0.06552698453698921,,0.06552698453698924,,0.06552698453698924,,0.06552698389795657,,0.1549884384382762,,
lewidi_armis,gemma,62,GPP-cosine,4,256,0.8937559907625902,0.15599796882749767,0.2554119119649715,0.2615544975519786,0.7517241379310344,0.7517241379310344,0.24171790480613708,0.027224043384194374,0.21169742164177469,0.18206325848035473,0.21169742164177469,0.18206325848035476,0.21169742164177469,0.1820632584803547,0.2116974216417747,0.1820632584803548,0.2116974216417747,0.1820632584803548,0.21169741852054985,0.1820632573434629,0.220336764578918,0.2217053159117063,
lewidi_armis,gemma,62,GPP-rbf,4,256,0.6191067542237543,0.15501284862687548,0.291930989921093,0.3663977925850449,0.7172413793103448,0.7172413793103448,0.43114185333251953,0.09191068261861801,0.13616360210258455,0.042546077262673704,0.13616360210258457,0.042546077262673704,0.13616360210258455,0.04254607726267369,0.13616360210258455,0.04254607726267372,0.13616360210258455,0.04254607726267372,0.13616359894271735,0.04254607540778089,0.12795954961570705,0.058163431643503204,
lewidi_armis,gemma,62,GPP-laplace,4,256,0.6683043775328803,0.19153556031792876,0.3496124451530391,0.42648568921360525,0.5793103448275863,0.5793103448275863,0.42010581493377686,0.23503991961479187,-0.10657556001460472,-0.0033617219271712476,-0.10657556001460472,-0.003361721927171258,-0.10657556001460469,-0.0033617219271712337,-0.10657556001460472,-0.003361721927171265,-0.10657556001460472,-0.003361721927171265,-0.1065755619990774,-0.0033617214904105193,-0.11085265795585315,0.014369788994277261,
lewidi_armis,gemma,62,LPE,4,256,0.6979676558032819,0.1578048438504507,0.28410001158280745,0.3377587908758021,0.696551724137931,0.696551724137931,0.29061445593833923,0.1684131920337677,0.13322583084291167,0.13487789932930083,0.13322583084291165,0.13487789932930083,0.13322583084291162,0.13487789932930083,0.13322583084291167,0.13487789932930083,0.13322583084291167,0.13487789932930083,0.13322582907892988,0.1348778972349231,0.1436978899427726,0.1313809279476778,
lewidi_armis,gemma,62,LP-temp,4,256,0.6379745528362638,0.17926971342407436,0.3343489462042713,0.43233744233277227,0.6896551724137931,0.6896551724137931,0.6609656855779884,,0.11321078380433121,,0.11321078380433124,,0.11321078380433122,,0.11321078380433124,,0.11321078380433124,,0.11321078239601674,,0.05782129381030613,,
