dataset,model,layer,method,seed,n_obs,soft_ce,jsd,tvd,entce,rankcs,acc,mean_alea,mean_mi,corrAlea_entropy,corrMI_entropy,corrAlea_norm_entropy,corrMI_norm_entropy,corrAlea_one_minus_max,corrMI_one_minus_max,corrAlea_gini,corrMI_gini,corrAlea_top2_margin,corrMI_top2_margin,corrAlea_bern_var,corrMI_bern_var,corrAleaS_entropy,corrMIS_entropy,mono_alea
lewidi_md,gemma,0,GPP-cosine,0,16,0.9871745656509517,0.19230278733542097,0.3441512012540198,0.30093433863244096,0.5989532221131828,0.5989532221131828,0.42823824286460876,0.05491353198885918,-0.08434909268733912,0.07811111372067464,-0.08434909268733912,0.07811111372067463,-0.08354591255800425,0.07518036815354992,-0.08468272921560623,0.07775449691025914,-0.08354591255800424,0.07518036815354993,-0.08468272863607379,0.07775449700230705,-0.09711195036233013,0.05875589736650617,-1.0
lewidi_md,gemma,0,GPP-rbf,0,16,0.6999299269136137,0.1522017763066833,0.31651665318707334,0.3299053560644176,0.619234543670265,0.619234543670265,0.5746411085128784,0.07102879136800766,-0.11376108121707132,0.09234625186990199,-0.11376108121707132,0.092346251869902,-0.1091250211135725,0.09064721043226483,-0.11312979247619565,0.0924620499738279,-0.10912502111357252,0.09064721043226484,-0.11312979218336905,0.0924620501702686,-0.10090412368054417,0.106957373212363,-1.0
lewidi_md,gemma,0,GPP-laplace,0,16,0.6966851808981169,0.15068874675424745,0.316683969662717,0.33290712249991056,0.5695125940464507,0.5695125940464507,0.5395745635032654,0.11192751675844193,-0.12388727531624069,0.11968414480881451,-0.12388727531624068,0.11968414480881451,-0.11993979350922752,0.11755916708008345,-0.12353494672986595,0.11985767051371371,-0.11993979350922752,0.11755916708008346,-0.12353494630744709,0.11985767061293423,-0.10366185838425941,0.10844090286133766,-1.0
lewidi_md,gemma,0,LPE,0,16,0.7839917012004831,0.16459768058555826,0.3235352725898899,0.3019316438951,0.6225057245665685,0.6225057245665685,0.41391685605049133,0.10431914776563644,-0.0761495474756489,0.018627599908887252,-0.07614954747564891,0.01862759990888727,-0.069905702920528,0.02824282530094717,-0.07477118053672979,0.021681554401891286,-0.069905702920528,0.028242825300947162,-0.07477118015699502,0.021681554635695714,-0.07851397711316778,0.003556243290927333,-1.0
lewidi_md,gemma,0,LP-temp,0,16,0.8632327569782315,0.18204209100525626,0.343883223738438,0.3230025250894039,0.6097481190709846,0.6097481190709846,0.514961547557235,,-0.08785099736676986,,-0.08785099736676988,,-0.08397950109062163,,-0.0872748240595334,,-0.08397950109062166,,-0.08727482373679744,,-0.08967496977268757,,-1.0
lewidi_md,gemma,0,GPP-cosine,0,64,1.584883646027329,0.2356481968311889,0.39420486491895235,0.3650842692125163,0.3974484789008832,0.3974484789008832,0.44793567061424255,0.017614081501960754,-0.10965577719985009,0.052573303734641974,-0.1096557771998501,0.052573303734641974,-0.10742764857543846,0.052612775490365624,-0.10972918185494378,0.05294562109925801,-0.10742764857543848,0.052612775490365624,-0.10972918139812031,0.0529456210763837,-0.11296831689907862,0.027100970588180444,-1.0
lewidi_md,gemma,0,GPP-rbf,0,64,0.6954940125824964,0.14823860364175692,0.3095849350211782,0.32685502282784723,0.6323192672554793,0.6323192672554793,0.5825671553611755,0.04696859419345856,-0.09715599019796427,0.09367843129723624,-0.09715599019796427,0.09367843129723624,-0.094215296599544,0.0950620409207886,-0.09692686748427654,0.0947415317067471,-0.094215296599544,0.0950620409207886,-0.09692686704415497,0.09474153201899908,-0.097760739823764,0.11637861385717936,-1.0
lewidi_md,gemma,0,GPP-laplace,0,64,0.740768444313769,0.1548099061383769,0.3150401766408,0.34140968729282134,0.6362446843310435,0.6362446843310435,0.5313686728477478,0.08011796325445175,-0.09712860364532092,0.11340413493264935,-0.09712860364532092,0.11340413493264934,-0.09191510151604373,0.11585901207250113,-0.09620758790456432,0.11492845196594526,-0.09191510151604375,0.11585901207250111,-0.09620758714750932,0.11492845217757905,-0.09486175080975284,0.11765390730647761,-1.0
lewidi_md,gemma,0,LPE,0,64,0.7810917146832497,0.16267136909715166,0.3222822242717743,0.3294771759280683,0.6378802747791953,0.6378802747791953,0.5086193084716797,0.04786638170480728,-0.09022881571639829,0.05303262975401139,-0.09022881571639829,0.05303262975401139,-0.08423869563614952,0.046428753895023926,-0.08902415765015417,0.05138626218013723,-0.08423869563614952,0.04642875389502392,-0.08902415704779693,0.051386262828777,-0.11062693860654997,0.10816227338890833,-1.0
lewidi_md,gemma,0,LP-temp,0,64,0.6922968848372557,0.1519674724918331,0.3210546780365514,0.3396598103367053,0.6319921491658489,0.6319921491658489,0.6638676860339637,,-0.06240609807884802,,-0.062406098078848,,-0.057527204212576136,,-0.06134895049612689,,-0.05752720421257614,,-0.061348950043793975,,-0.07078496180403009,,-1.0
lewidi_md,gemma,0,GPP-cosine,0,256,1.423926924881091,0.21120011371416691,0.35242572925345134,0.29654949819072896,0.6048413477265293,0.6048413477265293,0.3822478652000427,0.007117796689271927,-0.04448842740332092,0.06155378645671219,-0.044488427403320915,0.06155378645671218,-0.04612339948486356,0.056976999791681165,-0.045290909799435695,0.06058274080764152,-0.046123399484863575,0.056976999791681165,-0.04529091011992309,0.06058274052907034,-0.03360928267816364,0.08130754661325146,-1.0
lewidi_md,gemma,0,GPP-rbf,0,256,0.7372478922132492,0.15250863577450785,0.3119418341310017,0.31173651586874146,0.624795551193981,0.624795551193981,0.5470429062843323,0.02417607605457306,-0.03238073085556027,0.05877151538317842,-0.032380730855560286,0.058771515383178416,-0.03621858704872863,0.05698413781833918,-0.03377065924634799,0.058630329066486575,-0.03621858704872863,0.056984137818339185,-0.033770660007827184,0.05863032878096184,-0.0032961022938456804,0.11347398289547111,-1.0
lewidi_md,gemma,0,GPP-laplace,0,256,0.737408280533459,0.151139751060095,0.30913944171554547,0.3136364962714029,0.6303565587176971,0.6303565587176971,0.5158277750015259,0.05901779234409332,-0.06341518691869837,0.09610283113813087,-0.06341518691869837,0.09610283113813087,-0.0668189792351598,0.09500477052685176,-0.06488570329770604,0.09642727667184256,-0.0668189792351598,0.09500477052685177,-0.06488570388794512,0.09642727655920696,-0.04802459615336123,0.11271602362987006,-1.0
lewidi_md,gemma,0,LPE,0,256,0.8028195799842277,0.1600764701702204,0.3131673648407902,0.2877305877164101,0.6234870788354596,0.6234870788354596,0.4066598415374756,0.10657361149787903,-0.06990038542150051,0.11028968570008862,-0.06990038542150052,0.11028968570008861,-0.07045598923295503,0.10469217859491946,-0.0705485311246874,0.1093419999168945,-0.07045598923295507,0.10469217859491949,-0.07054853166260772,0.10934199968846911,-0.0796261864711441,0.12330143356308923,-1.0
lewidi_md,gemma,0,LP-temp,0,256,0.7043526607185064,0.15560423779047192,0.32478584485810513,0.3436300931017482,0.6107294733398757,0.6107294733398757,0.6666664639693758,,-0.021538336856368433,,-0.021538336856368447,,-0.023931810345505407,,-0.02241437559584452,,-0.023931810345505407,,-0.022414376194807392,,-0.01486239136997975,,-1.0
lewidi_md,gemma,0,GPP-cosine,0,1024,0.9542000677028214,0.16762509797622774,0.31719890793385813,0.2969559980824138,0.629375204448806,0.629375204448806,0.48443669080734253,0.0027145501226186752,-0.016725608086618857,0.0787070942394216,-0.016725608086618854,0.07870709423942161,-0.016211585609704884,0.08032852609453542,-0.016683797619872924,0.0797399691569824,-0.016211585609704888,0.08032852609453542,-0.016683797614584852,0.07973996983664673,0.028462689124027694,0.11239055645149995,-1.0
lewidi_md,gemma,0,GPP-rbf,0,1024,0.6758011596366915,0.13990229442380994,0.29915448212810286,0.3172029525167526,0.6444226365718024,0.6444226365718024,0.6100180745124817,0.005915774963796139,-0.002928680012887798,0.05738488023308898,-0.0029286800128878014,0.05738488023308897,-0.003543474571760125,0.06028321665945571,-0.003135857602824402,0.05866023848445849,-0.003543474571760132,0.06028321665945573,-0.0031358578962309945,0.05866023884768486,0.05994533255058072,0.11077354273515577,-1.0
lewidi_md,gemma,0,GPP-laplace,0,1024,0.7440619659074962,0.15135621022390852,0.30870901676315887,0.3196877434116102,0.6450768727510632,0.6450768727510632,0.5353569984436035,0.041347865015268326,-0.060202412849903145,0.08118141955501842,-0.060202412849903145,0.08118141955501842,-0.06032786107194351,0.08445180611292394,-0.06065318139010486,0.08273309394645453,-0.06032786107194352,0.08445180611292395,-0.06065318143345923,0.0827330944874258,-0.03406072475220789,0.11485893038675027,-1.0
lewidi_md,gemma,0,LPE,0,1024,0.711331371474292,0.14496931296719232,0.3002655171800187,0.29783634236508644,0.6388616290480864,0.6388616290480864,0.5043792724609375,0.05523882433772087,-0.03583994970904563,0.08173218723487088,-0.03583994970904563,0.08173218723487088,-0.03769918167947715,0.08171825012275263,-0.036651411981682105,0.08228808692858157,-0.03769918167947716,0.08171825012275263,-0.03665141263245279,0.08228808706942908,-0.013206926097106494,0.1211307173103825,-1.0
lewidi_md,gemma,0,LP-temp,0,1024,0.6729944430553737,0.1441750123150115,0.30684355525474527,0.33974007687936847,0.6382073928688257,0.6382073928688257,0.6667699548201398,,-0.004009949711901306,,-0.004009949711901297,,-0.007018728289844652,,-0.004953121468525629,,-0.007018728289844657,,-0.004953122068975229,,0.05332501256311405,,-0.5
lewidi_md,gemma,0,GPP-cosine,1,16,1.1306688088696626,0.21526744114854598,0.3797052204351486,0.3597918546065854,0.5976447497546614,0.5976447497546614,0.4709501266479492,0.03713887557387352,-0.12670986567443213,0.04456856565735119,-0.1267098656744321,0.04456856565735119,-0.12100404037185027,0.04862814864880434,-0.12584174803534703,0.04610950206283525,-0.12100404037185028,0.04862814864880433,-0.1258417473754153,0.04610950280322679,-0.11534851540188273,0.025255888487563088,-1.0
lewidi_md,gemma,0,GPP-rbf,1,16,0.6968394349476644,0.14207281618625292,0.29520461985419144,0.2930077949012888,0.6597971867844292,0.6597971867844292,0.49018916487693787,0.069614477455616,-0.1315166363909356,0.0770404801221721,-0.1315166363909356,0.07704048012217211,-0.1246788938557157,0.07999072706033715,-0.13033697426562027,0.07846634398270097,-0.12467889385571572,0.07999072706033715,-0.13033697373575326,0.07846634468763766,-0.11756363366025378,0.10556787119860875,-1.0
lewidi_md,gemma,0,GPP-laplace,1,16,0.7013108309848635,0.14269069111105648,0.2997214579714068,0.31479825467436456,0.6653581943081452,0.6653581943081452,0.48791706562042236,0.09684278070926666,-0.12877796400693392,0.09750646102691612,-0.12877796400693392,0.09750646102691612,-0.12026748836850812,0.09941327246165914,-0.12707045403251657,0.0987550273189841,-0.12026748836850813,0.09941327246165914,-0.1270704530160233,0.09875502792405572,-0.11118708150663585,0.10567551826861327,-1.0
lewidi_md,gemma,0,LPE,1,16,0.7808031366244037,0.15944142418994686,0.31491134672020193,0.3025521482781762,0.6503107621851488,0.6503107621851488,0.40394291281700134,0.08957464247941971,-0.12846422320432532,0.031199106047982556,-0.12846422320432535,0.031199106047982563,-0.12401413766758007,0.03096050643705074,-0.1279903000057736,0.03134030993470248,-0.1240141376675801,0.030960506437050728,-0.12799029937620815,0.03134031009707348,-0.1267384197365424,-0.013965667217396822,-1.0
lewidi_md,gemma,0,LP-temp,1,16,0.7255349548289208,0.15385023928821015,0.31549106583896697,0.3171578984954359,0.643114164213281,0.643114164213281,0.5807063939803876,,-0.11930249311645996,,-0.11930249311645995,,-0.11408130407781605,,-0.11853110391966934,,-0.11408130407781605,,-0.11853110310404964,,-0.12081442198258845,,-1.0
lewidi_md,gemma,0,GPP-cosine,1,64,0.9988133030844815,0.19324262662210143,0.34854553260055693,0.3096202642488194,0.6038599934576382,0.6038599934576382,0.4522358179092407,0.03166481852531433,-0.07771178834926425,0.08880154422047046,-0.07771178834926425,0.08880154422047046,-0.0803399459689868,0.07922955079531752,-0.07904422844515051,0.08649699910334566,-0.0803399459689868,0.07922955079531753,-0.07904422906441337,0.08649699848089017,-0.07636437520579605,0.09307488350045214,-1.0
lewidi_md,gemma,0,GPP-rbf,1,64,0.7063993040162706,0.15326051739999255,0.31768530876719075,0.3314834908127762,0.60549558390579,0.60549558390579,0.598353385925293,0.04386051371693611,-0.08519327875171676,0.10249789787785821,-0.08519327875171676,0.10249789787785821,-0.08462237412214998,0.09426146939183097,-0.08560339140521361,0.1006936841264934,-0.08462237412214998,0.094261469391831,-0.08560339181135693,0.10069368383347083,-0.10267425898325346,0.11716310174661845,-1.0
lewidi_md,gemma,0,GPP-laplace,1,64,0.7321376076401771,0.15719806096692418,0.3216267910992832,0.33594479847904957,0.5904481517827936,0.5904481517827936,0.5493313074111938,0.0859898030757904,-0.10874653735585874,0.11860820166283517,-0.10874653735585874,0.11860820166283517,-0.11032290485420394,0.11132519108315478,-0.10997156897159208,0.1172045605577924,-0.11032290485420394,0.11132519108315479,-0.10997156919267728,0.11720456029519176,-0.10747434382832659,0.11543637689252899,-1.0
lewidi_md,gemma,0,LPE,1,64,0.7435497879039109,0.1602008017108111,0.32538668993599584,0.31821882188140405,0.6087667648020936,0.6087667648020936,0.5299217104911804,0.06644163280725479,-0.09687685506209937,0.1042717213955037,-0.09687685506209937,0.10427172139550372,-0.09612800501874655,0.10531391414377453,-0.09731288382991145,0.10530351496189735,-0.09612800501874655,0.10531391414377456,-0.09731288412008579,0.1053035151423753,-0.11646294696246035,0.12564799768616322,-1.0
lewidi_md,gemma,0,LP-temp,1,64,0.7482089088292848,0.16424817279170847,0.33136990446257536,0.33148636256184516,0.6032057572783774,0.6032057572783774,0.6212764366348379,,-0.06791548045998283,,-0.0679154804599828,,-0.06727647101233446,,-0.06818645490316919,,-0.06727647101233446,,-0.06818645527333826,,-0.08197074501698957,,-1.0
lewidi_md,gemma,0,GPP-cosine,1,256,1.3163852211715787,0.20129793593204573,0.3521619427839075,0.32747549572688,0.6064769381746811,0.6064769381746811,0.449529767036438,0.005691124126315117,-0.08116321971950306,0.0583807030320271,-0.08116321971950306,0.05838070303202711,-0.07859537938257186,0.05843455155336668,-0.08093796651953722,0.058797196097444486,-0.07859537938257186,0.05843455155336669,-0.08093796661279627,0.058797196716483084,-0.06337268273778326,0.07888892905192083,-1.0
lewidi_md,gemma,0,GPP-rbf,1,256,0.7420595413546126,0.1539027083416983,0.3132224803093405,0.31656371461591437,0.6424599280340203,0.6424599280340203,0.5464460849761963,0.02663644589483738,-0.062463962229676206,0.07928044283985478,-0.062463962229676206,0.07928044283985476,-0.06064001874986448,0.07509732353984219,-0.06233695318383903,0.07855069312579131,-0.06064001874986448,0.07509732353984219,-0.06233695311973334,0.07855069323277482,-0.036153253624680644,0.11697607870456854,-1.0
lewidi_md,gemma,0,GPP-laplace,1,256,0.7500399912095405,0.15307299050761577,0.3101396411319169,0.320260770440474,0.6506378802747792,0.6506378802747792,0.5199997425079346,0.05855190008878708,-0.08144979331324456,0.10565745164551066,-0.08144979331324456,0.10565745164551064,-0.08308247546201643,0.10450906971392832,-0.08250488888371692,0.10603206381020719,-0.08308247546201644,0.10450906971392832,-0.08250488895244176,0.10603206401108611,-0.06878234421337416,0.11817644246327391,-1.0
lewidi_md,gemma,0,LPE,1,256,0.8091174506344414,0.1603845108091439,0.3146704675150177,0.2980328859924752,0.6303565587176971,0.6303565587176971,0.425346702337265,0.10150586068630219,-0.0907784773807542,0.10421289614357318,-0.0907784773807542,0.10421289614357321,-0.08863851336476702,0.10071405250396658,-0.09074934079614558,0.10386226996478329,-0.08863851336476704,0.10071405250396658,-0.09074934102767539,0.10386227040494768,-0.08820478779751822,0.11800029822049835,-1.0
lewidi_md,gemma,0,LP-temp,1,256,0.7562405727384941,0.16066879034293852,0.3268213891505957,0.3404863492521278,0.6316650310762185,0.6316650310762185,0.639127875446648,,-0.04912266238539179,,-0.04912266238539183,,-0.04441585884689545,,-0.048026852318725465,,-0.04441585884689544,,-0.04802685202765771,,-0.05161263287855334,,-0.5
lewidi_md,gemma,0,GPP-cosine,1,1024,0.8356739767630834,0.15898250310635922,0.31233787764491555,0.30078483776332354,0.638534510958456,0.638534510958456,0.5098827481269836,0.0035491695161908865,-0.029266232403129297,0.07805507579433901,-0.029266232403129304,0.07805507579433901,-0.03893545938012655,0.07267838393915715,-0.03240953224485234,0.07695367694551883,-0.03893545938012654,0.07267838393915715,-0.03240953374049721,0.07695367629900765,0.008937878103628234,0.1126845749488957,-0.5
lewidi_md,gemma,0,GPP-rbf,1,1024,0.6697763843384296,0.13872551749449888,0.29911701492953036,0.32040525003660464,0.6542361792607131,0.6542361792607131,0.6165708899497986,0.0061437408439815044,-0.012029093272992758,0.07373163825773876,-0.012029093272992751,0.07373163825773878,-0.018606824832890258,0.07554931793249531,-0.014113396473588601,0.07479014046780275,-0.018606824832890265,0.07554931793249531,-0.014113397996039207,0.07479014085476264,0.034499891939573625,0.11515967285497006,-0.5
lewidi_md,gemma,0,GPP-laplace,1,1024,0.718027965840529,0.14701189326978895,0.3057800139133576,0.32206896499825083,0.6545632973503435,0.6545632973503435,0.550883412361145,0.041626524180173874,-0.07312116464866264,0.08381933381827003,-0.07312116464866265,0.08381933381827003,-0.07955959275524241,0.08461359648102018,-0.07558175916897031,0.08463550459831515,-0.07955959275524241,0.08461359648102018,-0.07558175988370502,0.08463550518022875,-0.0481171614369582,0.11528386222320848,-1.0
lewidi_md,gemma,0,LPE,1,1024,0.700088865368868,0.14272311185335432,0.29972046356121956,0.3023518666549667,0.6434412823029113,0.6434412823029113,0.5124075412750244,0.05967037007212639,-0.06769852096402704,0.10283063665446496,-0.06769852096402704,0.10283063665446497,-0.07335416543298573,0.09999989233275852,-0.06988372012010174,0.10267386632369552,-0.07335416543298573,0.09999989233275852,-0.06988372130956635,0.10267386630556663,-0.07475879731088714,0.1262009789212085,-1.0
lewidi_md,gemma,0,LP-temp,1,1024,0.6817493676794917,0.15071878246148157,0.3211112154604944,0.35436899645985565,0.6486751717369971,0.6486751717369971,0.6914851912331995,,-0.0013900501250221206,,-0.001390050125022118,,-0.00738382348704362,,-0.0032237184494465585,,-0.007383823487043627,,-0.003223719857672558,,0.04838978461900746,,-0.5
lewidi_md,gemma,0,GPP-cosine,2,16,0.9226297428543107,0.18786552250731298,0.347315839910339,0.3203163864693063,0.6015701668302257,0.6015701668302257,0.4669645428657532,0.04552542790770531,-0.08760706744299532,0.08461101296980723,-0.08760706744299529,0.08461101296980723,-0.08337767131178012,0.08395237008789969,-0.0869202993414696,0.08499043292475714,-0.08337767131178013,0.08395237008789967,-0.08692029884205721,0.08499043352012947,-0.0952756152865616,0.10626538665723802,-1.0
lewidi_md,gemma,0,GPP-rbf,2,16,0.6824358814693932,0.14062103097817819,0.29800794308284334,0.30763540601175043,0.65129211645404,0.65129211645404,0.5220452547073364,0.07301243394613266,-0.09826462651766615,0.09599497282100557,-0.09826462651766615,0.09599497282100558,-0.09820397612327089,0.0931491666500233,-0.09891961251762808,0.09578677120924713,-0.09820397612327089,0.0931491666500233,-0.098919612796705,0.09578677127059163,-0.09840832225115197,0.10790584553871453,-1.0
lewidi_md,gemma,0,GPP-laplace,2,16,0.6664541177247261,0.13715892719423334,0.2957836879703064,0.3180308587277643,0.6627412495911024,0.6627412495911024,0.5159088969230652,0.10996027290821075,-0.12160139333185171,0.12195716539287296,-0.12160139333185171,0.12195716539287293,-0.12041687384020587,0.11821970315594586,-0.12207427721790176,0.12165552628392387,-0.12041687384020588,0.11821970315594588,-0.12207427705914406,0.12165552620934103,-0.10583048255934016,0.11040775804996343,-1.0
lewidi_md,gemma,0,LPE,2,16,0.7453132677829613,0.15304939730047945,0.3100456962519437,0.3068587799195753,0.6440955184821721,0.6440955184821721,0.4489448070526123,0.08956550806760788,-0.07111084839101142,0.019116474888772047,-0.07111084839101142,0.01911647488877205,-0.06855760577920823,0.02480885648268622,-0.07082114518724612,0.020979903634754857,-0.06855760577920825,0.024808856482686242,-0.07082114542726692,0.02097990425843354,-0.05248554147202391,0.007376204993117529,-1.0
lewidi_md,gemma,0,LP-temp,2,16,0.7568785383364518,0.1566893676532866,0.3158761860564304,0.3165842552022646,0.6414785737651292,0.6414785737651292,0.5602377978482233,,-0.05366700968170959,,-0.05366700968170958,,-0.0496112263471662,,-0.05280047487183305,,-0.04961122634716621,,-0.052800475200932576,,-0.03149398504028034,,-1.0
lewidi_md,gemma,0,GPP-cosine,2,64,1.525055334206534,0.22556940893063734,0.3842358897212722,0.35094150989711,0.5884854432450114,0.5884854432450114,0.4744357466697693,0.021659988909959793,-0.09528392011400495,0.07785329912711389,-0.09528392011400495,0.07785329912711389,-0.09133350716226916,0.07496238928185932,-0.09473466995274538,0.07750703899903627,-0.09133350716226918,0.07496238928185932,-0.0947346695633293,0.07750703952389672,-0.09664360805554607,0.0653832806003291,-1.0
lewidi_md,gemma,0,GPP-rbf,2,64,0.7105052879717512,0.15747793387845505,0.3268007806779212,0.3398809651075807,0.6015701668302257,0.6015701668302257,0.6135594248771667,0.04417425021529198,-0.09903071437913405,0.08948486996004892,-0.09903071437913405,0.08948486996004894,-0.09750991882039406,0.0864770528582269,-0.09924657086530346,0.0891827458534929,-0.09750991882039406,0.08647705285822692,-0.09924657113143219,0.08918274616817072,-0.10185565619079459,0.11339049975614264,-1.0
lewidi_md,gemma,0,GPP-laplace,2,64,0.7608416526111544,0.16639511373400118,0.3326176053253062,0.3442162220623672,0.6068040562643114,0.6068040562643114,0.550559937953949,0.08313259482383728,-0.11093886977372132,0.11030344543379991,-0.11093886977372132,0.11030344543379991,-0.1071775288126603,0.10970759767958321,-0.11055445091778529,0.1108780562919526,-0.1071775288126603,0.10970759767958323,-0.11055445069019619,0.11087805666794247,-0.09946012087795994,0.114081312497262,-1.0
lewidi_md,gemma,0,LPE,2,64,0.7714548930682548,0.1707628375102643,0.33830374935937396,0.3329301327261304,0.5992803402028132,0.5992803402028132,0.49498438835144043,0.11499238759279251,-0.1112504202694323,0.09440510076558253,-0.1112504202694323,0.09440510076558259,-0.10839836446422098,0.09196825890683694,-0.11114486794542912,0.09431046714563632,-0.10839836446422099,0.09196825890683696,-0.11114486765352569,0.09431046707726384,-0.11419508187512839,0.11175645819764654,-1.0
lewidi_md,gemma,0,LP-temp,2,64,0.6930139768368676,0.15527849258320156,0.32834868915778503,0.35579066440633716,0.6002616944717043,0.6002616944717043,0.6930375642341783,,-0.055823716357289555,,-0.055823716357289555,,-0.04845485805060798,,-0.053963662795466355,,-0.04845485805060798,,-0.05396366178842226,,-0.10006455589259554,,-0.5
lewidi_md,gemma,0,GPP-cosine,2,256,1.4700732337974745,0.21203634944324545,0.3577414201627119,0.31412563011867783,0.6032057572783774,0.6032057572783774,0.3983197808265686,0.008174777030944824,-0.08350631632484362,0.027665391811866773,-0.08350631632484362,0.027665391811866776,-0.07836326257502321,0.030155043736607053,-0.08251338216659136,0.028612692448794847,-0.07836326257502323,0.03015504373660706,-0.08251338190469415,0.028612693245181703,-0.06799125780434925,0.06840863878317129,-1.0
lewidi_md,gemma,0,GPP-rbf,2,256,0.7464881453172809,0.15217510555566227,0.3077501936688944,0.30612678000931237,0.6427870461236507,0.6427870461236507,0.5127081274986267,0.0281801987439394,-0.046884464966240935,0.058606871459816565,-0.046884464966240935,0.058606871459816565,-0.04024130794488816,0.05846739580934732,-0.04518400690713181,0.0589660783668258,-0.04024130794488816,0.05846739580934733,-0.045184007020595524,0.05896607868051823,-0.029918955760149413,0.11305902915286362,-0.5
lewidi_md,gemma,0,GPP-laplace,2,256,0.7617811805872138,0.15084259645098677,0.3033210351329881,0.3107507522583334,0.6591429506051685,0.6591429506051685,0.47937434911727905,0.06383562833070755,-0.07607782975761145,0.0892376926391762,-0.07607782975761143,0.08923769263917622,-0.06998669835713683,0.09155972864539144,-0.07474544795037688,0.09055595918763742,-0.06998669835713685,0.09155972864539146,-0.07474544781132675,0.09055595957070972,-0.08010589289841542,0.11327526639023225,-1.0
lewidi_md,gemma,0,LPE,2,256,0.87159668824824,0.16845095942406046,0.31715058886950537,0.290518850845248,0.6261040235525025,0.6261040235525025,0.38639870285987854,0.08485445380210876,-0.07775593536488143,0.10110524930698378,-0.07775593536488143,0.10110524930698378,-0.07481444210578617,0.1034384090634726,-0.0773936134372509,0.1025082340647001,-0.0748144421057862,0.10343840906347262,-0.07739361385910917,0.10250823439254375,-0.10311908780209583,0.11385970186842406,-1.0
lewidi_md,gemma,0,LP-temp,2,256,0.6947482410290617,0.15362040345234293,0.32274271656586356,0.3453385504437014,0.6211972522080471,0.6211972522080471,0.6728190519518178,,-0.043735067903923494,,-0.04373506790392349,,-0.04245216162168382,,-0.04364436169922006,,-0.042452161621683804,,-0.04364436180105888,,-0.05529408662816148,,-1.0
lewidi_md,gemma,0,GPP-cosine,2,1024,0.9178337623929546,0.1681482272451652,0.3232859936745003,0.32286653332289006,0.6424599280340203,0.6424599280340203,0.522354245185852,0.002438148483633995,-0.07499379877419209,0.05263355965695723,-0.07499379877419209,0.05263355965695722,-0.07539315700895753,0.050281725463113436,-0.07562929985223932,0.0522785211999826,-0.07539315700895753,0.050281725463113436,-0.07562930040926737,0.05227852125660851,-0.018973972033355,0.09226639047432642,-1.0
lewidi_md,gemma,0,GPP-rbf,2,1024,0.6878132719771991,0.1445930355186647,0.3050981074962174,0.32711788422588617,0.6526005888125613,0.6526005888125613,0.6230860352516174,0.005207304377108812,-0.05150793973657966,0.07911909643616451,-0.05150793973657967,0.07911909643616451,-0.05116944289642415,0.07734497917693485,-0.05175792500149464,0.0791213953517084,-0.05116944289642416,0.07734497917693486,-0.05175792563326798,0.07912139546269617,-0.006081054022728576,0.11039419742848518,-1.0
lewidi_md,gemma,0,GPP-laplace,2,1024,0.7452948663162826,0.1545042439050102,0.3136448875495522,0.3304279043960346,0.6490022898266274,0.6490022898266274,0.5611012578010559,0.041426487267017365,-0.09035017519450433,0.08553762351487018,-0.09035017519450433,0.08553762351487018,-0.08956847362271528,0.08642595401193433,-0.0907314761627595,0.08639419893266068,-0.08956847362271528,0.08642595401193434,-0.09073147629316454,0.08639419939110654,-0.05566684969269887,0.11411861786635283,-1.0
lewidi_md,gemma,0,LPE,2,1024,0.7226331220890759,0.14753131365595837,0.305938049237209,0.31452768646686496,0.6460582270199542,0.6460582270199542,0.5287407636642456,0.05379868671298027,-0.082498721884589,0.0762933380599169,-0.08249872188458898,0.07629333805991684,-0.08245669740745648,0.07377331326668338,-0.08305132683380466,0.07604926189310653,-0.08245669740745651,0.07377331326668338,-0.08305132744041355,0.07604926202692636,-0.07834420790210776,0.11532141121846963,-1.0
lewidi_md,gemma,0,LP-temp,2,1024,0.6836549373577523,0.15110363735360519,0.3207330858124586,0.3527119197026364,0.6447497546614328,0.6447497546614328,0.6881860815410038,,-0.030712846364116163,,-0.030712846364116156,,-0.03312272917706005,,-0.03165675546011368,,-0.03312272917706006,,-0.03165675592193591,,-0.0008327957079479156,,-1.0
lewidi_md,gemma,0,GPP-cosine,3,16,0.893796084315009,0.18806494760275758,0.34560517982117,0.28154971017571595,0.572456656853124,0.572456656853124,0.4232143461704254,0.05654221400618553,-0.03957860627970317,0.10826820837603558,-0.039578606279703166,0.10826820837603558,-0.035774831396186174,0.10566885871138118,-0.038692214479555474,0.10821912628850168,-0.03577483139618616,0.1056688587113812,-0.038692214533269154,0.10821912618744775,-0.005832002552489171,0.10771958889625109,-0.5
lewidi_md,gemma,0,GPP-rbf,3,16,0.6697481160373476,0.13917970465384294,0.29874420746561353,0.3153771310547367,0.643114164213281,0.643114164213281,0.5489315390586853,0.0772344097495079,-0.08401088739618423,0.11785510049960814,-0.08401088739618423,0.11785510049960815,-0.08174681636450244,0.11374507574204631,-0.0838975993183612,0.11741196292382504,-0.08174681636450246,0.11374507574204634,-0.08389759924281312,0.11741196321756572,-0.08386515498708773,0.11496691155848339,-1.0
lewidi_md,gemma,0,GPP-laplace,3,16,0.6818150132416668,0.14198555246192557,0.3022482799144329,0.3202981678480922,0.6159633627739614,0.6159633627739614,0.5168579816818237,0.11448652297258377,-0.09939049114550214,0.13033923393558566,-0.09939049114550214,0.13033923393558566,-0.09528393283759555,0.12812781327588157,-0.09882186365993112,0.13055947496356524,-0.09528393283759559,0.1281278132758816,-0.0988218633943158,0.13055947496392453,-0.10134032284504774,0.11714639877705463,-1.0
lewidi_md,gemma,0,LPE,3,16,0.7175519624278945,0.1461622549773137,0.30039697845268715,0.2851212910716514,0.6382073928688257,0.6382073928688257,0.44732609391212463,0.08686612546443939,-0.02206738187297534,0.0790492631515674,-0.02206738187297533,0.07904926315156738,-0.024534649822869486,0.06509114681370028,-0.022969504923052317,0.07534301168852849,-0.024534649822869483,0.06509114681370029,-0.02296950507935775,0.0753430114989633,-0.027699929320148912,0.09724408137975803,-1.0
lewidi_md,gemma,0,LP-temp,3,16,0.687267544143281,0.1460402429307083,0.30896511231280827,0.32877648687040256,0.6297023225384364,0.6297023225384364,0.641294507104734,,-0.018620792598813683,,-0.018620792598813676,,-0.022030202808968793,,-0.019786025954318352,,-0.0220302028089688,,-0.019786026223997104,,-0.01186030996176713,,-1.0
lewidi_md,gemma,0,GPP-cosine,3,64,1.770728983146635,0.23476532970370545,0.3724644610495113,0.3044588784654418,0.5996074582924436,0.5996074582924436,0.22507473826408386,0.019950345158576965,-0.00484784246358342,0.06508860991855404,-0.004847842463583429,0.06508860991855403,-0.0081522474727554,0.05928188233586767,-0.005886727403718791,0.06376747017602785,-0.008152247472755399,0.05928188233586767,-0.0058867267314625694,0.06376747009867699,-0.011541247388832417,0.06713353535186406,-0.5
lewidi_md,gemma,0,GPP-rbf,3,64,0.7210099873691874,0.1487126246521418,0.3019280642457489,0.287511132389633,0.6375531566895649,0.6375531566895649,0.5046974420547485,0.04307228699326515,-0.009977359386721004,0.09002782068928027,-0.009977359386721008,0.09002782068928025,-0.016057148404725274,0.085854363585086,-0.011896057718367319,0.08937466737055616,-0.016057148404725274,0.08585436358508601,-0.011896057673810644,0.08937466757221399,-0.016345197710721703,0.11472691304645882,-0.5
lewidi_md,gemma,0,GPP-laplace,3,64,0.7575961569956651,0.15596224203472162,0.3089341430095873,0.2881004370123772,0.6342819757932614,0.6342819757932614,0.4496088922023773,0.08055735379457474,-0.051522832899141835,0.10917633862690221,-0.051522832899141835,0.10917633862690221,-0.05737008844427998,0.10593792001279778,-0.053655488816107155,0.10893898639286509,-0.05737008844427998,0.10593792001279778,-0.0536554888895682,0.10893898641248871,-0.09935690953573278,0.11246632629993136,-1.0
lewidi_md,gemma,0,LPE,3,64,0.8102371533834336,0.16489823581935892,0.31796316356054444,0.2846232357294191,0.6234870788354596,0.6234870788354596,0.36483529210090637,0.09195207059383392,-0.06852246133901982,0.0967913214044552,-0.06852246133901976,0.09679132140445518,-0.06707540877471524,0.09186936663384554,-0.0685516762382309,0.09595672350983829,-0.06707540877471524,0.09186936663384554,-0.06855167540285957,0.09595672358006987,-0.06690999033187148,0.12037551776574852,-1.0
lewidi_md,gemma,0,LP-temp,3,64,0.687150104999283,0.15285164539669613,0.32451986215658596,0.3545332674719736,0.6022244030094864,0.6022244030094864,0.6917415359234916,,-0.02842550352638919,,-0.028425503526389197,,-0.02969113886518063,,-0.029005496938431026,,-0.029691138865180634,,-0.02900549659035519,,-0.01996634916510197,,-1.0
lewidi_md,gemma,0,GPP-cosine,3,256,1.1755383698501158,0.19189577014867762,0.3465738266518622,0.33055560596106803,0.6041871115472686,0.6041871115472686,0.493829607963562,0.007863213308155537,-0.07486957738740994,0.059035610107393804,-0.07486957738740993,0.05903561010739379,-0.07615931065600362,0.06091146347594187,-0.0757752033929246,0.060011099480395035,-0.07615931065600363,0.06091146347594187,-0.0757752037378534,0.060011100075890306,-0.06420507451720568,0.0957415218913232,-1.0
lewidi_md,gemma,0,GPP-rbf,3,256,0.7052455860845744,0.14978011286213697,0.31062500628115386,0.3317508404465114,0.638534510958456,0.638534510958456,0.6025847792625427,0.02400209940969944,-0.06934442508786663,0.06274196923722417,-0.06934442508786663,0.06274196923722417,-0.06683673895936289,0.06824759315950121,-0.06905648055910876,0.06484754211371593,-0.0668367389593629,0.06824759315950123,-0.06905648141528488,0.06484754252874217,-0.08457319462896477,0.11461562496948434,-1.0
lewidi_md,gemma,0,GPP-laplace,3,256,0.7074977301973575,0.14714974125869643,0.30549878553503507,0.33517563244622534,0.6604514229636899,0.6604514229636899,0.5649324059486389,0.060127366334199905,-0.09451336422572656,0.08835096888795427,-0.09451336422572654,0.08835096888795427,-0.09149666940270672,0.0938660515887237,-0.09424300043378596,0.09063492851523025,-0.09149666940270672,0.09386605158872371,-0.09424300116147218,0.0906349287929783,-0.09721311541071065,0.11471209028331884,-1.0
lewidi_md,gemma,0,LPE,3,256,0.736157252503158,0.15287625878164002,0.3136975232859329,0.3223928486150878,0.6310107948969578,0.6310107948969578,0.48432984948158264,0.10266520828008652,-0.1046918623516434,0.0934312460964752,-0.1046918623516434,0.09343124609647521,-0.10229090994570594,0.09251014896052831,-0.10467865034058668,0.09379123922651386,-0.10229090994570597,0.09251014896052832,-0.10467865092946502,0.09379123906330242,-0.11129487408650465,0.11380736571380794,-1.0
lewidi_md,gemma,0,LP-temp,3,256,0.691905935901689,0.15483354424844273,0.32772513073206516,0.355700237306484,0.629375204448806,0.629375204448806,0.6929471371343249,,-0.03666852015773141,,-0.03666852015773141,,-0.04548927681680747,,-0.039604327647049464,,-0.04548927681680748,,-0.03960432799681818,,-0.08025875981625523,,-0.5
lewidi_md,gemma,0,GPP-cosine,3,1024,0.9068583630232258,0.16860691531878289,0.3203376564665333,0.29773888914187896,0.6277396140006543,0.6277396140006543,0.49464932084083557,0.0031266985461115837,-0.0368634512113106,0.06473375651636251,-0.036863451211310586,0.0647337565163625,-0.04032921767458976,0.06259586323612774,-0.0381708597744737,0.06452675590643216,-0.040329217674589767,0.06259586323612774,-0.03817086095812469,0.06452675601750209,0.007903431640697024,0.10341173756402011,-1.0
lewidi_md,gemma,0,GPP-rbf,3,1024,0.6779736064054505,0.1407983649829769,0.30058101363879797,0.3187238523487504,0.6460582270199542,0.6460582270199542,0.6127180457115173,0.005498454440385103,-0.02785884834009413,0.07032252615073485,-0.027858848340094125,0.07032252615073484,-0.02780717850093743,0.06644025892140912,-0.028034050296131555,0.06962294563558494,-0.027807178500937432,0.06644025892140912,-0.028034051275725926,0.06962294606559098,0.022881952599919115,0.11089613781086412,-1.0
lewidi_md,gemma,0,GPP-laplace,3,1024,0.7317408147001201,0.15003735003516377,0.3079214446316085,0.318389926731878,0.6454039908406934,0.6454039908406934,0.5438207387924194,0.042634449899196625,-0.07682017495407804,0.0821466839034031,-0.07682017495407803,0.0821466839034031,-0.07484167932116446,0.08080261452857151,-0.07674451809391708,0.08230061255430196,-0.07484167932116446,0.08080261452857151,-0.0767445192041699,0.08230061271654007,-0.04855836908069806,0.11292004754397965,-1.0
lewidi_md,gemma,0,LPE,3,1024,0.7149858980205271,0.14647603469588244,0.30251066407397004,0.29922884485924517,0.6352633300621524,0.6352633300621524,0.5116411447525024,0.05158179625868797,-0.06662088188961685,0.09256516404861592,-0.06662088188961685,0.09256516404861587,-0.06866760221381138,0.08971166262728106,-0.06770035753080486,0.09233111470368255,-0.06866760221381138,0.08971166262728109,-0.0677003588831705,0.09233111504366094,-0.05140681130785837,0.12318319910470635,-1.0
lewidi_md,gemma,0,LP-temp,3,1024,0.6741981040840802,0.1459731737042827,0.3107450356744982,0.3453937275948706,0.639515865227347,0.639515865227347,0.675944383118637,,-0.024934890097609966,,-0.024934890097609956,,-0.023309772717261694,,-0.0246111908861435,,-0.023309772717261694,,-0.024611191517360832,,0.02859419075262666,,-1.0
lewidi_md,gemma,0,GPP-cosine,4,16,1.3347863522217867,0.2217479862738556,0.3639054077136342,0.29922703352839974,0.5982989859339222,0.5982989859339222,0.2714426517486572,0.038804423063993454,-0.004450737868271522,0.08374822152934638,-0.004450737868271517,0.08374822152934638,-0.004447379029523666,0.08057111863146746,-0.004480218215533325,0.08335526167244098,-0.004447379029523663,0.08057111863146746,-0.004480217251009215,0.08335526218757158,0.008988639806262829,0.06327440470607298,-1.0
lewidi_md,gemma,0,GPP-rbf,4,16,0.7055723036952539,0.14268070544224445,0.2933263028370162,0.285129337159236,0.6571802420673863,0.6571802420673863,0.4708035886287689,0.07067428529262543,-0.025384826233810675,0.10977348060824943,-0.02538482623381068,0.1097734806082494,-0.030823587100815834,0.10312885384772177,-0.02721402754369296,0.10850357724037618,-0.03082358710081583,0.10312885384772177,-0.02721402780449307,0.10850357746719994,-0.03055517137274341,0.11498057585676144,-1.0
lewidi_md,gemma,0,GPP-laplace,4,16,0.7451791309452602,0.15285977927971675,0.305349516413014,0.2883628683606627,0.6516192345436702,0.6516192345436702,0.4262489378452301,0.10317888110876083,6.488487258449627e-05,0.12912701044381875,6.48848725844954e-05,0.12912701044381875,-0.008564339866595482,0.12393139873498216,-0.00256088410438479,0.12843073653677678,-0.008564339866595487,0.12393139873498216,-0.0025608843039365533,0.12843073647811185,-0.010662389238184038,0.11409118083597748,-0.5
lewidi_md,gemma,0,LPE,4,16,0.840826081844955,0.16760040862593362,0.31867576463718533,0.2829737094308691,0.6421328099443899,0.6421328099443899,0.324032723903656,0.08923806995153427,-0.01651134908410587,0.03032697551436618,-0.016511349084105877,0.030326975514366167,-0.018849319392670177,0.02395913353089218,-0.017336044184203817,0.028596832007253735,-0.018849319392670188,0.023959133530892195,-0.017336044372029145,0.028596831967923855,-0.002069248210278026,0.006026062885931973,-1.0
lewidi_md,gemma,0,LP-temp,4,16,0.7261002349126768,0.15046336283091793,0.3094562071372468,0.30297414265330064,0.6359175662414132,0.6359175662414132,0.5648682324426502,,-0.021976454426724298,,-0.021976454426724294,,-0.028685732710563204,,-0.024168965480768557,,-0.028685732710563197,,-0.024168966216856463,,0.00354305051322104,,-0.5
lewidi_md,gemma,0,GPP-cosine,4,64,1.5004244347289728,0.19664530271189917,0.3494506307872023,0.35322998702904534,0.6166175989532221,0.6166175989532221,0.46605831384658813,0.020061686635017395,-0.12382127122108746,0.03371197661990667,-0.12382127122108749,0.03371197661990667,-0.12007558039559617,0.037036672698988034,-0.12352990324366636,0.0349548536611997,-0.12007558039559618,0.03703667269898804,-0.1235299028967845,0.03495485384712914,-0.10674552656951623,0.021152164121380827,-1.0
lewidi_md,gemma,0,GPP-rbf,4,64,0.7071433357204695,0.15369707438736604,0.3182677571065565,0.3374331837421106,0.6241413150147204,0.6241413150147204,0.6003662347793579,0.04163875803351402,-0.11089556431921306,0.07531938218864004,-0.11089556431921306,0.07531938218864004,-0.10791186068238444,0.07762902591192924,-0.11074751440350673,0.07653848987913385,-0.10791186068238445,0.07762902591192924,-0.11074751458068798,0.07653849024825157,-0.11100353186134919,0.1102461293418944,-1.0
lewidi_md,gemma,0,GPP-laplace,4,64,0.7332375340512515,0.15757581027357706,0.3213777045689165,0.3431556529817527,0.6532548249918221,0.6532548249918221,0.557646632194519,0.07666138559579849,-0.12897315682460628,0.0949273101009955,-0.12897315682460628,0.0949273101009955,-0.12607665932350595,0.0974619033817425,-0.12897553969349773,0.09634925929764541,-0.12607665932350598,0.0974619033817425,-0.12897553952954105,0.09634925952672183,-0.1156408265644026,0.108385181556824,-1.0
lewidi_md,gemma,0,LPE,4,64,0.7415072675019599,0.16094563531364917,0.3245372129377254,0.32884211844813993,0.6228328426561989,0.6228328426561989,0.5424980521202087,0.07047569006681442,-0.11774846562705882,0.10863551331585403,-0.11774846562705885,0.108635513315854,-0.11308200454806683,0.0957474512391724,-0.11713525170907858,0.10545768725563402,-0.11308200454806683,0.0957474512391724,-0.11713525174023004,0.10545768713814123,-0.12551947158641702,0.11754003385036524,-1.0
lewidi_md,gemma,0,LP-temp,4,64,0.691366356833465,0.15456310739705803,0.3266808404644559,0.35496384506757656,0.6205430160287864,0.6205430160287864,0.6921981530058477,,-0.07095218886407127,,-0.07095218886407127,,-0.07237002127653902,,-0.07186995316321862,,-0.07237002127653903,,-0.0718699534729455,,-0.10167937763013266,,-1.0
lewidi_md,gemma,0,GPP-cosine,4,256,1.2508918058858112,0.19676575845859196,0.34600193293962084,0.3072041755352436,0.6117108276087667,0.6117108276087667,0.4454133212566376,0.007835420779883862,-0.05210686272010357,0.07534820823667349,-0.05210686272010357,0.07534820823667349,-0.051274075546973386,0.07077116089832898,-0.05221052057220553,0.07447162159612815,-0.051274075546973386,0.07077116089832898,-0.05221052112292633,0.0744716216375849,-0.045807145721803055,0.10461581426093373,-1.0
lewidi_md,gemma,0,GPP-rbf,4,256,0.7227793046078426,0.1482840089352428,0.3071518141943425,0.3136375432442967,0.6355904481517828,0.6355904481517828,0.548624575138092,0.028144093230366707,-0.0436438038748945,0.07260845747723434,-0.0436438038748945,0.07260845747723434,-0.042583579495892136,0.07190267049122974,-0.043620243095331086,0.07289127161011232,-0.042583579495892136,0.07190267049122974,-0.043620243766418654,0.0728912720729013,-0.005097940844622276,0.11674609391072908,-1.0
lewidi_md,gemma,0,GPP-laplace,4,256,0.7197252792261347,0.14531693731794187,0.3012170985863246,0.317363659063734,0.6558717697088648,0.6558717697088648,0.5205461382865906,0.06503555178642273,-0.08339847157332128,0.09734860927064362,-0.08339847157332128,0.09734860927064362,-0.08120331725172356,0.0980982756250354,-0.08330196045518184,0.09824392882853519,-0.08120331725172356,0.09809827562503542,-0.08330196073160909,0.09824392942318022,-0.06366783093028504,0.11405385470466327,-1.0
lewidi_md,gemma,0,LPE,4,256,0.7966731532691228,0.15831756269763747,0.31129698194271566,0.2920826432979992,0.6264311416421328,0.6264311416421328,0.4135076105594635,0.09938795864582062,-0.08855226015862583,0.10290799484466986,-0.08855226015862581,0.10290799484466986,-0.08576988941216845,0.10269545009553208,-0.08831235675123719,0.10354857614085156,-0.08576988941216845,0.10269545009553208,-0.08831235722044556,0.10354857621773454,-0.09892399733721799,0.12967210208659574,-1.0
lewidi_md,gemma,0,LP-temp,4,256,0.7380188586411778,0.15878271543519182,0.32625871476491775,0.3430411422263954,0.6270853778213935,0.6270853778213935,0.6416542265697636,,-0.05027636824220815,,-0.05027636824220813,,-0.04694283223245914,,-0.04960640446179086,,-0.04694283223245914,,-0.04960640481237551,,-0.030799934389686503,,-1.0
lewidi_md,gemma,0,GPP-cosine,4,1024,0.8123658448675372,0.15502205124682536,0.3104388507339125,0.3095568460962956,0.629375204448806,0.629375204448806,0.5370035767555237,0.003090665442869067,-0.03851265112536459,0.07241625307724217,-0.03851265112536459,0.07241625307724217,-0.03914608863263861,0.07335951899025689,-0.0389693727888524,0.07319962184160167,-0.03914608863263862,0.07335951899025689,-0.038969373910685015,0.07319962186844768,-0.008431300894377398,0.10390201453372881,-1.0
lewidi_md,gemma,0,GPP-rbf,4,1024,0.6699195148563428,0.13884312758661965,0.2983971371872629,0.3266415616370849,0.6604514229636899,0.6604514229636899,0.6270032525062561,0.004645183682441711,-0.023408362555211098,0.07173209457144551,-0.02340836255521109,0.07173209457144551,-0.02708735815155875,0.06629889014788817,-0.024688452394425565,0.07057016295793081,-0.027087358151558747,0.0662988901478882,-0.024688453289357325,0.07057016280784706,0.030917060191894555,0.11266087399788581,-1.0
lewidi_md,gemma,0,GPP-laplace,4,1024,0.7141166789327802,0.14644071755888768,0.3062601012047069,0.32870802836921226,0.6561988877984952,0.6561988877984952,0.5608786344528198,0.039058201014995575,-0.08643630035793112,0.06996585134170547,-0.08643630035793114,0.06996585134170545,-0.08713992442493382,0.07058677520281989,-0.08724282128842507,0.0706343251764705,-0.08713992442493382,0.07058677520281989,-0.0872428222098726,0.07063432524730634,-0.060593433192101996,0.11151089858756029,-1.0
lewidi_md,gemma,0,LPE,4,1024,0.6994096540652404,0.14141132733206013,0.2983771143190954,0.3099319221920779,0.6529277069021917,0.6529277069021917,0.5442256927490234,0.04386591911315918,-0.049643978771646,0.09152937729247752,-0.049643978771646,0.09152937729247754,-0.05226332194828933,0.08900049242331214,-0.050781377067614555,0.0913870229412099,-0.052263321948289344,0.08900049242331212,-0.05078137795586384,0.09138702301840401,-0.04513754487630158,0.12479687054886097,-1.0
lewidi_md,gemma,0,LP-temp,4,1024,0.6733921441793358,0.1461671660114994,0.31214599144793304,0.34837596635309814,0.6542361792607131,0.6542361792607131,0.6797719079449712,,-0.018839748296662,,-0.018839748296662007,,-0.023849080989709042,,-0.020493401793219256,,-0.023849080989709046,,-0.020493402750618887,,0.03942109071978282,,-0.5
lewidi_md,gemma,12,GPP-cosine,0,16,0.7222759948403357,0.1575359233321623,0.32364500179249484,0.317292226532034,0.5649329407916258,0.5649329407916258,0.56304931640625,0.06002380698919296,-0.0732684418373113,0.12429161350450711,-0.0732684418373113,0.12429161350450711,-0.0749262248626744,0.11970334930405488,-0.07427510672768692,0.12374704062720565,-0.07492622486267442,0.11970334930405489,-0.07427510719618563,0.12374704056720842,-0.1048541008723603,0.10890427124877675,-1.0
lewidi_md,gemma,12,GPP-rbf,0,16,0.6789299725223831,0.14251619512214972,0.30083626963101917,0.31648122104535364,0.6277396140006543,0.6277396140006543,0.5123881697654724,0.11119529604911804,-0.14157859573936324,0.12037396013337084,-0.14157859573936324,0.12037396013337084,-0.1400944780936148,0.11932753240557702,-0.14209721133713826,0.12088045873355116,-0.1400944780936148,0.11932753240557703,-0.14209721172863196,0.12088045871180295,-0.14403264784750838,0.0984055829293786,-1.0
lewidi_md,gemma,12,GPP-laplace,0,16,0.7271247796229602,0.14891127136038768,0.3043438809362353,0.3091433101703094,0.6352633300621524,0.6352633300621524,0.3883433938026428,0.15965451300144196,0.01398243843905364,0.09696909947862029,0.013982438439053634,0.09696909947862029,0.013851581901301223,0.09592716131689841,0.014038440520430783,0.09731656215027212,0.013851581901301223,0.09592716131689841,0.014038439662137305,0.09731656179563841,0.020923053107990832,0.08228596329319755,1.0
lewidi_md,gemma,12,LPE,0,16,0.8088329752418774,0.16290313998632658,0.3158285470516718,0.2990053670814507,0.6437684003925417,0.6437684003925417,0.3301697373390198,0.12593679130077362,-0.05777842141935908,0.009748026788813688,-0.05777842141935908,0.009748026788813697,-0.06191050236704874,0.010709209033312347,-0.0594319539059237,0.010107359361251247,-0.061910502367048745,0.010709209033312352,-0.05943195514327744,0.010107359223796394,-0.06795421956706303,-0.006612294760133462,-1.0
lewidi_md,gemma,12,LP-temp,0,16,0.6918030663339307,0.15479735313101456,0.32753737701718477,0.35573021661423015,0.6113837095191365,0.6113837095191365,0.692977116442071,,0.0007954025698667083,,0.0007954025698667135,,-0.003574828981296986,,-0.0005291801789874765,,-0.003574828981296984,,-0.0005291800378574027,,-0.08725972167813592,,-0.5
lewidi_md,gemma,12,GPP-cosine,0,64,0.7173881363273896,0.1541148211447202,0.3170195960680112,0.3321477654668216,0.6306836768073274,0.6306836768073274,0.5839163064956665,0.03451177105307579,-0.10227728517806495,0.09979441017365138,-0.10227728517806495,0.0997944101736514,-0.0951714884769661,0.10130091728258186,-0.10081565535993936,0.10093682823345955,-0.09517148847696613,0.10130091728258186,-0.10081565472295048,0.10093682874642326,-0.0979459633288822,0.10449620915644647,-1.0
lewidi_md,gemma,12,GPP-rbf,0,64,0.6897055579161215,0.14755696630364007,0.310082400075075,0.32766518842995296,0.6342819757932614,0.6342819757932614,0.5789141058921814,0.05523396655917168,-0.1110318820233478,0.10708001793615096,-0.1110318820233478,0.10708001793615096,-0.10759657617506622,0.11013865149387148,-0.1107473259676437,0.10874474033218756,-0.10759657617506624,0.11013865149387149,-0.11074732547478469,0.1087447405420449,-0.10180848879517289,0.10353467108157001,-1.0
lewidi_md,gemma,12,GPP-laplace,0,64,0.7011958937275076,0.1481690514451045,0.3077632020354651,0.31999369592760657,0.6244684331043506,0.6244684331043506,0.4529344439506531,0.1567566841840744,-0.06266649513062611,0.09456772985147914,-0.06266649513062611,0.09456772985147914,-0.05679753550968222,0.09893854160015156,-0.061309816062457986,0.0965460484596646,-0.05679753550968223,0.09893854160015159,-0.061309815522878994,0.09654604860197141,-0.06741304825481022,0.08057705993273177,-0.5
lewidi_md,gemma,12,LPE,0,64,0.8845274698479666,0.18580699211154955,0.3490662291154873,0.31842520837837945,0.5626431141642133,0.5626431141642133,0.3767997920513153,0.14418403804302216,-0.11258280775444142,0.08635193587721518,-0.11258280775444142,0.08635193587721518,-0.10972157698937154,0.09013133454676772,-0.11248359447877182,0.08809395822930755,-0.10972157698937156,0.09013133454676772,-0.11248359423081683,0.08809395860655887,-0.10679589998086868,0.06622560356148376,-1.0
lewidi_md,gemma,12,LP-temp,0,64,0.7217395847840944,0.16088681349803424,0.3316962765305717,0.34055228565163886,0.5469414458619561,0.5469414458619561,0.6543663087274212,,-0.05805170686088997,,-0.058051706860889965,,-0.05681818698896912,,-0.05807414818168693,,-0.05681818698896913,,-0.058074147981870106,,-0.08125072922962254,,-1.0
lewidi_md,gemma,12,GPP-cosine,0,256,0.7293545832386846,0.15072114563590083,0.3086753360508817,0.3051321441037565,0.6352633300621524,0.6352633300621524,0.54339998960495,0.014493203721940517,-0.03228920227472769,0.10161173050229905,-0.03228920227472769,0.10161173050229905,-0.034837667161311335,0.09964445685711598,-0.033286090722915815,0.10170939475632303,-0.034837667161311335,0.099644456857116,-0.033286091238992,0.10170939484946362,-0.021501187901104512,0.10225724830756876,-1.0
lewidi_md,gemma,12,GPP-rbf,0,256,0.7206088592163297,0.1474601994376057,0.3031801639754163,0.3037295057960786,0.6444226365718024,0.6444226365718024,0.52777498960495,0.029357511550188065,-0.03131486983734797,0.09540608027413489,-0.03131486983734797,0.09540608027413489,-0.03627206755329111,0.09589936566847179,-0.033038153285539607,0.09621006010816165,-0.03627206755329111,0.09589936566847179,-0.033038153800605013,0.0962100600132978,-0.020638086084873462,0.10408125744532856,-1.0
lewidi_md,gemma,12,GPP-laplace,0,256,0.7488003870487986,0.1496677536690651,0.30038580129067466,0.2947587040333965,0.6437684003925417,0.6437684003925417,0.3855311870574951,0.1238447055220604,0.03732885181968007,0.11379713912190964,0.03732885181968008,0.11379713912190964,0.03385148624358461,0.11325200662227905,0.0365263808437857,0.11441112822566116,0.03385148624358461,0.11325200662227906,0.03652638020804626,0.11441112795892987,0.027736518382635387,0.10601693514754656,0.5
lewidi_md,gemma,12,LPE,0,256,0.8046903964710856,0.15832155503666406,0.3096726712582927,0.2942985565821273,0.6359175662414132,0.6359175662414132,0.3440355956554413,0.14984653890132904,-0.07620282049217655,0.10345319425415728,-0.07620282049217655,0.10345319425415728,-0.0771684220508966,0.10639952907010769,-0.07701893764049567,0.10505888372919604,-0.07716842205089662,0.10639952907010769,-0.07701893810524049,0.10505888362807128,-0.0688326526925784,0.10328787391348207,-1.0
lewidi_md,gemma,12,LP-temp,0,256,0.6962022906866895,0.1516958708935473,0.3181832533869632,0.3425074904480727,0.6342819757932614,0.6342819757932614,0.6570129542293515,,-0.03532425364841545,,-0.03532425364841545,,-0.036656426010646656,,-0.03597177662248868,,-0.03665642601064666,,-0.03597177710139459,,-0.0416201089400549,,-1.0
lewidi_md,gemma,12,GPP-cosine,0,1024,0.6838392150497118,0.14079060693176113,0.29792901103701325,0.3070593749971167,0.6454039908406934,0.6454039908406934,0.5909857749938965,0.004651486407965422,0.023914340593584577,0.10378687675106316,0.023914340593584583,0.10378687675106317,0.027974995770530635,0.10488084757010108,0.025314052163219164,0.10483110560587741,0.027974995770530635,0.10488084757010109,0.02531405201849407,0.10483110580663328,0.08505109173549354,0.10648556391803154,1.0
lewidi_md,gemma,12,GPP-rbf,0,1024,0.7157506777860686,0.14624771950895774,0.30172705552977896,0.30690621389803086,0.6375531566895649,0.6375531566895649,0.5294371247291565,0.05007654055953026,-0.025732615350896732,0.11515261685758996,-0.025732615350896736,0.11515261685758996,-0.028156359371617215,0.1136919719539503,-0.026646611570082746,0.11549726900118581,-0.028156359371617222,0.11369197195395031,-0.026646612249165064,0.11549726902319021,-0.018120880257359268,0.11666672440189828,-1.0
lewidi_md,gemma,12,GPP-laplace,0,1024,0.7136034240099073,0.14203853531511557,0.2918265665773793,0.2920611546295254,0.6503107621851488,0.6503107621851488,0.42086097598075867,0.11007118225097656,0.047550563036740864,0.12558708995090598,0.04755056303674085,0.12558708995090598,0.04945516592653341,0.12368764423422891,0.04845609069229519,0.12586970904322933,0.04945516592653342,0.12368764423422891,0.0484560896586448,0.12586970885779622,0.049758908381655455,0.12071312772340521,1.0
lewidi_md,gemma,12,LPE,0,1024,0.7025762777727513,0.14362923683344064,0.297309201523006,0.29438981527332897,0.6437684003925417,0.6437684003925417,0.5246226787567139,0.044531576335430145,0.0020482002983648745,0.1125103174940321,0.0020482002983648745,0.1125103174940321,0.004627915632643918,0.11668366906710012,0.0028473465722584964,0.11455150845444964,0.0046279156326439076,0.11668366906710015,0.0028473460629722686,0.11455150871112828,0.01718368044724851,0.11232056114256422,0.5
lewidi_md,gemma,12,LP-temp,0,1024,0.665293375133223,0.14003244354937153,0.29982755817171014,0.3270564495086049,0.6473666993784757,0.6473666993784757,0.6505191157164262,,0.04473092311977552,,0.04473092311977553,,0.04766728695719391,,0.045931132303183284,,0.04766728695719392,,0.04593113172121385,,0.10531672372833523,,1.0
lewidi_md,gemma,12,GPP-cosine,1,16,0.7033113158332082,0.14478563617861864,0.30319224446366083,0.30854057690695513,0.6611056591429506,0.6611056591429506,0.5220015048980713,0.047291602939367294,-0.12681000323658334,0.09179925196203081,-0.1268100032365833,0.09179925196203081,-0.12276696947392482,0.09223731015715479,-0.12644862496864626,0.09256170503366243,-0.12276696947392479,0.09223731015715478,-0.12644862464971174,0.09256170560442398,-0.12925238003862216,0.08803931467073653,-1.0
lewidi_md,gemma,12,GPP-rbf,1,16,0.6810495574255211,0.13877312675224127,0.29254927922565443,0.2943577426128375,0.656853123977756,0.656853123977756,0.5052586197853088,0.0719398781657219,-0.10334458865979895,0.11060096830572631,-0.10334458865979894,0.11060096830572631,-0.09785228123225587,0.11225221532563842,-0.10238132193783289,0.11186149782535737,-0.09785228123225587,0.11225221532563845,-0.10238132184038516,0.1118614980960986,-0.10647252154774951,0.09204477683825057,-1.0
lewidi_md,gemma,12,GPP-laplace,1,16,0.70965267852907,0.1437903061482713,0.29570909543465584,0.2999180545483624,0.6597971867844292,0.6597971867844292,0.3819120526313782,0.1658846139907837,0.050144403039984436,0.09896062108759454,0.05014440303998444,0.09896062108759456,0.05136451309495969,0.0999480968565067,0.05085938906860256,0.09993936315699486,0.05136451309495969,0.09994809685650671,0.050859388800828506,0.09993936298495262,0.05291983328927335,0.08887974181673884,1.0
lewidi_md,gemma,12,LPE,1,16,0.790689500549661,0.1585863240502079,0.3108355034345936,0.30021408850496495,0.6342819757932614,0.6342819757932614,0.3099153935909271,0.16759184002876282,-0.0453249665523454,0.031178108684169377,-0.04532496655234539,0.03117810868416938,-0.04854451168803697,0.03415713937909917,-0.04661543018337182,0.032298420560215466,-0.04854451168803698,0.03415713937909917,-0.046615430363123544,0.0322984199970057,-0.038222287357181,0.0297870368110602,-1.0
lewidi_md,gemma,12,LP-temp,1,16,0.6855776645986577,0.1516526580235475,0.3220022965306447,0.3535234493042134,0.6113837095191365,0.6113837095191365,0.6880956781763081,,-0.0009301478669576928,,-0.000930147866957698,,-0.004905039384415801,,-0.0021462388844565253,,-0.004905039384415805,,-0.002146238693481978,,-0.025678375524093317,,-0.5
lewidi_md,gemma,12,GPP-cosine,1,64,0.727094122680616,0.1590978918280473,0.32456083702442007,0.3235964015302342,0.5924108603205758,0.5924108603205758,0.5887830257415771,0.03735791891813278,-0.09018907304513504,0.10872865419160463,-0.09018907304513502,0.10872865419160463,-0.08479825844114122,0.1061941463086266,-0.08916653491665556,0.1087024616250612,-0.08479825844114122,0.10619414630862661,-0.08916653461347264,0.10870246177928648,-0.0759117069287261,0.10591742352148088,-1.0
lewidi_md,gemma,12,GPP-rbf,1,64,0.7030251655114761,0.15191435702096753,0.3155558602241595,0.32563169467506625,0.61465489041544,0.61465489041544,0.5815296173095703,0.05256492644548416,-0.07644169266546817,0.11536398743344316,-0.07644169266546819,0.11536398743344316,-0.07425565573861667,0.11540717170796091,-0.07630027891758581,0.11616776274926778,-0.07425565573861667,0.11540717170796091,-0.07630027835234013,0.11616776297278908,-0.07043380925180501,0.10997544330620013,-1.0
lewidi_md,gemma,12,GPP-laplace,1,64,0.700511928736733,0.14721014028692575,0.30643566314278475,0.3140076467536146,0.6041871115472686,0.6041871115472686,0.4529833197593689,0.1582949310541153,0.042000670199838566,0.13386654954780502,0.042000670199838566,0.13386654954780502,0.037700795622260336,0.13069957683706973,0.040979894994921495,0.13382015238962763,0.037700795622260336,0.13069957683706973,0.04097989580218531,0.13382015240425935,0.03425865038555465,0.12358279106289782,0.5
lewidi_md,gemma,12,LPE,1,64,0.81077217857221,0.16980770102608242,0.3304951733593142,0.3075912931106101,0.5721295387634936,0.5721295387634936,0.38964980840682983,0.15633711218833923,-0.05334175933281961,0.11018884507938845,-0.0533417593328196,0.11018884507938845,-0.056634708256286796,0.11404009644559493,-0.05470950471858248,0.11211609831415204,-0.05663470825628679,0.11404009644559493,-0.05470950411619037,0.11211609890103888,-0.054591115875539054,0.11791358115180565,-1.0
lewidi_md,gemma,12,LP-temp,1,64,0.823595076282667,0.1624065685720464,0.3316700559773038,0.33764151934331477,0.5574092247301276,0.5574092247301276,0.6477055519252485,,-0.0304879821897407,,-0.030487982189740696,,-0.03340274261216692,,-0.031584004389831825,,-0.03340274261216693,,-0.03158400373739674,,-0.0345559093151608,,-1.0
lewidi_md,gemma,12,GPP-cosine,1,256,0.73408568084755,0.1526059957743854,0.3129185308029922,0.3222809745469352,0.6391887471377167,0.6391887471377167,0.5640499591827393,0.014412228018045425,-0.08407131269344477,0.08536395517585843,-0.08407131269344477,0.08536395517585843,-0.08176686820200973,0.08744794174896738,-0.08394615149560707,0.08658322571228144,-0.08176686820200973,0.08744794174896739,-0.08394615120737547,0.08658322629312004,-0.07123018423576948,0.09938105501079056,-1.0
lewidi_md,gemma,12,GPP-rbf,1,256,0.7311024107310529,0.1514245672352558,0.31033233001125665,0.3131937741300667,0.6382073928688257,0.6382073928688257,0.5345730185508728,0.031190045177936554,-0.0658645387996403,0.09654123598105707,-0.0658645387996403,0.09654123598105707,-0.06841390737439049,0.09890341523485244,-0.06709180663884251,0.0979217736234994,-0.06841390737439047,0.09890341523485244,-0.06709180657385032,0.09792177393491203,-0.043196441163220814,0.10522421710483593,-1.0
lewidi_md,gemma,12,GPP-laplace,1,256,0.7393317319615915,0.14741466776571785,0.29843657503957416,0.289978174383942,0.6499836440955185,0.6499836440955185,0.3974038362503052,0.12287113815546036,0.05481005257600994,0.12924926967481254,0.054810052576009946,0.12924926967481257,0.04717473673281203,0.12720304324203935,0.05286195845181066,0.12951231589223333,0.04717473673281202,0.12720304324203935,0.05286195839130593,0.12951231603321084,0.04101446254174222,0.12589698195714324,0.5
lewidi_md,gemma,12,LPE,1,256,0.8189610769229967,0.16399084935948727,0.3194393579361722,0.3016343216434639,0.6169447170428525,0.6169447170428525,0.3604479432106018,0.15566420555114746,-0.06801874323447346,0.10728922675213129,-0.06801874323447345,0.10728922675213128,-0.07252339252983121,0.10707448656381424,-0.06985584373616983,0.10795916611358362,-0.07252339252983121,0.10707448656381426,-0.06985584378131504,0.10795916626828411,-0.0669970137579636,0.10948886513040607,-1.0
lewidi_md,gemma,12,LP-temp,1,256,0.6929825879060411,0.1538869622827673,0.3254320772181825,0.3488024346521683,0.6032057572783774,0.6032057572783774,0.6800020038471845,,-0.053771613828783246,,-0.053771613828783246,,-0.054208688479895115,,-0.054273149914762765,,-0.054208688479895115,,-0.05427315011644415,,-0.04515469467590541,,-1.0
lewidi_md,gemma,12,GPP-cosine,1,1024,0.6957142886251383,0.1471872501022779,0.30875577663074805,0.31793011351159445,0.6257769054628721,0.6257769054628721,0.612264096736908,0.00543171213939786,-0.015549050255356342,0.1052052532015854,-0.015549050255356352,0.10520525320158539,-0.016553267330015903,0.10566446762534563,-0.015961236612724698,0.10606602129874748,-0.016553267330015897,0.10566446762534563,-0.015961236396854064,0.10606602183680025,0.016146748622623733,0.10237852321433101,-1.0
lewidi_md,gemma,12,GPP-rbf,1,1024,0.7006131769639091,0.14390178820413535,0.30175121949597494,0.3125708498497785,0.6365718024206739,0.6365718024206739,0.533922553062439,0.05508042126893997,-0.04833921488262799,0.10904343977319089,-0.04833921488262799,0.10904343977319089,-0.058507449991011484,0.10641283143993058,-0.05176509688929581,0.10899015739038648,-0.05850744999101149,0.10641283143993058,-0.051765097950996763,0.1089901573214252,-0.043671620031879764,0.11089439292872819,-1.0
lewidi_md,gemma,12,GPP-laplace,1,1024,0.7201059068720869,0.1420975422485059,0.29156711947774266,0.2920467285144002,0.6561988877984952,0.6561988877984952,0.40864068269729614,0.11063691228628159,0.048555355885417824,0.12454218278446422,0.04855535588541782,0.1245421827844642,0.04048537391976351,0.12034030855021847,0.04643210992493814,0.12411692086868542,0.04048537391976352,0.12034030855021849,0.046432108663286335,0.12411692055569755,0.03611996664885672,0.11598106470597909,0.5
lewidi_md,gemma,12,LPE,1,1024,0.7067884725468447,0.14599909479028458,0.30455374566635246,0.3010983555770437,0.6310107948969578,0.6310107948969578,0.5206312537193298,0.05140724405646324,-0.04149165512760848,0.10750245273701953,-0.04149165512760848,0.10750245273701953,-0.04579332372547357,0.1084200674530479,-0.043085180516619685,0.10851847370403636,-0.04579332372547357,0.1084200674530479,-0.04308518097266903,0.10851847394914271,-0.03934229143250036,0.10717633221486124,-1.0
lewidi_md,gemma,12,LP-temp,1,1024,0.6708085752349406,0.1419542031478212,0.3041594437550754,0.32711117903258585,0.634936211972522,0.634936211972522,0.6472456989682607,,0.00022809294288072754,,0.00022809294288072234,,-0.0022026727918525862,,-0.0005101217986970344,,-0.002202672791852588,,-0.0005101220785636972,,0.03736943703817916,,-0.5
lewidi_md,gemma,12,GPP-cosine,2,16,0.7940333952757427,0.15976099493890117,0.31486023984356526,0.31114228297925967,0.6597971867844292,0.6597971867844292,0.4512690603733063,0.03779085725545883,-0.11212107918359676,0.09883240015711503,-0.11212107918359676,0.09883240015711503,-0.1093102080785443,0.09491390280211537,-0.11203402794109107,0.09831718223502654,-0.1093102080785443,0.09491390280211537,-0.11203402777907824,0.09831718223839794,-0.12430587232503029,0.1012508358602145,-1.0
lewidi_md,gemma,12,GPP-rbf,2,16,0.6956590642071204,0.1410180470153861,0.2926541280323115,0.283564710625662,0.6611056591429506,0.6611056591429506,0.48388203978538513,0.0648406594991684,-0.09997277680661906,0.112499373219588,-0.09997277680661906,0.11249937321958799,-0.09857339380647516,0.1117884278724816,-0.10023204023299145,0.11305400485367909,-0.09857339380647519,0.11178842787248161,-0.10023204037308062,0.11305400504575741,-0.09230892178760043,0.10921454259259718,-1.0
lewidi_md,gemma,12,GPP-laplace,2,16,0.7338110199988156,0.14650914942763127,0.2948688793571597,0.29049938462938196,0.6620870134118417,0.6620870134118417,0.36653485894203186,0.15665315091609955,0.11215176576908847,0.12489819269302117,0.11215176576908847,0.12489819269302116,0.11677622159794929,0.12560281106078863,0.11432778826892026,0.12596860998964682,0.11677622159794929,0.12560281106078863,0.11432778847269093,0.12596860994427705,0.11069233367377733,0.12248554620078235,1.0
lewidi_md,gemma,12,LPE,2,16,0.8510503417824777,0.16489426243862262,0.3124791338221068,0.29292532103407765,0.6565260058881256,0.6565260058881256,0.3106888234615326,0.12482791393995285,-0.04907146795690878,0.05642002685733524,-0.049071467956908775,0.056420026857335236,-0.04256213015577569,0.062276500676710055,-0.047426724718989344,0.058589050564310546,-0.04256213015577569,0.062276500676710055,-0.04742672480632937,0.05858905035574609,-0.024719493168009674,0.056256092135716175,-0.5
lewidi_md,gemma,12,LP-temp,2,16,0.7113835805450368,0.1469021986107798,0.30899866233560275,0.33460358820161884,0.6391887471377167,0.6391887471377167,0.6500269931305894,,-0.042356927853651305,,-0.04235692785365129,,-0.038684789580852516,,-0.04152963914831968,,-0.038684789580852516,,-0.04152963916533555,,-0.005112016203835208,,-1.0
lewidi_md,gemma,12,GPP-cosine,2,64,0.7047247305175749,0.15282641352344878,0.31773489321824827,0.33212925219706885,0.6104023552502453,0.6104023552502453,0.6072226762771606,0.03583764284849167,-0.0879504411678621,0.11081753891085967,-0.0879504411678621,0.11081753891085967,-0.08584415511702487,0.10699394473450062,-0.08791217252528574,0.11041334241869388,-0.08584415511702487,0.10699394473450063,-0.08791217299766817,0.11041334232484956,-0.08069807168354218,0.09626846947854056,-1.0
lewidi_md,gemma,12,GPP-rbf,2,64,0.7102630284844316,0.15415376138173895,0.31794670120973506,0.32587493842289045,0.591756624141315,0.591756624141315,0.5445766448974609,0.08947526663541794,-0.09248669552139974,0.119396290957305,-0.09248669552139974,0.119396290957305,-0.09046416146805669,0.11809901028238246,-0.09250500456807215,0.11981974477204341,-0.0904641614680567,0.11809901028238246,-0.09250500419032325,0.11981974473250934,-0.07853314989019668,0.09825204609866513,-1.0
lewidi_md,gemma,12,GPP-laplace,2,64,0.7173865334515495,0.15464459566959082,0.31636339143384096,0.3159588480377662,0.5878312070657508,0.5878312070657508,0.4603808522224426,0.1567101627588272,0.010580157947362629,0.12222661581810718,0.010580157947362626,0.12222661581810716,0.008310192054054416,0.12059386361930416,0.009961827524560556,0.12256736968498202,0.008310192054054422,0.12059386361930417,0.009961828232861979,0.12256736963286502,0.009857695491394102,0.11056084359666088,0.5
lewidi_md,gemma,12,LPE,2,64,0.8164060134292779,0.17561528449447933,0.3374623393513568,0.3055660991001542,0.5642787046123651,0.5642787046123651,0.3793143630027771,0.15933501720428467,-0.07362004465598376,0.09717780159017153,-0.07362004465598375,0.09717780159017153,-0.07571516171945239,0.09815823658914963,-0.07476221722026963,0.09814218254530353,-0.07571516171945239,0.09815823658914963,-0.07476221679434071,0.09814218234068062,-0.07436298799425649,0.10215276157550107,-1.0
lewidi_md,gemma,12,LP-temp,2,64,0.6940004354800842,0.1555681081340284,0.32852859359246356,0.3554151763253222,0.558717697088649,0.558717697088649,0.6923372099897187,,0.0025645545128240004,,0.002564554512823998,,-0.0011380648258007189,,0.0014552771700905819,,-0.0011380648258007189,,0.001455277400333783,,-0.0526711656597731,,-0.5
lewidi_md,gemma,12,GPP-cosine,2,256,0.7338338825299175,0.1490664703514046,0.30154271970606916,0.29036349171943837,0.6480209355577363,0.6480209355577363,0.5048815608024597,0.018189480528235435,0.0250165120929148,0.08990427119445722,0.0250165120929148,0.08990427119445721,0.02582597628864853,0.08999985959765504,0.025434311526680357,0.09054951017885278,0.02582597628864853,0.08999985959765505,0.025434310778531134,0.09054951002402163,0.04860216135977854,0.10639578489330534,1.0
lewidi_md,gemma,12,GPP-rbf,2,256,0.7328510142539852,0.14950403159354875,0.3034058000036632,0.3002980721863803,0.6486751717369971,0.6486751717369971,0.5036566257476807,0.03640928864479065,-0.015955589496888176,0.0990400098471636,-0.01595558949688817,0.0990400098471636,-0.012791182250702207,0.10001516650613035,-0.015101885116301126,0.10001554680612884,-0.012791182250702214,0.10001516650613036,-0.015101885311199454,0.10001554665371107,-0.0016669199737141614,0.10637113896256975,-0.5
lewidi_md,gemma,12,GPP-laplace,2,256,0.773482057321637,0.15106294951452645,0.2971140763283356,0.29163119125386794,0.661432777232581,0.661432777232581,0.35786041617393494,0.11651165038347244,0.047885380035063076,0.11045837209465162,0.047885380035063076,0.11045837209465165,0.04633964637732889,0.11033561630161143,0.04774312873130121,0.11117802527855036,0.04633964637732889,0.11033561630161146,0.047743128524318744,0.11117802525731862,0.052551871312261834,0.10297581444738534,1.0
lewidi_md,gemma,12,LPE,2,256,0.8009697987396641,0.15981039381101197,0.311563832219364,0.2931270817935771,0.629375204448806,0.629375204448806,0.3122192621231079,0.1794634312391281,-0.07607679375426865,0.10240633879856972,-0.07607679375426865,0.10240633879856972,-0.07635495282520888,0.1027380392645786,-0.07668283131383646,0.10320911735654766,-0.07635495282520888,0.10273803926457861,-0.07668283140167062,0.10320911736603375,-0.07600353701440019,0.09366894981386101,-1.0
lewidi_md,gemma,12,LP-temp,2,256,0.6861289657612801,0.1521686692245998,0.3219466816712724,0.3517731158528358,0.6218514883873079,0.6218514883873079,0.6883311826612143,,-0.03629162078871627,,-0.03629162078871627,,-0.035682017859660145,,-0.036354814635220244,,-0.035682017859660145,,-0.036354815070492714,,-0.010364626969248659,,-1.0
lewidi_md,gemma,12,GPP-cosine,2,1024,0.7012122741380618,0.14754732482707653,0.3076186481473914,0.3232664373288317,0.6401701014066078,0.6401701014066078,0.6080730557441711,0.004835341591387987,-0.05436601026514421,0.0979931502947621,-0.05436601026514421,0.09799315029476212,-0.05413343464087154,0.09826743967051466,-0.054667818964789304,0.09874821115754419,-0.05413343464087154,0.09826743967051466,-0.05466781924413341,0.09874821166471143,-0.010556859756917985,0.1006810022007733,-1.0
lewidi_md,gemma,12,GPP-rbf,2,1024,0.714769401852711,0.14707463830133438,0.30476573858393974,0.32120935019168667,0.647693817468106,0.647693817468106,0.5426136255264282,0.05081045627593994,-0.0787177749269218,0.110939153531849,-0.0787177749269218,0.11093915353184898,-0.08192966034073894,0.1075933086468297,-0.0802347608315013,0.1106811884749162,-0.08192966034073894,0.10759330864682973,-0.08023476201463525,0.11068118805905022,-0.07369152677946791,0.10776624987489351,-1.0
lewidi_md,gemma,12,GPP-laplace,2,1024,0.7074636534933598,0.1434572379369827,0.2969448798182848,0.29859790352738946,0.6440955184821721,0.6440955184821721,0.4407292902469635,0.11175840348005295,-0.0015126180351175134,0.11705473669960752,-0.0015126180351175125,0.1170547366996075,-0.0037665020448823237,0.11449163960947228,-0.0022089304314416515,0.11707690507249431,-0.003766502044882325,0.11449163960947228,-0.0022089315099998847,0.11707690473530383,-0.0104738760165753,0.11217967866645659,-0.5
lewidi_md,gemma,12,LPE,2,1024,0.6935344442269632,0.14253450868438133,0.2990585299833907,0.3098870221152898,0.6493294079162578,0.6493294079162578,0.540299654006958,0.04951506480574608,-0.057601865087093036,0.10203662305037339,-0.05760186508709304,0.10203662305037339,-0.06030266312292844,0.10113073254063076,-0.05881859168850221,0.10246022002992111,-0.06030266312292844,0.10113073254063079,-0.0588185925255849,0.10246022030752461,-0.042621049620088815,0.10540107408025545,-1.0
lewidi_md,gemma,12,LP-temp,2,1024,0.6659808575174796,0.14254155773432786,0.30421083456965453,0.3390526657663721,0.65129211645404,0.65129211645404,0.6699211885499508,,-0.021915911801963943,,-0.02191591180196395,,-0.02428533755939801,,-0.022787219530184706,,-0.02428533755939801,,-0.022787220106038363,,0.016042945162306737,,-1.0
lewidi_md,gemma,12,GPP-cosine,3,16,0.6998948374037891,0.1465725436618107,0.30479794293447066,0.29684732212839093,0.619234543670265,0.619234543670265,0.5289950966835022,0.05729414150118828,-0.013528979351853591,0.1246298832188923,-0.013528979351853588,0.12462988321889229,-0.018084903767359224,0.11956321718075294,-0.015008246125206433,0.12394203207043511,-0.01808490376735922,0.11956321718075294,-0.015008247133041285,0.12394203190201086,-0.005493635061072701,0.10511926652778496,-0.5
lewidi_md,gemma,12,GPP-rbf,3,16,0.677945750151745,0.13903849895579468,0.2942950096472459,0.29877359393209457,0.6447497546614328,0.6447497546614328,0.5146402716636658,0.07799817621707916,-0.03401241375825647,0.12136679759363234,-0.03401241375825646,0.12136679759363234,-0.038124437764818365,0.1202234039940394,-0.03549696476960719,0.12185058993924247,-0.03812443776481837,0.1202234039940394,-0.03549696462938243,0.12185058999995882,-0.0323129508226801,0.10550805158162925,-1.0
lewidi_md,gemma,12,GPP-laplace,3,16,0.7328846818971289,0.14799638776808458,0.30019539561747804,0.30062458506926354,0.656853123977756,0.656853123977756,0.37193921208381653,0.16127261519432068,0.0822034055268899,0.11227090531168295,0.0822034055268899,0.11227090531168293,0.0756581139995104,0.10917992405393015,0.08077478573493393,0.11209963230921786,0.0756581139995104,0.10917992405393016,0.08077478581360348,0.11209963219584751,0.08091338999351425,0.09616704113660693,1.0
lewidi_md,gemma,12,LPE,3,16,0.8767197270661304,0.16924797025969598,0.3144273263792562,0.285670410184166,0.643114164213281,0.643114164213281,0.27481725811958313,0.13164032995700836,0.002766720399772889,0.09771918843816974,0.002766720399772883,0.09771918843816974,0.0010917868713469468,0.09079725662203635,0.0022759333942396617,0.09628227761609122,0.0010917868713469464,0.09079725662203635,0.002275933416370201,0.09628227739106478,-0.0005039181003907163,0.09152733398132748,0.5
lewidi_md,gemma,12,LP-temp,3,16,0.7063361211956484,0.15254989396203444,0.3203125632110491,0.34839582137708813,0.6172718351324828,0.6172718351324828,0.6802194791288977,,0.0015861398612630447,,0.0015861398612630456,,-0.0024309373475492214,,0.00037445513568565465,,-0.0024309373475492266,,0.0003744552131349742,,-0.014921113219460973,,-0.5
lewidi_md,gemma,12,GPP-cosine,3,64,0.8448188168831895,0.17973576284994097,0.33828441587897945,0.2905386939399019,0.5701668302257115,0.5701668302257115,0.4619811177253723,0.033749066293239594,-0.003042275935881057,0.09991918006077088,-0.0030422759358810555,0.09991918006077088,0.00243720542857703,0.09881215107861142,-0.0013955033552922845,0.10026705103455358,0.002437205428577026,0.09881215107861144,-0.0013955031760492214,0.10026705103671964,0.02602994613657384,0.10952466575335507,0.5
lewidi_md,gemma,12,GPP-rbf,3,64,0.7211320646807219,0.14680315184648793,0.29893974085071234,0.2863540101363218,0.6447497546614328,0.6447497546614328,0.47645652294158936,0.052430830895900726,0.0024805702997376675,0.11442009400857468,0.002480570299737659,0.11442009400857467,0.0033406394231333732,0.11441108620383406,0.0027593235561114106,0.11520151635946882,0.003340639423133381,0.11441108620383406,0.002759323464985697,0.11520151644546894,0.011345609579083689,0.11027004054279158,0.5
lewidi_md,gemma,12,GPP-laplace,3,64,0.8426951788308754,0.16452522339236555,0.31041984233257597,0.30011120335163366,0.6391887471377167,0.6391887471377167,0.32330888509750366,0.13263778388500214,0.09164617404228786,0.117457374097692,0.09164617404228785,0.117457374097692,0.09075218005829618,0.11610824388175991,0.09200218196342996,0.11785175992694016,0.09075218005829619,0.11610824388175991,0.09200218151607426,0.11785175968413979,0.09614042416457129,0.10121374351377829,1.0
lewidi_md,gemma,12,LPE,3,64,0.863631510420964,0.1732700221338498,0.32474004457340966,0.2931097749899529,0.6175989532221132,0.6175989532221132,0.27842333912849426,0.15830980241298676,-0.05121722038097904,0.10282277366925544,-0.051217220380979034,0.10282277366925544,-0.04880250308200439,0.10287326257025753,-0.050833337409499364,0.10354282243366025,-0.04880250308200439,0.10287326257025756,-0.050833337169676446,0.10354282287862002,-0.04635895001665297,0.0948246215111749,-1.0
lewidi_md,gemma,12,LP-temp,3,64,0.6843685433647497,0.15060311667071513,0.31847841332895,0.3462319588611232,0.6097481190709846,0.6097481190709846,0.6795378315679148,,-0.06603693661472503,,-0.06603693661472503,,-0.05892793334511136,,-0.06432596222203667,,-0.05892793334511136,,-0.06432596128860894,,-0.05228136030587406,,-0.5
lewidi_md,gemma,12,GPP-cosine,3,256,0.7133445416622146,0.1488873271059005,0.3085097726893352,0.33116318804686506,0.6480209355577363,0.6480209355577363,0.5945642590522766,0.015253274701535702,-0.07148304902915899,0.09420611482884633,-0.071483049029159,0.09420611482884632,-0.07084836421760074,0.09318859117832909,-0.07177978951408304,0.0945420720306337,-0.07084836421760074,0.0931885911783291,-0.0717797902791161,0.09454207181689703,-0.0863844531931506,0.09717421241201572,-1.0
lewidi_md,gemma,12,GPP-rbf,3,256,0.7008815277740457,0.1473188272080458,0.3075093534270269,0.3245557545390229,0.633954857703631,0.633954857703631,0.5439308285713196,0.07038433104753494,-0.08549007118264736,0.1116382930505565,-0.08549007118264737,0.1116382930505565,-0.08723467381097386,0.11112312915229572,-0.08660691811047833,0.11224660740135327,-0.08723467381097386,0.11112312915229575,-0.0866069187816039,0.11224660736010138,-0.08657941709854357,0.10205990329128391,-1.0
lewidi_md,gemma,12,GPP-laplace,3,256,0.6979304949073201,0.1436200125091301,0.3000160183703925,0.3129070302573733,0.6359175662414132,0.6359175662414132,0.45042017102241516,0.13687367737293243,-0.051071340313054756,0.10150671520068633,-0.051071340313054756,0.10150671520068633,-0.05215602616410362,0.09987001243022908,-0.05175146406012541,0.10170426550929884,-0.05215602616410363,0.0998700124302291,-0.051751464604759476,0.10170426524993825,-0.054818236926193524,0.08902284900709026,-1.0
lewidi_md,gemma,12,LPE,3,256,0.8442761453693581,0.16610299903073059,0.3227122153607835,0.3141969626311098,0.60549558390579,0.60549558390579,0.38549432158470154,0.14448536932468414,-0.09798599945664052,0.10926122366470084,-0.09798599945664052,0.10926122366470084,-0.09858442469186501,0.1082678370031501,-0.09883965864674044,0.10970770500736352,-0.09858442469186504,0.1082678370031501,-0.09883965896254099,0.10970770443193553,-0.09209099490129549,0.09915336273862094,-1.0
lewidi_md,gemma,12,LP-temp,3,256,0.6920946487153843,0.15390156092749424,0.3245067862231156,0.3504274962256606,0.5979718678442918,0.5979718678442918,0.684155933542872,,-0.01391128827013383,,-0.013911288270133833,,-0.018954468474392777,,-0.015541466316785555,,-0.018954468474392777,,-0.015541466640417839,,-0.058780531977289566,,-0.5
lewidi_md,gemma,12,GPP-cosine,3,1024,0.6880555248864373,0.1443090086541983,0.30348206011488266,0.31738194062450614,0.6333006215243703,0.6333006215243703,0.6135956048965454,0.005227868910878897,0.011816477293526239,0.11597854032310356,0.011816477293526237,0.11597854032310356,0.007649795125086317,0.11275293577895193,0.010629374210365436,0.11579170595352845,0.0076497951250863155,0.11275293577895193,0.010629373128072682,0.1157917059307097,0.053401224499258576,0.10814592026744423,0.5
lewidi_md,gemma,12,GPP-rbf,3,1024,0.7076458194131447,0.14507064839343886,0.30100326958996826,0.3093627538685078,0.638534510958456,0.638534510958456,0.5283841490745544,0.0540674589574337,-0.04093630110187831,0.110863597162078,-0.040936301101878306,0.11086359716207797,-0.04555811837440865,0.10651113353590416,-0.042623454318633375,0.1102987604779245,-0.04555811837440865,0.10651113353590416,-0.04262345555351954,0.11029876017954268,-0.027772044874792224,0.11431610720411023,-1.0
lewidi_md,gemma,12,GPP-laplace,3,1024,0.7252063937427012,0.1437104379772201,0.2936205027739514,0.29490208429728415,0.6490022898266274,0.6490022898266274,0.41368958353996277,0.11186140775680542,0.0373655690772792,0.11975371043760565,0.0373655690772792,0.11975371043760566,0.03764569655453236,0.1185569838829097,0.03770690317143565,0.12021021636932937,0.03764569655453236,0.1185569838829097,0.037706901985260916,0.1202102159930541,0.031844747239708086,0.11690475776492186,1.0
lewidi_md,gemma,12,LPE,3,1024,0.7019863723147319,0.14337145900387627,0.2966767403376031,0.2942432428676255,0.6470395812888453,0.6470395812888453,0.5171788334846497,0.04755186662077904,-0.015406072827849462,0.11126358673581142,-0.015406072827849459,0.11126358673581142,-0.017819007768853427,0.11080517456945868,-0.016246007751855057,0.11188660487565527,-0.01781900776885343,0.11080517456945868,-0.01624600921410425,0.1118866047497015,-0.011508758748019711,0.11037835810095807,-1.0
lewidi_md,gemma,12,LP-temp,3,1024,0.6664156607412868,0.13954700440804158,0.29852032775431153,0.32407179679519943,0.6486751717369971,0.6486751717369971,0.6412786291752621,,0.030924081133829627,,0.03092408113382962,,0.02858765137587592,,0.03042494766305482,,0.028587651375875912,,0.030424946295477272,,0.06319284678561136,,1.0
lewidi_md,gemma,12,GPP-cosine,4,16,0.7120937662441458,0.14473259871839642,0.2954612113596335,0.2823319057445708,0.6506378802747792,0.6506378802747792,0.4809379577636719,0.05298484489321709,0.03637700167453684,0.11556598384326491,0.036377001674536835,0.11556598384326489,0.03428624614491416,0.11195357431630573,0.035990007475318136,0.115258602047253,0.03428624614491416,0.11195357431630573,0.03599000715255013,0.11525860212765701,0.05041595834563817,0.11120648654709031,1.0
lewidi_md,gemma,12,GPP-rbf,4,16,0.7358788143076089,0.14969844160722837,0.29982554440416753,0.28665055430415154,0.6411514556754988,0.6411514556754988,0.41843515634536743,0.11377552151679993,0.0818832310047061,0.129626655988951,0.08188323100470608,0.12962665598895096,0.07710946583936726,0.1280906228765007,0.08099156232548091,0.13004756053935082,0.07710946583936727,0.1280906228765007,0.08099156289418,0.1300475605282344,0.0647067193949411,0.12455183112016675,1.0
lewidi_md,gemma,12,GPP-laplace,4,16,0.7341062559550118,0.14745211715991416,0.2966279774218174,0.2922600133945714,0.6529277069021917,0.6529277069021917,0.3701898753643036,0.1610204428434372,0.13816539464606578,0.13527799817949698,0.1381653946460658,0.13527799817949698,0.13431212771480744,0.13309580794011688,0.137939592667027,0.1355409823801051,0.13431212771480747,0.1330958079401169,0.1379395930864373,0.13554098243550466,0.12766534107868482,0.13410847275384638,1.0
lewidi_md,gemma,12,LPE,4,16,0.9289443311643396,0.17374274749046698,0.319047439870516,0.2950122130659263,0.6404972194962382,0.6404972194962382,0.292286217212677,0.12362553179264069,0.016658456627701525,0.049676346397473425,0.016658456627701528,0.04967634639747341,0.012474233619761445,0.049672334734161744,0.015499199073630756,0.05001557610729784,0.012474233619761441,0.049672334734161744,0.015499199194729186,0.05001557627919137,0.011982761293165153,0.054961618527805005,0.5
lewidi_md,gemma,12,LP-temp,4,16,0.743477161779149,0.14900073134721495,0.31106892002079534,0.32580409723214404,0.6391887471377167,0.6391887471377167,0.6187170988423205,,-0.018523339029581337,,-0.018523339029581337,,-0.022762041679368614,,-0.019940290918280347,,-0.02276204167936862,,-0.019940291088399897,,0.007105135356989739,,-0.5
lewidi_md,gemma,12,GPP-cosine,4,64,0.6932507572098596,0.1488386096375774,0.31203388115820696,0.32591447603702833,0.6228328426561989,0.6228328426561989,0.5995486974716187,0.03738582879304886,-0.051036325036801604,0.11719170873108967,-0.051036325036801604,0.11719170873108967,-0.05343149932170612,0.11467357214843635,-0.05211504216246672,0.11722849908151717,-0.05343149932170612,0.11467357214843636,-0.052115042198498746,0.11722849906485075,-0.05477766423456731,0.09303382337364471,-1.0
lewidi_md,gemma,12,GPP-rbf,4,64,0.6974738855174352,0.15085706758895515,0.3163160109928437,0.3294612368844827,0.6198887798495257,0.6198887798495257,0.5820634961128235,0.05666613206267357,-0.07856807855625625,0.10672250787693553,-0.07856807855625625,0.10672250787693553,-0.08332867468462588,0.10642673779822,-0.0805553723288382,0.10736390270791618,-0.08332867468462586,0.10642673779822001,-0.08055537240524466,0.10736390267224785,-0.07699591099611064,0.08925659074570477,-1.0
lewidi_md,gemma,12,GPP-laplace,4,64,0.7153854315964371,0.14990795438009646,0.3077083269757483,0.31253037905225667,0.6244684331043506,0.6244684331043506,0.43936866521835327,0.15637649595737457,0.04548673989635337,0.12300136222725186,0.04548673989635338,0.12300136222725185,0.04115556859069314,0.12056196638062701,0.04448033120387503,0.12310193222379584,0.041155568590693144,0.12056196638062701,0.04448033205173847,0.12310193226129328,0.02628857774857345,0.11342065945618558,0.5
lewidi_md,gemma,12,LPE,4,64,0.8567673816509821,0.1805228588512486,0.3420088195063928,0.3165002580570286,0.5685312397775597,0.5685312397775597,0.3715648651123047,0.16623596847057343,-0.06464441454194372,0.10059149978584905,-0.06464441454194371,0.10059149978584905,-0.06504051965121632,0.09924927189568701,-0.06520799735709853,0.10087239810836024,-0.06504051965121632,0.09924927189568702,-0.06520799678515796,0.10087239823890481,-0.056843343308135154,0.0982479022706074,-1.0
lewidi_md,gemma,12,LP-temp,4,64,0.701129515745489,0.15726937845250924,0.33025245302890277,0.3552362414077652,0.5364736669937847,0.5364736669937847,0.6900578748456498,,0.004432690550614581,,0.004432690550614579,,0.0007390461445583359,,0.003338947670396791,,0.0007390461445583307,,0.0033389479102022028,,-0.06688803057725001,,-0.5
lewidi_md,gemma,12,GPP-cosine,4,256,0.7228038435675783,0.14840601505021037,0.30586955540034816,0.3081867266155345,0.6437684003925417,0.6437684003925417,0.556563138961792,0.015832291916012764,-0.03483372898792669,0.10286078612952443,-0.0348337289879267,0.10286078612952444,-0.03833279065969833,0.09756920837885469,-0.0361373601500908,0.10195529369038167,-0.03833279065969833,0.09756920837885469,-0.03613736087357225,0.10195529380180246,0.018019557566449077,0.10654243962005683,-1.0
lewidi_md,gemma,12,GPP-rbf,4,256,0.7332060783377187,0.15061659449751946,0.3072999909339338,0.3049932392942045,0.6434412823029113,0.6434412823029113,0.525712788105011,0.0315631628036499,-0.04137042335116525,0.09557415087572084,-0.04137042335116525,0.09557415087572085,-0.04110211703975366,0.09642800066362348,-0.04157229416551762,0.09648901653590113,-0.04110211703975365,0.09642800066362348,-0.04157229462185413,0.09648901657399941,-0.021850363661255257,0.10998317927606385,-1.0
lewidi_md,gemma,12,GPP-laplace,4,256,0.7266509533788902,0.14342867779427249,0.29248220254467555,0.28839607213731544,0.6578344782466471,0.6578344782466471,0.3929106295108795,0.12356577068567276,0.05906838346580094,0.12607571597587014,0.05906838346580094,0.12607571597587014,0.05376618849493442,0.1249704005375861,0.0578595340415483,0.12660336899106273,0.05376618849493442,0.12497040053758611,0.05785953357943695,0.12660336896204766,0.05092163924773756,0.12203366209888676,0.5
lewidi_md,gemma,12,LPE,4,256,0.8166115699060116,0.16233618639167904,0.31333494373961446,0.2938779416056343,0.6274124959110239,0.6274124959110239,0.3382011353969574,0.1512937843799591,-0.05624836537974108,0.1200038102914032,-0.056248365379741094,0.1200038102914032,-0.05457314183920163,0.12078157832691432,-0.05612401986653627,0.12106294688222571,-0.05457314183920163,0.12078157832691434,-0.05612402016300318,0.1210629462846071,-0.05280582777156136,0.12644543371174236,-1.0
lewidi_md,gemma,12,LP-temp,4,256,0.7216000439193138,0.15333409855609378,0.3225442937076272,0.3468088234997862,0.6172718351324828,0.6172718351324828,0.6745453288234059,,-0.01769656928945302,,-0.01769656928945302,,-0.019273546268680684,,-0.01829778684355803,,-0.01927354626868069,,-0.018297786839909555,,-0.03544998759687498,,-1.0
lewidi_md,gemma,12,GPP-cosine,4,1024,0.6845039829972008,0.14265649726751062,0.3019909036541062,0.3207945655626596,0.6450768727510632,0.6450768727510632,0.6120224595069885,0.004567951895296574,-0.016925946044776895,0.10852259085195395,-0.0169259460447769,0.10852259085195397,-0.01634353215407649,0.10906475670011652,-0.016864694362716003,0.10943133929943998,-0.01634353215407648,0.10906475670011653,-0.016864694217358873,0.10943133985374634,0.03545160181624842,0.10995832680266329,-1.0
lewidi_md,gemma,12,GPP-rbf,4,1024,0.700319908041274,0.143520122050887,0.30191839130663567,0.31957337823613563,0.6411514556754988,0.6411514556754988,0.5443430542945862,0.048816390335559845,-0.07962881272920304,0.10316047240071065,-0.07962881272920304,0.10316047240071063,-0.08203240832853972,0.10093131325413116,-0.08090604782595852,0.10318904866943435,-0.08203240832853972,0.10093131325413117,-0.0809060485100146,0.1031890487039293,-0.08538993799943848,0.1068741652174245,-1.0
lewidi_md,gemma,12,GPP-laplace,4,1024,0.7223440351845779,0.1463909724775151,0.30121055230928484,0.30115592222399756,0.6411514556754988,0.6411514556754988,0.43022140860557556,0.10881230980157852,-0.01119841236644629,0.1155199050748058,-0.011198412366446305,0.11551990507480578,-0.01761500822379251,0.11036208107716006,-0.01322798264568376,0.11474187686750045,-0.017615008223792517,0.11036208107716006,-0.013227983577225922,0.1147418766394486,-0.019850963772262812,0.10231990975176537,-0.5
lewidi_md,gemma,12,LPE,4,1024,0.6862510070877403,0.1400361957098931,0.29589171392253927,0.305905550461134,0.6499836440955185,0.6499836440955185,0.5410053133964539,0.0448327474296093,-0.043415022547079074,0.11541467864255334,-0.04341502254707907,0.11541467864255335,-0.046154680094428024,0.11732646052287388,-0.04454634788328343,0.11678748936352423,-0.046154680094428024,0.11732646052287389,-0.04454634825062241,0.11678748970493337,-0.04418451090833183,0.10486377471697407,-1.0
lewidi_md,gemma,12,LP-temp,4,1024,0.6621041790801584,0.1395905451839882,0.2996666738008146,0.33128173609856065,0.6509649983644096,0.6509649983644096,0.6562391035492381,,0.005742597193467116,,0.005742597193467121,,0.005750548583356054,,0.005784373285743033,,0.005750548583356055,,0.005784373272700358,,0.04144433194365857,,1.0
lewidi_md,gemma,25,GPP-cosine,0,16,1.1036783904764669,0.2220302165349531,0.369037172732736,0.2935811368404709,0.5878312070657508,0.5878312070657508,0.2883625030517578,0.014774478040635586,0.06310837039209655,0.044185831599293623,0.06310837039209655,0.044185831599293623,0.06140507367720957,0.041443884469253275,0.06302249528900483,0.04365417093323298,0.061405073677209585,0.041443884469253275,0.0630224948616304,0.043654171073521764,0.02687855421404134,0.07119752467728685,1.0
lewidi_md,gemma,25,GPP-rbf,0,16,0.696801924865607,0.14825335591470612,0.30955519902284995,0.32314211422671313,0.5920837422309454,0.5920837422309454,0.4847838878631592,0.13194024562835693,-0.10773776566794435,0.11802314209480011,-0.10773776566794435,0.11802314209480011,-0.10769168949498259,0.11631319794956377,-0.10846211015119665,0.11831159542523254,-0.1076916894949826,0.11631319794956378,-0.10846211116824749,0.11831159507360393,-0.10647170184369115,0.09992293403589832,-1.0
lewidi_md,gemma,25,GPP-laplace,0,16,0.6911500351509126,0.14327914981606163,0.3013487504036609,0.31556707766413344,0.62381419692509,0.62381419692509,0.4057145118713379,0.1887734979391098,0.012071263313589799,0.08915314961338527,0.012071263313589787,0.08915314961338529,0.010569854478370139,0.08742501275705072,0.011697054240010461,0.08923820930676493,0.010569854478370133,0.08742501275705072,0.011697052950766283,0.08923820858294053,0.007458006645156607,0.0901165674634648,0.5
lewidi_md,gemma,25,LPE,0,16,0.7487443865070497,0.1571868273789555,0.31577383257411507,0.31293176200642137,0.6041871115472686,0.6041871115472686,0.3808153569698334,0.17541450262069702,0.0009980758353306373,-0.03246909610698495,0.0009980758353306356,-0.03246909610698495,-0.0009698086056957184,-0.026113566919599387,0.000406011121241924,-0.030757380624818222,-0.0009698086056957184,-0.02611356691959939,0.00040601063372174354,-0.03075738137430897,0.004293779675890972,-0.02587493286576311,-0.5
lewidi_md,gemma,25,LP-temp,0,16,0.6867611512913127,0.15202854050752035,0.3202526435596279,0.34823273498784085,0.5619888779849526,0.5619888779849526,0.6841231216612975,,-0.03284021480644944,,-0.03284021480644944,,-0.03607005961816159,,-0.034048250353205,,-0.03607005961816159,,-0.034048250768397695,,-0.04838763716468236,,-1.0
lewidi_md,gemma,25,GPP-cosine,0,64,0.8100962058148272,0.17627966641611975,0.34552718562221363,0.3306209070066765,0.4573110893032385,0.4573110893032385,0.5664551258087158,0.010094466619193554,-0.042401807492849275,0.07938083792177231,-0.042401807492849275,0.07938083792177231,-0.045079562660878945,0.0767555877895713,-0.04350734954947547,0.07912589732493669,-0.045079562660878945,0.0767555877895713,-0.04350734992293752,0.0791258966583119,-0.06798646112562537,0.12282545994367128,-1.0
lewidi_md,gemma,25,GPP-rbf,0,64,0.6814876636218726,0.14276029517848896,0.3014785802679726,0.31869595169921855,0.6244684331043506,0.6244684331043506,0.5617220401763916,0.05435509607195854,-0.03758132886173271,0.12631187813927397,-0.03758132886173271,0.12631187813927397,-0.03643461437952745,0.1311876087492453,-0.037489897317180845,0.1286614180284012,-0.036434614379527455,0.1311876087492453,-0.03748989774854544,0.12866141781198553,-0.055463360545495714,0.12579806424800186,-1.0
lewidi_md,gemma,25,GPP-laplace,0,64,0.6813252751867077,0.1416264712542303,0.2974948867074573,0.3131470823557097,0.6333006215243703,0.6333006215243703,0.4352015554904938,0.179522305727005,0.0496975010412436,0.1273010113427155,0.04969750104124359,0.1273010113427155,0.04368721659361222,0.1267455791717237,0.048208929874231685,0.12800441294666995,0.04368721659361223,0.1267455791717237,0.0482089291700645,0.1280044125171574,0.036165809614544374,0.12960203086572863,0.5
lewidi_md,gemma,25,LPE,0,64,0.792249266077432,0.16292090515326055,0.3202843119723233,0.3032597968342504,0.5933922145894668,0.5933922145894668,0.3454929292201996,0.1807851493358612,-0.03479051753999448,0.1217004157966877,-0.03479051753999447,0.12170041579668768,-0.03473259295984188,0.12270760094531638,-0.0350113212580532,0.12284100054272984,-0.03473259295984188,0.12270760094531638,-0.03501132153722209,0.12284100007491042,-0.04382306583001448,0.1151021326760062,-1.0
lewidi_md,gemma,25,LP-temp,0,64,0.6964106573033644,0.15038762198373135,0.31501722979876207,0.3323615013328192,0.5875040889761204,0.5875040889761204,0.6435723187789048,,0.00013301925463638084,,0.00013301925463638214,,-0.00045476205924807785,,-4.495416631559524e-05,,-0.00045476205924808305,,-4.495418590757432e-05,,-0.028863826779604532,,-0.5
lewidi_md,gemma,25,GPP-cosine,0,256,0.9235081833779071,0.1818767984123079,0.33307306876891896,0.28383637605551476,0.6117108276087667,0.6117108276087667,0.4380621612071991,0.00465632788836956,0.018315588394090317,0.05608671271470983,0.018315588394090313,0.05608671271470984,0.015192012155420955,0.05848260333967077,0.017490484457381224,0.05720026005023663,0.015192012155420962,0.05848260333967078,0.017490484999598814,0.05720026039055471,0.05219713924881257,0.12087357611138792,0.5
lewidi_md,gemma,25,GPP-rbf,0,256,0.7072388301971111,0.13760917316389373,0.2844118280178984,0.28124073844344444,0.6526005888125613,0.6526005888125613,0.4327469766139984,0.07258620113134384,0.09038277916503734,0.147837026978229,0.09038277916503733,0.147837026978229,0.08130636247410392,0.14695048869852517,0.08823989440265607,0.14858040093625602,0.08130636247410392,0.14695048869852517,0.08823989156187176,0.14858040038007725,0.06957122267176648,0.15668414600650304,0.5
lewidi_md,gemma,25,GPP-laplace,0,256,0.7284038829844245,0.1401878852068539,0.2843148527573398,0.2861406437912028,0.666993784756297,0.666993784756297,0.3575664758682251,0.13866768777370453,0.12004973962134498,0.1459559093591229,0.12004973962134496,0.14595590935912287,0.11575329514820756,0.1437011446891116,0.11956490785300265,0.14626998602289323,0.11575329514820759,0.14370114468911158,0.11956490562003727,0.1462699849657781,0.11085801206324875,0.14562527977113218,1.0
lewidi_md,gemma,25,LPE,0,256,0.7989041731246327,0.14984946063435475,0.29494723289096103,0.2820266920190983,0.6535819430814525,0.6535819430814525,0.27083277702331543,0.17746298015117645,0.004917514197586852,0.13763879414283192,0.00491751419758685,0.1376387941428319,-0.0027177665524637813,0.12877721180629337,0.0026274984916590076,0.13588515513244753,-0.0027177665524637786,0.12877721180629337,0.0026274963047450443,0.1358851542659317,0.0032160069112294382,0.15270813797059798,-0.5
lewidi_md,gemma,25,LP-temp,0,256,0.6783433701140872,0.14847253019193676,0.31581839149084134,0.34802006759356235,0.6375531566895649,0.6375531566895649,0.6817499924919783,,-0.013408649173100145,,-0.013408649173100147,,-0.02173717099365121,,-0.016035241561915443,,-0.021737170993651217,,-0.016035241526300873,,-0.009142817603848734,,-0.5
lewidi_md,gemma,25,GPP-cosine,0,1024,0.7418233782069392,0.1486943435535589,0.29927232057463304,0.28685077702060885,0.638534510958456,0.638534510958456,0.5259250998497009,0.0026602407451719046,0.06824935575341556,0.06121837740081972,0.06824935575341556,0.061218377400819715,0.06419709070028566,0.06060251364379597,0.06748382997756527,0.06145049823425357,0.06419709070028567,0.06060251364379597,0.06748382868192393,0.06145049787426945,0.0960156172081777,0.12648793718327808,1.0
lewidi_md,gemma,25,GPP-rbf,0,1024,0.6764120681066798,0.12575803506300426,0.26686202222511834,0.2808424134023698,0.6836768073274452,0.6836768073274452,0.4612642228603363,0.05287656933069229,0.11534956648711392,0.15941708745723426,0.11534956648711392,0.15941708745723426,0.11051556741778934,0.16085329583655802,0.11466892359170583,0.16094672738923987,0.11051556741778934,0.16085329583655805,0.11466892135535955,0.16094672721500236,0.09384943071553159,0.18001970588068578,1.0
lewidi_md,gemma,25,GPP-laplace,0,1024,0.6801631298572105,0.1256492587373529,0.26613914533055183,0.2777319191764405,0.6885835786719006,0.6885835786719006,0.3784373700618744,0.122740738093853,0.15724235714093265,0.17851445771631191,0.15724235714093265,0.17851445771631191,0.153666834907975,0.17668762794563975,0.15723182540809455,0.17918190779193677,0.153666834907975,0.17668762794563975,0.15723182272363123,0.1791819066981321,0.14110341189369818,0.18152730882976728,1.0
lewidi_md,gemma,25,LPE,0,1024,0.6661548432810845,0.12860832232363584,0.275296355424518,0.2869365085202537,0.6637226038599935,0.6637226038599935,0.4963281750679016,0.04752708598971367,0.08319096395245382,0.14451999885425437,0.08319096395245382,0.14451999885425437,0.07643614420818606,0.14508740759659614,0.08170534456262159,0.1456831334372064,0.07643614420818609,0.14508740759659616,0.08170534276835674,0.1456831332196418,0.07259055937577251,0.1550626444732405,1.0
lewidi_md,gemma,25,LP-temp,0,1024,0.6384847726177424,0.12864769640075824,0.2820886807687804,0.3186361720725929,0.662414131501472,0.662414131501472,0.6340802622486174,,0.11125833116299103,,0.11125833116299101,,0.10696267615784572,,0.1107134888443082,,0.10696267615784572,,0.11071348762597459,,0.1363389026851704,,1.0
lewidi_md,gemma,25,GPP-cosine,1,16,1.0718884072405013,0.21923979084068762,0.38516372470841875,0.3348060936702733,0.4733398756951259,0.4733398756951259,0.45130813121795654,0.01183338277041912,-0.0908968167456784,0.007768145046263462,-0.0908968167456784,0.007768145046263452,-0.0905779140148124,0.005332004490143957,-0.0914227120058809,0.007079969336991534,-0.09057791401481241,0.005332004490143959,-0.09142271176485084,0.007079969489213212,-0.07368076997744709,0.007218267293574779,-1.0
lewidi_md,gemma,25,GPP-rbf,1,16,0.6858012930142519,0.13745424930197478,0.2885421572721054,0.2989845652465778,0.6490022898266274,0.6490022898266274,0.44193270802497864,0.12983077764511108,0.07472170489382882,0.13366310819201138,0.07472170489382882,0.13366310819201138,0.07228468320991474,0.1340662487007463,0.07449211885803175,0.13470184312815175,0.07228468320991474,0.13406624870074632,0.07449211864364519,0.13470184308358019,0.06333963890907506,0.1382924562244343,1.0
lewidi_md,gemma,25,GPP-laplace,1,16,0.6689875958675667,0.1346990753711941,0.2853678671382965,0.3032824198260992,0.6591429506051685,0.6591429506051685,0.4014986753463745,0.19207003712654114,0.12105615411545273,0.13969323377141046,0.1210561541154527,0.13969323377141046,0.11640053157275182,0.1370870784377277,0.12046890762054548,0.1398574479252651,0.11640053157275182,0.1370870784377277,0.1204689071546691,0.13985744753269838,0.11313483762620757,0.14108479036823113,1.0
lewidi_md,gemma,25,LPE,1,16,0.7818019578214146,0.15440002772975273,0.30513983911411646,0.2969140865575947,0.6231599607458292,0.6231599607458292,0.3566528856754303,0.1434231549501419,0.04834478823171531,0.08283701822061143,0.04834478823171531,0.08283701822061143,0.04540267947607538,0.07924265909008858,0.04778071337152196,0.08231082600654753,0.04540267947607538,0.0792426590900886,0.04778071388241087,0.08231082621293681,0.04707294916882991,0.08444976871286547,1.0
lewidi_md,gemma,25,LP-temp,1,16,0.6849703200123699,0.14608290913224278,0.3095443605442806,0.32900998489621286,0.6012430487405953,0.6012430487405953,0.6438196805140801,,0.02075504116526208,,0.02075504116526207,,0.0144668806932977,,0.018983547833860654,,0.014466880693297707,,0.018983548404031093,,0.038482307316899916,,0.5
lewidi_md,gemma,25,GPP-cosine,1,64,0.9846549207495353,0.204188640946579,0.35915128635949367,0.28764145663054946,0.5803074910042525,0.5803074910042525,0.44275087118148804,0.008477848023176193,-0.010203841935217261,0.06573004315097383,-0.010203841935217254,0.06573004315097385,-0.008188959638118944,0.06660125279588726,-0.009660564483463661,0.06644565924693131,-0.008188959638118939,0.06660125279588726,-0.009660564003804092,0.06644565929002623,0.014428579024524683,0.12302169289045312,-0.5
lewidi_md,gemma,25,GPP-rbf,1,64,0.7236624058067701,0.15610844558423667,0.3187014538298782,0.3117071627982198,0.5616617598953222,0.5616617598953222,0.5011807084083557,0.10253586620092392,-0.013125393730876931,0.1335050988605748,-0.013125393730876934,0.1335050988605748,-0.015629654135013937,0.13088951177847669,-0.013977492249150923,0.13362403295369324,-0.015629654135013934,0.1308895117784767,-0.013977492074208588,0.1336240325137833,-0.025931603078818873,0.12285204637745858,-1.0
lewidi_md,gemma,25,GPP-laplace,1,64,0.7075034058705936,0.14784310196608577,0.30470514987949693,0.31298975112117233,0.6149820085050703,0.6149820085050703,0.4275444746017456,0.17660687863826752,0.08698285036604697,0.13881776831079146,0.08698285036604697,0.13881776831079146,0.08195183767151942,0.13510214986541466,0.08604784071340035,0.13863832915976354,0.08195183767151942,0.1351021498654147,0.08604784097370743,0.13863832905122236,0.057364349014161015,0.13583526389482475,1.0
lewidi_md,gemma,25,LPE,1,64,0.8737645219738401,0.1898337741911358,0.3514238552267317,0.3027251267357053,0.5436702649656526,0.5436702649656526,0.34279385209083557,0.17183169722557068,-0.023431000990059552,0.0913013009584416,-0.023431000990059556,0.0913013009584416,-0.02812224933731252,0.08734839149772938,-0.025019314441580863,0.09072399662947339,-0.028122249337312524,0.08734839149772938,-0.02501931406027081,0.09072399661647956,-0.026240493960000034,0.08780711931924581,-1.0
lewidi_md,gemma,25,LP-temp,1,64,0.8145657722464419,0.17860483881830552,0.34734349933434905,0.3278432690354345,0.529277069021917,0.529277069021917,0.6023282450389775,,-0.05285328827336243,,-0.05285328827336243,,-0.06015473632720082,,-0.055437630472515535,,-0.06015473632720082,,-0.05543762999810912,,-0.017206780460579864,,-1.0
lewidi_md,gemma,25,GPP-cosine,1,256,0.7246205360443996,0.14925507211554176,0.30802336696976357,0.3182123778011996,0.6401701014066078,0.6401701014066078,0.578233540058136,0.0062734587118029594,-0.035208948815835625,0.06198124346031306,-0.035208948815835625,0.06198124346031306,-0.03759831438958804,0.063749617358518,-0.036177427181140254,0.06294421011779971,-0.037598314389588036,0.063749617358518,-0.03617742779611853,0.06294420974982119,-0.007927199885098579,0.11407270327666562,-1.0
lewidi_md,gemma,25,GPP-rbf,1,256,0.6828974028938698,0.1304312778187494,0.2752852439740231,0.28851309576764983,0.6735361465489041,0.6735361465489041,0.45715445280075073,0.07274306565523148,0.061745379595618835,0.15515214603329702,0.061745379595618835,0.15515214603329702,0.05448688780488724,0.15676620739396238,0.05995949829765225,0.1567066844050411,0.054486887804887245,0.1567662073939624,0.05995949630735419,0.15670668390830234,0.03995854348896523,0.1603576339834682,0.5
lewidi_md,gemma,25,GPP-laplace,1,256,0.7056700914034404,0.13528885532319768,0.2800067128098881,0.28137939860647626,0.6601243048740595,0.6601243048740595,0.37329596281051636,0.13918642699718475,0.12939507368110637,0.16420251652028478,0.12939507368110634,0.16420251652028478,0.11862466949236859,0.1584126189952364,0.1270040075401908,0.16356576357186195,0.1186246694923686,0.15841261899523637,0.12700400595622838,0.1635657626763699,0.11695975782173058,0.16268088581429682,1.0
lewidi_md,gemma,25,LPE,1,256,0.7300018330851715,0.13431995005066774,0.278239653354686,0.28708216184010216,0.6728819103696434,0.6728819103696434,0.311640202999115,0.1779678612947464,-0.011675351201392025,0.15364283026652759,-0.011675351201392018,0.15364283026652759,-0.017185716057309137,0.15181269274763504,-0.013432388261282058,0.15413881908065424,-0.01718571605730914,0.15181269274763504,-0.013432389599995325,0.15413881831613296,-0.010247885942097239,0.17299550401008537,-0.5
lewidi_md,gemma,25,LP-temp,1,256,0.6745368289140353,0.14505079955193384,0.30891457888991575,0.3418972593439841,0.656853123977756,0.656853123977756,0.6658200915525546,,-0.012520042525529957,,-0.012520042525529955,,-0.008434338666614954,,-0.011362406134109522,,-0.008434338666614947,,-0.011362406975679303,,0.010793453467936169,,-0.5
lewidi_md,gemma,25,GPP-cosine,1,1024,0.7028115374362484,0.14512741910231622,0.30171109040866867,0.30395877915805336,0.6319921491658489,0.6319921491658489,0.584625780582428,0.003182250540703535,0.06007413380537473,0.06329908664213962,0.06007413380537473,0.06329908664213962,0.050363764564822874,0.05764589828079431,0.05753059575762873,0.06201241067078312,0.050363764564822874,0.05764589828079431,0.05753059572695516,0.0620124111324358,0.08154883002297746,0.12532440258575472,0.5
lewidi_md,gemma,25,GPP-rbf,1,1024,0.6776288116047218,0.12793226923468431,0.2733302357528561,0.28858543814106286,0.6794242721622505,0.6794242721622505,0.4658351540565491,0.057331666350364685,0.08421776946480511,0.14646757259690069,0.0842177694648051,0.14646757259690069,0.07213735442267409,0.14388376665695404,0.08111839832378405,0.1466850156358806,0.07213735442267409,0.14388376665695404,0.08111839608654535,0.1466850151478935,0.05442620435139839,0.1687396517512592,0.5
lewidi_md,gemma,25,GPP-laplace,1,1024,0.6791701696888307,0.1270814113309817,0.2707115310878853,0.27955992956330367,0.6784429178933595,0.6784429178933595,0.3824019134044647,0.1255728006362915,0.15026055512808817,0.17975675660414708,0.15026055512808817,0.17975675660414706,0.1381687858981417,0.1729687792872884,0.14761034441825457,0.17892284761991462,0.1381687858981417,0.17296877928728843,0.1476103418367797,0.17892284637690226,0.12491522733137297,0.1789218430400442,1.0
lewidi_md,gemma,25,LPE,1,1024,0.6799846529717598,0.13236441937847618,0.28119078728129576,0.29134026719404177,0.6542361792607131,0.6542361792607131,0.48753437399864197,0.05450715869665146,0.060544320120817244,0.1291058126463846,0.060544320120817244,0.1291058126463846,0.05076005820855839,0.12977570022558296,0.057981515979767126,0.13019449638961073,0.05076005820855839,0.12977570022558296,0.05798151435264273,0.130194495813985,0.05146750645191569,0.13579957922037425,0.5
lewidi_md,gemma,25,LP-temp,1,1024,0.6491363646728323,0.13089253962853895,0.2853394497857933,0.31428345321708273,0.6542361792607131,0.6542361792607131,0.6179038723227754,,0.08300831540229545,,0.08300831540229545,,0.07586813426492713,,0.08140416357254486,,0.07586813426492714,,0.08140416195843642,,0.10325832530353972,,1.0
lewidi_md,gemma,25,GPP-cosine,2,16,1.1125699398695437,0.22946433142350503,0.3983193848963811,0.3260909946953755,0.45109584560026167,0.45109584560026167,0.44415274262428284,0.013159746304154396,-0.08038911485105393,0.016807058157625163,-0.08038911485105395,0.016807058157625163,-0.07954743774555814,0.014577445554242539,-0.08068389601806501,0.01624368411414344,-0.07954743774555817,0.014577445554242537,-0.08068389570177276,0.01624368416223569,-0.0671406548650104,0.024763700614061773,-1.0
lewidi_md,gemma,25,GPP-rbf,2,16,0.7021610958164284,0.14198758758267724,0.29395263649262476,0.28729624161203465,0.656853123977756,0.656853123977756,0.46341484785079956,0.0763356164097786,-0.04080983825357744,0.11274986002352563,-0.04080983825357744,0.11274986002352565,-0.03997242237437738,0.11418227833030058,-0.040834664665688504,0.11395851848945285,-0.039972422374377384,0.1141822783303006,-0.04083466504635424,0.11395851829543024,-0.02029071127540671,0.10979823355857884,-1.0
lewidi_md,gemma,25,GPP-laplace,2,16,0.7091364846959274,0.14244845141022366,0.29166305564663203,0.293531106254962,0.6633954857703631,0.6633954857703631,0.36712968349456787,0.1765439212322235,0.11367671029509688,0.12213728691214484,0.11367671029509688,0.12213728691214484,0.1140114216873528,0.1219256823343384,0.11455764527602558,0.12290993988398419,0.11401142168735282,0.1219256823343384,0.11455764532787784,0.1229099398073902,0.11413660373467274,0.12115065506976462,1.0
lewidi_md,gemma,25,LPE,2,16,0.8945714659863789,0.16825057026531465,0.31173574201318777,0.29807009078457614,0.6529277069021917,0.6529277069021917,0.2773401439189911,0.12149863690137863,-0.00575554130183262,0.040110681237728554,-0.005755541301832622,0.04011068123772857,-0.008214604514444866,0.044433311477049646,-0.006543376170496764,0.0417011217499611,-0.008214604514444866,0.04443331147704964,-0.0065433762856384305,0.04170112164598175,0.003557415958679502,0.023738044774922574,-0.5
lewidi_md,gemma,25,LP-temp,2,16,0.8181507317029371,0.1637747336555392,0.31622117322267607,0.30299034220035703,0.6329735034347399,0.6329735034347399,0.4874209671574915,,-0.012184781419005223,,-0.012184781419005225,,-0.014039092720396967,,-0.01283262840515189,,-0.014039092720396974,,-0.012832628476998044,,0.008465221968094908,,-1.0
lewidi_md,gemma,25,GPP-cosine,2,64,0.8141290350629217,0.16634741157221122,0.31997140186780415,0.28724425966976186,0.6117108276087667,0.6117108276087667,0.4828297197818756,0.010810702107846737,-0.007987923696828082,0.05310090628751958,-0.007987923696828079,0.05310090628751958,-0.010622615121360082,0.049304899255978266,-0.008844508514992713,0.05230955194052621,-0.010622615121360084,0.04930489925597827,-0.008844507773258414,0.052309552316228455,0.02993894528828121,0.11668742680386254,-0.5
lewidi_md,gemma,25,GPP-rbf,2,64,0.6806304805613778,0.1398222471922718,0.29575589359066173,0.3078128024253407,0.6261040235525025,0.6261040235525025,0.503616213798523,0.0978412926197052,0.019877173393521255,0.13791416596926165,0.019877173393521255,0.13791416596926162,0.010159476566286761,0.1343405052551938,0.01705592043906352,0.13777173743305238,0.01015947656628676,0.1343405052551938,0.017055919519551294,0.13777173668722825,0.002588583797030476,0.1293492111282403,0.5
lewidi_md,gemma,25,GPP-laplace,2,64,0.675759019974032,0.13981653703726946,0.2966467227554025,0.31461380243969195,0.6166175989532221,0.6166175989532221,0.44202351570129395,0.17759154736995697,0.09571138351617495,0.13998925311039284,0.09571138351617495,0.1399892531103928,0.08881062094475704,0.1356093676732975,0.09426715509122485,0.13961567992152002,0.08881062094475704,0.1356093676732975,0.09426715468723293,0.13961567940475517,0.07324643015267977,0.13637759489951573,1.0
lewidi_md,gemma,25,LPE,2,64,0.8295746423653221,0.16449629423098264,0.315352410152851,0.2899438784980853,0.6018972849198561,0.6018972849198561,0.34938299655914307,0.13524243235588074,0.045870341805198556,0.12969293580787516,0.04587034180519854,0.12969293580787514,0.03393054533244146,0.12230217770547645,0.042550957152772066,0.12833247071613038,0.03393054533244146,0.12230217770547647,0.0425509560599827,0.12833247017501082,0.03446767361782303,0.1320316203842587,0.5
lewidi_md,gemma,25,LP-temp,2,64,0.6908810717627665,0.15012629972306138,0.3156693552682046,0.339325417896435,0.6035328753680078,0.6035328753680078,0.6623858628346149,,0.00362927522649663,,0.0036292752264966213,,-0.005576337429075831,,0.0008525167610909873,,-0.00557633742907584,,0.0008525161437290141,,0.02120014358490344,,-0.5
lewidi_md,gemma,25,GPP-cosine,2,256,0.8188327708603889,0.16186463589851963,0.3112924155654971,0.2821670497179989,0.6264311416421328,0.6264311416421328,0.45831727981567383,0.005639881826937199,0.06211627724312782,0.07562646265452343,0.06211627724312782,0.07562646265452343,0.058991169890656656,0.07412434162090475,0.06159088986236824,0.07568760442826658,0.058991169890656656,0.07412434162090475,0.06159088951467415,0.07568760404971292,0.0868272884395243,0.12677789063163167,1.0
lewidi_md,gemma,25,GPP-rbf,2,256,0.7002314717778483,0.13539468938200996,0.2834021759281617,0.2879712579066789,0.656853123977756,0.656853123977756,0.44288814067840576,0.07853232324123383,0.06572032013959411,0.14097888404590891,0.0657203201395941,0.14097888404590891,0.05982721664482395,0.14017724529071315,0.06437722214489536,0.1417010948564717,0.05982721664482396,0.14017724529071318,0.06437722004218879,0.141701094341234,0.05152766326855843,0.14934793979728944,0.5
lewidi_md,gemma,25,GPP-laplace,2,256,0.7304190138151626,0.14089131646113087,0.28648241419947745,0.2831384600995944,0.6637226038599935,0.6637226038599935,0.3539753258228302,0.1356569230556488,0.11393588817704275,0.1483938230019174,0.11393588817704275,0.1483938230019174,0.10850138396185746,0.14510209485107073,0.11306279939842974,0.14840901868844766,0.10850138396185748,0.14510209485107073,0.11306279770156039,0.14840901785424893,0.10673220148251895,0.1489363287910919,1.0
lewidi_md,gemma,25,LPE,2,256,0.7381255771432962,0.14157794730054885,0.2887151893303312,0.2863059759396558,0.6552175335296042,0.6552175335296042,0.2904108762741089,0.19118835031986237,-0.01781207713486966,0.13511875840568377,-0.017812077134869656,0.1351187584056838,-0.021099508256552324,0.1337190678393852,-0.01893464500948162,0.13561879680984373,-0.02109950825655232,0.13371906783938523,-0.018934646579941768,0.13561879577906025,-0.0224950166622338,0.1503566103620245,-1.0
lewidi_md,gemma,25,LP-temp,2,256,0.6842301831142115,0.1472715878440783,0.31118651798220875,0.3381537304888925,0.634936211972522,0.634936211972522,0.6568077404340055,,-0.020470694634939175,,-0.02047069463493918,,-0.024036092432445588,,-0.02169607924150471,,-0.024036092432445595,,-0.021696079818674677,,0.0015160629359230854,,-1.0
lewidi_md,gemma,25,GPP-cosine,2,1024,0.7231703739484967,0.14530459308915758,0.3009233164534185,0.31513260099547075,0.6483480536473667,0.6483480536473667,0.5667004585266113,0.0025445313658565283,-0.024016230061373357,0.048121692813075115,-0.024016230061373364,0.0481216928130751,-0.024576583819924572,0.0509502148674673,-0.024351360049872803,0.04931231970106798,-0.024576583819924572,0.0509502148674673,-0.02435136051151955,0.049312319874462746,0.00608329596678273,0.12167511375385633,-1.0
lewidi_md,gemma,25,GPP-rbf,2,1024,0.6786470895556806,0.1263685628278042,0.2684219140536548,0.2925809711054481,0.6997055937193327,0.6997055937193327,0.47549968957901,0.049413640052080154,0.06763483154540258,0.16539180456274008,0.06763483154540256,0.16539180456274008,0.06445304499231404,0.1670046901574265,0.06713001516756562,0.16701616131954755,0.06445304499231402,0.16700469015742653,0.0671300127877538,0.16701616063542274,0.05438849134605868,0.17027717668836606,1.0
lewidi_md,gemma,25,GPP-laplace,2,1024,0.656405954610777,0.12185947852544021,0.2629658647259654,0.27999044185205163,0.6967615309126595,0.6967615309126595,0.39682888984680176,0.1241377517580986,0.13824022584835777,0.18691715509800255,0.13824022584835777,0.18691715509800255,0.1307502801701237,0.18296900746832928,0.13690815184426627,0.18699659126112364,0.13075028017012372,0.18296900746832928,0.1369081486368633,0.1869965896257059,0.11740659120163942,0.1848291795149458,1.0
lewidi_md,gemma,25,LPE,2,1024,0.661220804595784,0.12629349018913233,0.2724626561243349,0.29374475986735077,0.6758259731763167,0.6758259731763167,0.5022435188293457,0.048177171498537064,0.057174999580901574,0.15514390248031623,0.05717499958090157,0.15514390248031623,0.055183344416611074,0.15785457553026402,0.05696070200742045,0.1570321265728702,0.05518334441661109,0.15785457553026405,0.05696069983398088,0.157032125944961,0.03820165533078511,0.15777266821745292,1.0
lewidi_md,gemma,25,LP-temp,2,1024,0.6379286936248942,0.1293681933339665,0.2832121189423079,0.3244164873134591,0.6738632646385345,0.6738632646385345,0.6446441100710486,,0.09470771176548265,,0.09470771176548265,,0.09357307189482536,,0.09501146351103376,,0.09357307189482536,,0.0950114614470643,,0.10055572428411672,,1.0
lewidi_md,gemma,25,GPP-cosine,3,16,0.8157187984466264,0.1641826998954667,0.3224055386791553,0.31019505129287567,0.6140006542361792,0.6140006542361792,0.5037451982498169,0.015031724236905575,-0.04811631079025903,0.05901327245209101,-0.04811631079025903,0.05901327245209101,-0.044680323492127215,0.06098543867198633,-0.04740036335618089,0.06001792053860926,-0.04468032349212722,0.06098543867198634,-0.04740036352696278,0.06001792060029043,-0.04178297004057531,0.08410446734597858,-1.0
lewidi_md,gemma,25,GPP-rbf,3,16,0.6617311218056788,0.13456447861406268,0.2888514635628068,0.30874327349807157,0.633954857703631,0.633954857703631,0.4685710370540619,0.1413920670747757,0.03295231138267994,0.13602513809637656,0.03295231138267994,0.1360251380963766,0.02526226433612561,0.13249668163320966,0.03083776110197997,0.13588352078189375,0.02526226433612561,0.13249668163320966,0.030837759885466387,0.1358835202573219,0.016341775027393937,0.13345977906213588,0.5
lewidi_md,gemma,25,GPP-laplace,3,16,0.6730995188070388,0.13647067515806366,0.2896910553257626,0.30501673661705286,0.6604514229636899,0.6604514229636899,0.3991376459598541,0.19223959743976593,0.11979846985319022,0.13194849430111716,0.11979846985319022,0.13194849430111716,0.11218717753663038,0.12685231250048995,0.11830307701327902,0.13130181752551967,0.11218717753663039,0.12685231250048995,0.11830307575277953,0.13130181667221663,0.10596509140683724,0.13017254242237827,1.0
lewidi_md,gemma,25,LPE,3,16,0.7543608227677575,0.14763488690190202,0.2971185178251727,0.29430742916614283,0.6499836440955185,0.6499836440955185,0.3152921199798584,0.17438864707946777,0.022054748083341125,0.04821191524407641,0.022054748083341125,0.048211915244076406,0.022956514405860728,0.051303689833197295,0.022480340618538555,0.04948327859629102,0.02295651440586072,0.05130368983319729,0.022480339544572348,0.04948327676775846,0.02322472918854662,0.05479254579564024,1.0
lewidi_md,gemma,25,LP-temp,3,16,0.6904175849763194,0.15425958644631416,0.3268331813946919,0.35578924075849266,0.6185803074910042,0.6185803074910042,0.6930361405863337,,-0.02473647992269639,,-0.024736479922696383,,-0.020343569868394386,,-0.023569072384930327,,-0.020343569868394386,,-0.023569072881873578,,-0.016795773410852134,,-0.5
lewidi_md,gemma,25,GPP-cosine,3,64,0.9290852875669638,0.19095155779032774,0.34628745637776037,0.28912835015527,0.5907752698724239,0.5907752698724239,0.3858768343925476,0.010177547112107277,0.02371962933154663,0.041711300056545796,0.02371962933154663,0.041711300056545796,0.026455445282715227,0.04108730090175641,0.024714805608169604,0.04180725565634676,0.026455445282715227,0.04108730090175642,0.024714805662951214,0.041807255562598365,0.021782170606006183,0.09831218929050756,1.0
lewidi_md,gemma,25,GPP-rbf,3,64,0.7685487085092717,0.14744020564275398,0.2898946650366466,0.28243303542381776,0.6565260058881256,0.6565260058881256,0.36437681317329407,0.1003454178571701,0.10967386162098129,0.14724251563636792,0.10967386162098129,0.14724251563636792,0.10516558058373682,0.14555017350935667,0.10905344984550301,0.14773657727202932,0.10516558058373679,0.14555017350935667,0.10905344813675494,0.14773657668859777,0.10528063760967102,0.14798521349143137,1.0
lewidi_md,gemma,25,GPP-laplace,3,64,0.7830642422120834,0.15003791157218613,0.29237676390526235,0.29044898859141094,0.6663395485770363,0.6663395485770363,0.32307296991348267,0.14688055217266083,0.13477655585549456,0.14093734540758013,0.13477655585549456,0.14093734540758013,0.13059645480208565,0.13721642741989695,0.13442806037179297,0.1407708196527944,0.13059645480208562,0.13721642741989698,0.13442805939180652,0.140770819083873,0.13728164387726435,0.14105337483360272,1.0
lewidi_md,gemma,25,LPE,3,64,0.8928274872924306,0.1624184099776628,0.3007244281778665,0.28632874439378586,0.6607785410533202,0.6607785410533202,0.22383584082126617,0.1485280841588974,0.059611501796793614,0.12019293444842491,0.0596115017967936,0.12019293444842491,0.05384114603915283,0.12037929425725205,0.05826389476169452,0.12107337831350785,0.053841146039152826,0.12037929425725205,0.05826389240237118,0.12107337679304164,0.06401083202887944,0.12990774547422365,0.5
lewidi_md,gemma,25,LP-temp,3,64,0.6750877101023608,0.1479025209087793,0.31504481656244154,0.35187875744634844,0.6460582270199542,0.6460582270199542,0.6888351009280231,,0.003981461603414926,,0.003981461603414918,,0.0020058593602962525,,0.00340749431819739,,0.0020058593602962503,,0.0034074930171450997,,0.01605889096989987,,0.5
lewidi_md,gemma,25,GPP-cosine,3,256,0.7782892676747641,0.15453192418812822,0.3117402361306237,0.3211592271148982,0.6362446843310435,0.6362446843310435,0.5540189743041992,0.005127419717609882,-0.03350007913787237,0.06320958979027938,-0.03350007913787236,0.06320958979027938,-0.037084834347397316,0.06393353624365244,-0.034820650223450475,0.06386311427364062,-0.037084834347397316,0.06393353624365244,-0.034820650670043,0.0638631142514325,-0.01790657269229338,0.12137487113183623,-1.0
lewidi_md,gemma,25,GPP-rbf,3,256,0.6765867500180118,0.13498452252934331,0.28750242327302933,0.3073867526496701,0.6503107621851488,0.6503107621851488,0.5045222043991089,0.07766395062208176,0.0010344642708628882,0.1402563850855481,0.0010344642708628908,0.14025638508554814,-0.004288902131006695,0.1402206959875692,-0.0005785566509652357,0.1412067530503784,-0.004288902131006694,0.1402206959875692,-0.0005785575785030366,0.14120675276009523,-0.003072899102777975,0.14400649081989603,-0.5
lewidi_md,gemma,25,GPP-laplace,3,256,0.6840810285386255,0.13569227930413222,0.28488552448908544,0.2997691120270431,0.6620870134118417,0.6620870134118417,0.4143618941307068,0.15195830166339874,0.054601797302491366,0.1352836833492692,0.05460179730249135,0.13528368334926918,0.05036262591104573,0.13202301938632935,0.05368585671899449,0.1352184843943282,0.05036262591104573,0.13202301938632938,0.05368585558113547,0.13521848369090522,0.03765002397799637,0.13063186923478137,1.0
lewidi_md,gemma,25,LPE,3,256,0.7591740454081153,0.14590361235380545,0.2960577293267041,0.29946937094108034,0.6388616290480864,0.6388616290480864,0.33951595425605774,0.17437157034873962,-0.04916537865003266,0.13514462271510785,-0.04916537865003266,0.13514462271510785,-0.053536852022985595,0.13237948329727947,-0.050832739289992115,0.13522927840145013,-0.053536852022985595,0.1323794832972795,-0.050832740180750506,0.13522927786206668,-0.04565168864948057,0.12911125785936273,-1.0
lewidi_md,gemma,25,LP-temp,3,256,0.6797484824431527,0.14858967052697516,0.3169932023614408,0.347698638403475,0.628393850179915,0.628393850179915,0.6775453718096139,,-0.021996813166061474,,-0.021996813166061474,,-0.02547105054216594,,-0.02320491312075349,,-0.025471050542165943,,-0.02320491351973603,,-0.03534200204579733,,-1.0
lewidi_md,gemma,25,GPP-cosine,3,1024,0.7452290146665467,0.15325564574369352,0.3088943339663995,0.2972921968507716,0.619234543670265,0.619234543670265,0.5509154796600342,0.0027745296247303486,0.03796004881445883,0.08162582474472768,0.03796004881445883,0.08162582474472768,0.02885673728945286,0.07872277976686085,0.03544970627691872,0.08130172594861212,0.028856737289452865,0.07872277976686085,0.03544970528429514,0.08130172594486308,0.0823973367324836,0.12361569039196166,0.5
lewidi_md,gemma,25,GPP-rbf,3,1024,0.6665526832856492,0.12626773029037394,0.2712358177885856,0.28936697971248104,0.6790971540726202,0.6790971540726202,0.4798741042613983,0.056121617555618286,0.08699402482141662,0.14953279497523025,0.0869940248214166,0.14953279497523025,0.07512156523216662,0.14888199942614982,0.08397696945039204,0.15035953648377862,0.07512156523216663,0.14888199942614982,0.08397696642069341,0.15035953552052714,0.07136481165849502,0.1662355028789085,0.5
lewidi_md,gemma,25,GPP-laplace,3,1024,0.6803074614106692,0.12699399309348264,0.2693823504219478,0.27867963746402685,0.6735361465489041,0.6735361465489041,0.38359013199806213,0.1267096996307373,0.1622097265745747,0.17444126582057012,0.1622097265745747,0.1744412658205701,0.15134427957290641,0.16885504207734114,0.16001462626769297,0.1739366688281045,0.15134427957290644,0.16885504207734114,0.16001462315066192,0.17393666731264565,0.1405047279748939,0.17665334217949372,1.0
lewidi_md,gemma,25,LPE,3,1024,0.686808306350419,0.13192005475167864,0.2789739289453129,0.28840705922719156,0.6650310762185149,0.6650310762185149,0.48247236013412476,0.04666141793131828,0.06951312998394026,0.13242592859882432,0.06951312998394024,0.13242592859882435,0.057194750387709214,0.13074026088259016,0.06624056043267457,0.1328204778978505,0.05719475038770921,0.13074026088259016,0.06624055786363932,0.13282047675673242,0.072325543113863,0.1463832515125978,0.5
lewidi_md,gemma,25,LP-temp,3,1024,0.6464549886714267,0.12960834902079713,0.28305099776787396,0.3168725252359445,0.6637226038599935,0.6637226038599935,0.6207768391393987,,0.0775940320452519,,0.0775940320452519,,0.0669924938478897,,0.07489934654017429,,0.0669924938478897,,0.07489934405229008,,0.11829010956687418,,0.5
lewidi_md,gemma,25,GPP-cosine,4,16,1.2520670801178357,0.23696147912194274,0.3777212117727428,0.29857107196339866,0.5832515538109257,0.5832515538109257,0.24190562963485718,0.013912134803831577,0.061910845609183474,0.05347783327901921,0.061910845609183474,0.05347783327901921,0.060675139987667076,0.05122731276859495,0.06195906984410778,0.05315941469796162,0.06067513998766709,0.05122731276859495,0.06195906957328214,0.05315941446481886,0.0471635462930796,0.08698333324351844,1.0
lewidi_md,gemma,25,GPP-rbf,4,16,0.7450449327757821,0.14506842104694653,0.29019141421550665,0.2896065434555245,0.6663395485770363,0.6663395485770363,0.38191771507263184,0.12994132936000824,0.1473682013877597,0.14156527596807245,0.1473682013877597,0.14156527596807242,0.14074241455240455,0.13881115123645676,0.14636168246220838,0.1416972870009276,0.14074241455240455,0.13881115123645676,0.14636168241075448,0.14169728678279808,0.13978708586337052,0.14622600529581684,1.0
lewidi_md,gemma,25,GPP-laplace,4,16,0.7270904451788256,0.14357563499602885,0.29015703587392194,0.29150036046514066,0.666993784756297,0.666993784756297,0.35150471329689026,0.17354197800159454,0.153952789195302,0.14604051439657278,0.153952789195302,0.1460405143965728,0.1483624137278246,0.14167804277744067,0.15330651346124152,0.1457137124809865,0.14836241372782466,0.14167804277744067,0.1533065131043843,0.14571371217440696,0.1539428039488692,0.1448231965047889,1.0
lewidi_md,gemma,25,LPE,4,16,0.9177444627162996,0.16716537444128327,0.3050957150495607,0.2844453442225871,0.6633954857703631,0.6633954857703631,0.2526598572731018,0.11684081703424454,0.10520011841254374,0.10263528707057605,0.10520011841254374,0.10263528707057606,0.09427345176627129,0.09553698888343651,0.10259567834345998,0.10117839286731678,0.0942734517662713,0.09553698888343651,0.10259567844300072,0.10117839205630996,0.09944058481502567,0.10494561193509092,0.5
lewidi_md,gemma,25,LP-temp,4,16,0.6733185222845444,0.14012533012762549,0.29936504800551,0.31822252228847037,0.6346090938828918,0.6346090938828918,0.6229150841317911,,0.055323731574175354,,0.05532373157417535,,0.04227868720934058,,0.05173276399002334,,0.04227868720934058,,0.0517327640132236,,0.0755358390199233,,0.5
lewidi_md,gemma,25,GPP-cosine,4,64,0.736403098437987,0.15793095726640194,0.32194769589613825,0.33211105309191874,0.6166175989532221,0.6166175989532221,0.6133202910423279,0.012191775254905224,-0.04825316025901982,0.056460316575008544,-0.048253160259019816,0.05646031657500854,-0.042988716278904326,0.05959706487622082,-0.04698167917369682,0.0578018965880685,-0.042988716278904326,0.059597064876220816,-0.04698167884340439,0.05780189674826234,-0.019405955899973355,0.10000589153556405,-0.5
lewidi_md,gemma,25,GPP-rbf,4,64,0.6913176944319339,0.14150868170101927,0.2956010691625379,0.3059695390244237,0.6352633300621524,0.6352633300621524,0.48614880442619324,0.10637860745191574,0.03468778111984577,0.13226145571185285,0.034687781119845766,0.13226145571185285,0.028922831955634554,0.12951051373210154,0.03317100792693414,0.13233067281503638,0.02892283195563456,0.12951051373210157,0.03317100786651336,0.13233067230606615,0.020498234052122834,0.12036791791591492,0.5
lewidi_md,gemma,25,GPP-laplace,4,64,0.6794199840657141,0.13875628243380791,0.29208838068056053,0.3038604511443684,0.6372260385999345,0.6372260385999345,0.42326852679252625,0.1769321858882904,0.12272465446007111,0.15020580152525556,0.12272465446007111,0.15020580152525556,0.11650769849272898,0.1460235789838159,0.12167366744108318,0.14996240279146175,0.11650769849272899,0.1460235789838159,0.12167366738836607,0.1499624022953536,0.1079579993945546,0.14935666738724998,1.0
lewidi_md,gemma,25,LPE,4,64,0.8501279360664195,0.16542711059407814,0.3158708206586096,0.2949593900213414,0.6107294733398757,0.6107294733398757,0.3151610791683197,0.16292716562747955,0.02386161000624218,0.10565209663376439,0.02386161000624218,0.10565209663376438,0.016589641343983268,0.10330575222661731,0.021811995495030732,0.10566208483731898,0.016589641343983275,0.10330575222661731,0.02181199552246757,0.10566208440537944,0.016443874350352394,0.10845385361370412,0.5
lewidi_md,gemma,25,LP-temp,4,64,0.6905961705385987,0.15192002156175566,0.32039770591204775,0.34704540915428583,0.5950278050376185,0.5950278050376185,0.6781634967725845,,-0.023841954415187855,,-0.02384195441518786,,-0.027622100625103414,,-0.02515579994571548,,-0.027622100625103417,,-0.025155799702356617,,-0.0007659867033043174,,-1.0
lewidi_md,gemma,25,GPP-cosine,4,256,0.7705842230125616,0.15503173045313268,0.3106168712753389,0.302591222808828,0.6303565587176971,0.6303565587176971,0.5392328500747681,0.005964574404060841,0.008576773999289505,0.08312146661356788,0.008576773999289505,0.08312146661356788,0.0030549828373199793,0.08028437838189491,0.006955054866674735,0.08282769125262639,0.003054982837319976,0.08028437838189491,0.006955053442800638,0.0828276900379198,0.05676033583228749,0.12298968007489762,0.5
lewidi_md,gemma,25,GPP-rbf,4,256,0.6837877686192163,0.13094370481288994,0.2762809317071712,0.2841409921149842,0.6640497219496239,0.6640497219496239,0.44752711057662964,0.07314714789390564,0.06732052058893878,0.15828875050270783,0.06732052058893878,0.15828875050270783,0.06495334007821088,0.15931797909019402,0.06706146688904052,0.15968679750583004,0.0649533400782109,0.15931797909019402,0.06706146427381038,0.1596867966676827,0.050605669297744585,0.1664724798644203,1.0
lewidi_md,gemma,25,GPP-laplace,4,256,0.6996483929604933,0.132126550451221,0.27561816162600966,0.27497108833532,0.6702649656526006,0.6702649656526006,0.35835370421409607,0.13553887605667114,0.15229637938998092,0.1714150758373708,0.15229637938998092,0.17141507583737078,0.14005516049820788,0.16570787181372792,0.14961463751629125,0.17085292015688014,0.1400551604982079,0.16570787181372792,0.14961463472454814,0.17085291872438158,0.13586993275159728,0.16939871897203143,1.0
lewidi_md,gemma,25,LPE,4,256,0.816887056739794,0.1472329348870447,0.2895705253914683,0.28797990714983773,0.6604514229636899,0.6604514229636899,0.30029669404029846,0.15846151113510132,-0.02095888935627465,0.14424317626048766,-0.020958889356274657,0.14424317626048766,-0.022745988457338582,0.14382609444049232,-0.021646413266855274,0.14510479434151047,-0.022745988457338585,0.14382609444049235,-0.02164641471019408,0.14510479322648598,-0.02326338798980651,0.14667282583885483,-1.0
lewidi_md,gemma,25,LP-temp,4,256,0.7013416331685226,0.15052183522363516,0.313702623916321,0.3361660262487975,0.6450768727510632,0.6450768727510632,0.6351202355327223,,-0.04508434806643516,,-0.04508434806643515,,-0.045524692900914945,,-0.04552734231059092,,-0.045524692900914945,,-0.04552734338659706,,-0.024409941633199116,,-1.0
lewidi_md,gemma,25,GPP-cosine,4,1024,0.7140888817439562,0.14598506108692594,0.3026690492146938,0.30604556559988183,0.6352633300621524,0.6352633300621524,0.5761940479278564,0.002615148201584816,0.037545993166066605,0.08041739939624794,0.037545993166066605,0.08041739939624794,0.02909261663746568,0.07815929301220025,0.035230613820365374,0.08028129907623925,0.02909261663746568,0.07815929301220025,0.035230613062817745,0.08028129943266665,0.050655763569980215,0.12440223339032969,0.5
lewidi_md,gemma,25,GPP-rbf,4,1024,0.6609964703443332,0.12503168243732474,0.2701528429335984,0.29393129352897784,0.6872751063133792,0.6872751063133792,0.4936436414718628,0.0514773428440094,0.06741070897381152,0.15302792987463462,0.06741070897381152,0.1530279298746346,0.06000941531999325,0.15203116890220825,0.06562019405817626,0.1537733339198716,0.060009415319993265,0.15203116890220825,0.06562019195017602,0.1537733337047135,0.05028076932410546,0.16829336413507318,0.5
lewidi_md,gemma,25,GPP-laplace,4,1024,0.6594391172944991,0.12366909482920992,0.26586644174452656,0.28402234069886767,0.6905462872096827,0.6905462872096827,0.40213117003440857,0.12604494392871857,0.12568919434040451,0.17906483486078295,0.12568919434040454,0.17906483486078292,0.1141502592085778,0.17222183286918416,0.12303883612209218,0.1782094376973768,0.1141502592085778,0.1722218328691842,0.12303883288237555,0.1782094363626276,0.10267349498161693,0.178214648458725,0.5
lewidi_md,gemma,25,LPE,4,1024,0.6537719430093974,0.12700023126782398,0.2752438653570453,0.297240005864158,0.6738632646385345,0.6738632646385345,0.5289964079856873,0.039748258888721466,0.0574868648904121,0.14921676421116037,0.05748686489041209,0.14921676421116037,0.04916121206253174,0.14688539878830398,0.055347019174162834,0.1495298761028974,0.049161212062531746,0.14688539878830398,0.05534701728955362,0.14952987590228792,0.05375956619570713,0.14139967802382034,0.5
lewidi_md,gemma,25,LP-temp,4,1024,0.6391415491280172,0.12974992888467157,0.2842236619076449,0.32479915039848994,0.6719005561007524,0.6719005561007524,0.6432786533835873,,0.07475078208823191,,0.07475078208823191,,0.06847513171860456,,0.07335314912131449,,0.06847513171860456,,0.07335314756669312,,0.1132020651358804,,1.0
lewidi_md,gemma,37,GPP-cosine,0,16,0.965549233241325,0.20821943224792402,0.36848762273167873,0.285627947359531,0.5629702322538437,0.5629702322538437,0.376596063375473,0.040523286908864975,0.022904295834596026,0.07450351872617374,0.02290429583459603,0.07450351872617372,0.01537694412084794,0.06758050311183061,0.020770397348869395,0.07290717237727914,0.015376944120847936,0.06758050311183061,0.02077039688903638,0.07290717198399696,0.013177246541593688,0.08930609134858959,0.5
lewidi_md,gemma,37,GPP-rbf,0,16,0.6961802472714466,0.14655899798321115,0.30619324473216325,0.31633263247060933,0.609093882891724,0.609093882891724,0.476436048746109,0.12557104229927063,-0.08592119567685144,0.11214601507296625,-0.08592119567685144,0.11214601507296625,-0.08809587462829412,0.1093771902853303,-0.08717188646132348,0.1120719310792845,-0.08809587462829412,0.10937719028533031,-0.08717188779564358,0.11207193077592002,-0.09536069398039203,0.08888280985485175,-1.0
lewidi_md,gemma,37,GPP-laplace,0,16,0.6777924790558835,0.13928188943445635,0.29501216876660835,0.31067105648921295,0.6460582270199542,0.6460582270199542,0.40801098942756653,0.19001807272434235,0.04048472022627671,0.10064104449634032,0.040484720226276694,0.10064104449634032,0.03514346726412071,0.09642600761588568,0.03913662310565631,0.10004797321056318,0.03514346726412071,0.09642600761588567,0.03913662152240391,0.10004797244420825,0.042507073635450685,0.0927852611217429,0.5
lewidi_md,gemma,37,LPE,0,16,0.7640487389877877,0.15860297779750512,0.3161539852771193,0.3050889611910918,0.6123650637880275,0.6123650637880275,0.39245930314064026,0.1251949816942215,-0.023699302004744478,-0.011673834976659334,-0.02369930200474448,-0.01167383497665933,-0.028064557402939817,-0.01184449562529369,-0.025190241703315314,-0.01180577891317681,-0.028064557402939817,-0.011844495625293692,-0.025190242868315782,-0.011805780182334878,-0.025903459958624607,-0.02256777187972184,-1.0
lewidi_md,gemma,37,LP-temp,0,16,0.6806424680160782,0.14957200474269308,0.31672086729001586,0.34831654286410024,0.5852142623487079,0.5852142623487079,0.6842119130182336,,-0.010038301669925195,,-0.010038301669925198,,-0.016885157813323202,,-0.012190866461932858,,-0.016885157813323205,,-0.01219086717462179,,-0.011667485963332027,,-0.5
lewidi_md,gemma,37,GPP-cosine,0,64,0.7665286795932187,0.1608595508346927,0.3241888731323919,0.33370751114715363,0.6035328753680078,0.6035328753680078,0.5568737983703613,0.024551473557949066,-0.07835175690094674,0.07411105853170441,-0.07835175690094674,0.07411105853170441,-0.07939067323164206,0.07464480223338096,-0.07920491409437809,0.07478140866144231,-0.07939067323164208,0.07464480223338096,-0.07920491372740147,0.07478140847716827,-0.09429449169295517,0.10816524597104478,-1.0
lewidi_md,gemma,37,GPP-rbf,0,64,0.6615696683837755,0.13506850326949468,0.2904238883140267,0.31163560474102453,0.634936211972522,0.634936211972522,0.5124301314353943,0.10077345371246338,0.0018964797805147097,0.14250867797287697,0.0018964797805147114,0.14250867797287697,-0.00038075203742587993,0.14407664963158656,0.001216425549532692,0.14396253900473532,-0.00038075203742587646,0.14407664963158656,0.0012164250026269804,0.14396253891653257,-0.006761936999277285,0.13900054862100855,-0.5
lewidi_md,gemma,37,GPP-laplace,0,64,0.6568285190256773,0.13366558614410978,0.28838633850952905,0.3110973961077804,0.6506378802747792,0.6506378802747792,0.4355155825614929,0.18106694519519806,0.04939600120618426,0.13498921510675346,0.04939600120618425,0.13498921510675344,0.046723006584871635,0.13407778686540145,0.048921032754620564,0.13563696319784757,0.04672300658487164,0.13407778686540145,0.04892103192875775,0.1356369627113709,0.02609167062894242,0.13657755703223026,1.0
lewidi_md,gemma,37,LPE,0,64,0.7399570954746018,0.1475980315612927,0.2998669440263601,0.2994680699007572,0.628393850179915,0.628393850179915,0.3542814254760742,0.1770288199186325,-0.017176482060356952,0.14905611060521196,-0.017176482060356955,0.14905611060521193,-0.021113410016951842,0.14226797264419178,-0.01849236148426698,0.14801174969900183,-0.02111341001695185,0.14226797264419178,-0.018492362179629025,0.14801174906634385,-0.024531112674574505,0.14963382947863138,-0.5
lewidi_md,gemma,37,LP-temp,0,64,0.6862747837891056,0.15255614835448383,0.32404040766536085,0.35505256813409497,0.6234870788354596,0.6234870788354596,0.6922021941508791,,0.007043078937035641,,0.0070430789370356395,,0.0014184651670123023,,0.005379555839705399,,0.0014184651670123057,,0.005379555746865734,,-0.012185701600893167,,-0.5
lewidi_md,gemma,37,GPP-cosine,0,256,0.835333520499878,0.16522942208055844,0.3174503326710155,0.2949425037317588,0.629375204448806,0.629375204448806,0.47248944640159607,0.010867678560316563,-0.018033691321414975,0.07274624335682049,-0.018033691321414982,0.07274624335682049,-0.020128226844214288,0.07714975500173227,-0.01879473279040237,0.07458496300978698,-0.02012822684421428,0.07714975500173227,-0.018794733696523513,0.07458496255387358,0.00021049376494437387,0.10060924843760904,-1.0
lewidi_md,gemma,37,GPP-rbf,0,256,0.7146329740020466,0.13882721301712767,0.28790066387010194,0.28999070463869664,0.6486751717369971,0.6486751717369971,0.4364188313484192,0.06921654939651489,0.06595052020280598,0.13362879653855703,0.06595052020280598,0.13362879653855703,0.060163538408482334,0.13402512404480332,0.06464129687715006,0.1346652228585328,0.060163538408482355,0.13402512404480335,0.06464129417362238,0.13466522238314604,0.03567053178719072,0.1497145611347551,1.0
lewidi_md,gemma,37,GPP-laplace,0,256,0.7035832774742038,0.1350873719523554,0.2810973897759885,0.2882511808918727,0.6686293752044488,0.6686293752044488,0.36768728494644165,0.14360161125659943,0.10724091272661154,0.14768596615866475,0.10724091272661154,0.14768596615866475,0.10104470680655159,0.14365232944088238,0.10609012488156241,0.1474705185792029,0.10104470680655157,0.1436523294408824,0.1060901223391793,0.1474705172311715,0.08925135605005577,0.14242065802977177,1.0
lewidi_md,gemma,37,LPE,0,256,0.8306712706528318,0.1540505202193946,0.30010790580766394,0.29010132168882624,0.6421328099443899,0.6421328099443899,0.28654828667640686,0.17010685801506042,-0.002767994208369722,0.1192731178447265,-0.0027679942083697253,0.1192731178447265,-0.007404722632220738,0.11998595638009449,-0.004198103766850123,0.12030748611693344,-0.007404722632220747,0.11998595638009449,-0.00419810568771653,0.12030748525818939,-0.00044833146204879246,0.13836780859035305,-0.5
lewidi_md,gemma,37,LP-temp,0,256,0.6883062238415546,0.14986407048238296,0.3157981566960714,0.3415621380382892,0.6189074255806346,0.6189074255806346,0.6641192307537641,,-0.03373202474011797,,-0.03373202474011797,,-0.03758608683457115,,-0.035136146149631356,,-0.03758608683457115,,-0.03513614670371897,,-0.026397637300213543,,-1.0
lewidi_md,gemma,37,GPP-cosine,0,1024,0.7322463603476091,0.14186510118681298,0.29023079085520787,0.28913106538243444,0.6545632973503435,0.6545632973503435,0.5081678628921509,0.0034257136285305023,0.07523429881713264,0.0874739844636212,0.07523429881713264,0.0874739844636212,0.06457754281968095,0.08875327316971318,0.07250663622012408,0.08846281450154991,0.06457754281968095,0.08875327316971318,0.07250663477002095,0.08846281455868697,0.07653004480925207,0.13983112649151716,0.5
lewidi_md,gemma,37,GPP-rbf,0,1024,0.6762611033980553,0.12442613514252206,0.26660269980446344,0.28044705205498593,0.6859666339548577,0.6859666339548577,0.44962188601493835,0.04819098114967346,0.1248292751701691,0.1520084802734991,0.12482927517016909,0.1520084802734991,0.11778574311886546,0.15182042901049514,0.12354115218079462,0.15299301993047976,0.11778574311886544,0.15182042901049514,0.1235411498225889,0.1529930200610185,0.10452306661403153,0.18683044172796517,1.0
lewidi_md,gemma,37,GPP-laplace,0,1024,0.6623486934155937,0.12000597489304021,0.25931096976733525,0.2727082756686572,0.6961072947333987,0.6961072947333987,0.3701663017272949,0.12405290454626083,0.18568378838301264,0.1984848643921507,0.18568378838301264,0.19848486439215074,0.17386562755782098,0.19055685964860525,0.18335961620103566,0.19743235080930943,0.17386562755782098,0.19055685964860528,0.18335961297628225,0.19743234946006333,0.1650176259097642,0.19462103054947055,1.0
lewidi_md,gemma,37,LPE,0,1024,0.6790924567096126,0.1291692637163432,0.27611451059806663,0.28701255757451183,0.6588158325155381,0.6588158325155381,0.4833858907222748,0.044549088925123215,0.08898078696441886,0.1322805820961196,0.08898078696441886,0.13228058209611956,0.0852756886807958,0.13455860213608867,0.08846299800501278,0.13388044189997642,0.08527568868079581,0.1345586021360887,0.08846299600579845,0.13388044184382764,0.07448012164590546,0.16756872688921204,1.0
lewidi_md,gemma,37,LP-temp,0,1024,0.6462740362661498,0.12694003248889416,0.2781890144264202,0.306560458838422,0.6578344782466471,0.6578344782466471,0.6032112234410354,,0.11492335602846883,,0.11492335602846881,,0.11054503754312887,,0.11437847373910139,,0.11054503754312887,,0.1143784719556998,,0.12384385225991748,,1.0
lewidi_md,gemma,37,GPP-cosine,1,16,0.6922163017885907,0.14772368386179907,0.3111975084838546,0.32086858505404514,0.5933922145894668,0.5933922145894668,0.5804815888404846,0.04784216731786728,-0.045577625606598254,0.10977757088578977,-0.045577625606598254,0.10977757088578977,-0.04735405585171035,0.10777332377828558,-0.04643062398825662,0.1099199462201691,-0.047354055851710354,0.10777332377828558,-0.046430624008265246,0.10991994592629657,-0.03984227228102733,0.11156606855729397,-1.0
lewidi_md,gemma,37,GPP-rbf,1,16,0.6872896416130806,0.13896961246185027,0.29304542558406027,0.3044043774263304,0.643114164213281,0.643114164213281,0.43997493386268616,0.13998208940029144,0.04553418896427125,0.13227569444309326,0.04553418896427124,0.13227569444309326,0.041430027487079336,0.12955268021800825,0.044597193508224664,0.13235350864760595,0.04143002748707934,0.12955268021800828,0.044597193362247135,0.13235350849603067,0.03024877120736528,0.12366534862229171,0.5
lewidi_md,gemma,37,GPP-laplace,1,16,0.659994847370557,0.13349779017485833,0.28600236873599705,0.30681260604877975,0.6666666666666666,0.6666666666666666,0.4065280556678772,0.20121806859970093,0.10887065598315028,0.1356601180150228,0.10887065598315027,0.13566011801502278,0.10369858737231993,0.13081232247077043,0.10804272278213385,0.13511447212847272,0.10369858737231993,0.13081232247077043,0.10804272253982236,0.13511447174022434,0.09707302997697928,0.13410293062293174,1.0
lewidi_md,gemma,37,LPE,1,16,0.7881198310774236,0.15416121205576153,0.3052416164200744,0.3011583531439342,0.6319921491658489,0.6319921491658489,0.3381673991680145,0.15397165715694427,0.026059710271829743,0.031229136714501293,0.026059710271829736,0.031229136714501272,0.020171377730026172,0.02521527610712856,0.02444625524479463,0.029612906559477157,0.02017137773002617,0.025215276107128565,0.024446255620053307,0.029612906250492937,0.028034562559282394,0.029865896894513282,0.5
lewidi_md,gemma,37,LP-temp,1,16,0.7025878978446378,0.14958230025001001,0.31308312318728987,0.32258341410621827,0.5960091593065097,0.5960091593065097,0.6160714321495443,,-0.009411343425376306,,-0.009411343425376306,,-0.013228249977462775,,-0.01063747819408545,,-0.013228249977462778,,-0.010637478015542889,,0.00014831528325337387,,-0.5
lewidi_md,gemma,37,GPP-cosine,1,64,0.9425871969527476,0.19184477765196173,0.35192370076656054,0.3211689006501561,0.5937193326790972,0.5937193326790972,0.4954749643802643,0.019471293315291405,-0.09920359377494864,0.06994468989794345,-0.09920359377494863,0.06994468989794345,-0.09542968463022702,0.06855726988211422,-0.09873492368066548,0.07000180040044268,-0.09542968463022701,0.06855726988211422,-0.09873492371768386,0.07000180001989853,-0.07050660405778593,0.04305006936402226,-1.0
lewidi_md,gemma,37,GPP-rbf,1,64,0.7180190534600948,0.15447640086618497,0.31800380740241607,0.31692447800464774,0.5701668302257115,0.5701668302257115,0.5050832629203796,0.10544411092996597,-0.04649767887848166,0.12070455286072765,-0.04649767887848165,0.12070455286072763,-0.046088944615838706,0.11831590071629444,-0.04669195092849915,0.1208048252732654,-0.046088944615838706,0.11831590071629444,-0.04669195080420633,0.12080482493982656,-0.043357503410137936,0.11139094591606798,-1.0
lewidi_md,gemma,37,GPP-laplace,1,64,0.6784393253466465,0.14169497121041572,0.3003278967160043,0.3200124561145551,0.6280667320902846,0.6280667320902846,0.4391835033893585,0.18778656423091888,0.05597244670147347,0.12422921424862166,0.05597244670147347,0.12422921424862166,0.051550807571231094,0.11971143022266677,0.05501036755757631,0.12370566362457354,0.0515508075712311,0.11971143022266677,0.05501036733280739,0.12370566319192985,0.03191292009449869,0.11853033895474344,1.0
lewidi_md,gemma,37,LPE,1,64,0.8572324231355013,0.1811575445277055,0.343381610177906,0.31366246699237693,0.5561007523716062,0.5561007523716062,0.34087303280830383,0.1831081509590149,-0.05622288197567226,0.04508151282621567,-0.056222881975672254,0.04508151282621567,-0.05798034920335331,0.05096580951203508,-0.057143065093755024,0.047181297043947114,-0.057980349203353314,0.05096580951203508,-0.05714306531064485,0.04718129650999281,-0.04798726092014413,0.04741470261052953,-1.0
lewidi_md,gemma,37,LP-temp,1,64,0.6921748825410041,0.15493901562133067,0.32780606156611247,0.35564517380727606,0.5498855086686294,0.5498855086686294,0.6928920736351171,,-0.09029111565637846,,-0.09029111565637846,,-0.09062483363958931,,-0.09101147806028176,,-0.09062483363958933,,-0.09101147775460934,,-0.05241435967593459,,-1.0
lewidi_md,gemma,37,GPP-cosine,1,256,0.8021340963583521,0.1598804878032389,0.31614741602328245,0.32122425256903203,0.624795551193981,0.624795551193981,0.5313204526901245,0.010280262678861618,-0.03766453080104986,0.07674797269244944,-0.03766453080104987,0.07674797269244944,-0.04347560461789759,0.08087146926890298,-0.03969119905265303,0.07852889805946607,-0.04347560461789758,0.080871469268903,-0.039691199760523335,0.07852889770291188,-0.041003957729303236,0.10402653981684011,-1.0
lewidi_md,gemma,37,GPP-rbf,1,256,0.6863761072642006,0.12943693969095726,0.27387584390133646,0.2852020937640954,0.6741903827281649,0.6741903827281649,0.4439948499202728,0.06988870352506638,0.09184284840044737,0.15442002662325455,0.09184284840044736,0.15442002662325452,0.07724350798034978,0.15115670043526644,0.088029126375934,0.1544851659796644,0.07724350798034978,0.15115670043526644,0.0880291245021382,0.15448516574459908,0.06600011424083528,0.17678265014865108,0.5
lewidi_md,gemma,37,GPP-laplace,1,256,0.6887874288359158,0.13093077993102772,0.2757719024256637,0.27802626993633517,0.6709192018318613,0.6709192018318613,0.3696475923061371,0.14199715852737427,0.1439827489527637,0.18106524228090443,0.1439827489527637,0.18106524228090443,0.12866697395225887,0.16999231676311566,0.14030832188704445,0.17893622198796905,0.1286669739522589,0.16999231676311566,0.1403083202373623,0.17893622089878894,0.12051539182851952,0.17267384287289256,0.5
lewidi_md,gemma,37,LPE,1,256,0.746143184708265,0.1343476912065933,0.2781956277465888,0.2831374452122217,0.6620870134118417,0.6620870134118417,0.2985004484653473,0.17745845019817352,0.01419298266559425,0.15967156726673395,0.014192982665594241,0.15967156726673393,0.0047483282429348975,0.15276803088546814,0.011415871401879362,0.15866483776929768,0.0047483282429348905,0.15276803088546814,0.011415870014623053,0.15866483681234472,0.008944268831120337,0.17655981797602832,0.5
lewidi_md,gemma,37,LP-temp,1,256,0.6718364433551872,0.144884639061996,0.310577558014549,0.3432604769525336,0.6542361792607131,0.6542361792607131,0.6711918196620114,,-0.022353865663854305,,-0.02235386566385431,,-0.023068899480547127,,-0.022724678092635058,,-0.023068899480547134,,-0.02272467892721642,,0.003909773613339675,,-1.0
lewidi_md,gemma,37,GPP-cosine,1,1024,0.736995697516428,0.14968476743387785,0.3064617599582503,0.3141422375241339,0.6336277396140007,0.6336277396140007,0.5605659484863281,0.003869449719786644,0.007900682095904799,0.0862705711341755,0.007900682095904797,0.0862705711341755,0.00031858667491123024,0.0851346133074392,0.00564729755217459,0.08651609888724279,0.0003185866749112233,0.0851346133074392,0.005647296881741938,0.08651609907230223,0.017868695336650482,0.12264876579627741,-0.5
lewidi_md,gemma,37,GPP-rbf,1,1024,0.6736035825641628,0.1244499626331164,0.2671978534280411,0.28327104742576736,0.6833496892378148,0.6833496892378148,0.46050184965133667,0.05226556956768036,0.1110563161503323,0.14618424380506037,0.1110563161503323,0.14618424380506034,0.1000890249216938,0.1433510441598611,0.10847964713512206,0.1463238447383394,0.1000890249216938,0.1433510441598611,0.10847964479627749,0.14632384467576762,0.0882323709264848,0.18677210170050568,0.5
lewidi_md,gemma,37,GPP-laplace,1,1024,0.6578541698329419,0.1200014199057891,0.2612016924772048,0.2735681683807415,0.6781157998037292,0.6781157998037292,0.37453901767730713,0.12669076025485992,0.17942115188433272,0.1944657135983344,0.17942115188433272,0.19446571359833437,0.16823285405227906,0.18604579019214768,0.17724575167518816,0.19323594500541785,0.16823285405227906,0.18604579019214768,0.17724574896998604,0.1932359436522199,0.15515868184869663,0.19294735819767084,1.0
lewidi_md,gemma,37,LPE,1,1024,0.6817452353216731,0.13023220854654882,0.2780417936315896,0.2873045546572856,0.6601243048740595,0.6601243048740595,0.47285738587379456,0.04889940097928047,0.08058237590725514,0.1418602190104079,0.08058237590725514,0.1418602190104079,0.07382855398629656,0.13988098370007657,0.07907918256303548,0.14223008083187658,0.07382855398629656,0.13988098370007662,0.07907918011070478,0.14223008035134985,0.06324366193180331,0.17191920660537102,1.0
lewidi_md,gemma,37,LP-temp,1,1024,0.651242166445067,0.12818613885551894,0.28040768001382077,0.30820255775426986,0.6575073601570167,0.6575073601570167,0.6009521143755162,,0.1013964916344597,,0.10139649163445971,,0.09467170482245207,,0.10004478175466494,,0.09467170482245207,,0.10004477971864065,,0.10374576642091692,,1.0
lewidi_md,gemma,37,GPP-cosine,2,16,0.9707604972647951,0.18006744815665812,0.3333023058239746,0.33347598257968786,0.6323192672554793,0.6323192672554793,0.44725364446640015,0.031898826360702515,-0.0885199469194873,0.07467210658457152,-0.08851994691948731,0.07467210658457152,-0.08818197671472255,0.06674716324559815,-0.08902374961523354,0.0727719894818096,-0.08818197671472257,0.06674716324559815,-0.08902374952508599,0.07277198918589446,-0.09954032244664952,0.04440203584567467,-1.0
lewidi_md,gemma,37,GPP-rbf,2,16,0.7147358340209627,0.1456604012786059,0.29768722917364243,0.2826118778571651,0.662414131501472,0.662414131501472,0.4723144471645355,0.05940242484211922,-0.11900881708349728,0.0942303950696258,-0.11900881708349725,0.0942303950696258,-0.11023026947791333,0.09579727222877346,-0.11715277060478888,0.09535305383780102,-0.11023026947791333,0.09579727222877348,-0.11715276959370177,0.09535305397694888,-0.12532120688420306,0.08702701929223797,-1.0
lewidi_md,gemma,37,GPP-laplace,2,16,0.7130686061713775,0.14321253365886763,0.2932044007578706,0.2865449475704139,0.6663395485770363,0.6663395485770363,0.36184147000312805,0.1671566516160965,0.05032400250180149,0.09637133156261131,0.050324002501801496,0.09637133156261132,0.05726175872291634,0.09787820338650047,0.05278032477924645,0.09749040097910878,0.057261758722916355,0.09787820338650047,0.05278032553505464,0.0974904010827445,0.06788029995654488,0.08816944868397177,1.0
lewidi_md,gemma,37,LPE,2,16,0.885296322560098,0.17182137985751864,0.3196317376082612,0.3048171669118572,0.6653581943081452,0.6653581943081452,0.2895487844944,0.12926028668880463,-0.07260570107628002,-0.04322722286502938,-0.07260570107628,-0.04322722286502938,-0.06622328536069086,-0.033186695343741676,-0.07116087415687328,-0.040467746428323584,-0.06622328536069087,-0.033186695343741676,-0.07116087338391074,-0.04046774592528955,-0.06824832989721831,-0.039957477602296385,-1.0
lewidi_md,gemma,37,LP-temp,2,16,0.6797061825031513,0.14943870299973913,0.3175565254144639,0.3500605696995178,0.6326463853451095,0.6326463853451095,0.6860399176368855,,-0.03392826607399702,,-0.03392826607399702,,-0.033012065556165246,,-0.033881953218274474,,-0.033012065556165246,,-0.03388195266581652,,-0.049680197301185426,,-1.0
lewidi_md,gemma,37,GPP-cosine,2,64,0.7776308263163855,0.1591117340383639,0.3167909516847189,0.31375374390481153,0.6274124959110239,0.6274124959110239,0.5363868474960327,0.025080589577555656,-0.047252070746325474,0.09138786332523913,-0.047252070746325474,0.09138786332523913,-0.05058837750059639,0.08391865123948151,-0.04859127671330418,0.0897410025740665,-0.0505883775005964,0.0839186512394815,-0.048591277139386733,0.0897410018736147,-0.018248751400031793,0.08962614814710802,-1.0
lewidi_md,gemma,37,GPP-rbf,2,64,0.6786358946867559,0.13553386993972483,0.2868729664853935,0.2961098383197134,0.6368989205103042,0.6368989205103042,0.47366994619369507,0.0942005142569542,0.06896552595682012,0.14165099925380598,0.06896552595682014,0.14165099925380598,0.06033508778727563,0.13715179961964868,0.06681158959789196,0.14125250261483402,0.06033508778727563,0.13715179961964874,0.06681158803006836,0.14125250211452456,0.05077093293837289,0.1387370525246325,0.5
lewidi_md,gemma,37,GPP-laplace,2,64,0.6549260814015095,0.13222294830162112,0.28551826006277425,0.31186195392388205,0.6526005888125613,0.6526005888125613,0.4348612427711487,0.18059226870536804,0.10793851320827018,0.14444430092060964,0.10793851320827016,0.14444430092060961,0.10242708078855377,0.13970972338377455,0.10700090988281294,0.1439933130392737,0.10242708078855378,0.13970972338377458,0.10700090817431987,0.14399331202212773,0.08880384734896256,0.14565191841422334,1.0
lewidi_md,gemma,37,LPE,2,64,0.7911938895721282,0.15227529598981435,0.30038775735002277,0.2873877400535078,0.6404972194962382,0.6404972194962382,0.32350432872772217,0.1389438509941101,0.06921072815160999,0.10947949578009095,0.06921072815160999,0.10947949578009095,0.056980208147336536,0.10658727405607708,0.06596282526864981,0.10934958257261804,0.056980208147336536,0.10658727405607708,0.06596282390639409,0.10934958216291155,0.05805996912988623,0.1227186614037799,0.5
lewidi_md,gemma,37,LP-temp,2,64,0.6819031386392714,0.14406381814161917,0.30514725505299706,0.3267771636065018,0.6228328426561989,0.6228328426561989,0.6315881832929499,,0.005493050432696791,,0.0054930504326967935,,-0.0004981260822862878,,0.00370734489877245,,-0.0004981260822862887,,0.003707344129511401,,0.02575934617759282,,-0.5
lewidi_md,gemma,37,GPP-cosine,2,256,0.8425577577189423,0.1558485358564235,0.30275312768857826,0.2916737347847228,0.6470395812888453,0.6470395812888453,0.4514062702655792,0.010271906852722168,0.052288635866433134,0.07048963445876952,0.05228863586643313,0.07048963445876952,0.04814847983516363,0.07351284053122173,0.05138697660272965,0.0718928072631779,0.04814847983516363,0.07351284053122176,0.05138697542165513,0.07189280663585725,0.06671713013824793,0.13946444562324098,1.0
lewidi_md,gemma,37,GPP-rbf,2,256,0.7004169324819287,0.1307344330448381,0.2743489555838601,0.28315960580136273,0.6745175008177953,0.6745175008177953,0.4231517016887665,0.073044054210186,0.09844721615912672,0.1482310031265499,0.09844721615912672,0.1482310031265499,0.09134584532259551,0.14639144179317798,0.09696068440801901,0.14868703462261312,0.09134584532259551,0.14639144179317798,0.09696068164784509,0.14868703417582396,0.08246696205384488,0.16564505484260722,1.0
lewidi_md,gemma,37,GPP-laplace,2,256,0.7081803673495756,0.13407536020643512,0.2787230244995664,0.27969328536315347,0.6699378475629703,0.6699378475629703,0.34975001215934753,0.13716764748096466,0.1206964592417937,0.1587899592953438,0.1206964592417937,0.15878995929534384,0.1130177327570287,0.15324871451464578,0.11918669778086434,0.1581917869076583,0.1130177327570287,0.15324871451464578,0.11918669529568042,0.1581917856171228,0.10687143438115522,0.15267251947225344,1.0
lewidi_md,gemma,37,LPE,2,256,0.7440584468368137,0.13909874991546392,0.2833753598502153,0.2842020241847213,0.6653581943081452,0.6653581943081452,0.2771526277065277,0.1927642971277237,0.0014849928148228109,0.14024627418945373,0.001484992814822816,0.14024627418945373,-0.004497572595363039,0.13566111070077852,-0.00032556074087009,0.13981198824955599,-0.00449757259536304,0.13566111070077852,-0.00032556277200846556,0.13981198744614912,0.004030596221588211,0.1512611445542416,-0.5
lewidi_md,gemma,37,LP-temp,2,256,0.6712377991819383,0.14423195522097043,0.30838200183399683,0.3414935888936101,0.6535819430814525,0.6535819430814525,0.6676974329486034,,-0.01090253317240659,,-0.010902533172406581,,-0.013186799272252244,,-0.011672444644990922,,-0.013186799272252239,,-0.011672445671756288,,0.00017678516397877494,,-1.0
lewidi_md,gemma,37,GPP-cosine,2,1024,0.7298283724283876,0.1432894211987479,0.2950604353732651,0.3142926564366452,0.6666666666666666,0.6666666666666666,0.5494142770767212,0.00320251751691103,0.021017012046386535,0.09962273006000974,0.021017012046386535,0.09962273006000975,0.01877272283128931,0.10062306717927649,0.020478023722333226,0.10060992402682423,0.01877272283128931,0.10062306717927652,0.02047802182093565,0.1006099233420523,0.02819587966776093,0.13972755783592553,0.5
lewidi_md,gemma,37,GPP-rbf,2,1024,0.658073590504975,0.12280151746955864,0.2661239657856312,0.29154716484148707,0.6961072947333987,0.6961072947333987,0.48309582471847534,0.05055030807852745,0.0799079684739708,0.1565705113814121,0.0799079684739708,0.1565705113814121,0.07277150458698475,0.15441558075935194,0.07828370011091357,0.15698771733143477,0.07277150458698475,0.15441558075935194,0.0782836973625912,0.1569877169425752,0.06079056187970076,0.17182858803764767,1.0
lewidi_md,gemma,37,GPP-laplace,2,1024,0.6438948544366756,0.11737570725965134,0.25771224709785345,0.27617151946036966,0.6928361138370952,0.6928361138370952,0.39036864042282104,0.12764038145542145,0.17318617742303155,0.2054986828379997,0.17318617742303155,0.2054986828379997,0.16351229814873067,0.1966201363633142,0.17142894393405023,0.20420495021751783,0.1635122981487307,0.19662013636331424,0.17142894064120695,0.20420494844451761,0.1464798150257748,0.2024347764357034,1.0
lewidi_md,gemma,37,LPE,2,1024,0.6537253874750584,0.1251384585314769,0.27407311411674407,0.2988903708208894,0.6754988550866863,0.6754988550866863,0.5169569253921509,0.046068765223026276,0.060507964793113836,0.1358801426536028,0.06050796479311382,0.1358801426536028,0.052370216545701447,0.13333915188955658,0.058446010586464994,0.13603805641551786,0.05237021654570145,0.13333915188955658,0.058446007856320856,0.13603805587696496,0.028047334212185138,0.1507510454908732,0.5
lewidi_md,gemma,37,LP-temp,2,1024,0.6381759210415608,0.12929636242341316,0.2838667250756207,0.326696440238618,0.6728819103696434,0.6728819103696434,0.6475558529770793,,0.09164133405926408,,0.09164133405926408,,0.08273299249306271,,0.08955822653906532,,0.08273299249306271,,0.08955822419101633,,0.08647603140849257,,0.5
lewidi_md,gemma,37,GPP-cosine,3,16,0.7390766053811282,0.15239209542517915,0.3099389619914455,0.3006799957944316,0.628393850179915,0.628393850179915,0.5087416172027588,0.04290798306465149,-0.040553043198870264,0.0955118751655659,-0.04055304319887026,0.0955118751655659,-0.04149674669741999,0.09031675661580427,-0.04111817462024056,0.09458537422748414,-0.04149674669742,0.09031675661580427,-0.0411181745827517,0.09458537353930403,-0.02930150215251572,0.10649278272016252,-1.0
lewidi_md,gemma,37,GPP-rbf,3,16,0.678423360248271,0.1345110376118246,0.2849519238092851,0.2944313445299349,0.6490022898266274,0.6490022898266274,0.42845073342323303,0.1311291754245758,0.08939303472054824,0.1378399435444681,0.08939303472054823,0.13783994354446813,0.08107192577067297,0.13345995674413963,0.0874732368238946,0.13745160948288743,0.08107192577067299,0.13345995674413969,0.08747323525545367,0.13745160887984115,0.06984678088834959,0.13724376271312028,0.5
lewidi_md,gemma,37,GPP-laplace,3,16,0.668924485586823,0.13456004943835295,0.28636626293227724,0.3013928863911671,0.6630683676807327,0.6630683676807327,0.3943448066711426,0.19118206202983856,0.11190445812613425,0.1287781601063982,0.11190445812613425,0.12877816010639817,0.10636836612502765,0.1238787676450135,0.11098653002351967,0.12816964660513752,0.10636836612502765,0.1238787676450135,0.11098652852478325,0.12816964558272187,0.09749480432156224,0.12674087307566878,1.0
lewidi_md,gemma,37,LPE,3,16,0.7771483383037134,0.14902893193742628,0.2954032208742257,0.2885362750781462,0.6516192345436702,0.6516192345436702,0.30034470558166504,0.14872847497463226,0.06361046092416751,0.060524712276082054,0.06361046092416751,0.06052471227608205,0.060295571623786126,0.06396178107415935,0.06303755560723237,0.06198554649588052,0.060295571623786126,0.06396178107415935,0.06303755419952212,0.06198554556864341,0.06114192576906219,0.0638330707809867,1.0
lewidi_md,gemma,37,LP-temp,3,16,0.66512734789295,0.14344520336205918,0.30865368773597257,0.34721703764081485,0.6319921491658489,0.6319921491658489,0.6829678059447178,,0.027436969832579056,,0.027436969832579056,,0.02369577559241578,,0.026486412607609925,,0.023695775592415782,,0.026486411554842503,,0.030169799684420472,,0.5
lewidi_md,gemma,37,GPP-cosine,3,64,1.0146122507928088,0.20974202592809812,0.3690483756826309,0.2953938621954631,0.5528295714753025,0.5528295714753025,0.4162563979625702,0.02085542306303978,-0.06935839647344494,0.04516030177807211,-0.06935839647344495,0.04516030177807211,-0.07188820468704052,0.041205548594414054,-0.07060365603866728,0.04426621477344214,-0.07188820468704052,0.041205548594414054,-0.07060365574410925,0.04426621504183786,-0.0384384168404362,0.09092121641244919,-1.0
lewidi_md,gemma,37,GPP-rbf,3,64,0.7643353770910295,0.14748886945955733,0.2913246306042818,0.2813920398703668,0.6548904154399738,0.6548904154399738,0.36747804284095764,0.09691495448350906,0.10268817231081634,0.14531585557586757,0.10268817231081635,0.14531585557586757,0.09583919740051722,0.14284554473096342,0.10130751946309827,0.14555994650324103,0.09583919740051723,0.14284554473096345,0.10130751788067677,0.145559946070733,0.09974625045882372,0.1436878439965346,1.0
lewidi_md,gemma,37,GPP-laplace,3,64,0.7611694507968361,0.14717460875096608,0.29158397282494763,0.28456723635218556,0.6656853123977756,0.6656853123977756,0.32436472177505493,0.14690746366977692,0.13616437748130789,0.14433654060744244,0.13616437748130786,0.14433654060744244,0.13091865252078067,0.13902471130942687,0.13550108184741072,0.14370913371100513,0.13091865252078067,0.1390247113094269,0.13550108065173258,0.14370913290985676,0.13935008409610972,0.14204747808169652,1.0
lewidi_md,gemma,37,LPE,3,64,0.8417965011699099,0.15393646968363145,0.29456148019099543,0.28212885883792405,0.6637226038599935,0.6637226038599935,0.24301587045192719,0.15757164359092712,0.06166520440028035,0.13069409631538134,0.061665204400280345,0.13069409631538134,0.05446968154544492,0.12774658127029864,0.05989793756404076,0.1306927467753576,0.05446968154544491,0.12774658127029864,0.05989793557191711,0.13069274582411972,0.06078337158454659,0.13514751245162668,0.5
lewidi_md,gemma,37,LP-temp,3,64,0.6605964778243875,0.13920373205863687,0.30018852531196016,0.3345335993074129,0.6483480536473667,0.6483480536473667,0.6579627381574102,,-0.00247905180308528,,-0.00247905180308528,,-0.006211890274960188,,-0.0036320917448195277,,-0.006211890274960181,,-0.003632092034152788,,0.039863070618349636,,-0.5
lewidi_md,gemma,37,GPP-cosine,3,256,0.8351429064070197,0.15952846450045657,0.31328596875438547,0.33001423912011657,0.6581615963362774,0.6581615963362774,0.5204095840454102,0.009194852784276009,-0.05712129334478648,0.055372340308188446,-0.05712129334478648,0.05537234030818845,-0.0564134204295003,0.06004445145717116,-0.05729733330768581,0.05717373552285537,-0.056413420429500316,0.06004445145717115,-0.05729733354830232,0.057173735096027745,-0.03634329388853484,0.102488997756349,-1.0
lewidi_md,gemma,37,GPP-rbf,3,256,0.6821797736835663,0.13223297234259435,0.28175757802407614,0.3004438307076261,0.6640497219496239,0.6640497219496239,0.48266616463661194,0.06829003244638443,0.020266407314556832,0.13429811596974983,0.020266407314556836,0.1342981159697498,0.01512928871669721,0.13367718654080835,0.01884187266267103,0.13502953795319814,0.015129288716697211,0.13367718654080832,0.018841871231572077,0.13502953756098698,0.012160685061088545,0.1492387239945388,0.5
lewidi_md,gemma,37,GPP-laplace,3,256,0.6633721301852343,0.1288356992551263,0.2771134314366114,0.2962059407690122,0.676153091265947,0.676153091265947,0.4091092050075531,0.15423613786697388,0.08300973515421874,0.14590362757801897,0.08300973515421874,0.14590362757801895,0.07780933284388845,0.14092209782047938,0.08199594430878218,0.1453874837019148,0.07780933284388847,0.1409220978204794,0.08199594226685916,0.14538748245089567,0.058063997557963334,0.14064880606471078,1.0
lewidi_md,gemma,37,LPE,3,256,0.726444905069275,0.13710000771844677,0.28461476057736523,0.2910729713559106,0.6558717697088648,0.6558717697088648,0.31984469294548035,0.18365325033664703,-0.013534990202530083,0.14856629077734657,-0.01353499020253009,0.14856629077734657,-0.019621870535937475,0.1403232554193526,-0.015480228478473593,0.14707579025404144,-0.019621870535937478,0.1403232554193526,-0.015480229382690147,0.14707578948331212,-0.020715669870318143,0.16905416320761138,-0.5
lewidi_md,gemma,37,LP-temp,3,256,0.6803329189899477,0.14855602689252537,0.31708794217288006,0.3513978778541616,0.6561988877984952,0.6561988877984952,0.6840534228078782,,0.008691939304766298,,0.008691939304766295,,0.0032744366495634216,,0.007102748551704767,,0.003274436649563419,,0.007102748476770756,,0.02877235826003565,,0.5
lewidi_md,gemma,37,GPP-cosine,3,1024,0.7373543435976384,0.15027460059642733,0.30781143386956517,0.3150052487279145,0.62381419692509,0.62381419692509,0.5714934468269348,0.0036052153445780277,0.00981115511249735,0.11383069060360079,0.009811155112497338,0.11383069060360076,7.25633190642146e-05,0.11094248895726128,0.006914556799801478,0.11373182123309232,7.256331906421026e-05,0.11094248895726128,0.006914555490717102,0.11373182060970659,0.026748551416460754,0.12259388314178761,-0.5
lewidi_md,gemma,37,GPP-rbf,3,1024,0.6479510307390772,0.11929338026193156,0.263276593719518,0.2844826856896128,0.6830225711481845,0.6830225711481845,0.47296860814094543,0.05174083262681961,0.10892385775145487,0.1530785097597177,0.10892385775145487,0.15307850975971768,0.09302840249891733,0.14835863984560366,0.10483273938765489,0.15269117145715036,0.09302840249891735,0.14835863984560368,0.10483273611728952,0.15269117099367407,0.0854383996123409,0.1817806966851264,0.5
lewidi_md,gemma,37,GPP-laplace,3,1024,0.6542135294410651,0.11920987308736913,0.26022038648120077,0.2761710717306726,0.6915276414785738,0.6915276414785738,0.377254843711853,0.12802794575691223,0.18248940371477262,0.18775811428934108,0.1824894037147726,0.18775811428934108,0.1675958326272323,0.17854650095393718,0.1792073704977219,0.1862414335137439,0.16759583262723232,0.1785465009539372,0.17920736669542933,0.18624143164416612,0.15575296156967508,0.18391003347446278,1.0
lewidi_md,gemma,37,LPE,3,1024,0.6527009766490485,0.12396434189719516,0.2713050754472607,0.286040377893778,0.6627412495911024,0.6627412495911024,0.4990818202495575,0.04347101226449013,0.10839678809738199,0.14833850849651886,0.10839678809738197,0.14833850849651886,0.09248911757960299,0.14340165947123512,0.10429833994041926,0.14785264988202051,0.09248911757960299,0.14340165947123515,0.10429833746285129,0.14785264943270354,0.07691358556716794,0.16653565027057537,0.5
lewidi_md,gemma,37,LP-temp,3,1024,0.6304460085849415,0.12505201340017796,0.2780685118138333,0.3167865507762713,0.6630683676807327,0.6630683676807327,0.630292718647198,,0.13962884056061314,,0.13962884056061314,,0.12357437559099795,,0.13569976201768266,,0.12357437559099796,,0.13569975987619984,,0.1397787280721943,,0.5
lewidi_md,gemma,37,GPP-cosine,4,16,0.8534596668218511,0.17410204383285907,0.3264813413578465,0.28178158624360294,0.6035328753680078,0.6035328753680078,0.3811185359954834,0.040013886988162994,0.10269644999618721,0.1013588493457695,0.10269644999618721,0.1013588493457695,0.0995131383573492,0.10019602288304982,0.10243145988460438,0.10169960553716503,0.0995131383573492,0.10019602288304982,0.10243146040231077,0.10169960538457944,0.12167270459545022,0.157309218341409,1.0
lewidi_md,gemma,37,GPP-rbf,4,16,0.7653983915477426,0.1468474938889182,0.29045304551944234,0.2770399572157452,0.6555446516192346,0.6555446516192346,0.3448302149772644,0.12035547941923141,0.18821488106776357,0.15301009036740304,0.18821488106776357,0.153010090367403,0.17716914284946406,0.14816191303863777,0.18614313409688454,0.15258323415092034,0.17716914284946406,0.1481619130386378,0.18614313309935399,0.15258323375658653,0.16976106808427902,0.16184781315308064,1.0
lewidi_md,gemma,37,GPP-laplace,4,16,0.740652428930935,0.1452649110423179,0.29121964457720556,0.2867660359280723,0.666993784756297,0.666993784756297,0.3320986032485962,0.16623848676681519,0.15876152438160263,0.1490228010342627,0.15876152438160263,0.14902280103426266,0.15173286531079466,0.14345901660829513,0.15771047824661155,0.14835083094729712,0.15173286531079466,0.14345901660829513,0.1577104774377845,0.14835083036836996,0.15240574188334008,0.14521515807498486,1.0
lewidi_md,gemma,37,LPE,4,16,1.0228027471068513,0.18184967587566503,0.31507100426237833,0.2807294828809478,0.6552175335296042,0.6552175335296042,0.23392237722873688,0.057006411254405975,0.14019798742250342,0.10765261179110872,0.1401979874225034,0.10765261179110872,0.12779750814270666,0.10096481438113146,0.13738486151337945,0.10635503478202771,0.12779750814270666,0.10096481438113146,0.13738486083310003,0.10635503435839477,0.13910592905705807,0.1406512645263217,1.0
lewidi_md,gemma,37,LP-temp,4,16,0.7073475837831568,0.14084565404114305,0.291443643358526,0.2849435252525519,0.6457311089303238,0.6457311089303238,0.5328937502747507,,0.13839460025351263,,0.13839460025351263,,0.12468106188651065,,0.13516949935365416,,0.12468106188651067,,0.13516949853165744,,0.1390207915651606,,0.5
lewidi_md,gemma,37,GPP-cosine,4,64,0.7643850114252215,0.1603299683779742,0.32234486314120175,0.3298097427517483,0.6359175662414132,0.6359175662414132,0.5661717057228088,0.024212878197431564,-0.075711563355576,0.08630607997781406,-0.07571156335557601,0.08630607997781406,-0.0709568401570373,0.09059448687489727,-0.07478339314724075,0.08820269935488402,-0.07095684015703732,0.09059448687489727,-0.07478339285592084,0.08820269949466363,-0.06765925224967631,0.08663938920203926,-1.0
lewidi_md,gemma,37,GPP-rbf,4,64,0.6803620030172634,0.1387138441714034,0.2923559675954031,0.3078096093474943,0.6336277396140007,0.6336277396140007,0.4867047071456909,0.10962198674678802,0.016252212508425484,0.13396350625883865,0.016252212508425474,0.13396350625883865,0.012453551157210144,0.13067177426768056,0.015207512440255708,0.13387980440843403,0.01245355115721014,0.13067177426768056,0.015207511866428769,0.13387980394296828,0.01809443030022969,0.10885693428341695,0.5
lewidi_md,gemma,37,GPP-laplace,4,64,0.671277988423415,0.13617011857321223,0.28874755318931283,0.3061475294093042,0.6571802420673863,0.6571802420673863,0.41750794649124146,0.18211105465888977,0.08757348231229685,0.12695120957567152,0.08757348231229684,0.12695120957567152,0.08310962968519849,0.12276118261854016,0.08681512967430487,0.12654606321723993,0.0831096296851985,0.12276118261854017,0.08681512869829797,0.12654606229479243,0.08867576574796904,0.12614273269706783,1.0
lewidi_md,gemma,37,LPE,4,64,0.774405472624944,0.1562293551711265,0.3099296086667926,0.30027553215793157,0.6208701341184167,0.6208701341184167,0.3194787800312042,0.20490454137325287,-0.00687306089527184,0.1029151261141554,-0.006873060895271833,0.1029151261141554,-0.009625558191952236,0.10352186789256783,-0.007757858117213193,0.10380509750867334,-0.009625558191952233,0.10352186789256784,-0.007757858226315932,0.1038050971578034,-0.011948875555835674,0.09797697519945794,-0.5
lewidi_md,gemma,37,LP-temp,4,64,0.6890342400434669,0.15364809561043052,0.32574833494716593,0.35508688202886074,0.6104023552502453,0.6104023552502453,0.6923337818567017,,-0.02866085984347755,,-0.02866085984347755,,-0.02930804141614876,,-0.029054246351042083,,-0.029308041416148765,,-0.029054246045126846,,-0.020957759097863547,,-1.0
lewidi_md,gemma,37,GPP-cosine,4,256,0.809486834200825,0.16378739364845032,0.3188944749294664,0.3042720739949697,0.6120379456983971,0.6120379456983971,0.5208554267883301,0.011598446406424046,-0.013258203826405529,0.11900674422491549,-0.013258203826405517,0.11900674422491549,-0.01072738866853773,0.11887664789909938,-0.012578840329438064,0.11978274859255997,-0.010727388668537731,0.11887664789909938,-0.012578840792654648,0.11978274824680256,-0.008222554952234859,0.11417601095141726,-0.5
lewidi_md,gemma,37,GPP-rbf,4,256,0.7076939466524418,0.1368180297926668,0.28362936681208994,0.28629455804325976,0.6594700686947988,0.6594700686947988,0.43156322836875916,0.07313187420368195,0.0572397019202187,0.13948365281144037,0.05723970192021869,0.13948365281144032,0.05613048444366518,0.13970505530622573,0.05729440839161777,0.14050696807072605,0.056130484443665196,0.13970505530622573,0.05729440576318616,0.14050696750328134,0.03503864046844435,0.14612503789639106,1.0
lewidi_md,gemma,37,GPP-laplace,4,256,0.7118386742047401,0.13639260468962602,0.28253073777133975,0.2803981811069061,0.6640497219496239,0.6640497219496239,0.35392311215400696,0.1392340362071991,0.11206736112260114,0.15060074550211094,0.11206736112260113,0.15060074550211094,0.10711012564057747,0.14671877865339378,0.11132671833972507,0.15045143312486153,0.10711012564057748,0.14671877865339378,0.11132671605595673,0.1504514318064638,0.08849323468513866,0.14603181013098643,1.0
lewidi_md,gemma,37,LPE,4,256,0.8135331994807821,0.15172376440325736,0.2975601235553011,0.2901767273204867,0.6401701014066078,0.6401701014066078,0.28160029649734497,0.17946995794773102,-0.026533458380254782,0.12388539321786597,-0.026533458380254785,0.12388539321786599,-0.026514668865083333,0.12510952779987206,-0.02670958372250303,0.1251069787078709,-0.02651466886508333,0.12510952779987206,-0.026709585428895163,0.12510697797516315,-0.019740981932465117,0.13831089858582524,-1.0
lewidi_md,gemma,37,LP-temp,4,256,0.6989410382017036,0.14962802969221978,0.31302445646787935,0.3375832580313661,0.6267582597317631,0.6267582597317631,0.6493585297655963,,-0.03987262853352931,,-0.0398726285335293,,-0.04015057387926451,,-0.04023048033687789,,-0.04015057387926452,,-0.04023048018208712,,-0.021635860892750786,,-1.0
lewidi_md,gemma,37,GPP-cosine,4,1024,0.7147240866782697,0.14619081160015748,0.30309795782161936,0.3128187478807071,0.6333006215243703,0.6333006215243703,0.5755512714385986,0.003371578175574541,-0.010679944108102742,0.10154613600848372,-0.010679944108102742,0.10154613600848372,-0.008489643431317565,0.10863009112241753,-0.010086542826784622,0.10439799685465523,-0.008489643431317556,0.10863009112241755,-0.010086542907309575,0.10439799715000254,0.02060478312550523,0.11567122949345257,-0.5
lewidi_md,gemma,37,GPP-rbf,4,1024,0.6524340652729828,0.12045090320376038,0.2644990994330134,0.2926748898912803,0.6895649329407916,0.6895649329407916,0.48644545674324036,0.047401417046785355,0.07783254566553573,0.15064188533252862,0.07783254566553573,0.15064188533252862,0.0714798078465941,0.14987616259744196,0.07643257242602358,0.15144125097438266,0.0714798078465941,0.14987616259744196,0.07643257002166787,0.15144125105000333,0.06437488193837215,0.17239287395911776,1.0
lewidi_md,gemma,37,GPP-laplace,4,1024,0.6467283339375195,0.11711134440844889,0.25632236864696395,0.27509209601787155,0.6974157670919202,0.6974157670919202,0.3851621747016907,0.12517011165618896,0.17865089134409248,0.19823368907894923,0.17865089134409246,0.19823368907894923,0.1677972280341279,0.19037526648224112,0.17657205474289828,0.1972006306910402,0.1677972280341279,0.19037526648224112,0.17657205180520746,0.1972006293410885,0.15516450428172643,0.20005106590732719,1.0
lewidi_md,gemma,37,LPE,4,1024,0.6540236071275216,0.12546340448782115,0.2743991986647876,0.2959720058360998,0.6689564932940791,0.6689564932940791,0.5220516920089722,0.03932749107480049,0.05250475214394662,0.13082445761830064,0.05250475214394661,0.1308244576183006,0.04483252507419709,0.1322913673973004,0.050529625388997815,0.13216748519098975,0.044832525074197105,0.1322913673973004,0.050529623147297094,0.13216748470066278,0.04061995442207927,0.14174720541921576,0.5
lewidi_md,gemma,37,LP-temp,4,1024,0.6387900170809551,0.12849935402314674,0.2831424391958463,0.32399138817636586,0.6676480209355578,0.6676480209355578,0.6407158689639568,,0.06433990460449554,,0.06433990460449553,,0.05972640667975761,,0.06337678058193569,,0.05972640667975761,,0.0633767786284225,,0.09023251609688136,,1.0
lewidi_md,gemma,50,GPP-cosine,0,16,0.9337707425574316,0.20189799197379252,0.36280146794855817,0.30914710876783047,0.5639515865227347,0.5639515865227347,0.4254100024700165,0.055551499128341675,-0.08650265426407891,0.07492155746204368,-0.0865026542640789,0.07492155746204367,-0.0833339642554346,0.07087362294333382,-0.08613113194111052,0.0742030767373432,-0.0833339642554346,0.07087362294333384,-0.08613113235189376,0.07420307611817875,-0.08385259060151974,0.06331330069242823,-1.0
lewidi_md,gemma,50,GPP-rbf,0,16,0.7023840539318751,0.15070058397077768,0.3137997706116981,0.32579213420134245,0.5911023879620543,0.5911023879620543,0.4784626066684723,0.14159071445465088,-0.0920160119723466,0.0997204166117382,-0.0920160119723466,0.0997204166117382,-0.09281613070491833,0.09697715685965724,-0.0928901398925269,0.0995689557847957,-0.09281613070491834,0.09697715685965724,-0.09289014061388835,0.09956895510222571,-0.1056710581541453,0.0892218976620867,-1.0
lewidi_md,gemma,50,GPP-laplace,0,16,0.665550310986484,0.13851562350274763,0.29756601114590103,0.32485163414557194,0.6584887144259077,0.6584887144259077,0.4257909953594208,0.2074270099401474,-0.02123700786778319,0.06874590577068797,-0.021237007867783188,0.06874590577068797,-0.02606074041196033,0.0650576492764574,-0.022850605232144054,0.06809456520896118,-0.02606074041196033,0.0650576492764574,-0.022850606289551958,0.06809456432953938,-0.02694593216287254,0.0897834436096762,-0.5
lewidi_md,gemma,50,LPE,0,16,0.7469969743511302,0.1642679942233623,0.33065384166485196,0.3182808367886335,0.5570821066404972,0.5570821066404972,0.4079016447067261,0.1861141473054886,-0.05073100991537817,0.007619433365882956,-0.05073100991537817,0.007619433365882954,-0.05024101219199024,0.0029566945338259233,-0.050929562891040656,0.006252596747326892,-0.05024101219199024,0.0029566945338259216,-0.05092956228794821,0.006252594594315293,-0.053037811434371473,-0.012529595898289184,-1.0
lewidi_md,gemma,50,LP-temp,0,16,0.6922204334323926,0.15497296642749867,0.32786612971086815,0.3558327811866294,0.55053974484789,0.55053974484789,0.6930796810144704,,-0.0291698208909106,,-0.029169820890910598,,-0.03274662575763687,,-0.030458295490936097,,-0.03274662575763687,,-0.03045829542238404,,-0.05432880473804069,,-1.0
lewidi_md,gemma,50,GPP-cosine,0,64,0.7531072397682785,0.15802364023393897,0.3192259375835415,0.3265550312660694,0.5996074582924436,0.5996074582924436,0.5426395535469055,0.03514552488923073,-0.06106078491665308,0.08467719191959838,-0.06106078491665308,0.0846771919195984,-0.06136520925239291,0.08444168375501818,-0.0615719056973299,0.08518584201801027,-0.06136520925239291,0.08444168375501819,-0.06157190543473878,0.08518584172672247,-0.06541225754234169,0.10071991196560691,-1.0
lewidi_md,gemma,50,GPP-rbf,0,64,0.6617125464266531,0.13553144315372445,0.2922931023430729,0.318451789079061,0.65129211645404,0.65129211645404,0.5704579949378967,0.04768132045865059,-0.005708184960706735,0.10371820704187529,-0.005708184960706732,0.10371820704187529,-0.013762863548107495,0.1070429695900064,-0.0081986618790407,0.10544088324314876,-0.013762863548107494,0.1070429695900064,-0.008198662535297111,0.10544088275970122,-0.013212961944596334,0.11457927400268599,-0.5
lewidi_md,gemma,50,GPP-laplace,0,64,0.6479689467967411,0.13027730498153728,0.28371424218569663,0.3100849250859207,0.6601243048740595,0.6601243048740595,0.43137404322624207,0.18323928117752075,0.07645009007935266,0.15004150228060303,0.07645009007935268,0.15004150228060303,0.0659225713208181,0.14576454524107424,0.07377009174786509,0.1497681460958668,0.0659225713208181,0.14576454524107424,0.07377009055892429,0.14976814502831176,0.046089910778397976,0.1447953415990153,0.5
lewidi_md,gemma,50,LPE,0,64,0.7462975793980968,0.15130775220730053,0.30654020067415716,0.30532211903813194,0.6120379456983971,0.6120379456983971,0.3471822142601013,0.18399986624717712,-0.0027502936056986354,0.06992607535849771,-0.00275029360569863,0.06992607535849771,-0.009129670233479244,0.06437012505651375,-0.004710638480781587,0.06871441000332842,-0.009129670233479246,0.06437012505651377,-0.0047106382947019005,0.06871440909207199,-0.008716592351197493,0.06199639967232118,-0.5
lewidi_md,gemma,50,LP-temp,0,64,0.6835004353757483,0.14989947052472022,0.31727102819191116,0.34508225214560845,0.591756624141315,0.591756624141315,0.6754580443455844,,-0.042906008592814085,,-0.04290600859281409,,-0.04344275648241064,,-0.043363413114664975,,-0.043442756482410645,,-0.043363412467066334,,-0.03042850084831216,,-1.0
lewidi_md,gemma,50,GPP-cosine,0,256,0.9212781172723605,0.17245155374587134,0.3195663940612012,0.3007524700806096,0.6287209682695453,0.6287209682695453,0.43248218297958374,0.010263553820550442,0.012043242604774074,0.09174148037831324,0.012043242604774074,0.09174148037831324,0.005543378841848592,0.09205038647327983,0.010147614386504213,0.09246423143831524,0.005543378841848589,0.09205038647327983,0.010147613407408853,0.09246423171578104,0.008303545794833587,0.11390735432116011,0.5
lewidi_md,gemma,50,GPP-rbf,0,256,0.7012956218473206,0.1323121048171249,0.27606800328146536,0.28215727675026747,0.6666666666666666,0.6666666666666666,0.4327293634414673,0.06261254847049713,0.11925924829907164,0.13963825602104446,0.11925924829907163,0.13963825602104446,0.107767554899414,0.14106854219132428,0.11657920077460215,0.14103054184746552,0.10776755489941402,0.14106854219132428,0.1165791979659226,0.14103054116387617,0.09333324220306652,0.17116778102232164,0.5
lewidi_md,gemma,50,GPP-laplace,0,256,0.668716910224687,0.12548879578961075,0.2690232660963225,0.27882739003936335,0.6679751390251881,0.6679751390251881,0.37033936381340027,0.14713026583194733,0.1869735759470592,0.18700760835636057,0.1869735759470592,0.1870076083563606,0.1704371053563593,0.1782121908669082,0.18322227528364562,0.1856124489042681,0.1704371053563593,0.1782121908669082,0.18322227181637835,0.18561244668384969,0.15737069885117488,0.17906606957842824,1.0
lewidi_md,gemma,50,LPE,0,256,0.7698679374302396,0.1389275337232709,0.2794491476025961,0.28040456239159256,0.6676480209355578,0.6676480209355578,0.275543212890625,0.16918867826461792,0.058563700949642666,0.14296816263011392,0.05856370094964265,0.14296816263011392,0.048020343433656715,0.14198620487982913,0.05575630013180376,0.14364912852541895,0.048020343433656715,0.14198620487982913,0.055756298063374926,0.1436491279639458,0.05353340415376547,0.16567971298893935,0.5
lewidi_md,gemma,50,LP-temp,0,256,0.6779315949760636,0.14266389752402583,0.3027142665922065,0.33189290369348556,0.6440955184821721,0.6440955184821721,0.6441442852371329,,0.020306722417587294,,0.020306722417587297,,0.0170362547128281,,0.019450559597998355,,0.017036254712828096,,0.019450559559914968,,0.0431516881438278,,0.5
lewidi_md,gemma,50,GPP-cosine,0,1024,0.7995512876039149,0.1440032795271174,0.28519554364449234,0.2854925734379547,0.6722276741903828,0.6722276741903828,0.4347688555717468,0.0029661008156836033,0.1176650123037159,0.12546214477970713,0.11766501230371589,0.12546214477970713,0.10373698261565514,0.12042942200702861,0.11423256559523105,0.12479032770692017,0.10373698261565516,0.12042942200702862,0.11423256294540984,0.12479032682074616,0.10500828294346368,0.17960847053869822,0.5
lewidi_md,gemma,50,GPP-rbf,0,1024,0.6517464881947588,0.11657843763579448,0.2556631967006373,0.2746006236783883,0.6997055937193327,0.6997055937193327,0.45128488540649414,0.04364561662077904,0.1724470513397134,0.15253036918592344,0.1724470513397134,0.15253036918592344,0.1571239388268454,0.15044992680240543,0.16896546771020415,0.1529425562383121,0.15712393882684542,0.15044992680240543,0.16896546469315707,0.15294255563771192,0.14805844412665978,0.1984097784620605,1.0
lewidi_md,gemma,50,GPP-laplace,0,1024,0.648098351152408,0.11510479836845741,0.25238344998757417,0.27155564130682197,0.7039581288845274,0.7039581288845274,0.367656946182251,0.12530407309532166,0.19970917144507336,0.21338889470845349,0.19970917144507333,0.21338889470845349,0.18147028213239855,0.20165776021178125,0.19552703938370158,0.2112810815486137,0.18147028213239857,0.20165776021178122,0.19552703625900136,0.21128107960183756,0.16700958017240505,0.20628497598130355,0.5
lewidi_md,gemma,50,LPE,0,1024,0.6507966472586832,0.11843409239743631,0.26075796725413247,0.2802237954236524,0.6853123977755969,0.6853123977755969,0.4678783118724823,0.04488442838191986,0.15008764349803788,0.12869604461085518,0.15008764349803788,0.12869604461085515,0.13627587546029632,0.1292767247078725,0.14691278423968823,0.1297547707026047,0.13627587546029632,0.1292767247078725,0.1469127814952024,0.1297547702190054,0.12836938315472357,0.18948535315718476,0.5
lewidi_md,gemma,50,LP-temp,0,1024,0.6207927448211734,0.11896751839516947,0.2669693737519271,0.3049692455359408,0.6800785083415113,0.6800785083415113,0.6042033293822395,,0.17218561615644135,,0.17218561615644135,,0.15977879333762648,,0.1695897828646129,,0.15977879333762648,,0.16958978053162513,,0.15884830460984994,,1.0
lewidi_md,gemma,50,GPP-cosine,1,16,0.7580169634347064,0.15978208582708361,0.3197115307604808,0.31088998777193516,0.597317631665031,0.597317631665031,0.49706000089645386,0.05419225990772247,-0.055347148754866335,0.10932518140525095,-0.055347148754866335,0.10932518140525095,-0.05382774455354575,0.10800394374001407,-0.05526404884105278,0.10967232307457583,-0.05382774455354575,0.10800394374001407,-0.055264049043984576,0.10967232265085813,-0.04558378800203929,0.11921993465343314,-1.0
lewidi_md,gemma,50,GPP-rbf,1,16,0.6759118367383347,0.13199412695766383,0.28105753057873645,0.2944034508692979,0.6666666666666666,0.6666666666666666,0.40690287947654724,0.1398894041776657,0.08667774733719459,0.12864285997670216,0.08667774733719459,0.12864285997670216,0.0769902734769489,0.1257532397142797,0.0843235017901096,0.12864507221267465,0.07699027347694891,0.1257532397142797,0.0843234994166415,0.1286450711390042,0.06572129123103435,0.1255529837876456,0.5
lewidi_md,gemma,50,GPP-laplace,1,16,0.6550109354273425,0.1306396364527159,0.28172926549544747,0.30160765909074866,0.6666666666666666,0.6666666666666666,0.39252254366874695,0.20065653324127197,0.11285250689647192,0.12061733994701951,0.1128525068964719,0.12061733994701951,0.10542301917921917,0.11639821875035736,0.1113648410843692,0.12015993068115374,0.10542301917921917,0.11639821875035736,0.11136483922156878,0.1201599293891746,0.10914273999418318,0.12446802117593049,1.0
lewidi_md,gemma,50,LPE,1,16,0.7342730967851533,0.13908814640603895,0.28633420551023636,0.298507910850169,0.6604514229636899,0.6604514229636899,0.35522985458374023,0.1417105495929718,0.03530939118585117,0.06279423615406722,0.03530939118585116,0.06279423615406722,0.03156562868864218,0.057754375470351366,0.034412004992502895,0.06169076007160667,0.03156562868864218,0.057754375470351366,0.034412003780018435,0.06169075802893041,0.03947021507233233,0.05181339566341173,0.5
lewidi_md,gemma,50,LP-temp,1,16,0.702893702961312,0.13790452518484805,0.28848921627997814,0.3067194851846879,0.6630683676807327,0.6630683676807327,0.5500868555011468,,0.021003454172768915,,0.021003454172768908,,0.01803884800978921,,0.020245152055573354,,0.018038848009789214,,0.02024515109697435,,0.04040992059348227,,0.5
lewidi_md,gemma,50,GPP-cosine,1,64,0.9311662680598529,0.19439041931019824,0.35287640952164206,0.30237902993332827,0.5623159960745829,0.5623159960745829,0.43616077303886414,0.031939320266246796,-0.0008872898018963075,0.08046873632328624,-0.0008872898018963092,0.08046873632328624,-0.0013047470473472557,0.07718970834926045,-0.0010204194469617782,0.08002228110198435,-0.0013047470473472557,0.07718970834926045,-0.0010204189229594714,0.08002228079987556,0.0033697166675952465,0.098242716288759,-0.5
lewidi_md,gemma,50,GPP-rbf,1,64,0.756440130514345,0.1619926235778323,0.3236061999922217,0.30765958706508234,0.5695125940464507,0.5695125940464507,0.4700913727283478,0.10165389627218246,0.011564733178249308,0.11534371132415418,0.011564733178249301,0.11534371132415416,0.00915220916391627,0.11178364972706113,0.010909764355896594,0.11505073775234706,0.009152209163916276,0.11178364972706113,0.010909764518789018,0.11505073722085753,-0.0053851550181864185,0.1094554714961709,0.5
lewidi_md,gemma,50,GPP-laplace,1,64,0.6786069368008671,0.14112820091453887,0.2980365781384646,0.31710648316904905,0.6326463853451095,0.6326463853451095,0.43148738145828247,0.19157204031944275,0.08939941843839536,0.12952441875458787,0.08939941843839536,0.12952441875458787,0.08407810914972838,0.12535487891813094,0.08839262172160192,0.12914314260231483,0.08407810914972838,0.12535487891813096,0.08839262159121725,0.12914314221692125,0.061539111990991865,0.13013781981679975,1.0
lewidi_md,gemma,50,LPE,1,64,0.8701421496994599,0.18285566452470642,0.3445974010768695,0.3090986352676327,0.5649329407916258,0.5649329407916258,0.32024070620536804,0.1830439418554306,-0.011258218675374838,0.027266834328457105,-0.011258218675374836,0.027266834328457112,-0.015776394898928937,0.02783013313882094,-0.012710434810262742,0.027625138221610952,-0.01577639489892894,0.027830133138820944,-0.012710434564166817,0.027625137987141758,-0.016660828603803194,0.025523253454993695,-0.5
lewidi_md,gemma,50,LP-temp,1,64,0.7056856843726812,0.1568113774789445,0.3264073282301056,0.3399271162839737,0.5518482172064115,0.5518482172064115,0.6617663484038651,,-0.07566718628692876,,-0.07566718628692876,,-0.07601669535808561,,-0.07629213127406172,,-0.07601669535808563,,-0.07629213143088148,,-0.06511553824796068,,-1.0
lewidi_md,gemma,50,GPP-cosine,1,256,0.811834696050642,0.16325621755865996,0.32015361259530406,0.3092677140614109,0.6018972849198561,0.6018972849198561,0.5014550089836121,0.013513866811990738,0.014840145695525676,0.08488806956788966,0.014840145695525667,0.08488806956788968,0.002402966004431295,0.08121237523835764,0.01115672613753859,0.08435118046619744,0.0024029660044312903,0.08121237523835764,0.011156725590395268,0.08435118041131848,0.0009186826221902855,0.13408715524670997,-0.5
lewidi_md,gemma,50,GPP-rbf,1,256,0.6829672504175085,0.12506523281404974,0.26747151184844226,0.28331143617111626,0.6889106967615309,0.6889106967615309,0.43770739436149597,0.06361448764801025,0.127936181117712,0.14610120652014208,0.12793618111771196,0.14610120652014208,0.10726008447174953,0.14231166489849612,0.12252042347715766,0.1459491857604568,0.10726008447174953,0.14231166489849614,0.12252042121704795,0.14594918494122305,0.099471912662968,0.19263347664861996,0.5
lewidi_md,gemma,50,GPP-laplace,1,256,0.6767502985851025,0.12669474180457602,0.26993585436653356,0.2776392773334341,0.6748446189074255,0.6748446189074255,0.3668767511844635,0.1440000981092453,0.16981283483269488,0.200108221549109,0.16981283483269488,0.200108221549109,0.14412214181812608,0.181570519131937,0.1631579340068803,0.19583788370669764,0.14412214181812608,0.181570519131937,0.16315793163286574,0.1958378817852297,0.13129550711471272,0.18263815902920202,0.5
lewidi_md,gemma,50,LPE,1,256,0.7361711079651895,0.13280199920019883,0.27519920050525987,0.2863427449488861,0.6774615636244684,0.6774615636244684,0.29712823033332825,0.18165872991085052,0.037535839004748946,0.1441483597552491,0.03753583900474894,0.1441483597552491,0.026595933062925882,0.1372079888877387,0.03446364103259902,0.14302403371174752,0.026595933062925882,0.13720798888773866,0.03446363991327324,0.14302403259916527,0.03320819914744066,0.16826219208050994,0.5
lewidi_md,gemma,50,LP-temp,1,256,0.6667126544574659,0.1426726499494553,0.30726621007014004,0.34354756382225254,0.6486751717369971,0.6486751717369971,0.671552573027064,,-0.014035261076595182,,-0.014035261076595184,,-0.021240611897107003,,-0.016324322608152284,,-0.021240611897107,,-0.016324323562211546,,0.025191789896421655,,-0.5
lewidi_md,gemma,50,GPP-cosine,1,1024,0.7976082094765166,0.15185246855449627,0.3000619066722293,0.3045068044008186,0.6526005888125613,0.6526005888125613,0.495515376329422,0.0035076423082500696,0.04351534811946689,0.09399688773450951,0.0435153481194669,0.09399688773450951,0.0399142090860057,0.09444593231125092,0.04271760637297072,0.09477774561714483,0.0399142090860057,0.09444593231125092,0.04271760551322812,0.09477774606729795,0.04367853709117144,0.1431196873245479,1.0
lewidi_md,gemma,50,GPP-rbf,1,1024,0.6693468561866804,0.12172632737720737,0.2629561807540156,0.27923144557042373,0.6849852796859667,0.6849852796859667,0.4521251320838928,0.04631262272596359,0.15164610722941463,0.1376766734331746,0.15164610722941463,0.1376766734331746,0.1337831737172511,0.13395136690244996,0.14724899916601336,0.13748646546461235,0.1337831737172511,0.13395136690244996,0.1472489969561409,0.13748646502370132,0.12630739089081178,0.18916989799601439,0.5
lewidi_md,gemma,50,GPP-laplace,1,1024,0.6559531420008219,0.11698677002634267,0.25479231333854907,0.2730836393145944,0.6925089957474648,0.6925089957474648,0.36427298188209534,0.12660065293312073,0.19403849265343037,0.2004315250021393,0.19403849265343032,0.2004315250021393,0.17525187704773093,0.18811881818109813,0.18965080257724726,0.1980579147209384,0.17525187704773096,0.18811881818109816,0.18965079993581055,0.19805791285684293,0.1683002068308774,0.19418746308083265,0.5
lewidi_md,gemma,50,LPE,1,1024,0.6771596876849616,0.12477872001974309,0.26779706213332877,0.28538016836929936,0.6810598626104023,0.6810598626104023,0.45338526368141174,0.05066761374473572,0.11898608543657777,0.127047314806149,0.11898608543657777,0.12704731480614898,0.10410946626572931,0.12575335539336124,0.1152739993197778,0.12752421474557313,0.10410946626572931,0.12575335539336122,0.11527399676349762,0.12752421408868717,0.09853360396263576,0.1759518038152874,0.5
lewidi_md,gemma,50,LP-temp,1,1024,0.6318573362552361,0.12237444337206455,0.2722255888955971,0.30835340791784255,0.6768073274452078,0.6768073274452078,0.601134131741927,,0.1339961193048444,,0.13399611930484434,,0.12248380100649295,,0.13141079210911574,,0.12248380100649295,,0.13141078968869901,,0.13160002661307493,,1.0
lewidi_md,gemma,50,GPP-cosine,2,16,1.1017218232417088,0.20078318245162916,0.34990615455812185,0.328553146555495,0.5986261040235525,0.5986261040235525,0.36568954586982727,0.042285073548555374,-0.09097639265374977,0.06866342538477753,-0.09097639265374975,0.06866342538477753,-0.0857868455464008,0.0663354747704372,-0.09002050396422717,0.0684255143204329,-0.0857868455464008,0.06633547477043722,-0.09002050336752762,0.06842551419706545,-0.09081381384501316,0.00988545313757644,-1.0
lewidi_md,gemma,50,GPP-rbf,2,16,0.7865020846353411,0.15505376764969142,0.30119543105923186,0.28275618844390155,0.6548904154399738,0.6548904154399738,0.36051464080810547,0.10767753422260284,0.06784397499905556,0.11452960372761456,0.06784397499905556,0.11452960372761456,0.06766460464860058,0.11430168048159683,0.06825434570635194,0.11524515198094487,0.06766460464860058,0.11430168048159683,0.06825434660260321,0.11524515199798555,0.0667630527624209,0.11077529397334385,1.0
lewidi_md,gemma,50,GPP-laplace,2,16,0.7095989006123745,0.1423208344291181,0.2917008243579177,0.284578192539015,0.6653581943081452,0.6653581943081452,0.35827353596687317,0.17324228584766388,0.09213097625288691,0.10611908031271645,0.09213097625288691,0.10611908031271644,0.09119969551259599,0.10544407176431601,0.0924789588737139,0.10664092239476351,0.09119969551259599,0.10544407176431601,0.09247895920864632,0.10664092236198923,0.09401529476222112,0.10481060326044404,1.0
lewidi_md,gemma,50,LPE,2,16,1.0340439480235852,0.18403447177602678,0.32019711830911823,0.2960821066165366,0.6637226038599935,0.6637226038599935,0.22693005204200745,0.09139610081911087,0.03003584394667105,0.04006016824890213,0.030035843946671054,0.040060168248902114,0.02994398165884641,0.04484376031507413,0.030213733520992492,0.04179055145336149,0.029943981658846413,0.04484376031507412,0.030213733809348407,0.04179055180852247,0.028934054788836722,0.038006804240892346,1.0
lewidi_md,gemma,50,LP-temp,2,16,0.7101630322014899,0.14619831717972814,0.3032445272633256,0.3067298371908514,0.6404972194962382,0.6404972194962382,0.5701529367014967,,0.02025751846471592,,0.02025751846471592,,0.017952145820418725,,0.01969473494825684,,0.017952145820418722,,0.019694735479884727,,0.021828974063827916,,0.5
lewidi_md,gemma,50,GPP-cosine,2,64,0.8276589116704103,0.16359194156673237,0.31765365070698437,0.3073597825511514,0.6254497873732418,0.6254497873732418,0.48118504881858826,0.028120649978518486,-0.016052114704926828,0.11553758959070884,-0.01605211470492684,0.11553758959070883,-0.015136630120141261,0.11262820342725532,-0.015883507771744656,0.11544397095394675,-0.015136630120141263,0.11262820342725532,-0.015883508766248666,0.11544396990820276,-0.01574090727292887,0.11215510624914238,-1.0
lewidi_md,gemma,50,GPP-rbf,2,64,0.6807204282341582,0.13644708178498408,0.28793084887817555,0.30074548913849436,0.6391887471377167,0.6391887471377167,0.4808416962623596,0.08824501931667328,0.04145645340093164,0.13383169148983412,0.04145645340093164,0.1338316914898341,0.036593987500650724,0.12940582472974363,0.040260729731092744,0.13340192429239536,0.036593987500650724,0.12940582472974366,0.040260727722434206,0.13340192310518512,0.024395262620718065,0.12236037973567158,0.5
lewidi_md,gemma,50,GPP-laplace,2,64,0.6533654089895683,0.13226021317090605,0.28635706153104495,0.31635275846471556,0.6506378802747792,0.6506378802747792,0.43645402789115906,0.18308445811271667,0.06165328777574181,0.1264758976238459,0.061653287775741805,0.12647589762384587,0.05329075384299281,0.11996595735337602,0.05953077174103149,0.12536145259334053,0.05329075384299281,0.11996595735337603,0.05953076893575597,0.12536145054190928,0.03510768071478966,0.12391846148840624,0.5
lewidi_md,gemma,50,LPE,2,64,0.7775710564381949,0.1541936732656097,0.30603144937760773,0.29932997042781223,0.6280667320902846,0.6280667320902846,0.3402644693851471,0.14748229086399078,0.030475436669164954,0.06310547866726957,0.030475436669164947,0.06310547866726955,0.024881026515758187,0.062391586925142156,0.02898169645286483,0.06332069872811151,0.024881026515758194,0.06239158692514216,0.028981694826676285,0.06332069737827122,0.025721042764660647,0.06618910962258129,0.5
lewidi_md,gemma,50,LP-temp,2,64,0.6966525201976388,0.14754622940743076,0.3081741153576074,0.3208356584087578,0.6120379456983971,0.6120379456983971,0.615725269022859,,0.007982593369675262,,0.007982593369675254,,0.005642431326716193,,0.007325097404658776,,0.005642431326716201,,0.007325096122752809,,0.01903628636619362,,0.5
lewidi_md,gemma,50,GPP-cosine,2,256,0.934115436106386,0.16432205610178804,0.3054614465793655,0.29365484994305513,0.6490022898266274,0.6490022898266274,0.39326152205467224,0.011097905226051807,0.057413204557262565,0.10860883812206809,0.05741320455726256,0.10860883812206809,0.051103117798267636,0.10533401881222222,0.05588627032215471,0.1083565184260708,0.051103117798267636,0.10533401881222222,0.055886268372430686,0.10835651786707265,0.05228331463436629,0.13309468137937003,0.5
lewidi_md,gemma,50,GPP-rbf,2,256,0.7014866727856224,0.12886755038020217,0.27016636343150546,0.2838631466059738,0.6843310435067059,0.6843310435067059,0.41624969244003296,0.06703447550535202,0.11320709504542953,0.1324654553625751,0.11320709504542953,0.13246545536257506,0.10627295085921798,0.13278498667860664,0.11187261194498233,0.13347053675793413,0.10627295085921798,0.13278498667860664,0.11187260909307487,0.13347053612947482,0.09689496009323356,0.16405484329387537,1.0
lewidi_md,gemma,50,GPP-laplace,2,256,0.6871162430412053,0.1281886254866001,0.27156122545967604,0.28258964165226647,0.6823683349689238,0.6823683349689238,0.35344356298446655,0.1424417346715927,0.1376348667170589,0.16278836863914045,0.13763486671705888,0.16278836863914048,0.12478105504303445,0.15423032302332615,0.13466620784204048,0.1612994672909753,0.12478105504303448,0.15423032302332615,0.13466620422263603,0.16129946480531876,0.11459360761360073,0.15570019081185799,0.5
lewidi_md,gemma,50,LPE,2,256,0.7998747235366455,0.14513016008629012,0.2867296568621859,0.2869872348083465,0.6581615963362774,0.6581615963362774,0.2624684274196625,0.1781955361366272,0.032335451660734316,0.11614829326172676,0.032335451660734316,0.11614829326172676,0.028134262314257422,0.11709740157494944,0.03127847090190804,0.11723315215833584,0.028134262314257422,0.11709740157494944,0.03127846924001202,0.11723315167254071,0.03408753150589038,0.132816308851353,0.5
lewidi_md,gemma,50,LP-temp,2,256,0.7154530711806792,0.1494789709998922,0.3083425077889265,0.32611096746595464,0.6378802747791953,0.6378802747791953,0.6037774347405532,,-0.03500148475724571,,-0.03500148475724571,,-0.03269357656225323,,-0.034538975498713834,,-0.03269357656225324,,-0.03453897558943527,,0.017474191106475124,,-1.0
lewidi_md,gemma,50,GPP-cosine,2,1024,0.7872779306744679,0.14828540345109376,0.29528192594162056,0.2986387269024938,0.6454039908406934,0.6454039908406934,0.4806166887283325,0.0028947312384843826,0.07076508808963952,0.11290983239342446,0.07076508808963952,0.11290983239342448,0.06607013906846149,0.10681126540545627,0.06982120947396764,0.11182761115973766,0.0660701390684615,0.10681126540545627,0.06982120823695406,0.1118276105710074,0.06169347504900542,0.16162132458074266,1.0
lewidi_md,gemma,50,GPP-rbf,2,1024,0.6497060624123773,0.11814936968417332,0.2589542561100712,0.2840595412192815,0.7010140660778541,0.7010140660778541,0.47427380084991455,0.042778678238391876,0.13458703646806502,0.15991124503693083,0.13458703646806502,0.15991124503693083,0.12370259224318678,0.1560642735233052,0.13219684590992564,0.15983639146358558,0.12370259224318678,0.1560642735233052,0.13219684358173467,0.159836390879321,0.11318047619494097,0.18885625221014773,1.0
lewidi_md,gemma,50,GPP-laplace,2,1024,0.653880366621466,0.11802205273786533,0.25669175566010033,0.2752669907074728,0.6997055937193327,0.6997055937193327,0.3726877272129059,0.12428019940853119,0.17085505093244566,0.2014629613940299,0.17085505093244563,0.20146296139402986,0.15591977389009234,0.1902770346255657,0.1674805903679289,0.19943934357350873,0.15591977389009234,0.19027703462556572,0.1674805876383127,0.19943934168898142,0.1469433635755997,0.19396124340312768,1.0
lewidi_md,gemma,50,LPE,2,1024,0.6654551307210177,0.12323724116190536,0.26641590642701457,0.2875214840089773,0.6889106967615309,0.6889106967615309,0.47693344950675964,0.04320701211690903,0.11701548775183981,0.13951199597733466,0.11701548775183981,0.13951199597733466,0.10846821095190742,0.1375914914431264,0.11521616507396562,0.13988363863949654,0.10846821095190742,0.13759149144312643,0.11521616297555247,0.13988363782945168,0.09676296665272369,0.18411257213226034,1.0
lewidi_md,gemma,50,LP-temp,2,1024,0.6399711393990013,0.12513467482189403,0.2757092446986871,0.31503109174310145,0.6784429178933595,0.6784429178933595,0.6183703673689089,,0.11989777346984917,,0.11989777346984917,,0.11105705576680779,,0.11802889852805855,,0.1110570557668078,,0.11802889649907544,,0.13662174647304717,,1.0
lewidi_md,gemma,50,GPP-cosine,3,16,0.9130442461624347,0.1859223267078134,0.34352590326297827,0.31649150174193386,0.5819430814524044,0.5819430814524044,0.4390804171562195,0.0490528903901577,-0.054780371330722305,0.08111734447376301,-0.054780371330722305,0.08111734447376301,-0.05553829501830486,0.07469603426792804,-0.05538646783460975,0.07971901390773617,-0.055538295018304866,0.07469603426792804,-0.05538646755105254,0.07971901349580698,-0.05316220004670433,0.05703534615719808,-1.0
lewidi_md,gemma,50,GPP-rbf,3,16,0.6667523060435859,0.1342708250198514,0.28772823789726976,0.30507030562337895,0.6175989532221132,0.6175989532221132,0.4478011429309845,0.14046557247638702,0.09229422143340953,0.1387112327100139,0.09229422143340951,0.1387112327100139,0.08189987308731805,0.13336665328972852,0.08976333788376899,0.13803530631580493,0.08189987308731805,0.13336665328972855,0.08976333525810462,0.13803530517581294,0.04441109258752045,0.13610879331689735,0.5
lewidi_md,gemma,50,GPP-laplace,3,16,0.6537718352510431,0.13266388525189968,0.2868411641544792,0.3131370457331731,0.6565260058881256,0.6565260058881256,0.4116325080394745,0.2042149305343628,0.11320713930927506,0.13032469282879403,0.11320713930927503,0.13032469282879405,0.10426490527516187,0.12446098514210265,0.11126151551828606,0.12943329911417717,0.10426490527516187,0.12446098514210266,0.1112615131252778,0.12943329744438492,0.08228359379608578,0.1331272631576255,1.0
lewidi_md,gemma,50,LPE,3,16,0.7315033211619885,0.14477853167314358,0.29547715545142217,0.29254239259242265,0.6244684331043506,0.6244684331043506,0.38316261768341064,0.1259460151195526,0.07632682231443513,0.10116326528521644,0.07632682231443513,0.10116326528521644,0.07080594365338555,0.10067871470479584,0.07516969736124207,0.10170910718621702,0.07080594365338555,0.10067871470479585,0.07516969571190404,0.10170910578185358,0.05171894270044296,0.1010890246305325,1.0
lewidi_md,gemma,50,LP-temp,3,16,0.6801455112251152,0.1426021599877945,0.30172787968216613,0.31458111449722787,0.6074582924435721,0.6074582924435721,0.6169250389348191,,0.0807789989620715,,0.0807789989620715,,0.07478790572396465,,0.07950928159009464,,0.07478790572396465,,0.07950928035977683,,0.04089917499903158,,1.0
lewidi_md,gemma,50,GPP-cosine,3,64,1.2215799618722571,0.23335488798399429,0.3856027882381463,0.3149665599213879,0.5580634609093883,0.5580634609093883,0.33176299929618835,0.023370884358882904,-0.07056244475647835,0.03017591927702466,-0.07056244475647834,0.03017591927702466,-0.07266388912053673,0.030904695605364005,-0.07168558809015374,0.03060452155907818,-0.07266388912053674,0.030904695605364012,-0.07168558865940886,0.03060452183143735,-0.07422108990512806,0.021716160256663418,-1.0
lewidi_md,gemma,50,GPP-rbf,3,64,0.7662037227352368,0.14478500263642158,0.28802826323817304,0.28641439573315247,0.6588158325155381,0.6588158325155381,0.35601967573165894,0.08918170630931854,0.07826080082123299,0.1363547648240671,0.078260800821233,0.1363547648240671,0.06334160548280061,0.13063475160723909,0.07425665145965127,0.13554842935087122,0.06334160548280063,0.13063475160723909,0.07425664860649964,0.13554842797954375,0.06611957362028853,0.12261176963204015,0.5
lewidi_md,gemma,50,GPP-laplace,3,64,0.7368483380195379,0.14198333893872836,0.28738941355021336,0.28967210335893023,0.6663395485770363,0.6663395485770363,0.3324373960494995,0.15168532729148865,0.10396942848044416,0.12330150946463325,0.10396942848044413,0.12330150946463322,0.09211383267598294,0.11449931090201186,0.10107384422723617,0.12146768449577468,0.09211383267598294,0.11449931090201185,0.10107384247951245,0.12146768307230345,0.10300149631247218,0.11786674189612413,0.5
lewidi_md,gemma,50,LPE,3,64,0.8505699472523911,0.15331806247387358,0.2935872263288073,0.2951056500927617,0.6650310762185149,0.6650310762185149,0.24593690037727356,0.15017405152320862,0.023344913078145145,0.10436090657177713,0.023344913078145138,0.10436090657177713,0.01202534174496056,0.09847004540934284,0.02005991220996551,0.10328330942608335,0.01202534174496055,0.09847004540934284,0.020059909692132623,0.10328330743580327,0.014843280933636406,0.09417202128681823,0.5
lewidi_md,gemma,50,LP-temp,3,64,0.6711838624224356,0.1458662356024745,0.31156492011051495,0.3483344046426308,0.6444226365718024,0.6444226365718024,0.6835700899779327,,-0.03994995638830714,,-0.03994995638830714,,-0.037841088684101805,,-0.039581936737093204,,-0.03784108868410181,,-0.03958193732677769,,-0.009335466122636278,,-1.0
lewidi_md,gemma,50,GPP-cosine,3,256,0.8584577177010008,0.1571484065033318,0.3051598490375544,0.3102118749729892,0.6447497546614328,0.6447497546614328,0.4821740984916687,0.011377178132534027,0.012268920174664799,0.10712898923627459,0.01226892017466479,0.10712898923627459,0.006891565793160431,0.1070480851391545,0.01071646251613887,0.10783856203463783,0.006891565793160429,0.1070480851391545,0.010716461428755356,0.10783856118065435,0.020637514073537876,0.12618840767860423,0.5
lewidi_md,gemma,50,GPP-rbf,3,256,0.6798729430076195,0.13009610944644517,0.2769405039532371,0.2938869991792224,0.6617598953222114,0.6617598953222114,0.4758307933807373,0.0642622634768486,0.05779472810117812,0.14870469654195675,0.05779472810117812,0.14870469654195675,0.05095444039504173,0.14735223394608413,0.05610904751625718,0.14931221780662768,0.05095444039504174,0.14735223394608413,0.056109046557827426,0.14931221737455508,0.039485280670607796,0.14975483500013373,0.5
lewidi_md,gemma,50,GPP-laplace,3,256,0.6643589386663744,0.12719329883164465,0.273376015260344,0.2946565776272676,0.6754988550866863,0.6754988550866863,0.3984985947608948,0.15619513392448425,0.11130543755287084,0.1602116132011256,0.11130543755287084,0.1602116132011256,0.10291315748346445,0.15423984266134463,0.10951415338357814,0.15949215796037144,0.10291315748346447,0.15423984266134466,0.1095141515769771,0.15949215645531753,0.0895895217322604,0.15998625659900748,1.0
lewidi_md,gemma,50,LPE,3,256,0.710843210634661,0.13309395642249727,0.2788789313663529,0.2864482326088524,0.6611056591429506,0.6611056591429506,0.3234359920024872,0.18223676085472107,-0.01230881817041414,0.1735129433866856,-0.012308818170414139,0.17351294338668558,-0.01732670547160612,0.16786184969645823,-0.013920316260334763,0.1729822417676156,-0.01732670547160612,0.16786184969645823,-0.013920316940632142,0.17298224087655092,-0.01721483099339246,0.18065673850719532,-0.5
lewidi_md,gemma,50,LP-temp,3,256,0.6693007869025213,0.14367539635848825,0.30844537611201694,0.3449468195761457,0.6548904154399738,0.6548904154399738,0.671996219873074,,0.014773810924315813,,0.014773810924315813,,0.007590997242874451,,0.012689047699822865,,0.007590997242874449,,0.012689047016727859,,0.015248527953688328,,0.5
lewidi_md,gemma,50,GPP-cosine,3,1024,0.7581506469322234,0.14700685923794546,0.29711854414809497,0.30784181723525034,0.6552175335296042,0.6552175335296042,0.517000675201416,0.0033569957595318556,0.018903847247668526,0.10026425025693778,0.01890384724766852,0.10026425025693775,0.010818005187075487,0.10059778844191182,0.0165725615342143,0.10105290756983587,0.010818005187075487,0.10059778844191182,0.016572559759295044,0.10105290672588127,0.026925375851284898,0.1356995020915915,0.5
lewidi_md,gemma,50,GPP-rbf,3,1024,0.6524204509420277,0.11930348174197629,0.261032761105601,0.2825825754624319,0.6941445861956166,0.6941445861956166,0.4711293578147888,0.0449368990957737,0.13440654295459048,0.13857723635423222,0.13440654295459045,0.13857723635423225,0.1181110137044362,0.1367255299733263,0.1303683086745513,0.1389634107517136,0.11811101370443622,0.1367255299733263,0.1303683054556978,0.1389634099716814,0.1169837156959567,0.17926601974544135,0.5
lewidi_md,gemma,50,GPP-laplace,3,1024,0.653622688459393,0.11871737624498434,0.2582004845235969,0.2749172060779112,0.7019954203467452,0.7019954203467452,0.3727121353149414,0.12859155237674713,0.18451759006235852,0.18083771562823708,0.18451759006235852,0.18083771562823706,0.16783799944807404,0.17148829873684207,0.18070590053564703,0.17923166770652965,0.1678379994480741,0.1714882987368421,0.18070589663911768,0.1792316653926637,0.15198501142359197,0.17368813549812634,0.5
lewidi_md,gemma,50,LPE,3,1024,0.6413247963197255,0.11942299338906798,0.2635044099188461,0.2858938240768989,0.6794242721622505,0.6794242721622505,0.4964854121208191,0.043016526848077774,0.12112661443307438,0.13988268336326715,0.12112661443307436,0.13988268336326715,0.10772202188987769,0.14109493585377428,0.11787719396281336,0.14121028808798058,0.1077220218898777,0.14109493585377428,0.11787719113337244,0.14121028740678243,0.1081290645913361,0.17158814224353458,0.5
lewidi_md,gemma,50,LP-temp,3,1024,0.6259699792381962,0.12228629664601662,0.2726342785674049,0.31463980485641485,0.6823683349689238,0.6823683349689238,0.6217854293813536,,0.1270709141869893,,0.1270709141869893,,0.11717991469625855,,0.124931557267143,,0.11717991469625856,,0.12493155499550639,,0.15190050924576895,,1.0
lewidi_md,gemma,50,GPP-cosine,4,16,0.97890978371446,0.18878733090164354,0.3310812845337791,0.2807479660530295,0.6022244030094864,0.6022244030094864,0.3082258403301239,0.049459125846624374,0.1403404159584276,0.13058531417241734,0.1403404159584276,0.13058531417241737,0.1347656197354668,0.1264898000755027,0.13960559090852181,0.13023383768810956,0.13476561973546683,0.1264898000755027,0.1396055905417146,0.13023383717238954,0.1490333413577021,0.1515391082652326,1.0
lewidi_md,gemma,50,GPP-rbf,4,16,0.7948631564084992,0.15334103471639693,0.2966671832092289,0.2740271422015101,0.6496565260058881,0.6496565260058881,0.3219718039035797,0.11363175511360168,0.18196895608948088,0.14624289772843083,0.18196895608948088,0.14624289772843083,0.1763997594993756,0.14412774236209114,0.18152113121401806,0.14660142985210117,0.17639975949937564,0.14412774236209114,0.18152113095347183,0.14660142953806551,0.1696819953048209,0.15552209916294563,1.0
lewidi_md,gemma,50,GPP-laplace,4,16,0.7192770335835564,0.14227005817141378,0.289835609841725,0.2825291857261727,0.6650310762185149,0.6650310762185149,0.3387916684150696,0.1720333695411682,0.16093409119274,0.14675748267565464,0.16093409119274,0.14675748267565464,0.15691670056993756,0.1437643597851936,0.1608143823065512,0.1468523412745103,0.15691670056993756,0.14376435978519364,0.16081438183706548,0.14685234077529355,0.15551024158801685,0.1455472931247918,1.0
lewidi_md,gemma,50,LPE,4,16,1.066300506798595,0.18965989721401783,0.32336304003216104,0.2894272955954822,0.6529277069021917,0.6529277069021917,0.21915534138679504,0.05675169453024864,0.09390031443892233,0.058644619056354645,0.09390031443892233,0.058644619056354645,0.0883215692429023,0.05680810548228386,0.09284601614224343,0.05848760904472507,0.08832156924290231,0.05680810548228386,0.09284601636834948,0.05848760902081041,0.09508231595587506,0.09324248449368416,1.0
lewidi_md,gemma,50,LP-temp,4,16,0.921192011599605,0.17465968151579273,0.3160608201665142,0.2801660468307114,0.6473666993784757,0.6473666993784757,0.3610894527745731,,0.0946597330029606,,0.0946597330029606,,0.08583822107422358,,0.09262373738740232,,0.08583822107422358,,0.09262373753200061,,0.09321528584418656,,0.5
lewidi_md,gemma,50,GPP-cosine,4,64,0.7634943881443672,0.1533371189746203,0.30599415854733386,0.3079440469205719,0.638534510958456,0.638534510958456,0.5202444195747375,0.03255192190408707,0.025358467826592353,0.12178816323697417,0.02535846782659235,0.12178816323697417,0.019971078845898247,0.11927289724881819,0.02389266381866055,0.12185732844777934,0.01997107884589825,0.11927289724881819,0.023892663514931967,0.12185732798519022,0.031740266884340895,0.11860714832737555,0.5
lewidi_md,gemma,50,GPP-rbf,4,64,0.6745620850313025,0.13491906977857568,0.2869957443957342,0.30303501865810634,0.6277396140006543,0.6277396140006543,0.4736480712890625,0.11465822160243988,0.10203728455434499,0.14646595976786178,0.10203728455434498,0.14646595976786178,0.09005261066521358,0.14166486725864555,0.09908917503928713,0.1460085839409525,0.0900526106652136,0.14166486725864555,0.09908917409064821,0.1460085831168037,0.07126923586296129,0.13701516600470123,0.5
lewidi_md,gemma,50,GPP-laplace,4,64,0.6512162087575621,0.13115395787024312,0.2847053853293474,0.31360924264647105,0.6604514229636899,0.6604514229636899,0.42502063512802124,0.19562683999538422,0.1248453943292756,0.1515144071636913,0.1248453943292756,0.15151440716369127,0.11045999631737188,0.14193294685124488,0.12132296223766989,0.14963677564955152,0.11045999631737188,0.14193294685124488,0.12132296029272707,0.14963677394216937,0.09614215308275625,0.14825663930183008,0.5
lewidi_md,gemma,50,LPE,4,64,0.7464943670267562,0.14782297785144893,0.2994956405923084,0.2931792068371005,0.6169447170428525,0.6169447170428525,0.2894707918167114,0.23901571333408356,0.04319186337710913,0.12550742041114543,0.04319186337710913,0.12550742041114543,0.03217470042655482,0.12110055014380705,0.040134915902634516,0.12502638524709173,0.032174700426554834,0.12110055014380705,0.0401349155376765,0.1250263841961307,0.0317759021860149,0.12190400254141254,0.5
lewidi_md,gemma,50,LP-temp,4,64,0.6905461605151965,0.15428185279594378,0.32670264310015756,0.3555195028824362,0.6032057572783774,0.6032057572783774,0.6927664027102772,,-0.01502069996383467,,-0.015020699963834675,,-0.022899194013534234,,-0.01752137912891604,,-0.022899194013534234,,-0.01752137895825168,,0.022732972929940257,,-0.5
lewidi_md,gemma,50,GPP-cosine,4,256,0.8236162658505142,0.15507441302517577,0.3026161959432642,0.2969315606548906,0.6352633300621524,0.6352633300621524,0.46056389808654785,0.012781539000570774,0.05905245456374948,0.10148872429608541,0.05905245456374948,0.10148872429608541,0.057706183075190265,0.10432271573262869,0.05904743961666324,0.10304675999814288,0.057706183075190265,0.1043227157326287,0.059047438459146596,0.10304675991758291,0.05987926321278945,0.15694361970702259,1.0
lewidi_md,gemma,50,GPP-rbf,4,256,0.7199411279851538,0.13190076249746902,0.2710957339497775,0.27640205607435425,0.6735361465489041,0.6735361465489041,0.3971874415874481,0.06524984538555145,0.15106085215411658,0.14740750871706781,0.15106085215411658,0.14740750871706781,0.13933518156673863,0.14569015642331856,0.14852754444543168,0.14789508953132643,0.13933518156673863,0.14569015642331856,0.14852754172898608,0.14789508851042674,0.1311570544213501,0.1878325771840178,1.0
lewidi_md,gemma,50,GPP-laplace,4,256,0.694145981003502,0.12899015290482996,0.27094780884601716,0.28036703731745577,0.6846581615963363,0.6846581615963363,0.35068440437316895,0.14262229204177856,0.15024974336332558,0.1726655681617725,0.15024974336332558,0.1726655681617725,0.13606687026190717,0.1626742954749451,0.14696305311883523,0.17080817140045174,0.1360668702619072,0.1626742954749451,0.146963050238696,0.17080816917074107,0.12172853521278765,0.16304307047044525,0.5
lewidi_md,gemma,50,LPE,4,256,0.8251050866485764,0.1476164131356762,0.28720368637482335,0.2802321054790452,0.6542361792607131,0.6542361792607131,0.24397526681423187,0.182294562458992,0.059003863623794894,0.1346684016898834,0.0590038636237949,0.13466840168988342,0.05131259240718547,0.1319940095947682,0.05706748182975434,0.1347774116469051,0.051312592407185484,0.1319940095947682,0.057067480230286266,0.13477741062902748,0.06086205207628378,0.16075550145521664,0.5
lewidi_md,gemma,50,LP-temp,4,256,0.6797120093755921,0.143221285845275,0.30495904736653534,0.336549760399001,0.643114164213281,0.643114164213281,0.6448721474980904,,-0.02113731147557798,,-0.021137311475577982,,-0.023052665385824227,,-0.021865091180063446,,-0.023052665385824223,,-0.021865091704670776,,0.026712649340781672,,-1.0
lewidi_md,gemma,50,GPP-cosine,4,1024,0.7359387192319878,0.1452993538895404,0.29734416435020583,0.3041116734270225,0.6411514556754988,0.6411514556754988,0.5250155329704285,0.0032716968562453985,0.059937578569992274,0.10157493662346043,0.05993757856999227,0.10157493662346043,0.04605719696767895,0.09611710908127208,0.05612400531869194,0.1006100354028692,0.04605719696767896,0.09611710908127208,0.0561240034527075,0.10061003486636586,0.055316991245673845,0.1507270034628463,0.5
lewidi_md,gemma,50,GPP-rbf,4,1024,0.6543821057166962,0.11836385793203417,0.2590434346807311,0.28463214331773806,0.6997055937193327,0.6997055937193327,0.47041773796081543,0.040548671036958694,0.13831198582804596,0.13853147149842612,0.13831198582804594,0.1385314714984261,0.12602477172074594,0.1381450749081816,0.13552040550546715,0.13936328385280777,0.12602477172074594,0.1381450749081816,0.13552040317825312,0.13936328345669416,0.12746105785927708,0.18816703927171385,1.0
lewidi_md,gemma,50,GPP-laplace,4,1024,0.6523419852035127,0.11674472629992692,0.2550429688519411,0.2735419718834609,0.693490350016356,0.693490350016356,0.37339264154434204,0.12379151582717896,0.19593044006995441,0.20964768065435907,0.19593044006995441,0.20964768065435907,0.18040417592024688,0.1990936025148744,0.19254796984258155,0.20787245225696174,0.18040417592024688,0.1990936025148744,0.19254796679546082,0.20787245032595408,0.17245410587060647,0.2042431118848453,1.0
lewidi_md,gemma,50,LPE,4,1024,0.6426820643659431,0.11879376150018797,0.2635061261128731,0.2887972227265565,0.6921818776578345,0.6921818776578345,0.4958428740501404,0.04131026566028595,0.12652781538044602,0.12455762967198987,0.12652781538044605,0.12455762967198986,0.11243047043662915,0.12431365135556559,0.12310457946795994,0.12533701755339402,0.11243047043662915,0.1243136513555656,0.123104577435347,0.12533701693925697,0.10535348420848349,0.17497856637142273,0.5
lewidi_md,gemma,50,LP-temp,4,1024,0.6259220370866764,0.12299705511876392,0.27459596687066873,0.31793394941144143,0.6902191691200523,0.6902191691200523,0.6297179188062577,,0.13206863659286594,,0.13206863659286594,,0.12035085757964571,,0.12940756983137566,,0.12035085757964573,,0.12940756795877886,,0.135081472819479,,1.0
lewidi_md,gemma,62,GPP-cosine,0,16,1.398127275015247,0.2736857800791614,0.4279605175869803,0.3218108113565212,0.49656526005888124,0.49656526005888124,0.26880738139152527,0.07775403559207916,-0.05266471907820621,-0.02731710800304582,-0.05266471907820621,-0.02731710800304582,-0.05249736658612472,-0.03037676219428353,-0.05297471816509877,-0.028435495906464364,-0.05249736658612472,-0.03037676219428354,-0.05297471870676232,-0.028435496530402296,-0.05409443790626468,-0.03824181036774628,-1.0
lewidi_md,gemma,62,GPP-rbf,0,16,0.6974327823757281,0.14984340805505952,0.3133613077377109,0.32553629423179964,0.6071311743539418,0.6071311743539418,0.4410046339035034,0.18544021248817444,-0.06448158436707736,-0.021682077075436876,-0.06448158436707738,-0.021682077075436873,-0.06812802116137096,-0.02105162903267616,-0.06603325545845645,-0.021638802253381616,-0.06812802116137096,-0.02105162903267616,-0.06603325658222045,-0.021638802748841664,-0.05246808773599844,-0.012305107675056041,-1.0
lewidi_md,gemma,62,GPP-laplace,0,16,0.671080707055018,0.14553087397612816,0.3104532406265376,0.34524915854029326,0.6375531566895649,0.6375531566895649,0.4391937255859375,0.2408057600259781,-0.04801772193013344,-0.01102714518879275,-0.04801772193013344,-0.011027145188792746,-0.050584158070161776,-0.009710985630011354,-0.04912787317923139,-0.010702159048481331,-0.05058415807016178,-0.00971098563001135,-0.04912787412196743,-0.010702159748277583,-0.025999764839266463,0.0037439214997223454,-1.0
lewidi_md,gemma,62,LPE,0,16,0.7439550947153404,0.15713168833805127,0.3185395328510805,0.3152716657891132,0.6104023552502453,0.6104023552502453,0.40911564230918884,0.14684541523456573,-0.05991013254122583,-0.05628841967680502,-0.05991013254122583,-0.05628841967680503,-0.06496754316339766,-0.05354574143999814,-0.061859888782819235,-0.05583948007745218,-0.06496754316339767,-0.05354574143999815,-0.061859890040252496,-0.05583948051930377,-0.05345996867513111,-0.059461521302339504,-1.0
lewidi_md,gemma,62,LP-temp,0,16,0.6912722918957083,0.15459792996913804,0.3273617357208831,0.3558264495106816,0.5852142623487079,0.5852142623487079,0.6930733493385226,,-0.06157587080140708,,-0.06157587080140707,,-0.06282314337092497,,-0.062377467587555496,,-0.06282314337092498,,-0.06237746817896551,,-0.05121490589662184,,-1.0
lewidi_md,gemma,62,GPP-cosine,0,64,1.455287605481862,0.2451466128808479,0.38701882593625064,0.3183317762571184,0.5639515865227347,0.5639515865227347,0.27231094241142273,0.03330923244357109,-0.02005012464633734,-0.004032432847284428,-0.02005012464633734,-0.004032432847284432,-0.016560319490333618,0.002923996656728529,-0.019125450223072035,-0.0019429525735501288,-0.016560319490333618,0.0029239966567285256,-0.019125449717288835,-0.001942952345282363,-0.012163154492606538,0.003373069187227872,-0.5
lewidi_md,gemma,62,GPP-rbf,0,64,0.7005784979215134,0.1403846303469178,0.2940630989940852,0.30016992277884436,0.6254497873732418,0.6254497873732418,0.4270763397216797,0.12000863254070282,0.08191155685594187,0.0868208710694069,0.08191155685594187,0.0868208710694069,0.06947952728129034,0.08404559283641755,0.07868937019629582,0.08657126033554699,0.06947952728129034,0.08404559283641755,0.07868936911457386,0.08657125988687146,0.055091872022415944,0.08774253833352438,0.5
lewidi_md,gemma,62,GPP-laplace,0,64,0.643698037009739,0.1302432027029539,0.28497562899035217,0.316630385413099,0.6630683676807327,0.6630683676807327,0.4187743365764618,0.21118327975273132,0.09279312466414028,0.09668896602361068,0.09279312466414028,0.09668896602361068,0.08302562582335832,0.09509823641055709,0.09045643532960006,0.09686748993795456,0.08302562582335832,0.0950982364105571,0.09045643388947514,0.09686748888028185,0.0777045090884886,0.09766076351835977,0.5
lewidi_md,gemma,62,LPE,0,64,0.7690763519006766,0.15346054411507715,0.30627013320862023,0.2959068029974998,0.62381419692509,0.62381419692509,0.3228474259376526,0.1700943410396576,0.08507965041334958,0.04610036660154683,0.0850796504133496,0.046100366601546844,0.07110517281135725,0.035819329018511446,0.0814097480756068,0.04328738419154478,0.07110517281135727,0.035819329018511446,0.08140974708289936,0.043287382800163796,0.06955589912578233,0.032646786327879054,0.5
lewidi_md,gemma,62,LP-temp,0,64,0.6661284828912857,0.14277453699225495,0.3058090181048562,0.3395261666468257,0.6140006542361792,0.6140006542361792,0.6712358540211715,,0.07199436972195411,,0.07199436972195411,,0.06026853975000773,,0.0689191412732153,,0.06026853975000773,,0.06891914092439004,,0.0605634129086864,,0.5
lewidi_md,gemma,62,GPP-cosine,0,256,1.8717252601422496,0.23211082850610848,0.3554999119333894,0.3029490191407386,0.6185803074910042,0.6185803074910042,0.21672619879245758,0.00715215178206563,0.06791982230804759,0.06566430062649611,0.06791982230804759,0.06566430062649611,0.05907793449308761,0.055847293392003436,0.06569436687778067,0.06312661993657054,0.05907793449308762,0.05584729339200343,0.06569436586257099,0.06312661929396303,0.051463368714674766,0.05119503146751969,0.5
lewidi_md,gemma,62,GPP-rbf,0,256,0.7278507589870202,0.13440034118933367,0.27613588374380815,0.28190690222963166,0.6751717369970559,0.6751717369970559,0.3846195638179779,0.06919457018375397,0.13821824348882195,0.11474339879223602,0.13821824348882192,0.11474339879223605,0.12235297382496153,0.11150888271208137,0.13433707719406207,0.11454538740278299,0.12235297382496155,0.11150888271208138,0.1343370741046943,0.11454538572771426,0.11647650564015771,0.1332050287661409,0.5
lewidi_md,gemma,62,GPP-laplace,0,256,0.6700947172454823,0.12797386739293493,0.2742191529349906,0.28622391673161734,0.6735361465489041,0.6735361465489041,0.3582076132297516,0.16696834564208984,0.13197700575039786,0.12837923178652644,0.13197700575039786,0.12837923178652644,0.1202613070454596,0.12047218413345687,0.12931594412832054,0.1268526361021901,0.1202613070454596,0.12047218413345687,0.1293159411232469,0.12685263361712748,0.11997472726920584,0.12466184936940712,1.0
lewidi_md,gemma,62,LPE,0,256,0.8304078068345019,0.1483761048992147,0.2891435916724179,0.2820190800312141,0.6578344782466471,0.6578344782466471,0.21999309957027435,0.19591458141803741,0.11171735869583718,0.12033271269241264,0.11171735869583718,0.12033271269241264,0.09823603546803494,0.1103332535512511,0.10838010089438539,0.11811416780049033,0.09823603546803496,0.11033325355125112,0.1083800988086415,0.11811416602329883,0.10283499947128569,0.11400862221084615,0.5
lewidi_md,gemma,62,LP-temp,0,256,0.6507629935409731,0.13240077348027207,0.28705547172645574,0.31926506218782835,0.6542361792607131,0.6542361792607131,0.6297608896597757,,0.11962693554549655,,0.11962693554549655,,0.10529040109094617,,0.11608361050930774,,0.10529040109094619,,0.1160836091079129,,0.09695217773175809,,0.5
lewidi_md,gemma,62,GPP-cosine,0,1024,0.9120848904759017,0.15494081227985684,0.2898757969769566,0.2794096318190312,0.6702649656526006,0.6702649656526006,0.3504054844379425,0.00278448686003685,0.14144511397996248,0.10293223549836705,0.14144511397996248,0.10293223549836705,0.1257803729803993,0.09387477801740478,0.13764709142469828,0.10088112689880764,0.12578037298039932,0.09387477801740479,0.1376470898979424,0.10088112622580517,0.13623764592621876,0.13679946240869237,0.5
lewidi_md,gemma,62,GPP-rbf,0,1024,0.6575530926996177,0.1192689904280726,0.2585929857687214,0.2791584222647424,0.6938174681059862,0.6938174681059862,0.35687193274497986,0.14818324148654938,0.17620437440282682,0.16859638461720947,0.17620437440282682,0.16859638461720944,0.1650047088499442,0.16046037896816387,0.1740034687660668,0.16727573119752354,0.16500470884994423,0.1604603789681639,0.17400346622584717,0.1672757298625867,0.16033095410271872,0.1644988028593249,1.0
lewidi_md,gemma,62,GPP-laplace,0,1024,0.6344904232855768,0.11389383036155014,0.25282910487169474,0.27370991594754385,0.7006869479882237,0.7006869479882237,0.36073821783065796,0.14959873259067535,0.2194301210865971,0.22209618120338454,0.2194301210865971,0.22209618120338448,0.204009522738121,0.2077343608099573,0.21624086125299202,0.21924742079728246,0.204009522738121,0.2077343608099573,0.216240857914803,0.2192474181034726,0.19413372006133617,0.211122463441497,1.0
lewidi_md,gemma,62,LPE,0,1024,0.642344599154357,0.11419185456703143,0.25246122641982294,0.27085859762121833,0.6954530585541381,0.6954530585541381,0.45823681354522705,0.037800561636686325,0.2208971036412597,0.12557305556051207,0.22089710364125964,0.12557305556051207,0.20551750210073205,0.12487141186191318,0.21773037453550825,0.1262201168975927,0.20551750210073208,0.12487141186191318,0.2177303717563748,0.12622011578988981,0.18909242813154345,0.17088084023579453,1.0
lewidi_md,gemma,62,LP-temp,0,1024,0.6091609503485299,0.11241249415560575,0.25514994796695,0.2905631528994342,0.6918547595682041,0.6918547595682041,0.5775939434598956,,0.2256290268705048,,0.2256290268705048,,0.2104812525370907,,0.22256528157649536,,0.2104812525370907,,0.22256527911327673,,0.18863239476841215,,1.0
lewidi_md,gemma,62,GPP-cosine,1,16,1.0629011409881244,0.22464316252461466,0.38411351980041586,0.3032410115961104,0.5227347072293098,0.5227347072293098,0.3484214246273041,0.09439756721258163,0.01619678469473852,0.025458547836369885,0.016196784694738526,0.025458547836369888,0.016125767099034863,0.027897402907420175,0.016286173872523603,0.02637526465717875,0.016125767099034863,0.027897402907420182,0.016286173790427676,0.026375264901544376,0.015142359750985688,0.026557630932534174,1.0
lewidi_md,gemma,62,GPP-rbf,1,16,0.7523142725369453,0.14967520265147624,0.3001601379620637,0.28736509611556216,0.6627412495911024,0.6627412495911024,0.33708804845809937,0.13413819670677185,0.012357828605131042,0.034783450982954864,0.012357828605131044,0.03478345098295487,0.010426173611360102,0.03749308237284456,0.011854642584329642,0.03584648277992769,0.010426173611360098,0.03749308237284456,0.011854641131222376,0.03584648215686378,0.007744273619107514,0.033702005700758035,0.5
lewidi_md,gemma,62,GPP-laplace,1,16,0.6668611541155105,0.13481923430760873,0.2885809264099789,0.2971773740194846,0.666993784756297,0.666993784756297,0.3806511461734772,0.20611003041267395,0.036557053698447535,0.04426579366208938,0.03655705369844753,0.04426579366208939,0.036505478101547105,0.04660654035436108,0.03679189639696066,0.04528154533456326,0.036505478101547105,0.04660654035436109,0.03679189548613772,0.04528154474264897,0.03345539257244378,0.04251749993450764,1.0
lewidi_md,gemma,62,LPE,1,16,0.9596107048905619,0.1808221563628644,0.32407361725699796,0.3027847795094077,0.6604514229636899,0.6604514229636899,0.2550444006919861,0.06841746717691422,-0.024859277559993072,-0.030870078158519835,-0.024859277559993075,-0.030870078158519828,-0.03155423269909732,-0.0354906449274022,-0.02706718658302907,-0.032487863199670286,-0.03155423269909732,-0.0354906449274022,-0.027067188133718292,-0.03248786475393703,-0.027099267642158486,-0.016983295049161982,-0.5
lewidi_md,gemma,62,LP-temp,1,16,0.7944628701616641,0.15805643008767373,0.30943774446213723,0.2974995934556227,0.6529277069021917,0.6529277069021917,0.44566015487794747,,-0.02415974039954083,,-0.024159740399540826,,-0.03024481115270425,,-0.026177243343357103,,-0.030244811152704245,,-0.02617724503618824,,-0.027669354943358045,,-0.5
lewidi_md,gemma,62,GPP-cosine,1,64,1.8346428249591031,0.2731189720486333,0.4111572457991181,0.31020669593758704,0.5364736669937847,0.5364736669937847,0.23657022416591644,0.029699169099330902,0.028325648430111806,0.008119372381555027,0.028325648430111795,0.008119372381555018,0.02443912892185049,0.0075460525308138375,0.027336953437962653,0.008000533625327483,0.024439128921850496,0.0075460525308138375,0.027336952693090326,0.008000533341343978,0.032950998608724816,0.02936925533973684,0.5
lewidi_md,gemma,62,GPP-rbf,1,64,0.749110543989112,0.15789010246588886,0.3169202747024196,0.30175654960639264,0.5848871442590775,0.5848871442590775,0.42819350957870483,0.13127991557121277,0.08089258271651714,0.07966668567309101,0.08089258271651714,0.07966668567309101,0.07666431033415125,0.07978400331093928,0.08016013973613818,0.08024837571122383,0.07666431033415125,0.07978400331093927,0.08016013865114621,0.08024837504885496,0.06615695804848092,0.07592613247170159,1.0
lewidi_md,gemma,62,GPP-laplace,1,64,0.6623594599098648,0.1380558728367264,0.29632094820262483,0.32309241076927264,0.6470395812888453,0.6470395812888453,0.42396628856658936,0.21792517602443695,0.10986036468898683,0.10445336277158813,0.10986036468898681,0.10445336277158813,0.10209745052567577,0.09970160941186892,0.10825071777821708,0.10372307472435531,0.10209745052567577,0.09970160941186892,0.10825071690394786,0.10372307400388438,0.10344706614524564,0.10254176619398903,1.0
lewidi_md,gemma,62,LPE,1,64,0.8457617951608238,0.17199209966571533,0.32773557581039336,0.2949810399292763,0.586195616617599,0.586195616617599,0.3086096942424774,0.18316954374313354,0.060658974254885985,0.07641828949328756,0.06065897425488598,0.07641828949328756,0.05382572264272685,0.07918564486299874,0.058995064783278456,0.0777842281258275,0.05382572264272686,0.07918564486299876,0.05899506334368779,0.07778422795285383,0.05182081966180281,0.07773645896239456,0.5
lewidi_md,gemma,62,LP-temp,1,64,0.693478763736515,0.15223291942640765,0.31866451438359844,0.3355078709396423,0.5629702322538437,0.5629702322538437,0.6612389372725814,,0.0011154519376016074,,0.0011154519376016057,,-0.00014856350071350537,,0.0007384067630145479,,-0.00014856350071350277,,0.000738406595716239,,0.008744166356264769,,-0.5
lewidi_md,gemma,62,GPP-cosine,1,256,1.531678520229194,0.22689129823366552,0.361138805725396,0.30179547965363934,0.5865227347072293,0.5865227347072293,0.2613883912563324,0.008986219763755798,0.05580913007719643,0.06344763758875016,0.05580913007719642,0.06344763758875016,0.051928819780351465,0.06189244505468349,0.05501067939187368,0.06340916155833615,0.051928819780351465,0.061892445054683484,0.05501067950475859,0.06340916156891997,0.06496527999791309,0.0767707882165747,1.0
lewidi_md,gemma,62,GPP-rbf,1,256,0.7239095388125159,0.13303576068311976,0.2751973187020807,0.2759530575368068,0.6692836113837095,0.6692836113837095,0.3822679817676544,0.07384513318538666,0.16013428134609511,0.15479329410342485,0.16013428134609514,0.1547932941034248,0.14594701194344795,0.14940990273013163,0.15691399557650465,0.154215772093357,0.14594701194344795,0.14940990273013163,0.15691399377293686,0.15421577120124758,0.13935815751360803,0.16480494071304255,1.0
lewidi_md,gemma,62,GPP-laplace,1,256,0.6690748980330489,0.12705510897906627,0.2731980999778148,0.28352444461379944,0.6813869807000327,0.6813869807000327,0.3566289246082306,0.1696828007698059,0.15191021203958266,0.15107885656132308,0.15191021203958266,0.15107885656132308,0.134683678119357,0.13683821659853246,0.14770859549799237,0.14778026780447845,0.13468367811935703,0.13683821659853249,0.14770859366192995,0.14778026633538432,0.12939210584312605,0.14003848139818306,0.5
lewidi_md,gemma,62,LPE,1,256,0.7885075120073213,0.14259345389832515,0.2849842093799985,0.2694781030354581,0.643114164213281,0.643114164213281,0.2237728089094162,0.2155326008796692,0.13917994708505887,0.1942383829735856,0.13917994708505887,0.1942383829735856,0.12246656731304423,0.18364394740262352,0.13504725832719672,0.19234526652560455,0.12246656731304423,0.18364394740262358,0.13504725704771875,0.1923452660075526,0.12795922890236555,0.18975923378279186,0.5
lewidi_md,gemma,62,LP-temp,1,256,0.6520843280085126,0.1351199676697461,0.2951120191464876,0.33138357743726693,0.643114164213281,0.643114164213281,0.6543928660038307,,0.10782207464528537,,0.10782207464528537,,0.09287765931481695,,0.10401284433191367,,0.09287765931481698,,0.10401284354040187,,0.14200320098818908,,0.5
lewidi_md,gemma,62,GPP-cosine,1,1024,0.8997778311640755,0.15179037393590472,0.28783102755192347,0.27957291524442923,0.6709192018318613,0.6709192018318613,0.3475727140903473,0.002714032307267189,0.1371801867422855,0.12663732219483329,0.1371801867422855,0.12663732219483326,0.1264486845898595,0.11966066626313768,0.13485431432352238,0.12538194347184944,0.12644868458985953,0.11966066626313769,0.13485431343210108,0.12538194336261055,0.13034025093358714,0.15139950092635826,1.0
lewidi_md,gemma,62,GPP-rbf,1,1024,0.6566213402091523,0.12029891145068813,0.26221286169598534,0.2813751549525636,0.6797513902518809,0.6797513902518809,0.35834285616874695,0.15567156672477722,0.169316286958452,0.16170126197777274,0.169316286958452,0.1617012619777727,0.15270812429524536,0.14963712374134902,0.16542215554967446,0.1591378679210466,0.15270812429524538,0.14963712374134908,0.1654221528232598,0.15913786616480513,0.1485357739269959,0.15050686591784254,0.5
lewidi_md,gemma,62,GPP-laplace,1,1024,0.640039073457363,0.11542961949345866,0.2552543250974274,0.27346313213995127,0.689892051030422,0.689892051030422,0.3576047122478485,0.15224595367908478,0.22023398999213814,0.21980051104292403,0.2202339899921381,0.21980051104292397,0.20185202732970828,0.20385156230330384,0.21614897933662602,0.21645299175408378,0.2018520273297083,0.20385156230330384,0.2161489762986733,0.21645298910870042,0.19379121634212437,0.20495751577477914,1.0
lewidi_md,gemma,62,LPE,1,1024,0.6324537227664173,0.11158090162377232,0.24845559756791125,0.2703691359138364,0.7049394831534184,0.7049394831534184,0.4643411338329315,0.03937400132417679,0.22557112271066543,0.1534419370050152,0.22557112271066543,0.1534419370050152,0.2107190904241517,0.15111717165036512,0.22259698655465834,0.1537860142504659,0.2107190904241517,0.15111717165036515,0.22259698386829757,0.15378601344800258,0.20099228838627706,0.20291295321435066,1.0
lewidi_md,gemma,62,LP-temp,1,1024,0.6068159667712788,0.11153307452142855,0.25378649857839464,0.29035367599684353,0.7049394831534184,0.7049394831534184,0.5781537250170887,,0.2284323656247773,,0.22843236562477728,,0.21354047848990837,,0.22546570923536297,,0.21354047848990837,,0.22546570674244404,,0.20387055779011207,,1.0
lewidi_md,gemma,62,GPP-cosine,2,16,1.4982557748975263,0.24691372625312125,0.39292186757443254,0.3121971120761824,0.544978737324174,0.544978737324174,0.27972081303596497,0.07559110969305038,-0.009580708861493186,-0.004478407202628883,-0.009580708861493181,-0.004478407202628881,-0.008604947850556684,-0.0020885684836486063,-0.009349406463603067,-0.003781777163570329,-0.00860494785055668,-0.0020885684836486045,-0.009349405894454304,-0.0037817765634758976,-0.009909248111125852,-0.009728587445695849,-0.5
lewidi_md,gemma,62,GPP-rbf,2,16,0.7991510468591523,0.16013986228654825,0.30982591008988664,0.2890669055214285,0.6611056591429506,0.6611056591429506,0.3281085193157196,0.1240626871585846,0.0029204342562079,0.02571913478578136,0.002920434256207902,0.02571913478578136,0.009957603387119438,0.030227800993158277,0.005082137388693068,0.02726756272452271,0.009957603387119441,0.03022780099315829,0.0050821386260621205,0.027267563609524245,0.006465930612142927,0.025911802180569824,0.5
lewidi_md,gemma,62,GPP-laplace,2,16,0.695160908982412,0.1408921880778673,0.29289401377196944,0.2855967841348615,0.6650310762185149,0.6650310762185149,0.35904812812805176,0.19154676795005798,0.025377862166598226,0.03340963524864866,0.025377862166598222,0.033409635248648664,0.03112287578273472,0.03895206582830554,0.02730022054754089,0.03532538436696901,0.03112287578273472,0.03895206582830554,0.027300221250658688,0.03532538498765534,0.03099764417458625,0.03539958992786223,0.5
lewidi_md,gemma,62,LPE,2,16,0.9972227214765009,0.1887581042052202,0.32947647010401504,0.30274724066729675,0.6594700686947988,0.6594700686947988,0.23983891308307648,0.06660625338554382,-0.022077384602041162,-0.02994346571191541,-0.022077384602041165,-0.02994346571191541,-0.018113441429619195,-0.019890597937433342,-0.021022304839758785,-0.027089195083479213,-0.018113441429619206,-0.019890597937433342,-0.021022303901633926,-0.027089194382956316,-0.012816352547551922,-0.019162010149446164,-0.5
lewidi_md,gemma,62,LP-temp,2,16,0.7389013428070671,0.15172183045288445,0.3063038293122208,0.29173375453784256,0.6473666993784757,0.6473666993784757,0.5203285608620409,,-0.008113408495280122,,-0.008113408495280118,,-0.004647270502505324,,-0.007114130134974635,,-0.004647270502505327,,-0.007114128999547664,,-0.011844887784393333,,-0.5
lewidi_md,gemma,62,GPP-cosine,2,64,1.6273932045751482,0.24642216130552494,0.3799614372597866,0.30818579300584886,0.5796532548249919,0.5796532548249919,0.22879526019096375,0.02871217392385006,0.02677328489569566,0.02453636691993271,0.026773284895695654,0.024536366919932707,0.024037504192811032,0.01664537255440052,0.02612416620914839,0.022302982818142743,0.024037504192811036,0.016645372554400524,0.026124166090074837,0.022302982645625125,0.03069490695127575,0.03427557440814239,0.5
lewidi_md,gemma,62,GPP-rbf,2,64,0.700049867693379,0.1423515237314844,0.2951382621383982,0.2984213207638499,0.6211972522080471,0.6211972522080471,0.43860650062561035,0.12047259509563446,0.10907518780244152,0.09663631364295672,0.10907518780244152,0.09663631364295672,0.10045214572149218,0.09206407329693078,0.10719838890827244,0.09590708532362613,0.10045214572149218,0.09206407329693078,0.10719838749530014,0.0959070844527898,0.09475942080503379,0.09111820889642788,1.0
lewidi_md,gemma,62,GPP-laplace,2,64,0.6487168920533278,0.13365770313157016,0.29043443744473885,0.32943697409205414,0.6666666666666666,0.6666666666666666,0.4342343211174011,0.21799737215042114,0.09660343847844785,0.09307858772745176,0.09660343847844785,0.09307858772745176,0.0839866713185222,0.08408201051511954,0.09342571785088644,0.09097847665572004,0.0839866713185222,0.08408201051511954,0.09342571587196928,0.09097847509860629,0.0939970131391971,0.09724217021929264,0.5
lewidi_md,gemma,62,LPE,2,64,0.7929135925043189,0.16103033820891585,0.31443410531728977,0.2952797220620578,0.6028786391887472,0.6028786391887472,0.3327571749687195,0.16301965713500977,0.07839352879082666,0.04373569227033097,0.07839352879082664,0.043735692270330966,0.07233154404824171,0.04260216051313516,0.07708588781516433,0.0436904509079723,0.07233154404824173,0.04260216051313516,0.07708588702293495,0.04369045086315684,0.07479439778920478,0.041941173127176164,1.0
lewidi_md,gemma,62,LP-temp,2,64,0.6753733239332701,0.1456582173948485,0.3096293540864259,0.33500499934045946,0.5793261367353615,0.5793261367353615,0.6629512603729787,,0.0452627058940154,,0.04526270589401539,,0.04236966525874119,,0.04469244173419583,,0.04236966525874119,,0.0446924416865188,,0.05146757017053001,,1.0
lewidi_md,gemma,62,GPP-cosine,2,256,1.5251176448879484,0.2158865043488007,0.3470089442971723,0.3082120017789143,0.6254497873732418,0.6254497873732418,0.25590017437934875,0.009260551072657108,0.028301450539916763,0.02204496793053038,0.028301450539916763,0.02204496793053038,0.016453165654050705,0.014130016066002015,0.02488951027955536,0.019787218125379147,0.016453165654050708,0.01413001606600202,0.024889509880098692,0.019787217969459148,0.02405559754126446,0.03729060872429959,0.5
lewidi_md,gemma,62,GPP-rbf,2,256,0.7619507553887984,0.1412120923649107,0.2835938879589768,0.2845343823257351,0.671573438011122,0.671573438011122,0.36474207043647766,0.07031279802322388,0.11107259588136982,0.1133203024151336,0.1110725958813698,0.11332030241513358,0.08965449785572119,0.1042539513035249,0.10531544546745514,0.11133768044811074,0.08965449785572119,0.10425395130352491,0.1053154414279672,0.11133767811465098,0.08801857858302556,0.11788696451587674,0.5
lewidi_md,gemma,62,GPP-laplace,2,256,0.6964059457451237,0.13397765953633886,0.2810670982153357,0.28115980653176337,0.6679751390251881,0.6679751390251881,0.3378320038318634,0.15946310758590698,0.12592682665506172,0.12649863036500505,0.12592682665506172,0.12649863036500505,0.10951536177543998,0.11337569729505075,0.1217951939139077,0.12337174642695287,0.10951536177544,0.11337569729505077,0.12179519083264359,0.12337174389409614,0.10910930835214405,0.11754218396134125,0.5
lewidi_md,gemma,62,LPE,2,256,0.82957006117541,0.14863090675047494,0.29015856639250687,0.29003609565050553,0.6509649983644096,0.6509649983644096,0.21178916096687317,0.2184295952320099,0.05617314096890359,0.1101141275685482,0.05617314096890358,0.1101141275685482,0.0356980924504241,0.09771150610038433,0.05032675120207841,0.10709417374192183,0.035698092450424115,0.09771150610038434,0.05032674794680183,0.10709417123494686,0.04112738860086507,0.10396032820837019,0.5
lewidi_md,gemma,62,LP-temp,2,256,0.6484289193037922,0.13078757912603722,0.2850715233403379,0.31772857305638974,0.6529277069021917,0.6529277069021917,0.6194129126467576,,0.09415539979309846,,0.09415539979309846,,0.07671921015250811,,0.08949416137028861,,0.0767192101525081,,0.08949415891625082,,0.058467796755376535,,0.5
lewidi_md,gemma,62,GPP-cosine,2,1024,0.909808804172065,0.1573224428471629,0.2938184618029077,0.28149608210329374,0.6630683676807327,0.6630683676807327,0.3586600720882416,0.0026150960475206375,0.1330055487803803,0.11599819194966607,0.1330055487803803,0.11599819194966605,0.12145590603040271,0.10610934014972598,0.13040207352993452,0.11378360314206776,0.12145590603040271,0.10610934014972598,0.13040207214373165,0.11378360216865147,0.1286194267808069,0.13976782545528119,1.0
lewidi_md,gemma,62,GPP-rbf,2,1024,0.6553978417991863,0.12133921343251067,0.2633145471892311,0.2844180580395955,0.6869479882237488,0.6869479882237488,0.3730672299861908,0.15128524601459503,0.16759836652849763,0.16343180359940457,0.16759836652849763,0.16343180359940457,0.15181439541794534,0.15144557472455028,0.1639432955850494,0.16090398048647542,0.1518143954179454,0.15144557472455028,0.16394329267770474,0.16090397894948252,0.15224989027464692,0.15540743864069215,0.5
lewidi_md,gemma,62,GPP-laplace,2,1024,0.6305351815721447,0.11456761455660348,0.2554425264849295,0.27964623058908655,0.7019954203467452,0.7019954203467452,0.3765217959880829,0.15473200380802155,0.20876032313782883,0.21518912788365685,0.20876032313782883,0.21518912788365685,0.1893745076417359,0.19659184613648903,0.20429116710749284,0.21100401280215847,0.1893745076417359,0.19659184613648906,0.20429116345199766,0.21100400989227863,0.1815488943692353,0.20492160777772797,0.5
lewidi_md,gemma,62,LPE,2,1024,0.6333225567572796,0.1147911953404867,0.25529366185550334,0.28031438735733033,0.6967615309126595,0.6967615309126595,0.4882335662841797,0.03668263182044029,0.19932412691176438,0.11473991319797096,0.19932412691176438,0.11473991319797094,0.18325645937706733,0.10659042080419553,0.1958001444744569,0.11304605664907397,0.18325645937706733,0.10659042080419556,0.1958001412149936,0.11304605560030814,0.17316738385040606,0.1613441935991126,1.0
lewidi_md,gemma,62,LP-temp,2,1024,0.6111284515988025,0.11537804770666249,0.26053433431250156,0.3010279681724139,0.7016683022571149,0.7016683022571149,0.6001866453909372,,0.20537729789983603,,0.20537729789983603,,0.18869222858446405,,0.20170690038281655,,0.18869222858446405,,0.2017068975182924,,0.17780239654373503,,1.0
lewidi_md,gemma,62,GPP-cosine,3,16,1.1924166302150407,0.23720916162636746,0.3902276059451918,0.30554566869562194,0.540399084069349,0.540399084069349,0.2909786105155945,0.07665996998548508,-0.0004059614521650882,0.00574932628114308,-0.0004059614521650899,0.005749326281143077,-0.007257708020815468,-0.00017636892057328133,-0.002494000556505574,0.003985305649618312,-0.007257708020815471,-0.00017636892057328393,-0.0024940007298421135,0.003985305305365743,-0.006194621918378267,-0.0015953942602808635,-0.5
lewidi_md,gemma,62,GPP-rbf,3,16,0.7085050640415871,0.14278922109420794,0.29537255838598675,0.29287304012061255,0.6561988877984952,0.6561988877984952,0.3874276876449585,0.14943087100982666,0.054900590178121225,0.07092409651343343,0.054900590178121225,0.07092409651343343,0.04501390183562224,0.06551842763935377,0.0522679350356931,0.06976500754089271,0.04501390183562225,0.06551842763935378,0.052267934558870244,0.06976500711679322,0.04867179435623649,0.06865568704632814,0.5
lewidi_md,gemma,62,GPP-laplace,3,16,0.6547240272152206,0.13319177899813095,0.2889188228429124,0.31030611998829044,0.6656853123977756,0.6656853123977756,0.4005729556083679,0.21589526534080505,0.06508416746687698,0.06790376642512091,0.06508416746687698,0.0679037664251209,0.05739265429073764,0.06305796718461323,0.0631893826357378,0.06689436842450629,0.05739265429073763,0.06305796718461323,0.06318938144823065,0.06689436742306025,0.06111729096533056,0.06310615843678286,0.5
lewidi_md,gemma,62,LPE,3,16,0.788681733639796,0.1557618126336288,0.3052059736762849,0.2912412565223503,0.6545632973503435,0.6545632973503435,0.34462207555770874,0.10809899121522903,0.04873728225698751,0.017516540153329294,0.0487372822569875,0.017516540153329287,0.03979853107027159,0.016956671890920663,0.04635088234446562,0.017466197558506612,0.039798531070271585,0.016956671890920663,0.04635088192704424,0.01746619710937619,0.0438117005830897,0.01148700983251704,0.5
lewidi_md,gemma,62,LP-temp,3,16,0.6728806404315232,0.14691113547507684,0.3141061241601476,0.35085001580353536,0.6336277396140007,0.6336277396140007,0.6880266055737271,,0.03488881278020309,,0.03488881278020309,,0.026983011521594578,,0.032721871547365215,,0.026983011521594574,,0.032721870903737946,,0.038304411900939,,0.5
lewidi_md,gemma,62,GPP-cosine,3,64,1.798012568508588,0.24721311116434241,0.3827442579575746,0.3193236554929618,0.572456656853124,0.572456656853124,0.23240092396736145,0.03082411363720894,-0.015347290039868101,-0.004804769162987579,-0.0153472900398681,-0.00480476916298757,-0.01945340604717525,-0.005251548673988698,-0.016702123926568634,-0.004973670684796232,-0.01945340604717525,-0.005251548673988698,-0.0167021245152767,-0.0049736709427051955,-0.02741565231326312,-0.019641717460389865,-0.5
lewidi_md,gemma,62,GPP-rbf,3,64,0.8110449210439956,0.15529205355410694,0.300376849413213,0.28691135459251366,0.6555446516192346,0.6555446516192346,0.3198350667953491,0.09864982217550278,0.07964517841946223,0.09683478053036179,0.07964517841946221,0.0968347805303618,0.07203814551336313,0.09404286825208574,0.07787589633324482,0.09664873647411851,0.07203814551336313,0.09404286825208576,0.07787589471032574,0.09664873528562115,0.07697319596749587,0.08990767056180052,0.5
lewidi_md,gemma,62,GPP-laplace,3,64,0.7181864386103961,0.14228103317781957,0.29087913940798665,0.28003207241892886,0.6666666666666666,0.6666666666666666,0.3327564597129822,0.16959960758686066,0.08768253801912204,0.0887530347787591,0.08768253801912203,0.08875303477875908,0.08160274144982932,0.0843041263288335,0.08643313726276698,0.08800731415875344,0.08160274144982932,0.0843041263288335,0.08643313648034658,0.08800731339377099,0.09112077951617574,0.08971018637821161,1.0
lewidi_md,gemma,62,LPE,3,64,0.9548520686396192,0.17043911482176316,0.30883247127664504,0.29260684713756074,0.6526005888125613,0.6526005888125613,0.2219870388507843,0.12893100082874298,0.06185802219089312,0.09254491455135419,0.06185802219089312,0.09254491455135419,0.05289812625041146,0.08594616744836368,0.059555108442841176,0.0911709003546752,0.05289812625041147,0.0859461674483637,0.059555106509634664,0.09117089972541922,0.05554973124165427,0.08821314712750643,0.5
lewidi_md,gemma,62,LP-temp,3,64,0.6587358441585627,0.13932838004244347,0.3008886035536376,0.33612992923801654,0.6342819757932614,0.6342819757932614,0.6643939385031559,,0.01321818636138875,,0.01321818636138875,,0.008972552882331055,,0.012016661715950203,,0.00897255288233106,,0.01201666070892549,,0.024486694518281473,,0.5
lewidi_md,gemma,62,GPP-cosine,3,256,1.5382018608995027,0.22750623679262982,0.36443978631269586,0.30505076045348356,0.5930650964998364,0.5930650964998364,0.2772744297981262,0.009051177650690079,0.029510352200199576,0.045436088199471446,0.029510352200199576,0.04543608819947144,0.02099347631825544,0.03680495052635114,0.027120576236379916,0.04312068289975676,0.020993476318255436,0.03680495052635113,0.027120576263176904,0.043120682717677515,0.025983948477563284,0.03746284270756586,0.5
lewidi_md,gemma,62,GPP-rbf,3,256,0.7206243124614563,0.13779184351802534,0.2855009946390893,0.29035556235479,0.6535819430814525,0.6535819430814525,0.418567031621933,0.07999678701162338,0.10145131334201549,0.10162246579715467,0.10145131334201549,0.10162246579715467,0.08291146195605993,0.0930460612187249,0.09650418872150843,0.09970878423894869,0.08291146195605995,0.09304606121872491,0.09650418680794146,0.09970878324841276,0.08220332102877566,0.10696479369255796,0.5
lewidi_md,gemma,62,GPP-laplace,3,256,0.6582556512025762,0.1281093992100376,0.2775323478517811,0.29849385268781653,0.6689564932940791,0.6689564932940791,0.38732171058654785,0.1844426542520523,0.11725276693534092,0.12020324512229928,0.11725276693534091,0.12020324512229925,0.09912021171366855,0.10446137544432456,0.11253789189518613,0.11623617077881995,0.09912021171366855,0.10446137544432457,0.11253788958677559,0.11623616873184897,0.10999574060607115,0.12320433994417247,0.5
lewidi_md,gemma,62,LPE,3,256,0.8167430332232655,0.14951193726987025,0.2959382324691802,0.29208497197412664,0.6427870461236507,0.6427870461236507,0.2473577857017517,0.2130582630634308,0.05617700221117085,0.11481140449152963,0.05617700221117085,0.11481140449152961,0.042125387801672645,0.0985294091621835,0.0522855434196031,0.11064299629087493,0.042125387801672645,0.0985294091621835,0.05228554162977256,0.11064299474372802,0.04008134030641688,0.10030532022612611,0.5
lewidi_md,gemma,62,LP-temp,3,256,0.6736630395399218,0.14223955823557557,0.30419659304476315,0.33869832533854843,0.6290480863591756,0.6290480863591756,0.6592567021429263,,0.02249899110651265,,0.022498991106512652,,0.013252270499751608,,0.01983904310321248,,0.013252270499751605,,0.01983904220221002,,0.04862906766739811,,0.5
lewidi_md,gemma,62,GPP-cosine,3,1024,0.8640868658332569,0.14905530969625552,0.28513219435114795,0.2771530974530764,0.6650310762185149,0.6650310762185149,0.36428675055503845,0.0026768685784190893,0.14648523222142756,0.14009781355948947,0.14648523222142756,0.14009781355948947,0.13124797992884565,0.12677629081392555,0.1428518531703878,0.1370036912439341,0.13124797992884568,0.12677629081392555,0.14285185194541783,0.13700369049026853,0.13722883156548774,0.1513553523419507,0.5
lewidi_md,gemma,62,GPP-rbf,3,1024,0.6679284021335309,0.12314430678265972,0.2642339816990092,0.28165797732022907,0.689892051030422,0.689892051030422,0.3557858467102051,0.1515733152627945,0.1701755293389519,0.15646360589810895,0.17017552933895186,0.15646360589810895,0.15792588016011666,0.14973774155655312,0.16761375431072456,0.15548896365313727,0.15792588016011666,0.14973774155655312,0.16761375106926282,0.155488961785064,0.15390071713191106,0.15314679087483027,1.0
lewidi_md,gemma,62,GPP-laplace,3,1024,0.6504660879558137,0.11852775107352147,0.2595067973403881,0.2757676177455389,0.6941445861956166,0.6941445861956166,0.35638388991355896,0.1507936716079712,0.20556144596638565,0.1971191537887755,0.2055614459663856,0.19711915378877554,0.18880197256947218,0.18390370738257464,0.20186966638655757,0.19444810330224757,0.1888019725694722,0.18390370738257464,0.20186966277320204,0.19444810032618326,0.1763210597090547,0.18549885045118306,1.0
lewidi_md,gemma,62,LPE,3,1024,0.6367335558409967,0.1143774793883119,0.2535391815291697,0.2731335951941884,0.7023225384363755,0.7023225384363755,0.467998743057251,0.038862574845552444,0.215393494184458,0.1576355538127507,0.21539349418445797,0.1576355538127507,0.19705030434763987,0.15270712578549325,0.2112871098983543,0.15721597417577782,0.19705030434763987,0.15270712578549325,0.2112871070123173,0.15721597284356997,0.18538727598601362,0.19414252879055272,1.0
lewidi_md,gemma,62,LP-temp,3,1024,0.6090767004367202,0.11371911371427385,0.25764057993024064,0.2972191962771285,0.7006869479882237,0.7006869479882237,0.5922506716004271,,0.215257746178453,,0.215257746178453,,0.19858230571508922,,0.21165799351571837,,0.19858230571508922,,0.21165799085375164,,0.19822366880356385,,1.0
lewidi_md,gemma,62,GPP-cosine,4,16,1.5794780643317048,0.2679850055222265,0.4128588578885769,0.30682743145706,0.5158652273470723,0.5158652273470723,0.23938140273094177,0.06276384741067886,0.032916300047777375,0.024679613552701797,0.03291630004777736,0.024679613552701794,0.025897540071921618,0.019449849529135376,0.03100580211717161,0.023257128597471248,0.025897540071921625,0.019449849529135373,0.031005801812165817,0.023257128302719636,0.03545931939298183,0.03234506578549411,0.5
lewidi_md,gemma,62,GPP-rbf,4,16,0.7515704698725756,0.1500966249967097,0.29893565499813274,0.28283424076028735,0.6584887144259077,0.6584887144259077,0.3490599989891052,0.14146515727043152,0.07655664350801218,0.06836823241712632,0.07655664350801217,0.0683682324171263,0.07590587132082002,0.07179312687485219,0.0768832592138252,0.06987911608743524,0.07590587132082002,0.07179312687485219,0.07688325989331343,0.069879116707171,0.07715692140846576,0.07112677754236048,1.0
lewidi_md,gemma,62,GPP-laplace,4,16,0.6756351531167216,0.1369357218459477,0.28984970466097,0.29303571425734554,0.6666666666666666,0.6666666666666666,0.3763265907764435,0.2041948437690735,0.08613380075005217,0.07985870142861665,0.08613380075005217,0.07985870142861665,0.08657165992945325,0.08208775371603541,0.08685736579314954,0.08108439162026759,0.08657165992945326,0.08208775371603541,0.08685736642168182,0.08108439219172746,0.0836488842326381,0.07866436413494914,1.0
lewidi_md,gemma,62,LPE,4,16,0.8873426666391717,0.16929200177293005,0.31210242077922984,0.2877897047954689,0.6542361792607131,0.6542361792607131,0.297483891248703,0.09070413559675217,0.05545636804540347,0.04830764846295539,0.05545636804540347,0.04830764846295539,0.054325170736947995,0.04736964422850836,0.05549216333115717,0.048353247171701565,0.054325170736947995,0.04736964422850837,0.0554921638768263,0.04835324787906248,0.05770910616995303,0.044334905567640595,1.0
lewidi_md,gemma,62,LP-temp,4,16,0.6853050462292902,0.14103221811198108,0.2973775896441413,0.3048565182957436,0.6378802747791953,0.6378802747791953,0.5907460389652736,,0.04998824131594233,,0.04998824131594233,,0.04461191450610948,,0.04869460103053994,,0.04461191450610948,,0.048694601572355,,0.05821824369986511,,0.5
lewidi_md,gemma,62,GPP-cosine,4,64,1.5500727616503969,0.24703514242228986,0.3867912543866756,0.3024495739753291,0.5652600588812562,0.5652600588812562,0.26577499508857727,0.03352825343608856,0.053109365502941513,0.030954460846818722,0.053109365502941513,0.030954460846818726,0.052499684547398236,0.03206929225315726,0.053287793909620226,0.03150589056264805,0.05249968454739824,0.03206929225315726,0.05328779442485691,0.03150589091355689,0.06103316421651072,0.0513428967856838,1.0
lewidi_md,gemma,62,GPP-rbf,4,64,0.6902204118307208,0.13838261450461295,0.2907132241889557,0.2983872273351252,0.6496565260058881,0.6496565260058881,0.43133705854415894,0.1269531399011612,0.09523301294617446,0.08684746651630235,0.09523301294617445,0.08684746651630235,0.08633517590929397,0.08369549803789769,0.09317771749016746,0.08648339634251119,0.08633517590929397,0.08369549803789769,0.0931777153663442,0.08648339496998224,0.06860637355146809,0.08194089300448705,0.5
lewidi_md,gemma,62,GPP-laplace,4,64,0.6491480452035064,0.13197138617721318,0.2882766158679195,0.3177819350463931,0.6584887144259077,0.6584887144259077,0.4166308045387268,0.21244870126247406,0.07852200758123526,0.07516752240164494,0.07852200758123526,0.07516752240164493,0.06353893755139355,0.0639425443987433,0.07450020877792787,0.07226646977858958,0.06353893755139356,0.0639425443987433,0.07450020652081821,0.07226646792757482,0.05639773991661323,0.06584001663320965,0.5
lewidi_md,gemma,62,LPE,4,64,0.7354535181002108,0.1485986489851063,0.30105444500354567,0.2928703583614557,0.6241413150147204,0.6241413150147204,0.2976532578468323,0.22587576508522034,0.06555231086608099,0.11128542441344175,0.06555231086608099,0.11128542441344175,0.05987186963883671,0.10480596967725261,0.06427278296201125,0.11007615132888512,0.05987186963883671,0.10480596967725261,0.0642727816598119,0.1100761502944432,0.043847777434302,0.09999333078123411,1.0
lewidi_md,gemma,62,LP-temp,4,64,0.68472107171556,0.1519222706882792,0.3228130909925708,0.35480207252546564,0.5979718678442918,0.5979718678442918,0.6920489723533068,,0.08559519856303921,,0.08559519856303921,,0.08066958726000362,,0.08468275661588817,,0.08066958726000362,,0.08468275606363868,,0.06621227896716886,,1.0
lewidi_md,gemma,62,GPP-cosine,4,256,1.4554415363326685,0.2184446385017494,0.3537831815545397,0.3083086818806741,0.6058227019954203,0.6058227019954203,0.2738848924636841,0.00958297960460186,0.0216556560814251,0.01812723126862531,0.0216556560814251,0.018127231268625296,0.018175204727689458,0.011546500080046335,0.020744831697928554,0.016248687755331705,0.01817520472768946,0.011546500080046332,0.020744830878249212,0.016248687405837133,0.02686210965158193,0.02874565496052784,0.5
lewidi_md,gemma,62,GPP-rbf,4,256,0.7305694856569225,0.13658512563570605,0.281907734887109,0.2831134120043588,0.6607785410533202,0.6607785410533202,0.378197580575943,0.07763918489217758,0.128682614159076,0.11385887079540136,0.128682614159076,0.11385887079540136,0.11751695119402318,0.11022105413427247,0.12616637242078174,0.11353205712028852,0.11751695119402318,0.1102210541342725,0.12616636936657744,0.11353205551782539,0.10972664331804041,0.1297571939624877,1.0
lewidi_md,gemma,62,GPP-laplace,4,256,0.6794410981344672,0.13054072886616144,0.27792457747067506,0.2808206400833195,0.671573438011122,0.671573438011122,0.34979042410850525,0.1681191772222519,0.13160394054668428,0.13346900410920576,0.13160394054668428,0.13346900410920576,0.12117172097341797,0.12531366244133005,0.1293309355237403,0.13190172487379653,0.12117172097341798,0.12531366244133005,0.1293309329961692,0.13190172278112544,0.11301335460107774,0.12234243240113558,1.0
lewidi_md,gemma,62,LPE,4,256,0.8253169542136365,0.15188696047297254,0.29586181575504755,0.2863311310089923,0.6519463526333006,0.6519463526333006,0.21952858567237854,0.20952464640140533,0.08611398908326057,0.09976775970935955,0.08611398908326057,0.09976775970935955,0.07830946431779705,0.09141514260355571,0.08432893561340216,0.09790947451544081,0.07830946431779706,0.09141514260355571,0.08432893300230897,0.09790947253333954,0.0793327073993848,0.09660702795856277,0.5
lewidi_md,gemma,62,LP-temp,4,256,0.6611504972435429,0.13518642642320652,0.29210963670231277,0.3264931238239556,0.6444226365718024,0.6444226365718024,0.6363168399603082,,0.06002482714224416,,0.06002482714224414,,0.0524572719087287,,0.05813309405013374,,0.05245727190872871,,0.058133092860497046,,0.0886659360787773,,0.5
lewidi_md,gemma,62,GPP-cosine,4,1024,0.8621135782059469,0.14800425653486557,0.2831783808297839,0.2733284151957011,0.6686293752044488,0.6686293752044488,0.36249035596847534,0.002664312021806836,0.16311423544543138,0.1384231223716621,0.1631142354454314,0.13842312237166207,0.152903398837329,0.1337191875432661,0.1611245578550302,0.13794019488293968,0.15290339883732906,0.1337191875432661,0.16112455647907364,0.13794019401041663,0.15742581679757167,0.1694175415415342,1.0
lewidi_md,gemma,62,GPP-rbf,4,1024,0.662536468200342,0.1205455167151217,0.26109194003140684,0.27879375148091173,0.6876022244030094,0.6876022244030094,0.358745276927948,0.14613570272922516,0.18100086146100908,0.1776040574120153,0.18100086146100908,0.1776040574120153,0.16687805423212532,0.16709430481286366,0.17794320056797336,0.17562271206800714,0.16687805423212532,0.16709430481286366,0.1779431977922572,0.17562271051324377,0.15838381439804242,0.16736646070229025,1.0
lewidi_md,gemma,62,GPP-laplace,4,1024,0.6375439062398868,0.1149132478552291,0.2546255858943304,0.2766980907220732,0.6872751063133792,0.6872751063133792,0.3653007447719574,0.1505182683467865,0.2109431557206929,0.2179512400753062,0.2109431557206929,0.2179512400753062,0.1937568260207505,0.2015079257776968,0.20715834979479475,0.2144405920891424,0.19375682602075053,0.2015079257776968,0.20715834638019381,0.2144405892867166,0.1854328276475139,0.20393831392106448,1.0
lewidi_md,gemma,62,LPE,4,1024,0.6353048841433246,0.11265503848032193,0.251434551557041,0.27362438891182683,0.703631010794897,0.703631010794897,0.46906259655952454,0.03720084950327873,0.21905489637626868,0.15769885231025388,0.21905489637626868,0.1576988523102539,0.20174180207037815,0.15097420281524676,0.21528710377622914,0.15673304539758504,0.20174180207037815,0.1509742028152468,0.21528710095902698,0.1567330437929113,0.19621255000954846,0.2096513937346453,1.0
lewidi_md,gemma,62,LP-temp,4,1024,0.6086214080723604,0.11225429009890796,0.2555011454093833,0.2932453476004573,0.7029767746156362,0.7029767746156362,0.581307810653824,,0.22177333644564323,,0.2217733364456432,,0.20481539790298,,0.21813226224975707,,0.20481539790298,,0.21813225964951796,,0.20667435249479413,,1.0
