dataset,model,layer,method,seed,n_obs,soft_ce,jsd,tvd,entce,rankcs,acc,mean_alea,mean_mi,corrAlea_entropy,corrMI_entropy,corrAlea_norm_entropy,corrMI_norm_entropy,corrAlea_one_minus_max,corrMI_one_minus_max,corrAlea_gini,corrMI_gini,corrAlea_top2_margin,corrMI_top2_margin,corrAleaS_entropy,corrMIS_entropy,mono_alea
chaosnli_snli,gemma,0,GPP-cosine,0,64,1.5846213323062899,0.2908354630358781,0.47749773526227146,0.3186660055855227,0.4043956043956044,0.4043956043956044,0.5390171408653259,0.18361446261405945,-0.017245807381723068,-0.040911247439854415,-0.017245807381723075,-0.0409112474398544,-0.0364478962402197,-0.05399505810425553,-0.03709132856791363,-0.06338394822688667,-0.04198354707808023,-0.060702320802044435,-0.016153914392181296,-0.03751941822872219,0.19999999999999998
chaosnli_snli,gemma,0,GPP-rbf,0,64,1.1082813239598133,0.19897933471851575,0.39390800604903764,0.35605708321713353,0.5098901098901099,0.5098901098901099,0.6807407140731812,0.20539350807666779,-0.009746234934240133,0.0007904498621434213,-0.009746234934240122,0.0007904498621434213,-0.03015357394032408,-0.007488677326701963,-0.02866406123613029,-0.021960935577221948,-0.039210134516107525,-0.021023376801419077,-0.017334127666175314,-0.01159740446583522,-0.39999999999999997
chaosnli_snli,gemma,0,GPP-laplace,0,64,1.043641244161671,0.19751300482878284,0.4097787089400239,0.5130697588301762,0.5362637362637362,0.5362637362637362,0.6894403696060181,0.3731900751590729,-0.04069873983582227,-0.026964739347208375,-0.04069873983582226,-0.02696473934720839,-0.03133757248279238,-0.03529872213806749,-0.04905858962869101,-0.04037181823110519,-0.03611299855562855,-0.04401025040522291,-0.017313935113937834,-0.02756022214914443,-0.39999999999999997
chaosnli_snli,gemma,0,LPE,0,64,1.2626603267621876,0.22440524558971958,0.4107600187626923,0.3033152035275195,0.4989010989010989,0.4989010989010989,0.6183643341064453,0.13382473587989807,0.014913891522850352,-0.029915275397581417,0.014913891522850366,-0.029915275397581407,0.0025730135561802675,-0.03615184397776734,0.003104722862137966,-0.033567227523909615,-0.003747067053604513,-0.03725638567725262,0.007581825623403068,-0.03075395774562069,-0.19999999999999998
chaosnli_snli,gemma,0,LP-temp,0,64,1.0687928765200554,0.20970420919339774,0.42668156159830706,0.5347477128452419,0.46153846153846156,0.46153846153846156,1.0842012514208246,,-0.004424610827082783,,-0.004424610827082787,,-0.013380773213529422,,-0.011969693867790957,,-0.017546771178374214,,-0.013938339149518305,,-0.39999999999999997
chaosnli_snli,gemma,0,GPP-cosine,0,256,1.6506635683999065,0.28880696154423896,0.4683294994532224,0.31328713297902744,0.4153846153846154,0.4153846153846154,0.5454849004745483,0.09037435054779053,-0.04052872353832362,-0.026401802330231424,-0.04052872353832361,-0.02640180233023143,-0.03475703006720027,-0.02623614347489587,-0.036499258392456685,-0.02823762189106495,-0.02972500328902838,-0.024601281450282887,-0.054496959436142196,-0.05401686080455255,0.0
chaosnli_snli,gemma,0,GPP-rbf,0,256,1.080141672241993,0.2044876180692185,0.4117206524852868,0.4648970689501705,0.5098901098901099,0.5098901098901099,0.6688272953033447,0.3374938666820526,-0.0257299446244018,-0.03762603969891244,-0.025729944624401813,-0.03762603969891244,-0.01820931510942306,-0.03300466685126352,-0.01685936066672474,-0.03205270162754439,-0.012288426210839063,-0.030785838616830367,-0.044209013318401484,-0.022511192305132023,0.0
chaosnli_snli,gemma,0,GPP-laplace,0,256,1.04366849969497,0.1961699104914827,0.40652329823473,0.5023680012778133,0.5318681318681319,0.5318681318681319,0.6842232346534729,0.3671651780605316,-0.01001408887027816,-0.012604770748024395,-0.010014088870278156,-0.012604770748024399,3.552095700979502e-05,-0.013116623194923573,-0.008146391412680039,-0.013652236109168086,0.002327793153327158,-0.014329324973655905,-0.0036212826331260767,-0.008475648629700783,0.39999999999999997
chaosnli_snli,gemma,0,LPE,0,256,1.4395269810287707,0.26217901006110234,0.44897378728293896,0.3145121409468688,0.4153846153846154,0.4153846153846154,0.44638389348983765,0.29182168841362,-0.007252669506274258,0.046514765038462066,-0.007252669506274246,0.04651476503846208,-0.004538959642819402,0.04465033494908838,0.002521217961266052,0.04097666164397051,0.004002249972825774,0.041686382627581606,-0.01309114374018538,0.034820559409321696,-0.39999999999999997
chaosnli_snli,gemma,0,LP-temp,0,256,1.0902236219004076,0.21910974320253637,0.43984182394698196,0.5467341426584783,0.4,0.4,1.0964529775722922,,-0.027999142078536047,,-0.027999142078536023,,-0.024186678785192702,,-0.01948012322659143,,-0.014123183711346472,,-0.014444299535708638,,-0.19999999999999998
chaosnli_snli,gemma,0,GPP-cosine,0,1024,1.3635144319717944,0.23903822833181232,0.42631889268219253,0.31280572667093276,0.46153846153846156,0.46153846153846156,0.7149039506912231,0.026628879830241203,-0.0423849442898388,-0.024315016083421702,-0.042384944289838807,-0.02431501608342167,-0.052403337637396095,-0.02443900026638185,-0.05003791956227065,-0.0352103446067531,-0.054489893851567425,-0.029564034646159094,-0.05272542924599498,-0.04660670372461957,-0.39999999999999997
chaosnli_snli,gemma,0,GPP-rbf,0,1024,1.1991831964638664,0.22044677497502846,0.41859121208519234,0.35161376792688775,0.4835164835164835,0.4835164835164835,0.5732743144035339,0.26794949173927307,-0.01849927920141497,-0.014855489311596012,-0.01849927920141496,-0.014855489311596,-0.01941764095968915,-0.009815280180859684,-0.02245026270216527,-0.013543371108419461,-0.020702095318446984,-0.007707963510588304,-0.019403450227648205,-0.020041968030892813,-0.39999999999999997
chaosnli_snli,gemma,0,GPP-laplace,0,1024,1.0718759598485976,0.194089613193149,0.3931816064394437,0.40738432192934443,0.5318681318681319,0.5318681318681319,0.619223952293396,0.32749512791633606,-0.01241904573077179,-0.006909623175123836,-0.01241904573077178,-0.006909623175123818,-0.004686382481952803,0.0035315319586093075,-0.017083671879984406,-0.007802629796217011,-0.0048728286847422204,0.006976839808076361,-0.009038683232940914,0.0007962999858699927,0.39999999999999997
chaosnli_snli,gemma,0,LPE,0,1024,1.473335724463128,0.2478436276913338,0.4376777039867517,0.32735087450474776,0.432967032967033,0.432967032967033,0.25907498598098755,0.5008190870285034,-0.023168680056031052,-0.009204846865465712,-0.023168680056031038,-0.009204846865465702,-0.0332841524577886,-0.02100121703619366,-0.029104342389912823,-0.019051812875742015,-0.03533177720271914,-0.021867535083950698,-0.03059840502459881,-0.011793023796817282,-0.39999999999999997
chaosnli_snli,gemma,0,LP-temp,0,1024,1.0776902436253242,0.21385188329236243,0.43271021073338195,0.5419854574471319,0.44175824175824174,0.44175824175824174,1.0917216938158723,,0.042432524942260214,,0.0424325249422602,,0.019462382911779225,,0.030638923552205103,,0.010359006271746365,,-0.023991045218637475,,0.6000000000000001
chaosnli_snli,gemma,0,GPP-cosine,1,16,1.2723395414271121,0.24912521578581795,0.4513247825261615,0.392702533161717,0.3978021978021978,0.3978021978021978,0.6247924566268921,0.28568142652511597,0.029575569221824232,0.0036074069256797694,0.02957556922182423,0.003607406925679754,-0.0020056173396975387,-0.021129636806980708,0.009963442252589008,-0.019438218761287103,-0.017230713574375934,-0.03906854722068624,0.021596093865246548,-0.029943134409876417,0.39999999999999997
chaosnli_snli,gemma,0,GPP-rbf,1,16,1.2454925559780594,0.2129856662038478,0.38900896803997864,0.24443975305351787,0.5362637362637362,0.5362637362637362,0.5142071843147278,0.20656852424144745,0.014422500507141004,0.01634825057205573,0.014422500507141002,0.016348250572055713,0.01533962570174095,0.017837109531475853,0.009340596699921221,0.007504584560076542,0.010448284484394084,0.010618526706327965,0.025145141942418976,0.011105330440489593,0.39999999999999997
chaosnli_snli,gemma,0,GPP-laplace,1,16,1.065305244912059,0.20789549485125317,0.4250094227574684,0.5355407726634192,0.5340659340659341,0.5340659340659341,0.7023829221725464,0.382891982793808,0.029571244188644354,0.02762263987985409,0.029571244188644374,0.027622639879854083,0.040239942631083075,0.02636836867840442,0.03262908677340656,0.026920973106748,0.04070601340699365,0.024158113036558692,-0.0037667072285777364,-0.023109898294028274,1.0
chaosnli_snli,gemma,0,LPE,1,16,6.2911783326740345,0.2872728026973644,0.43959450091511665,0.2868827539196549,0.5362637362637362,0.5362637362637362,0.26932066679000854,0.05853366106748581,0.028960079317178512,0.02086312200192364,0.028960079317178512,0.02086312200192364,0.01735935894769436,0.0022998012275961648,0.03355478023309355,0.024490570669618503,0.02130269798193931,0.005390406280480741,0.03934700345347189,0.042458440067327234,0.6000000000000001
chaosnli_snli,gemma,0,LP-temp,1,16,6.051892316056283,0.244173519540209,0.3951622780416849,0.19219407770673766,0.5296703296703297,0.5296703296703297,0.6306991698289582,,0.05247377035448105,,0.05247377035448106,,0.04550040419307383,,0.05846849032057358,,0.04851747912476481,,0.04448406518137137,,0.6000000000000001
chaosnli_snli,gemma,0,GPP-cosine,1,64,1.3900806265107741,0.25909675683947725,0.4481376237065818,0.34691260006421415,0.4307692307692308,0.4307692307692308,0.5678292512893677,0.19756174087524414,-0.05397446257065867,-0.039578448158910054,-0.05397446257065867,-0.03957844815891007,-0.044976449506784415,-0.029914332001289783,-0.056000590810178164,-0.046957970293511175,-0.04932186680555209,-0.038856572718889246,-0.03571533789916377,-0.031932323751428945,-0.6000000000000001
chaosnli_snli,gemma,0,GPP-rbf,1,64,1.1328418378906668,0.20069397528603927,0.38850943748071626,0.32493731703622114,0.5274725274725275,0.5274725274725275,0.6382530927658081,0.19285047054290771,-0.011785720089991162,-0.010456891184645432,-0.011785720089991165,-0.010456891184645434,-0.018254560108112848,-0.006009126462616952,-0.024506200448639343,-0.02446946268376011,-0.028649947893024687,-0.017716104179241014,-0.00722937959333998,-0.022383604115392947,0.0
chaosnli_snli,gemma,0,GPP-laplace,1,64,1.0449664149807594,0.19623079410538255,0.4054151225998834,0.5006094743219098,0.5384615384615384,0.5384615384615384,0.6813793182373047,0.36851438879966736,0.014962646270589837,0.0174832774647096,0.014962646270589835,0.017483277464709592,0.028136196393442142,0.024023453148290203,0.013474837330103545,0.01519082425191947,0.02621240594631124,0.02085660091561916,0.0041149491310456384,-0.02178738167082751,0.7999999999999999
chaosnli_snli,gemma,0,LPE,1,64,1.3620666500854923,0.23411069921242628,0.41218422579650693,0.28074045290478755,0.5274725274725275,0.5274725274725275,0.5398797392845154,0.08954223245382309,-0.01439040540977329,-0.024339135668521895,-0.014390405409773294,-0.02433913566852188,-0.02862961240621808,-0.03239393110048305,-0.02607193968254639,-0.02524934377004552,-0.03752003338672996,-0.027275905189865467,-0.02016477951579461,-0.03388915405027913,-0.39999999999999997
chaosnli_snli,gemma,0,LP-temp,1,64,1.0770646707716631,0.20109813740732943,0.40231032901891617,0.4411363982866835,0.5076923076923077,0.5076923076923077,0.9830352079891057,,-0.02933748421545868,,-0.02933748421545868,,-0.03041640598665831,,-0.03786359568841848,,-0.03887250617808188,,0.0011072143312048806,,-0.7999999999999999
chaosnli_snli,gemma,0,GPP-cosine,1,256,1.5949529162154357,0.27754821015827835,0.4642404089479037,0.30274415866736737,0.44175824175824174,0.44175824175824174,0.545375406742096,0.09027858823537827,-0.004178578198214187,-0.022565838346866235,-0.004178578198214187,-0.022565838346866228,-0.007059627704004777,-0.015081431804748066,-0.008238144795861681,-0.02535558714172173,-0.007604156492129185,-0.016088935888481523,-0.0013168474208375617,-0.027146115581018617,0.0
chaosnli_snli,gemma,0,GPP-rbf,1,256,1.2351497864664704,0.22086539408939193,0.4137257212158907,0.3346909937679379,0.4857142857142857,0.4857142857142857,0.6353448629379272,0.15916603803634644,-0.03924911839076683,-0.0217888529190884,-0.03924911839076681,-0.021788852919088393,-0.04848893539458939,-0.02592682567685958,-0.04345002476303123,-0.029574160949763992,-0.0478603227465947,-0.031037014073968798,-0.03217151313203384,-0.026106167291336708,-0.39999999999999997
chaosnli_snli,gemma,0,GPP-laplace,1,256,1.0601056083600024,0.19280434412970254,0.3932581371412827,0.4268725450762706,0.5340659340659341,0.5340659340659341,0.6307342052459717,0.33804646134376526,-0.04374872597896779,-0.03186604731905114,-0.04374872597896778,-0.031866047319051134,-0.03028643338639703,-0.023079575266392937,-0.046635968200658566,-0.034335036500471164,-0.03125172891187434,-0.024890848371673803,-0.023821606136770892,-0.01926522360823073,-0.39999999999999997
chaosnli_snli,gemma,0,LPE,1,256,1.4725981127561631,0.248940090451768,0.4352736350740268,0.3194077342930212,0.44835164835164837,0.44835164835164837,0.42205363512039185,0.2688835561275482,-0.007190269752725263,-0.012313064711063547,-0.007190269752725249,-0.012313064711063545,-0.015320903126196932,-0.016603937460148988,-0.004698552795035057,-0.020841765460190877,-0.012192522405821016,-0.019281384779408946,-0.010938694110353132,-0.010124558431655077,-0.39999999999999997
chaosnli_snli,gemma,0,LP-temp,1,256,1.0872360721806595,0.21508205640903297,0.4325198643760947,0.5239638061823794,0.4,0.4,1.07345584787244,,0.045529131978754134,,0.04552913197875413,,0.045042549963625375,,0.04681854151923457,,0.043023372618863145,,0.02661983524478488,,0.6000000000000001
chaosnli_snli,gemma,0,GPP-cosine,1,1024,1.3592005406448775,0.23846943843249474,0.4251058527745644,0.3120889444339374,0.48131868131868133,0.48131868131868133,0.7117291688919067,0.02638867124915123,-0.05770495608807427,-0.0409852305199216,-0.057704956088074265,-0.040985230519921576,-0.05583504537184399,-0.030224361633087667,-0.061543816714527085,-0.04730397323593267,-0.05691405060760618,-0.03487591108710271,-0.06884176128543144,-0.05341465137599364,-0.7999999999999999
chaosnli_snli,gemma,0,GPP-rbf,1,1024,1.1875815822036526,0.21812815619328732,0.41660020854324104,0.3556309472129374,0.4901098901098901,0.4901098901098901,0.5784921646118164,0.2705352306365967,-0.019176105269892038,-0.021700327173269102,-0.019176105269892035,-0.021700327173269092,-0.021166520608391262,-0.017270386185079437,-0.020998469328759657,-0.01801988113036905,-0.020987226675748878,-0.01361641003320866,-0.01979946630733413,-0.03146897793131708,0.0
chaosnli_snli,gemma,0,GPP-laplace,1,1024,1.068720733068787,0.193294774532998,0.39217863665013525,0.4091106737133808,0.5340659340659341,0.5340659340659341,0.6204895973205566,0.32819974422454834,-0.004150957605726022,-0.0018460985252595277,-0.004150957605726011,-0.0018460985252595347,0.0056168751711584385,0.010695105015431004,-0.006827140416817083,-0.0006770485209041874,0.006584373573715014,0.015336147068188668,0.0008504440533837512,0.011085774877281683,0.39999999999999997
chaosnli_snli,gemma,0,LPE,1,1024,1.451770741783157,0.24277423816229182,0.43004402549462273,0.3211831250648358,0.46153846153846156,0.46153846153846156,0.26540690660476685,0.4976315200328827,-0.02484041819735357,-0.035775685323790496,-0.02484041819735355,-0.03577568532379048,-0.012053320961839491,-0.03766631716945638,-0.020832040971386877,-0.039074899949733594,-0.012171847994072315,-0.036305384321394206,-0.01679759180656545,-0.0258629648798455,-0.39999999999999997
chaosnli_snli,gemma,0,LP-temp,1,1024,1.0765676758768297,0.21350446758785624,0.43252046476420714,0.542360467527299,0.4747252747252747,0.4747252747252747,1.092085540544909,,0.015847681502667618,,0.015847681502667604,,0.0027282357413748286,,0.007501259758121388,,-0.002820129381173944,,-0.052988760510820715,,0.6000000000000001
chaosnli_snli,gemma,0,GPP-cosine,2,16,1.2132641305395768,0.23801296284317391,0.4433442090556107,0.4203871464483151,0.3956043956043956,0.3956043956043956,0.6406068801879883,0.3008139729499817,-0.018029596636469365,-0.041502570123631725,-0.018029596636469365,-0.04150257012363172,-0.011375914040000086,-0.035819685799685586,-0.020466050679252567,-0.04875168439519961,-0.011804232210205752,-0.0395947924662614,0.008560718787246511,-0.037484129036483814,-0.39999999999999997
chaosnli_snli,gemma,0,GPP-rbf,2,16,1.224684735618458,0.21841514035592796,0.4013628121178884,0.2575981310512246,0.5340659340659341,0.5340659340659341,0.5377110838890076,0.20207791030406952,0.013178527753537821,0.005305953464370032,0.01317852775353781,0.005305953464370031,0.015387791990861044,0.01373682930008021,0.004337858675075558,-0.0025229255575208737,0.006873262561497756,0.006896091393640695,0.01597173552972324,-0.001666108505752782,0.19999999999999998
chaosnli_snli,gemma,0,GPP-laplace,2,16,1.0679565880208337,0.20940854819799964,0.42653205278483064,0.5381379695301357,0.5340659340659341,0.5340659340659341,0.7040956616401672,0.38377389311790466,-0.025345143662954185,-0.025005728484552465,-0.025345143662954185,-0.02500572848455247,-0.0038280621241407117,-0.031457235798826706,-0.02160205023329676,-0.030487209285470503,-0.0016737861337157156,-0.03679157239998025,-0.012432497083606246,-0.03746072207578366,-0.19999999999999998
chaosnli_snli,gemma,0,LPE,2,16,1.7445017727094727,0.2839149026992237,0.4457201324045085,0.27231819419920034,0.5340659340659341,0.5340659340659341,0.29763591289520264,0.05676380172371864,0.0461066374323626,0.06960765225551206,0.046106637432362575,0.06960765225551208,0.03045241028318165,0.04277511661186541,0.034929389244202025,0.05101637512262503,0.020751354063609236,0.02789762765903465,0.04800553163356326,0.045635040658907965,0.7999999999999999
chaosnli_snli,gemma,0,LP-temp,2,16,1.1316478743905993,0.20304415799798153,0.3926123886196072,0.3227127473519245,0.5340659340659341,0.5340659340659341,0.8466698932781032,,0.03731327523007267,,0.037313275230072655,,0.02905829140526088,,0.029554422695983837,,0.020563583531346786,,0.057073516361864564,,0.7999999999999999
chaosnli_snli,gemma,0,GPP-cosine,2,64,1.499332568397599,0.2775823262446522,0.4635569675964979,0.33536737109434617,0.4307692307692308,0.4307692307692308,0.5662356019020081,0.191867858171463,-0.039305254085617726,-0.04092614416419099,-0.03930525408561772,-0.04092614416419099,0.021654939969404964,0.01694457908338894,-0.0031811363124349384,-0.011565758685394605,0.03619445187406452,0.0270053168440172,-0.033578876693973816,-0.04336939807852048,-0.7999999999999999
chaosnli_snli,gemma,0,GPP-rbf,2,64,1.1039178662498326,0.20384898856458922,0.4015523262321949,0.39868734337657274,0.5274725274725275,0.5274725274725275,0.7034984827041626,0.22574499249458313,-0.05538279003169787,-0.02176136001704631,-0.05538279003169786,-0.021761360017046302,-0.003812819939265636,0.01838150492329559,-0.02604862081152448,-0.008467679827088749,0.009336872307351468,0.022021657092311134,-0.03265874604075471,-0.014406717182963793,-0.7999999999999999
chaosnli_snli,gemma,0,GPP-laplace,2,64,1.052725951376914,0.20145994624495453,0.41459843850397804,0.5190900511152744,0.5318681318681319,0.5318681318681319,0.6930196285247803,0.3757214844226837,-0.03854342756689759,-0.029724372281008583,-0.03854342756689759,-0.029724372281008587,-0.009616872363713114,-0.014098791923531662,-0.02908365141522859,-0.02404415803777079,-0.004453157384806663,-0.01267237449569127,-0.0188055723244904,-0.024377889432697086,-0.19999999999999998
chaosnli_snli,gemma,0,LPE,2,64,1.282816576818267,0.23305459055129218,0.4213160211798622,0.32652917976272194,0.49230769230769234,0.49230769230769234,0.6163268089294434,0.13774794340133667,-0.06527647334588024,-0.034350032499562935,-0.06527647334588023,-0.03435003249956293,-0.014885267177529648,-0.024079104087357684,-0.03738951132770781,-0.02946107796546883,0.00020960049658294393,-0.015384241673945826,-0.0508287944104395,-0.05375053569128782,-1.0
chaosnli_snli,gemma,0,LP-temp,2,64,1.0797553727560263,0.21443581054324254,0.4330344437302681,0.541136076368007,0.43736263736263736,0.43736263736263736,1.0908290565504475,,-0.09300013043016385,,-0.09300013043016384,,-0.049762681696393536,,-0.07118465185945659,,-0.03853881136562497,,-0.04623852406552601,,-0.7999999999999999
chaosnli_snli,gemma,0,GPP-cosine,2,256,1.6699662205100774,0.2976464504271719,0.479436283373398,0.3113005916959408,0.4175824175824176,0.4175824175824176,0.5488638877868652,0.09258230775594711,-0.017573698122628344,-0.025379463486777123,-0.01757369812262834,-0.025379463486777123,-0.00762051699339606,-0.017534542164819207,-0.020187295977318966,-0.03139018333819775,-0.011427031053768345,-0.023488756428012538,-0.006057256080021546,-0.03208787647245082,-0.7999999999999999
chaosnli_snli,gemma,0,GPP-rbf,2,256,1.1012057258291121,0.20356633069698202,0.4030201452282759,0.41510418246371733,0.5296703296703297,0.5296703296703297,0.6299335360527039,0.3181106746196747,-0.021955375257933757,-0.009446327146926562,-0.021955375257933743,-0.009446327146926572,-0.006624504684152682,-0.0021290230145068548,-0.015479518817836956,-0.0034050269923723703,-0.0035328896780267016,0.00039420746992530065,-0.04074834876685674,-0.01668331597465994,0.0
chaosnli_snli,gemma,0,GPP-laplace,2,256,1.047427895914487,0.1935482586078829,0.3984140081720038,0.4689558202182867,0.5362637362637362,0.5362637362637362,0.66128009557724,0.35472774505615234,-0.02549596171451686,-0.012616088194366624,-0.02549596171451684,-0.012616088194366614,-0.013778930305396023,-0.010199860788852773,-0.028040943539802247,-0.015580622516709,-0.015204475879107684,-0.012370891916037172,-0.012576392905386929,-0.011306937468349647,-0.19999999999999998
chaosnli_snli,gemma,0,LPE,2,256,1.3852899347733822,0.2528610005676069,0.4382854518993274,0.32023613112179666,0.44175824175824174,0.44175824175824174,0.45588406920433044,0.28850820660591125,-0.006514919355862386,-0.010911299120794755,-0.006514919355862394,-0.010911299120794749,-0.007798036412041853,-0.0048622407403232926,-0.003086636924441258,-0.01411540522021243,-0.006156113620143268,-0.006293864416197222,-0.0004835383723493412,-0.0118437918224743,-0.19999999999999998
chaosnli_snli,gemma,0,LP-temp,2,256,1.088729279840483,0.21660888588402438,0.43280583560300767,0.5261960122735153,0.3802197802197802,0.3802197802197802,1.075395757174792,,-0.024203685692350825,,-0.024203685692350835,,-0.03158384742434388,,-0.0199378510760638,,-0.025096208395493758,,0.038940477054798,,-0.39999999999999997
chaosnli_snli,gemma,0,GPP-cosine,2,1024,1.360212243380355,0.23982862139876052,0.4283081114946821,0.3152285855920489,0.4593406593406593,0.4593406593406593,0.7109681367874146,0.026362409815192223,-0.05268829031356134,-0.0393371836726526,-0.05268829031356134,-0.0393371836726526,-0.05518145316817398,-0.032591195498318085,-0.05770752153941308,-0.04795180286365518,-0.056031822075434584,-0.037106573588935175,-0.05369855738647461,-0.06075301979229366,-0.39999999999999997
chaosnli_snli,gemma,0,GPP-rbf,2,1024,1.1923896819905486,0.21937958713796968,0.4180209257097526,0.35226207046047653,0.49230769230769234,0.49230769230769234,0.5760293006896973,0.2693179249763489,-0.02420947164228594,-0.0210192443010695,-0.024209471642285953,-0.02101924430106949,-0.029005479552165953,-0.018057350404381504,-0.031158719901125485,-0.021809651082043545,-0.030748685113095788,-0.016413475974585885,-0.029701970363279845,-0.02806267909567211,-0.39999999999999997
chaosnli_snli,gemma,0,GPP-laplace,2,1024,1.0703012712154003,0.19375469976736986,0.39270965763992005,0.40814043011096823,0.5318681318681319,0.5318681318681319,0.6196502447128296,0.32775723934173584,-0.017309943149563935,-0.011601753624461062,-0.01730994314956393,-0.011601753624461045,-0.011168624538872796,-0.0020743180983596766,-0.02396818422284095,-0.014125758227723467,-0.011451643977715715,0.001240845202324304,-0.016168947333279237,-0.004535234492758318,0.39999999999999997
chaosnli_snli,gemma,0,LPE,2,1024,1.4242668535960723,0.2464832615901882,0.4357217288701973,0.32503427157185705,0.45054945054945056,0.45054945054945056,0.26321855187416077,0.5014979243278503,-0.015374528585739296,-0.009108998153031327,-0.015374528585739265,-0.009108998153031313,-0.012340614647440264,-0.0174334133757481,-0.012240113543638565,-0.014501167787108641,-0.008284372673291192,-0.017749398799563786,-0.01452729920626208,-0.0191524765499962,-0.39999999999999997
chaosnli_snli,gemma,0,LP-temp,2,1024,1.079036142664546,0.21444829091156858,0.4334596502094005,0.5431700623519609,0.44835164835164837,0.44835164835164837,1.0929110775939528,,0.026934007728486295,,0.02693400772848631,,0.01122416661878372,,0.01861363615258744,,0.004538410109171387,,-0.014779228367458451,,0.6000000000000001
chaosnli_snli,gemma,0,GPP-cosine,3,16,1.2653097071123256,0.26394570270576395,0.4762719884719495,0.4164463530477221,0.31648351648351647,0.31648351648351647,0.6461508870124817,0.3023849129676819,0.032901755394253045,0.025130484905719935,0.03290175539425304,0.025130484905719917,-0.005402799388631412,-0.0050433047641040875,0.02288914782069144,0.016330507831211913,-0.014712315244847573,-0.014615868774477798,0.022128043403843486,0.008648782247938894,0.19999999999999998
chaosnli_snli,gemma,0,GPP-rbf,3,16,1.243166199915255,0.26641372759485443,0.4870381274802999,0.48501988656025374,0.2725274725274725,0.2725274725274725,0.7439839243888855,0.2881489098072052,0.029803613506938567,-0.008650930723038077,0.029803613506938546,-0.008650930723038085,0.006172892085925023,-0.008223422942011442,0.028591230324867958,-0.013202414080711152,0.007156367157614554,-0.012083383663193932,0.04046549249050022,-0.006260901472776235,0.39999999999999997
chaosnli_snli,gemma,0,GPP-laplace,3,16,1.110211251603064,0.2267759106099219,0.44942620468663647,0.5473461663075881,0.2681318681318681,0.2681318681318681,0.709946870803833,0.38714030385017395,0.01384331493334711,-0.009681198355106307,0.01384331493334712,-0.009681198355106328,0.0293211548991725,-0.02865196206500177,0.021246598303734814,-0.017263606849207955,0.03385419073126638,-0.033989053160388874,0.02126384038742095,-0.012621205485584071,0.6000000000000001
chaosnli_snli,gemma,0,LPE,3,16,1.4026173321588016,0.3034571502284088,0.5170368166865555,0.40043838851436897,0.29010989010989013,0.29010989010989013,0.7527287602424622,0.18456199765205383,0.007578684770529868,0.07652789310351577,0.0075786847705298695,0.07652789310351575,-0.005668171717033968,0.06908335099957882,0.005464471823790784,0.0709529483679418,-0.0056876594600030386,0.07091958125847916,0.009244749184007982,0.05720989571309627,0.19999999999999998
chaosnli_snli,gemma,0,LP-temp,3,16,1.123985035189636,0.23140012269493845,0.45497091782640037,0.5429841401702634,0.27912087912087913,0.27912087912087913,1.092698619054892,,0.013756151054329193,,0.013756151054329188,,-0.006778957624855518,,0.009334973145468939,,-0.008606871351188884,,0.033515177791016454,,0.19999999999999998
chaosnli_snli,gemma,0,GPP-cosine,3,64,1.5519773076539618,0.29134009796228105,0.48408958680752173,0.3337157816207909,0.3956043956043956,0.3956043956043956,0.5409819483757019,0.18798263370990753,-0.07630897834611076,-0.06918292980087548,-0.07630897834611075,-0.06918292980087548,-0.06804460766655554,-0.06216868799638893,-0.08154437101543627,-0.0769851283601938,-0.07470516750551687,-0.06960943304159432,-0.09252233805105471,-0.0784885779449063,-0.7999999999999999
chaosnli_snli,gemma,0,GPP-rbf,3,64,1.0956520151662368,0.20078030980726663,0.39947353211528325,0.3954492481002132,0.48131868131868133,0.48131868131868133,0.7078298330307007,0.22647182643413544,-0.0009225851333063088,-0.0039870189202137795,-0.0009225851333063105,-0.003987018920213798,0.0005652693851253832,0.001296726614636869,0.0016216275153127704,-0.009699463529065137,-0.0020139662425597005,-0.004234191263961967,-0.00456077775284422,-0.00030276088575634556,-0.19999999999999998
chaosnli_snli,gemma,0,GPP-laplace,3,64,1.0486650434879716,0.2003498708835366,0.41450104410504246,0.5204791302194459,0.5340659340659341,0.5340659340659341,0.6938621401786804,0.3762674629688263,-0.029737889650906672,-0.021123888148663065,-0.029737889650906686,-0.021123888148663054,-0.015828897658539644,-0.02803557005790059,-0.02933792561481165,-0.02710786363760112,-0.01740649167108994,-0.03365104101187669,-0.006078977599536408,-0.011433858624946435,-0.19999999999999998
chaosnli_snli,gemma,0,LPE,3,64,1.266282419860792,0.22635188850569046,0.4146850236712003,0.31159833430002265,0.46813186813186813,0.46813186813186813,0.6413795351982117,0.13000376522541046,0.009684301504096915,-0.058956072712383,0.009684301504096913,-0.05895607271238298,0.00750444775005649,-0.06366074461257766,0.015449823399962929,-0.06619014583601404,0.01085822596007793,-0.06758846664586772,0.011935454543829946,-0.05037952604788122,-0.39999999999999997
chaosnli_snli,gemma,0,LP-temp,3,64,1.0773783093176932,0.21003881105935704,0.42570222940177366,0.5131373400542557,0.45274725274725275,0.45274725274725275,1.0623688638737816,,-0.024245658160259698,,-0.024245658160259694,,-0.03246133318057814,,-0.024440420555271854,,-0.035570407556619194,,0.01386088128352215,,-1.0
chaosnli_snli,gemma,0,GPP-cosine,3,256,1.5330238911377898,0.26023098080661494,0.4425682788965827,0.31538568545836976,0.46813186813186813,0.46813186813186813,0.5436996221542358,0.09039569646120071,-0.024944196158925312,-0.02678882018582846,-0.024944196158925302,-0.026788820185828455,-0.02491140760733685,-0.022631458671057952,-0.029991345369274437,-0.03491113585358889,-0.029513221906233594,-0.028014146360299537,-0.014791777051341052,-0.03908246190948996,-0.19999999999999998
chaosnli_snli,gemma,0,GPP-rbf,3,256,1.2185714918726218,0.21252721329122182,0.40089274794886726,0.30616870823033643,0.5186813186813187,0.5186813186813187,0.5961514115333557,0.15207333862781525,-0.06819420644406322,-0.04576870707968623,-0.06819420644406321,-0.04576870707968622,-0.0804305950559576,-0.04434524757591048,-0.07615173384130143,-0.05386793898130912,-0.08180275792439368,-0.0460364791180341,-0.06824356488775883,-0.061742900744251095,-0.39999999999999997
chaosnli_snli,gemma,0,GPP-laplace,3,256,1.063826112956157,0.19158501790847518,0.3891225394025281,0.4085711258836518,0.5384615384615384,0.5384615384615384,0.6163199543952942,0.33049723505973816,-0.038985061445801064,-0.040022354559718386,-0.03898506144580104,-0.04002235455971838,-0.022836735962399685,-0.022965022833151605,-0.04057380285076968,-0.03917811194147586,-0.01967028042392669,-0.017091640041094574,-0.006304662619107944,-0.010353555987786797,-0.19999999999999998
chaosnli_snli,gemma,0,LPE,3,256,1.4192382754597526,0.23811828266662105,0.4212492579865624,0.3014332303098075,0.4945054945054945,0.4945054945054945,0.3887750208377838,0.2598094642162323,-0.08069557132304248,-0.058033453760633846,-0.08069557132304248,-0.05803345376063383,-0.0847692422749888,-0.0512580187772443,-0.07979529896834517,-0.06581026343535709,-0.08228969073111933,-0.05508684937090534,-0.07528981013509639,-0.06916216676730697,-0.7999999999999999
chaosnli_snli,gemma,0,LP-temp,3,256,1.0738483422717642,0.208425069549417,0.4243432805235262,0.5139546340323029,0.45494505494505494,0.45494505494505494,1.0623464723010838,,-0.03854993739242627,,-0.03854993739242626,,-0.05335622242451644,,-0.04142198479626598,,-0.052529210705627744,,-0.04173068010103937,,-0.39999999999999997
chaosnli_snli,gemma,0,GPP-cosine,3,1024,1.3543636137050228,0.2385724218029624,0.4260219613595157,0.3112188146386212,0.46153846153846156,0.46153846153846156,0.717987596988678,0.026449333876371384,-0.048919717287347564,-0.035213685785528234,-0.048919717287347536,-0.035213685785528206,-0.06130091641600935,-0.03712288327254515,-0.05766172307306289,-0.04698737272409735,-0.0644094426246622,-0.043637898257429045,-0.06656165905407262,-0.05602000020585274,-0.39999999999999997
chaosnli_snli,gemma,0,GPP-rbf,3,1024,1.1847626390771597,0.2184410585938841,0.41751329985314184,0.3551032056743279,0.48131868131868133,0.48131868131868133,0.5824163556098938,0.27163881063461304,-0.023480149816743,-0.025657430001757565,-0.02348014981674299,-0.025657430001757554,-0.03726171624744516,-0.029105282915523854,-0.03309498919348298,-0.027985643145022658,-0.040717820957716845,-0.028136260264158785,-0.02762494023454911,-0.03312291994660501,-0.39999999999999997
chaosnli_snli,gemma,0,GPP-laplace,3,1024,1.065316402864862,0.1931408359416305,0.39337207146889563,0.4168275135712102,0.5340659340659341,0.5340659340659341,0.62648606300354,0.33130428194999695,-0.013576639206705685,-0.01053516266000512,-0.013576639206705689,-0.010535162660005103,-0.012755497984237335,-0.005628748092644076,-0.02121899414120103,-0.013608208054752852,-0.013476863165145122,-0.0023062973244523735,-0.013732082101742364,-0.004931059475735371,0.39999999999999997
chaosnli_snli,gemma,0,LPE,3,1024,1.4167287148565681,0.2446119343359277,0.4334328203219533,0.32497296933984876,0.46153846153846156,0.46153846153846156,0.2630356252193451,0.5064299702644348,0.015316719015909372,0.0011089827377501957,0.015316719015909372,0.001108982737750206,-0.0011622655126556861,-0.014982103049416131,0.006384554560229214,-0.013766956742708263,-0.0060678028079681895,-0.023724805290534615,0.006525825210175907,0.0033576328737855523,-0.39999999999999997
chaosnli_snli,gemma,0,LP-temp,3,1024,1.076901234465335,0.21353215283692917,0.4322948045796717,0.542123127327369,0.45494505494505494,0.45494505494505494,1.091864142569361,,0.03647898238649664,,0.03647898238649665,,0.009676092093941806,,0.02280357890909898,,-0.0004424942427682134,,-0.02764118345480324,,0.6000000000000001
chaosnli_snli,gemma,0,GPP-cosine,4,16,1.4636984543166394,0.29782091557320184,0.5013836305266103,0.34978326570623963,0.3252747252747253,0.3252747252747253,0.5681448578834534,0.26212891936302185,-0.05852784441990823,-0.05113076458184329,-0.05852784441990822,-0.051130764581843305,-0.03571388970307405,-0.03662779788751729,-0.06121718532597402,-0.05944338515754538,-0.04057410801692707,-0.04428065992882872,-0.06576822551883571,-0.056872864817548864,-0.39999999999999997
chaosnli_snli,gemma,0,GPP-rbf,4,16,1.0756352938900564,0.19256263329598958,0.38767537620368897,0.3889272994741097,0.5362637362637362,0.5362637362637362,0.6733916401863098,0.25298458337783813,-0.0758243210473039,-0.022642719134296677,-0.07582432104730387,-0.02264271913429667,-0.0890199247472461,-0.02864203465740784,-0.08658802000737492,-0.03590456700641829,-0.09573660815881602,-0.03763166759082699,-0.07061074351946035,-0.017675681183832698,-0.19999999999999998
chaosnli_snli,gemma,0,GPP-laplace,4,16,1.0696916401817191,0.21076322999990718,0.42929435544289074,0.5425624072041043,0.5318681318681319,0.5318681318681319,0.7069989442825317,0.38530415296554565,-0.024318693201683797,-0.023912476490219246,-0.024318693201683783,-0.023912476490219256,-0.00804602420966967,-0.03972159842115468,-0.02049588368251913,-0.03201865225443359,-0.005050445558833036,-0.045150790313138886,-0.009053206871146375,-0.03348816945616253,-0.19999999999999998
chaosnli_snli,gemma,0,LPE,4,16,1.297607562965924,0.22217382027529994,0.3976972787958253,0.2393540046525753,0.5340659340659341,0.5340659340659341,0.5450678467750549,0.10932318866252899,-0.09672972538264091,0.005471203274668261,-0.09672972538264091,0.005471203274668275,-0.10877628698280487,0.0024878138849182135,-0.0997016268663434,0.0019179775423808706,-0.10901635695765258,-0.00019002462609372592,-0.08452404900011642,-0.011073672085719783,-1.0
chaosnli_snli,gemma,0,LP-temp,4,16,1.0485803810186736,0.19985283951066996,0.41321029400709186,0.5177450968398423,0.4989010989010989,0.4989010989010989,1.0669383293471106,,-0.102190863255338,,-0.102190863255338,,-0.11706413759775491,,-0.1054660227919296,,-0.1173357481486988,,-0.09445528126129589,,-0.7999999999999999
chaosnli_snli,gemma,0,GPP-cosine,4,64,1.5223043305488142,0.2877258272332602,0.4792387605189975,0.3212902004315011,0.37142857142857144,0.37142857142857144,0.5531778335571289,0.18759436905384064,0.0007373581989281661,-0.004555065942527744,0.0007373581989281652,-0.004555065942527758,0.039034256320751165,0.025481065458158172,0.01941018316972089,0.006357772577337276,0.05015218298879571,0.03230301162261126,0.005896671145666034,0.000696101611518061,0.0
chaosnli_snli,gemma,0,GPP-rbf,4,64,1.2254553988824124,0.2170765637662166,0.40013788890421065,0.2756298433209738,0.5340659340659341,0.5340659340659341,0.5573260188102722,0.17864397168159485,-0.014695572939552155,-0.005393638495330791,-0.01469557293955215,-0.005393638495330788,0.008847989533690415,0.014186987265313169,-0.005588337566884649,-0.0051484803607623406,0.01291003971903089,0.012490158867136822,-0.006475439377936633,-0.0068234264847927065,0.6000000000000001
chaosnli_snli,gemma,0,GPP-laplace,4,64,1.056985429363531,0.19704805290304067,0.4027938930870412,0.4715170555710981,0.5340659340659341,0.5340659340659341,0.6610311269760132,0.3578743040561676,-0.028937158242584596,-0.021927242266310182,-0.028937158242584582,-0.02192724226631019,-0.0032116815667098397,-0.0008491048876203538,-0.023622614036946276,-0.017456519025925064,-0.0004913132207197794,0.0006863548293058134,-0.00935685925321294,-0.01314426862525182,0.39999999999999997
chaosnli_snli,gemma,0,LPE,4,64,1.5882018550625108,0.26187680648812445,0.4329267056156103,0.2977755742107628,0.5274725274725275,0.5274725274725275,0.40867161750793457,0.08623318374156952,-0.02960831708029232,-0.04168297064487769,-0.029608317080292313,-0.04168297064487766,-0.009843830542242825,-0.03209513414322907,-0.018222463034848542,-0.035522567090961854,-0.0042132368828734085,-0.025420084061096866,-0.014006496975682682,-0.026610407807147192,-0.39999999999999997
chaosnli_snli,gemma,0,LP-temp,4,64,1.096327521085488,0.20550333442962568,0.4090509416671719,0.426786592625055,0.46813186813186813,0.46813186813186813,0.9662721799261192,,0.007250865279305704,,0.007250865279305721,,0.029737187301281526,,0.01790340212547567,,0.03306535888114182,,-0.0032730407306581742,,0.6000000000000001
chaosnli_snli,gemma,0,GPP-cosine,4,256,1.6781939685860119,0.2895329572295302,0.4646053063288871,0.30737044101987926,0.43956043956043955,0.43956043956043955,0.5168581604957581,0.08562084287405014,0.009882828722439497,0.0042630532468635515,0.009882828722439504,0.004263053246863541,0.013746740296132893,0.007416068002416044,0.016718332383405,0.004032404074438887,0.017540963758585007,0.007972837796169498,0.03013779825731412,0.001993839361468414,0.39999999999999997
chaosnli_snli,gemma,0,GPP-rbf,4,256,1.2340042741692527,0.22268445101259024,0.40963905867864636,0.33295122612842193,0.5076923076923077,0.5076923076923077,0.6326870918273926,0.15794065594673157,0.012937234267310856,0.018019236272109065,0.012937234267310853,0.018019236272109055,0.0037419376618300524,0.01723139596481431,0.009487068090475087,0.009944049049840652,0.0004888508594040851,0.012000429786152286,0.023815427343184026,0.013575382800467252,0.19999999999999998
chaosnli_snli,gemma,0,GPP-laplace,4,256,1.069176155800391,0.19563465847795317,0.39507277985359285,0.42574153878148535,0.5362637362637362,0.5362637362637362,0.6301203370094299,0.3376622498035431,-0.00965287854608482,0.0016105953606130423,-0.009652878546084827,0.0016105953606130475,-0.005075936239356326,0.005651936250362323,-0.01374718779755933,-0.0014798039079096034,-0.007054861794393824,0.003900519670047035,0.004848059805181928,0.011475357367768915,0.19999999999999998
chaosnli_snli,gemma,0,LPE,4,256,1.474341992486813,0.25704635968589185,0.4376899055976657,0.32212178226289806,0.4879120879120879,0.4879120879120879,0.42679154872894287,0.24892789125442505,0.008063108187217895,-0.02019818321471696,0.00806310818721791,-0.020198183214716947,0.015119046869718406,-0.007526436893482608,0.014916477673352593,-0.016181821317433294,0.019514475675135493,-0.006252412059514479,0.017855120993463588,0.009377497697771126,0.39999999999999997
chaosnli_snli,gemma,0,LP-temp,4,256,1.0888798064470335,0.21196237846986088,0.4199345474314636,0.4840296374188486,0.46373626373626375,0.46373626373626375,1.0310507019415076,,0.02300313462650138,,0.023003134626501387,,0.0224856980470036,,0.02489631647764267,,0.022574694236819307,,0.02201516894780304,,0.39999999999999997
chaosnli_snli,gemma,0,GPP-cosine,4,1024,1.3707592126384216,0.24029140883852784,0.4271730472775724,0.30929513446386236,0.4703296703296703,0.4703296703296703,0.7070099115371704,0.02622453309595585,-0.05558535364904542,-0.048027262377781016,-0.055585353649045426,-0.048027262377781,-0.06214758746819362,-0.0447182442348558,-0.06269669093299193,-0.057140787257355365,-0.06417123655658867,-0.04904563857105723,-0.06885456476492585,-0.061364401862878434,-0.7999999999999999
chaosnli_snli,gemma,0,GPP-rbf,4,1024,1.1940911503337894,0.21963954743629852,0.4180281515831926,0.3513175721861661,0.4835164835164835,0.4835164835164835,0.5739429593086243,0.2680090665817261,-0.024261355139317712,-0.029493752466419956,-0.0242613551393177,-0.029493752466419942,-0.02363341427483169,-0.02264550300754984,-0.028183119668963846,-0.02771532971749896,-0.023756363482541946,-0.019350758420919816,-0.03245382666994087,-0.03822074315028276,-0.39999999999999997
chaosnli_snli,gemma,0,GPP-laplace,4,1024,1.0729693787746295,0.19415575581567093,0.3926598855672957,0.40395916739821885,0.5362637362637362,0.5362637362637362,0.6168496012687683,0.3261798024177551,-0.014287314234456373,-0.012174072169894426,-0.01428731423445636,-0.012174072169894423,-0.00412727341094072,0.0007197455306934449,-0.019344448197883307,-0.013346907811912057,-0.004345102487395523,0.004176610748831161,-0.008466030095354222,-0.0013743675302080604,0.39999999999999997
chaosnli_snli,gemma,0,LPE,4,1024,1.424409116183311,0.24421685559880363,0.4318319548372749,0.3213242707580784,0.45714285714285713,0.45714285714285713,0.25335371494293213,0.4989166259765625,-0.020716063660099357,-0.04674422352309403,-0.020716063660099353,-0.046744223523094014,-0.03743797591622845,-0.054182325898372304,-0.029820215698598038,-0.05199310935435107,-0.041634629062820325,-0.054344889054655066,-0.02302071982988797,-0.03346294469059141,-0.39999999999999997
chaosnli_snli,gemma,0,LP-temp,4,1024,1.0799095415442364,0.21496021729289166,0.4343919452582549,0.5444818299990387,0.45714285714285713,0.45714285714285713,1.0942228452410305,,0.036505600506717556,,0.036505600506717556,,0.01588097824912887,,0.02419835921944513,,0.0061667568103877385,,-0.027420020863735274,,0.7999999999999999
chaosnli_snli,gemma,12,GPP-cosine,0,64,2.0028481722244185,0.3727304250993799,0.5446951667201714,0.22936468456570627,0.3516483516483517,0.3516483516483517,0.5132119655609131,0.03484411537647247,0.08984928590579161,0.055875881219864615,0.08984928590579157,0.0558758812198646,0.08395654309249272,0.06081660638132435,0.08499326454407476,0.06101987390134979,0.08500982063362394,0.06440860824477518,0.07576423956432284,0.006296509159529401,0.7999999999999999
chaosnli_snli,gemma,12,GPP-rbf,0,64,1.1014468634166497,0.19776473125413901,0.39424985914726507,0.36311630888513097,0.5230769230769231,0.5230769230769231,0.660865306854248,0.23297001421451569,0.004280826616550191,0.06746075304377494,0.004280826616550194,0.06746075304377491,-0.007816607109725562,0.04312617292154258,-0.006580781851609461,0.04753435254307027,-0.012468071243380195,0.030217949219969006,-0.02182916815116754,0.04253481505197311,-1.0
chaosnli_snli,gemma,12,GPP-laplace,0,64,1.046986355533943,0.19966669947628338,0.41315983381572663,0.5213615474823279,0.5362637362637362,0.5362637362637362,0.6938586831092834,0.3771480917930603,0.044516088321417166,0.04225316955006591,0.04451608832141716,0.04225316955006589,0.035934963692764436,0.013667725596000262,0.034764187493740106,0.025601735122281203,0.02974165165220203,0.002244032373756878,0.033775578906306156,0.02518788390630337,0.7999999999999999
chaosnli_snli,gemma,12,LPE,0,64,1.3410492424122722,0.23130934973857906,0.4136175497126085,0.28033859762775204,0.4989010989010989,0.4989010989010989,0.5444765090942383,0.1359550803899765,0.003609721618314937,0.0657932808327696,0.003609721618314925,0.06579328083276954,-0.006265075944477776,0.03927513950366743,-0.0031213820706758356,0.06117522878277701,-0.009815058280719609,0.04021319355189638,-0.0131800037098109,0.05961816013720529,-0.39999999999999997
chaosnli_snli,gemma,12,LP-temp,0,64,1.0721338605172224,0.21123354318958762,0.4292099149223074,0.5382035331500596,0.4725274725274725,0.4725274725274725,1.0877138181920012,,0.01302965783998653,,0.013029657839986511,,0.02572548861791809,,0.018148410268259432,,0.03269732768181343,,-0.008459851301767359,,0.0
chaosnli_snli,gemma,12,GPP-cosine,0,256,1.725862712444559,0.30732695327405885,0.4995066169739121,0.3680813802042581,0.33406593406593404,0.33406593406593404,0.7445931434631348,0.0211217999458313,-0.00571398080383953,-0.019119251666566722,-0.0057139808038395076,-0.019119251666566736,-0.035388417604340305,-0.02467174430501048,-0.012536380086616044,-0.018304797327341076,-0.03405299632082277,-0.023272398687902672,-0.005339815336012768,-0.05124296467746828,-0.39999999999999997
chaosnli_snli,gemma,12,GPP-rbf,0,256,1.1540564958569295,0.21436685252909585,0.4116488081802215,0.3771510619065003,0.4461538461538462,0.4461538461538462,0.686143696308136,0.20053605735301971,-0.0379205171778729,0.028561688375884846,-0.03792051717787287,0.02856168837588481,-0.037587774719890416,0.013484915823629554,-0.036227154098017925,0.020920513212600644,-0.03647863431355555,0.005185799989838175,-0.02067746079479333,0.03718754694431433,0.0
chaosnli_snli,gemma,12,GPP-laplace,0,256,1.042690116652727,0.1966288643232784,0.4079058236636958,0.5092249605020606,0.5340659340659341,0.5340659340659341,0.6872701644897461,0.37127524614334106,0.04667212721900345,0.051308113355101784,0.04667212721900344,0.051308113355101756,0.03251856668192958,0.02352598413440016,0.03747579123450334,0.0397949677026322,0.02491867337795174,0.013394866031197585,0.05316953799741371,0.04515207557668524,1.0
chaosnli_snli,gemma,12,LPE,0,256,1.384321929792569,0.24972537807217923,0.43835608892283173,0.3192262253291544,0.4153846153846154,0.4153846153846154,0.44458746910095215,0.3002329468727112,-0.007916663099605408,0.0031125158059145015,-0.007916663099605406,0.0031125158059145,-0.006117665016780065,-0.0017085027863799288,-0.005739282911771521,0.0001297106501843455,-0.005017876032726017,-0.0004925092504060825,0.00845303551915092,0.04105668200884751,0.7999999999999999
chaosnli_snli,gemma,12,LP-temp,0,256,1.081390015583811,0.21491231532094623,0.4340793954499392,0.5382532207370603,0.37142857142857144,0.37142857142857144,1.0878271055553383,,-0.03830229623158942,,-0.03830229623158942,,-0.024673017880136747,,-0.029940913322705383,,-0.017048594913313335,,0.02367242330604475,,-0.39999999999999997
chaosnli_snli,gemma,12,GPP-cosine,0,1024,1.6265460280110924,0.2848457556722684,0.4781333462627196,0.37426224324242024,0.35384615384615387,0.35384615384615387,0.7566130757331848,0.010302908718585968,0.025605682574462513,0.04736950778620373,0.0256056825744625,0.04736950778620372,0.004572065103669085,0.0558519455423834,0.018061289669647037,0.05261363473141728,2.7801021244260732e-05,0.05268854303820329,0.03250128235264411,-0.032013539852699585,0.0
chaosnli_snli,gemma,12,GPP-rbf,0,1024,1.1265684820023014,0.20777647222854967,0.4081798099800126,0.3884905180167236,0.4879120879120879,0.4879120879120879,0.6102873086929321,0.303497850894928,0.0436807191392621,0.0441966851236069,0.0436807191392621,0.044196685123606895,0.02849498920325195,0.035942388907119927,0.03878166333588651,0.046729328699896856,0.025047485733749396,0.03738806023113904,0.008356531681170516,0.014295116704982494,0.7999999999999999
chaosnli_snli,gemma,12,GPP-laplace,0,1024,1.055051823309451,0.19147113019924286,0.3924274160148023,0.4311759178956527,0.5362637362637362,0.5362637362637362,0.6347754597663879,0.33951401710510254,0.05323164282992355,0.05764972551773113,0.05323164282992354,0.05764972551773112,0.04038456579198929,0.04552913443644774,0.043308190610557115,0.05217131314241236,0.03662892286551132,0.04627176577224367,0.052126022569166194,0.06068772841676237,1.0
chaosnli_snli,gemma,12,LPE,0,1024,1.3639927685497888,0.22478575785586896,0.4089859816648836,0.32800395339906563,0.4835164835164835,0.4835164835164835,0.19754017889499664,0.5585843324661255,-0.052405101487949135,-0.03183632142842622,-0.05240510148794911,-0.03183632142842621,-0.02739693812293853,-0.014945136865585955,-0.041498638332392715,-0.029294174891233447,-0.018465049653608935,-0.012478405532649273,-0.018805699722296315,-0.004344965869624675,-0.39999999999999997
chaosnli_snli,gemma,12,LP-temp,0,1024,1.0666826558370628,0.2096663059797751,0.4277859633385191,0.5410975438116856,0.48131868131868133,0.48131868131868133,1.0907886491279055,,-0.01902062554788725,,-0.019020625547887242,,0.0007467423086652616,,-0.0156220032680697,,0.0018720220845128178,,-0.00607260751563427,,0.39999999999999997
chaosnli_snli,gemma,12,GPP-cosine,1,16,1.36441029736905,0.2731246869440396,0.480959462618921,0.3704852426037107,0.37142857142857144,0.37142857142857144,0.817176878452301,0.06849034875631332,-0.040029922700180465,-0.00805812688737257,-0.04002992270018047,-0.00805812688737257,-0.055560806530564305,0.010311295263725942,-0.059691901898423876,-0.004856686318887332,-0.06219525126756793,0.011159847360876,-0.021055990867071068,-0.051181431537211455,-0.7999999999999999
chaosnli_snli,gemma,12,GPP-rbf,1,16,1.1815673890132905,0.2029838975141946,0.3834331589014075,0.2757447442622662,0.5340659340659341,0.5340659340659341,0.5465560555458069,0.23351679742336273,0.06027317188163097,0.08687404750631961,0.060273171881630935,0.08687404750631961,0.04730381689573727,0.07087739635238213,0.05050147381088465,0.07524909684271358,0.039070849884939494,0.06076752275886034,0.05006115893090032,0.06316001023834353,1.0
chaosnli_snli,gemma,12,GPP-laplace,1,16,1.0699461043894207,0.21052636360531365,0.4287948178147877,0.540844659726326,0.5296703296703297,0.5296703296703297,0.7056542038917542,0.38493144512176514,0.049808131733226964,0.03968306212182277,0.04980813173322696,0.03968306212182276,0.0581405974106188,0.031087311843041983,0.053198308642853104,0.03669208556470636,0.0588243123690319,0.027275162542729048,0.041852664833147875,0.007496532792343159,1.0
chaosnli_snli,gemma,12,LPE,1,16,6.256257603770225,0.2804879177593545,0.43116823187364,0.27690238281652174,0.5340659340659341,0.5340659340659341,0.287719190120697,0.05520768463611603,0.028629279094579713,0.05584455863053661,0.02862927909457974,0.05584455863053661,0.021768510681033183,0.04848061567034326,0.023976207125846943,0.05670756438315294,0.01915037104324782,0.04821043479787398,0.018041121790099087,0.0355119473020209,0.6000000000000001
chaosnli_snli,gemma,12,LP-temp,1,16,6.067648782767602,0.24538936908565379,0.3969182497497277,0.19566457815971117,0.5384615384615384,0.5384615384615384,0.5759698603564493,,0.011015293423687032,,0.01101529342368706,,0.006712282405772806,,0.007619059158411042,,0.005338838547680132,,0.00455307018558638,,0.0
chaosnli_snli,gemma,12,GPP-cosine,1,64,2.294350791875992,0.415523250568958,0.5761732933113488,0.28865154838998464,0.3032967032967033,0.3032967032967033,0.4306349456310272,0.032662857323884964,0.017366826100698153,0.04782844322242824,0.017366826100698157,0.04782844322242824,0.06773051674767347,0.07515129222277114,0.05319214150505682,0.06372482048244914,0.08225431251402739,0.07974028084103085,0.03360569393211887,-0.010597140592695752,0.39999999999999997
chaosnli_snli,gemma,12,GPP-rbf,1,64,1.1215377681285992,0.1991644877116524,0.38843301255869994,0.33657858240829147,0.5384615384615384,0.5384615384615384,0.6328359246253967,0.21952904760837555,-0.022062340349746645,0.035867106989305134,-0.02206234034974663,0.03586710698930513,-0.021235306336280693,0.025111880282341792,-0.027489194014465482,0.023536136633778272,-0.02607174499835115,0.013860487718752014,-0.042200523209252876,0.00719676575502581,-0.39999999999999997
chaosnli_snli,gemma,12,GPP-laplace,1,64,1.0447421825814485,0.197632684974695,0.4089692382448977,0.5110506278826988,0.5384615384615384,0.5384615384615384,0.6872133612632751,0.3732236623764038,0.058661807269930415,0.05537259746305818,0.05866180726993041,0.05537259746305817,0.05659289899349222,0.04515191899458773,0.05353679842612385,0.04824159245615108,0.05286572620354619,0.039134071112981866,0.0389690141633229,0.025509723425942217,1.0
chaosnli_snli,gemma,12,LPE,1,64,1.380350619515365,0.23387657400649384,0.4097616148731354,0.27650215875681944,0.5428571428571428,0.5428571428571428,0.5250588059425354,0.09570010006427765,-0.05815312619231064,-0.010094854657512264,-0.058153126192310625,-0.010094854657512264,-0.05068418507014444,-0.022232274882917052,-0.05814480988418968,-0.007598733147232432,-0.05370431419589891,-0.017209763199278614,-0.07301276545107954,-0.029971671518401317,-0.7999999999999999
chaosnli_snli,gemma,12,LP-temp,1,64,1.1065119067742804,0.20233328964121916,0.39793178580278005,0.38622679491278705,0.5164835164835165,0.5164835164835165,0.913786231027127,,-0.059233032593106125,,-0.05923303259310612,,-0.06315508297799599,,-0.0649013862638961,,-0.06840776547493413,,-0.06519818403627028,,-0.7999999999999999
chaosnli_snli,gemma,12,GPP-cosine,1,256,1.549805850623203,0.27740247946607466,0.4753905025897598,0.3980848632242957,0.3648351648351648,0.3648351648351648,0.8207093477249146,0.026879634708166122,0.05254299985284541,0.03942422414901929,0.05254299985284541,0.039424224149019284,0.019824044241973218,0.048663910484129255,0.03970114577011264,0.04493341778557006,0.013760841578551376,0.049514368824781475,0.05296914124870985,-0.026229743163073995,0.39999999999999997
chaosnli_snli,gemma,12,GPP-rbf,1,256,1.1662995514071204,0.20764021919313186,0.4004406951296215,0.3426840061541789,0.512087912087912,0.512087912087912,0.6467325687408447,0.1895236223936081,-0.0422308840834813,0.024580515955543076,-0.04223088408348129,0.024580515955543107,-0.034268519632595,0.012936735954667936,-0.053115138714841206,0.008220857657390411,-0.047330318648179555,-0.00619479790014967,-0.056119816386786925,0.010689631399789843,-0.39999999999999997
chaosnli_snli,gemma,12,GPP-laplace,1,256,1.0466816882523362,0.19259349829791675,0.3973655118801437,0.46294205549613426,0.5340659340659341,0.5340659340659341,0.6563144326210022,0.35423657298088074,0.026048244663202647,0.03281010887438526,0.026048244663202647,0.03281010887438526,0.014124337450684608,0.015031180938070841,0.015359371542011798,0.023193710376581692,0.004028537369154402,0.004685484230196834,0.010586439176998915,0.014605648856899637,0.7999999999999999
chaosnli_snli,gemma,12,LPE,1,256,1.3692921888379905,0.23530876940066733,0.4223343730734496,0.3266985530567822,0.4945054945054945,0.4945054945054945,0.4225999116897583,0.29085075855255127,-0.04959014842719852,-0.017044022286879436,-0.049590148427198485,-0.017044022286879436,-0.028056954179188694,-0.01177840399474836,-0.0520273600173374,-0.030365979459030315,-0.03315469071564861,-0.02166007927851937,-0.05842514338371685,-0.01819075051314593,-0.19999999999999998
chaosnli_snli,gemma,12,LP-temp,1,256,1.0719102206128188,0.2089422083504686,0.4238392235724476,0.5147949585943971,0.46813186813186813,0.46813186813186813,1.06366461304501,,-0.06231300239397938,,-0.062313002393979376,,-0.043373134870376466,,-0.060970351373289725,,-0.042474990230579074,,-0.05085338218698104,,-0.7999999999999999
chaosnli_snli,gemma,12,GPP-cosine,1,1024,1.6103103875105877,0.2806314303337555,0.474027480456167,0.37982180414886696,0.34725274725274724,0.34725274725274724,0.7692758440971375,0.010619712993502617,0.048074388667260735,0.059752264909750274,0.048074388667260735,0.059752264909750274,0.029054596828063328,0.07334424289469171,0.041729492659215266,0.06596036654245908,0.024530897805569128,0.06962717210347869,0.055714563966172186,-0.017473373468040114,0.6000000000000001
chaosnli_snli,gemma,12,GPP-rbf,1,1024,1.1175778566856123,0.20529559562490024,0.405083145905327,0.3891833063481161,0.4945054945054945,0.4945054945054945,0.6118724942207336,0.3043043315410614,0.04297253102558578,0.040616990889728984,0.04297253102558579,0.04061699088972898,0.02727722082205934,0.03273398069551825,0.040196664871782924,0.045110864390863085,0.0248886523346713,0.03513880618299044,-0.004297382789115525,0.0029465838530016893,0.7999999999999999
chaosnli_snli,gemma,12,GPP-laplace,1,1024,1.0516755654107621,0.1905190104156687,0.39128219799681024,0.43205878597999386,0.5340659340659341,0.5340659340659341,0.6354921460151672,0.33991801738739014,0.06080663883023318,0.06340443210789838,0.06080663883023317,0.06340443210789837,0.05054643085230724,0.053959754511287476,0.05226401865331923,0.05948369864437425,0.04731714098343454,0.05536938948782358,0.057298500887109964,0.06542603501214878,1.0
chaosnli_snli,gemma,12,LPE,1,1024,1.3578950845487785,0.22441242851921955,0.4076162158296,0.32112559810861674,0.4901098901098901,0.4901098901098901,0.19769662618637085,0.543967604637146,-0.09527052486965178,-0.023603381952017007,-0.09527052486965176,-0.023603381952017,-0.08088969254863472,0.004375217322131138,-0.08923067143379992,-0.013329704093664468,-0.07445344053050257,0.00737449452410487,-0.07930596226765517,0.007712280976659746,-0.39999999999999997
chaosnli_snli,gemma,12,LP-temp,1,1024,1.0611670270844895,0.20724716585581446,0.4246997735285039,0.5373139717326543,0.45494505494505494,0.45494505494505494,1.086994808638368,,-0.008095747109798497,,-0.008095747109798483,,0.01615159434668652,,-0.0024844646255061664,,0.017765719002110957,,0.018010737413388423,,0.39999999999999997
chaosnli_snli,gemma,12,GPP-cosine,2,16,1.310987939166458,0.26835205943783064,0.47208293596651035,0.360348132717039,0.3274725274725275,0.3274725274725275,0.8187212944030762,0.0644916370511055,-0.003334142839836768,0.020885879266186867,-0.003334142839836775,0.02088587926618686,-0.03271052737213744,0.04386951376934064,-0.025206054427517978,0.028425487665664845,-0.04425039587873441,0.04385445676504865,-0.004622756785421734,-0.04121815872784443,0.0
chaosnli_snli,gemma,12,GPP-rbf,2,16,1.1688140804297573,0.21058803040249527,0.39795311445390785,0.3030240579229989,0.5340659340659341,0.5340659340659341,0.5786490440368652,0.24051836133003235,0.012065070736248911,0.04202153090049062,0.012065070736248884,0.042021530900490614,0.00026228590565370927,0.031100129085782316,0.006788042092541056,0.034254307100440154,-0.005163702164206217,0.023221320547559016,0.01583548357629744,0.021671831860862852,0.7999999999999999
chaosnli_snli,gemma,12,GPP-laplace,2,16,1.0744666778405956,0.2125906882903163,0.4309899253832115,0.5431132942221397,0.5296703296703297,0.5296703296703297,0.707067608833313,0.38578662276268005,0.009493949521323077,-0.0010323488522948066,0.00949394952132307,-0.001032348852294817,0.019425686795899972,-0.020169196292306308,0.01217666773482412,-0.00983136917757347,0.021576864742770496,-0.02722718372574604,0.019102505369012545,-0.011273495544297029,0.7999999999999999
chaosnli_snli,gemma,12,LPE,2,16,1.7536140070488622,0.2841060373584091,0.44474948932350217,0.2653550662410216,0.5340659340659341,0.5340659340659341,0.3038303256034851,0.06702055782079697,-0.012408253135579639,0.024589362304706833,-0.012408253135579625,0.024589362304706843,-0.006606494251869422,0.013530142322905109,-0.005037423093790679,0.027347410687185363,-0.005159284068552657,0.014428870572328228,-0.008208686527406476,0.017101754068186856,0.0
chaosnli_snli,gemma,12,LP-temp,2,16,1.1151892569016708,0.20253542940443459,0.3952377946250148,0.36203023572065185,0.5318681318681319,0.5318681318681319,0.8917055037080878,,-0.0488255508516767,,-0.04882555085167667,,-0.036347562269965626,,-0.03863376896193995,,-0.033044295539930504,,-0.015044406900469952,,0.0
chaosnli_snli,gemma,12,GPP-cosine,2,64,1.4736461082837184,0.28119587270029933,0.4756858103331159,0.35487249626506334,0.3758241758241758,0.3758241758241758,0.7817081212997437,0.040630847215652466,0.02262940582291227,-0.017929915935161328,0.022629405822912275,-0.01792991593516132,0.013864436443366138,-0.007621542928749177,0.021029267151166032,-0.012475396898150585,0.01373512370181139,-0.004225388110813681,0.07002114647368701,-0.03806003081812133,0.19999999999999998
chaosnli_snli,gemma,12,GPP-rbf,2,64,1.0874723205774657,0.20047525175498726,0.40097878419354066,0.4185098866619097,0.5208791208791209,0.5208791208791209,0.6991739273071289,0.2538587152957916,-0.0806364784225907,0.01918108270156458,-0.08063647842259067,0.01918108270156459,-0.04105877269422055,0.03183935980267642,-0.05348280415636242,0.02875147154321454,-0.02298660218629067,0.03557437572056386,-0.07624083475624982,0.02190624382374595,-1.0
chaosnli_snli,gemma,12,GPP-laplace,2,64,1.0604244233023514,0.20605396223647393,0.42214908197030915,0.5333763012600095,0.5318681318681319,0.5318681318681319,0.7015336155891418,0.3815641701221466,0.0073298616896919355,0.006986242376963925,0.0073298616896919355,0.006986242376963916,0.02368775470950335,0.0007588129066057724,0.01598942100029563,0.007147244897598949,0.029239331885838337,-0.0006716420076234688,0.0263673327934619,0.006957831170032742,0.39999999999999997
chaosnli_snli,gemma,12,LPE,2,64,1.3023395221970804,0.2319869232477455,0.42083012651764673,0.3272860212197233,0.4967032967032967,0.4967032967032967,0.5894968509674072,0.14116275310516357,-0.07793879663177579,-0.07551376342100966,-0.07793879663177579,-0.07551376342100966,-0.05321648606887555,-0.07089630564992946,-0.059216429220144834,-0.06964811726035694,-0.03904265228471327,-0.060199912078597206,-0.08422415456499315,-0.09079265804015049,-1.0
chaosnli_snli,gemma,12,LP-temp,2,64,1.0743937815491693,0.21220690041755386,0.4304962483603043,0.5390837743569251,0.44835164835164837,0.44835164835164837,1.0886468637734932,,-0.02492593525847795,,-0.024925935258477944,,-0.01690110366550449,,-0.009527763972035107,,-0.003931544306224034,,-0.07125856136253673,,-0.39999999999999997
chaosnli_snli,gemma,12,GPP-cosine,2,256,1.558828609691716,0.29088464239797246,0.4866228576757822,0.34239035082267444,0.33406593406593404,0.33406593406593404,0.7319647669792175,0.022715430706739426,0.009534170070564302,-0.008471443066181885,0.009534170070564313,-0.008471443066181882,-0.022002299371050242,-0.013962373046724761,-0.0037509110100338167,-0.01631352208998217,-0.03249376592321776,-0.023008079509188956,0.03407630142716786,-0.056023885838933134,-0.39999999999999997
chaosnli_snli,gemma,12,GPP-rbf,2,256,1.0687130881394975,0.2001334010053084,0.40662416832132653,0.4707845508304625,0.5296703296703297,0.5296703296703297,0.6659268140792847,0.34865620732307434,0.028733760941333918,0.05179991428650441,0.0287337609413339,0.0517999142865044,0.010471067411110431,0.02692492572993978,0.028064438884129378,0.05120378939929307,0.009328249583661193,0.024666984499724782,-0.0012863993452239422,0.04658294403381648,0.6000000000000001
chaosnli_snli,gemma,12,GPP-laplace,2,256,1.0423885383930052,0.19518331890757987,0.4048846155077547,0.49873044451790516,0.5340659340659341,0.5340659340659341,0.6802329421043396,0.3674444258213043,0.04893931288722983,0.06082131868623163,0.04893931288722984,0.06082131868623162,0.03275252481358082,0.030517122560729394,0.03988612263738048,0.05028003734950666,0.02487358577690109,0.0211831248046377,0.04817949333753982,0.04743517165648303,0.6000000000000001
chaosnli_snli,gemma,12,LPE,2,256,1.40880542493791,0.24884096183524307,0.44301728609665547,0.3285219637527339,0.45054945054945056,0.45054945054945056,0.4208149015903473,0.29419657588005066,-0.0791918829600762,-0.02096438071148575,-0.07919188296007618,-0.02096438071148575,-0.09228045763304935,-0.02436522869988709,-0.0807528193761333,-0.02625981211636611,-0.08797217487494016,-0.03086989371583956,-0.06976953580700543,-0.021725912229473652,-0.39999999999999997
chaosnli_snli,gemma,12,LP-temp,2,256,1.0809201716542582,0.21309405040337323,0.431752455094129,0.5247925861600886,0.4175824175824176,0.4175824175824176,1.0739577292288025,,-0.07085135602682571,,-0.07085135602682568,,-0.07748943921981416,,-0.07037962813936391,,-0.07381998541380452,,-0.061853673136493946,,-0.7999999999999999
chaosnli_snli,gemma,12,GPP-cosine,2,1024,1.6183001765341227,0.27797777873097945,0.4711093330139091,0.38763022014829285,0.35824175824175825,0.35824175824175825,0.770904541015625,0.010351750999689102,0.03793330060997394,0.053599007619966915,0.037933300609973936,0.053599007619966915,0.019882791496024777,0.06124803620758387,0.030070880367181155,0.054584892409927935,0.015482369994694283,0.05660385044099461,0.05831679154978636,-0.0023919575049519315,0.6000000000000001
chaosnli_snli,gemma,12,GPP-rbf,2,1024,1.122364437902095,0.2066075685455451,0.4072160905083785,0.38727420364343523,0.49230769230769234,0.49230769230769234,0.6101635098457336,0.3033708930015564,0.03945926379277921,0.03782101469058266,0.0394592637927792,0.037821014690582654,0.020443714445033973,0.028453812742626,0.03207011541387904,0.03915013090899036,0.016894804829708253,0.030038125268169916,-0.008287482070364732,-0.001117979445804675,0.7999999999999999
chaosnli_snli,gemma,12,GPP-laplace,2,1024,1.0530359895184953,0.19087669081390554,0.39191221842890256,0.4311461480642657,0.5340659340659341,0.5340659340659341,0.6346927285194397,0.3394811749458313,0.04605059896620444,0.05012208207841786,0.04605059896620445,0.05012208207841786,0.030977782766949707,0.03689952320628758,0.03441058194758698,0.04343597209507641,0.027310685747942876,0.03780441134579735,0.03660189923052434,0.0452529746389697,1.0
chaosnli_snli,gemma,12,LPE,2,1024,1.331142281786826,0.22328823124381436,0.4058049313003529,0.31437939605859727,0.48131868131868133,0.48131868131868133,0.19924381375312805,0.5476200580596924,-0.03675704172967641,-0.02007392168276343,-0.03675704172967639,-0.0200739216827634,-0.02405573736518787,0.0026179747410568343,-0.0332824730376458,-0.009331073605334713,-0.022679411659720778,0.009930615737861092,-0.015807583456802117,0.017248197846085837,-0.19999999999999998
chaosnli_snli,gemma,12,LP-temp,2,1024,1.058017715870349,0.20606645590289271,0.42277664244799673,0.536118576590103,0.4747252747252747,0.4747252747252747,1.0858081872533445,,-0.03777321928396517,,-0.037773219283965175,,-0.020734393946389557,,-0.03450321226241135,,-0.018131212596411695,,0.0041708767678422035,,-0.19999999999999998
chaosnli_snli,gemma,12,GPP-cosine,3,16,1.3443852095299462,0.278809978775326,0.4751670407041764,0.366671309030561,0.36923076923076925,0.36923076923076925,0.8249548077583313,0.06433896720409393,0.015249899741360831,0.026217567468740544,0.015249899741360838,0.02621756746874054,0.002075605363244564,0.048541218951545305,0.00984698189140154,0.035983894292560215,-0.0032902452568811767,0.049237837362622466,-0.003923151734241019,-0.0407828417239067,-0.19999999999999998
chaosnli_snli,gemma,12,GPP-rbf,3,16,1.1986571135465445,0.252792316518633,0.4744599535897538,0.4945720463062766,0.2813186813186813,0.2813186813186813,0.7291520237922668,0.31237706542015076,-0.005950219874630186,0.05756819125615735,-0.00595021987463018,0.05756819125615735,-0.008222811999262333,0.034901395417448446,-0.0010581602531963396,0.04892289606322789,-0.005331056943940475,0.026695600863930403,-0.018832580659344324,0.04743026684095531,0.0
chaosnli_snli,gemma,12,GPP-laplace,3,16,1.1057851991511158,0.225136239546634,0.4476712064101146,0.5476345850536156,0.27912087912087913,0.27912087912087913,0.7099646925926208,0.38741084933280945,0.01626239351311068,-0.005754117759768036,0.016262393513110682,-0.00575411775976805,0.031571978057898686,-0.026874126694922753,0.02336107631341621,-0.014068226751173266,0.03536303926042427,-0.032820831057219765,0.024733234561878734,-0.00950400371904445,0.6000000000000001
chaosnli_snli,gemma,12,LPE,3,16,1.4018157852350739,0.3002272637022065,0.5130969227506564,0.3758765747044124,0.2879120879120879,0.2879120879120879,0.7208284139633179,0.17840760946273804,-0.01707203326723265,0.021564196154516664,-0.017072033267232646,0.02156419615451667,-0.027815792616821034,0.0485813429379056,-0.013906701002668225,0.030208290330982008,-0.024207639077520146,0.055537125319536106,-0.01730788371815688,0.010099525084447697,-0.39999999999999997
chaosnli_snli,gemma,12,LP-temp,3,16,1.146111242529501,0.2376432328141919,0.4603955907162723,0.5251167211912902,0.2945054945054945,0.2945054945054945,1.0745582282897899,,0.009175327586583478,,0.009175327586583454,,-0.011758999406052925,,0.006606356078901015,,-0.012192968520774033,,-0.00011274705823453221,,0.7999999999999999
chaosnli_snli,gemma,12,GPP-cosine,3,64,1.6292851033367153,0.31176306577603236,0.5104415195140121,0.3238685723851598,0.2967032967032967,0.2967032967032967,0.7300060987472534,0.03931768238544464,-0.01067286470185279,-0.0013378436911848264,-0.01067286470185279,-0.0013378436911848264,-0.02241091173476043,0.01582080911755753,-0.021004652405332704,0.0026547101361493013,-0.031434928183880606,0.012753276830143087,-0.03334975174003619,-0.05197448287903063,-0.7999999999999999
chaosnli_snli,gemma,12,GPP-rbf,3,64,1.0842724564887418,0.19751186423049213,0.39931816737075426,0.39765312868284647,0.4879120879120879,0.4879120879120879,0.6895281076431274,0.24780268967151642,0.02528204025151639,0.09146246997726497,0.02528204025151637,0.09146246997726495,-0.012019679277249326,0.0557004705894287,0.0036425448833438453,0.06836928287885552,-0.030489169689040363,0.035872696667894194,0.03424777887392908,0.07106892972843266,0.39999999999999997
chaosnli_snli,gemma,12,GPP-laplace,3,64,1.0536420956222599,0.2032955698334159,0.41929072719681393,0.529547933968822,0.5340659340659341,0.5340659340659341,0.6990126967430115,0.3802559971809387,0.036460192155515325,0.03217786903683612,0.03646019215551532,0.0321778690368361,0.017766137324777623,-0.005098811185710488,0.02677175547564641,0.016251035747034483,0.010001443772178521,-0.016942663433963532,0.03258778546286021,0.03801372171567133,0.7999999999999999
chaosnli_snli,gemma,12,LPE,3,64,1.2915555001632832,0.2259605453906901,0.413580203557561,0.29280142959321437,0.48131868131868133,0.48131868131868133,0.5872395634651184,0.13583339750766754,0.047500175626444374,0.014224733135715761,0.047500175626444374,0.01422473313571576,0.017744829646404756,-0.01706028649163662,0.029266943825698954,-0.004830993565817249,0.0014166213419326678,-0.031474269273154026,0.04280572648625078,-0.004107496359399628,1.0
chaosnli_snli,gemma,12,LP-temp,3,64,1.0677794332270931,0.2042727528035266,0.41775229917398526,0.49381734268571736,0.4593406593406593,0.4593406593406593,1.0419310821994237,,0.026526770319252976,,0.02652677031925297,,0.004995974393701536,,0.012544863829875318,,-0.0065158984799554304,,0.04983980524312348,,0.7999999999999999
chaosnli_snli,gemma,12,GPP-cosine,3,256,1.6139346638071785,0.28276602907124,0.48297260044067286,0.39458343797862827,0.33186813186813185,0.33186813186813185,0.7980897426605225,0.02349860407412052,0.07589509905908408,0.07498580959350594,0.07589509905908406,0.07498580959350594,0.054370888228578454,0.0814397120291284,0.06728777202708729,0.07446797460191079,0.047956124459616625,0.07282094354143691,0.08970417118641508,-0.01162415800507731,0.6000000000000001
chaosnli_snli,gemma,12,GPP-rbf,3,256,1.1921168743873085,0.20536328959077682,0.3865736503041462,0.2951170484422523,0.5428571428571428,0.5428571428571428,0.5891386866569519,0.17555472254753113,0.07129852471498706,0.09796139013843588,0.07129852471498706,0.09796139013843588,0.08507309844177019,0.10801879019170318,0.0706267302960083,0.09567835655568459,0.0816741584727587,0.10271723506670574,0.09390307547155852,0.0976595271767601,0.6000000000000001
chaosnli_snli,gemma,12,GPP-laplace,3,256,1.0478559155030516,0.19073055681880854,0.3924725589107026,0.4454853740083779,0.5362637362637362,0.5362637362637362,0.6427121162414551,0.34702345728874207,0.04615671441709672,0.03450526436058832,0.046156714417096734,0.03450526436058831,0.04512686421687406,0.034809777000857495,0.04230372784009908,0.033777670691666664,0.04598184195355217,0.03927563661066252,0.0724823446861536,0.061669201113529415,1.0
chaosnli_snli,gemma,12,LPE,3,256,1.4620669917995248,0.23530016745260252,0.410150535833324,0.273700193131656,0.4857142857142857,0.4857142857142857,0.3615795075893402,0.25988656282424927,0.08126862558662172,0.13735220275105292,0.0812686255866217,0.13735220275105292,0.09721333348663794,0.14266336363869503,0.08082299933075952,0.1349376370552362,0.0935000590397882,0.13574457997929176,0.0874446437007115,0.1497231248210281,0.7999999999999999
chaosnli_snli,gemma,12,LP-temp,3,256,1.0713577534162448,0.20192980498918525,0.4084614246560388,0.46652856656735997,0.48131868131868133,0.48131868131868133,1.0130547810566153,,0.0649498191334729,,0.0649498191334729,,0.08694978082136828,,0.07236675000016432,,0.08854503750156367,,0.08255377823274222,,0.6000000000000001
chaosnli_snli,gemma,12,GPP-cosine,3,1024,1.6310446771964802,0.2841898631734048,0.47697990645718896,0.37770714583370707,0.34945054945054943,0.34945054945054943,0.7565162181854248,0.010379413142800331,0.030454969872998533,0.04825018865601145,0.03045496987299853,0.04825018865601147,0.01262140002110345,0.06611763256932883,0.02435502213877527,0.05665665421007852,0.00869216268411248,0.06332481213852886,0.034231535653674955,7.834965063755627e-05,0.6000000000000001
chaosnli_snli,gemma,12,GPP-rbf,3,1024,1.1198484399536235,0.2064608622118318,0.40706464143695087,0.3939804966722942,0.4879120879120879,0.4879120879120879,0.6151399612426758,0.30562514066696167,0.037039218694841426,0.03246332146198684,0.03703921869484142,0.03246332146198683,0.014375580929240923,0.019758136006701007,0.028808672664976186,0.03301243609970512,0.009737495067866954,0.020655386073339728,-0.004071888672646461,-0.000791076675827489,0.7999999999999999
chaosnli_snli,gemma,12,GPP-laplace,3,1024,1.0516544888282608,0.1910115855436403,0.3927100552225506,0.4369385158283137,0.5340659340659341,0.5340659340659341,0.6389101147651672,0.3416943848133087,0.04700045718988491,0.04939053882541718,0.047000457189884895,0.04939053882541716,0.029645944500934975,0.03391490017369994,0.03510597156642671,0.042595205475384576,0.02566565649097681,0.034731805063869255,0.04367177677085908,0.05043589957699848,1.0
chaosnli_snli,gemma,12,LPE,3,1024,1.3647718471520944,0.22349612455857112,0.4068167678298341,0.31634865970409987,0.47912087912087914,0.47912087912087914,0.19489699602127075,0.5528210401535034,-0.043486486871739484,-0.007375989059529379,-0.04348648687173945,-0.007375989059529367,-0.03678557669384856,0.017322253944345334,-0.042279214625353466,0.0013294535955014923,-0.03231549077673063,0.02218057198393907,-0.014625968806943036,0.02898389263024149,-0.19999999999999998
chaosnli_snli,gemma,12,LP-temp,3,1024,1.0562867290438118,0.20503717889934248,0.421570911188138,0.5337816454877685,0.4593406593406593,0.4593406593406593,1.0833851336501772,,0.0005671929315029071,,0.0005671929315029228,,0.01110783814755029,,0.002858346187669924,,0.012273546390421667,,0.024644659661882975,,0.39999999999999997
chaosnli_snli,gemma,12,GPP-cosine,4,16,3.374987011458954,0.4899211212631511,0.6311244856943261,0.3448664484612053,0.25274725274725274,0.25274725274725274,0.3142201900482178,0.03668972849845886,0.005187479489891948,0.01045068418863402,0.005187479489891941,0.010450684188634027,0.05815706608225195,0.04211452501858974,0.04321327647366524,0.027514360524966676,0.08081976055630043,0.05425858449078458,0.016507188507982832,0.004161831523622257,0.7999999999999999
chaosnli_snli,gemma,12,GPP-rbf,4,16,1.062473049033966,0.19054412432640958,0.3869760649995162,0.40438820056101116,0.5340659340659341,0.5340659340659341,0.6742593050003052,0.2729105055332184,0.03617383416554519,0.08964284583515325,0.03617383416554519,0.08964284583515324,0.016819076149853195,0.06166226521937376,0.020115212692270606,0.07069361961435469,0.005055626463062717,0.047419248299834876,0.032738658399869974,0.06825509438919412,1.0
chaosnli_snli,gemma,12,GPP-laplace,4,16,1.0740082119812984,0.2126422075458071,0.4316634829227741,0.5445692013146606,0.5340659340659341,0.5340659340659341,0.708098828792572,0.3862113654613495,0.016846729413499927,0.007283179647253394,0.016846729413499933,0.007283179647253384,0.028729716178384747,-0.014626451428468999,0.01993604448171226,-0.0029431278766497634,0.03110236891822043,-0.021710161822003932,0.03229158556410847,0.0008944599953272889,0.7999999999999999
chaosnli_snli,gemma,12,LPE,4,16,1.2525502280845302,0.21497451008334645,0.39005717864403355,0.24766413604791504,0.5362637362637362,0.5362637362637362,0.5588839650154114,0.13806915283203125,0.028425327402189757,-0.009449349256714364,0.028425327402189768,-0.009449349256714345,0.009068567428082368,-0.01221883415501444,0.013866775663462986,-0.01718280064027002,-0.0028804824269053793,-0.01548412359240496,0.025418537633911976,-0.011928065471086892,0.39999999999999997
chaosnli_snli,gemma,12,LP-temp,4,16,1.0444262971183667,0.19555345784546713,0.40535849653626316,0.4942933777779073,0.5010989010989011,0.5010989010989011,1.0434126548904634,,0.02585468040436731,,0.025854680404367315,,-0.0024638576614744827,,0.0061630951841865345,,-0.01619338430452739,,0.0239691964949231,,0.39999999999999997
chaosnli_snli,gemma,12,GPP-cosine,4,64,1.4110447126756984,0.27694016159648965,0.48623513551700165,0.4251698661713106,0.34725274725274724,0.34725274725274724,0.8669313788414001,0.04193969443440437,-0.0004123578152351731,0.006889959962046225,-0.00041235781523518006,0.006889959962046218,-0.0076962035145527186,0.02805102060047416,-0.0029021055055313653,0.016005266469840483,-0.007804981842684697,0.029345078392782567,0.042426144723527855,-0.043003320483224514,-0.19999999999999998
chaosnli_snli,gemma,12,GPP-rbf,4,64,1.1765164044259933,0.208868199895967,0.39613747586097037,0.3000625197520434,0.5340659340659341,0.5340659340659341,0.5763589143753052,0.20735560357570648,-0.051080450559031154,-0.0005781664771736025,-0.051080450559031154,-0.0005781664771736042,-0.024225532425362656,0.013170571613632227,-0.047567295650560906,-0.0017163789702058768,-0.028445184097866876,0.0062704506726506334,-0.05358409045786022,-0.023471453267214268,-0.7999999999999999
chaosnli_snli,gemma,12,GPP-laplace,4,64,1.0495767656925512,0.19818193545029092,0.40859823626476327,0.5023702678712647,0.5318681318681319,0.5318681318681319,0.6813043355941772,0.37021517753601074,0.0397190023991313,0.03842190810126949,0.03971900239913129,0.03842190810126947,0.0413258002186878,0.03320843333695573,0.03819900476939759,0.0352613734880616,0.03914211554786961,0.02910016110820133,0.0358951599022124,0.030043398396806503,1.0
chaosnli_snli,gemma,12,LPE,4,64,1.5842187575146545,0.2598910166455725,0.428903501275236,0.29961612520688063,0.5406593406593406,0.5406593406593406,0.38455647230148315,0.09784124791622162,-0.07917077373048821,-0.013778017609180467,-0.07917077373048821,-0.01377801760918047,-0.05218899325053129,0.011439611552619596,-0.07481615204764448,-0.011875407403942363,-0.0548950422112425,0.009021082760826088,-0.07843838320937589,-0.04167902029074095,-1.0
chaosnli_snli,gemma,12,LP-temp,4,64,1.0750833160263165,0.19995928100519209,0.40515482742682024,0.4377284155571811,0.4945054945054945,0.4945054945054945,0.9799158130234935,,-0.06329562848196994,,-0.06329562848196991,,-0.028467926911609615,,-0.05737464178115047,,-0.0327956258964637,,-0.040458995202398575,,-0.7999999999999999
chaosnli_snli,gemma,12,GPP-cosine,4,256,1.7169732130627,0.3073546621602063,0.5026370910880553,0.3579352731855038,0.3208791208791209,0.3208791208791209,0.7556800842285156,0.023980766534805298,0.03080589076920986,0.04018032543675245,0.030805890769209872,0.04018032543675244,0.03130842502764934,0.06766922581415757,0.02347454103621052,0.03844445207751844,0.027185280577402826,0.06056602033275281,-0.009809439958725002,-0.02297281825486403,0.39999999999999997
chaosnli_snli,gemma,12,GPP-rbf,4,256,1.2045686343562627,0.2198665867880902,0.41112019870849836,0.34134646934514,0.4835164835164835,0.4835164835164835,0.6362524628639221,0.18851420283317566,-0.010966488811492491,0.05299927508925677,-0.01096648881149247,0.052999275089256746,-0.02417965000882668,0.03951742784848516,-0.016740651444993634,0.0436955376000961,-0.026218315060993203,0.03145193261533802,-0.010956020211957535,0.061377141643469905,0.39999999999999997
chaosnli_snli,gemma,12,GPP-laplace,4,256,1.0548536791806253,0.19530967256469325,0.39980643412896566,0.46356578647243885,0.5340659340659341,0.5340659340659341,0.656286358833313,0.35443925857543945,0.06345278349082703,0.07226078217632768,0.063452783490827,0.07226078217632767,0.028922497864568984,0.036927005362883014,0.04615106159716543,0.05620631014541734,0.01942538449501555,0.02754156913591537,0.05794205090368821,0.0617088218311689,0.7999999999999999
chaosnli_snli,gemma,12,LPE,4,256,1.4819083341342827,0.2580039453583775,0.4398835681584667,0.317999416849401,0.45714285714285713,0.45714285714285713,0.3968293368816376,0.28880932927131653,-0.02917428170716206,0.034207558721218376,-0.029174281707162075,0.034207558721218376,-0.03891524984545728,0.02548548259509563,-0.03013218128852901,0.026164970930274114,-0.037243298811816476,0.012215354970379644,-0.023123912052678896,0.056828339284381676,0.6000000000000001
chaosnli_snli,gemma,12,LP-temp,4,256,1.0818753192119597,0.2129818695668205,0.4266012743571959,0.5194819325978319,0.42857142857142855,0.42857142857142855,1.0686449619925038,,-0.0036951423381825325,,-0.003695142338182529,,-0.006543493469885196,,-0.006799102042890548,,-0.009292895724670874,,0.03359626649448117,,0.39999999999999997
chaosnli_snli,gemma,12,GPP-cosine,4,1024,1.630458270788466,0.2817144014187139,0.4733399732585872,0.37507126827364046,0.35384615384615387,0.35384615384615387,0.7638829350471497,0.01119566522538662,0.05260587383979069,0.0635197333794512,0.05260587383979068,0.06351973337945119,0.033147614447972575,0.08063014058110567,0.04608402300962603,0.07214678906629152,0.0298070078110996,0.07980587458872229,0.07138016256828233,-0.01576554218085026,0.6000000000000001
chaosnli_snli,gemma,12,GPP-rbf,4,1024,1.1240826691015584,0.2070780387169067,0.40710832029171695,0.38653754051199674,0.49230769230769234,0.49230769230769234,0.6090317368507385,0.30268022418022156,0.029621292182341618,0.02533119217718687,0.029621292182341614,0.02533119217718686,0.010657243995620992,0.014824915395121614,0.02209215402826352,0.026298507980985188,0.006074136569145846,0.01548918480641347,-0.015574827665395915,-0.010104556976126465,0.6000000000000001
chaosnli_snli,gemma,12,GPP-laplace,4,1024,1.054334274223244,0.19116635752184116,0.3919510499379792,0.4300417771986902,0.5340659340659341,0.5340659340659341,0.6339679956436157,0.3390561640262604,0.05176467380761568,0.05290670013600947,0.05176467380761565,0.05290670013600946,0.03803697163449052,0.040590352164591906,0.040780595203105174,0.04669139325793062,0.03400227909497281,0.041142740712757586,0.05129570736911696,0.052646697401939675,1.0
chaosnli_snli,gemma,12,LPE,4,1024,1.3632126498125716,0.22719381550878615,0.41256763454278705,0.3233969830802635,0.47912087912087914,0.47912087912087914,0.19747649133205414,0.5512407422065735,-0.05299858846155829,-0.01834763756208619,-0.05299858846155829,-0.018347637562086162,-0.03872224506979896,6.659715282639894e-05,-0.046951011306716445,-0.012499236915956351,-0.031478510880375433,0.004653928270781514,-0.025504722249613292,0.013863684035252276,-0.39999999999999997
chaosnli_snli,gemma,12,LP-temp,4,1024,1.0578937422939358,0.20567789875764597,0.4222934347679395,0.5337934330339899,0.4725274725274725,0.4725274725274725,1.0834310980308273,,-0.027295480235105772,,-0.027295480235105765,,-0.007077551519227145,,-0.024289473171013758,,-0.005925984731868707,,-0.0024265460092577794,,-0.19999999999999998
chaosnli_snli,gemma,25,GPP-cosine,0,64,1.9792134978480085,0.3634731131833166,0.5341432726927691,0.251692856260093,0.37142857142857144,0.37142857142857144,0.4744948148727417,0.027676815167069435,-0.03028786470740394,-0.06344491244285543,-0.03028786470740393,-0.06344491244285541,-0.04904223111550987,-0.0675386686762438,-0.04626578042567214,-0.07300782957173103,-0.055424526618314734,-0.07538886841443665,-0.03286474829291881,-0.05255732784109049,-0.7999999999999999
chaosnli_snli,gemma,25,GPP-rbf,0,64,1.0839306054061513,0.1897880295568666,0.38168482905315176,0.3470461934698985,0.5340659340659341,0.5340659340659341,0.6579034328460693,0.20144015550613403,-0.025598857856730856,0.0488593978802786,-0.025598857856730828,0.048859397880278585,-0.03783019672540107,0.021373221200123443,-0.027822606446008223,0.028863344579212274,-0.033475305904903066,0.010465900691318121,-0.028723236719339962,0.01627392312535297,-0.39999999999999997
chaosnli_snli,gemma,25,GPP-laplace,0,64,1.0377996832035838,0.19424900580180932,0.40474026162218263,0.5046510685194705,0.5362637362637362,0.5362637362637362,0.683542013168335,0.3702538013458252,0.03716929101735448,0.04496861946798003,0.03716929101735446,0.04496861946798003,0.01131579883307595,0.004167787078038557,0.014100145068524425,0.017156351491858325,-0.0020509591637480097,-0.013113711118972127,0.03440396858398053,0.006183762101294869,0.39999999999999997
chaosnli_snli,gemma,25,LPE,0,64,1.2484930460453647,0.21433522766186364,0.3962160242803313,0.29370335256861535,0.5296703296703297,0.5296703296703297,0.5891396403312683,0.1018214076757431,-0.02014140063262082,-0.03149151242252686,-0.020141400632620824,-0.03149151242252683,-0.02351220644120558,-0.05946184036101647,-0.013365230257158849,-0.03418956505248197,-0.013477985169470783,-0.052364982237435034,-0.018944754427452234,-0.03362671457009479,-0.39999999999999997
chaosnli_snli,gemma,25,LP-temp,0,64,1.0504350635803197,0.19423328851017796,0.3988086004082642,0.4624083569038062,0.5032967032967033,0.5032967032967033,1.005585001238312,,-0.012241269544618344,,-0.012241269544618337,,-0.016043036009264135,,-0.008802384199779682,,-0.009104239508243586,,-0.01441958436136118,,-0.39999999999999997
chaosnli_snli,gemma,25,GPP-cosine,0,256,1.4541001629600432,0.25212668420874274,0.43631554188114363,0.3491691215451553,0.4197802197802198,0.4197802197802198,0.7354498505592346,0.015223618596792221,0.06312518052235876,-0.08786320981553858,0.06312518052235874,-0.08786320981553855,0.03935471004811569,-0.06818363716318016,0.06214443215689231,-0.08368440206475228,0.03770636791506255,-0.06905857704981139,0.08225834534063202,-0.012973682963132002,0.6000000000000001
chaosnli_snli,gemma,25,GPP-rbf,0,256,1.0019830796649425,0.16423586041625088,0.3475015828923251,0.35037050589817476,0.5824175824175825,0.5824175824175825,0.6858600378036499,0.1668633669614792,0.014106793917870869,0.05895981098749068,0.014106793917870869,0.05895981098749069,0.02290130271094265,0.0394776559266475,0.015503620601057401,0.042896397823704004,0.022165514179653144,0.025462168629752733,0.03618505360957136,0.051381127597982794,0.39999999999999997
chaosnli_snli,gemma,25,GPP-laplace,0,256,1.023436743203328,0.18915671702349654,0.3980213721866136,0.5009653596242315,0.5296703296703297,0.5296703296703297,0.6835671663284302,0.3667212426662445,0.022647085728011766,0.03197368998222473,0.02264708572801176,0.0319736899822247,0.010739368731839363,-0.0012286640852746979,0.00535137830326521,0.01081937614911588,-0.002006198041428124,-0.01713369009508732,0.024129271838054953,-0.0005649455703288508,0.19999999999999998
chaosnli_snli,gemma,25,LPE,0,256,1.1152680663689423,0.1769721835609197,0.34994408517022446,0.30713108140247164,0.5648351648351648,0.5648351648351648,0.4792269170284271,0.2500143051147461,0.03403587635364366,0.08786925983800596,0.034035876353643676,0.08786925983800596,0.04280065627008358,0.08270250390382054,0.03894508299132168,0.07877844943191516,0.04359697237461225,0.07132884760631368,0.04161735975267822,0.0887016778516721,0.39999999999999997
chaosnli_snli,gemma,25,LP-temp,0,256,1.0030387330646107,0.17969164639231808,0.37834450429914035,0.4625012896242593,0.5318681318681319,0.5318681318681319,1.0069278336056455,,0.058920920131099154,,0.05892092013109916,,0.0758087976599758,,0.0671583047779083,,0.0805682328923641,,0.07189478600527487,,0.39999999999999997
chaosnli_snli,gemma,25,GPP-cosine,0,1024,1.34497795189457,0.2080331985581243,0.38958526207492483,0.3604081849438432,0.4901098901098901,0.4901098901098901,0.7420884966850281,0.0068962788209319115,0.1284798521528076,0.06957801933923927,0.1284798521528076,0.06957801933923927,0.09007150896323411,0.07565849821512964,0.11841296266270084,0.07221293807549256,0.08527966022765021,0.07638267727339879,0.13139523056981495,0.046451851691530224,0.7999999999999999
chaosnli_snli,gemma,25,GPP-rbf,0,1024,1.000368238504189,0.14893561197076946,0.319163903122503,0.2713488960599725,0.6263736263736264,0.6263736263736264,0.565227746963501,0.08860833942890167,0.05100404541740274,0.10434660083036558,0.05100404541740272,0.10434660083036558,0.05554313457922638,0.09885684238686021,0.05809158677496114,0.1043524501580031,0.061434748588236186,0.0987517955830305,0.056892165585144955,0.08971321643063503,0.6000000000000001
chaosnli_snli,gemma,25,GPP-laplace,0,1024,1.0252357804077388,0.1781977318133912,0.37226671001740863,0.38592829398368445,0.5296703296703297,0.5296703296703297,0.6049893498420715,0.3195510506629944,0.07286080781198044,0.07351025859817503,0.07286080781198044,0.07351025859817503,0.05179606860144691,0.05335543969268936,0.05480673366066863,0.06065114820371842,0.0422696974993341,0.05048929667700071,0.04985528407654212,0.046301076388230146,1.0
chaosnli_snli,gemma,25,LPE,0,1024,1.1168002515762798,0.14959131383278101,0.3126116301478922,0.2729409349148584,0.6307692307692307,0.6307692307692307,0.2156403809785843,0.3500452935695648,0.07395144116179969,0.10744569062543867,0.07395144116179966,0.10744569062543866,0.08411623028406835,0.11387972391848228,0.08367775804296987,0.1100254914960263,0.09003486073207148,0.11713402623802716,0.09539044485561295,0.12355287643331628,0.6000000000000001
chaosnli_snli,gemma,25,LP-temp,0,1024,0.9164537011748762,0.14732831795573548,0.33945297797179697,0.43635451887065285,0.6263736263736264,0.6263736263736264,0.9800797412751978,,0.07380575167161171,,0.07380575167161173,,0.06025630349168469,,0.0568152792093556,,0.04633622186282674,,0.0993930291218418,,0.39999999999999997
chaosnli_snli,gemma,25,GPP-cosine,1,16,1.416602355554711,0.28432555947287064,0.48690581143242667,0.38050304879562824,0.3362637362637363,0.3362637362637363,0.8271912336349487,0.05557343363761902,0.03139570612789212,-0.01202697062409512,0.03139570612789212,-0.012026970624095114,0.004079485761354171,-0.008497879088176466,0.02241892135686769,-0.016011405343300027,0.0050790760223098546,-0.012663745094185927,-0.0006567356894904108,-0.041061586824375225,0.0
chaosnli_snli,gemma,25,GPP-rbf,1,16,1.2591405504829178,0.21094537142533407,0.3835009874458742,0.22336454762442218,0.5362637362637362,0.5362637362637362,0.4881564676761627,0.19042254984378815,0.05541976815663335,0.0805004138901182,0.055419768156633346,0.0805004138901182,0.031537430637809186,0.05111171894674792,0.03713354935706905,0.05789258830420722,0.018354419469981252,0.03470691050015298,0.03936331037262898,0.03944796621465931,0.7999999999999999
chaosnli_snli,gemma,25,GPP-laplace,1,16,1.0608822842332948,0.2065032256473913,0.4235021874636084,0.5360755176257662,0.5340659340659341,0.5340659340659341,0.7026927471160889,0.3830971419811249,0.05718360636217491,0.04922596779485916,0.057183606362174906,0.049225967794859174,0.059793531480014955,0.03815028219704639,0.05592511551258699,0.043749877730352285,0.05767961498571236,0.03297456706361262,0.04802687076605398,0.012167254851691789,1.0
chaosnli_snli,gemma,25,LPE,1,16,6.290808199608442,0.28535887454188,0.4388541884914777,0.3130260585254846,0.5362637362637362,0.5362637362637362,0.24283136427402496,0.04865843802690506,-0.0030104143174953337,0.014968056782766161,-0.0030104143174953216,0.014968056782766165,-0.005658619939733203,0.017561294777190182,-0.0036715702611777815,0.015029737661241804,-0.0070960423662392354,0.01525709413880362,-0.007074400162444716,-0.0002395715740226416,0.0
chaosnli_snli,gemma,25,LP-temp,1,16,6.033475357343519,0.23767119723786112,0.3890446883350288,0.19641996779267554,0.5384615384615384,0.5384615384615384,0.6369050722001092,,-0.023341436045940335,,-0.02334143604594032,,-0.028421343384507344,,-0.023758172890472752,,-0.028699411355048398,,-0.008161294543606198,,0.0
chaosnli_snli,gemma,25,GPP-cosine,1,64,2.549020250674246,0.4443268557505949,0.6034532641820948,0.3164200836928311,0.27912087912087913,0.27912087912087913,0.38036128878593445,0.02148769050836563,0.01706478388011047,-0.0003533515260611478,0.017064783880110457,-0.00035335152606113737,0.0416309839608619,0.0017758832783595566,0.04051417167514588,-0.0005037318318812101,0.05356688302283157,-0.006262999601425963,0.0235885318508499,-0.008825483004742622,0.39999999999999997
chaosnli_snli,gemma,25,GPP-rbf,1,64,1.1159832112358994,0.1909791289155448,0.37397859665964334,0.3010022222011683,0.5428571428571428,0.5428571428571428,0.6175342798233032,0.18601922690868378,-0.0038658607214619896,0.04637623461809518,-0.0038658607214619896,0.04637623461809518,0.016587627314489036,0.04346939053233121,0.002596856958923588,0.03615407244312739,0.015415383271520122,0.0322872132683186,0.024962326090931342,0.03136412953704927,-0.39999999999999997
chaosnli_snli,gemma,25,GPP-laplace,1,64,1.0352139514973493,0.19118991458822415,0.3979860966513445,0.48551819683168035,0.5384615384615384,0.5384615384615384,0.6708583235740662,0.3631618320941925,0.05094030008654172,0.05128499708464734,0.05094030008654169,0.051284997084647316,0.04335805780089828,0.03830675180126752,0.037897648296194894,0.03834574390275935,0.034324900054832894,0.028610798097571236,0.0363610548364881,0.014068284911551324,1.0
chaosnli_snli,gemma,25,LPE,1,64,1.3082857993704968,0.2141734616234705,0.3843727418899557,0.2514672452576416,0.5296703296703297,0.5296703296703297,0.5162855982780457,0.09256088733673096,0.022362192317105744,0.045354579027573366,0.02236219231710574,0.045354579027573366,0.032549979932015666,0.03681872974882883,0.029512421976076286,0.05086720408297398,0.03154678441982487,0.03914692504613739,0.038544206179500246,0.05968141314784195,0.6000000000000001
chaosnli_snli,gemma,25,LP-temp,1,64,1.0521192613364216,0.1861937604504612,0.3790561968265792,0.38676088162242933,0.5340659340659341,0.5340659340659341,0.9183476089066092,,-0.012225858511393874,,-0.01222585851139387,,0.011753500186409542,,-0.002994812626799806,,0.013116060007430916,,0.01532805811533909,,-0.39999999999999997
chaosnli_snli,gemma,25,GPP-cosine,1,256,1.3143889437941765,0.23652750499636618,0.4288686656954514,0.40173713604776545,0.47692307692307695,0.47692307692307695,0.828199565410614,0.018672343343496323,0.05582254941242654,-0.007361552805434397,0.05582254941242655,-0.0073615528054344175,0.020482529886668013,-0.007614141950838947,0.04924928271177382,-0.005732408772459327,0.018314319714828907,-0.00950698122965609,0.06482904889363236,-0.035728207353341784,0.6000000000000001
chaosnli_snli,gemma,25,GPP-rbf,1,256,1.0531921073863246,0.17410994527841175,0.35575304812761943,0.30318917423176345,0.5538461538461539,0.5538461538461539,0.6253858208656311,0.15372484922409058,0.054334443079978895,0.10179963015090307,0.054334443079978895,0.10179963015090307,0.0580722789276212,0.08402431030213994,0.05267078073411689,0.08885059934905827,0.05314760356314037,0.0681338536332179,0.04156971297326611,0.08561935163646826,0.6000000000000001
chaosnli_snli,gemma,25,GPP-laplace,1,256,1.0413679687186173,0.18671271853091662,0.38547540452781615,0.4241905274740562,0.5274725274725275,0.5274725274725275,0.6309149265289307,0.33818134665489197,0.05694415075136762,0.06338004547646592,0.05694415075136759,0.06338004547646589,0.037319827941433945,0.035254767486393765,0.03628497253303448,0.04321572614419108,0.022706782519770992,0.019637839648983236,0.032437583449686745,0.008977850780616633,0.39999999999999997
chaosnli_snli,gemma,25,LPE,1,256,1.1730109304734984,0.1890494127939146,0.3643733395189834,0.29253449693512373,0.5758241758241758,0.5758241758241758,0.4504932165145874,0.21431943774223328,0.06022562942380537,0.10211704675567301,0.06022562942380538,0.10211704675567301,0.07511774478651706,0.11375407274514945,0.06459307338510616,0.09766339965089206,0.07417026436780086,0.10809330615890558,0.04984776760599315,0.10599172587700093,0.7999999999999999
chaosnli_snli,gemma,25,LP-temp,1,256,0.9980703975378559,0.17710625569696353,0.3726836294039933,0.44540488704181536,0.5516483516483517,0.5516483516483517,0.9906826734287191,,0.0834408266477626,,0.08344082664776259,,0.08668886837703096,,0.08344331994799245,,0.08227758008504481,,0.05640913680401927,,0.7999999999999999
chaosnli_snli,gemma,25,GPP-cosine,1,1024,1.298988890735707,0.2011943056303289,0.38306136660264545,0.36971679876001473,0.5186813186813187,0.5186813186813187,0.7568466067314148,0.0073522357270121574,0.12483428803705204,0.042854000835169985,0.12483428803705202,0.04285400083516999,0.0861087240871079,0.04333068646771167,0.11439476195383244,0.042351608359051676,0.08160099330934918,0.04485796359145435,0.13701398340187804,0.04096760039781882,0.7999999999999999
chaosnli_snli,gemma,25,GPP-rbf,1,1024,0.9931872133860294,0.147247201376838,0.31748070543245566,0.27237334613089564,0.6197802197802198,0.6197802197802198,0.5675150752067566,0.0889977365732193,0.05297891124482242,0.08716699208503748,0.052978911244822416,0.08716699208503745,0.05687111915052707,0.08104106122751689,0.05983682520740086,0.08990718684628815,0.06372036905855268,0.08554714671084825,0.060384712735394204,0.08913158458643983,0.6000000000000001
chaosnli_snli,gemma,25,GPP-laplace,1,1024,1.0210380666406234,0.17695581412317915,0.3705754145079262,0.3870574644061789,0.5296703296703297,0.5296703296703297,0.6061574220657349,0.320171594619751,0.07957176154105253,0.07779567958271877,0.0795717615410525,0.07779567958271878,0.0627232728803525,0.06190364064563658,0.06211965465642279,0.06580573631530001,0.053099484463036375,0.05923151777999588,0.060456947291347846,0.057388316340279855,1.0
chaosnli_snli,gemma,25,LPE,1,1024,1.0952210402029432,0.14805577351028074,0.31094222814156297,0.2748133380319751,0.6373626373626373,0.6373626373626373,0.21748566627502441,0.35415032505989075,0.0759304650294811,0.09607201261002539,0.07593046502948109,0.09607201261002538,0.07914392706185562,0.09370050262679111,0.07965802090609655,0.09419027256219908,0.08254888650170088,0.09546148106464944,0.09854411384212902,0.10940407610842685,0.6000000000000001
chaosnli_snli,gemma,25,LP-temp,1,1024,0.9163723514813422,0.14725670660715365,0.3401222967236339,0.43613855043201477,0.621978021978022,0.621978021978022,0.9800014462756422,,0.07842505698239234,,0.07842505698239233,,0.053880378362635976,,0.05623191912650573,,0.037745945911139375,,0.10264396633317377,,0.39999999999999997
chaosnli_snli,gemma,25,GPP-cosine,2,16,1.7417901235688797,0.3130338535085417,0.49628567256641776,0.2831651982179274,0.37142857142857144,0.37142857142857144,0.6323949098587036,0.03464430943131447,0.06030414198274679,-0.03461842250076463,0.060304141982746785,-0.03461842250076462,0.039149696289336414,-0.026118876688925992,0.050901558137080326,-0.036143635436335496,0.03656643035624291,-0.025672464953821902,0.08998712171335167,0.009796254285812829,0.7999999999999999
chaosnli_snli,gemma,25,GPP-rbf,2,16,1.2710293107841648,0.22476184188177176,0.40437943352447764,0.23456337220441056,0.5340659340659341,0.5340659340659341,0.5065423846244812,0.1882551908493042,0.008765552778320484,0.042107159621642895,0.008765552778320477,0.04210715962164289,-0.013933011106241393,0.01930734725696304,-0.008708475556742036,0.022705266205337804,-0.024093770853725258,0.006357675259681216,-0.02497423778578437,-0.015951097085165053,0.0
chaosnli_snli,gemma,25,GPP-laplace,2,16,1.0669819925679247,0.20907167601583165,0.42595050023807274,0.5378995322925214,0.5340659340659341,0.5340659340659341,0.7038506865501404,0.3837544322013855,0.024189160428164817,0.012624670475404913,0.02418916042816481,0.012624670475404907,0.02627694188408873,-0.008324518112125295,0.01965050626879021,0.0008386730108593168,0.023639821734981727,-0.017412162284798412,0.03880193194086574,-0.005121137328361371,0.39999999999999997
chaosnli_snli,gemma,25,LPE,2,16,1.8084608370339303,0.2862935648931973,0.44644563079653,0.2746784208078809,0.5340659340659341,0.5340659340659341,0.2961471378803253,0.05251127853989601,-0.025712808593272234,-0.014696310656749208,-0.025712808593272213,-0.01469631065674918,-0.0244498535382445,-0.02972436690367499,-0.02317810630222759,-0.018091523069597416,-0.021511441360583215,-0.02825776940670148,-0.025045453159290704,-0.017382762332198404,-0.6000000000000001
chaosnli_snli,gemma,25,LP-temp,2,16,1.1381973561094363,0.2045866524037963,0.39350952637013153,0.32997454294934236,0.5340659340659341,0.5340659340659341,0.8519404550994878,,-0.044362097364036734,,-0.04436209736403671,,-0.04456433360686213,,-0.04271103065245452,,-0.040886780998729555,,-0.04172036087876028,,-1.0
chaosnli_snli,gemma,25,GPP-cosine,2,64,1.3639085370061383,0.26569730678900344,0.46825634235597585,0.3786144967314677,0.34505494505494505,0.34505494505494505,0.8234198093414307,0.02943190559744835,0.002143423167563871,-0.04275440989502572,0.002143423167563871,-0.042754409895025706,-0.01806579179355311,-0.04396108028450927,-0.0008978759971160072,-0.04389520362806322,-0.014831406791935085,-0.04424386228311913,0.04608551930062243,-0.05498304576460983,0.0
chaosnli_snli,gemma,25,GPP-rbf,2,64,1.0313589445692093,0.1810486182895868,0.37410336290742013,0.3924144546684765,0.5230769230769231,0.5230769230769231,0.7079856991767883,0.2227078676223755,-0.03215114665375003,0.04278274332478248,-0.03215114665375003,0.04278274332478248,-0.007593277576844986,0.04426028284832644,-0.016623596082864428,0.03926184288490096,-0.004995568639634941,0.034674997557567026,-0.024729697697331056,0.016941487628346134,-0.19999999999999998
chaosnli_snli,gemma,25,GPP-laplace,2,64,1.0468909631051615,0.19977907943659826,0.4132561017032508,0.5226467991652354,0.5340659340659341,0.5340659340659341,0.6952255368232727,0.37703242897987366,0.03138169982464499,0.028792873017223202,0.031381699824644976,0.0287928730172232,0.02569743892625523,0.009566235235819454,0.024415497875460483,0.01848546946355233,0.02028480183772324,0.0007961274654244808,0.045314826273741296,0.0011872838900355129,0.39999999999999997
chaosnli_snli,gemma,25,LPE,2,64,1.1302442920132714,0.194245303374581,0.37987438108679933,0.314826607676905,0.5186813186813187,0.5186813186813187,0.6484171152114868,0.10953491181135178,-0.052861925123764794,-0.004548580232931377,-0.052861925123764766,-0.004548580232931374,-0.014539201286612631,-0.013417473690116977,-0.03263130063470078,-0.00965147121987907,-0.008264506303793967,-0.01465924518725341,-0.044359724922798605,-0.01692581769821862,-0.39999999999999997
chaosnli_snli,gemma,25,LP-temp,2,64,1.0236325589294475,0.18501139681305434,0.3841498465797483,0.4488117779677803,0.5274725274725275,0.5274725274725275,0.9913767007598085,,-0.05978384952248536,,-0.059783849522485354,,-0.029675775875483364,,-0.03998335360342144,,-0.02079341412481692,,-0.04298522999478462,,-1.0
chaosnli_snli,gemma,25,GPP-cosine,2,256,1.3651797097985874,0.24421213691005833,0.4370063774525208,0.34946133566036586,0.389010989010989,0.389010989010989,0.7605206370353699,0.017191555351018906,0.07911567974821862,-0.015909961986614138,0.0791156797482186,-0.01590996198661413,0.042209297159041245,-0.017933745469499995,0.07138755026034652,-0.020053832257601496,0.040258879506866685,-0.02227755372704676,0.0918905723315236,-0.015385960418127334,0.7999999999999999
chaosnli_snli,gemma,25,GPP-rbf,2,256,1.0199335723677572,0.16824122261823973,0.35162757703584135,0.3366414891815,0.578021978021978,0.578021978021978,0.6595529913902283,0.16450269520282745,0.0034815841461508443,0.07789266074131483,0.0034815841461508425,0.07789266074131485,0.010304449520291487,0.05339189641786094,0.012859740087669283,0.07264925784367027,0.014903286626416887,0.04593069857582979,0.0139906359488463,0.08498554755204252,0.0
chaosnli_snli,gemma,25,GPP-laplace,2,256,1.0299498415629436,0.18811755425010437,0.3927333177118511,0.47289362733676293,0.5318681318681319,0.5318681318681319,0.66424560546875,0.3565141558647156,0.0210540067004568,0.03889754045842922,0.02105400670045679,0.03889754045842921,0.0077710506382765235,0.0077770714195661145,0.0047709729221142305,0.02108892751716524,-0.005473929773743932,-0.00686836097408889,0.017328840657229855,-0.0006170831420526333,0.39999999999999997
chaosnli_snli,gemma,25,LPE,2,256,1.122727937542163,0.17754553782686533,0.3548385789806951,0.30568416418267036,0.5868131868131868,0.5868131868131868,0.46158528327941895,0.23016028106212616,0.023095229854908285,0.06173478893376755,0.023095229854908278,0.06173478893376755,0.009606627966399117,0.04102555613062993,0.026361973246274734,0.052707866407690915,0.009616782895445536,0.033105793154023705,0.030310103789813782,0.056402448419208745,0.0
chaosnli_snli,gemma,25,LP-temp,2,256,0.9933893465604864,0.17401885818155755,0.3710119370039781,0.4402920045623285,0.5494505494505495,0.5494505494505495,0.9809983358650588,,0.05336909744094212,,0.05336909744094211,,0.03857758918204871,,0.05300380769947364,,0.03607188237967372,,0.05040022819134236,,0.6000000000000001
chaosnli_snli,gemma,25,GPP-cosine,2,1024,1.299839073881988,0.1997087833599605,0.38112834881136143,0.37181578276087257,0.5164835164835165,0.5164835164835165,0.7571139335632324,0.007052188273519278,0.1198161734624492,0.03311776328638094,0.1198161734624492,0.033117763286380955,0.08398199717775424,0.04011627492090564,0.11215844570272882,0.03708578591207354,0.08159075644423636,0.04570539939926346,0.1360093243044345,0.044794152867595007,0.7999999999999999
chaosnli_snli,gemma,25,GPP-rbf,2,1024,0.9984890572781974,0.14800292261209838,0.31778188518734307,0.27114632575959746,0.6241758241758242,0.6241758241758242,0.56462562084198,0.0889778882265091,0.06616856804992693,0.11334135823647601,0.06616856804992693,0.11334135823647601,0.07506115260283738,0.11259513891422908,0.07523641157632022,0.11521491977626575,0.08348429627098658,0.11521157488546527,0.0785229116536003,0.10585668420273131,0.6000000000000001
chaosnli_snli,gemma,25,GPP-laplace,2,1024,1.0228791223798628,0.17739639862651757,0.37105722465849184,0.3856142481979762,0.5340659340659341,0.5340659340659341,0.6047877073287964,0.3194623589515686,0.07045192872695455,0.07075848831809765,0.07045192872695455,0.07075848831809763,0.04877107842560424,0.05121180982934455,0.04998842340398072,0.055967531467344914,0.038244849108351964,0.04742809698446285,0.04756881195488758,0.04278852778245229,1.0
chaosnli_snli,gemma,25,LPE,2,1024,1.1370041607119157,0.15490183013904282,0.319029719894351,0.27576432601115375,0.6241758241758242,0.6241758241758242,0.21292176842689514,0.34664565324783325,0.06079473443943399,0.1080596530166762,0.060794734439433985,0.10805965301667618,0.07158598529345098,0.09735123475946586,0.07621554384496095,0.10647513641866298,0.08565630080167896,0.09804250068691606,0.0950491461335674,0.12124608436161835,0.6000000000000001
chaosnli_snli,gemma,25,LP-temp,2,1024,0.9115570241309635,0.14407522568651823,0.3336261639009464,0.41719980055218164,0.6065934065934065,0.6065934065934065,0.9559432585794154,,0.081724394016506,,0.081724394016506,,0.06596082531742758,,0.06707771629068111,,0.05627604160447393,,0.11381904707240167,,0.7999999999999999
chaosnli_snli,gemma,25,GPP-cosine,3,16,1.3481892249554117,0.2796866039103814,0.47544078063258166,0.36926701104634957,0.37142857142857144,0.37142857142857144,0.8297600746154785,0.054461587220430374,0.03767007483149575,-0.010800541748188484,0.037670074831495745,-0.01080054174818847,0.002294817266970655,-0.011391127244624988,0.028192762109822696,-0.012588027169017246,-0.001570152815465603,-0.01676817376877055,0.03272142576126475,-0.04970922249206089,0.6000000000000001
chaosnli_snli,gemma,25,GPP-rbf,3,16,1.2338689810132049,0.26198182036612405,0.48285130966905054,0.46479892704480313,0.2813186813186813,0.2813186813186813,0.7288569808006287,0.2825351059436798,0.040586239282636404,0.07204500118186014,0.04058623928263638,0.07204500118186011,0.04108206988502148,0.03955087419260105,0.04503399465446538,0.05362684252531355,0.03619212879848338,0.02315555232313638,0.05360396451558293,0.023137225123396988,1.0
chaosnli_snli,gemma,25,GPP-laplace,3,16,1.1077341026146386,0.2258152730245248,0.4486141423930179,0.5467710230829508,0.27912087912087913,0.27912087912087913,0.7095748782157898,0.3869372010231018,0.015529150555421471,-0.008650707328011702,0.015529150555421464,-0.008650707328011722,0.02824254357587057,-0.03329454375759372,0.02222040694708924,-0.017763483583427206,0.03110098003030344,-0.04007021325190809,0.025814140492870685,-0.006000500357486537,0.6000000000000001
chaosnli_snli,gemma,25,LPE,3,16,1.369780251246856,0.2933040965117047,0.5084265635113467,0.3808235767276512,0.2857142857142857,0.2857142857142857,0.7291700839996338,0.18723762035369873,0.05155173465891242,0.003980684304070309,0.0515517346589124,0.003980684304070298,0.03497694079010539,0.022917449977353854,0.04512281180005039,0.005175138163224565,0.022269253104835032,0.02356748693935507,0.07950151789973425,0.017531148373022443,0.7999999999999999
chaosnli_snli,gemma,25,LP-temp,3,16,1.3216033168179557,0.2817149457284648,0.49836260304529884,0.40452151397289665,0.2857142857142857,0.2857142857142857,0.9391329557669842,,0.03916227139429643,,0.03916227139429642,,0.030057138846541605,,0.03535310182984306,,0.02036477630646219,,0.07227035473711149,,0.7999999999999999
chaosnli_snli,gemma,25,GPP-cosine,3,64,1.457113443293103,0.2915972033262782,0.49076157836553136,0.309653189792397,0.3120879120879121,0.3120879120879121,0.7461303472518921,0.03142429515719414,0.08615953091792838,0.002088269491134144,0.08615953091792836,0.002088269491134158,0.04940182608197026,-0.0017116630279052705,0.06874666650708815,-0.002562877920908424,0.03941951622085785,-0.007408373251254041,0.10202099106225075,-0.02840155725940528,0.7999999999999999
chaosnli_snli,gemma,25,GPP-rbf,3,64,1.0645312369138475,0.19153988954297646,0.3920255315991548,0.3979164548585614,0.4945054945054945,0.4945054945054945,0.7086492776870728,0.22517435252666473,-0.009590572313626679,0.06093023429441846,-0.009590572313626665,0.06093023429441844,-0.016926087466692566,0.031604973098389506,-0.004507049373574802,0.044124915166068895,-0.01070321221192462,0.020712694753323907,-0.04754976598290333,0.009203440738556041,-0.39999999999999997
chaosnli_snli,gemma,25,GPP-laplace,3,64,1.0482525720503277,0.20083190327746384,0.4160627084446477,0.5247667377055105,0.5340659340659341,0.5340659340659341,0.696453332901001,0.3779502809047699,0.03537045185434454,0.036470738835806274,0.03537045185434454,0.03647073883580627,0.023111797661172245,-0.0006344780243470441,0.024776286632165547,0.017513140169664987,0.015646262064239476,-0.013327681981420052,0.03612218394279031,0.006689149197358585,0.39999999999999997
chaosnli_snli,gemma,25,LPE,3,64,1.1859685181778052,0.21105779144060424,0.40483168277091214,0.3075078687798099,0.4593406593406593,0.4593406593406593,0.6563990116119385,0.11692915856838226,-0.007749526153092642,0.0016160453848791528,-0.007749526153092635,0.0016160453848791563,-0.0038609993072693458,-0.017617524660061105,0.0006831105960610623,-0.007924350216917043,0.003786546430814615,-0.019897687412768185,-0.030367496501378367,-0.021926245279274562,-0.39999999999999997
chaosnli_snli,gemma,25,LP-temp,3,64,1.0728750162295162,0.19917340826934676,0.40506189986692104,0.4217898627795757,0.4593406593406593,0.4593406593406593,0.9621428228884145,,0.027653826479915763,,0.027653826479915752,,0.026667808875002894,,0.036007161182959886,,0.03288492276260138,,-0.007990199290262722,,0.39999999999999997
chaosnli_snli,gemma,25,GPP-cosine,3,256,1.2650178538796266,0.22554290462159132,0.4257761789574268,0.41454431178037027,0.421978021978022,0.421978021978022,0.8507487773895264,0.018469061702489853,0.053435533440568124,-0.030441766885447703,0.05343553344056813,-0.030441766885447693,0.03846985039653772,-0.01996973849143096,0.05297263682427564,-0.027798321515678674,0.041325630941905125,-0.016480884118553883,0.09588729629868036,-0.04497626660452291,0.6000000000000001
chaosnli_snli,gemma,25,GPP-rbf,3,256,1.0776146278330265,0.17501540375218277,0.3573777010664344,0.2951385015802561,0.567032967032967,0.567032967032967,0.5782759785652161,0.1429232954978943,-0.03450828814260506,0.006411566995728626,-0.03450828814260505,0.006411566995728609,-0.009219388253350492,0.023524971187117657,-0.02646150935882706,0.006995499815098399,-0.005684184904725439,0.022554050748207696,-0.021053379212049816,0.01307133338136564,0.0
chaosnli_snli,gemma,25,GPP-laplace,3,256,1.044868283852963,0.185620278868398,0.3815713210420294,0.4058807678870278,0.5362637362637362,0.5362637362637362,0.6155579090118408,0.3300507962703705,0.015798675398246795,0.006928265004169959,0.0157986753982468,0.006928265004169952,0.009987203320044657,0.0034564380250182297,0.004115693910849504,-0.001172765356205828,0.009486065743177063,0.007090601065496291,0.04068359753422623,0.022117533084855524,0.7999999999999999
chaosnli_snli,gemma,25,LPE,3,256,1.2389086346565903,0.1916019714376136,0.36635337342237245,0.30615042592358205,0.5582417582417583,0.5582417582417583,0.39948561787605286,0.18465347588062286,-0.0305903950084157,0.0034377691188469672,-0.030590395008415705,0.0034377691188469707,0.0002864148452639756,0.012185130381352424,-0.01682998865957788,0.003497184446179368,0.006630991048773592,0.007527863122558827,-0.002854857432743087,0.010063789678233752,0.0
chaosnli_snli,gemma,25,LP-temp,3,256,1.0014619927655848,0.16791077955205178,0.3562726128190737,0.37593529600890035,0.5560439560439561,0.5560439560439561,0.890975110924136,,-0.01113032758925181,,-0.011130327589251796,,0.01721752057665467,,0.0005219377632596882,,0.01817763267327781,,-0.0036974028221601254,,0.0
chaosnli_snli,gemma,25,GPP-cosine,3,1024,1.3272783597548548,0.20602721645767133,0.38610625991261166,0.36013645997783367,0.5230769230769231,0.5230769230769231,0.7440107464790344,0.00725442124530673,0.1429858991465363,0.06835277499451486,0.14298589914653628,0.06835277499451486,0.10460679391664932,0.07001445116293513,0.13367736815462916,0.06769767026082149,0.10003426185700734,0.0688505881674594,0.15428250119800724,0.0489791056663636,0.7999999999999999
chaosnli_snli,gemma,25,GPP-rbf,3,1024,0.9974406160635375,0.14769093083449372,0.3179483537700355,0.2728157710497813,0.6351648351648351,0.6351648351648351,0.5654392242431641,0.08812319487333298,0.04252138736500617,0.07794918427023631,0.042521387365006144,0.07794918427023628,0.0427167546776997,0.067276156076313,0.047842666480270586,0.0777208871490103,0.04856164990694742,0.069844069811547,0.04531629134850932,0.08181060313193868,0.6000000000000001
chaosnli_snli,gemma,25,GPP-laplace,3,1024,1.0196270299479813,0.17696688210703423,0.3713351303732002,0.39213729163664673,0.5318681318681319,0.5318681318681319,0.6097298860549927,0.3219919502735138,0.0626570364548282,0.06049624634943086,0.0626570364548282,0.060496246349430856,0.03692848070350615,0.037092776228197094,0.041797902623510144,0.04559405259687992,0.02589986577249582,0.03318459288869993,0.03626798958122185,0.030700896559457208,0.7999999999999999
chaosnli_snli,gemma,25,LPE,3,1024,1.1269272028421338,0.14862507885071669,0.31232315263691807,0.2766525544408293,0.6307692307692307,0.6307692307692307,0.2162078619003296,0.347449392080307,0.05482952409383009,0.10021709949779048,0.05482952409383008,0.10021709949779045,0.059525687688269324,0.09527242627612416,0.05836030015459457,0.09790666073844995,0.06648806267396087,0.09552319900278392,0.07977032727021434,0.11141454088356713,0.6000000000000001
chaosnli_snli,gemma,25,LP-temp,3,1024,0.9009679240868721,0.13986031486425884,0.32728002195609746,0.4097016444154858,0.6395604395604395,0.6395604395604395,0.9490631658871485,,0.09725801172788556,,0.09725801172788556,,0.07425200371526963,,0.07717430091796755,,0.05990696852977452,,0.11900343708519846,,0.7999999999999999
chaosnli_snli,gemma,25,GPP-cosine,4,16,3.072995712037636,0.48699487518954393,0.634556095519936,0.32239118136737094,0.22857142857142856,0.22857142857142856,0.33370572328567505,0.03151931241154671,0.02635086402801662,-0.0014823675152539628,0.026350864028016598,-0.001482367515253949,0.07352239134649578,0.02105080577968177,0.06217618358914666,0.008401211417225156,0.09266960639450642,0.02249464881677163,0.029255632150257598,-0.009811159829104852,1.0
chaosnli_snli,gemma,25,GPP-rbf,4,16,1.0858566826550762,0.19185518099861326,0.3842184627817555,0.3452543854231051,0.5362637362637362,0.5362637362637362,0.6409749984741211,0.2346799224615097,-0.07082249013452897,0.029249428043248215,-0.07082249013452897,0.02924942804324821,-0.06725946475162929,0.002078725092734525,-0.08260699679746668,0.003403098431897917,-0.07317445511868537,-0.01337793601030023,-0.07199001586519613,-0.021648518062380457,-1.0
chaosnli_snli,gemma,25,GPP-laplace,4,16,1.066226936400133,0.20936611911741776,0.42749191699447214,0.5419297809774785,0.5340659340659341,0.5340659340659341,0.7065853476524353,0.3850773274898529,0.02388199153172403,0.014551681158386537,0.02388199153172403,0.014551681158386523,0.030973222233136775,-0.011295924118303364,0.02170583458653073,0.0006553203110705695,0.030302840260152654,-0.020172326796050872,0.04006301224811152,0.0027548501551000275,0.7999999999999999
chaosnli_snli,gemma,25,LPE,4,16,1.3524546957855978,0.23107360090964513,0.40870822625296127,0.23611625196849814,0.5362637362637362,0.5362637362637362,0.46221020817756653,0.10859096795320511,-0.09744958177206127,-0.1026281672998524,-0.09744958177206127,-0.10262816729985237,-0.08277330258246202,-0.1074471137065712,-0.09920461575584942,-0.11054732001695868,-0.08296480169220183,-0.10998633730645899,-0.09675188150852065,-0.11403721581503064,-0.7999999999999999
chaosnli_snli,gemma,25,LP-temp,4,16,1.0529017100274995,0.18938275300696109,0.3884537282552616,0.4119588299245264,0.5230769230769231,0.5230769230769231,0.9538778773270623,,-0.10773292115325928,,-0.10773292115325928,,-0.08726702951141778,,-0.11044011703024502,,-0.08909725859143376,,-0.10861924192508918,,-0.7999999999999999
chaosnli_snli,gemma,25,GPP-cosine,4,64,1.4492282644604546,0.28754419869670944,0.4931526991162277,0.42809382431012394,0.34285714285714286,0.34285714285714286,0.8626871109008789,0.029776310548186302,-0.011770467601222568,-0.02561379042060903,-0.011770467601222571,-0.025613790420609017,-0.034871261876846506,-0.025657192497117693,-0.022270563730370486,-0.03241392179415388,-0.037652819389756946,-0.03158458548070972,0.020840370080560396,-0.05160942610986549,0.0
chaosnli_snli,gemma,25,GPP-rbf,4,64,1.2073402464202747,0.21121961036813963,0.39238208735791535,0.24629122180969182,0.5318681318681319,0.5318681318681319,0.5318968892097473,0.1624850481748581,0.00526399804829791,0.056055602230666864,0.005263998048297895,0.05605560223066686,0.019590802220981925,0.053920128707352716,0.0028868404048546558,0.04397108715009592,0.013059709349387785,0.041476760438042534,0.024620581476565092,0.050008479938154576,1.0
chaosnli_snli,gemma,25,GPP-laplace,4,64,1.047509115980372,0.1938887626669401,0.3987531208320633,0.4733707545398783,0.5340659340659341,0.5340659340659341,0.6624927520751953,0.35867899656295776,0.05332399585149416,0.05349702555018028,0.05332399585149413,0.05349702555018025,0.04543903807395812,0.04144251771399229,0.04085016677897245,0.04124850647734582,0.036001390386065577,0.03160346043451392,0.04612609550180627,0.014976440171014446,0.7999999999999999
chaosnli_snli,gemma,25,LPE,4,64,1.519037911859942,0.25277463975008574,0.42443877884076786,0.28207064190059333,0.5340659340659341,0.5340659340659341,0.3831155300140381,0.06634260714054108,-0.01750123066894295,0.030497935038615833,-0.017501230668942963,0.03049793503861584,-0.007010385927221613,0.03581973013403163,-0.01986363097292552,0.026689337902404374,-0.01121548889130737,0.030883985244102942,0.00330622785909896,0.03529256828023574,0.39999999999999997
chaosnli_snli,gemma,25,LP-temp,4,64,1.0693583303530134,0.1894208979052047,0.3794277254279469,0.361508656888678,0.5296703296703297,0.5296703296703297,0.8869599180101659,,0.018894130457922008,,0.018894130457921987,,0.03764676305354528,,0.019322124638389965,,0.03239018766781137,,0.011411085174684935,,1.0
chaosnli_snli,gemma,25,GPP-cosine,4,256,1.3968294583112744,0.2509727548639021,0.4435865571057423,0.35504970540123393,0.4043956043956044,0.4043956043956044,0.7668073177337646,0.017184006050229073,0.03391141723040735,0.004640889758434824,0.03391141723040734,0.004640889758434831,0.026233711334909718,0.026869180162115064,0.03515170593344918,0.009080277683610152,0.029960703060748637,0.030275797792256073,0.023555408421312072,-0.016378771519620788,0.7999999999999999
chaosnli_snli,gemma,25,GPP-rbf,4,256,1.0535086156994204,0.1772995525612055,0.35993890017987445,0.32206642763832816,0.5604395604395604,0.5604395604395604,0.6392446756362915,0.15906564891338348,0.007377003326902196,0.07208303508106867,0.007377003326902191,0.07208303508106864,0.001953135736908692,0.057142939690239467,-0.0004519262163382616,0.05407173828080587,-0.003099931193184066,0.04429761212640856,0.0036690568103440986,0.05974135381552483,0.39999999999999997
chaosnli_snli,gemma,25,GPP-laplace,4,256,1.0508246261850283,0.18974764009934744,0.388006842062696,0.42487697864566776,0.5296703296703297,0.5296703296703297,0.6310946345329285,0.3384476602077484,0.09575236229059121,0.10623948598557358,0.09575236229059118,0.10623948598557356,0.05519859144453888,0.06439764126492967,0.06599101437715309,0.07811916125338958,0.03702628188963573,0.04717950723726294,0.06701430345848765,0.050389146187047186,0.39999999999999997
chaosnli_snli,gemma,25,LPE,4,256,1.1943863152077436,0.19857543654976315,0.37320315351558286,0.30035538927006117,0.5758241758241758,0.5758241758241758,0.46141931414604187,0.20660510659217834,-0.02391511202073082,0.014250440320062934,-0.02391511202073082,0.014250440320062915,-0.03471091236660159,-0.006379110145146149,-0.03059396248543899,-0.0002355222306726773,-0.03804743152786581,-0.016357245231602893,-0.01307445462761055,0.008304871870872093,-0.39999999999999997
chaosnli_snli,gemma,25,LP-temp,4,256,1.027514390895577,0.18311841456896766,0.375067630757941,0.41338908263493557,0.5714285714285714,0.5714285714285714,0.9481341100827194,,-0.029205135762877938,,-0.02920513576287794,,-0.04319601453632166,,-0.03616652055329127,,-0.048325077505559644,,-0.032941186976467654,,-0.7999999999999999
chaosnli_snli,gemma,25,GPP-cosine,4,1024,1.3210955221651122,0.20617158923497916,0.38739198613925974,0.36718897556424984,0.5098901098901099,0.5098901098901099,0.7521319389343262,0.0070978933945298195,0.12454434657763845,0.06331058765068731,0.12454434657763841,0.0633105876506873,0.08733141588011964,0.062223026953541156,0.11640972727014398,0.06455772660267364,0.08405822862811452,0.06376809412971092,0.13732559843514544,0.042514495101929714,0.7999999999999999
chaosnli_snli,gemma,25,GPP-rbf,4,1024,1.0029774311203612,0.15013720152198382,0.3215004546428035,0.2725747785192396,0.6307692307692307,0.6307692307692307,0.5646024346351624,0.0882963240146637,0.05294609682180369,0.08511084588176339,0.05294609682180368,0.08511084588176338,0.05500455608241553,0.07650585280101034,0.05774955375711764,0.08461047805138577,0.060251500235412564,0.07856996561880562,0.06552406762380014,0.08890576913674748,0.6000000000000001
chaosnli_snli,gemma,25,GPP-laplace,4,1024,1.025539324837325,0.1781888756884722,0.37155661243167554,0.3828423010666903,0.5318681318681319,0.5318681318681319,0.6032112836837769,0.3184892535209656,0.08220542601572817,0.07897561245190177,0.08220542601572818,0.07897561245190177,0.0613004994013315,0.05974652079409751,0.06225512833000021,0.06466489556139485,0.049925023469380214,0.05527625046314606,0.06853358599292371,0.059318775293305696,1.0
chaosnli_snli,gemma,25,LPE,4,1024,1.1468470771621724,0.1529342780042691,0.3159006174482239,0.27705714346258076,0.6263736263736264,0.6263736263736264,0.21448931097984314,0.3495371341705322,0.05628064120523405,0.10076673398122427,0.056280641205234065,0.10076673398122424,0.06017201766708313,0.09429475841747603,0.06379702160112724,0.09545408166744673,0.06915581937103263,0.09300519537417082,0.07863680529208807,0.12095351530033517,0.6000000000000001
chaosnli_snli,gemma,25,LP-temp,4,1024,0.9102075032517584,0.1439321707457955,0.333361439786624,0.41964564471764365,0.610989010989011,0.610989010989011,0.9612052953988061,,0.10323376787721683,,0.10323376787721682,,0.0828899849503179,,0.08421999471185918,,0.06778341090293476,,0.12576533042973437,,0.7999999999999999
chaosnli_snli,gemma,37,GPP-cosine,0,64,1.8558075746508291,0.33562926586464226,0.5135657023336735,0.26827453479822083,0.389010989010989,0.389010989010989,0.5252947211265564,0.056763701140880585,0.020142671179460114,-0.0026198355086253684,0.020142671179460114,-0.002619835508625379,-0.019051289678975764,0.00550227657870422,-0.0044326277946406985,-0.0055463123411118136,-0.03014510060502841,0.006607649409263793,0.002363420396427033,-0.028989307036992863,0.0
chaosnli_snli,gemma,37,GPP-rbf,0,64,1.058539330521335,0.18422023938326745,0.3748983076681475,0.3604199165565859,0.5318681318681319,0.5318681318681319,0.6722366213798523,0.20433463156223297,-0.038006361764688794,0.03392618920149194,-0.03800636176468881,0.033926189201491944,-0.038215471267288983,0.015739686596923486,-0.034673608222140884,0.019086136808314325,-0.031626525293041496,0.007104036496267072,-0.029523677133902186,0.017351071574361974,-0.39999999999999997
chaosnli_snli,gemma,37,GPP-laplace,0,64,1.0376758952984413,0.1951866613503083,0.40652605565367167,0.5115381346925877,0.5362637362637362,0.5362637362637362,0.6882647275924683,0.37264683842658997,0.013323032260856581,0.021738558903321617,0.013323032260856578,0.021738558903321596,-0.001533212453959154,-0.00810590140515263,-0.0033512996841243564,-0.00011969323177281419,-0.009712028597118462,-0.020976371810107856,0.04725095442913035,0.006717813703689399,0.19999999999999998
chaosnli_snli,gemma,37,LPE,0,64,1.2076726805527573,0.2061945877090312,0.3853333676991227,0.29228306290528006,0.5384615384615384,0.5384615384615384,0.5932725667953491,0.11503063887357712,-0.00926898156901481,0.002456730700680757,-0.009268981569014796,0.0024567307006807745,0.005401580142614711,-0.009342520978351858,0.0008332312164134881,0.005281100396681858,0.013754227911402725,-0.0019834581012862125,-0.00030671021773970205,0.01596708550980735,0.0
chaosnli_snli,gemma,37,LP-temp,0,64,1.036850102066097,0.1912175779546556,0.3949894135616811,0.47028941063812124,0.5252747252747253,0.5252747252747253,1.013807832069047,,-0.004869842110332773,,-0.004869842110332779,,-0.0005195356582032729,,0.0028100545639803166,,0.004991548052891244,,0.00624822539108772,,-0.39999999999999997
chaosnli_snli,gemma,37,GPP-cosine,0,256,1.7036335074596938,0.2690380129511909,0.4324111641620478,0.30993120954123016,0.4593406593406593,0.4593406593406593,0.5996243953704834,0.02907157689332962,0.16058173973237627,0.06760718494628765,0.16058173973237627,0.06760718494628762,0.15622016650073356,0.0918332048539586,0.16580885925190503,0.07414273032078722,0.15317281853392745,0.09222852867097586,0.16647670068565001,0.09468032948544426,1.0
chaosnli_snli,gemma,37,GPP-rbf,0,256,0.9999175788406581,0.16622293380013864,0.3488720139130377,0.3539903090638093,0.5538461538461539,0.5538461538461539,0.6994946599006653,0.1664867401123047,0.040010897002159616,0.07650880529587961,0.04001089700215962,0.0765088052958796,0.06358354732128717,0.07597914844760037,0.05069721469757085,0.07218459822020709,0.06635611084937695,0.06722096708654128,0.03231515415820269,0.07099752325821745,0.39999999999999997
chaosnli_snli,gemma,37,GPP-laplace,0,256,1.0267924965090076,0.19116213515749292,0.4013022409035609,0.507765823915577,0.5274725274725275,0.5274725274725275,0.6885008215904236,0.3686944544315338,0.014610721686468257,0.012093549891122272,0.014610721686468237,0.012093549891122261,0.008728055602972351,-0.01205938235727189,0.00546394130269106,-0.00012911452184172917,0.0009317335858583589,-0.022744894672202802,0.026315354488648687,0.019906544163205458,0.39999999999999997
chaosnli_snli,gemma,37,LPE,0,256,1.0911704853812962,0.17926802176582748,0.35285689317490804,0.3135101579919261,0.5560439560439561,0.5560439560439561,0.4954141676425934,0.26206132769584656,0.06838343503444244,0.0976531814897299,0.06838343503444243,0.09765318148972987,0.0924979855437349,0.1151356289547585,0.07793154549640027,0.10296928891056896,0.09494038741653064,0.11738647922875814,0.07135869603798571,0.10899595723717902,0.39999999999999997
chaosnli_snli,gemma,37,LP-temp,0,256,1.0200700223322279,0.19010152583425816,0.3968227500004698,0.5053319951500053,0.5362637362637362,0.5362637362637362,1.0538453984598037,,0.06646428660644702,,0.06646428660644702,,0.08894003504624648,,0.07349598459488169,,0.09153318623402008,,0.07826410301088454,,0.39999999999999997
chaosnli_snli,gemma,37,GPP-cosine,0,1024,1.5639512016767345,0.22628975487430333,0.38748158581354303,0.31656259746510396,0.5296703296703297,0.5296703296703297,0.5462267398834229,0.00989410188049078,0.13063252641098227,0.06492867066239809,0.13063252641098227,0.06492867066239807,0.09001326072955954,0.06908244079706458,0.11921732513575847,0.062181909517230564,0.08386020799509926,0.06633918381442619,0.11827879836515551,0.0832019145703334,1.0
chaosnli_snli,gemma,37,GPP-rbf,0,1024,0.9835313462218596,0.14542790521830185,0.31377090680832553,0.2698621124035081,0.6175824175824176,0.6175824175824176,0.5711380243301392,0.08494151383638382,0.09122030944509413,0.13341933843622927,0.0912203094450941,0.13341933843622927,0.0988378997203386,0.12938773240748436,0.09570109715481545,0.13050420306653976,0.09780323818086248,0.1215808989872119,0.09108599148826914,0.12689853391334585,0.6000000000000001
chaosnli_snli,gemma,37,GPP-laplace,0,1024,1.021298798361328,0.1777484691213448,0.37183775275454417,0.3912337183930329,0.5208791208791209,0.5208791208791209,0.6099308729171753,0.32068943977355957,0.0858115500984323,0.07413367323194234,0.0858115500984323,0.07413367323194235,0.0826121349960498,0.06984344774970377,0.08036781961137732,0.07389471728849285,0.07945449920458851,0.07366680575274501,0.06747427323674277,0.04804795510293286,1.0
chaosnli_snli,gemma,37,LPE,0,1024,1.095376145738835,0.14831252658611943,0.3078973997599729,0.274173437076383,0.6351648351648351,0.6351648351648351,0.21130743622779846,0.36775124073028564,0.06341905223948474,0.12247540209962086,0.06341905223948471,0.12247540209962081,0.07241631148538966,0.10275636580036815,0.07003708828762462,0.11789827951473748,0.07795925183716718,0.1012710870108135,0.07072457345904516,0.1267136159980606,0.6000000000000001
chaosnli_snli,gemma,37,LP-temp,0,1024,0.9276015850751097,0.1531320597626764,0.3474560906478655,0.4550848537157041,0.6241758241758242,0.6241758241758242,0.9993348635902646,,0.04254925498274182,,0.04254925498274182,,0.01550029559052971,,0.023385951190597533,,0.005435060051194093,,0.04861219998532918,,0.39999999999999997
chaosnli_snli,gemma,37,GPP-cosine,1,16,1.9637794029554694,0.3237006394668622,0.5091871664530556,0.35425046354228235,0.36923076923076925,0.36923076923076925,0.6273247003555298,0.07845484465360641,0.01365872608783954,-0.05602115098699768,0.01365872608783954,-0.05602115098699767,0.01160812188287261,-0.04376650404902573,0.0031188631815323407,-0.07017800614957323,0.0041654863821699905,-0.05057166369879737,0.01849319290438749,-0.06959824945695309,-0.39999999999999997
chaosnli_snli,gemma,37,GPP-rbf,1,16,1.2752914367697386,0.2139697972928719,0.3889107935253408,0.22545745417727528,0.5362637362637362,0.5362637362637362,0.4780169725418091,0.1843961477279663,0.006222027922691643,0.03675935383604592,0.006222027922691643,0.036759353836045915,-0.0023776285440739175,0.020111630509153045,-0.0025376126777355013,0.022608567865292525,-0.006335483338379935,0.011586151759668942,-0.008908864868713808,0.00863151984523745,0.0
chaosnli_snli,gemma,37,GPP-laplace,1,16,1.0588218545092143,0.20535724713641393,0.42160081696379315,0.5334572005122756,0.5362637362637362,0.5362637362637362,0.7010799646377563,0.3820832371711731,0.045477773189853674,0.04129032991034202,0.04547777318985367,0.041290329910342025,0.05122534343901605,0.03460942303678084,0.045478940573607296,0.03769056708757989,0.050243901207259745,0.03067518360591289,0.03188161942467488,-0.0001831980449053755,1.0
chaosnli_snli,gemma,37,LPE,1,16,6.2940166332685985,0.2860948854379735,0.43857104604613484,0.30928982144244865,0.5362637362637362,0.5362637362637362,0.231908917427063,0.060930993407964706,-0.054320987745087895,-0.0526624586478579,-0.05432098774508789,-0.052662458647857874,-0.04471630927553903,-0.04405475598857821,-0.0443821468993756,-0.04550405161780033,-0.03502207320088292,-0.03980135619728664,-0.0505364164458652,-0.055893494184579416,-1.0
chaosnli_snli,gemma,37,LP-temp,1,16,6.046873086713142,0.2396582541807139,0.39106740285412206,0.195360394696323,0.5340659340659341,0.5340659340659341,0.6006321825038462,,-0.05735061339872904,,-0.05735061339872902,,-0.044589361775641864,,-0.04521312384114985,,-0.03137774076254234,,-0.06101533187467209,,-1.0
chaosnli_snli,gemma,37,GPP-cosine,1,64,2.2617091851024487,0.40064683729702016,0.5638355958293088,0.29720214504464687,0.3274725274725275,0.3274725274725275,0.43676015734672546,0.05024673789739609,-0.025384947992213462,-0.018011618369657464,-0.02538494799221347,-0.018011618369657454,0.025583157401817144,0.008498375679089542,0.008468422591389656,-0.00670472552879064,0.04099109685296181,0.015555841098706698,-0.017198130508361345,-0.03606504487639968,0.0
chaosnli_snli,gemma,37,GPP-rbf,1,64,1.1196911349516698,0.1915431147064714,0.37334543457152425,0.30167921143195914,0.5406593406593406,0.5406593406593406,0.6195731163024902,0.18298481404781342,-0.002545111820284548,0.03834684226945682,-0.002545111820284534,0.0383468422694568,0.020408701689918506,0.0398864909738733,-0.0031926384552224494,0.02673685827782348,0.018407655289282933,0.029719721381980924,-0.008500682298563027,0.01626105594695558,-0.19999999999999998
chaosnli_snli,gemma,37,GPP-laplace,1,64,1.0363207748028676,0.19137171008034354,0.3977856644971685,0.4835053818346706,0.5384615384615384,0.5384615384615384,0.6698650121688843,0.362109899520874,0.04046077733016665,0.04100330154846996,0.04046077733016664,0.04100330154846996,0.03867821634635128,0.03443171561206439,0.02888265079508391,0.029903472133101912,0.03150104786137083,0.026398158082883268,0.023361572659612816,0.009936582969027899,0.7999999999999999
chaosnli_snli,gemma,37,LPE,1,64,1.2979046356976087,0.21284497521873885,0.3839246407225421,0.25973070930786635,0.5472527472527473,0.5472527472527473,0.5313568711280823,0.08821017295122147,0.012634718828866524,0.028176580155646103,0.01263471882886654,0.028176580155646107,0.02188175374506155,0.022860717316999825,0.009560225770691835,0.03143905881718321,0.019986066301393914,0.029165663340468172,0.010218641711323102,0.025745249307180293,0.39999999999999997
chaosnli_snli,gemma,37,LP-temp,1,64,1.0564481654445375,0.185475096569087,0.37641288576841336,0.3749080008245084,0.5384615384615384,0.5384615384615384,0.9029697331820918,,0.008465029408323943,,0.008465029408323953,,0.02767860973687202,,0.011311153561343039,,0.028640159677870602,,-0.007249826941189292,,0.39999999999999997
chaosnli_snli,gemma,37,GPP-cosine,1,256,1.6998017970164774,0.2741044124017678,0.4503989495727958,0.33501201587973733,0.4593406593406593,0.4593406593406593,0.6422045826911926,0.03183645009994507,0.09054850982538358,0.005372960353782985,0.0905485098253836,0.005372960353782985,0.057020823430320874,0.013605422883813813,0.08181139062142036,0.0062782072173111145,0.051201703141373595,0.014329457884965265,0.09235557432311234,0.004484084273683556,1.0
chaosnli_snli,gemma,37,GPP-rbf,1,256,1.039774269199977,0.1710925479683148,0.35312800326558585,0.31517705810293656,0.578021978021978,0.578021978021978,0.64482182264328,0.15404193103313446,0.07751167414585539,0.08648564270708091,0.07751167414585539,0.08648564270708092,0.0651550887665168,0.05619027335529467,0.06994887595037995,0.07047958550103828,0.059347669835358594,0.04143560182731635,0.06766352267742909,0.08307056743243532,1.0
chaosnli_snli,gemma,37,GPP-laplace,1,256,1.0402616048446605,0.18649556489874838,0.38522490320297387,0.42522754663097073,0.5252747252747253,0.5252747252747253,0.6317135691642761,0.3378675580024719,0.031741211109641176,0.035624530986827205,0.03174121110964117,0.03562453098682719,0.018132209150860383,0.013134392410283302,0.019094520724283814,0.023922971369249757,0.009104104987156457,0.003274039096707638,0.015928993565838854,0.0032733592251729606,0.39999999999999997
chaosnli_snli,gemma,37,LPE,1,256,1.1255038491952136,0.18227354642043533,0.35920775931403376,0.293086164687868,0.5560439560439561,0.5560439560439561,0.46685791015625,0.23620326817035675,0.06692237307011858,0.1336876632133585,0.06692237307011858,0.1336876632133585,0.05443940652155414,0.11222948077914804,0.05898792873827052,0.1175450919284638,0.046920033966184965,0.09885646047832373,0.05433841286668131,0.11993904657183621,0.39999999999999997
chaosnli_snli,gemma,37,LP-temp,1,256,1.008866679980983,0.18297665045938924,0.38356847235115055,0.46401001573223744,0.5142857142857142,0.5142857142857142,1.0122029924671847,,0.1073425860040281,,0.1073425860040281,,0.09049696987611212,,0.09846926557316696,,0.08175411044495791,,0.10988226377292777,,0.7999999999999999
chaosnli_snli,gemma,37,GPP-cosine,1,1024,1.5182321391341171,0.2180228081452055,0.37715075494018396,0.3149698755133393,0.5494505494505495,0.5494505494505495,0.5580449104309082,0.010066929273307323,0.15591260787137617,0.08018674863867228,0.15591260787137615,0.08018674863867227,0.11652409199893252,0.08815312478249865,0.14442849933432061,0.07693909105372515,0.1076953788766547,0.08239751904284498,0.13751306430654894,0.09647886801044539,1.0
chaosnli_snli,gemma,37,GPP-rbf,1,1024,0.9659207556302062,0.14018758201520948,0.3053692192798685,0.2678198062380747,0.6285714285714286,0.6285714285714286,0.5755019187927246,0.08573237806558609,0.10512916449897126,0.12768149797319572,0.10512916449897126,0.12768149797319575,0.11351970563674682,0.12219917262036163,0.10969130645134709,0.12675249845336767,0.11241245598608277,0.11725640410399442,0.10634735685221189,0.1417049617123671,0.6000000000000001
chaosnli_snli,gemma,37,GPP-laplace,1,1024,1.0163900113801714,0.17625079197218044,0.3696788269003014,0.39311873466726704,0.5252747252747253,0.5252747252747253,0.6114127039909363,0.3214717507362366,0.0993938950395356,0.083238356442734,0.09939389503953558,0.08323835644273397,0.09677515052653488,0.08043136705228156,0.09373638436285582,0.08321513641885728,0.09406957556218293,0.08488010109365858,0.08538143623392251,0.06769849337515267,1.0
chaosnli_snli,gemma,37,LPE,1,1024,1.106425144517896,0.14779585031357007,0.3065068532860805,0.2750462715441068,0.6395604395604395,0.6395604395604395,0.20857806503772736,0.36434832215309143,0.06988552120074512,0.13522938435339665,0.06988552120074511,0.13522938435339663,0.08074307636934645,0.1123257037930632,0.07238567704638477,0.12784331219580336,0.08236151846519021,0.1036106326318052,0.0761687275981021,0.14161584694712975,0.7999999999999999
chaosnli_snli,gemma,37,LP-temp,1,1024,0.9298903476272254,0.15462375252370134,0.35056062636371665,0.4656126287231344,0.6153846153846154,0.6153846153846154,1.0122284683243103,,0.08176777718322135,,0.08176777718322137,,0.042391436521621945,,0.053656985478937845,,0.02512837527378976,,0.08615091898164746,,0.39999999999999997
chaosnli_snli,gemma,37,GPP-cosine,2,16,1.5358357332569585,0.3115426219813566,0.5061140614541267,0.2897567148840498,0.34725274725274724,0.34725274725274724,0.6480469703674316,0.09288066625595093,-0.015042762917369803,-0.01761244186195928,-0.015042762917369792,-0.01761244186195928,-0.04373332303514984,-0.005016907847420159,-0.03359134251994916,-0.021066518645214864,-0.04962378589538437,-0.0038816724823737513,-0.03954466114934859,-0.05169420770601823,-0.39999999999999997
chaosnli_snli,gemma,37,GPP-rbf,2,16,1.279546165579692,0.22686691520024407,0.40643075538983386,0.2343516305617517,0.5340659340659341,0.5340659340659341,0.497295081615448,0.18223555386066437,-0.008150687128402901,0.02478944499524441,-0.008150687128402905,0.024789444995244395,-0.014440918626825703,0.01725539211570758,-0.018650732972430174,0.013732394553043346,-0.022815231059394134,0.008139149136509129,-0.02893388899141996,-0.0120215754606283,0.0
chaosnli_snli,gemma,37,GPP-laplace,2,16,1.0643577225089256,0.2078350787093105,0.42406586293990794,0.5357964746798644,0.5340659340659341,0.5340659340659341,0.7025383114814758,0.3829699754714966,0.007015807680312333,0.0026200827217173935,0.007015807680312326,0.0026200827217173865,0.01636394437399416,-0.011842795876908398,0.004528829321034121,-0.007051339767438601,0.014150344888529488,-0.020244126161346205,0.019465110765710933,-0.01575961818287522,0.39999999999999997
chaosnli_snli,gemma,37,LPE,2,16,1.834790962511081,0.2926285129069863,0.4516855458465435,0.28595830695890545,0.5340659340659341,0.5340659340659341,0.28639453649520874,0.04160919785499573,-0.0468014510643549,-0.028355866432973123,-0.046801451064354876,-0.028355866432973113,-0.04061400907337153,-0.031766602136716005,-0.043414619498314586,-0.030383049765745573,-0.04119457510410161,-0.031713748997859004,-0.08054911005777106,-0.06515716194276573,-0.7999999999999999
chaosnli_snli,gemma,37,LP-temp,2,16,1.104089791000583,0.19964616742518365,0.39293873514425337,0.362287551335485,0.5340659340659341,0.5340659340659341,0.8963094956433593,,-0.06921599773561138,,-0.06921599773561136,,-0.06499892384848324,,-0.06588419645997634,,-0.06341793234366291,,-0.08501644151997684,,-0.7999999999999999
chaosnli_snli,gemma,37,GPP-cosine,2,64,1.604379948830729,0.30006813505485314,0.4867411726924869,0.3113263771522991,0.3824175824175824,0.3824175824175824,0.6537134051322937,0.05821255221962929,0.006642685560001152,-0.03527520459449845,0.006642685560001152,-0.03527520459449845,0.0013280490404360933,-0.03146119453927271,0.002047743055618903,-0.0468147061137489,-0.003873745663653977,-0.03738068688064847,0.010577457631681927,-0.07029810930374562,-0.6000000000000001
chaosnli_snli,gemma,37,GPP-rbf,2,64,1.0195137279892614,0.17724299663002113,0.3696305933746172,0.39270965512117517,0.545054945054945,0.545054945054945,0.7108484506607056,0.2146376073360443,-0.02015670927328522,0.03768833120801232,-0.020156709273285233,0.0376883312080123,-0.007124624596748553,0.03408612989906481,-0.009517383652270374,0.034814572889020845,-0.002143500756289175,0.02905579897747882,-0.0289874597688071,0.02380593620664338,-0.19999999999999998
chaosnli_snli,gemma,37,GPP-laplace,2,64,1.046696575221952,0.19921020039932696,0.4115729638672137,0.5185761994253051,0.5296703296703297,0.5296703296703297,0.6927845478057861,0.37507712841033936,0.00965217772840156,0.008589164683212835,0.009652177728401545,0.008589164683212837,0.014381557328509733,0.0009676613508610328,0.011416878503104189,0.006693704126861018,0.016381611265111246,-0.0011669634124921186,0.038330305263369426,0.004074627725473627,0.39999999999999997
chaosnli_snli,gemma,37,LPE,2,64,1.1158370332574694,0.18799181183036384,0.36880378539361836,0.310104086507676,0.5472527472527473,0.5472527472527473,0.6404397487640381,0.10396000742912292,-0.020226950448933224,-0.0551620741955004,-0.020226950448933217,-0.0551620741955004,-0.0014076660227631717,-0.056528881173736216,-0.0073695164124282266,-0.06140055830965725,0.004267302923872828,-0.057541436530243455,-0.01712895349974965,-0.05360039737701731,-0.19999999999999998
chaosnli_snli,gemma,37,LP-temp,2,64,1.0105520756725062,0.18438118002669765,0.38834872305443996,0.486582009517309,0.5340659340659341,0.5340659340659341,1.0348030847240102,,0.00999346658441852,,0.009993466584418518,,0.019483457743790254,,0.019787441556709195,,0.02247766146930269,,0.004729070254457574,,-0.39999999999999997
chaosnli_snli,gemma,37,GPP-cosine,2,256,1.6471412057309938,0.2777769225217641,0.45430019132921506,0.30430875195899826,0.42857142857142855,0.42857142857142855,0.5852645039558411,0.029244713485240936,0.09332432213599301,0.002603206008140034,0.09332432213599298,0.002603206008140027,0.049401223171632334,-0.003647051343279882,0.08118351438224357,-0.00571602210556299,0.043266990995109125,-0.005840095616109445,0.07882599103387143,0.017907162997179753,0.39999999999999997
chaosnli_snli,gemma,37,GPP-rbf,2,256,1.0316587551046177,0.173752594150453,0.35902642308642246,0.346765362977343,0.5604395604395604,0.5604395604395604,0.6697209477424622,0.16133825480937958,-0.05899300166313726,0.03502837847088791,-0.05899300166313724,0.03502837847088791,-0.052409525273713425,0.012460333728562662,-0.050316233307286795,0.031416955813097676,-0.047127852101558135,0.006540932860218056,-0.046781366116528666,0.033564862935323195,-0.39999999999999997
chaosnli_snli,gemma,37,GPP-laplace,2,256,1.0343631638109176,0.1898823258566321,0.3945418133840456,0.473314153536033,0.5318681318681319,0.5318681318681319,0.665171205997467,0.3561759889125824,0.015533623059481048,0.03218803487567677,0.015533623059481055,0.032188034875676785,0.002028563045157368,0.003346312713102432,0.007590993630521438,0.02347026391994758,-0.005493384909168668,-0.005620033891484241,0.009986523227002391,0.0024300494489204343,1.0
chaosnli_snli,gemma,37,LPE,2,256,1.1267766104091592,0.18457817649016287,0.36297785664283655,0.3129009166640686,0.5648351648351648,0.5648351648351648,0.4689302444458008,0.23523859679698944,0.0029410301206042183,-0.03333173189807942,0.0029410301206042114,-0.03333173189807941,0.0038865027058266055,-0.03077638790028765,0.010196269317601942,-0.03518546918924798,0.00881201688845055,-0.030056542849092108,0.008168747315252209,-0.011495358823297526,0.0
chaosnli_snli,gemma,37,LP-temp,2,256,0.9938105920702446,0.17739243682284458,0.375490252674527,0.4649069806993611,0.5428571428571428,0.5428571428571428,1.0110569225590447,,-0.005377940278359029,,-0.005377940278359021,,-0.0027396446035370704,,-0.0037491474019307573,,-0.005041289952266204,,-0.020237077770651212,,0.0
chaosnli_snli,gemma,37,GPP-cosine,2,1024,1.5326781543215824,0.21885330812730613,0.3791683399586206,0.31922697065431244,0.5516483516483517,0.5516483516483517,0.5582570433616638,0.010231493972241879,0.14469359041644747,0.0577957948484764,0.14469359041644744,0.057795794848476405,0.1012749811668332,0.05776321556340806,0.13112811899825758,0.05118837604090606,0.0920385381177347,0.05085015854943571,0.12625498389676762,0.10300186189989591,0.7999999999999999
chaosnli_snli,gemma,37,GPP-rbf,2,1024,0.9813678650094226,0.1441690905148861,0.3094027004646685,0.26674208304225194,0.6175824175824176,0.6175824175824176,0.5690630078315735,0.08497337996959686,0.1071119433559542,0.1399534532283196,0.10711194335595421,0.1399534532283196,0.11933913670171364,0.13906285595237577,0.11162256362210096,0.1366318055834217,0.11907699260477952,0.13214803464334363,0.11490708803381637,0.14199275335592848,0.6000000000000001
chaosnli_snli,gemma,37,GPP-laplace,2,1024,1.0174658682694464,0.17663018245098538,0.3702245264672316,0.3926291210026756,0.5230769230769231,0.5230769230769231,0.6108827590942383,0.321136474609375,0.08564924050836664,0.07176673848521326,0.08564924050836664,0.07176673848521324,0.08019529517068606,0.06696526940740476,0.07705667798099336,0.06910902277473265,0.07662977067965525,0.07037986604139926,0.06176615084383053,0.04750918978171949,1.0
chaosnli_snli,gemma,37,LPE,2,1024,1.0851849654643366,0.1447192811431694,0.30062990408898055,0.27447385917750733,0.6417582417582418,0.6417582417582418,0.21334177255630493,0.3649635314941406,0.1065546304347999,0.11541291494612904,0.10655463043479989,0.11541291494612903,0.1201501307007288,0.10660173648108726,0.11214143753521759,0.1143905737896169,0.12126660924677884,0.1065674313057515,0.11526507586843676,0.11449202598214621,0.7999999999999999
chaosnli_snli,gemma,37,LP-temp,2,1024,0.9234552029016889,0.15191301163588392,0.34499243557387593,0.45517743816660683,0.6285714285714286,0.6285714285714286,1.001075313026705,,0.06700982492682916,,0.06700982492682916,,0.04152845300375255,,0.04561322885003863,,0.029677569006262127,,0.06745962248906257,,0.7999999999999999
chaosnli_snli,gemma,37,GPP-cosine,3,16,1.3537753470500125,0.27769820824623487,0.4811425955530517,0.3766969015927468,0.3010989010989011,0.3010989010989011,0.7668099403381348,0.10328037291765213,1.3848621651674914e-05,-0.02596345332684733,1.3848621651681853e-05,-0.025963453326847345,-0.03201074173676524,-0.01877373464025632,-0.006266610114804429,-0.024477951625279836,-0.03639805377638003,-0.014440555941296344,-0.014379390353595084,-0.0400500482454123,-0.39999999999999997
chaosnli_snli,gemma,37,GPP-rbf,3,16,1.221880826557657,0.2589681669785772,0.480499512890538,0.4760477452631809,0.27912087912087913,0.27912087912087913,0.735203206539154,0.2869737446308136,-0.000321373383936549,0.04673171089639397,-0.0003213733839365421,0.04673171089639398,0.005003703129612423,0.026007541644083025,0.006797626540379041,0.034065878483457275,0.004204747740392978,0.014524491714468492,0.017467640566773947,0.042305307904617735,0.6000000000000001
chaosnli_snli,gemma,37,GPP-laplace,3,16,1.1105255992150673,0.2268478866389314,0.44978653357906656,0.5464987459528577,0.27692307692307694,0.27692307692307694,0.709426760673523,0.3868129849433899,0.0053462567567020836,-0.015799586915808544,0.005346256756702066,-0.01579958691580853,0.015226907673719947,-0.04097923175609564,0.011404267662132903,-0.024475439544131943,0.017680827664503858,-0.047634992744889346,0.023193853448126082,-0.005619708494586783,0.6000000000000001
chaosnli_snli,gemma,37,LPE,3,16,1.3837380068333882,0.29660620169933133,0.5098565127639161,0.35968802620098733,0.27912087912087913,0.27912087912087913,0.7618404030799866,0.1228429451584816,0.031416774288043015,0.010544127013147012,0.031416774288042994,0.010544127013147022,0.030600865400980566,0.03416947818232774,0.030614555683974594,0.0132785716756559,0.025731644130720314,0.03757543013159083,0.04324837016290149,0.002276662490599105,0.7999999999999999
chaosnli_snli,gemma,37,LP-temp,3,16,1.225234393355475,0.25815259866408535,0.4776016538698595,0.4571736999953811,0.29010989010989013,0.29010989010989013,1.001978315535267,,0.010108797918074706,,0.010108797918074702,,0.0061374181879821875,,0.007319420348945931,,-0.0010601227797236885,,0.03619995915286338,,0.7999999999999999
chaosnli_snli,gemma,37,GPP-cosine,3,64,1.7562471211104487,0.30591634593296746,0.4861249938838228,0.2957343187779675,0.4,0.4,0.5895878076553345,0.05235213413834572,0.031149383400138207,-0.02738336266863294,0.03114938340013822,-0.02738336266863293,-0.0030495509351910963,-0.0377591764587828,0.01454576391083372,-0.040149505844188894,-0.017103234812330868,-0.04880173138390924,0.02673430217339926,-0.09064188273685042,-0.39999999999999997
chaosnli_snli,gemma,37,GPP-rbf,3,64,1.0404652779869412,0.1837289904900647,0.377515847371011,0.39445183086158736,0.5076923076923077,0.5076923076923077,0.7090255618095398,0.22119459509849548,-0.002667122315784404,0.06086367756489103,-0.0026671223157844082,0.06086367756489101,0.011395470491192519,0.05040628767724434,0.013597625857537321,0.05543406356851166,0.020403545567774697,0.044442164815792606,-0.011022394468839108,0.042263712520986575,0.0
chaosnli_snli,gemma,37,GPP-laplace,3,64,1.0496135056764953,0.20170382348467558,0.4169711274432612,0.5262483852407579,0.5318681318681319,0.5318681318681319,0.6976041793823242,0.3782898485660553,0.02170364671734979,0.026663548104584642,0.02170364671734977,0.02666354810458462,0.01731860219723695,-0.0034493862117923203,0.018877171908016615,0.013755265621478588,0.012851849832105529,-0.013742535988940492,0.04962810351972602,0.014497679216386908,0.39999999999999997
chaosnli_snli,gemma,37,LPE,3,64,1.13979171165016,0.19901051790463212,0.38269801164291556,0.3113062804048574,0.4857142857142857,0.4857142857142857,0.658946692943573,0.12964367866516113,0.00733434266659864,0.0016142419565896137,0.007334342666598631,0.001614241956589619,0.04340253293986798,0.013724634485452782,0.03228354674997712,0.011568789811176308,0.058004832161414846,0.020597991645380377,0.02007381748237149,0.010045062200764288,0.6000000000000001
chaosnli_snli,gemma,37,LP-temp,3,64,1.0321282506353895,0.19158575622012713,0.3985073706600248,0.48840690135847015,0.5032967032967033,0.5032967032967033,1.0359949247474853,,0.00841460944277081,,0.00841460944277081,,0.03567870382853995,,0.028391235795667834,,0.04817273368075639,,0.023964928668424958,,0.6000000000000001
chaosnli_snli,gemma,37,GPP-cosine,3,256,1.5068893639090777,0.24795562687164896,0.4240967089227227,0.3351521830348999,0.47912087912087914,0.47912087912087914,0.6655969619750977,0.03259504958987236,0.12013752466657202,0.061848925544887925,0.12013752466657199,0.061848925544887925,0.08530685856306766,0.06402410598155135,0.11272228403556135,0.059373088898321116,0.07982299794359168,0.06160147304769348,0.11188470248629542,0.07359096273698632,0.7999999999999999
chaosnli_snli,gemma,37,GPP-rbf,3,256,1.0752132814244482,0.17509211961868834,0.35560126766219613,0.29852471540319897,0.5494505494505495,0.5494505494505495,0.5910201668739319,0.14364561438560486,0.03773380579909525,0.060401152619652065,0.037733805799095244,0.06040115261965205,0.06566897928021925,0.0787954172549283,0.049269406044655656,0.06373537843523934,0.0699098174579347,0.07678414137826096,0.06237734181770642,0.07093981205213809,0.7999999999999999
chaosnli_snli,gemma,37,GPP-laplace,3,256,1.0447963693112516,0.18617353720154883,0.3825823991180776,0.411687809845924,0.5362637362637362,0.5362637362637362,0.6193516254425049,0.33149126172065735,-0.002886780477523561,-0.010561212743328413,-0.002886780477523568,-0.010561212743328427,0.002973059487711968,-0.003326275080167168,-0.008145583147822134,-0.012468834990237002,0.0065843814278302645,0.003965990336669424,0.019144641584932436,0.007006751927503997,0.19999999999999998
chaosnli_snli,gemma,37,LPE,3,256,1.1910695860090492,0.18264905967433176,0.3544832865676554,0.29425430050450563,0.5758241758241758,0.5758241758241758,0.4202393591403961,0.19696186482906342,0.057108286709180514,0.07420059245405602,0.0571082867091805,0.074200592454056,0.08294991979289058,0.09675940378065384,0.07244169904604787,0.08200786499113874,0.08951060203087415,0.0976458972224556,0.06808291625450037,0.09226066295770587,0.6000000000000001
chaosnli_snli,gemma,37,LP-temp,3,256,0.990604954100332,0.16663380076277995,0.35445711607434227,0.39563846441708483,0.578021978021978,0.578021978021978,0.9147928791435572,,0.07043483230613795,,0.07043483230613792,,0.08299257330411508,,0.08045215815877176,,0.0852575186362472,,0.0886109706138608,,0.6000000000000001
chaosnli_snli,gemma,37,GPP-cosine,3,1024,1.5419018686882653,0.2228329640372313,0.3845542564253869,0.32024389166589506,0.5428571428571428,0.5428571428571428,0.5512959361076355,0.010001217015087605,0.13272572617156292,0.057661089066993805,0.13272572617156286,0.057661089066993805,0.08839445943322977,0.04897226742133507,0.1180770803639456,0.044557156048061375,0.08038747338569327,0.03964158560615455,0.11388497543696254,0.08674886058370823,1.0
chaosnli_snli,gemma,37,GPP-rbf,3,1024,0.9733610167732359,0.14190729439395022,0.30788625155679195,0.26841838571303017,0.6527472527472528,0.6527472527472528,0.5730541944503784,0.08465014398097992,0.09140222167032874,0.11760746534117204,0.09140222167032871,0.11760746534117202,0.1024772887179233,0.1139751952178431,0.09412645163572436,0.11362511972196115,0.09925672356940565,0.10595292493762315,0.0937217246948389,0.1295673905494534,0.6000000000000001
chaosnli_snli,gemma,37,GPP-laplace,3,1024,1.0158459622966323,0.17653947034115297,0.3709391544603712,0.3982031935360223,0.5252747252747253,0.5252747252747253,0.6149320006370544,0.32319918274879456,0.07425272214107413,0.05794012590513682,0.07425272214107415,0.057940125905136836,0.0636701131307932,0.04804807610259033,0.06541070248988294,0.05504350239256983,0.06001972760083779,0.051608447171842625,0.05498393754925124,0.032420575842597124,0.7999999999999999
chaosnli_snli,gemma,37,LPE,3,1024,1.089629868264695,0.14719547691057872,0.3037738985485015,0.27110326890255715,0.6505494505494506,0.6505494505494506,0.21123534440994263,0.35524967312812805,0.06586359038743375,0.12842536641508456,0.06586359038743372,0.12842536641508454,0.07201009797604538,0.11035249747778753,0.0647853306164439,0.11885269680173016,0.07138843447122771,0.10419448047193255,0.07209505535617282,0.1378783138161065,0.7999999999999999
chaosnli_snli,gemma,37,LP-temp,3,1024,0.9292422750019952,0.15378243797616803,0.34831519403108574,0.45965225608612686,0.6043956043956044,0.6043956043956044,1.0069111345538742,,0.07378449543036239,,0.07378449543036239,,0.03510750892478399,,0.044242266416448156,,0.015616709601293913,,0.05855770080077111,,0.39999999999999997
chaosnli_snli,gemma,37,GPP-cosine,4,16,2.9717231283963863,0.4617915483602711,0.6116211461564359,0.33181346839166975,0.27692307692307694,0.27692307692307694,0.3254494369029999,0.059244778007268906,-0.005329702916867485,-0.004751627270406809,-0.0053297029168674955,-0.004751627270406816,0.044311845579608,0.019993773387285176,0.02373156166155825,0.0001547860339399451,0.05997848193095452,0.025065433465862895,0.0034379571904147865,-0.007193485490625326,0.19999999999999998
chaosnli_snli,gemma,37,GPP-rbf,4,16,1.0688642360264435,0.18866850382804748,0.3814878243093307,0.3606422857269019,0.5362637362637362,0.5362637362637362,0.6625152826309204,0.23398800194263458,0.030277875568549113,0.07629868061640245,0.030277875568549106,0.07629868061640244,0.005264678335344435,0.042105035906814345,0.017830973798220785,0.05476976821882525,-0.0032835395090036927,0.02765202416497938,0.03327809047420914,0.04911166308341787,0.7999999999999999
chaosnli_snli,gemma,37,GPP-laplace,4,16,1.0654072014895841,0.20905031975757654,0.426970097553599,0.5416437626833277,0.5362637362637362,0.5362637362637362,0.7065669894218445,0.3848097026348114,0.02487120910519754,0.016045140035911967,0.024871209105197547,0.016045140035911974,0.027410227392602814,-0.012815448265867552,0.022274761288397137,0.001625316497705493,0.026836283780004928,-0.022051979373693954,0.0402593628405302,0.003779383310266251,0.7999999999999999
chaosnli_snli,gemma,37,LPE,4,16,1.2445901634972922,0.21603470535605535,0.3956399582387818,0.23382531920166533,0.5318681318681319,0.5318681318681319,0.543006420135498,0.11454793810844421,0.016365216915089582,0.0018107075992804447,0.01636521691508958,0.001810707599280443,-0.004876860925854569,-0.021143380761735407,0.009146819344537031,-0.009296027958526722,-0.01028013821660561,-0.027489696921888834,0.012555563364119872,-0.011834937674963226,-0.39999999999999997
chaosnli_snli,gemma,37,LP-temp,4,16,1.034280594687394,0.18813082359722338,0.39169611328678877,0.4574073663420095,0.5208791208791209,0.5208791208791209,1.004606314278046,,0.033463483756402436,,0.033463483756402415,,0.01130340694983199,,0.02484342464612726,,0.0037691004518945782,,0.025866149824993367,,0.0
chaosnli_snli,gemma,37,GPP-cosine,4,64,1.530580656111682,0.29467802412390154,0.4835880599064682,0.3356115268041557,0.3978021978021978,0.3978021978021978,0.7073785662651062,0.06283342093229294,0.02976174286137586,0.01675127941609735,0.029761742861375867,0.01675127941609738,0.034123623468301466,0.043661112559116144,0.03306268605759473,0.025236837320489095,0.03036661227797251,0.046595763471470035,0.01940141186275357,-0.0035726803701696093,0.6000000000000001
chaosnli_snli,gemma,37,GPP-rbf,4,64,1.1987508520618726,0.20936214574649664,0.3925443506011596,0.26020667536175235,0.5296703296703297,0.5296703296703297,0.5379865765571594,0.15995636582374573,-0.040227774134068514,0.01999103672699432,-0.040227774134068535,0.01999103672699431,-0.005399452364450316,0.030518328546192696,-0.028374736169930418,0.01804375656886098,-0.005205703904093362,0.022448802769784063,-0.029927145985234122,0.010201251910815742,-0.39999999999999997
chaosnli_snli,gemma,37,GPP-laplace,4,64,1.0485819278836825,0.19311135171074684,0.3963794484898284,0.4628105957311282,0.5340659340659341,0.5340659340659341,0.6555432677268982,0.35445043444633484,0.03674143666504712,0.03818402767326449,0.0367414366650471,0.03818402767326448,0.039614066264970944,0.0371483435970303,0.030516751885375372,0.03208173455414624,0.03398211561530337,0.03106399693131158,0.028568002492832867,0.008341562438975535,0.39999999999999997
chaosnli_snli,gemma,37,LPE,4,64,1.4573556242842962,0.24438220459279264,0.4176396518156372,0.27796789040263664,0.5406593406593406,0.5406593406593406,0.4207640588283539,0.06951159238815308,-0.03136849303097714,-0.009348079517680834,-0.031368493030977156,-0.00934807951768083,-0.005534161403020422,0.02081021003584558,-0.01868103254537291,0.002845423732896934,-0.005375606310560707,0.022610196088750756,-0.021563034134611678,-0.009206083949912862,-0.19999999999999998
chaosnli_snli,gemma,37,LP-temp,4,64,1.0813025717397937,0.19083024159964596,0.38125119062869905,0.3528484158657744,0.5274725274725275,0.5274725274725275,0.8562395726821449,,-0.023687451043157434,,-0.023687451043157438,,0.0007997769475285143,,-0.014137914276900766,,-0.0010863725514271907,,-0.026769782462346518,,-0.39999999999999997
chaosnli_snli,gemma,37,GPP-cosine,4,256,1.522808739737835,0.25364459445088383,0.42763966326003433,0.3187772687974875,0.5032967032967033,0.5032967032967033,0.6199126839637756,0.03306105360388756,0.0483537102021805,0.01752124947576076,0.0483537102021805,0.017521249475760774,0.02515578437459237,0.03768207011982801,0.03715947545336219,0.012476987857964549,0.017050017128386313,0.032699749057751894,0.030086456941530483,0.013169557089725894,0.0
chaosnli_snli,gemma,37,GPP-rbf,4,256,1.0315785650029612,0.1669745610461647,0.34170243230310604,0.30170208931685427,0.5846153846153846,0.5846153846153846,0.6189992427825928,0.14918571710586548,0.038505667032327315,0.0887712545626892,0.038505667032327294,0.0887712545626892,0.04735186188740398,0.08850256119421751,0.03468141192211662,0.07550422761825967,0.04121619627823919,0.0752356527699163,0.017245713588870497,0.0683353550069204,0.7999999999999999
chaosnli_snli,gemma,37,GPP-laplace,4,256,1.049230424487309,0.18921598075767798,0.38711238712236123,0.42203950534105056,0.5274725274725275,0.5274725274725275,0.6292958855628967,0.3368261456489563,0.08724046273069457,0.0946501777902573,0.08724046273069455,0.09465017779025729,0.056439560080337424,0.06240691287356791,0.06548449974451698,0.07403210258587874,0.04360799844384956,0.05019194462645767,0.06396210682438265,0.04862385688457038,0.39999999999999997
chaosnli_snli,gemma,37,LPE,4,256,1.1471513491145253,0.17937667259782483,0.34570158381372623,0.2856483916562152,0.6131868131868132,0.6131868131868132,0.4453723132610321,0.1965133547782898,0.030403845289903152,0.04970316647221518,0.030403845289903156,0.049703166472215184,0.04033825406128547,0.0682237979509725,0.03003885035410626,0.04872812242896908,0.0364925592392326,0.06091542856505419,0.02468135022998642,0.029769873393832393,0.19999999999999998
chaosnli_snli,gemma,37,LP-temp,4,256,0.9758344045825097,0.164595078216532,0.3479438880096981,0.3964281635492538,0.5956043956043956,0.5956043956043956,0.9292989057558019,,0.06163364064751585,,0.061633640647515864,,0.0835305461275761,,0.06700130868768257,,0.08204771723939572,,0.05238897164057418,,1.0
chaosnli_snli,gemma,37,GPP-cosine,4,1024,1.553299302439002,0.22430045725209205,0.385764562612035,0.32376245115552477,0.5296703296703297,0.5296703296703297,0.5588245987892151,0.010293213650584221,0.13607952890926123,0.070112273482043,0.1360795289092612,0.07011227348204302,0.09885092943717227,0.07476716600153052,0.12455051449547262,0.0643999100447952,0.09117633449668303,0.06872765552007078,0.12392602460684052,0.078624957296138,1.0
chaosnli_snli,gemma,37,GPP-rbf,4,1024,0.9796710896502113,0.14422906579632813,0.31166508232990464,0.2701828784243558,0.6263736263736264,0.6263736263736264,0.5735303163528442,0.08535218983888626,0.09185402806318854,0.11288558593896705,0.09185402806318851,0.11288558593896705,0.09704564018152786,0.10357686023596455,0.09193837127444035,0.10674910382044114,0.09335315905815729,0.09560972893788001,0.09831371491013224,0.12774681220402903,0.6000000000000001
chaosnli_snli,gemma,37,GPP-laplace,4,1024,1.0207810921047884,0.17746097637846006,0.37093885410781746,0.38958284558154976,0.5252747252747253,0.5252747252747253,0.608864426612854,0.31996950507164,0.08879983648495586,0.07218961528747042,0.08879983648495585,0.07218961528747041,0.08533204865906066,0.0687751368236915,0.08142281582704639,0.07070965687177193,0.08195520120495653,0.07252882150770285,0.08106456158050204,0.05715263039933761,1.0
chaosnli_snli,gemma,37,LPE,4,1024,1.1114182533338746,0.1499897551542742,0.30825117698366483,0.27781426943809395,0.621978021978022,0.621978021978022,0.21169529855251312,0.3598429560661316,0.09439458205743395,0.1126184741691034,0.09439458205743392,0.1126184741691034,0.0961133032687034,0.09384275918915277,0.0892813567501702,0.1011365366965139,0.09151202896413207,0.08677680976101362,0.10537047047645777,0.12005402309167425,0.7999999999999999
chaosnli_snli,gemma,37,LP-temp,4,1024,0.9309840830015913,0.15462114077628933,0.3506911933344956,0.460886852357511,0.6087912087912087,0.6087912087912087,1.0081740914188495,,0.08710588285024967,,0.08710588285024966,,0.0484076118823271,,0.05995473404172322,,0.03159325203997205,,0.07427451332085899,,0.7999999999999999
chaosnli_snli,gemma,50,GPP-cosine,0,64,1.8496296121238172,0.3383757774541045,0.5162120421344618,0.2866309638934906,0.36043956043956044,0.36043956043956044,0.5165019035339355,0.10587211698293686,-0.006595488334774264,-0.03758664129004161,-0.006595488334774269,-0.03758664129004162,-0.02330760859460244,-0.04384284685918011,-0.013568226177733157,-0.046356886186660694,-0.022095372575326656,-0.045798721632747556,-0.025644031750381043,-0.04910115276442991,0.0
chaosnli_snli,gemma,50,GPP-rbf,0,64,1.1026928190037892,0.19572084129144351,0.3875799527494134,0.3535329425873311,0.5252747252747253,0.5252747252747253,0.6658055782318115,0.19983433187007904,-0.015568129300548149,0.003029928195642146,-0.015568129300548156,0.00302992819564212,-0.01604522776761314,-0.01534753643299106,-0.013301425934217168,-0.010107742821646216,-0.006595230169468613,-0.019255852188947827,-0.00551562430817509,-0.016784469832556236,-0.39999999999999997
chaosnli_snli,gemma,50,GPP-laplace,0,64,1.0394203679064358,0.19589916755463557,0.4076189370273234,0.5123576697907106,0.5362637362637362,0.5362637362637362,0.6889041662216187,0.3728466033935547,-0.0354737171940674,-0.02239945638070559,-0.0354737171940674,-0.022399456380705618,-0.044458348691082304,-0.047735301727557924,-0.048924094453567886,-0.04178467036403874,-0.05184550017255962,-0.06018091091013253,-0.010936337250943708,-0.027014324271532008,-0.39999999999999997
chaosnli_snli,gemma,50,LPE,0,64,1.314612569166204,0.22586675259111527,0.40598622757409303,0.2833911949862981,0.5186813186813187,0.5186813186813187,0.5644903779029846,0.10496482253074646,0.01577342591725086,-0.007988553171781756,0.015773425917250845,-0.007988553171781761,0.01568887193791777,-0.01876078328160059,0.016722181353818793,-0.004988980467491702,0.02276774669407899,-0.009317282411284215,0.00984530244109,0.015167727976595408,0.0
chaosnli_snli,gemma,50,LP-temp,0,64,1.0684816640247228,0.20062586266213486,0.40575679159832845,0.46212485654585594,0.5032967032967033,0.5032967032967033,1.005096610846011,,0.04099617021363458,,0.040996170213634574,,0.04597062532035058,,0.048674788471346014,,0.0552043295763599,,0.03871689390541765,,0.0
chaosnli_snli,gemma,50,GPP-cosine,0,256,2.2397490780399067,0.35940410942594325,0.5263231288576495,0.32019309543440316,0.34945054945054943,0.34945054945054943,0.4812461733818054,0.048015762120485306,0.008715033609981965,-0.07505464229804008,0.008715033609981972,-0.07505464229804007,0.02226056330015801,-0.047903502410547104,0.0073013148527445275,-0.0790172314363793,0.02138215250015789,-0.048817097213062974,0.02088865384900208,-0.042220715761490356,0.39999999999999997
chaosnli_snli,gemma,50,GPP-rbf,0,256,1.112064057106191,0.20222380421043445,0.39554791100077574,0.3690397892976556,0.4967032967032967,0.4967032967032967,0.7109686136245728,0.1674230992794037,-0.028009249833943452,-0.028304171607367912,-0.028009249833943452,-0.028304171607367926,-0.0007331102599098804,-0.0329154904182153,-0.02184778357760354,-0.03761349014027665,0.0013268367880152118,-0.041697560142187465,-0.020270901888121574,-0.04186661355995038,-0.19999999999999998
chaosnli_snli,gemma,50,GPP-laplace,0,256,1.0352934015503725,0.19408343345826362,0.40444162792556887,0.5064113682338695,0.5274725274725275,0.5274725274725275,0.6878815293312073,0.3677876591682434,-0.011973698664515468,-0.021997753255392355,-0.011973698664515468,-0.02199775325539237,-0.010297148072107826,-0.03860839191374865,-0.01695271289439315,-0.030059429796058516,-0.015508301867165473,-0.0468949648836515,-0.0007400538545586414,-0.03594350736955704,-0.19999999999999998
chaosnli_snli,gemma,50,LPE,0,256,1.2741526637821303,0.22689909200123215,0.41098293424286536,0.32185050788051994,0.46153846153846156,0.46153846153846156,0.49218153953552246,0.28264227509498596,0.0015122348640457242,-0.023820405750309356,0.0015122348640457224,-0.02382040575030936,0.0230976436671418,0.004832666196356673,0.0012767369783146941,-0.021187966484933214,0.018029547961896996,0.006163271510496775,0.012555053772896214,-0.011852327475470586,-0.19999999999999998
chaosnli_snli,gemma,50,LP-temp,0,256,1.0721294713869256,0.21012514139174532,0.42487797184103826,0.5202679583686162,0.4307692307692308,0.4307692307692308,1.0693798219656385,,0.008667735444113499,,0.008667735444113495,,0.024171966924283306,,0.007143169796053179,,0.021277682611389882,,-0.00925806225472607,,-0.19999999999999998
chaosnli_snli,gemma,50,GPP-cosine,0,1024,2.0239103527177242,0.3039742703317159,0.46803683224662174,0.31493257655840096,0.45054945054945056,0.45054945054945056,0.47838467359542847,0.013792651705443859,0.04307078852586916,-0.02569720181906618,0.04307078852586918,-0.025697201819066193,0.02830614324984671,-0.013344331092696254,0.04408817911005598,-0.021139018000321697,0.03465510449507528,-0.010363515153055086,0.05834526495940832,0.018616959872833648,0.6000000000000001
chaosnli_snli,gemma,50,GPP-rbf,0,1024,1.1673793410978033,0.20900223740739707,0.39873980305945644,0.31330517188475837,0.4967032967032967,0.4967032967032967,0.5403088331222534,0.2414332926273346,0.05651471514373381,0.032758641106901396,0.05651471514373381,0.03275864110690139,0.05009811857731067,0.028401305319612255,0.05549895572007427,0.03700188432063668,0.04855793516036122,0.030963653541578682,0.04696316278556898,0.0244527985661754,0.0
chaosnli_snli,gemma,50,GPP-laplace,0,1024,1.0576185629817973,0.1889702953927865,0.38550008604569097,0.3899479676000796,0.5208791208791209,0.5208791208791209,0.6092971563339233,0.3190312087535858,0.05536929427289177,0.036084868495538436,0.05536929427289175,0.03608486849553843,0.04639141469716939,0.028959612463676683,0.051527081823553804,0.039167106889996965,0.04588443667500309,0.035908976431025225,0.03496655729489997,0.01741808282027312,0.7999999999999999
chaosnli_snli,gemma,50,LPE,0,1024,1.2484926611721687,0.19715297846754973,0.37020124670045157,0.2868741406130284,0.5340659340659341,0.5340659340659341,0.2177175134420395,0.4528757631778717,0.01521942519910564,0.04323863136731042,0.015219425199105638,0.0432386313673104,0.04324003351218264,0.04792442595679519,0.01853342632861861,0.04443090265498939,0.04563292430504905,0.0472343244759392,0.04096387270723863,0.04001788029941884,-0.39999999999999997
chaosnli_snli,gemma,50,LP-temp,0,1024,1.028391649173509,0.19402377358812728,0.4064166441018554,0.5223594802226367,0.5296703296703297,0.5296703296703297,1.0715510057789837,,0.04309977647352769,,0.04309977647352768,,0.0439151409543032,,0.037662356707818354,,0.04431341407862277,,0.02873508471529003,,0.7999999999999999
chaosnli_snli,gemma,50,GPP-cosine,1,16,1.7074609125512266,0.30753345803534043,0.495125543109172,0.3323894882391583,0.36043956043956044,0.36043956043956044,0.5821936726570129,0.15452377498149872,0.02764361702218494,-0.026794288143083725,0.027643617022184937,-0.02679428814308371,0.02404423590643128,-0.020767599797111992,0.01898925974382643,-0.04288312007263431,0.014610224510048564,-0.03559087750735556,0.03001645184718034,-0.05257102310522633,0.7999999999999999
chaosnli_snli,gemma,50,GPP-rbf,1,16,1.2669957738037496,0.2134902492538839,0.38774010600051384,0.23321303915369887,0.5362637362637362,0.5362637362637362,0.48553648591041565,0.1870385855436325,-0.012937507904727537,-0.010688558921656538,-0.01293750790472754,-0.010688558921656526,-0.02433878901041047,-0.0277660320544961,-0.017575465618393852,-0.020830785129484285,-0.02734772169784669,-0.03391772123391121,-0.028281803321845437,-0.040116932093517535,-0.6000000000000001
chaosnli_snli,gemma,50,GPP-laplace,1,16,1.0591453001712232,0.20518651458902462,0.42142733428013196,0.5319575864718379,0.5384615384615384,0.5384615384615384,0.7001270055770874,0.38149604201316833,0.03157244594435245,0.02962728432789418,0.03157244594435245,0.029627284327894184,0.03876142067876978,0.02662735318678109,0.03283761876891195,0.027911960600376644,0.03801200801934609,0.02342674260489825,-0.00719310352628508,-0.010814672346295146,1.0
chaosnli_snli,gemma,50,LPE,1,16,6.334791349405988,0.29085019527662015,0.4424853945232846,0.3216812548203934,0.5362637362637362,0.5362637362637362,0.24418863654136658,0.03395996615290642,-0.004657549713676141,-0.04938857186636238,-0.004657549713676131,-0.04938857186636237,-0.004332407207356122,-0.023851376827222468,0.006388048704593526,-0.03220104782602949,0.0027995655971773227,-0.015482736410784318,0.013324090628300455,0.0005852655203722496,0.0
chaosnli_snli,gemma,50,LP-temp,1,16,6.076436342585557,0.24530709176617996,0.3935875762786273,0.19589544305079848,0.5340659340659341,0.5340659340659341,0.5455246797142942,,0.00019573006828944688,,0.00019573006828942606,,0.0022753093526736,,0.013466560619048804,,0.01147375163580569,,0.00964624336934824,,0.0
chaosnli_snli,gemma,50,GPP-cosine,1,64,1.99469941444399,0.3589914151227617,0.533110432031068,0.2906644023204374,0.36923076923076925,0.36923076923076925,0.47241657972335815,0.10049469023942947,-0.05085250199592096,-0.04786453190237446,-0.05085250199592095,-0.04786453190237444,-0.0017802848233777029,-0.013094648854750476,-0.030338276553027312,-0.043077741467670294,0.007301343098801684,-0.01307462343996975,-0.04280789224895133,-0.06248403748016001,-0.7999999999999999
chaosnli_snli,gemma,50,GPP-rbf,1,64,1.1450095687708959,0.19874694199207907,0.3814953239859788,0.2950707639397301,0.5318681318681319,0.5318681318681319,0.6133682131767273,0.18022608757019043,-0.01778551156676651,-0.004020321942255583,-0.0177855115667665,-0.004020321942255602,-0.004271116217975972,-0.010375041946381962,-0.021260831560786862,-0.016933364594976717,-0.013623666990193257,-0.024104136274215558,0.007980962949333904,-0.018402294569867333,-0.7999999999999999
chaosnli_snli,gemma,50,GPP-laplace,1,64,1.0379876611330763,0.1917161508340925,0.39814481565749255,0.4812571802495085,0.5384615384615384,0.5384615384615384,0.6686428189277649,0.36120980978012085,0.0022685337058013337,0.005104265172828583,0.0022685337058013337,0.005104265172828568,0.001007251208575262,8.895300150452493e-05,-0.006582801893490475,-0.003538837539585166,-0.006964846886976631,-0.008220806495996179,-0.026747265752011747,-0.03372946090056502,0.39999999999999997
chaosnli_snli,gemma,50,LPE,1,64,1.3501160259031117,0.2245665497765043,0.39544672246275286,0.25123977280819615,0.5362637362637362,0.5362637362637362,0.5128188729286194,0.09296385943889618,-0.0021879615798210753,0.008292583493319971,-0.0021879615798210753,0.008292583493319967,0.0030121986709649006,0.016397694958452433,-0.007227296477411365,0.018747479651933664,-0.00806774479148438,0.02328761927616152,0.01210584910924089,0.00550887222446161,0.0
chaosnli_snli,gemma,50,LP-temp,1,64,1.075424395618003,0.1926584143299905,0.38533816898065576,0.3826852451473533,0.5252747252747253,0.5252747252747253,0.9196898273013022,,-0.02373259858919559,,-0.023732598589195575,,-0.013683875167962255,,-0.02877231896572073,,-0.024421901939764797,,-0.006692334142506453,,-0.39999999999999997
chaosnli_snli,gemma,50,GPP-cosine,1,256,2.2125753355332787,0.3429789766127316,0.5106876996983182,0.30180199186012835,0.4087912087912088,0.4087912087912088,0.4988686144351959,0.04952488839626312,0.10377265348762119,0.04182769979938491,0.10377265348762114,0.0418276997993849,0.09894479437945956,0.03864057039238915,0.11057303890417522,0.03950833013178271,0.10146286293232346,0.0328582410248595,0.10617734448021868,0.045274887061587034,0.7999999999999999
chaosnli_snli,gemma,50,GPP-rbf,1,256,1.15869923986296,0.2014417932140593,0.38418982802624146,0.31413629334200804,0.5384615384615384,0.5384615384615384,0.636939525604248,0.1501670479774475,0.04731926456490866,0.030840905895787966,0.04731926456490865,0.030840905895787946,0.056532167097500585,0.017536301635299303,0.04692939014962331,0.021174535300004186,0.05366724579443556,0.006526434401322324,0.055785460845163726,0.034860243825864126,1.0
chaosnli_snli,gemma,50,GPP-laplace,1,256,1.053009727533269,0.19076791196665113,0.3912750116334512,0.4250755681407652,0.5274725274725275,0.5274725274725275,0.6317684650421143,0.33744433522224426,-0.024760507912315512,-0.02267958817584765,-0.024760507912315505,-0.02267958817584766,-0.043054728191063985,-0.047667152846516306,-0.034924876957385706,-0.031036795381304282,-0.050486726100314995,-0.05563935318282822,-0.036736813506988035,-0.047944699181238976,0.0
chaosnli_snli,gemma,50,LPE,1,256,1.3213656317036742,0.22213559258939278,0.39740250970908264,0.30038785260486095,0.5340659340659341,0.5340659340659341,0.4481258988380432,0.2415507435798645,0.04491487609280577,0.02034307162431359,0.04491487609280577,0.02034307162431359,0.0661101482710302,0.0416354546613103,0.05149994085746627,0.020798859946613436,0.06535661222665974,0.04175631557707085,0.05282301596532566,0.016876259951717792,0.7999999999999999
chaosnli_snli,gemma,50,LP-temp,1,256,1.0505675971791029,0.19842234352021776,0.40506008105792857,0.487237563490744,0.5142857142857142,0.5142857142857142,1.0345458877073888,,0.04115932305205637,,0.04115932305205636,,0.04598764667347341,,0.04031849955455266,,0.045671906750356484,,0.088648043375382,,0.39999999999999997
chaosnli_snli,gemma,50,GPP-cosine,1,1024,2.0208463305265276,0.3028000088110064,0.4639046265917937,0.312989684579136,0.46373626373626375,0.46373626373626375,0.47553807497024536,0.013226842507719994,0.07437641949545604,-0.0017259491380280934,0.07437641949545605,-0.0017259491380281038,0.05271381580581268,0.004691332932784079,0.07176237076979429,0.00027956870768873834,0.057126314823886665,0.0075619490799028,0.08246975937974146,0.029492464671453073,0.7999999999999999
chaosnli_snli,gemma,50,GPP-rbf,1,1024,1.1540064059214048,0.2055726468259664,0.393582065976583,0.31800259818147725,0.5032967032967033,0.5032967032967033,0.5435869097709656,0.24327072501182556,0.04285741538876939,0.01756606594399971,0.0428574153887694,0.017566065943999697,0.046924233085117256,0.021699103446577994,0.04731774077256953,0.026524321525328735,0.04901440780002871,0.027767084590571187,0.03995418139646147,0.017744730794638477,0.0
chaosnli_snli,gemma,50,GPP-laplace,1,1024,1.0526582651370093,0.18752886247801726,0.3834995217211954,0.3920953040626058,0.5274725274725275,0.5274725274725275,0.6110444068908691,0.3199937641620636,0.06218028920600116,0.03934698302445177,0.06218028920600115,0.039346983024451734,0.0593583203932212,0.038073102497648524,0.06041070819620826,0.04445937133211565,0.059860826640607843,0.04616276957257648,0.0554949301487752,0.035028154134059734,0.7999999999999999
chaosnli_snli,gemma,50,LPE,1,1024,1.2731953962264573,0.19914481221926164,0.37027173895387183,0.2840705593912479,0.5428571428571428,0.5428571428571428,0.21691200137138367,0.44755643606185913,0.06764546874845509,0.04579165860858253,0.06764546874845509,0.04579165860858252,0.09586808013144596,0.07024101640649115,0.07118085112197982,0.04814569009501798,0.0978785563934256,0.06980574979901566,0.08436276337782837,0.05020677462306085,0.6000000000000001
chaosnli_snli,gemma,50,LP-temp,1,1024,1.0321993422177314,0.19598157312244588,0.40978880651873606,0.5281507652722972,0.5428571428571428,0.5428571428571428,1.0774252428943343,,0.04453623861311118,,0.04453623861311118,,0.04992873567442549,,0.04097694096159689,,0.05238258026636366,,0.028291421856192,,0.7999999999999999
chaosnli_snli,gemma,50,GPP-cosine,2,16,1.4221400762517011,0.2831670203603369,0.4747198771380891,0.32828996191543836,0.3824175824175824,0.3824175824175824,0.6320490837097168,0.17654739320278168,-0.005336638581504995,-0.060198567169286496,-0.005336638581505002,-0.06019856716928648,0.02665089623500401,-0.029518073232165244,0.012256185688967865,-0.054570909546298355,0.03985899906969283,-0.024031695814392757,0.012546709216608798,-0.05897422792720931,-0.19999999999999998
chaosnli_snli,gemma,50,GPP-rbf,2,16,1.2561963846887656,0.2228859727793185,0.40263205085072545,0.24057324894369234,0.5340659340659341,0.5340659340659341,0.5055128931999207,0.1855541467666626,-0.024856428031362336,-0.01582296344658506,-0.02485642803136235,-0.015822963446585056,-0.02930332460440039,-0.02331686405460057,-0.030832252256167588,-0.02281160817754711,-0.03624037456070573,-0.02934900850940252,-0.03333936881885413,-0.04974584936126137,-0.6000000000000001
chaosnli_snli,gemma,50,GPP-laplace,2,16,1.0647344941532575,0.2081441956908085,0.424725294981029,0.5367058358457772,0.5340659340659341,0.5340659340659341,0.7031298279762268,0.38325703144073486,-0.022450531811307448,-0.01717308843971855,-0.02245053181130746,-0.017173088439718556,-0.01293883105571076,-0.030179377350444174,-0.02234721844826184,-0.024902621244302266,-0.01442817739117852,-0.03810326356245841,-0.0043810831476015005,-0.03081596960909251,-0.19999999999999998
chaosnli_snli,gemma,50,LPE,2,16,1.8134172525338481,0.2913082927361018,0.45211202436763853,0.29057330901741796,0.5340659340659341,0.5340659340659341,0.2661069333553314,0.0553806833922863,0.00857507992566163,-0.0031151684487513535,0.008575079925661639,-0.003115168448751357,0.018207343808640232,-0.01128768616692566,0.011429300473038789,-0.009539890519358891,0.011927154854175413,-0.018083507473537545,0.012875331856965835,0.005369499024790899,0.19999999999999998
chaosnli_snli,gemma,50,LP-temp,2,16,1.1501563529965975,0.2054867912360518,0.3912864548269307,0.29512260997107936,0.5340659340659341,0.5340659340659341,0.8121056772096351,,0.005519568653582739,,0.005519568653582725,,0.020914082017894443,,0.012880176288402885,,0.019589165863925968,,0.007205428805828011,,0.19999999999999998
chaosnli_snli,gemma,50,GPP-cosine,2,64,1.6119294777460813,0.30518493885139353,0.4926761052955744,0.32387532872522495,0.3648351648351648,0.3648351648351648,0.6008985042572021,0.11100190877914429,-0.0006401654543550656,-0.021601810435250342,-0.0006401654543550794,-0.021601810435250342,0.028690629593866958,0.00890579553556969,0.016551532792715533,-0.014867098775213541,0.035080221821735924,0.009110376543397282,-0.00390767290082238,-0.0338040523159281,-0.39999999999999997
chaosnli_snli,gemma,50,GPP-rbf,2,64,1.0774915007734311,0.1931716352548644,0.38787990086763113,0.37683313858861384,0.5296703296703297,0.5296703296703297,0.6937167048454285,0.21339450776576996,-0.010019361237454363,0.003296583446603496,-0.010019361237454363,0.0032965834466034856,0.001831239087423317,0.0020168366770956896,-0.0029106738577933354,0.0006834232032367979,0.0031148945898913406,-0.0038429697857085485,-0.03093594551136987,-0.013902285570444437,-0.39999999999999997
chaosnli_snli,gemma,50,GPP-laplace,2,64,1.0541177277293456,0.20229975188675084,0.4159233618404839,0.5220457457121815,0.5296703296703297,0.5296703296703297,0.6948935985565186,0.3763057291507721,-0.02334610716124307,-0.02382590089163944,-0.023346107161243072,-0.023825900891639433,-0.012405215557499773,-0.024530121544993476,-0.017115802954268726,-0.0212355661469866,-0.008223667968536418,-0.024595802488985394,0.004208331722781133,-0.013734120466637,-0.19999999999999998
chaosnli_snli,gemma,50,LPE,2,64,1.24910597894899,0.21598599658915224,0.3999686927341467,0.29918348484529206,0.5384615384615384,0.5384615384615384,0.5946318507194519,0.10835118591785431,-0.01968646212962124,-0.011891639556953245,-0.019686462129621253,-0.01189163955695325,-0.010399176066308087,-0.028547105021279787,-0.012333880918658717,-0.02261616160652245,-0.009885781566461985,-0.03675011133353479,-0.03637615031844345,-0.02064946446839718,-0.39999999999999997
chaosnli_snli,gemma,50,LP-temp,2,64,1.0461246078000708,0.19667463942524657,0.4036460174967715,0.4924363118714917,0.5230769230769231,0.5230769230769231,1.0402557880007486,,0.017474246309019253,,0.017474246309019264,,0.02221041345548882,,0.024285332913930247,,0.024847232366991358,,-0.025257443108332805,,-0.39999999999999997
chaosnli_snli,gemma,50,GPP-cosine,2,256,2.0800047158432076,0.34069756392137346,0.5098121202197317,0.29398247983853987,0.367032967032967,0.367032967032967,0.4869948625564575,0.04961749166250229,0.09321458548228187,0.029852593506418387,0.09321458548228187,0.029852593506418383,0.06312303281427163,0.01424805292653291,0.08325327618744972,0.019335303622123497,0.05342540974432872,0.006088243139121853,0.08818081192218974,0.04327021888661586,1.0
chaosnli_snli,gemma,50,GPP-rbf,2,256,1.147592424306332,0.20641868810449612,0.39979941867455676,0.35489963704843663,0.5032967032967033,0.5032967032967033,0.6760308146476746,0.1608843356370926,-0.04201086657321066,-0.004619737894436073,-0.04201086657321065,-0.0046197378944360865,-0.03379923557321246,-0.024200720363784078,-0.03265194784266644,-0.006075275781309758,-0.022272937050923543,-0.022731327036457482,-0.030287554378166878,-0.010472736635220022,-0.39999999999999997
chaosnli_snli,gemma,50,GPP-laplace,2,256,1.0422016015928406,0.1923807308061283,0.3980048526692521,0.47216508926937917,0.5318681318681319,0.5318681318681319,0.664783239364624,0.3553970158100128,-0.01824365396101167,-0.008694168872378717,-0.018243653961011668,-0.008694168872378717,-0.03090229413605501,-0.034300395440558455,-0.020600966698090944,-0.011325340051673106,-0.036063157267410974,-0.04044674741051485,-0.03269129618016592,-0.030561077467465794,0.0
chaosnli_snli,gemma,50,LPE,2,256,1.311881134393275,0.22964490646202665,0.41598995589007687,0.32321661550260156,0.47692307692307695,0.47692307692307695,0.47830039262771606,0.25859034061431885,-0.0040507056996305375,-0.060213844530113136,-0.004050705699630525,-0.06021384453011315,0.012602021244854296,-0.054298695663921336,0.011260701473656617,-0.05885897403087597,0.02662057001723702,-0.049884837263333676,0.005933871304993134,-0.04725063593461556,0.0
chaosnli_snli,gemma,50,LP-temp,2,256,1.0657217124426337,0.2054463386902929,0.4178376637091966,0.5038128300226531,0.45494505494505494,0.45494505494505494,1.0522179622962187,,-0.011399148918078167,,-0.011399148918078158,,-0.010130987221135299,,-0.011858087913520984,,-0.008087232445541367,,-0.022582853570959058,,0.0
chaosnli_snli,gemma,50,GPP-cosine,2,1024,1.998359299868386,0.3014163666250719,0.46628403869330187,0.3118297273142871,0.4461538461538462,0.4461538461538462,0.4747062623500824,0.013236144557595253,0.06643436066043046,-0.0242008278262849,0.06643436066043043,-0.024200827826284903,0.044532557775873456,-0.019951814982726107,0.06358157678106295,-0.02350560163723528,0.049367823696200776,-0.01721126887430321,0.07313188239960981,0.02212415777076309,0.7999999999999999
chaosnli_snli,gemma,50,GPP-rbf,2,1024,1.1573600239402677,0.20616968744101363,0.39520430997894196,0.3140510879521202,0.4989010989010989,0.4989010989010989,0.5411449670791626,0.2416362315416336,0.054006145794232845,0.025688636267656672,0.054006145794232824,0.02568863626765666,0.05591924370311417,0.028035525627690305,0.05267027295450141,0.029772855707070334,0.05449536769851545,0.03095990471650408,0.05112047168708126,0.0218924211618042,0.0
chaosnli_snli,gemma,50,GPP-laplace,2,1024,1.0531154045754394,0.18769904120442102,0.3837952840008906,0.39161334813600723,0.5252747252747253,0.5252747252747253,0.6106833219528198,0.3196585774421692,0.05280214568136914,0.031408472016581035,0.052802145681369136,0.031408472016581035,0.045231775687653464,0.0269328209260824,0.04688366476632219,0.03320234896231392,0.044499978558749584,0.03381211606281219,0.03446734899242311,0.013263067501676287,0.7999999999999999
chaosnli_snli,gemma,50,LPE,2,1024,1.2902547581478807,0.19733009837470394,0.36611313897606873,0.27140076854847905,0.5516483516483517,0.5516483516483517,0.21455129981040955,0.44210085272789,0.0904325149036484,0.0892238048115097,0.09043251490364837,0.08922380481150971,0.11068511083360921,0.10158452879902677,0.09319866133237037,0.08725989084038863,0.11065205604670693,0.09962962315952677,0.10901194566182133,0.09072335363373288,0.6000000000000001
chaosnli_snli,gemma,50,LP-temp,2,1024,1.023243809189089,0.1922683776354625,0.40406919915127987,0.5224625703701424,0.5516483516483517,0.5516483516483517,1.0716470143353574,,0.02581613521879396,,0.025816135218793983,,0.03564126172828896,,0.02236590765169048,,0.0371141900944601,,0.019390137156930116,,0.7999999999999999
chaosnli_snli,gemma,50,GPP-cosine,3,16,1.3324093784100635,0.2727902480527001,0.47762394310282236,0.3853566283959319,0.3208791208791209,0.3208791208791209,0.6987428069114685,0.19124437868595123,0.04652853413622571,-0.019876170920092417,0.046528534136225694,-0.019876170920092417,0.029076731279459915,-0.014798180215663898,0.0506258681020484,-0.020197175056684037,0.030981684426738487,-0.014612910278577987,0.06286928844524614,-0.028728268932673592,0.39999999999999997
chaosnli_snli,gemma,50,GPP-rbf,3,16,1.2687159541976294,0.27286684940876765,0.49277302398868317,0.47074838635572447,0.2725274725274725,0.2725274725274725,0.7374528050422668,0.2794630229473114,0.06600134373182498,0.020927380092234237,0.06600134373182497,0.020927380092234216,0.05094371819887558,-0.006906777008165329,0.060802792883811324,0.005682448366159941,0.04320804567684311,-0.01936549398596072,0.08897061461995809,0.0057726493816080485,1.0
chaosnli_snli,gemma,50,GPP-laplace,3,16,1.1175362337827404,0.2293607864213617,0.45244115053952394,0.5459112722869662,0.2725274725274725,0.2725274725274725,0.7091309428215027,0.3865213692188263,-0.002443572156937645,-0.026043767768418144,-0.0024435721569376345,-0.026043767768418158,-0.00038171827700408424,-0.05286406880634889,0.00224591303201282,-0.03342265993741585,0.0002959169955380689,-0.059371466403353036,0.026445363949584667,-0.006151211961883656,0.0
chaosnli_snli,gemma,50,LPE,3,16,1.5375152819510787,0.33267375011902556,0.5385200775177269,0.351286979004271,0.29010989010989013,0.29010989010989013,0.7471780180931091,0.13367992639541626,0.08241613467477428,0.03494566210158345,0.08241613467477427,0.03494566210158345,0.06910281830907633,0.025504498965772046,0.0747281049092596,0.02411438980258565,0.061386929180317976,0.019401838724819584,0.06783570081212284,0.04759136136653448,0.7999999999999999
chaosnli_snli,gemma,50,LP-temp,3,16,1.2478708596970047,0.2664603442420703,0.48521878237808297,0.46932723450892627,0.2923076923076923,0.2923076923076923,1.0156278314552802,,0.06469567473685137,,0.06469567473685137,,0.050460185059195556,,0.0574319367073806,,0.04334634810335796,,0.058889572085178976,,0.7999999999999999
chaosnli_snli,gemma,50,GPP-cosine,3,64,1.8718151145161823,0.3299977740445284,0.5079684371007865,0.3034327145818735,0.378021978021978,0.378021978021978,0.5218032598495483,0.10356653481721878,0.03444580361430029,-0.01411254852981474,0.03444580361430028,-0.01411254852981473,0.00079607107676446,-0.032671065749062284,0.01846431988411288,-0.030935251585426336,-0.009402190341152986,-0.0420506902638844,0.030199713590988678,-0.043265314071088155,0.39999999999999997
chaosnli_snli,gemma,50,GPP-rbf,3,64,1.067910170599609,0.1916995376438375,0.3861099437575091,0.3884710943655465,0.5076923076923077,0.5076923076923077,0.7076549530029297,0.21770723164081573,0.0026323004294630734,0.017092374401024686,0.002632300429463089,0.017092374401024665,0.014437113248164105,0.0038629298811323487,0.008724381431772805,0.007285543114553341,0.013524230828071228,-0.0061960801939118446,-0.001562151896126366,0.0037372146365084774,-0.19999999999999998
chaosnli_snli,gemma,50,GPP-laplace,3,64,1.0475666675008144,0.20037633187678364,0.4149302704484908,0.522501782623441,0.5340659340659341,0.5340659340659341,0.6952589750289917,0.37681108713150024,-0.007156583705673413,0.0006495166497522895,-0.007156583705673441,0.0006495166497522721,-0.0250839023563129,-0.03496723346244631,-0.015380060449485995,-0.014251911589957462,-0.03322206411858997,-0.04715393685642917,0.00909279603018728,-0.0006456520803758296,-0.19999999999999998
chaosnli_snli,gemma,50,LPE,3,64,1.1924178726817778,0.21168463803924795,0.39663892224722713,0.3013879249486483,0.4879120879120879,0.4879120879120879,0.6480252742767334,0.1262068748474121,0.013490626265840104,-0.018906381321171263,0.013490626265840109,-0.018906381321171256,0.03452964199506801,-0.014435007853078878,0.02117289500626915,-0.029231702892922633,0.03437230153849684,-0.025522894885923082,0.011856085710745071,-0.012798065087678551,0.39999999999999997
chaosnli_snli,gemma,50,LP-temp,3,64,1.0635027992080734,0.20827905731438462,0.42557934853789864,0.5383445143066478,0.47692307692307695,0.47692307692307695,1.088027800283153,,0.027138150461885998,,0.027138150461885977,,0.05249247983297305,,0.03758072977683204,,0.05226649734167161,,0.009403295753468858,,0.39999999999999997
chaosnli_snli,gemma,50,GPP-cosine,3,256,2.0291255278641698,0.331659141829373,0.5055667471203465,0.34151005173947485,0.4043956043956044,0.4043956043956044,0.5419257283210754,0.053327932953834534,-0.0757805456660339,-0.1253121253596009,-0.07578054566603387,-0.1253121253596009,-0.0788735446773826,-0.11760392210506429,-0.06581923301582396,-0.11952000375205549,-0.07028163779296434,-0.11250908376118968,-0.06559725766329816,-0.1348293658260523,-0.39999999999999997
chaosnli_snli,gemma,50,GPP-rbf,3,256,1.2233997971486643,0.21113043245676813,0.3936227098514152,0.2898191815706573,0.5274725274725275,0.5274725274725275,0.567974865436554,0.13594812154769897,-0.008103779529707126,0.004546200884011628,-0.008103779529707136,0.004546200884011611,0.009470756695241424,0.011164988159357136,0.0003396289208320996,0.005841147576395591,0.016114645092542436,0.011978403169816843,0.01357614718730274,0.011540903538912042,0.0
chaosnli_snli,gemma,50,GPP-laplace,3,256,1.0568686443818713,0.1893024066316599,0.3866714167603097,0.4044767003509444,0.5362637362637362,0.5362637362637362,0.6142609119415283,0.3281765580177307,-0.038435547756106976,-0.049276182218067704,-0.038435547756106955,-0.0492761822180677,-0.0354329639949733,-0.04216944857500034,-0.043242283697143655,-0.04931672035656111,-0.03292970266052164,-0.035007665761941906,-0.010807092176843221,-0.01941599891153081,-0.19999999999999998
chaosnli_snli,gemma,50,LPE,3,256,1.4280753862124635,0.23017575897523054,0.40540779636278357,0.30503829103526947,0.512087912087912,0.512087912087912,0.38245782256126404,0.2080013006925583,-0.02134842304973395,0.005546810110958596,-0.02134842304973396,0.005546810110958575,-0.0044285520962095565,0.005852473555196372,-0.01137307048794043,0.0030907560226180845,0.003124002778907696,0.0025966970375545587,-0.014661576493696203,0.012247388071612152,0.0
chaosnli_snli,gemma,50,LP-temp,3,256,1.0465424226599205,0.19014962218810283,0.3907317810796737,0.436445068732201,0.5274725274725275,0.5274725274725275,0.972895034659173,,0.0007643434099432883,,0.0007643434099432883,,0.011218326070438822,,0.010193498475437171,,0.0165169557243577,,0.005141648048912413,,0.0
chaosnli_snli,gemma,50,GPP-cosine,3,1024,2.0184886621287963,0.3024375303824276,0.4663231536491337,0.3068554813418183,0.45054945054945056,0.45054945054945056,0.4720938205718994,0.013052454218268394,0.06055071237972993,-0.014610479672519577,0.06055071237972992,-0.014610479672519563,0.04248363200084422,-0.007000909555583412,0.05705559931782954,-0.013978902545851931,0.04504723584167771,-0.007076710483446207,0.07713924408356047,0.009719306011040336,0.6000000000000001
chaosnli_snli,gemma,50,GPP-rbf,3,1024,1.1583593535167622,0.20727459088667563,0.3968015768022819,0.3183198556571865,0.5010989010989011,0.5010989010989011,0.5440359711647034,0.24272145330905914,0.03130146537291256,0.004279338032220831,0.03130146537291256,0.004279338032220822,0.024306817165325928,-0.0004564200358895673,0.02820478964398946,0.007219703389080167,0.021208389829264245,0.0015520746768765562,0.02724911670710067,0.004111190895771154,0.0
chaosnli_snli,gemma,50,GPP-laplace,3,1024,1.0529319499956027,0.1881150709459428,0.3851693168487195,0.3961578542861012,0.5230769230769231,0.5230769230769231,0.6139220595359802,0.3213566839694977,0.042058773553030046,0.018765185603089932,0.042058773553030046,0.01876518560308995,0.02813060174286191,0.008497293137367802,0.03517362584422733,0.019762064858307074,0.02612009407213456,0.014560347525323685,0.025095393099209273,-0.0018536380760592584,0.39999999999999997
chaosnli_snli,gemma,50,LPE,3,1024,1.262127005152898,0.19399360668866678,0.3671621405848275,0.2786179572767105,0.5296703296703297,0.5296703296703297,0.21897321939468384,0.4580278992652893,0.033304676126834416,0.016699343390343166,0.03330467612683441,0.01669934339034315,0.053161253262719026,0.029652905226561804,0.0353664610844795,0.01377654793323603,0.05480199534804703,0.027573962608975745,0.04401785291062643,0.016781284887408366,0.6000000000000001
chaosnli_snli,gemma,50,LP-temp,3,1024,1.0260746844196007,0.1931730292519122,0.40550963095508313,0.5220071247978657,0.5428571428571428,0.5428571428571428,1.071114285484001,,0.015205602309072266,,0.015205602309072294,,0.011878711467805374,,0.0079646285241807,,0.012928715140570698,,0.006486905180468959,,0.39999999999999997
chaosnli_snli,gemma,50,GPP-cosine,4,16,2.1814435807447774,0.3960949675798394,0.5668785478066458,0.2939745435230034,0.2967032967032967,0.2967032967032967,0.43759042024612427,0.13409553468227386,-0.0013327452485325693,-0.013118316154792921,-0.0013327452485325658,-0.013118316154792923,0.04908314409505214,0.017449253347873037,0.020197784300983103,-0.00911490597995785,0.05784408889832659,0.01752850996789105,0.007965070326721693,-0.026996423159068812,0.19999999999999998
chaosnli_snli,gemma,50,GPP-rbf,4,16,1.0809966530542703,0.19234864636339888,0.38641254314436363,0.36317823159181933,0.5318681318681319,0.5318681318681319,0.6602455377578735,0.2376488596200943,-0.015757433369699307,0.013110850509792413,-0.01575743336969932,0.013110850509792403,-0.04747960440950947,-0.024136304052297483,-0.03627595603665969,-0.011269922102816056,-0.05942879177160349,-0.0388870484972665,0.0017594273985853189,-0.0034283387652557186,-0.7999999999999999
chaosnli_snli,gemma,50,GPP-laplace,4,16,1.0658670351139183,0.20926217749615617,0.4272581654590565,0.5418625745737673,0.5362637362637362,0.5362637362637362,0.7066531181335449,0.38492727279663086,0.004913797426548988,-0.0005955261245940528,0.004913797426548995,-0.0005955261245940563,0.012115112520197365,-0.026420668353783643,0.004308328008159765,-0.013584048208198626,0.012444100667784331,-0.03518890499603038,0.018219097105213123,-0.01175607843310201,0.39999999999999997
chaosnli_snli,gemma,50,LPE,4,16,1.3220956119652398,0.22925858570705282,0.40755864809482145,0.22870746957546695,0.5318681318681319,0.5318681318681319,0.5091427564620972,0.10322587937116623,0.018797495935930695,-0.03134494337902451,0.01879749593593065,-0.031344943379024506,-0.01279985908663301,-0.05029523660086348,0.0005958798668950424,-0.044054199631447084,-0.023673773729157053,-0.05613520701107853,0.024465347250058,-0.01670057837736139,-0.7999999999999999
chaosnli_snli,gemma,50,LP-temp,4,16,1.05272234278737,0.19300543015576416,0.3964739583910576,0.4464271459177735,0.5164835164835165,0.5164835164835165,0.992416975623473,,0.01579099677102429,,0.015790996771024274,,-0.01427759782518621,,0.00024201811312282023,,-0.024739174438108233,,0.0351658074633506,,-0.39999999999999997
chaosnli_snli,gemma,50,GPP-cosine,4,64,1.7314299507123512,0.3266036146625768,0.5164396672255341,0.3233268912432244,0.35384615384615387,0.35384615384615387,0.5737587809562683,0.10755690187215805,0.010068665087556378,-0.01687366516800813,0.010068665087556394,-0.01687366516800812,0.016769245903539474,0.007247390057148501,0.007488281263087338,-0.01694781648483898,0.012213883620010819,0.004013982462361749,0.002442852928414864,-0.0389630264664449,-0.19999999999999998
chaosnli_snli,gemma,50,GPP-rbf,4,64,1.246677770851312,0.21896190512099067,0.3998613157442638,0.25213969341285924,0.5296703296703297,0.5296703296703297,0.5209932327270508,0.1539572775363922,-0.043270121794148325,-0.02133269684078403,-0.04327012179414832,-0.02133269684078405,-0.02100919584634779,-0.01871068267890688,-0.035039166003476896,-0.02371956099659224,-0.02363455704289398,-0.02612532906837108,-0.04962354746758324,-0.04376108263280531,-0.6000000000000001
chaosnli_snli,gemma,50,GPP-laplace,4,64,1.052345644378537,0.1939647974733566,0.39764272384754906,0.4590841579622809,0.5318681318681319,0.5318681318681319,0.6527603268623352,0.35264089703559875,-0.006583684113635687,-0.004728727797204004,-0.006583684113635701,-0.004728727797204011,-0.0051657708783951345,-0.004911783458614847,-0.009884596065974936,-0.007160739092764597,-0.00917844528667084,-0.008891643692335548,-0.007602400369058296,-0.024369607798913086,0.19999999999999998
chaosnli_snli,gemma,50,LPE,4,64,1.5539902976680453,0.25854862174341015,0.42736816985780823,0.2766881946670332,0.5384615384615384,0.5384615384615384,0.38635891675949097,0.07229796797037125,-0.04058120395944722,-0.006900298374512847,-0.040581203959447205,-0.006900298374512861,-0.025730946022869322,0.005114712471217028,-0.032833472024715656,-0.0014216929654108437,-0.03001515643300298,0.004004662393371234,-0.04569498132659084,-0.016897535385305553,-0.39999999999999997
chaosnli_snli,gemma,50,LP-temp,4,64,1.09910125595473,0.1987452032822686,0.3923156034705743,0.37116865363847595,0.5186813186813187,0.5186813186813187,0.892683583200907,,-0.034081016353857296,,-0.034081016353857296,,-0.011269275062493003,,-0.02391556657171279,,-0.012809751497202336,,-0.055019672633810315,,-0.39999999999999997
chaosnli_snli,gemma,50,GPP-cosine,4,256,1.9605132107722025,0.32830863432908536,0.4970332263921077,0.3063289209544458,0.4307692307692308,0.4307692307692308,0.5045114755630493,0.051462095230817795,0.07039445394508315,0.046751462871232136,0.07039445394508315,0.046751462871232136,0.0710325914505709,0.05094038709833225,0.07077067007675568,0.0375479962247692,0.0712984811755127,0.04465851746132806,0.06611423795970012,0.038674788930562844,0.7999999999999999
chaosnli_snli,gemma,50,GPP-rbf,4,256,1.1518882162559874,0.20238785497078543,0.3849755005568143,0.3109292712262846,0.5494505494505495,0.5494505494505495,0.63414067029953,0.15182282030582428,0.02832268377941476,0.04273164076921648,0.028322683779414763,0.042731640769216477,0.03799668049929488,0.04060407350539687,0.03175304407115853,0.03567234136702024,0.03675283305311852,0.0327270250757139,0.0018206420443273444,0.03465596144407986,0.7999999999999999
chaosnli_snli,gemma,50,GPP-laplace,4,256,1.0601742667025709,0.19279153809883376,0.39250304929830215,0.4237024551081611,0.5296703296703297,0.5296703296703297,0.6302695274353027,0.33704760670661926,0.03095058384232178,0.037318621857458066,0.030950583842321765,0.037318621857458045,-0.0011200809015123533,0.006861920705436952,0.015164083867017775,0.023015665937321052,-0.010236723860739684,-0.0013642456137717383,0.0084926562367904,-0.004985522037763916,0.39999999999999997
chaosnli_snli,gemma,50,LPE,4,256,1.3062701066470792,0.2231644485661269,0.3956882514980792,0.2959236430639739,0.5384615384615384,0.5384615384615384,0.4520513713359833,0.23088349401950836,0.012094092824825806,0.03869981253756148,0.012094092824825823,0.03869981253756148,0.025311539533037556,0.022958504924396123,0.018155018806306097,0.02910630689513173,0.026552438919840167,0.013647384025372921,0.006915344001760181,0.047236940670479725,-0.19999999999999998
chaosnli_snli,gemma,50,LP-temp,4,256,1.0569420467132884,0.19696476807072488,0.39400176059963926,0.44479480198828264,0.5010989010989011,0.5010989010989011,0.9842847430844853,,0.02692891044013971,,0.02692891044013971,,0.042764032721428084,,0.0359261607195264,,0.04495439627333085,,0.03739991908677418,,0.7999999999999999
chaosnli_snli,gemma,50,GPP-cosine,4,1024,2.0474914927541645,0.3078412346163558,0.4691461353984893,0.31091476933000006,0.45054945054945056,0.45054945054945056,0.4580542743206024,0.012600001879036427,0.07456142632413354,0.018331954397786118,0.07456142632413354,0.018331954397786128,0.061603238497828255,0.032273172559890775,0.07576817090924944,0.024763613512513563,0.06544850454855249,0.03419139553319106,0.0871340478498914,0.02657957753811583,0.6000000000000001
chaosnli_snli,gemma,50,GPP-rbf,4,1024,1.165067085459562,0.2080178061788226,0.3967236401994232,0.31401032987115296,0.5054945054945055,0.5054945054945055,0.5380329489707947,0.2402048259973526,0.04665385375283391,0.014036415364981583,0.046653853752833915,0.014036415364981587,0.04547320967168186,0.01321207273435643,0.04509755403726191,0.017949059591163316,0.04328249073485483,0.015472628226011483,0.04442164025647316,0.00926436844611885,0.0
chaosnli_snli,gemma,50,GPP-laplace,4,1024,1.056341027608199,0.18851505786092285,0.3844967142279659,0.3885573544032721,0.5252747252747253,0.5252747252747253,0.6086413860321045,0.31853678822517395,0.04983160377804002,0.026462825971505226,0.04983160377804001,0.026462825971505233,0.04150622934106969,0.02090570898808366,0.043808206978975126,0.02815527203014976,0.03995953242037127,0.02716101278421694,0.03663257141899126,0.011989726009149618,0.7999999999999999
chaosnli_snli,gemma,50,LPE,4,1024,1.2880185456129076,0.1975945114814552,0.37130160169532345,0.2828598212516583,0.5384615384615384,0.5384615384615384,0.21560879051685333,0.4419119656085968,0.027993130153351652,0.04761217818862519,0.027993130153351645,0.047612178188625176,0.05279129085822972,0.049632486499919685,0.026471069590623057,0.03807060210757195,0.05000804636531063,0.04036572725124909,0.02875253821470035,0.04940754448765482,0.39999999999999997
chaosnli_snli,gemma,50,LP-temp,4,1024,1.027304670509245,0.19380278414011182,0.40632047733702364,0.5242554624973886,0.5384615384615384,0.5384615384615384,1.0734913330038904,,0.02044053390155282,,0.020440533901552822,,0.01567311388138392,,0.008953008384803444,,0.011982138158602683,,0.023172195821120577,,0.39999999999999997
chaosnli_snli,gemma,62,GPP-cosine,0,64,1.670969875180029,0.3161307343582186,0.504214357156105,0.3131774064061815,0.35604395604395606,0.35604395604395606,0.5379095673561096,0.17846770584583282,-0.01942368209498528,-0.024037619226624826,-0.01942368209498528,-0.02403761922662482,-0.02085260230723363,-0.02774402735210431,-0.01878759777193823,-0.028037127310598105,-0.017985086759195804,-0.028000925117349636,-0.03021111569461804,-0.03226827176562608,0.19999999999999998
chaosnli_snli,gemma,62,GPP-rbf,0,64,1.0953469263585243,0.1950868460888082,0.38861292930586,0.3622293686384761,0.5318681318681319,0.5318681318681319,0.6826727390289307,0.2048787921667099,-0.02229065024416183,0.03270571563038298,-0.022290650244161832,0.03270571563038295,-0.017679561070028015,0.02152642886451718,-0.023241684680842527,0.017249998054245798,-0.014224269176469462,0.012800645729748547,-0.004258653856117449,0.02077138416865757,-0.39999999999999997
chaosnli_snli,gemma,62,GPP-laplace,0,64,1.0384101008382056,0.1953570096739335,0.406626096367836,0.5106257320991152,0.5362637362637362,0.5362637362637362,0.6877906918525696,0.3722687363624573,-0.005297913696865931,0.004722311062173856,-0.005297913696865941,0.004722311062173831,-0.012053837994336243,-0.01716823717498887,-0.019633818154139185,-0.014742606739379813,-0.022207341344335833,-0.031211974103153295,0.030107413880603454,0.007957808651553279,0.19999999999999998
chaosnli_snli,gemma,62,LPE,0,64,1.2688659668880224,0.22097692290510715,0.4052604544216992,0.2933749115379997,0.5164835164835165,0.5164835164835165,0.612498939037323,0.12095662206411362,-0.013464260990105717,-0.03231060143290085,-0.013464260990105718,-0.03231060143290084,-0.001208407635181397,-0.03954156438877198,-0.008398687317540395,-0.030903902719475906,0.0028748810482675975,-0.03198631658691225,-0.017466430287617758,-0.022958231206086796,0.0
chaosnli_snli,gemma,62,LP-temp,0,64,1.0684172968852783,0.20276317535305716,0.41152176266031015,0.4797573122835672,0.4945054945054945,0.4945054945054945,1.0260356612394737,,0.030657921091335853,,0.03065792109133586,,0.04841639629641493,,0.03539967025230055,,0.05256428381759776,,0.025232855331791267,,0.6000000000000001
chaosnli_snli,gemma,62,GPP-cosine,0,256,2.0697377105085386,0.3459486178602739,0.510340762375279,0.31447408624636086,0.37362637362637363,0.37362637362637363,0.4806828796863556,0.07589909434318542,-0.011462189447822372,-0.01908741773599972,-0.011462189447822351,-0.0190874177359997,0.030439931465570457,0.015808984920986827,-0.002758686902649944,-0.010739174829861833,0.03546922702383214,0.02196524337426365,-0.012675126204970842,-0.029198621632110757,-0.39999999999999997
chaosnli_snli,gemma,62,GPP-rbf,0,256,1.0677799230881917,0.19989913884436994,0.4055281970752301,0.46586147949263745,0.5010989010989011,0.5010989010989011,0.6667466759681702,0.33433040976524353,-0.050591901676647746,-0.03982532626100467,-0.050591901676647746,-0.03982532626100469,-0.0440609807786788,-0.04532922841664667,-0.044359338996681284,-0.03947858529127067,-0.041508687910106284,-0.04836902450129456,-0.05883810337158943,-0.043293978577418964,-0.7999999999999999
chaosnli_snli,gemma,62,GPP-laplace,0,256,1.037987722022967,0.1940015741191526,0.4029340656249078,0.4972467620685716,0.5274725274725275,0.5274725274725275,0.681323230266571,0.36482006311416626,0.006079721626817039,-0.001098699866990422,0.006079721626817039,-0.0010986998669904567,0.0005017138405126673,-0.015657989664018677,0.00044920881857170303,-0.006592721697744121,-0.005012016606499706,-0.022718106736730397,0.026617159890860675,0.0015732355052409473,0.39999999999999997
chaosnli_snli,gemma,62,LPE,0,256,1.3414329387368042,0.24523412914196815,0.43328289209609494,0.33541029544641554,0.45714285714285713,0.45714285714285713,0.4844498038291931,0.3059157729148865,-0.08619753244034503,-0.044386995639981025,-0.086197532440345,-0.04438699563998101,-0.06430416260998673,-0.016554286263468478,-0.08011742454017579,-0.0409593318522076,-0.05992849500420291,-0.013717371189987962,-0.0813955410802685,-0.04247990659762387,-0.7999999999999999
chaosnli_snli,gemma,62,LP-temp,0,256,1.092124619053351,0.21997626770391346,0.44048679472190616,0.5465033026143472,0.4065934065934066,0.4065934065934066,1.096244317856339,,-0.04537126058724188,,-0.04537126058724186,,-0.027200317680053387,,-0.042812383745438456,,-0.02452835335662179,,-0.059388334495335135,,-0.39999999999999997
chaosnli_snli,gemma,62,GPP-cosine,0,1024,1.3931354408648728,0.2258933619808052,0.40048845765293134,0.28883417733763633,0.5230769230769231,0.5230769230769231,0.5869446396827698,0.020472843199968338,0.008416094008013488,0.024559091749795925,0.008416094008013488,0.02455909174979593,0.0025867397765446005,0.024782702197760322,0.0027147492816222557,0.019193658838105712,-0.0003146250644131682,0.0183880573736678,0.014381747213004508,0.03462869831361411,0.0
chaosnli_snli,gemma,62,GPP-rbf,0,1024,1.2009658903768312,0.2182312509126657,0.40888827318673604,0.3174848438855415,0.4967032967032967,0.4967032967032967,0.5380397439002991,0.24355050921440125,0.050989934422672564,0.035157874714509124,0.050989934422672564,0.03515787471450911,0.053185797748997725,0.041275806007263195,0.05371248484966949,0.04381284141515117,0.051973761381232345,0.04459799237204791,0.04276183794211315,0.030677009470848195,0.0
chaosnli_snli,gemma,62,GPP-laplace,0,1024,1.0742963256234186,0.19357773913902418,0.3900544090994767,0.38204068755190673,0.5142857142857142,0.5142857142857142,0.6036360263824463,0.3159331977367401,0.06899781786415612,0.05397486965690062,0.06899781786415612,0.05397486965690061,0.05554971079102919,0.045769872203983486,0.06056585022200775,0.05421606365021127,0.05158621470663965,0.049638590475973424,0.051558019451495386,0.03846311747603552,0.7999999999999999
chaosnli_snli,gemma,62,LPE,0,1024,1.3701578025975232,0.2147814301737219,0.39253515976778547,0.2968147099798269,0.5076923076923077,0.5076923076923077,0.22328504920005798,0.46933767199516296,-0.01723847021133511,0.02369517921898795,-0.017238470211335104,0.023695179218987946,-0.006056794038736421,0.030554416306100327,-0.00950916859047754,0.02564884357567049,0.004871968151524037,0.029771788332302762,-0.010301386586264717,0.02906580941944466,-0.39999999999999997
chaosnli_snli,gemma,62,LP-temp,0,1024,1.048600289101441,0.20172775637237106,0.4166720313325506,0.5276506391161535,0.5296703296703297,0.5296703296703297,1.0772461755785128,,0.03186997642576586,,0.03186997642576585,,0.01600744422732296,,0.0227516072834459,,0.010271577315888042,,-0.014042168361338805,,0.39999999999999997
chaosnli_snli,gemma,62,GPP-cosine,1,16,1.3069876129662703,0.2625601301044477,0.46926277678582695,0.409196841490401,0.38461538461538464,0.38461538461538464,0.6300939321517944,0.29215896129608154,-0.012213980507682153,-0.028048928370223818,-0.012213980507682125,-0.028048928370223793,-0.01568045444564823,-0.032770392516238984,-0.011942823047125864,-0.03384052253124323,-0.01678850145106796,-0.03779725559859588,-0.021438502779330033,-0.06422371821882854,-0.6000000000000001
chaosnli_snli,gemma,62,GPP-rbf,1,16,1.2526741280902727,0.2109402086483628,0.3848737952002621,0.229933602853693,0.5362637362637362,0.5362637362637362,0.5039495229721069,0.19123369455337524,0.033456496650839454,0.04576210916395021,0.03345649665083943,0.04576210916395023,0.029293163977148404,0.03478083612922912,0.02911040617041495,0.03554366610519466,0.026424694352948946,0.027872206783664324,0.023666754103681544,0.022699358864468073,0.39999999999999997
chaosnli_snli,gemma,62,GPP-laplace,1,16,1.0579224036977606,0.2048316413948891,0.42077380605451353,0.5322916950389647,0.5340659340659341,0.5340659340659341,0.7003847360610962,0.3815883696079254,0.04552977720170566,0.039440024003895825,0.045529777201705667,0.039440024003895825,0.055308961012514875,0.03873860884327385,0.048919828999464954,0.03937589508926498,0.05544284870076738,0.03647217534961511,0.04322123443024166,0.00934431056933034,1.0
chaosnli_snli,gemma,62,LPE,1,16,6.349111327252067,0.2956488262850774,0.4479597960926265,0.32564804546085807,0.5362637362637362,0.5362637362637362,0.2268504500389099,0.038453083485364914,-0.014551991368996885,-0.009273248924133864,-0.014551991368996882,-0.009273248924133849,-0.01728841432235028,0.01164054794732349,-0.007661787669801287,0.0019811306517771472,-0.011386299496497429,0.01558529214321459,0.0016802496622093167,0.050007842949125005,-0.39999999999999997
chaosnli_snli,gemma,62,LP-temp,1,16,6.064210086795572,0.24377941481346815,0.3932193586181611,0.19492027632368525,0.5296703296703297,0.5296703296703297,0.5747369138862364,,-0.022325636908052622,,-0.0223256369080526,,-0.023104596130728988,,-0.013923756025305323,,-0.016864446501505113,,-0.001498070799751259,,-0.39999999999999997
chaosnli_snli,gemma,62,GPP-cosine,1,64,1.5606714763991185,0.2891676873297646,0.4770413279181622,0.3331577615702886,0.3956043956043956,0.3956043956043956,0.5491539835929871,0.18519289791584015,-0.03023878021881797,-0.027872959766982085,-0.03023878021881796,-0.027872959766982085,-6.0908370336135165e-05,-0.0004937434311046256,-0.030216833999319275,-0.03151754714247458,-0.007192247138247711,-0.011014058877546168,-0.031721480382640076,-0.03056152335978649,-0.39999999999999997
chaosnli_snli,gemma,62,GPP-rbf,1,64,1.1504291435303298,0.20006275314079178,0.38146926744400966,0.29249913324254373,0.5362637362637362,0.5362637362637362,0.6060107946395874,0.1838521808385849,0.02962109813297425,0.03747404768848648,0.029621098132974245,0.037474047688486486,0.03428881622520717,0.03541884930259772,0.029194884953035648,0.02963165191320461,0.028972880476263514,0.025498492071990515,0.032584090926488674,0.022719806212317388,-0.19999999999999998
chaosnli_snli,gemma,62,GPP-laplace,1,64,1.0373771859824295,0.19165068335248336,0.397297721810557,0.4821499740418915,0.5384615384615384,0.5384615384615384,0.6690311431884766,0.36187469959259033,0.057370605444268384,0.04474930793610674,0.05737060544426836,0.044749307936106736,0.06588944413325788,0.04997224866111318,0.055117272647710575,0.04238774177882609,0.06131958810855487,0.04503065873749198,0.04662810655601325,0.03693574518092388,1.0
chaosnli_snli,gemma,62,LPE,1,64,1.4199944026210731,0.23392473525439075,0.40289477639662735,0.2526632509098716,0.5318681318681319,0.5318681318681319,0.4795468747615814,0.0908595472574234,0.014733938756795927,0.039595708491383864,0.014733938756795899,0.03959570849138387,0.00928143849150588,0.03820025334954194,0.01246691672140949,0.0506004404661943,0.004690980542575038,0.04762505152281732,0.014842863571512856,0.0245479647271937,-0.19999999999999998
chaosnli_snli,gemma,62,LP-temp,1,64,1.0652005635415018,0.19449507223709137,0.3931982229546743,0.424385998993952,0.5208791208791209,0.5208791208791209,0.965100080380211,,-0.029968840388702934,,-0.02996884038870292,,-0.03302099527165082,,-0.03359162506630677,,-0.040408046792322794,,-0.005100180063087169,,-0.19999999999999998
chaosnli_snli,gemma,62,GPP-cosine,1,256,1.9493531197708023,0.31393944242094396,0.48088847377767996,0.29320903910014073,0.45494505494505494,0.45494505494505494,0.47983473539352417,0.07541069388389587,0.09576189363761509,0.067384853600985,0.09576189363761506,0.067384853600985,0.07661396007506113,0.05500193521086111,0.08911364039356476,0.060016643662863745,0.06554538004520391,0.042197410734374094,0.08354493316275878,0.05426745228878682,0.7999999999999999
chaosnli_snli,gemma,62,GPP-rbf,1,256,1.1617133188651514,0.20486574361648718,0.39319822090155965,0.3221078589553938,0.5340659340659341,0.5340659340659341,0.65035480260849,0.15787172317504883,0.03870415212994457,0.04894394794575062,0.03870415212994456,0.04894394794575062,0.0436275502032903,0.04139650262917611,0.03604067879889899,0.040831105106044464,0.03999260984133068,0.031447925872602235,0.032375859212721056,0.0533437544970021,0.6000000000000001
chaosnli_snli,gemma,62,GPP-laplace,1,256,1.0526540942925862,0.19070428987673618,0.3899297964032535,0.4257232966911819,0.5230769230769231,0.5230769230769231,0.6322751045227051,0.3379320204257965,0.007892008547277708,0.0071359377868607295,0.007892008547277708,0.007135937786860726,-0.006952973203271739,-0.011927943275074935,-0.003399520810439592,-0.0006459723106054388,-0.01600219515740449,-0.020539534857431402,0.0009131237738937962,-0.0012853801627766245,0.19999999999999998
chaosnli_snli,gemma,62,LPE,1,256,1.3125099468180064,0.22532266026810088,0.40790141291454546,0.2988637666773027,0.5054945054945055,0.5054945054945055,0.4562327265739441,0.26386308670043945,0.03582085081418654,0.06486245245985951,0.03582085081418655,0.0648624524598595,0.04374510922043309,0.05383629952774144,0.03528236883147488,0.0541537630648374,0.037369229997745786,0.04608103794555418,0.04147824134861934,0.05937412963997564,0.7999999999999999
chaosnli_snli,gemma,62,LP-temp,1,256,1.0662676641207542,0.2061066219952877,0.41847913217161137,0.5066218857485992,0.4857142857142857,0.4857142857142857,1.0544173901178135,,0.02538153993182223,,0.025381539931822232,,0.028799729910482297,,0.02565233660665374,,0.0283169134665138,,0.06913388445439389,,0.39999999999999997
chaosnli_snli,gemma,62,GPP-cosine,1,1024,1.390520623654686,0.22624308324745382,0.4007080220257174,0.2873036697261943,0.5252747252747253,0.5252747252747253,0.5925278067588806,0.020514359697699547,0.001966970987971578,-0.0010751005029115135,0.0019669709879716057,-0.0010751005029115135,-3.0046682893497545e-05,0.0050874216943774045,-0.0022986980601967105,-0.0020807995366345783,-0.0016135026492427942,0.0030319651586553364,-0.00313111957486917,0.016285452626788252,0.0
chaosnli_snli,gemma,62,GPP-rbf,1,1024,1.191237734779123,0.21567181100285607,0.4048507680502403,0.31901071068215675,0.5010989010989011,0.5010989010989011,0.5396466255187988,0.2447834014892578,0.047590267187145256,0.029378625361812887,0.047590267187145256,0.029378625361812887,0.05615288111239615,0.040849225588608054,0.05419337023835946,0.0412280032683836,0.05810858078401426,0.04688754070724798,0.04537833407998979,0.027300967614107965,0.0
chaosnli_snli,gemma,62,GPP-laplace,1,1024,1.0698820936214237,0.19216949054775478,0.3877290814173418,0.3823503970217154,0.5208791208791209,0.5208791208791209,0.6042637825012207,0.3163014054298401,0.078058715450469,0.05984708728818753,0.07805871545046901,0.05984708728818753,0.0688552644364128,0.056564961086297716,0.07013164287697154,0.06089519954563531,0.06509677011872801,0.060756430782934634,0.06684843151518668,0.052006587126121134,0.7999999999999999
chaosnli_snli,gemma,62,LPE,1,1024,1.4062945817554457,0.21519489142833925,0.3917662349431285,0.29733481611094154,0.5252747252747253,0.5252747252747253,0.222146674990654,0.4647669792175293,-0.05776085608865746,0.026720070614816464,-0.057760856088657456,0.026720070614816464,-0.03524484325790869,0.03557684854164953,-0.050492766165373855,0.027247227870753718,-0.026901114504048394,0.03289650294580068,-0.05230781923820651,0.036515013926890494,-0.39999999999999997
chaosnli_snli,gemma,62,LP-temp,1,1024,1.0564869948067737,0.20536652713540512,0.42196708913954684,0.5353112158916137,0.5406593406593406,0.5406593406593406,1.0849782279318847,,0.03872921520265393,,0.03872921520265393,,0.03174243426691623,,0.0326433232578643,,0.0254752692705847,,0.010994812843858568,,0.39999999999999997
chaosnli_snli,gemma,62,GPP-cosine,2,16,1.2914587524358359,0.2544135749787947,0.45111245820145274,0.39703533706960215,0.4153846153846154,0.4153846153846154,0.618877112865448,0.28618869185447693,0.022546268369634827,0.002534845988783268,0.02254626836963479,0.00253484598878324,0.050545018798374294,0.027207970749570473,0.03898342381981743,0.016162580930976285,0.06184884607961951,0.0362530193118574,0.05861381953427656,0.04001558713891237,0.0
chaosnli_snli,gemma,62,GPP-rbf,2,16,1.2561816543444786,0.22339846713621977,0.4023382993353592,0.24410009268580787,0.5340659340659341,0.5340659340659341,0.5134789943695068,0.19319899380207062,0.0012349184959766744,0.019535858787847346,0.001234918495976678,0.019535858787847325,0.012927308090997656,0.026087036394229057,0.0007918618775700839,0.016374441858019607,0.00505253871101299,0.018298549330041873,0.0011982400635309521,0.0009774596658807325,0.19999999999999998
chaosnli_snli,gemma,62,GPP-laplace,2,16,1.0647473110453853,0.20816180049906916,0.4245392278491796,0.5365548181573303,0.5318681318681319,0.5318681318681319,0.7030137777328491,0.3832409679889679,0.0014874685883415617,-0.0028487705940351757,0.0014874685883415478,-0.002848770594035181,0.020765622431024387,-0.009268973628823405,0.006152780533060134,-0.007675511804404528,0.020108315431518056,-0.016576476985907702,0.03010225426946391,-0.00890058401132935,0.39999999999999997
chaosnli_snli,gemma,62,LPE,2,16,1.8306477034922701,0.29162537434406627,0.44995351516447224,0.2841098210108846,0.5340659340659341,0.5340659340659341,0.2955285906791687,0.04519866034388542,-0.021368295639330293,-0.018571309353040452,-0.021368295639330293,-0.01857130935304043,0.01317016753311879,-0.017402617259073237,-0.010545760493549572,-0.02122112566168688,0.011018071933621093,-0.021019131846709935,-0.05570914955942081,-0.06836994351122624,-0.39999999999999997
chaosnli_snli,gemma,62,LP-temp,2,16,1.1066876859736585,0.20099367578652988,0.3939959363496616,0.3664082283570138,0.5340659340659341,0.5340659340659341,0.9032930362229347,,-0.03815140868136407,,-0.038151408681364046,,-0.0024058938986326354,,-0.022930968063764982,,-0.00034957936888876245,,-0.04639853570975491,,-0.7999999999999999
chaosnli_snli,gemma,62,GPP-cosine,2,64,1.6653183388697468,0.3181877216048301,0.5077056330771333,0.3235393265299633,0.367032967032967,0.367032967032967,0.5338336229324341,0.1760891079902649,-0.0338656443002627,-0.04044783276587298,-0.03386564430026269,-0.040447832765872965,0.0028417927930871577,-0.007498844901102586,-0.02183057729697357,-0.03222542939069918,0.007021415142945013,-0.004628926338583077,-0.02701546913105306,-0.03998609454684311,-0.39999999999999997
chaosnli_snli,gemma,62,GPP-rbf,2,64,1.0844103467810131,0.1960368670690465,0.3904010994298445,0.38442290598207396,0.5230769230769231,0.5230769230769231,0.6962387561798096,0.22023510932922363,-0.0027478444567498976,0.039296722272783434,-0.002747844456749894,0.03929672227278342,0.030884581139474652,0.059768329860608385,0.01730691603253674,0.04703959575148501,0.038541700379070454,0.05843174599364516,-0.0046193807435649945,0.03878587981732048,-0.39999999999999997
chaosnli_snli,gemma,62,GPP-laplace,2,64,1.0543167306776557,0.2026039860228017,0.4162259165238548,0.5237317872290017,0.5296703296703297,0.5296703296703297,0.6957745552062988,0.37713971734046936,-6.298452191733084e-05,-0.006668815033147941,-6.298452191731696e-05,-0.006668815033147953,0.019425786936869967,0.0003754664281223879,0.010103504671576224,-0.0003245753530786294,0.024208282021675118,0.001426609892716738,0.04985547517325099,0.02022994349351999,0.39999999999999997
chaosnli_snli,gemma,62,LPE,2,64,1.2592070170523175,0.22100716468053297,0.40432998400288994,0.2972046113856258,0.5186813186813187,0.5186813186813187,0.5986552834510803,0.11556044965982437,-0.023831515445804186,0.004540086568761252,-0.023831515445804165,0.004540086568761259,0.005075040328259468,-0.0019960170800609554,-0.009893325884140963,0.0018487361501236125,0.007850945607262471,-0.0035261305600939093,-0.01930713748637667,0.004530711870648346,-0.19999999999999998
chaosnli_snli,gemma,62,LP-temp,2,64,1.0532416684712687,0.2013040290712622,0.41226975780096575,0.509795084128572,0.4747252747252747,0.4747252747252747,1.0588387820401575,,0.007926902688555889,,0.007926902688555896,,0.024649893717811247,,0.021325670580733654,,0.029351698163348504,,-0.009165507748729021,,-0.39999999999999997
chaosnli_snli,gemma,62,GPP-cosine,2,256,1.983745730203614,0.33429443723749264,0.5078404314426013,0.3043934782362962,0.4021978021978022,0.4021978021978022,0.4692564010620117,0.07364889234304428,0.04124418029813297,0.04293690203031174,0.04124418029813294,0.042936902030311724,0.008595711626855362,0.004256014747611168,0.035816101408112186,0.03896051212001611,0.008032161615179525,0.003857429425346644,0.03340663486037711,0.035210715189935536,0.7999999999999999
chaosnli_snli,gemma,62,GPP-rbf,2,256,1.177556125887639,0.21527411143222672,0.4087227183583469,0.3588864064670115,0.4879120879120879,0.4879120879120879,0.668289303779602,0.1631750464439392,-0.05844657924049339,-0.0018162790986588004,-0.05844657924049338,-0.0018162790986588004,-0.05596230558731548,-0.016289496878015435,-0.050562522504983984,0.00010943787969970066,-0.04721608278814428,-0.014124500495086914,-0.047340769882300224,-0.01777626175160237,-0.39999999999999997
chaosnli_snli,gemma,62,GPP-laplace,2,256,1.0419632121035887,0.19256717261120254,0.39777752011195644,0.4746687555227466,0.5296703296703297,0.5296703296703297,0.6659101843833923,0.35640034079551697,0.027626468325233192,0.03366336079762331,0.027626468325233203,0.03366336079762329,0.01639114284848867,0.011621964090712375,0.030019937925119946,0.035446239918037574,0.015473329643106444,0.00931690759964433,0.02281637374920075,0.021794770743570564,0.6000000000000001
chaosnli_snli,gemma,62,LPE,2,256,1.3653709235384364,0.24194554894722123,0.42797654532833196,0.3273310478581118,0.4725274725274725,0.4725274725274725,0.4581376314163208,0.2557460367679596,-0.05287002730412378,0.003994757371476242,-0.05287002730412376,0.003994757371476261,-0.040177477068594286,0.006883657180235096,-0.03950202786134019,0.005967296977700922,-0.029413726011180464,0.01147364530299319,-0.040549001752277325,0.012051705041727132,0.0
chaosnli_snli,gemma,62,LP-temp,2,256,1.0771373460810862,0.20908718845758753,0.4194097041387221,0.49475640179107633,0.46593406593406594,0.46593406593406594,1.0428694626995456,,0.01858384424148756,,0.01858384424148757,,0.003681968275094905,,0.011915330997660012,,0.00452086029744122,,-0.02241602614411372,,0.6000000000000001
chaosnli_snli,gemma,62,GPP-cosine,2,1024,1.398737092089955,0.22770911692877507,0.4027305707623417,0.29073652736643185,0.5252747252747253,0.5252747252747253,0.5867819786071777,0.02046004869043827,0.020652369223207484,0.034513495700948596,0.020652369223207505,0.0345134957009486,0.013731960530754088,0.03437843230666269,0.011410908597412384,0.027089004718119876,0.0100356543244161,0.02869119267774488,0.02118313387737397,0.03970371731003313,0.0
chaosnli_snli,gemma,62,GPP-rbf,2,1024,1.1976933106424095,0.21707066175504386,0.4069010929644599,0.31668853159248433,0.4967032967032967,0.4967032967032967,0.536753237247467,0.2427980750799179,0.04738283863675502,0.02851297922355399,0.04738283863675502,0.02851297922355396,0.05861692810465774,0.042095520543644585,0.050101312657014896,0.037525462332620066,0.05792020229090368,0.04604324172747276,0.044643758331085484,0.02520234355727469,0.0
chaosnli_snli,gemma,62,GPP-laplace,2,1024,1.0712719114111717,0.19262426015497683,0.3884636090556671,0.3823107020266437,0.5208791208791209,0.5208791208791209,0.6040070056915283,0.3160005211830139,0.0630166482701674,0.04752055019604074,0.06301664827016738,0.047520550196040734,0.05189015152124083,0.04335874159142551,0.05249567033616299,0.0466117138086459,0.04750806354441016,0.04699326951799422,0.04372012423820371,0.0332612739638284,0.7999999999999999
chaosnli_snli,gemma,62,LPE,2,1024,1.3851701125278901,0.21695736005766322,0.3939237213085077,0.2928259302328177,0.5274725274725275,0.5274725274725275,0.2133205085992813,0.4562256634235382,-0.010796017131660039,0.022389541314769966,-0.010796017131660028,0.022389541314769994,0.01114382091217712,0.04795639260610089,-0.008138806496009766,0.03001864381847861,0.013493311268900323,0.05251390949695033,-0.012474602058461065,0.036022239213612334,-0.39999999999999997
chaosnli_snli,gemma,62,LP-temp,2,1024,1.047660029240439,0.20162953837143355,0.41639368176748504,0.5285669253527503,0.5296703296703297,0.5296703296703297,1.0781580987701298,,0.021060013969285064,,0.021060013969285054,,0.01610246115059797,,0.015705296924469203,,0.012696834900742672,,-0.006417982967469092,,0.39999999999999997
chaosnli_snli,gemma,62,GPP-cosine,3,16,1.3745598462185007,0.28577089063395533,0.48832370356380284,0.38743756227869325,0.34725274725274724,0.34725274725274724,0.6030029058456421,0.279638409614563,-0.06527991101692306,-0.04728952501279817,-0.06527991101692307,-0.04728952501279818,-0.08966868534777918,-0.06455385804877764,-0.0712273987931986,-0.051227070281447476,-0.09258876023983124,-0.06686754526746494,-0.0886003965959699,-0.06900381129455496,-0.6000000000000001
chaosnli_snli,gemma,62,GPP-rbf,3,16,1.239212495677925,0.26389971415752245,0.48501804909453944,0.4726182628229391,0.2857142857142857,0.2857142857142857,0.7391367554664612,0.2797413170337677,0.03938527073669613,0.050136911512846674,0.03938527073669612,0.05013691151284666,0.016471603916698763,0.029704543857544854,0.030590936157016618,0.0385367213171028,0.007123049280350381,0.01796717131060138,0.04134046062152256,0.034770300974888334,0.19999999999999998
chaosnli_snli,gemma,62,GPP-laplace,3,16,1.1127892797666685,0.22762107024162254,0.45049557980600297,0.5459768112579427,0.27912087912087913,0.27912087912087913,0.7091894149780273,0.3865182399749756,-0.009746768045996413,-0.02823795477336581,-0.009746768045996411,-0.02823795477336582,-0.009564005224886922,-0.05441460499795003,-0.004523791785416363,-0.03393380176870313,-0.008931237932277944,-0.060331459905303614,0.028529910548864366,-0.0030084355835874907,0.0
chaosnli_snli,gemma,62,LPE,3,16,1.364940930322574,0.2935302364709945,0.5080237123460233,0.37744270266522767,0.27692307692307694,0.27692307692307694,0.7535080909729004,0.1591416299343109,0.04030595001362645,0.04421734659984637,0.040305950013626454,0.04421734659984635,0.02087780601722635,0.0428435322890936,0.027065926278680603,0.03755428278525208,0.008532388237403198,0.04293602871293721,0.019538109708500073,0.06609850433066965,0.39999999999999997
chaosnli_snli,gemma,62,LP-temp,3,16,1.3140832595582626,0.2814737538612991,0.4979533032662502,0.41926906465744457,0.27692307692307694,0.27692307692307694,0.9592640515425015,,0.03988600092509011,,0.0398860009250901,,0.015426656343785095,,0.027310010529225763,,0.0052346062611877235,,0.01777626175160237,,0.39999999999999997
chaosnli_snli,gemma,62,GPP-cosine,3,64,1.6785537221409272,0.30754373250607503,0.49523144687132864,0.3336721503448626,0.38461538461538464,0.38461538461538464,0.5241839289665222,0.17646774649620056,-0.012931910693332264,-0.018880710571325416,-0.01293191069333224,-0.018880710571325402,-0.03496939464153806,-0.03964327944379889,-0.025209654928081943,-0.0306444366294545,-0.04309248616679055,-0.046374220962280555,-0.02003254059325512,-0.03277709860244949,-1.0
chaosnli_snli,gemma,62,GPP-rbf,3,64,1.102564383570303,0.20140489032265393,0.398312782987461,0.38229502806930515,0.4945054945054945,0.4945054945054945,0.6988592743873596,0.2162550538778305,-0.010254138464458079,0.04430403909240534,-0.010254138464458072,0.04430403909240532,-0.009812606003751839,0.03517913785153999,-0.0070791019072849164,0.03643725967220338,-0.00794117275024101,0.02792057350331322,-0.008726558608449834,0.027542259058510453,-0.39999999999999997
chaosnli_snli,gemma,62,GPP-laplace,3,64,1.046861524652184,0.19990256984321111,0.41419970186857075,0.5207461932112707,0.5318681318681319,0.5318681318681319,0.6940234303474426,0.37630754709243774,0.00690102999417137,0.012334276961776731,0.006901029994171366,0.012334276961776726,-0.006130875824872935,-0.017542479407717252,5.975926013814317e-05,-0.0004457913987492507,-0.014478828193223114,-0.029254705399855252,0.036151038395392125,0.014090069936362741,0.39999999999999997
chaosnli_snli,gemma,62,LPE,3,64,1.3009626654081254,0.23068145866991396,0.4163165522659975,0.28700038476809936,0.4857142857142857,0.4857142857142857,0.594608724117279,0.12780879437923431,-0.004616368965687529,0.0074498772796206154,-0.004616368965687536,0.007449877279620621,-0.0009935140141647918,0.011801438859845418,-7.084611494828467e-05,0.003564417764954234,0.0021083662076915415,0.009928540019929169,-0.0027069485800760907,0.008860835895883956,-0.19999999999999998
chaosnli_snli,gemma,62,LP-temp,3,64,1.0900569318684417,0.21922157643590442,0.4402400320917339,0.5481920534829963,0.45054945054945056,0.45054945054945056,1.097933068724988,,0.034452975836752116,,0.03445297583675211,,0.050260347811208,,0.03957422804843719,,0.05005475725789962,,0.015014341018274077,,0.39999999999999997
chaosnli_snli,gemma,62,GPP-cosine,3,256,1.834792898780649,0.3043667595673399,0.48305019902004237,0.3261106826075519,0.4175824175824176,0.4175824175824176,0.4975517988204956,0.07888679951429367,-0.06356417195658814,-0.04972278733911863,-0.06356417195658812,-0.04972278733911861,-0.07981023983945673,-0.05944977708868784,-0.07424756398732626,-0.056557415762466486,-0.08635040219228572,-0.06301396395001874,-0.0682570690551858,-0.051390555035620476,-0.7999999999999999
chaosnli_snli,gemma,62,GPP-rbf,3,256,1.2027324167300908,0.21102642395299417,0.3953247002029157,0.305427527233667,0.5142857142857142,0.5142857142857142,0.5982276797294617,0.14896246790885925,0.013244466983701138,0.04072289007804768,0.013244466983701145,0.04072289007804767,0.030544506377580667,0.052011828250389476,0.02159903174621785,0.04322531425716117,0.03618886118952701,0.05291169579537444,0.04695500932599043,0.05347236258207301,0.0
chaosnli_snli,gemma,62,GPP-laplace,3,256,1.057903068509337,0.18975543281868948,0.3859062502058325,0.4055278233270927,0.5362637362637362,0.5362637362637362,0.6149970889091492,0.3289940655231476,0.002274400484404651,-0.013224297089835094,0.002274400484404651,-0.01322429708983508,0.019905263112134017,0.008531763935678213,0.006582352045133723,-0.00449873359000872,0.026813301590924717,0.019728392302022904,0.029700186793997035,0.020339824101121437,0.39999999999999997
chaosnli_snli,gemma,62,LPE,3,256,1.388431537831475,0.23282260885213335,0.4096719961380826,0.2983667017867678,0.5098901098901099,0.5098901098901099,0.39514055848121643,0.2506240904331207,0.03091267306558157,0.04576714906349606,0.03091267306558158,0.04576714906349606,0.04418793303396404,0.05811755924412705,0.039391537933799715,0.04665379483580473,0.04874464341786417,0.05687052206420136,0.040787936337270396,0.07259738490489459,0.0
chaosnli_snli,gemma,62,LP-temp,3,256,1.0602837431484085,0.20341501404020812,0.4162277581918707,0.5009059586047868,0.4593406593406593,0.4593406593406593,1.0484916551575585,,0.006693460969343909,,0.0066934609693439125,,-0.006390238791550096,,0.005942042289085072,,-0.006648342856593284,,0.04740606125783152,,-0.39999999999999997
chaosnli_snli,gemma,62,GPP-cosine,3,1024,1.3790921948245016,0.22407104014642765,0.3978061141070424,0.2910080734065921,0.5494505494505495,0.5494505494505495,0.5952407121658325,0.020506907254457474,-0.001503305753050875,-0.0022851680984764394,-0.0015033057530508542,-0.0022851680984764533,-0.014478965637885123,-0.012300172379214276,-0.009715064103462137,-0.008950807338224051,-0.01775702007134359,-0.016571651325525683,-0.0055902157235381625,0.013685518203680531,0.0
chaosnli_snli,gemma,62,GPP-rbf,3,1024,1.193055262969421,0.2165381778432557,0.40698640613028636,0.31937497465241005,0.4967032967032967,0.4967032967032967,0.5405274033546448,0.24428881704807281,0.03502927558042076,0.013848398396817476,0.03502927558042076,0.013848398396817473,0.03395141602872132,0.01805068889291838,0.03450999714571293,0.0204929835934193,0.030918788808260683,0.020525865691446238,0.030508844367040756,0.012157254123927482,0.0
chaosnli_snli,gemma,62,GPP-laplace,3,1024,1.06906146379271,0.19249644870005667,0.38920356203075296,0.38765994080439403,0.5164835164835165,0.5164835164835165,0.6080400347709656,0.3181030750274658,0.06217687899498566,0.041528976180813956,0.062176878994985654,0.04152897618081395,0.04324800464762221,0.03027694315770683,0.049860307004427305,0.03920743728577261,0.03758042205934889,0.033093702704178815,0.048708321629891846,0.028330787778219648,0.7999999999999999
chaosnli_snli,gemma,62,LPE,3,1024,1.3784934797949118,0.21260813289329333,0.39142674119766185,0.28720315659198553,0.5362637362637362,0.5362637362637362,0.22689880430698395,0.4656713604927063,-0.0349929150125098,0.04372524084638203,-0.034992915012509784,0.04372524084638203,-0.022962916613774288,0.04907868597803499,-0.03531949039583554,0.046717183832019456,-0.018536301311533526,0.04867372237542256,-0.03401139224505431,0.054115403007427586,-0.39999999999999997
chaosnli_snli,gemma,62,LP-temp,3,1024,1.0517679800448658,0.20318411137145365,0.41889531201465496,0.5308654753105082,0.5340659340659341,0.5340659340659341,1.0804435786141409,,0.035030952479919206,,0.035030952479919206,,0.02043962947590597,,0.02452362832269585,,0.013126657874171516,,0.008050203656848557,,0.19999999999999998
chaosnli_snli,gemma,62,GPP-cosine,4,16,1.4537081897929547,0.3003506391684691,0.5036251419843021,0.3443284260380892,0.31648351648351647,0.31648351648351647,0.5813707709312439,0.2696233093738556,-0.01093656767715397,-0.007121700854761624,-0.010936567677153973,-0.007121700854761638,0.00991174991480063,0.0018395158987059516,-0.012419230960525832,-0.0151798181372447,0.0016126089414639656,-0.009526479140868023,-0.010729570611944109,-0.01028176732415385,-0.19999999999999998
chaosnli_snli,gemma,62,GPP-rbf,4,16,1.0710396198282315,0.19202483219397648,0.38705645624425383,0.3867870521718833,0.5340659340659341,0.5340659340659341,0.6740283966064453,0.25256723165512085,0.03689755257907651,0.06353587505896031,0.03689755257907651,0.0635358750589603,0.002538913602596682,0.030244982634050094,0.024854217839914913,0.04508147852284397,-0.00462533765756802,0.017727613906971033,0.03224196411870468,0.037426035636986696,0.39999999999999997
chaosnli_snli,gemma,62,GPP-laplace,4,16,1.071030698414228,0.21152476041025725,0.4302498393661373,0.5441661430168245,0.5318681318681319,0.5318681318681319,0.708008885383606,0.3858961760997772,0.01872697378018076,0.005794205168367074,0.01872697378018076,0.00579420516836706,0.031192557112567167,-0.016299477729849618,0.021705928166241076,-0.004945798580059821,0.03280736842216524,-0.024087194552387708,0.03707174233873785,0.00010281003264753032,0.7999999999999999
chaosnli_snli,gemma,62,LPE,4,16,1.3004461433431476,0.2268783558393844,0.40556219650412,0.22912109810676734,0.5340659340659341,0.5340659340659341,0.5188573002815247,0.11300821602344513,0.036368195748649315,-0.0019147059390662996,0.036368195748649315,-0.0019147059390663065,0.0041059022738656695,-0.02896037848012134,0.0275220195283853,-0.012612725985438725,-0.0001144053722302446,-0.03542733361325887,0.031213226835943277,0.014442261170814001,-0.19999999999999998
chaosnli_snli,gemma,62,LP-temp,4,16,1.056931568581719,0.19469708830290428,0.3987136945534363,0.44928532838652685,0.5208791208791209,0.5208791208791209,0.9959173951283846,,0.043256924499038285,,0.043256924499038264,,0.008321239652759398,,0.032621843196984815,,0.0011430284225907705,,0.040964891889685946,,0.39999999999999997
chaosnli_snli,gemma,62,GPP-cosine,4,64,1.584461779654257,0.2983190984540148,0.48727233704506706,0.33318088316237526,0.3956043956043956,0.3956043956043956,0.5422905683517456,0.17698924243450165,-0.0022314773534951246,-0.009263952892981445,-0.002231477353495121,-0.009263952892981432,0.008898973131747649,0.003559517415203002,5.0674953146964685e-05,-0.0059623063432258615,0.008075705024223813,0.003919232401308797,-0.012453390323776263,-0.014420603543808497,-0.39999999999999997
chaosnli_snli,gemma,62,GPP-rbf,4,64,1.2254982885015775,0.21545339058290305,0.39829027318897153,0.25830626448777916,0.5318681318681319,0.5318681318681319,0.5265892148017883,0.16454768180847168,-0.07551270955437735,-0.015545946691363832,-0.07551270955437735,-0.01554594669136384,-0.04713199868378492,-0.0014568602263210217,-0.06728853415922291,-0.01532459024168183,-0.04674222313807422,-0.005414583158968509,-0.07905912901869538,-0.033711943702251744,-1.0
chaosnli_snli,gemma,62,GPP-laplace,4,64,1.0469336409380574,0.1936693580147359,0.3982425719499588,0.47109506257206235,0.5318681318681319,0.5318681318681319,0.6611703634262085,0.3577520549297333,0.030898243041167606,0.026690885605465592,0.03089824304116756,0.026690885605465585,0.04341833576588473,0.03639286678284337,0.03109185637294317,0.027264269754675385,0.04019249915300502,0.03312698339302146,0.03223100790739602,0.0153688254132318,0.39999999999999997
chaosnli_snli,gemma,62,LPE,4,64,1.5847020202116806,0.2604466005753881,0.4306314998930627,0.2881161608310599,0.5274725274725275,0.5274725274725275,0.35497838258743286,0.07816588878631592,-0.09339397334048126,-0.08286187155761696,-0.09339397334048126,-0.08286187155761696,-0.06955499331875,-0.056478579950921204,-0.0816547842420455,-0.07039496456093272,-0.06750423211717463,-0.05041020229394292,-0.08940262057981492,-0.07881764647758402,-0.39999999999999997
chaosnli_snli,gemma,62,LP-temp,4,64,1.086840482092115,0.19618965680555406,0.3935798359047963,0.3849415593741755,0.5340659340659341,0.5340659340659341,0.9084286038139043,,-0.09098725507075997,,-0.09098725507075997,,-0.06481868989554995,,-0.07774728655886895,,-0.05999310670410922,,-0.09565778915132499,,-1.0
chaosnli_snli,gemma,62,GPP-cosine,4,256,1.7573632234887475,0.30240493362697407,0.4717237943992356,0.2962710892899999,0.4747252747252747,0.4747252747252747,0.5084817409515381,0.07975441962480545,0.05397533863553245,0.07004698191384853,0.053975338635532444,0.07004698191384852,0.0401391028208169,0.05271474983111176,0.050114362664053336,0.06192768871305533,0.03759013887857381,0.04796895033453254,0.048028526937530874,0.0737369582788018,0.39999999999999997
chaosnli_snli,gemma,62,GPP-rbf,4,256,1.1630519555294299,0.20786933127895388,0.39431078058493496,0.33234920873331,0.5186813186813187,0.5186813186813187,0.6511897444725037,0.16331511735916138,0.005422913127016087,0.05489819324047981,0.0054229131270161005,0.05489819324047977,0.01358356765940398,0.06178025565297195,0.010092744556804555,0.053292784713717956,0.017112040959467813,0.05947039698772727,0.003499617728477514,0.04426519575080988,-0.39999999999999997
chaosnli_snli,gemma,62,GPP-laplace,4,256,1.0624426293868279,0.19378303782854583,0.392849861322851,0.4261000311674171,0.5296703296703297,0.5296703296703297,0.6324054598808289,0.3386545777320862,0.07688612882709567,0.0763152009494481,0.07688612882709565,0.07631520094944808,0.05239574801805805,0.05605883668327109,0.06411432185446664,0.06638958934672184,0.04397150762641933,0.049535478378344835,0.04512392066157808,0.033306372787122215,0.7999999999999999
chaosnli_snli,gemma,62,LPE,4,256,1.3086932209974438,0.23093504719925548,0.4106510078184438,0.3100363156100688,0.512087912087912,0.512087912087912,0.46063488721847534,0.26726365089416504,0.013636624804743494,0.055824946704702096,0.013636624804743484,0.05582494670470208,0.022265569340553237,0.053886072941392915,0.02059377113952441,0.056232607880636595,0.026224817548145735,0.05196819258184937,0.016433170382746377,0.045546116990379484,0.0
chaosnli_snli,gemma,62,LP-temp,4,256,1.062446089690877,0.20456261139930704,0.4132685959791954,0.4961692083935372,0.47912087912087914,0.47912087912087914,1.0443615852386734,,0.001221104607823426,,0.0012211046078234276,,0.013637687694345004,,0.00714465116682534,,0.015994574605713782,,0.02862163696912297,,-0.7999999999999999
chaosnli_snli,gemma,62,GPP-cosine,4,1024,1.3993148563977453,0.22709463749633052,0.4007884608589858,0.2923890954650846,0.5274725274725275,0.5274725274725275,0.5861768126487732,0.020436163991689682,-0.007313517487077918,-0.007823698321549173,-0.007313517487077904,-0.007823698321549152,-0.016177136235263942,-0.014866853061995398,-0.015117171310314675,-0.014580826541856037,-0.02107550968941823,-0.0217254646643055,-0.012012402818602441,0.016381765368059784,-0.39999999999999997
chaosnli_snli,gemma,62,GPP-rbf,4,1024,1.199482960298935,0.21759638088726097,0.40692077035718893,0.31692995049214023,0.5010989010989011,0.5010989010989011,0.5359455943107605,0.2424560785293579,0.04652592595124721,0.021893124070997434,0.04652592595124718,0.021893124070997447,0.05320907119316731,0.03048122326115563,0.049775114474265976,0.030839953508324254,0.0522198882596557,0.033780931681187745,0.043954281405474985,0.020687301616753855,0.0
chaosnli_snli,gemma,62,GPP-laplace,4,1024,1.07344092104144,0.19315522749257227,0.3887582968224536,0.3799282916485845,0.5186813186813187,0.5186813186813187,0.6022939682006836,0.31505244970321655,0.0707226739748813,0.050312890081175614,0.07072267397488129,0.050312890081175635,0.06083218960941082,0.04569422547942274,0.06240766699644094,0.05071700340173144,0.05743558561610376,0.04982523390498597,0.062076046006718094,0.04049574946940497,0.7999999999999999
chaosnli_snli,gemma,62,LPE,4,1024,1.3799568780444005,0.21363866806144755,0.39184934469744764,0.2970516862138111,0.5340659340659341,0.5340659340659341,0.21924804151058197,0.4725772440433502,-0.03872560302749085,0.016479968421005905,-0.038725603027490826,0.016479968421005912,-0.037816580551417275,0.02292799655002608,-0.04252417283319347,0.012165281391558647,-0.03590981801273191,0.019502150103725406,-0.04836199069451266,0.01960282779390475,-0.39999999999999997
chaosnli_snli,gemma,62,LP-temp,4,1024,1.0510354959221304,0.20285133947509962,0.4182351966966244,0.5302881207701404,0.5428571428571428,0.5428571428571428,1.079922104926808,,0.02620950624910387,,0.02620950624910388,,0.014764616193631008,,0.015183557904297547,,0.007580795639885098,,0.006956111299652893,,0.19999999999999998
