dataset,model,layer,method,seed,n_obs,soft_ce,jsd,tvd,entce,rankcs,acc,mean_alea,mean_mi,corrAlea_entropy,corrMI_entropy,corrAlea_norm_entropy,corrMI_norm_entropy,corrAlea_one_minus_max,corrMI_one_minus_max,corrAlea_gini,corrMI_gini,corrAlea_top2_margin,corrMI_top2_margin,corrAleaS_entropy,corrMIS_entropy,mono_alea
chaosnli_snli,llama,0,GPP-cosine,0,64,1.0380182831785327,0.18821865758447515,0.3915759806449597,0.45200802746817703,0.5362637362637362,0.5362637362637362,0.9925584197044373,0.006594601087272167,-0.05963095158016429,-0.03202703081349627,-0.05963095158016431,-0.032027030813496275,-0.10312785808668647,-0.02193280487262013,-0.09002199517179102,-0.038077292085107906,-0.11490093346515873,-0.027238750327979996,-0.07452019998956555,-0.05861837773965447,-0.7999999999999999
chaosnli_snli,llama,0,GPP-rbf,0,64,1.1114230204001463,0.19902133549296838,0.3946460222436504,0.3485597472608657,0.5032967032967033,0.5032967032967033,0.67896568775177,0.1922735869884491,-0.03956372832492547,-0.044814491955787045,-0.03956372832492547,-0.04481449195578704,-0.05375290265421506,-0.04587284461503902,-0.058727705316831,-0.059420108447111444,-0.06631662388044629,-0.05369442378909266,-0.05050628686476637,-0.04477790822071368,-0.39999999999999997
chaosnli_snli,llama,0,GPP-laplace,0,64,1.0397385568101016,0.19546515329886865,0.40634600200823373,0.5071141019740769,0.5362637362637362,0.5362637362637362,0.6859435439109802,0.37059271335601807,-0.06070990993552929,-0.04299384259420799,-0.060709909935529285,-0.04299384259420799,-0.039486113850587354,-0.04012730427845194,-0.05972357805159419,-0.04720681171450048,-0.03868828841549711,-0.04294033591956353,-0.0415376087261756,-0.04462808840095797,-0.19999999999999998
chaosnli_snli,llama,0,LPE,0,64,1.2534095874120927,0.2234120183825525,0.41301180899685636,0.29744491247205634,0.47692307692307695,0.47692307692307695,0.6188333034515381,0.11945316195487976,-0.01033672188220236,-0.044502858044962,-0.010336721882202353,-0.04450285804496197,-0.012952804114890873,-0.06199395677381485,-0.02082158543276814,-0.05088688806503387,-0.023622790382858493,-0.06326522205634298,-0.022053706784092245,-0.0610426587040408,-0.19999999999999998
chaosnli_snli,llama,0,LP-temp,0,64,1.0680089244476612,0.20944813691666056,0.4261689762810781,0.535370171828235,0.4593406593406593,0.4593406593406593,1.0850352078635142,,-0.030894202320448927,,-0.030894202320448923,,-0.03335299642858125,,-0.037296554369948935,,-0.04110687538586484,,-0.022805353838989125,,-1.0
chaosnli_snli,llama,0,GPP-cosine,0,256,1.0323319749152067,0.19227109038969276,0.4021601649594831,0.5030198025659119,0.5362637362637362,0.5362637362637362,1.0473010540008545,0.004681360442191362,-0.045650757560692604,-0.027010863447188768,-0.04565075756069258,-0.02701086344718876,-0.06110821345072979,-0.009998605087547595,-0.053452377110698855,-0.02741074806833642,-0.05982391383283038,-0.012419927038370674,-0.05094332503795684,-0.0447995701281185,-0.39999999999999997
chaosnli_snli,llama,0,GPP-rbf,0,256,1.084624602055148,0.20265820131137602,0.4060475078176011,0.4390487985349237,0.5076923076923077,0.5076923076923077,0.6521617770195007,0.3216319978237152,-0.08211184292426574,-0.07948129952021396,-0.08211184292426574,-0.07948129952021396,-0.061575580117470954,-0.061861242385949936,-0.06907637786449917,-0.06777425041463109,-0.05364503477141426,-0.05540324897897105,-0.09556147641005347,-0.07191676212679515,-0.39999999999999997
chaosnli_snli,llama,0,GPP-laplace,0,256,1.04118764242111,0.1941066999849416,0.4019598061239326,0.4906229665922262,0.5230769230769231,0.5230769230769231,0.6770756244659424,0.36192038655281067,-0.07344743708433592,-0.06588163291536149,-0.07344743708433592,-0.06588163291536148,-0.04342527106662382,-0.04810860280696017,-0.06314086636397222,-0.057980802142125275,-0.036700585865041845,-0.043555785735521664,-0.06541004658750646,-0.05305414912440224,-0.39999999999999997
chaosnli_snli,llama,0,LPE,0,256,1.3842969495873994,0.2530294110940648,0.4405738001939336,0.3308641054068495,0.44395604395604393,0.44395604395604393,0.46371227502822876,0.300406277179718,-0.04640824137659158,-0.05666458159955697,-0.046408241376591566,-0.056664581599556944,-0.03396397332666597,-0.039440699749012584,-0.03620062562081665,-0.053813813939187424,-0.026498509020328243,-0.036939033721536646,-0.05798504766318442,-0.0785877571368109,-0.7999999999999999
chaosnli_snli,llama,0,LP-temp,0,256,1.0934304113813949,0.2205328229447315,0.4415204717169647,0.5480350035615454,0.42417582417582417,0.42417582417582417,1.0977756782764838,,-0.07171782601984117,,-0.07171782601984117,,-0.05598434570161802,,-0.058640221284237154,,-0.044648786136802725,,-0.0724041861322249,,-0.19999999999999998
chaosnli_snli,llama,0,GPP-cosine,0,1024,1.0298082739523489,0.186837447061755,0.3911957734151856,0.46477157124912516,0.5362637362637362,0.5362637362637362,1.0087476968765259,0.003260041819885373,-0.05926950030359805,-0.026019557761851428,-0.059269500303598045,-0.026019557761851424,-0.07823737547533555,-0.012172740721936857,-0.07686854985379817,-0.030296317172455792,-0.08367404700027996,-0.015859896226989578,-0.060268908129817715,-0.04650204938910298,-0.19999999999999998
chaosnli_snli,llama,0,GPP-rbf,0,1024,1.2344302163426915,0.22361982615805875,0.41937119335007783,0.33712093642284796,0.4967032967032967,0.4967032967032967,0.5445394515991211,0.24339309334754944,-0.08210291090866642,-0.07468166856386974,-0.08210291090866641,-0.07468166856386971,-0.07704933165707517,-0.06211062887789637,-0.08556833684000736,-0.07019112559188889,-0.07881479897658628,-0.057816639935419675,-0.08163135441901666,-0.08137745059182859,-0.39999999999999997
chaosnli_snli,llama,0,GPP-laplace,0,1024,1.0756038337773983,0.19348217638875465,0.3903730553257596,0.3866104493171828,0.5340659340659341,0.5340659340659341,0.6046488285064697,0.3175549805164337,-0.06495795664916913,-0.058025930653833914,-0.06495795664916912,-0.058025930653833886,-0.053018881962260817,-0.04175735725527154,-0.06732500305400343,-0.055165524951576526,-0.052686694923404956,-0.03642036263246119,-0.059648289718304125,-0.05278689868734883,-0.19999999999999998
chaosnli_snli,llama,0,LPE,0,1024,1.4327636843177687,0.24238708052322575,0.43107497738087186,0.3190132152073998,0.4461538461538462,0.4461538461538462,0.26529762148857117,0.48938480019569397,-0.006487405657383545,-0.034016924356046516,-0.0064874056573835485,-0.0340169243560465,-0.01079037023269589,-0.03861743508933389,-0.014949739416049913,-0.05013365081927737,-0.022958839532959355,-0.05308906801822455,-0.0013360844895306855,-0.020116623145158836,-0.19999999999999998
chaosnli_snli,llama,0,LP-temp,0,1024,1.0799688818887088,0.21492871603567665,0.4342460965219106,0.5443199868293717,0.4307692307692308,0.4307692307692308,1.0940610020713633,,0.002375371992109878,,0.0023753719921098815,,-0.015173386013540738,,-0.011503093542167369,,-0.02629127797336722,,-0.035044015160896114,,0.39999999999999997
chaosnli_snli,llama,0,GPP-cosine,1,16,1.570627187165376,0.22986024546358363,0.3902571677445219,0.2064673865953881,0.5362637362637362,0.5362637362637362,0.669230580329895,0.009222464635968208,0.021979203808301796,-0.009066617534796198,0.021979203808301824,-0.00906661753479621,0.013903179272234912,0.005456170957109945,0.021863881568640567,-0.010543289042566281,0.017526777528216617,0.0020075722988543744,0.031351265354125586,-0.04162532609266232,0.7999999999999999
chaosnli_snli,llama,0,GPP-rbf,1,16,1.2902598197757031,0.21857381206323856,0.3920128477379107,0.23211978485257354,0.5384615384615384,0.5384615384615384,0.49540451169013977,0.1826333850622177,-0.023919213713471534,-0.021660694715426896,-0.02391921371347152,-0.021660694715426882,-0.014735670038410928,-0.01273281689295093,-0.02290949112150336,-0.024081569865115636,-0.013055049147837103,-0.013597098451829374,-0.026699012981160883,-0.03132317114244768,-0.19999999999999998
chaosnli_snli,llama,0,GPP-laplace,1,16,1.0542250218338196,0.20282254878657618,0.41760837287529484,0.5266764941207402,0.5362637362637362,0.5362637362637362,0.6968463659286499,0.37949565052986145,0.0033193695362898623,0.009448959486359189,0.0033193695362898692,0.0094489594863592,0.02113740869307825,0.012949826814211262,0.009810327245196523,0.01143544879860176,0.023693801857063563,0.01230648778765674,-0.0385753549430464,-0.037346029814872256,0.7999999999999999
chaosnli_snli,llama,0,LPE,1,16,6.3111828133729695,0.2906542445765734,0.4419950330302447,0.29279908753327016,0.5362637362637362,0.5362637362637362,0.26729926466941833,0.04570896551012993,0.019625804444809665,-0.032281721882952856,0.019625804444809672,-0.03228172188295284,0.018380176253995115,-0.02673820851426612,0.023048001001670124,-0.026593594897123297,0.024352513349791927,-0.01892359017408398,0.02667289643094837,-0.024628798635046596,0.7999999999999999
chaosnli_snli,llama,0,LP-temp,1,16,6.0610780894038765,0.24565595975263585,0.39597404032079997,0.1921254076300387,0.5274725274725275,0.5274725274725275,0.6087986235106638,,0.020386358097302264,,0.020386358097302267,,0.025035977772591617,,0.02648306737135686,,0.0312960382009545,,0.014487105198495985,,0.6000000000000001
chaosnli_snli,llama,0,GPP-cosine,1,64,1.046885324249462,0.18629313891317162,0.38319508007594516,0.4133631432712698,0.5362637362637362,0.5362637362637362,0.9514775276184082,0.006390945054590702,0.03890064289530512,-0.0172599592467213,0.038900642895305114,-0.017259959246721312,-0.011874297747825573,-0.0008174714216838772,0.005440260651006865,-0.01871940968409937,-0.028853382068020822,-0.004765198121724207,0.035652530780847805,-0.040635887055911174,0.39999999999999997
chaosnli_snli,llama,0,GPP-rbf,1,64,1.12663043408869,0.19976481316971217,0.38731581448771796,0.31586868107614724,0.5274725274725275,0.5274725274725275,0.6457690596580505,0.17890098690986633,-0.01840757374465312,-0.04082631512350198,-0.01840757374465313,-0.04082631512350199,-0.019883590288896753,-0.026506625345218308,-0.02695664428044563,-0.047354449081703845,-0.02808700647098167,-0.03295545275484509,-0.03970613786834551,-0.040871636695756365,-0.7999999999999999
chaosnli_snli,llama,0,GPP-laplace,1,64,1.0413429979272653,0.19465277511668552,0.40267113186828385,0.49694618138217483,0.5362637362637362,0.5362637362637362,0.6796810626983643,0.3664070963859558,-0.006680314838611281,-0.0038728027369800107,-0.0066803148386112895,-0.003872802736980002,0.012368381898855925,0.006639908070926343,-0.00526146025980994,-0.003961421481767284,0.011653194832732113,0.004523620888276889,-0.030489734696153546,-0.04635834170198881,0.7999999999999999
chaosnli_snli,llama,0,LPE,1,64,1.3063649956725183,0.22902957551769393,0.4103187418363702,0.2760250180144803,0.5164835164835165,0.5164835164835165,0.5538211464881897,0.10154066979885101,-0.042496795103158555,-0.02986143944237734,-0.04249679510315855,-0.029861439442377336,-0.04318564396345395,-0.03953068637653456,-0.049885407973449085,-0.033524737410310326,-0.05136220425545439,-0.03859834630417975,-0.05458894065201263,-0.06125343837392671,-1.0
chaosnli_snli,llama,0,LP-temp,1,64,1.065391198521268,0.1999153933938792,0.40028136599053565,0.4552754271621862,0.4857142857142857,0.4857142857142857,1.0013832110138015,,-0.022207124511571565,,-0.022207124511571565,,-0.007052588136098641,,-0.023530242939643262,,-0.01346254141087606,,-0.04213892637009311,,-0.39999999999999997
chaosnli_snli,llama,0,GPP-cosine,1,256,1.032065952378833,0.186509763835754,0.38951307242060756,0.455065856268283,0.5362637362637362,0.5362637362637362,0.9975780248641968,0.004463551566004753,0.01753104462865613,-0.01669161530826726,0.017531044628656133,-0.01669161530826726,0.015215803363294516,0.0006505466391351876,0.016917532670968616,-0.016398200605219935,0.01945159495464039,-0.0011293169572322934,0.021848532617666578,-0.0347129412183308,0.6000000000000001
chaosnli_snli,llama,0,GPP-rbf,1,256,1.2055563058209209,0.21291982826023628,0.40368299508917627,0.3214385391279172,0.4989010989010989,0.4989010989010989,0.6369588375091553,0.14843814074993134,-0.03445635708293836,-0.03864920310649215,-0.034456357082938344,-0.038649203106492114,-0.035796796122551884,-0.031774987358762934,-0.04152937158448823,-0.04147588806882789,-0.041708611077019765,-0.0358304930210904,-0.03796696672090063,-0.04557414450768072,-0.39999999999999997
chaosnli_snli,llama,0,GPP-laplace,1,256,1.0645653117593872,0.19222135988955694,0.3901584623893211,0.4073395308248582,0.5340659340659341,0.5340659340659341,0.6170750856399536,0.329393595457077,-0.061580904199994915,-0.05058488591456288,-0.0615809041999949,-0.05058488591456288,-0.042529933816032095,-0.03458241982978216,-0.05806951078230543,-0.04575676475439847,-0.03959544319284698,-0.03175782905743718,-0.04972094309020505,-0.04623578501269885,-0.19999999999999998
chaosnli_snli,llama,0,LPE,1,256,1.3699197831944825,0.23371863638995702,0.42032693401129356,0.3159245244578171,0.4879120879120879,0.4879120879120879,0.42992982268333435,0.2718774676322937,-0.03142985295133363,-0.062627093510678,-0.03142985295133362,-0.06262709351067798,-0.028513354208480175,-0.05729686267391606,-0.03392866279557922,-0.07150682906511564,-0.03482238150644182,-0.06126104546674993,-0.033975466063786354,-0.06040554227666125,-0.39999999999999997
chaosnli_snli,llama,0,LP-temp,1,256,1.0783619363853125,0.21377866263896958,0.4331185023991718,0.5386246206851389,0.42857142857142855,0.42857142857142855,1.0883229252790076,,0.004740518654464777,,0.00474051865446477,,0.007162435621713783,,0.00437137061953307,,0.00019885264816067727,,-0.04530654541635684,,0.6000000000000001
chaosnli_snli,llama,0,GPP-cosine,1,1024,1.029846468931194,0.18673037071334098,0.39113347812832056,0.4644737837828015,0.5362637362637362,0.5362637362637362,1.0081974267959595,0.0032596439123153687,-0.05629318484776093,-0.02655260009097226,-0.05629318484776092,-0.026552600090972264,-0.07432578602814416,-0.012434170987713312,-0.07236959234856451,-0.0304483732341328,-0.07780876495895753,-0.01577649371597898,-0.05683197012185024,-0.045581378688264014,-0.19999999999999998
chaosnli_snli,llama,0,GPP-rbf,1,1024,1.2271186472171995,0.2214852803184573,0.41695367597647337,0.3396452286014969,0.4857142857142857,0.4857142857142857,0.5480260252952576,0.24527503550052643,-0.07736145829944505,-0.0775521374089376,-0.07736145829944502,-0.0775521374089376,-0.07021724934851271,-0.0631140115973725,-0.07735674934532108,-0.06932116368260016,-0.06953655192396854,-0.05609842204949253,-0.07793821942335467,-0.08287768715428041,-0.39999999999999997
chaosnli_snli,llama,0,GPP-laplace,1,1024,1.071887081940682,0.19253584996633327,0.38906592549039765,0.3892995277833748,0.5340659340659341,0.5340659340659341,0.6065559983253479,0.31860700249671936,-0.055008476175623607,-0.05233207063726467,-0.05500847617562359,-0.05233207063726465,-0.03740678454742055,-0.030902193927728586,-0.05369897010075294,-0.04577065407578341,-0.03501259565771915,-0.02336447297855463,-0.046918446155692906,-0.04489237514932807,-0.39999999999999997
chaosnli_snli,llama,0,LPE,1,1024,1.4337648140672457,0.24363434216516683,0.4356544734039818,0.32272760597048866,0.44395604395604393,0.44395604395604393,0.27054062485694885,0.48261168599128723,-0.0509891593296638,-0.07520049024411848,-0.05098915932966379,-0.07520049024411848,-0.06076327205735168,-0.06463854531400928,-0.06536792551292335,-0.08181642613853296,-0.07285367298419473,-0.06989698367504577,-0.0519080449232461,-0.06289986391866566,-0.39999999999999997
chaosnli_snli,llama,0,LP-temp,1,1024,1.0807764379780038,0.2153901868831811,0.4352004623680299,0.5453246095128835,0.43736263736263736,0.43736263736263736,1.0950656247548753,,-0.02574237540343627,,-0.025742375403436286,,-0.02388803314412933,,-0.03180074612883525,,-0.030404859144513265,,-0.051133084069866816,,-0.7999999999999999
chaosnli_snli,llama,0,GPP-cosine,2,16,1.1421793090555104,0.20688537798830572,0.39658731616787857,0.33057804676149893,0.5362637362637362,0.5362637362637362,0.8510136604309082,0.012565979734063148,0.04314036664129098,-0.035505467182508244,0.043140366641290964,-0.03550546718250823,0.03580413603253167,-0.01867282086285287,0.03533006363881687,-0.037427944905801924,0.028438758061136934,-0.02217190935308297,0.0357420618656175,-0.06921325769615762,0.39999999999999997
chaosnli_snli,llama,0,GPP-rbf,2,16,1.2621803427934362,0.2240942668778665,0.40536297800244536,0.24492439887812492,0.5340659340659341,0.5340659340659341,0.5111052989959717,0.18415670096874237,-0.06775770866599508,-0.049752361269887246,-0.06775770866599506,-0.04975236126988726,-0.07081565617150351,-0.041182376568519495,-0.08280735943109842,-0.05826971171756483,-0.07927236117159311,-0.04581152790471439,-0.07013389353192154,-0.06149753257005933,-0.39999999999999997
chaosnli_snli,llama,0,GPP-laplace,2,16,1.065195978261592,0.2081740320452317,0.4246508342879159,0.5359297799085788,0.5340659340659341,0.5340659340659341,0.70274817943573,0.3828710913658142,-0.040244831617786817,-0.03305735010342494,-0.0402448316177868,-0.03305735010342494,-0.016411739759794694,-0.03533774641356747,-0.03436675559946855,-0.03575971737110119,-0.012612068239850761,-0.0388044688728789,-0.035172559547064074,-0.04268877530042106,-0.19999999999999998
chaosnli_snli,llama,0,LPE,2,16,1.7806507316558222,0.28968990819668466,0.45196029977351015,0.2931793261440556,0.5340659340659341,0.5340659340659341,0.27242031693458557,0.04004518687725067,-0.01855870310868801,0.00177247254326705,-0.018558703108687995,0.00177247254326705,-0.043546458236532234,-0.02596100053843552,-0.040428013405319256,-0.019567693384191454,-0.05518520600978636,-0.03901826093120794,-0.03682688375576974,-0.05681827485771441,-0.7999999999999999
chaosnli_snli,llama,0,LP-temp,2,16,1.160171490216906,0.20728042401002725,0.3951387482510912,0.29369092432568084,0.5340659340659341,0.5340659340659341,0.8021666098462499,,-0.034905768652027706,,-0.03490576865202768,,-0.05425303574921298,,-0.054213965837715664,,-0.06410467660748918,,-0.045506496272740005,,-0.6000000000000001
chaosnli_snli,llama,0,GPP-cosine,2,64,1.034639983210491,0.1934965375248584,0.403633680841425,0.5077193108725956,0.5362637362637362,0.5362637362637362,1.0499755144119263,0.006954141892492771,-0.11188897858333795,-0.018394607064333726,-0.11188897858333795,-0.01839460706433372,-0.06468081490942117,0.0029786376782387353,-0.08131496262211879,-0.015118553715495819,-0.04902675799365461,0.0020975682789000603,-0.0997137530982321,-0.036582445041153745,-1.0
chaosnli_snli,llama,0,GPP-rbf,2,64,1.1098847762220754,0.20601983854634487,0.4058246220820225,0.4076629405203353,0.5032967032967033,0.5032967032967033,0.7223643660545349,0.2150324285030365,-0.07938567291919674,-0.0593786048958372,-0.07938567291919672,-0.059378604895837184,-0.02482962441422923,-0.015384300204665139,-0.04420096787414512,-0.03858655899028452,-0.00440082470010667,-0.003526525676412526,-0.06927383094419123,-0.04800151860267695,-1.0
chaosnli_snli,llama,0,GPP-laplace,2,64,1.0499354685316198,0.20014608854840715,0.41242735911529144,0.5162217705047214,0.5318681318681319,0.5318681318681319,0.6916373372077942,0.3741000294685364,-0.0675516680869244,-0.051447030070107765,-0.0675516680869244,-0.051447030070107765,-0.026944522293152105,-0.02632825367151495,-0.049578597115479184,-0.03839499554533358,-0.01616806720372851,-0.019891125264790598,-0.06349108730856119,-0.0506008160367551,-0.19999999999999998
chaosnli_snli,llama,0,LPE,2,64,1.2640891612110874,0.23019680269877116,0.41977254346698767,0.33106108189043065,0.4901098901098901,0.4901098901098901,0.6509929299354553,0.13702262938022614,-0.0885460805399931,-0.019056000342908278,-0.0885460805399931,-0.01905600034290828,-0.03871580287410121,-0.019097077379174363,-0.05560981082033877,-0.014109748903623173,-0.018369735383065695,-0.011022251639418244,-0.09181343296004224,-0.02856889427747427,-1.0
chaosnli_snli,llama,0,LP-temp,2,64,1.096080815181203,0.22156039100013358,0.44314472722400994,0.5487688955457678,0.44835164835164837,0.44835164835164837,1.0985099107877596,,-0.05162413866732053,,-0.05162413866732053,,-0.01575782714418035,,-0.024474087630633194,,0.0008731150476037064,,-0.07479748131413894,,-0.19999999999999998
chaosnli_snli,llama,0,GPP-cosine,2,256,1.03168205711879,0.1914712913410078,0.4003136663155241,0.4988918460214371,0.5362637362637362,0.5362637362637362,1.0432329177856445,0.004673384595662355,-0.05869304705318419,-0.0165798311920551,-0.05869304705318418,-0.016579831192055097,-0.0758105712652444,-0.0013132934079817422,-0.0749081145414002,-0.017804760947959575,-0.08440791907796308,-0.004293758483228783,-0.059883083874604975,-0.04270330409044266,-0.7999999999999999
chaosnli_snli,llama,0,GPP-rbf,2,256,1.11801271202066,0.20357312748457343,0.39961855717126155,0.38557925534726545,0.5252747252747253,0.5252747252747253,0.6046895384788513,0.2976633906364441,-0.07620801642509932,-0.05625097875208968,-0.0762080164250993,-0.056250978752089675,-0.050525749234092386,-0.03843941611738459,-0.06621850160874451,-0.04551786515108878,-0.047095932224579216,-0.03360097419212352,-0.08415376727722526,-0.05680285972319872,-0.39999999999999997
chaosnli_snli,llama,0,GPP-laplace,2,256,1.0487539168702493,0.1917828241332123,0.39376795690629507,0.44871877483117095,0.5384615384615384,0.5384615384615384,0.6477874517440796,0.3459310531616211,-0.07585769053371288,-0.062137595857649955,-0.07585769053371287,-0.06213759585764996,-0.05206194248529453,-0.045575842414882134,-0.07077509408535154,-0.05659195091288215,-0.04982941455101711,-0.042894234358482254,-0.07034212524568914,-0.060586765655574956,-0.19999999999999998
chaosnli_snli,llama,0,LPE,2,256,1.3560220357420403,0.24002800660706297,0.4232608086384601,0.3363627221644013,0.46813186813186813,0.46813186813186813,0.4658578038215637,0.2917753756046295,-0.0275666450679873,-0.06932269434935262,-0.027566645067987297,-0.0693226943493526,-0.0368932706813467,-0.05070539839738775,-0.029047178500991134,-0.06983545577991235,-0.03883206223354852,-0.0552144020859336,-0.011298592912062231,-0.06469203255337108,-0.39999999999999997
chaosnli_snli,llama,0,LP-temp,2,256,1.0877431850760473,0.2182570378515441,0.43846967842566503,0.5457060787093332,0.421978021978022,0.421978021978022,1.0954470939513248,,-0.025987480695452703,,-0.02598748069545271,,-0.0209125226374052,,-0.03055365216602626,,-0.02634774334577443,,-0.021675590096137336,,-0.39999999999999997
chaosnli_snli,llama,0,GPP-cosine,2,1024,1.0291890495223923,0.18662022535282857,0.39115712362658844,0.46508376541062174,0.5362637362637362,0.5362637362637362,1.008882999420166,0.003264887258410454,-0.05547656974112982,-0.027699531680821017,-0.055476569741129814,-0.027699531680821017,-0.07579794188133113,-0.013832529388184845,-0.07384600624361602,-0.03195397110224432,-0.07918488350471359,-0.017292469411226426,-0.053800349946861656,-0.046447712742128604,-0.19999999999999998
chaosnli_snli,llama,0,GPP-rbf,2,1024,1.2261604803587411,0.22172943406343507,0.4175896896832305,0.33633139910118565,0.4879120879120879,0.4879120879120879,0.5473933219909668,0.2446676790714264,-0.08257607768086024,-0.07659987074762817,-0.08257607768086023,-0.07659987074762814,-0.08188709460438248,-0.06678364263674286,-0.08977694707471931,-0.0748249737122569,-0.08419240196490885,-0.06294185330231852,-0.08554622529587322,-0.08089633277779164,-0.39999999999999997
chaosnli_snli,llama,0,GPP-laplace,2,1024,1.0721509965050189,0.19263340737655102,0.3894263885956217,0.3884258113072293,0.5318681318681319,0.5318681318681319,0.605860710144043,0.31822469830513,-0.06966535218854841,-0.06225533105310435,-0.06966535218854841,-0.06225533105310434,-0.05876674127404619,-0.04654084223461589,-0.07414269300964874,-0.06116930481145753,-0.05855623114586976,-0.04138556187136842,-0.06330282317877395,-0.05686413806784371,-0.19999999999999998
chaosnli_snli,llama,0,LPE,2,1024,1.4268619146854946,0.2411221632055869,0.43194084204070005,0.32644119865357907,0.45054945054945056,0.45054945054945056,0.25994226336479187,0.48649847507476807,-0.04174099070423189,-0.06911482893776758,-0.04174099070423189,-0.06911482893776755,-0.05806151894812886,-0.07288066903540125,-0.060485825716694176,-0.08405593717063023,-0.07272630469787869,-0.08098865363967686,-0.028567301804900337,-0.06416097479941553,-0.39999999999999997
chaosnli_snli,llama,0,LP-temp,2,1024,1.0813388490897986,0.21564519813375516,0.43530696463775015,0.545695805636348,0.4593406593406593,0.4593406593406593,1.0954368208783398,,-0.05845687978340395,,-0.058456879783403914,,-0.07293809586874546,,-0.07293480611392833,,-0.08238953345408968,,-0.06174366513108658,,-0.7999999999999999
chaosnli_snli,llama,0,GPP-cosine,3,16,1.1693863649335012,0.24575302542305952,0.4702926511784176,0.5260244137523514,0.27912087912087913,0.27912087912087913,1.0610020160675049,0.01461032498627901,0.0695343275130178,-0.014844470226718472,0.06953432751301777,-0.014844470226718484,0.07797433241533336,0.004725287491975434,0.07453768253184409,-0.009036859224345717,0.07737615980843666,0.007025343569726526,0.06798020393855007,-0.032211135901426956,0.7999999999999999
chaosnli_snli,llama,0,GPP-rbf,3,16,1.2475017492291145,0.2682213509913015,0.48941954433263,0.49118390472362483,0.25054945054945055,0.25054945054945055,0.7564515471458435,0.28145793080329895,0.040349408111339066,-0.04770720300494187,0.04034940811133904,-0.04770720300494187,0.018469875639033916,-0.039245488183749386,0.04001157863803777,-0.04510360029865986,0.01563734851759095,-0.03872472997618583,0.07187491194755218,-0.0459243610761403,0.7999999999999999
chaosnli_snli,llama,0,GPP-laplace,3,16,1.112842646016362,0.22768680567664068,0.45041455971998173,0.5470678945326313,0.26153846153846155,0.26153846153846155,0.7098981738090515,0.3869107961654663,0.015478802690059426,-0.010114653073598698,0.015478802690059412,-0.010114653073598705,0.03135437495080832,-0.027671749431961126,0.02380928641551979,-0.0166231407023956,0.035955356737262856,-0.032569143727287996,0.025965711210315722,-0.01332224336011469,0.6000000000000001
chaosnli_snli,llama,0,LPE,3,16,1.4791574916108963,0.32214766908599995,0.533231151767157,0.39526345515652384,0.2571428571428571,0.2571428571428571,0.749029815196991,0.18232344090938568,0.008808124189460177,0.059578176223652204,0.008808124189460174,0.059578176223652204,-0.0062846348393351716,0.048724784719576086,0.009141616025805866,0.05053478785915659,-0.006627038083304709,0.04769680282072051,0.031897671548220145,0.04791208534292481,0.7999999999999999
chaosnli_snli,llama,0,LP-temp,3,16,1.2175149971330286,0.2598882962432175,0.4820909671230027,0.5019140279572465,0.2703296703296703,0.2703296703296703,1.0497145659079208,,-0.0031831716017184444,,-0.0031831716017184635,,-0.019470615968660045,,-0.002561034829264136,,-0.021123156607041046,,0.029783059066744562,,0.7999999999999999
chaosnli_snli,llama,0,GPP-cosine,3,64,1.0401272102696277,0.19247840180438572,0.40035126589156766,0.4786393398538139,0.5362637362637362,0.5362637362637362,1.020257592201233,0.006779408548027277,0.006648933655062361,-0.012076370692036481,0.006648933655062365,-0.01207637069203648,-0.023217431596534933,0.004313334976391362,-0.011644991252220384,-0.011382031043531004,-0.031092258225451794,0.0032000756050259774,0.0051415526643087866,-0.031190075264790985,0.19999999999999998
chaosnli_snli,llama,0,GPP-rbf,3,64,1.1069801930077108,0.20409838089885676,0.4040374161900727,0.39071154527919055,0.4967032967032967,0.4967032967032967,0.7146890759468079,0.2138698399066925,0.00643429305850534,-0.032603217363198024,0.006434293058505353,-0.03260321736319803,0.011506195151412478,-0.017639422121293054,0.005313804564431172,-0.03244376340422805,0.003350572895732094,-0.018714497150677308,0.021570996497481346,-0.027744630473205995,-0.19999999999999998
chaosnli_snli,llama,0,GPP-laplace,3,64,1.0453221577962828,0.19795509370426254,0.40991259061700697,0.5111345499000908,0.5340659340659341,0.5340659340659341,0.6882352232933044,0.3723571300506592,-0.044566114194558505,-0.03658309945218514,-0.044566114194558505,-0.036583099452185144,-0.027710125445983006,-0.03496312941691809,-0.038610482911430995,-0.03511656689234163,-0.026270586270781163,-0.03596903586516398,-0.031037863756101652,-0.027941524672143232,-0.19999999999999998
chaosnli_snli,llama,0,LPE,3,64,1.2621423160556209,0.22848985716426976,0.4176642075789949,0.30926869335586665,0.48131868131868133,0.48131868131868133,0.6382827162742615,0.13841824233531952,0.020495865633562902,-0.0035110776115675653,0.02049586563356292,-0.00351107761156756,0.020557304306572634,-0.007906519590123312,0.01908342056391689,-0.01321691195540663,0.012733113486100307,-0.013848320682515177,0.031363683644728566,0.004420894961949852,-0.19999999999999998
chaosnli_snli,llama,0,LP-temp,3,64,1.0829015746126753,0.2151013766590588,0.43452447068379935,0.5378681213577535,0.432967032967033,0.432967032967033,1.08752601351811,,-0.023995380342602027,,-0.023995380342602034,,-0.017492172645513067,,-0.01647364349497103,,-0.019979353572735704,,0.02083833171566576,,-1.0
chaosnli_snli,llama,0,GPP-cosine,3,256,1.0371557315110498,0.18526536389037424,0.3853011083635655,0.42889730366417256,0.5362637362637362,0.5362637362637362,0.9699580669403076,0.0043403347954154015,-0.04612147993586904,-0.022869486188790464,-0.04612147993586904,-0.022869486188790478,-0.07068345263844933,-0.006347897147047487,-0.06528030945440333,-0.0235243372813993,-0.07567447544809343,-0.0076759434256142775,-0.0493593244181161,-0.03957090635764157,-0.39999999999999997
chaosnli_snli,llama,0,GPP-rbf,3,256,1.24678180876401,0.21679643020755524,0.4008692531275901,0.2926357111790338,0.5010989010989011,0.5010989010989011,0.5842605829238892,0.13727346062660217,-0.008806032650829826,-0.033134963957500416,-0.008806032650829822,-0.033134963957500416,-0.014425592238640613,-0.021470017776298284,-0.017118280354792743,-0.034026711585512556,-0.018068389910570273,-0.018528666886761407,0.016522348846886685,-0.027840815816671614,-0.19999999999999998
chaosnli_snli,llama,0,GPP-laplace,3,256,1.0774650266258412,0.1924744841894276,0.3871495875151275,0.37918854815724806,0.5384615384615384,0.5384615384615384,0.5949141383171082,0.3175748586654663,-0.043858669169698127,-0.046309865822160956,-0.04385866916969813,-0.04630986582216096,-0.023948570054050784,-0.024499419410208716,-0.03943524265919621,-0.039249800789752376,-0.017627763858785755,-0.01517623782767375,-0.028674379660771663,-0.029593363733737537,-0.19999999999999998
chaosnli_snli,llama,0,LPE,3,256,1.4703664148111035,0.24156668988177515,0.41602539730506227,0.29567550428804423,0.49230769230769234,0.49230769230769234,0.38699671626091003,0.23468081653118134,0.009866952253233224,0.0009612442824796707,0.009866952253233231,0.000961244282479666,0.011147769377008182,0.01499033768292603,0.006675486297106022,-0.002859138160424983,0.008700233118450418,0.007128111515059576,0.03198360136830962,0.02660327353001597,0.39999999999999997
chaosnli_snli,llama,0,LP-temp,3,256,1.0776654129755325,0.2073989062022086,0.41836668493218526,0.49207700175964453,0.47692307692307695,0.47692307692307695,1.0395513216258634,,-0.02314321231327396,,-0.02314321231327395,,-0.01813253496807004,,-0.022042372590254253,,-0.02200787105452914,,0.0006020183318500361,,-0.19999999999999998
chaosnli_snli,llama,0,GPP-cosine,3,1024,1.0289621550712538,0.1869384536098912,0.3920803328382445,0.4686343371649716,0.5362637362637362,0.5362637362637362,1.0127471685409546,0.003272272413596511,-0.05643662876300263,-0.02862179585030941,-0.056436628763002594,-0.028621795850309405,-0.07973550843755826,-0.014923841129681675,-0.07719751416930223,-0.033043436576553384,-0.08725230891276997,-0.01865740503973305,-0.05394398925956933,-0.0486239873795798,-0.39999999999999997
chaosnli_snli,llama,0,GPP-rbf,3,1024,1.2192595829301434,0.22131273583883412,0.41704762685829055,0.33754883240738565,0.49230769230769234,0.49230769230769234,0.5547958612442017,0.24705228209495544,-0.08939688063217585,-0.08906549218296318,-0.08939688063217582,-0.08906549218296315,-0.09332872420183524,-0.08167695240320991,-0.0971719438867965,-0.08658881475856287,-0.09679500905158282,-0.07752276354484622,-0.09330214002105876,-0.09637529359423673,-0.39999999999999997
chaosnli_snli,llama,0,GPP-laplace,3,1024,1.0668532077206372,0.1920772899853457,0.3901654790431916,0.3986088131273875,0.5318681318681319,0.5318681318681319,0.6141660809516907,0.32247406244277954,-0.06779455485369132,-0.06435137733519564,-0.06779455485369129,-0.06435137733519561,-0.061668733153213966,-0.05247613249655618,-0.07337804160478424,-0.06347859514518567,-0.06289859457199604,-0.04769505213353547,-0.06592224946618662,-0.0632120522420597,-0.39999999999999997
chaosnli_snli,llama,0,LPE,3,1024,1.4221978451579944,0.24283818683966274,0.432073985099213,0.316020822490654,0.4593406593406593,0.4593406593406593,0.2733819782733917,0.4746938943862915,-0.010130018080935436,-0.05390924303969996,-0.010130018080935443,-0.05390924303969997,-0.026203471145075444,-0.058608406167056024,-0.029826774918497806,-0.0698794629487233,-0.04550686719634648,-0.07084214036846363,-0.016315391111178214,-0.04451687011639442,-0.39999999999999997
chaosnli_snli,llama,0,LP-temp,3,1024,1.0760699915171912,0.21335790208972852,0.4323117906913995,0.5428762871800233,0.4461538461538462,0.4461538461538462,1.0926149839017403,,-0.01921858056188841,,-0.019218580561888396,,-0.031040271242089832,,-0.03271579742580948,,-0.042755195746058634,,-0.03750846201741352,,-0.6000000000000001
chaosnli_snli,llama,0,GPP-cosine,4,16,1.036191151651229,0.1876885199627629,0.39001459241895886,0.4523919967632616,0.5362637362637362,0.5362637362637362,0.9856070876121521,0.013999560847878456,-0.04757737174225024,-0.00036787098389603253,-0.047577371742250234,-0.0003678709838960334,-0.07032865243702631,0.009127206241754553,-0.05828148465258237,-0.003544438071165372,-0.07590682408289397,0.004888309906456504,-0.03617645425767212,-0.029855806066511108,-0.7999999999999999
chaosnli_snli,llama,0,GPP-rbf,4,16,1.0820206489806394,0.19218218825422317,0.38356104033006416,0.37080302909385016,0.5340659340659341,0.5340659340659341,0.6665000319480896,0.2384425550699234,-0.084860254250501,-0.057718111603858,-0.084860254250501,-0.05771811160385801,-0.07013756043983707,-0.04409359659907017,-0.08829893732300273,-0.05890570069792746,-0.07541226319155248,-0.044672855666871306,-0.10032793792054699,-0.05369964026782488,-0.19999999999999998
chaosnli_snli,llama,0,GPP-laplace,4,16,1.0643579011264912,0.20856127393006452,0.4261370850788368,0.5404727381505907,0.5362637362637362,0.5362637362637362,0.7058108448982239,0.38439035415649414,-0.03350397572198338,-0.028102939832047546,-0.03350397572198338,-0.02810293983204753,-0.010103084928794755,-0.038563900852458595,-0.025944533807381306,-0.03294076315607415,-0.005301959758938688,-0.04218977636960792,-0.021141507317616912,-0.03261727805492947,-0.19999999999999998
chaosnli_snli,llama,0,LPE,4,16,1.291984987523892,0.21883327222780666,0.39181277817012844,0.23468267348196264,0.5274725274725275,0.5274725274725275,0.5341167449951172,0.13965529203414917,-0.03251437064223715,-0.03499273329895712,-0.03251437064223716,-0.034992733298957135,-0.029760460970409373,-0.03392296557319259,-0.03830684278741757,-0.045703149269811734,-0.04015841710494217,-0.04131204360038256,-0.04225231041735721,-0.03733437291563106,-0.7999999999999999
chaosnli_snli,llama,0,LP-temp,4,16,1.0481257798087378,0.19973991324170828,0.4124774921695954,0.5178890633585284,0.49230769230769234,0.49230769230769234,1.0674170086820285,,-0.06584863091155457,,-0.06584863091155455,,-0.06831877407743192,,-0.07037027505738133,,-0.07667863954833146,,-0.06450386599403503,,-0.7999999999999999
chaosnli_snli,llama,0,GPP-cosine,4,64,1.0662718985681174,0.19147237375666007,0.38697048728610134,0.3931461648833322,0.5362637362637362,0.5362637362637362,0.9286583065986633,0.006234143394976854,0.07645832800769932,-0.010980290444689955,0.07645832800769933,-0.010980290444689955,0.0781072248630174,0.007797120441131851,0.08830328822054143,-0.007798048327595593,0.09011096465858455,0.007679144214893274,0.0943285841433137,-0.03297341967151849,0.7999999999999999
chaosnli_snli,llama,0,GPP-rbf,4,64,1.2617995177106203,0.22310603062894988,0.4036457497810761,0.26285574458961797,0.5296703296703297,0.5296703296703297,0.5444647073745728,0.16296625137329102,0.011668333506619145,-0.004129331502292765,0.011668333506619142,-0.004129331502292766,0.036844634166229816,0.018222869668233645,0.02212588730198345,3.769717813060548e-05,0.04000008615076145,0.019582638088972405,0.022088040492786263,-0.007052806234342169,0.7999999999999999
chaosnli_snli,llama,0,GPP-laplace,4,64,1.058219870578114,0.19649319062207607,0.40105952201308787,0.46341172830503957,0.5318681318681319,0.5318681318681319,0.6560233235359192,0.35429829359054565,-0.03955950973715082,-0.029544183532375378,-0.03955950973715082,-0.029544183532375375,-0.011215519892603894,-0.004985833308269414,-0.03083770145003884,-0.021173275612371405,-0.006543892739442786,-0.0011561777395041467,-0.03328283710248836,-0.03137463985603724,-0.19999999999999998
chaosnli_snli,llama,0,LPE,4,64,1.586984105408646,0.26234020822222875,0.4307712310586114,0.2630032016558007,0.5230769230769231,0.5230769230769231,0.4069329798221588,0.09067583829164505,0.051909643090154035,0.02303799999241618,0.051909643090154015,0.02303799999241619,0.06638364343804332,0.043083774319769064,0.057795274798287985,0.03340905218412037,0.06687543959735959,0.05024830282330983,0.07313602282830206,0.04003921943190955,0.7999999999999999
chaosnli_snli,llama,0,LP-temp,4,64,1.09453493381989,0.20502474437681534,0.409157589089507,0.43493993231922745,0.4945054945054945,0.4945054945054945,0.9757975422440055,,0.05214199278975035,,0.052141992789750354,,0.07052497453969919,,0.061613309049241095,,0.07448251339889103,,0.08287195425301425,,0.7999999999999999
chaosnli_snli,llama,0,GPP-cosine,4,256,1.035675874592327,0.18980798545201769,0.3943872415266194,0.4719572920606133,0.5362637362637362,0.5362637362637362,1.015177607536316,0.004505631048232317,-0.048369173276572766,-0.014578384799502228,-0.04836917327657276,-0.014578384799502232,-0.05469156663147245,0.0010217726868953156,-0.043032901625462354,-0.01580263251337976,-0.04652670146975819,-0.0019802166709482188,-0.027947638876931115,-0.03893079854121281,-0.7999999999999999
chaosnli_snli,llama,0,GPP-rbf,4,256,1.2643042277773067,0.22823865110687744,0.4158278015918088,0.3212967423748419,0.5274725274725275,0.5274725274725275,0.6228680610656738,0.14314931631088257,-0.03735252466557978,-0.018570942783556692,-0.03735252466557977,-0.018570942783556692,-0.0556823426534547,-0.02198577156138892,-0.045628503930062216,-0.02491233293055685,-0.0596830147710402,-0.023880267290993906,-0.041344155157894094,-0.024255268268104615,-0.19999999999999998
chaosnli_snli,llama,0,GPP-laplace,4,256,1.0807055928929254,0.1965114657187029,0.39419117935083725,0.399966682703929,0.5362637362637362,0.5362637362637362,0.6113874316215515,0.3260393440723419,-0.05506146983665641,-0.04182814878031609,-0.05506146983665639,-0.04182814878031607,-0.045296613323648684,-0.03177999286336654,-0.054974008604839746,-0.04040812590537725,-0.044698407846449996,-0.030545501594644427,-0.04147199885612952,-0.03514746217929887,-0.39999999999999997
chaosnli_snli,llama,0,LPE,4,256,1.4875820098352375,0.25917946248863083,0.4413078437442731,0.3263993514315992,0.47912087912087914,0.47912087912087914,0.4246518313884735,0.23992407321929932,-0.06046546804350249,-0.06054913509777444,-0.060465468043502474,-0.060549135097774424,-0.06205492863208638,-0.06401548330401159,-0.05813355426579114,-0.06304059418582672,-0.05864087004364231,-0.06725985805855596,-0.057691268322745064,-0.04477631574813975,-0.39999999999999997
chaosnli_snli,llama,0,LP-temp,4,256,1.0872541505568547,0.2131398803492313,0.42506220013001844,0.5011748286331232,0.43956043956043955,0.43956043956043955,1.049590427269887,,-0.005716733126290122,,-0.005716733126290129,,-0.015031112588488708,,-0.004091941040667162,,-0.01632669042314281,,-0.033679075068325744,,0.0
chaosnli_snli,llama,0,GPP-cosine,4,1024,1.0299106929859332,0.18675095170155462,0.3913241295369117,0.46439546500094186,0.5362637362637362,0.5362637362637362,1.008323073387146,0.003258249256759882,-0.04120280671353699,-0.027068035332867016,-0.04120280671353698,-0.027068035332867023,-0.06247082602208222,-0.012972370581432127,-0.06058599164731698,-0.031183457247379878,-0.06892664032125767,-0.01658639378840391,-0.04695074149949229,-0.04556752417554705,-0.39999999999999997
chaosnli_snli,llama,0,GPP-rbf,4,1024,1.2310090747317934,0.22296646869332135,0.41829064987359343,0.3365912466410826,0.49230769230769234,0.49230769230769234,0.5457995533943176,0.24369902908802032,-0.08777550743813584,-0.08907278574668973,-0.08777550743813582,-0.08907278574668973,-0.07887273010251417,-0.07236590637093519,-0.09005770073739439,-0.08273245470535548,-0.0783098087740382,-0.06552362919636182,-0.08695428954574573,-0.09175260342990199,-0.39999999999999997
chaosnli_snli,llama,0,GPP-laplace,4,1024,1.0748226965722916,0.19321209850372686,0.38963643731651726,0.38575503727321536,0.5362637362637362,0.5362637362637362,0.6039950251579285,0.3171558678150177,-0.06439811234202891,-0.061565974477438015,-0.0643981123420289,-0.061565974477438,-0.04938151804104739,-0.04231070911141392,-0.06581122376370595,-0.05766471356453995,-0.047819243091283145,-0.035718479891411914,-0.053156607120113365,-0.05393819265940021,-0.19999999999999998
chaosnli_snli,llama,0,LPE,4,1024,1.4169667093505838,0.23896856660587285,0.4255524192021742,0.3129235459620389,0.46153846153846156,0.46153846153846156,0.2661178708076477,0.4830876886844635,-0.01087411507996,-0.04432591139339873,-0.01087411507995998,-0.04432591139339872,-0.023535219234189476,-0.04647818480394405,-0.026583983462846742,-0.05686515677079243,-0.0354184656310182,-0.05804583103321661,0.014721007570155422,-0.03363442213735263,-0.39999999999999997
chaosnli_snli,llama,0,LP-temp,4,1024,1.0838633889424112,0.21674715782982107,0.43692551830732773,0.5466815566756272,0.4593406593406593,0.4593406593406593,1.096422571917619,,0.01120053216052283,,0.011200532160522837,,0.004623225114216069,,0.0023507364380995904,,-0.004075893931126784,,-0.040776279438029195,,0.0
chaosnli_snli,llama,16,GPP-cosine,0,64,1.3143446790258646,0.23897388463838662,0.4329133412630424,0.3160075389399864,0.4197802197802198,0.4197802197802198,0.7535521984100342,0.042547572404146194,-0.0158786425182461,-0.015397953697394435,-0.015878642518246094,-0.015397953697394428,-0.07608462524560092,-0.003678392086630261,-0.05184376893030425,-0.017771863418228062,-0.09263650791766323,-0.007681572788559949,-0.045017798289251114,-0.05083975062174817,-0.7999999999999999
chaosnli_snli,llama,16,GPP-rbf,0,64,1.0695885525869047,0.1864021645933326,0.3784808432335382,0.3468689840494279,0.5362637362637362,0.5362637362637362,0.6681683659553528,0.19361190497875214,-0.029620719862041893,0.0255212316161485,-0.02962071986204189,0.025521231616148485,-0.02522120314751134,0.016634308103087025,-0.030148673362969072,0.010253521380246813,-0.021613766434620298,0.007725758603344376,-0.016007215818670494,-0.005337776971118133,-1.0
chaosnli_snli,llama,16,GPP-laplace,0,64,1.0345724601400164,0.19259697138716295,0.40203351165567125,0.49992501473697337,0.5362637362637362,0.5362637362637362,0.6806670427322388,0.36819347739219666,-0.004633718654906974,0.009232269124018989,-0.004633718654906971,0.009232269124018979,-0.013032283103480743,-0.01640168876598709,-0.0202442618915328,-0.01163962449180404,-0.02139853420848689,-0.028989443438724113,0.007734129700374123,-0.013140255594365505,0.19999999999999998
chaosnli_snli,llama,16,LPE,0,64,1.2179398242432264,0.20935491634524092,0.39291475319871577,0.28679945353504405,0.5230769230769231,0.5230769230769231,0.5874404907226562,0.11134244501590729,-0.0005457491381881605,-0.0004003971147329352,-0.0005457491381881605,-0.00040039711473292133,0.007908909152016894,-0.009615272174259403,0.0027929400017719375,-0.007355912784958951,0.012320821385547898,-0.009056129417508045,0.007035926025058469,0.009602864416434275,-0.39999999999999997
chaosnli_snli,llama,16,LP-temp,0,64,1.0416318513572578,0.19772499108510372,0.41027032533344665,0.5149617249832705,0.5076923076923077,0.5076923076923077,1.063927725724531,,-0.020797140645179728,,-0.02079714064517972,,-0.0024055383957562217,,-0.011585136539864156,,0.005030163292333065,,0.006635896914486229,,-0.19999999999999998
chaosnli_snli,llama,16,GPP-cosine,0,256,1.0989651706742813,0.19433904096923343,0.3864298106375877,0.3930103360284369,0.47692307692307695,0.47692307692307695,0.8639318346977234,0.028326814994215965,0.04743105790139455,0.0018716359166128411,0.04743105790139453,0.0018716359166128411,0.019102226226479904,0.02551014052508022,0.0357600336891903,0.005264543519383335,0.014713158084199884,0.02549421995452929,0.07728122893825243,-0.03781784758907744,0.7999999999999999
chaosnli_snli,llama,16,GPP-rbf,0,256,1.021335383959385,0.16929443360598218,0.35361153299019643,0.3389641469279572,0.5560439560439561,0.5560439560439561,0.6710553765296936,0.15856048464775085,0.0033297385038212543,0.01542125820763768,0.003329738503821268,0.015421258207637649,-0.008083019605983694,-0.008643627375614622,-0.0033559633422265214,-0.0020701625986078304,-0.009251442994645573,-0.019255010693866658,0.014462644819760359,0.006299821502483183,-0.19999999999999998
chaosnli_snli,llama,16,GPP-laplace,0,256,1.0187815507548064,0.18667739286501794,0.39405092750931836,0.49381073414373494,0.5340659340659341,0.5340659340659341,0.678625226020813,0.3638584017753601,0.0014240894973930399,0.006632750815109563,0.0014240894973930433,0.006632750815109551,-0.003731874016213735,-0.018969955793654528,-0.008949256116995135,-0.00819980108151071,-0.009989820018126106,-0.029352196083548623,0.014538956105503278,0.0002774724212822725,-0.19999999999999998
chaosnli_snli,llama,16,LPE,0,256,1.1527905915743144,0.1890905892522592,0.3677494937985922,0.3054585008241948,0.5340659340659341,0.5340659340659341,0.46841275691986084,0.240901917219162,-0.003510111502268369,0.05330758255770868,-0.0035101115022683586,0.05330758255770868,-0.031118059652372673,0.03596584391140749,-0.018623236913072643,0.0403463266562409,-0.038686119145578665,0.0301971740025839,-0.009671914027240058,0.07473218993860764,-0.19999999999999998
chaosnli_snli,llama,16,LP-temp,0,256,1.0217621478869603,0.19100725536121355,0.40022560365072957,0.5112735794456513,0.4989010989010989,0.4989010989010989,1.0601127097750438,,0.013045594055823395,,0.013045594055823412,,0.002524308925766716,,0.010126318761096292,,0.004021252670635016,,0.023243538592432823,,0.7999999999999999
chaosnli_snli,llama,16,GPP-cosine,0,1024,1.0469957531063574,0.17000215422441162,0.35386680503838414,0.3607859189964933,0.567032967032967,0.567032967032967,0.8125483989715576,0.01136911939829588,0.08347324068273036,0.03388164071397064,0.08347324068273035,0.033881640713970644,0.07437338196913841,0.07541582418491248,0.08495874507117765,0.051850566081023924,0.07611779626362795,0.08596116156396147,0.11141511417369374,-0.00188405436222573,0.6000000000000001
chaosnli_snli,llama,16,GPP-rbf,0,1024,1.0550016791714538,0.1749415071788933,0.35921574663524364,0.29143718438297245,0.5318681318681319,0.5318681318681319,0.5235804915428162,0.2410738170146942,0.06369309548977262,0.053855478659574504,0.06369309548977262,0.05385547865957452,0.05382951485402582,0.0491383476180761,0.056847570619211564,0.054099969338201534,0.04680695750418662,0.0481354619229949,0.05669769283441612,0.037378771050992333,0.6000000000000001
chaosnli_snli,llama,16,GPP-laplace,0,1024,1.0265271648000034,0.17750105006700323,0.36983054324493303,0.37532328503702933,0.5318681318681319,0.5318681318681319,0.5978479385375977,0.3154117166996002,0.04435229548808595,0.04281244841536714,0.04435229548808596,0.042812448415367146,0.03640250180757237,0.03485961164713816,0.03231673928444574,0.03560738637732332,0.028532467731102643,0.03424486880941288,0.03723907935680684,0.01803131215904365,0.7999999999999999
chaosnli_snli,llama,16,LPE,0,1024,1.1048825851563602,0.15197271851255817,0.3154265559575586,0.26254919028081236,0.643956043956044,0.643956043956044,0.21388864517211914,0.38112467527389526,0.13967310823882823,0.18407079242879337,0.13967310823882823,0.18407079242879337,0.13537610209402715,0.14876583313817024,0.14026347163159958,0.16958354592467936,0.13466960310703566,0.13715953017629565,0.1421192593772018,0.18114209911352366,0.6000000000000001
chaosnli_snli,llama,16,LP-temp,0,1024,0.9478431728000957,0.16203504673307795,0.36228180278400407,0.48489283774594216,0.6351648351648351,0.6351648351648351,1.0326862622171638,,0.1556173533120503,,0.15561735331205032,,0.12287040989281431,,0.14057919628836152,,0.11191740846878234,,0.16331819058250915,,1.0
chaosnli_snli,llama,16,GPP-cosine,1,16,1.6198370436370957,0.24424423224700906,0.41033500508440357,0.28051479988968203,0.5142857142857142,0.5142857142857142,0.534132719039917,0.03182884305715561,0.06075781917486366,0.01999270592092603,0.06075781917486366,0.01999270592092605,0.04172014953784975,0.022241983074188457,0.06436820222912212,0.025895519348725457,0.04586011035636564,0.027707249391002105,0.06449794199605999,0.007036499315185085,0.39999999999999997
chaosnli_snli,llama,16,GPP-rbf,1,16,1.2811284247702424,0.21382828350301122,0.38542458575198446,0.21849632373177383,0.5362637362637362,0.5362637362637362,0.47626230120658875,0.1779562532901764,-0.014369054815628389,0.026399421730399667,-0.014369054815628376,0.026399421730399664,-0.00432341580355765,0.02412504041487234,-0.018160543704091713,0.015403789224901002,-0.009543465645080827,0.014425370204139806,-0.028474301406582588,-0.008421186067672237,-0.39999999999999997
chaosnli_snli,llama,16,GPP-laplace,1,16,1.0568899436310943,0.2047300016212542,0.4209816557611083,0.533864182491883,0.5362637362637362,0.5362637362637362,0.7013029456138611,0.38225531578063965,0.039372833487331525,0.036211883975429654,0.03937283348733152,0.03621188397542964,0.0505498720932813,0.0312865609531191,0.04149592404287625,0.033366698815730934,0.05006152475368375,0.027343137977504893,0.030616655735391067,0.0015232955653223749,0.7999999999999999
chaosnli_snli,llama,16,LPE,1,16,6.247765488626251,0.27877522328237775,0.43393896009343175,0.3012390526499774,0.5362637362637362,0.5362637362637362,0.27789783477783203,0.03907741233706474,-0.05363022505810178,-0.03911967574739874,-0.05363022505810175,-0.03911967574739874,-0.028861464573907997,-0.007703575663484945,-0.04294747669421097,-0.023392133559378348,-0.025097287106475245,-0.00028660649532708665,-0.03696485557957539,-0.03636248806185029,0.0
chaosnli_snli,llama,16,LP-temp,1,16,6.07631147443305,0.24459001934813135,0.3928218375846499,0.20461003344319498,0.5362637362637362,0.5362637362637362,0.5198882981010895,,-0.058030757044485765,,-0.05803075704448575,,-0.02864754489695514,,-0.045764097696100764,,-0.02395805637206766,,-0.04029993904171404,,0.0
chaosnli_snli,llama,16,GPP-cosine,1,64,1.6331191883633747,0.2886325959029799,0.46682596859916503,0.24500196537102828,0.38461538461538464,0.38461538461538464,0.6027633547782898,0.032563742250204086,-0.07333728589202071,-0.05356441275237324,-0.07333728589202071,-0.05356441275237322,-0.056168854102878946,-0.031825906492591254,-0.07544623956386427,-0.05436465067161702,-0.055729473556190186,-0.032638838784708066,-0.06451985441867732,-0.07626567732840318,-0.7999999999999999
chaosnli_snli,llama,16,GPP-rbf,1,64,1.1085871617156304,0.19004482968982606,0.375052471501896,0.30374312811684484,0.5362637362637362,0.5362637362637362,0.6228601336479187,0.18463440239429474,-0.04300662309356046,-0.0036437278462016645,-0.04300662309356045,-0.003643727846201667,-0.02282571061409805,0.002908674859736362,-0.038326284699512866,-0.010726837084204001,-0.019456038947304022,-0.002697318132660137,-0.035382765926823365,-0.0234073084719362,-0.39999999999999997
chaosnli_snli,llama,16,GPP-laplace,1,64,1.0329681824824732,0.19040812001225094,0.39689610146067955,0.4848939317636188,0.5384615384615384,0.5384615384615384,0.670424222946167,0.3629847466945648,0.021451735873606454,0.02678005394662182,0.02145173587360645,0.026780053946621796,0.0299610538879413,0.026417310773932556,0.01481862194555697,0.01893682486713212,0.025359266023208697,0.020081201749406787,0.00410163606032755,-0.011782386080023403,0.7999999999999999
chaosnli_snli,llama,16,LPE,1,64,1.276448955826323,0.21249831549447884,0.3891506588715896,0.26227078525471464,0.5274725274725275,0.5274725274725275,0.5333209037780762,0.0950234979391098,-0.050325476745643236,0.02120163856071962,-0.050325476745643236,0.021201638560719636,-0.036938440887285325,0.0025538062715164712,-0.048659447653222256,0.01840546820084214,-0.035735426818011604,0.004079242206947761,-0.038351771793666056,0.018379171868093815,-0.39999999999999997
chaosnli_snli,llama,16,LP-temp,1,64,1.0293879589104469,0.184925937393538,0.38398378908911984,0.43570579384783636,0.5362637362637362,0.5362637362637362,0.9770850115649544,,-0.04853660580362508,,-0.04853660580362507,,-0.029458781035374283,,-0.04465099650733599,,-0.026554703865016006,,-0.03570775772971183,,-0.7999999999999999
chaosnli_snli,llama,16,GPP-cosine,1,256,1.069464987782913,0.18297709035496762,0.37832245063836234,0.3925091463333014,0.5296703296703297,0.5296703296703297,0.8498449325561523,0.02608243003487587,0.03237845666412895,-0.020067401202565366,0.03237845666412895,-0.02006740120256536,0.004917429897745948,0.0033080667604285727,0.02001773769604584,-0.01630088195048559,-0.0014869445520088384,0.003590086712737195,0.0432839141507517,-0.044989707073046926,0.6000000000000001
chaosnli_snli,llama,16,GPP-rbf,1,256,1.0564497585455912,0.1740815304699477,0.354454450571275,0.3044578263323675,0.5516483516483517,0.5516483516483517,0.6362734436988831,0.15153151750564575,0.09444915953481986,0.1016127190249449,0.09444915953481986,0.10161271902494488,0.09860551969257375,0.09009646517402531,0.09293354307443552,0.09194716966507367,0.09224056079294513,0.07606961878042982,0.09969088519207042,0.09609317115303857,0.6000000000000001
chaosnli_snli,llama,16,GPP-laplace,1,256,1.044822395191042,0.18635068033266158,0.3832650865172292,0.4096591912358229,0.5296703296703297,0.5296703296703297,0.6208701133728027,0.33255401253700256,0.019935477386159507,0.030292355299345992,0.019935477386159504,0.030292355299345992,0.013999829956783295,0.015480308164272,0.006080321563213593,0.01682980200549214,0.0020155815485609014,0.0027157624506661776,0.0025129217216679632,-0.016993083739741597,0.39999999999999997
chaosnli_snli,llama,16,LPE,1,256,1.150281314342743,0.18368228278604606,0.3563784910186199,0.2841662809176096,0.5538461538461539,0.5538461538461539,0.46344298124313354,0.23029595613479614,0.10231246214773843,0.07680068733712456,0.10231246214773841,0.07680068733712458,0.10690050923510397,0.08543151063729841,0.10887615069376516,0.07923041845889663,0.10610420853691951,0.08788654164387374,0.09645529941635117,0.07891536059472061,0.6000000000000001
chaosnli_snli,llama,16,LP-temp,1,256,1.0015299689979051,0.18071520493264825,0.38206120110709874,0.47602689463820524,0.5516483516483517,0.5516483516483517,1.0221921208476008,,0.0949303772431798,,0.09493037724317979,,0.09110582426390748,,0.09437550596442838,,0.08810846371565166,,0.10613078058215683,,0.6000000000000001
chaosnli_snli,llama,16,GPP-cosine,1,1024,1.0330345500507365,0.16622594653670772,0.350995825087613,0.36369616553051787,0.5758241758241758,0.5758241758241758,0.8189693093299866,0.011519216001033783,0.07723307786455713,0.0298729913014805,0.0772330778645571,0.029872991301480488,0.0687058487521564,0.07078838916148052,0.07773817720357847,0.04629260470354265,0.06927735767361179,0.08044037400464608,0.10565010866044058,-0.013236249841122252,0.6000000000000001
chaosnli_snli,llama,16,GPP-rbf,1,1024,1.0462301165386159,0.17258320315716486,0.3562298026903031,0.29250078971015203,0.5428571428571428,0.5428571428571428,0.5243040919303894,0.24137742817401886,0.055962612474874766,0.04142080022317684,0.05596261247487477,0.04142080022317683,0.05041944664137565,0.04184933294625508,0.0513053486918125,0.04421673751112329,0.044656798436524286,0.0425101174748186,0.04884342700306441,0.025028572950007003,0.6000000000000001
chaosnli_snli,llama,16,GPP-laplace,1,1024,1.0232019414038824,0.17648517219128368,0.368412855726022,0.37620868603479474,0.5296703296703297,0.5296703296703297,0.5987911224365234,0.31586360931396484,0.0462550669828615,0.04259319654472174,0.0462550669828615,0.042593196544721754,0.04027000787834769,0.0378204809769897,0.034262554949253905,0.03598368603491993,0.03203272286952019,0.03720051790326165,0.038368906798561586,0.020427218995978942,0.7999999999999999
chaosnli_snli,llama,16,LPE,1,1024,1.1172851335070924,0.15497052460830693,0.32183693811019964,0.2649004574693737,0.6153846153846154,0.6153846153846154,0.20970483124256134,0.38015222549438477,0.13477831538368235,0.15250048488651805,0.13477831538368232,0.15250048488651802,0.11915072148169004,0.13244368361699282,0.13043531503163955,0.14550915358891503,0.11483738254109482,0.12701216368597584,0.14284370700053584,0.1494925984912254,0.7999999999999999
chaosnli_snli,llama,16,LP-temp,1,1024,0.9522975160213,0.16367595936717358,0.3654293439905746,0.48663962604993516,0.6241758241758242,0.6241758241758242,1.0348913382168603,,0.14941091548311694,,0.14941091548311694,,0.11411548646493865,,0.1313013450404244,,0.10078261817875216,,0.1578433335722268,,1.0
chaosnli_snli,llama,16,GPP-cosine,2,16,1.3759289132327304,0.24083591843975802,0.4222278579955685,0.31924748119174257,0.48131868131868133,0.48131868131868133,0.7132316827774048,0.049810320138931274,0.014135029181369108,-0.04278667580189352,0.014135029181369121,-0.04278667580189353,0.00889355085444759,0.0014703524467885969,0.02085479972092958,-0.024065152541099526,0.011813220039570629,0.007092642928765772,0.0384482119327435,-0.04337207343244469,-0.19999999999999998
chaosnli_snli,llama,16,GPP-rbf,2,16,1.2558617570492814,0.22301998561771158,0.4025333627649061,0.24206888596138637,0.5340659340659341,0.5340659340659341,0.5270758271217346,0.192122220993042,-0.02798057306164247,-2.0568614317675177e-05,-0.027980573061642477,-2.056861431768038e-05,-0.024752948272813952,0.0017340425801924964,-0.03693241203332399,-0.010364467600040702,-0.03370572872044815,-0.00817455872222371,-0.03859975162287907,-0.0464563743136402,-0.7999999999999999
chaosnli_snli,llama,16,GPP-laplace,2,16,1.06701062197577,0.20915588314265804,0.4260798443477232,0.5381572458945506,0.5340659340659341,0.5340659340659341,0.7040451169013977,0.3838180899620056,-0.008519651154453328,-0.008871374044551614,-0.008519651154453314,-0.00887137404455162,0.006428688490929896,-0.023374475593298045,-0.00787162471531349,-0.017997706305402306,0.006182225906260386,-0.03125668638615763,0.015980398580525444,-0.020104902547014688,-0.19999999999999998
chaosnli_snli,llama,16,LPE,2,16,1.7065923794820796,0.27651133230616143,0.4378700802998187,0.2464690843353795,0.5340659340659341,0.5340659340659341,0.3527778387069702,0.06289924681186676,-0.0201542540703092,0.01591897192366913,-0.02015425407030917,0.015918971923669138,-0.007177484353284684,0.007587394557324044,-0.01857859403433303,0.0046506043489334,-0.011467779249891813,-0.004566910377271095,-0.020747305983339688,0.007555390578675762,-0.7999999999999999
chaosnli_snli,llama,16,LP-temp,2,16,1.1218466426798974,0.2031755165249671,0.3937081624611641,0.3532909901976133,0.5340659340659341,0.5340659340659341,0.8870672048224546,,-0.04222190837435186,,-0.04222190837435183,,-0.020371716981715065,,-0.034947259404467135,,-0.019925481471797134,,-0.04797750411626202,,-0.7999999999999999
chaosnli_snli,llama,16,GPP-cosine,2,64,1.1231084553951058,0.2074059125273039,0.40514929831580637,0.4019690587916854,0.4703296703296703,0.4703296703296703,0.8587936162948608,0.04632795229554176,-0.03442916687289866,-0.036287497136334584,-0.03442916687289867,-0.03628749713633458,-0.027958141330772915,-0.0035976983662928917,-0.021548827078668377,-0.022493468547365995,-0.02011515459541377,0.0006031454224694408,0.01759401919024136,-0.06524372875188479,-0.39999999999999997
chaosnli_snli,llama,16,GPP-rbf,2,64,1.0322125692894615,0.18105480573561572,0.3737356775491447,0.3935081581810315,0.5296703296703297,0.5296703296703297,0.7119445204734802,0.21661615371704102,0.01627717071457452,0.05029155955358604,0.01627717071457451,0.05029155955358604,0.0454652139066097,0.06356965243381707,0.03796180102832723,0.05564458476069656,0.05754299199422075,0.06358542867110412,0.018248716514837133,0.038393494575103125,0.39999999999999997
chaosnli_snli,llama,16,GPP-laplace,2,64,1.0428029583797418,0.19810635119555925,0.4110732327287014,0.5207812523761552,0.5318681318681319,0.5318681318681319,0.6941074728965759,0.37626194953918457,-0.003802611879322109,0.002045064431468724,-0.003802611879322102,0.002045064431468729,0.010141699701341586,-0.0034213684287167216,-0.0012704333463211502,-0.0013047127212290855,0.011563531568907638,-0.007102211955149372,0.027209559688364148,-0.011449623010974139,0.39999999999999997
chaosnli_snli,llama,16,LPE,2,64,1.1103196612147033,0.19116944040639766,0.3775044655759952,0.32196217310021613,0.512087912087912,0.512087912087912,0.6745983958244324,0.11624138802289963,0.036395565313771805,0.022067139700232948,0.0363955653137718,0.022067139700232954,0.06104192650239003,0.020405536856008634,0.05673048168166511,0.021331368977135286,0.07190593455843382,0.023425237570085754,0.04148983454895758,0.03143687368422658,0.39999999999999997
chaosnli_snli,llama,16,LP-temp,2,64,1.0277656690672088,0.18616064382755915,0.38618526215013255,0.4481960509570313,0.49230769230769234,0.49230769230769234,0.9923142126486552,,0.06555479208954135,,0.06555479208954136,,0.08643724551518339,,0.08386917551688759,,0.09750408302395247,,0.06593849268644074,,0.7999999999999999
chaosnli_snli,llama,16,GPP-cosine,2,256,1.120424429095431,0.20364298408150816,0.399896118756202,0.3767751114785534,0.4351648351648352,0.4351648351648352,0.843126654624939,0.02756316214799881,0.040966644044378234,-0.017595378815195552,0.04096664404437821,-0.017595378815195555,-0.015006767697241605,-0.0063052792434549094,0.01835762037923139,-0.01668977585340823,-0.02502724345774481,-0.006786292385087635,0.0671782644346999,-0.04784020265457677,0.39999999999999997
chaosnli_snli,llama,16,GPP-rbf,2,256,1.0355723075210708,0.1749863985336451,0.35934738363292845,0.3396284144746676,0.5560439560439561,0.5560439560439561,0.6667905449867249,0.16055485606193542,-0.0024528451689396543,0.04220286858658673,-0.0024528451689396578,0.04220286858658673,0.0039692524106353065,0.027047266574235243,-0.000762256868462572,0.03547402781017214,0.004334785664858636,0.02008691151412017,0.0011404014596456669,0.04477389518982737,0.0
chaosnli_snli,llama,16,GPP-laplace,2,256,1.027960908267413,0.18679946260711575,0.3900644073774526,0.46638698233547926,0.5340659340659341,0.5340659340659341,0.6599420309066772,0.3539029359817505,0.010091336521785087,0.025950358082433768,0.01009133652178509,0.025950358082433768,0.006055215455968828,0.004465923171599759,-0.0013765277286672886,0.013021139349585712,-0.004814815076153625,-0.007709809540856035,0.011204573331297164,-0.008386533864463433,-0.19999999999999998
chaosnli_snli,llama,16,LPE,2,256,1.1187345073456245,0.18528720900580967,0.36486962117518346,0.30257688263721827,0.5538461538461539,0.5538461538461539,0.47577351331710815,0.24031561613082886,-0.010444882872919073,0.04406306973575856,-0.01044488287291908,0.04406306973575856,-0.01389831024399283,0.05125380900471113,-0.012872319388115118,0.037468298435961625,-0.015198416185360886,0.047053564996143,-0.004890164780036744,0.03810181729846136,-0.39999999999999997
chaosnli_snli,llama,16,LP-temp,2,256,1.0132562732019907,0.18686076193723794,0.3916413166522125,0.49439186397554874,0.5054945054945055,0.5054945054945055,1.0427234990681042,,0.0686195551137444,,0.0686195551137444,,0.06373939268213095,,0.0642950945704214,,0.05738978503741495,,0.050288818810069934,,0.6000000000000001
chaosnli_snli,llama,16,GPP-cosine,2,1024,1.0318843171654901,0.16435256688926,0.34691857048430375,0.36074090613113113,0.5758241758241758,0.5758241758241758,0.8165578842163086,0.011471154168248177,0.08916927722384027,0.04117257518205378,0.08916927722384024,0.041172575182053764,0.08173928836002964,0.08508621036906668,0.09068515811725167,0.05868441077339821,0.08357250066639038,0.09562615053189377,0.12239323790497748,-0.008122438212802207,0.6000000000000001
chaosnli_snli,llama,16,GPP-rbf,2,1024,0.9978448131659983,0.1476783774206574,0.31718526045575285,0.2743303673604798,0.6043956043956044,0.6043956043956044,0.5826957821846008,0.08718623965978622,0.12328229971446264,0.13600648799118215,0.12328229971446264,0.13600648799118212,0.11698578037198001,0.12884959202728014,0.11918131256709551,0.12992047473089144,0.11328950995812806,0.12368259559034514,0.1403898341619094,0.12861076042483977,0.6000000000000001
chaosnli_snli,llama,16,GPP-laplace,2,1024,1.023506284383687,0.17646695581021157,0.3683983514024006,0.37460828776408156,0.5296703296703297,0.5296703296703297,0.5974639058113098,0.31519395112991333,0.04328225873557397,0.04032992875857044,0.043282258735573974,0.04032992875857044,0.03302366148250571,0.03199498664117428,0.02854899294775229,0.031008422260136476,0.02370607114452418,0.030066450880556986,0.03265371382742108,0.015649546976979706,0.7999999999999999
chaosnli_snli,llama,16,LPE,2,1024,1.115821247255361,0.15405607368283125,0.31779976962898415,0.26244986283754024,0.6197802197802198,0.6197802197802198,0.21678070724010468,0.3737580478191376,0.12415295929468304,0.1972162452402491,0.12415295929468304,0.1972162452402491,0.10955409465507293,0.1702250810920926,0.11956235495024171,0.18483380340563493,0.10788149586480314,0.15860475211657393,0.12888326433169137,0.19721173985709237,0.6000000000000001
chaosnli_snli,llama,16,LP-temp,2,1024,0.9438088769782369,0.1585875969764591,0.3553650885809865,0.46428194503819475,0.6153846153846154,0.6153846153846154,1.010692520236095,,0.15982540430377556,,0.15982540430377556,,0.1331001034524529,,0.14983473907207287,,0.12564827780626664,,0.18575326269860715,,1.0
chaosnli_snli,llama,16,GPP-cosine,3,16,1.6920802619311996,0.341499310753587,0.5354960502306982,0.35331380830897746,0.3098901098901099,0.3098901098901099,0.7933531999588013,0.06411623954772949,0.0326215541896793,0.0036851112873393654,0.0326215541896793,0.0036851112873393568,-0.0175216418213566,0.02861652521584452,0.005579141840907631,0.009272416576924254,-0.031776240504506406,0.029154142968338487,0.01963111010681782,-0.03163580535816242,-0.19999999999999998
chaosnli_snli,llama,16,GPP-rbf,3,16,1.2004812116409693,0.2529655834936742,0.4747486389641251,0.4948608663125693,0.2879120879120879,0.2879120879120879,0.7517260909080505,0.2907736301422119,0.03570786538508467,0.06349706263181114,0.03570786538508465,0.06349706263181112,0.019143812877440713,0.03183434828771743,0.029981114532988597,0.047056783589945694,0.011040128626838478,0.01953310873170467,0.07435235338027289,0.048187392001506534,0.6000000000000001
chaosnli_snli,llama,16,GPP-laplace,3,16,1.1056702380251346,0.22507600332412422,0.4476862841418811,0.5473900123383041,0.27912087912087913,0.27912087912087913,0.7099798321723938,0.38715115189552307,0.006612210919332274,-0.015585258145769852,0.006612210919332277,-0.015585258145769852,0.019345078417806326,-0.03925358220035573,0.013850789486852942,-0.023691483378007874,0.022890565156919368,-0.04536641862084528,0.02244704822475908,-0.009910403035544031,0.6000000000000001
chaosnli_snli,llama,16,LPE,3,16,1.3863767212187188,0.29598778025569233,0.5080438235385732,0.3866108141052965,0.2835164835164835,0.2835164835164835,0.7594525218009949,0.16508327424526215,0.0899978474197757,0.02340151080321079,0.08999784741977568,0.02340151080321077,0.05178468344193014,0.04108341145692533,0.07290088387458121,0.02077800078407055,0.03882583327013014,0.038334881615076706,0.10627047227634234,-0.016566619584442048,1.0
chaosnli_snli,llama,16,LP-temp,3,16,1.5242441474967594,0.3188795695895129,0.5206656237306543,0.3447864847422897,0.27912087912087913,0.27912087912087913,0.8382660639094904,,0.09619046710586561,,0.0961904671058656,,0.05352957793442146,,0.07702468621907699,,0.03964559750866104,,0.10973339943671642,,0.7999999999999999
chaosnli_snli,llama,16,GPP-cosine,3,64,1.1606212823660353,0.21131032948248793,0.40739566591148685,0.34797412319929216,0.45714285714285713,0.45714285714285713,0.8012287616729736,0.041462332010269165,-0.0077156005910769335,-0.014311607192267536,-0.007715600591076937,-0.01431160719226754,-0.045334260820248655,0.007611375412077494,-0.025227706580812175,-0.012008975061524083,-0.055277942920052774,0.0037647736951312433,-0.02169603744398665,-0.05933591029820122,-0.19999999999999998
chaosnli_snli,llama,16,GPP-rbf,3,64,1.0618751442775074,0.18839199790003813,0.382539749425928,0.3882035085966915,0.5230769230769231,0.5230769230769231,0.7040481567382812,0.21862700581550598,-0.0033804356911364547,0.039066837693063565,-0.003380435691136434,0.039066837693063565,-0.001789131543589742,0.02864677499331007,0.003734621707533768,0.03152700829464939,0.0017097723848587473,0.02127784626855876,0.0024555927090063366,0.021352445561434636,0.0
chaosnli_snli,llama,16,GPP-laplace,3,64,1.0448696428466298,0.1994073409799068,0.41374907239780323,0.5230043398192744,0.5340659340659341,0.5340659340659341,0.6953012347221375,0.37732577323913574,0.008480039184958092,0.015716477353701946,0.008480039184958071,0.015716477353701956,0.004170624731548375,-0.01438347620679151,0.0005857185735893972,-0.00048701725278176185,-0.0034484027245692966,-0.026668002915514903,0.025784742627013857,0.005265160221746739,-0.19999999999999998
chaosnli_snli,llama,16,LPE,3,64,1.189715106441733,0.20395468006318218,0.3881419954532348,0.2979398120910582,0.5296703296703297,0.5296703296703297,0.6287047266960144,0.11179269105195999,-0.009283025820579077,-0.048101401517892654,-0.009283025820579077,-0.04810140151789264,0.0010496066155145714,-0.03951050803529675,0.002022621295429114,-0.04495178177302362,0.00678797507854325,-0.0400132249707167,0.00011828886279182277,-0.048990252974381136,0.0
chaosnli_snli,llama,16,LP-temp,3,64,1.0363799386400754,0.19198285534151557,0.39785510967930543,0.4770334608292852,0.5208791208791209,0.5208791208791209,1.0247921083198166,,-0.018051787152184487,,-0.018051787152184473,,-0.009280978709428622,,-0.00677592642403102,,-0.0019796891157235486,,-0.013863238142931575,,0.0
chaosnli_snli,llama,16,GPP-cosine,3,256,1.085837871807914,0.17824729722148133,0.36953167665630976,0.3797779176244346,0.5340659340659341,0.5340659340659341,0.816603422164917,0.023661302402615547,0.02456578152052982,-0.03995608456008005,0.0245657815205298,-0.039956084560080055,-0.008541800169830818,-0.02121904411495052,0.009626257179562208,-0.037470735126305534,-0.015629909558286907,-0.020109379455269444,0.06020807567749343,-0.04203318619118388,0.0
chaosnli_snli,llama,16,GPP-rbf,3,256,1.1062237547519802,0.18101615421826558,0.3619021780980792,0.2829834280621365,0.5648351648351648,0.5648351648351648,0.5775789022445679,0.13639725744724274,0.042174665045821784,0.030013374640854906,0.04217466504582178,0.030013374640854885,0.04663977275398809,0.03821321194448779,0.04218022690335105,0.027615888204118214,0.042786341376623335,0.03470943001945268,0.05796026878993401,0.043164988298930305,0.7999999999999999
chaosnli_snli,llama,16,GPP-laplace,3,256,1.0501958595869127,0.1858079272140527,0.3805716694875078,0.3916975710442097,0.5362637362637362,0.5362637362637362,0.6061743497848511,0.3245435655117035,0.0027693724745112766,-0.005937006896565546,0.0027693724745112835,-0.005937006896565539,0.00742701363200074,0.0012853187109419031,-0.004666834575797127,-0.009526511213031004,0.008176469011400449,0.006839263715686238,0.029131482988393697,0.01126241193518245,0.39999999999999997
chaosnli_snli,llama,16,LPE,3,256,1.2253012127525202,0.19068295904665003,0.3664060466050005,0.28869217191297286,0.5560439560439561,0.5560439560439561,0.4053387939929962,0.2115039974451065,0.057933075114182116,0.03538396549959648,0.05793307511418211,0.035383965499596465,0.06440508529586336,0.027011965315962335,0.0633189110119905,0.02775106058719614,0.062310205701063756,0.015571725806876172,0.07943068471964568,0.05174567806763071,0.7999999999999999
chaosnli_snli,llama,16,LP-temp,3,256,0.9988385612613725,0.17503496943182242,0.37558906166681943,0.44578432802848655,0.5428571428571428,0.5428571428571428,0.9894445591742329,,0.08656800989429739,,0.08656800989429736,,0.0704082658577053,,0.08412934319020221,,0.06095495245155879,,0.11708533571934636,,0.6000000000000001
chaosnli_snli,llama,16,GPP-cosine,3,1024,1.0324216707449332,0.1663633965349984,0.350746198921382,0.365903153999026,0.5736263736263736,0.5736263736263736,0.8204788565635681,0.011435107327997684,0.07789620335050068,0.03362215149106067,0.07789620335050067,0.03362215149106067,0.06592053044161489,0.07333526077915706,0.07859525091828476,0.05104177944944195,0.0667250950437869,0.08283505252653567,0.10338898870216308,-0.00462912682314828,0.6000000000000001
chaosnli_snli,llama,16,GPP-rbf,3,1024,1.0423036892669884,0.17175163595508802,0.3557940868773385,0.2968626764163028,0.5406593406593406,0.5406593406593406,0.529671847820282,0.24354645609855652,0.05432473012916432,0.03678748307921899,0.05432473012916432,0.03678748307921896,0.03980256054361894,0.02916104923492689,0.044571474075501744,0.03491474956906257,0.031121058558381338,0.027205776321781016,0.043185180851167786,0.01955282415508322,0.6000000000000001
chaosnli_snli,llama,16,GPP-laplace,3,1024,1.0197434384565867,0.17609304638163112,0.36906029324118905,0.38375489053802486,0.5340659340659341,0.5340659340659341,0.6042599081993103,0.31870460510253906,0.03964100505484714,0.03412931694584196,0.039641005054847134,0.034129316945841974,0.02661094778066518,0.02270489687575418,0.024767834377460097,0.024796811172020157,0.01707651911517078,0.020913017161657974,0.0314021269327744,0.007158164219833648,0.7999999999999999
chaosnli_snli,llama,16,LPE,3,1024,1.1011136739003013,0.153695385002296,0.32065990111001896,0.2644445807421425,0.6087912087912087,0.6087912087912087,0.2174803465604782,0.3787328004837036,0.14363625166178456,0.19202858505139328,0.14363625166178456,0.19202858505139325,0.12607866198286044,0.14338397323770832,0.13435528651095574,0.17219086384676047,0.11757757183689532,0.12805524328649087,0.125562704219427,0.19481933645981972,0.7999999999999999
chaosnli_snli,llama,16,LP-temp,3,1024,0.9455300252901948,0.16013265653108158,0.35872100098473103,0.47561261334352734,0.6307692307692307,0.6307692307692307,1.0232422670303565,,0.15361755835980612,,0.15361755835980612,,0.10880095595873941,,0.13175034218113607,,0.09262221748757048,,0.14426597610576786,,1.0
chaosnli_snli,llama,16,GPP-cosine,4,16,2.462636353396068,0.39206009154592364,0.5455764649765295,0.27472561829408826,0.34505494505494505,0.34505494505494505,0.391616553068161,0.03452538698911667,0.0391305707638254,0.025676997620039957,0.039130570763825416,0.025676997620039946,0.0875182176492696,0.06310279675450532,0.06623349625460825,0.0355478328451766,0.09665402248010341,0.06151566302000506,0.047400455754371275,0.013321224177667372,1.0
chaosnli_snli,llama,16,GPP-rbf,4,16,1.090184859487345,0.19230415132453357,0.3805280440538139,0.3357865486598928,0.5362637362637362,0.5362637362637362,0.6347272992134094,0.23056167364120483,0.014904019650196908,0.05188343293410311,0.014904019650196904,0.05188343293410311,0.010831528953914274,0.03271917685978645,0.007208491178128232,0.03290602832034193,0.0019247162751612513,0.017984206253705712,0.028987396069904147,0.009917345900334775,0.0
chaosnli_snli,llama,16,GPP-laplace,4,16,1.0654784395728158,0.2090729287627065,0.4270716116323576,0.5419329690977872,0.5362637362637362,0.5362637362637362,0.7065593600273132,0.38510218262672424,0.008032869817039517,0.0017186948368544397,0.008032869817039538,0.0017186948368544258,0.02157910595775664,-0.019432760807464484,0.009605512738771832,-0.009531039507754368,0.022466805741123128,-0.02715056760478997,0.02734090682626223,-0.005409310839139251,0.7999999999999999
chaosnli_snli,llama,16,LPE,4,16,1.2746785893668038,0.21954705570803562,0.39575237513182093,0.22496957261652162,0.5362637362637362,0.5362637362637362,0.5330150723457336,0.10425473004579544,0.020282712474676654,0.007070290595662956,0.020282712474676654,0.00707029059566296,0.016867475696473906,0.023578798887308086,0.015900395952206776,0.010626631215118088,0.009836099702077238,0.02120405091421862,0.03143337024456392,0.021964783115563765,0.0
chaosnli_snli,llama,16,LP-temp,4,16,1.0848287088177586,0.19222563060523343,0.3819132771517804,0.3552471326364516,0.5362637362637362,0.5362637362637362,0.8858502727134835,,0.019333066337876008,,0.019333066337876022,,0.015453904425861073,,0.014824746765755861,,0.008415516469181084,,0.027702398100545263,,0.0
chaosnli_snli,llama,16,GPP-cosine,4,64,1.2657422491705868,0.22881050892145355,0.420812749351307,0.36513106343118973,0.4901098901098901,0.4901098901098901,0.7421165108680725,0.03238494321703911,-0.010111244534769422,-0.06357874721880133,-0.010111244534769429,-0.06357874721880133,-0.011067413588454755,-0.043073735462539245,0.0014307405381959043,-0.05230158705368413,-0.0004881541030584205,-0.03308046162258912,0.021470798123129416,-0.05821563769189008,-0.19999999999999998
chaosnli_snli,llama,16,GPP-rbf,4,64,1.2239778251475868,0.21462343918204382,0.39452102054319865,0.25040998090729216,0.5340659340659341,0.5340659340659341,0.5322216153144836,0.1595739722251892,-0.03577377815033546,0.014132722435519645,-0.035773778150335465,0.014132722435519628,-0.0034263003355410777,0.0331554518394587,-0.02656411032584159,0.013589480920348253,-0.0036110685109536043,0.027353734266371152,-0.016432278598104977,0.011845575391757106,1.0
chaosnli_snli,llama,16,GPP-laplace,4,64,1.045587135728714,0.19276806326057477,0.3972685851729833,0.46914793523434084,0.5340659340659341,0.5340659340659341,0.6595941185951233,0.357081800699234,0.025096342621075424,0.032902142501127565,0.025096342621075417,0.032902142501127545,0.027145156826846276,0.02841034833420174,0.017100260679479614,0.02378381922688686,0.021093237530007903,0.020974305949381336,0.027141083367684983,-0.004457458132247378,0.39999999999999997
chaosnli_snli,llama,16,LPE,4,64,1.4841576961395666,0.24796639306204799,0.41652534843836964,0.2731150448299067,0.5428571428571428,0.5428571428571428,0.4255475401878357,0.06886023283004761,-0.026369005740024234,-0.03866813007034846,-0.02636900574002425,-0.03866813007034847,0.004285868188984594,-0.011591203436525532,-0.012723721035738017,-0.023032541260143338,0.00791128353932398,-0.004005553724505648,-0.008370609138724092,-0.01038151980618508,1.0
chaosnli_snli,llama,16,LP-temp,4,64,1.089590737309218,0.19487886848272437,0.38584740440381354,0.36589279139568087,0.5318681318681319,0.5318681318681319,0.8870047384528235,,-0.008369531200937343,,-0.008369531200937363,,0.022655522088466867,,0.0023463813672806033,,0.02076404273637051,,-0.0055063242683433145,,1.0
chaosnli_snli,llama,16,GPP-cosine,4,256,1.167997255210379,0.19860103192725542,0.38329575492704293,0.3629323451921354,0.5208791208791209,0.5208791208791209,0.7760003209114075,0.02241246961057186,0.027269826051474176,-0.008261029688887006,0.027269826051474176,-0.008261029688886999,0.01332157621839004,0.008389572930990553,0.028075898360260712,-0.0023761512774251453,0.011393769837853424,0.006252180990587115,0.056206064701391195,-0.01927567022831574,0.7999999999999999
chaosnli_snli,llama,16,GPP-rbf,4,256,1.066471909218311,0.17625806658985035,0.3551476404285775,0.3058947112000814,0.5714285714285714,0.5714285714285714,0.6163532733917236,0.1472344696521759,0.011195116903343044,0.05093122268946713,0.011195116903343055,0.05093122268946709,0.007219872168986424,0.048539682227684504,0.006587647048452626,0.04227447876916714,0.0019865091690199205,0.039773509383145236,0.012866668806163632,0.04735433774863014,0.39999999999999997
chaosnli_snli,llama,16,GPP-laplace,4,256,1.0540021958729455,0.188990389671778,0.38545919104100584,0.40606771936046776,0.5296703296703297,0.5296703296703297,0.6177405714988708,0.3309096097946167,0.05157762947517319,0.06650937078328265,0.0515776294751732,0.06650937078328262,0.02440075307402869,0.037381547048239795,0.029747512289977063,0.04561661066945179,0.010110066916501376,0.023714895221069794,0.03462366610028048,0.01723526696878549,0.19999999999999998
chaosnli_snli,llama,16,LPE,4,256,1.199448035720874,0.19167256540113473,0.3667922915742735,0.2980754280161424,0.5560439560439561,0.5560439560439561,0.4489839971065521,0.18782757222652435,0.006014435128118438,-0.017734122918632585,0.006014435128118431,-0.017734122918632588,0.007620591024324136,-0.02895089088191255,0.008164892662553103,-0.021125160372275797,0.0062415530204334435,-0.03475147083477304,0.016898172374335125,-0.01442175012406173,0.6000000000000001
chaosnli_snli,llama,16,LP-temp,4,256,0.9960549712398,0.1727973612733993,0.36487280981181053,0.41765831711542756,0.5582417582417583,0.5582417582417583,0.9507239849039404,,0.030497000609418665,,0.030497000609418647,,0.023322094474330764,,0.03404933162279217,,0.021127179128015143,,0.023295516897246033,,0.7999999999999999
chaosnli_snli,llama,16,GPP-cosine,4,1024,1.0351754935949704,0.16728727794883372,0.3515756339619487,0.3630977937076235,0.567032967032967,0.567032967032967,0.8222978115081787,0.011778326705098152,0.0802678639144998,0.03715297679669468,0.08026786391449979,0.03715297679669469,0.07254300422435625,0.08123825063828177,0.08089077591878707,0.053942776159899834,0.07323301785827332,0.09050035535770459,0.10806238611543592,-0.008201552250275251,0.6000000000000001
chaosnli_snli,llama,16,GPP-rbf,4,1024,1.0536767973832506,0.1747917320374534,0.3584892814446773,0.2891813317709473,0.5296703296703297,0.5296703296703297,0.5218501091003418,0.23988564312458038,0.06021230060097452,0.0402832196004267,0.06021230060097453,0.04028321960042671,0.05438070796851083,0.04094283503823323,0.05355354713832344,0.04141910125392417,0.047321603971876125,0.04043940608126792,0.05364454071676676,0.027883302984944177,0.6000000000000001
chaosnli_snli,llama,16,GPP-laplace,4,1024,1.026094362917296,0.17729475754128923,0.3691288894185653,0.37324944534790827,0.5340659340659341,0.5340659340659341,0.5967638492584229,0.31468942761421204,0.052987191002789896,0.046804567587329454,0.05298719100278989,0.04680456758732944,0.0442389843541707,0.039681578748141,0.03914765367470661,0.03839631943239959,0.034805913327006305,0.03782060239973532,0.04852123795190608,0.024537008515885035,0.7999999999999999
chaosnli_snli,llama,16,LPE,4,1024,1.1061884731747942,0.15475709781951885,0.3215937107830535,0.26602251924439796,0.610989010989011,0.610989010989011,0.21911084651947021,0.38215363025665283,0.13048036475641195,0.1544454214900473,0.13048036475641195,0.1544454214900473,0.10749884304853013,0.1332372133474666,0.12177745148764381,0.14779339036792888,0.10174362996176348,0.12530567297054368,0.12505120202867936,0.15874683881177404,0.6000000000000001
chaosnli_snli,llama,16,LP-temp,4,1024,0.9544858478718609,0.1646163369518059,0.36589404625291444,0.4895005228667755,0.6241758241758242,0.6241758241758242,1.0375909075842609,,0.15170193665852771,,0.1517019366585277,,0.11536584998615876,,0.13332999591640404,,0.10166224950564308,,0.161431556474718,,1.0
chaosnli_snli,llama,32,GPP-cosine,0,64,1.327221178246504,0.23995650914012817,0.43255574735070856,0.3148594621124814,0.4307692307692308,0.4307692307692308,0.662781298160553,0.07904937863349915,-0.017868434653169854,-0.0354375697851918,-0.01786843465316986,-0.035437569785191816,-0.07409374417747738,-0.024952195640216154,-0.04830435648474455,-0.04015435757680719,-0.08427473109117187,-0.025832108082008837,-0.0324666301494353,-0.06682760197391961,-0.19999999999999998
chaosnli_snli,llama,32,GPP-rbf,0,64,1.0804823275848339,0.187579289947606,0.37792494354339745,0.33235177875848193,0.5362637362637362,0.5362637362637362,0.6488678455352783,0.18587371706962585,-0.04601239043120272,0.004776319555428031,-0.04601239043120274,0.00477631955542801,-0.05305923704182532,-0.009485086198961261,-0.047539329303847855,-0.009395190776683576,-0.04720077729897858,-0.014056147848722746,-0.04155850196634561,-0.022940140717646905,-0.39999999999999997
chaosnli_snli,llama,32,GPP-laplace,0,64,1.0342508237332184,0.192791782130684,0.4024573727623447,0.5019179775755583,0.5362637362637362,0.5362637362637362,0.6819853186607361,0.3687532842159271,-0.014501094168664026,-0.0016656584409789742,-0.01450109416866403,-0.001665658440978983,-0.024789776577820423,-0.026995863761591694,-0.02853022466254067,-0.020763970317899106,-0.030442794751656184,-0.037101370777474885,0.002746505598812613,-0.0172166992868997,0.19999999999999998
chaosnli_snli,llama,32,LPE,0,64,1.2640665053037003,0.21379175656957933,0.39550415611170886,0.28251710899910637,0.5362637362637362,0.5362637362637362,0.5493571162223816,0.09382546693086624,-0.018102264323953298,-0.04025296160031227,-0.0181022643239533,-0.040252961600312276,-0.027193102456181832,-0.0668581601922316,-0.02022338955341413,-0.05085486932937444,-0.023804994700917136,-0.06628462645040323,-0.022390100690610076,-0.03572476533680145,-0.39999999999999997
chaosnli_snli,llama,32,LP-temp,0,64,1.0370163357305549,0.18861239746006891,0.3909964977233855,0.45171464039143655,0.5186813186813187,0.5186813186813187,0.9920124508107014,,-0.021553381264020163,,-0.021553381264020142,,-0.018978099602970755,,-0.01858985213639219,,-0.010545604480630973,,-0.02209224462038145,,-0.39999999999999997
chaosnli_snli,llama,32,GPP-cosine,0,256,1.1389137868862225,0.18794311114362472,0.36957632768243565,0.3357325938060109,0.5362637362637362,0.5362637362637362,0.723314642906189,0.0443098247051239,0.062138161908258674,0.0013540489728405686,0.06213816190825867,0.0013540489728405686,0.04713735835189932,0.030126240083271055,0.0567286288879546,0.004970458611355026,0.04292458261864283,0.029832112133732526,0.07522553794201241,-0.00854164069316461,0.6000000000000001
chaosnli_snli,llama,32,GPP-rbf,0,256,0.9964305584182348,0.1633726294417565,0.34644023417341674,0.3362970342612191,0.5472527472527473,0.5472527472527473,0.6798260807991028,0.15403442084789276,0.011645708159576156,0.022455329176063292,0.011645708159576162,0.022455329176063275,0.0213806409721262,0.012452743026537861,0.013172179849121151,0.01264575849834082,0.02095357208052228,0.004790662329920654,0.0015489662232141918,0.009617706567133,-0.19999999999999998
chaosnli_snli,llama,32,GPP-laplace,0,256,1.0201704181825482,0.18780232904337302,0.3955255053036816,0.49771971856054764,0.5296703296703297,0.5296703296703297,0.6821475625038147,0.3645968735218048,-0.0025798233223463946,-0.011175414357989785,-0.0025798233223464084,-0.011175414357989803,-0.005449370736613477,-0.03219759788541189,-0.008144420908042738,-0.020126375474803695,-0.010378548719485726,-0.03948254792695398,0.005913169161531991,-0.013846994922677446,-0.19999999999999998
chaosnli_snli,llama,32,LPE,0,256,1.1084256068526515,0.17833269158367193,0.3527744324045521,0.29831797588506237,0.545054945054945,0.545054945054945,0.48460111021995544,0.22783483564853668,0.04835153940304104,0.031997490079557836,0.04835153940304103,0.03199749007955782,0.0559155789899248,0.042885601752104346,0.048043722888982426,0.029618569496666733,0.05344163335374403,0.040103390161572335,0.0466177236348312,0.039887679741773985,0.39999999999999997
chaosnli_snli,llama,32,LP-temp,0,256,1.0084586621054883,0.1803927288154532,0.3769328178527478,0.4579227078416447,0.5362637362637362,0.5362637362637362,1.002412216420934,,0.06202041807569107,,0.06202041807569107,,0.07014640025885767,,0.06147658272556651,,0.0700010480882699,,0.08821030451425901,,0.7999999999999999
chaosnli_snli,llama,32,GPP-cosine,0,1024,1.0194376459509764,0.15036853199417863,0.322287834672154,0.30563416905721885,0.6043956043956044,0.6043956043956044,0.6898096203804016,0.014478408731520176,0.08393836602343713,0.016531403314216854,0.0839383660234371,0.01653140331421684,0.074069147689574,0.04749891379658802,0.08275676424160636,0.022785836020242436,0.07100465930709662,0.04874689177427849,0.0936882827707863,0.030964036727574074,0.6000000000000001
chaosnli_snli,llama,32,GPP-rbf,0,1024,0.9755830734696381,0.14245911790182186,0.3135736669418223,0.2695781300496807,0.610989010989011,0.610989010989011,0.5608605146408081,0.07874571532011032,0.08852390822917575,0.1112583903897122,0.08852390822917575,0.11125839038971219,0.09251994639434935,0.11620727581381365,0.08841052217301631,0.1108171806536628,0.0862692371778355,0.10930661703652401,0.09427469487141178,0.09114930819780877,0.6000000000000001
chaosnli_snli,llama,32,GPP-laplace,0,1024,1.0226493269047991,0.17706722195480212,0.36977371380224333,0.37465884377856673,0.5230769230769231,0.5230769230769231,0.5985807776451111,0.31383129954338074,0.06804094725625257,0.056869201223436694,0.06804094725625255,0.05686920122343666,0.06321649208673322,0.053622988761486676,0.05955606731244633,0.05531088715303797,0.057960784538287194,0.05653803206293325,0.04049237342754823,0.029089314314635923,1.0
chaosnli_snli,llama,32,LPE,0,1024,1.103898462518458,0.14181426741752853,0.30025223990554134,0.27631470154729765,0.6527472527472528,0.6527472527472528,0.22123835980892181,0.3193913698196411,0.11433214186778122,0.1340671579177402,0.11433214186778119,0.1340671579177402,0.12183401737112269,0.11623447698729622,0.116536221584377,0.123167759976683,0.11772564456272219,0.10244713071437778,0.12460938643776709,0.12406832795604728,0.6000000000000001
chaosnli_snli,llama,32,LP-temp,0,1024,0.8946091471589489,0.13786262918627132,0.32281025318030493,0.40705730826649544,0.6483516483516484,0.6483516483516484,0.9497752888692408,,0.09239279561568334,,0.09239279561568335,,0.05102861969529082,,0.06308044594436571,,0.027829728626173618,,0.10136909648938511,,0.39999999999999997
chaosnli_snli,llama,32,GPP-cosine,1,16,1.5078916671467602,0.24325497319964523,0.4119341403993031,0.2821789356340657,0.5098901098901099,0.5098901098901099,0.4993431866168976,0.06906086951494217,0.05970278234140918,-0.00330381105799751,0.059702782341409175,-0.0033038110579974977,0.04750402368988385,0.002315001482042934,0.06472626266439492,-0.0010020712868936037,0.0529591170065626,0.007962261903550892,0.06404472430151835,0.000559148970159731,0.39999999999999997
chaosnli_snli,llama,32,GPP-rbf,1,16,1.2647313468205958,0.21246304031792512,0.3847057398326777,0.2226315505866081,0.5362637362637362,0.5362637362637362,0.48934558033943176,0.18498073518276215,0.02859171673132675,0.04636511752381523,0.02859171673132672,0.04636511752381522,0.04351365533402433,0.047984220496620024,0.0341877360287178,0.0416730752345174,0.0448038339456427,0.043462686001686554,0.0017012066012822892,0.012336120643431758,0.7999999999999999
chaosnli_snli,llama,32,GPP-laplace,1,16,1.0566972743390162,0.2044826299014423,0.42048355234520773,0.5325443484908893,0.5384615384615384,0.5384615384615384,0.7004982233047485,0.3817296624183655,0.04564664447293857,0.04061251967913995,0.045646644472938556,0.04061251967913995,0.05622154132027003,0.03785748790549969,0.04861687925162468,0.03938347932198198,0.05716739919279842,0.03564391686669116,0.03932865816942017,0.012920239583550775,1.0
chaosnli_snli,llama,32,LPE,1,16,6.290513132484501,0.28643090874266147,0.4398630551318382,0.30585115945120595,0.5362637362637362,0.5362637362637362,0.24857106804847717,0.049017030745744705,0.005953532801477462,0.008444535252080363,0.005953532801477476,0.008444535252080363,0.028541687786433345,0.041766636810841626,0.02514237504803348,0.029946486640947376,0.0366180753127186,0.051564606420048974,0.009830142102186145,-0.0035347795229099775,0.6000000000000001
chaosnli_snli,llama,32,LP-temp,1,16,6.0520833562356,0.2409658942030219,0.38840366488193706,0.19302862763207507,0.5296703296703297,0.5296703296703297,0.5872883549132111,,0.003059779768002908,,0.0030597797680029203,,0.026801807467012533,,0.022763956144758388,,0.03405296979762086,,0.013859734703268917,,0.6000000000000001
chaosnli_snli,llama,32,GPP-cosine,1,64,1.5773979438436256,0.2666112615061523,0.44282103765933073,0.2550938104158537,0.44175824175824174,0.44175824175824174,0.5686773657798767,0.06722191721200943,-0.0335842390456181,-0.0505633107433347,-0.03358423904561811,-0.05056331074333471,-0.03299770648938556,-0.025194601369614843,-0.0418146011914903,-0.05380498012737453,-0.03754558825104148,-0.028591044524177926,-0.0562350477022368,-0.06197113391354732,-0.39999999999999997
chaosnli_snli,llama,32,GPP-rbf,1,64,1.1239443484032863,0.19190349687220237,0.374341609107924,0.28701351098898187,0.545054945054945,0.545054945054945,0.6054184436798096,0.17420248687267303,-0.030897500098695137,0.0005814318630091887,-0.030897500098695123,0.0005814318630092061,-0.01584380348227679,0.00751946000452075,-0.030634383425897117,-0.006322297154805867,-0.01759756279652764,0.0011991630771575439,-0.024788555483663658,-0.004926855348140185,-0.39999999999999997
chaosnli_snli,llama,32,GPP-laplace,1,64,1.0344894717830113,0.1895245375256913,0.3942259656367721,0.47272083622297895,0.5384615384615384,0.5384615384615384,0.6622728705406189,0.3579464554786682,0.027448868673182157,0.029277135673724555,0.02744886867318216,0.029277135673724555,0.034753909549087324,0.031124054976219704,0.02247358833791606,0.024171331936705582,0.0318860327669907,0.027280577236778167,0.01131598271256959,0.001553743640935994,1.0
chaosnli_snli,llama,32,LPE,1,64,1.3262933305956333,0.21643233759692967,0.3885235497896856,0.2525966280335088,0.5384615384615384,0.5384615384615384,0.49923866987228394,0.08430638909339905,-0.0266500108837952,0.026560185799648285,-0.026650010883795185,0.026560185799648285,-0.02384108304680936,0.0038309765624852284,-0.03169680270482529,0.026457306848632185,-0.029262649229152005,0.005210324282116159,-0.018482682585399528,0.020575797342435552,0.0
chaosnli_snli,llama,32,LP-temp,1,64,1.0174901639445084,0.18193193117428721,0.38294786959456084,0.44537064980765934,0.5296703296703297,0.5296703296703297,0.9909500605036113,,-0.0009630055006197725,,-0.0009630055006197725,,0.007552507233654362,,-0.0010336685325435316,,0.006077421662062699,,0.0024951497277428594,,-0.39999999999999997
chaosnli_snli,llama,32,GPP-cosine,1,256,1.0936935884203396,0.17600081502630133,0.3582667194701191,0.32584496633367666,0.5494505494505495,0.5494505494505495,0.7136924266815186,0.043930716812610626,0.07729047123107988,0.015126000440387193,0.07729047123107988,0.015126000440387186,0.04085895224322174,0.03096595916131994,0.06064781355015379,0.011538472744706624,0.02870728464973887,0.02380267240921556,0.06435754961394197,-0.001572152623890672,0.7999999999999999
chaosnli_snli,llama,32,GPP-rbf,1,256,1.022667904069326,0.16430512696933272,0.34291426906577094,0.29830355758282495,0.5802197802197803,0.5802197802197803,0.6283353567123413,0.14409901201725006,0.07314306251427143,0.07538574531048005,0.07314306251427141,0.07538574531048002,0.06257411485576073,0.053579629621209476,0.06802368029852662,0.06504727403949577,0.05833303803896353,0.04354357349822698,0.06244970377146599,0.07768801013253815,1.0
chaosnli_snli,llama,32,GPP-laplace,1,256,1.0426767790079565,0.18611229713145738,0.3830509851348924,0.4105747809222264,0.5230769230769231,0.5230769230769231,0.6216583847999573,0.331914484500885,-0.0046147324398276325,0.0019397198106851452,-0.0046147324398276325,0.0019397198106851452,-0.01193447198437416,-0.013441258897742156,-0.014389673529331175,-0.006405580094315438,-0.018868385931134622,-0.020829844752823304,-0.021996441470333573,-0.026862719161761306,0.39999999999999997
chaosnli_snli,llama,32,LPE,1,256,1.1055882717641408,0.17263239178295506,0.34381112177860423,0.2788807618875111,0.5934065934065934,0.5934065934065934,0.45370838046073914,0.21326716244220734,0.11525647395190136,0.10706044223079048,0.11525647395190139,0.10706044223079049,0.10336365960206112,0.09600798837033889,0.11478376053049975,0.09913096256596043,0.10301154947658156,0.0917767920177318,0.10964466686489681,0.10458104997210715,1.0
chaosnli_snli,llama,32,LP-temp,1,256,0.9803004063877516,0.1732286596727859,0.3723113183959043,0.4782222769474569,0.5868131868131868,0.5868131868131868,1.024710400680021,,0.1065090306839763,,0.10650903068397627,,0.08934253585742954,,0.10638762364191662,,0.08805003929931392,,0.11761785854806991,,0.7999999999999999
chaosnli_snli,llama,32,GPP-cosine,1,1024,1.0140429929618597,0.14821706052125555,0.31848658241930367,0.30452333974350165,0.6197802197802198,0.6197802197802198,0.6943038105964661,0.014733872376382351,0.09660888064269288,0.03099220840134003,0.09660888064269287,0.030992208401340014,0.08220332070371375,0.05693289445676032,0.09347641155678782,0.03600675339633503,0.0780352712120805,0.05741941604972501,0.10237426517805227,0.03127208561824532,0.6000000000000001
chaosnli_snli,llama,32,GPP-rbf,1,1024,0.9647875713880397,0.13933420786694192,0.30814927916923934,0.27124218942405615,0.6153846153846154,0.6153846153846154,0.5629522204399109,0.0791737511754036,0.08807773840188421,0.08930263640998404,0.08807773840188421,0.08930263640998401,0.09360798544330981,0.09515835151212747,0.08622888733138656,0.0906322619621322,0.08660597123012741,0.09142219489304007,0.09726223711901505,0.08408509985983724,0.6000000000000001
chaosnli_snli,llama,32,GPP-laplace,1,1024,1.0194093363550492,0.17593769737297935,0.3681062103914363,0.3738331133298582,0.5274725274725275,0.5274725274725275,0.5982651114463806,0.31360557675361633,0.07266939017986121,0.05857288611134924,0.0726693901798612,0.058572886111349226,0.07017425134329736,0.05803702708192175,0.0633130773517226,0.05634338217389498,0.0643228625615821,0.06046201932086004,0.051100470231552654,0.038068566471117615,1.0
chaosnli_snli,llama,32,LPE,1,1024,1.0653537640606447,0.13597066905682864,0.2937718693260847,0.2714590584725698,0.6527472527472528,0.6527472527472528,0.2229859083890915,0.33059000968933105,0.1284220840572087,0.17119077644958597,0.1284220840572087,0.17119077644958597,0.12532830989793603,0.14078503415877552,0.12232992744640234,0.15506982752658857,0.1176608286995422,0.12617805972591514,0.1422375482399936,0.17860471701312006,0.6000000000000001
chaosnli_snli,llama,32,LP-temp,1,1024,0.8952376012475243,0.13883970526361808,0.3260886348885065,0.4211615426505448,0.6505494505494506,0.6505494505494506,0.9659111540637316,,0.10555042663087563,,0.10555042663087563,,0.06481791079523304,,0.07586336629548326,,0.04390292991705119,,0.10511707624049338,,0.7999999999999999
chaosnli_snli,llama,32,GPP-cosine,2,16,1.3598661357713921,0.23771910678790922,0.4173861239809072,0.29967630894259323,0.4967032967032967,0.4967032967032967,0.6403732299804688,0.0963934063911438,0.014291230442806871,-0.06500570171328537,0.014291230442806866,-0.06500570171328535,0.012244276169049925,-0.01981025468587176,0.02239629757098028,-0.047434319073111984,0.01567366259220268,-0.013699303228859847,0.030623374994558087,-0.06204693560806658,-0.19999999999999998
chaosnli_snli,llama,32,GPP-rbf,2,16,1.272921609161709,0.22566100164493125,0.40445347884158184,0.2425117376397785,0.5340659340659341,0.5340659340659341,0.5298921465873718,0.18968099355697632,-0.017106929989466307,0.012026576891084785,-0.0171069299894663,0.012026576891084774,-0.014451018983558744,0.011157816008052483,-0.030344078923393913,-0.0005298449892246924,-0.028361206352449302,0.00041004914288545434,-0.0374004923769008,-0.023916899695595104,-0.7999999999999999
chaosnli_snli,llama,32,GPP-laplace,2,16,1.0687152739737564,0.20975561883998198,0.4265532530762337,0.5376374773967286,0.5340659340659341,0.5340659340659341,0.7037670016288757,0.3835756480693817,-0.005563902741095951,-0.008710155201848216,-0.005563902741095958,-0.008710155201848202,0.012288779150313164,-0.01901617181681019,-0.003082722030778119,-0.01577095903615376,0.012677828032476156,-0.02595355739724619,0.018764104338665155,-0.020186724430780588,0.39999999999999997
chaosnli_snli,llama,32,LPE,2,16,1.7473793109946498,0.2781586832070575,0.43804188261504523,0.2467019236667225,0.5340659340659341,0.5340659340659341,0.352101594209671,0.07383856922388077,-0.04547350253117144,-0.01279274395078698,-0.04547350253117144,-0.012792743950786983,-0.03245599785966346,-0.017673324220196365,-0.04911836397028078,-0.02299690689442133,-0.043018000051224296,-0.02665763034278311,-0.07157259695411652,-0.05347191668975231,-0.7999999999999999
chaosnli_snli,llama,32,LP-temp,2,16,1.102069032638907,0.20194055118324886,0.39837398546749603,0.39201083498727946,0.5318681318681319,0.5318681318681319,0.9341299786754498,,-0.0655977498767171,,-0.0655977498767171,,-0.04890427985040527,,-0.06822187566085677,,-0.05812456415278737,,-0.07599998920416803,,-0.7999999999999999
chaosnli_snli,llama,32,GPP-cosine,2,64,1.1801898223414706,0.21262694791362338,0.40212500025000125,0.34958300220577104,0.46813186813186813,0.46813186813186813,0.7261856198310852,0.0848621055483818,-0.022464189146300377,-0.052493953779399936,-0.02246418914630039,-0.05249395377939992,-0.001508141790756326,-0.02123296006149219,0.0009927900096933714,-0.03708765221736768,0.010132123022565366,-0.014182266688609634,0.014856877330163477,-0.06730489785377913,-0.19999999999999998
chaosnli_snli,llama,32,GPP-rbf,2,64,1.0188108151697044,0.17749970022974712,0.3716476472053718,0.3983195080285933,0.5252747252747253,0.5252747252747253,0.7184701561927795,0.21390505135059357,0.001746799944150921,0.03129807841784987,0.0017467999441509105,0.03129807841784987,0.01249353719520006,0.03315734443446067,0.018449120250948203,0.033905025329881634,0.018895918173321452,0.03127702255130049,0.02671417332006474,0.013002729662880559,-0.39999999999999997
chaosnli_snli,llama,32,GPP-laplace,2,64,1.045239212289847,0.1991455733940095,0.41234006963588377,0.5218026968400594,0.5296703296703297,0.5296703296703297,0.6950163245201111,0.3762352466583252,-0.023874429941486138,-0.018066920469778164,-0.023874429941486152,-0.018066920469778164,-0.011687449919497564,-0.02174451347756083,-0.01718198299196152,-0.01705388766558033,-0.00630845014076542,-0.021469989360701,0.01074135490899122,-0.017410502650821193,-0.19999999999999998
chaosnli_snli,llama,32,LPE,2,64,1.0800520151993356,0.18384650708691547,0.36961035671475045,0.3206163904111403,0.5318681318681319,0.5318681318681319,0.6837970614433289,0.10981564223766327,0.02023948335240469,-0.03437418928903185,0.020239483352404674,-0.03437418928903185,0.034318784461699545,-0.050744551857635475,0.03952066783565335,-0.03701214716057572,0.040033522463978836,-0.04881944632600072,0.04039313053674066,-0.02995835844768322,0.39999999999999997
chaosnli_snli,llama,32,LP-temp,2,64,1.0185225294303193,0.1889657830749608,0.3977494466112052,0.5050879784104265,0.5318681318681319,0.5318681318681319,1.053879564088922,,0.024493817124727726,,0.024493817124727715,,0.025285289339570003,,0.041137500351925024,,0.030829983606788368,,0.04592875630044436,,0.0
chaosnli_snli,llama,32,GPP-cosine,2,256,1.1401781521552954,0.1979009425835194,0.38585744633682034,0.31721383693157196,0.5010989010989011,0.5010989010989011,0.7157508730888367,0.0456998310983181,0.05168774077420277,-0.009990852970142027,0.051687740774202774,-0.009990852970142029,0.0103620137585931,-0.004329592338579378,0.03788899096235229,-0.012363989178472558,0.000668089027679647,-0.008634493503957875,0.05372225337837475,-0.028074654489428093,0.7999999999999999
chaosnli_snli,llama,32,GPP-rbf,2,256,1.0185768550733227,0.16793416219333546,0.35303194017998957,0.3359361303760814,0.5494505494505495,0.5494505494505495,0.6641561388969421,0.15385012328624725,-0.02262731421820724,0.03553043087696486,-0.022627314218207246,0.03553043087696485,-0.006327188781032172,0.026704923290438085,-0.014449815898062317,0.034477525353579966,-0.007330069664255677,0.01983088556517453,-0.008792486973010705,0.02996504683249375,0.0
chaosnli_snli,llama,32,GPP-laplace,2,256,1.0293787187301358,0.18746369641497407,0.39106676336173174,0.4666631364108048,0.5318681318681319,0.5318681318681319,0.6605918407440186,0.35314321517944336,-0.01174346104970004,-0.0003994828989302233,-0.01174346104970005,-0.00039948289893021807,-0.012873151610303713,-0.017742426117464023,-0.013496152460844527,-0.0029552590623240955,-0.016300504854930346,-0.02197893927724597,-0.011200878794925637,-0.01822705888783163,-0.39999999999999997
chaosnli_snli,llama,32,LPE,2,256,1.1069867938509153,0.17675877201690943,0.35538417406365463,0.30636438112340814,0.5604395604395604,0.5604395604395604,0.4827865660190582,0.2172880470752716,0.02990965467126113,0.01460185875969711,0.029909654671261117,0.014601858759697106,0.039764591661079464,0.015266919344792471,0.03933008796088876,0.005401610980594126,0.03606684399950612,0.006976318608900962,0.0397839779277594,0.018248398020322347,0.0
chaosnli_snli,llama,32,LP-temp,2,256,0.9978162012283265,0.17404185993284518,0.3709602176222833,0.4265566308064855,0.5340659340659341,0.5340659340659341,0.9691368153672142,,0.03859412731936299,,0.038594127319363,,0.03457264440724753,,0.03555897822927871,,0.024074286169752792,,0.031350752767428214,,0.7999999999999999
chaosnli_snli,llama,32,GPP-cosine,2,1024,1.017758998240265,0.14854437101263543,0.3189204646573601,0.30426668630124715,0.6131868131868132,0.6131868131868132,0.6913778781890869,0.014678064733743668,0.09638286096319308,0.03452396001397147,0.09638286096319305,0.03452396001397147,0.08197356176825482,0.05944493705527453,0.0941535350081655,0.03906190295128317,0.07762900576584483,0.05854580228353103,0.10602809795058957,0.027251888477311456,0.6000000000000001
chaosnli_snli,llama,32,GPP-rbf,2,1024,0.9758396183031397,0.14162059056764836,0.3111750387338471,0.27020762861119163,0.6241758241758242,0.6241758241758242,0.5622319579124451,0.07930655032396317,0.10417385174557857,0.12153354669552424,0.10417385174557856,0.12153354669552424,0.11167602177332552,0.13002683178711102,0.10252795608949916,0.119795636282176,0.10443836481588076,0.12249920368349086,0.11373662069197484,0.10515204693821696,0.6000000000000001
chaosnli_snli,llama,32,GPP-laplace,2,1024,1.0214990452451849,0.17649491246898638,0.3686733444395301,0.3729506252199139,0.5274725274725275,0.5274725274725275,0.5974062085151672,0.3131487965583801,0.06669939378294557,0.05404024218763093,0.06669939378294555,0.054040242187630934,0.06106094174544435,0.051281022472025685,0.055464734791418245,0.050029608447990384,0.054551405823415416,0.05281665062792054,0.03941082975423517,0.0270555994399162,1.0
chaosnli_snli,llama,32,LPE,2,1024,1.0866604926548742,0.13801164249316364,0.2919910263058381,0.27138961715460813,0.6703296703296703,0.6703296703296703,0.22077201306819916,0.32843464612960815,0.17024938098499243,0.18332234651679088,0.17024938098499243,0.18332234651679086,0.15921582633510345,0.16151517168870955,0.16337498155292726,0.1719466419094433,0.15214705875813156,0.15093299843594368,0.175950001533469,0.17573960405700081,0.7999999999999999
chaosnli_snli,llama,32,LP-temp,2,1024,0.8916835807611809,0.136450549817395,0.31948783392750074,0.40481433417064056,0.6637362637362637,0.6637362637362637,0.9459148503054449,,0.1081225078349592,,0.10812250783495922,,0.06542675731712613,,0.08122698563993554,,0.04663351273100062,,0.1134093357285799,,0.7999999999999999
chaosnli_snli,llama,32,GPP-cosine,3,16,1.4846906725555427,0.31536499564200166,0.5221538711866303,0.3768412108258472,0.2681318681318681,0.2681318681318681,0.7391855120658875,0.12379215657711029,0.012952193026930889,-0.038331990177248115,0.012952193026930875,-0.038331990177248115,-0.028664510430063617,-0.02193102217105735,-0.000982264733252327,-0.03429543537298715,-0.031324795077573485,-0.017459381168439786,0.004178011044973428,-0.039790538914764015,-0.19999999999999998
chaosnli_snli,llama,32,GPP-rbf,3,16,1.2108564174092176,0.25485287264825884,0.47461968255485154,0.4792664450042265,0.2879120879120879,0.2879120879120879,0.7458457350730896,0.2799437642097473,0.02677943204818754,0.027464088713099452,0.02677943204818754,0.02746408871309942,0.02238063229379891,0.015180822535768171,0.026260025524251388,0.01827566207076963,0.017555238914921466,0.007544897987408182,0.05007542748516277,0.004470070515032937,0.6000000000000001
chaosnli_snli,llama,32,GPP-laplace,3,16,1.110139249296947,0.2266435130128415,0.4495851436814109,0.5462072517540135,0.27912087912087913,0.27912087912087913,0.7093193531036377,0.3866289556026459,-0.003693161126394534,-0.023535588467420626,-0.003693161126394534,-0.02353558846742064,0.005322726235644252,-0.04885732144893592,0.003810775188008271,-0.030601483792302972,0.008605427373589148,-0.05455585314182289,0.022159701758613294,-0.005389500480319512,0.0
chaosnli_snli,llama,32,LPE,3,16,1.3483109655869814,0.28595552931114304,0.4975665674575574,0.39410239599646973,0.2879120879120879,0.2879120879120879,0.7654814124107361,0.16791090369224548,0.06929778534871667,-0.0037519474176866373,0.06929778534871667,-0.0037519474176866234,0.05480094047936182,0.020719549572561405,0.0588568092206819,-0.0022517548310664742,0.042879038785158356,0.022845637211754186,0.07222633879516795,-0.003334382774206115,0.7999999999999999
chaosnli_snli,llama,32,LP-temp,3,16,1.2550115972729563,0.2627326698053844,0.47640988244191057,0.4313020892915129,0.3120879120879121,0.3120879120879121,0.9738185202824735,,0.058427839993870315,,0.05842783999387033,,0.044488389531737435,,0.04961969521715333,,0.03341986385821072,,0.056533795557106824,,1.0
chaosnli_snli,llama,32,GPP-cosine,3,64,1.2610344421496948,0.2202254922425874,0.40817371076049674,0.31839506137897117,0.4945054945054945,0.4945054945054945,0.6611636281013489,0.07038260996341705,0.036559631047281785,-0.011876459817951102,0.036559631047281785,-0.011876459817951091,0.010536930653078258,-0.00020355975212715122,0.027183796536624137,-0.01590933666531562,0.003194027387665275,-0.00751827443963304,0.013282367846863381,-0.033123748032343456,0.39999999999999997
chaosnli_snli,llama,32,GPP-rbf,3,64,1.0559551386603014,0.1882454548404982,0.38402545207517813,0.3917077492777672,0.5098901098901099,0.5098901098901099,0.7120516896247864,0.2140577733516693,0.02311227783288939,0.05228378211661589,0.023112277832889404,0.052283782116615864,0.03439835733847566,0.04713120186011405,0.03624911862952549,0.04781016693820922,0.04035930551311724,0.04254827620691164,0.023787909417106446,0.02468396188500767,0.39999999999999997
chaosnli_snli,llama,32,GPP-laplace,3,64,1.0457947463045107,0.19986711957871117,0.4145948004264098,0.5232725074454685,0.5340659340659341,0.5340659340659341,0.6957838535308838,0.3771011531352997,-0.00575718952150879,0.004780072519938446,-0.005757189521508794,0.004780072519938434,-0.005099152133066574,-0.02030539275026387,-0.006595339520633035,-0.0059454455128806405,-0.007067476647872203,-0.028026676395227306,0.0028071470438314834,-0.004161258233495641,-0.19999999999999998
chaosnli_snli,llama,32,LPE,3,64,1.1516113314847627,0.20120225285161358,0.38985719017960785,0.3100462181753813,0.5098901098901099,0.5098901098901099,0.6526731848716736,0.11971908062696457,0.011331187820781321,-0.006395105558778459,0.011331187820781328,-0.006395105558778461,0.029118096376941058,0.005008851368349665,0.02514266459829691,-0.0003826398089927293,0.034862148940638646,0.012425396443189612,0.011944690884758764,-0.007745659201809405,0.39999999999999997
chaosnli_snli,llama,32,LP-temp,3,64,1.0445775516203606,0.1909572850207644,0.3939251770857491,0.44066324778465915,0.5076923076923077,0.5076923076923077,0.9813695373005478,,0.01058134295860096,,0.010581342958600961,,0.014580158791445318,,0.016068787493969266,,0.015756216396236145,,0.010344510743566852,,-0.19999999999999998
chaosnli_snli,llama,32,GPP-cosine,3,256,1.089827672353625,0.17131812083148112,0.3533439599808184,0.33275739058068,0.5604395604395604,0.5604395604395604,0.6897440552711487,0.03950701281428337,0.0419096198212367,-0.045089505779628385,0.041909619821236685,-0.04508950577962838,0.017084394343757213,-0.012441754540333777,0.03256697618110389,-0.04046859125810799,0.006504970877974102,-0.015518409668052152,0.06227032766073804,-0.03502184794266695,0.0
chaosnli_snli,llama,32,GPP-rbf,3,256,1.0654606438597625,0.16985587802226948,0.3474945689316143,0.2837813807306411,0.5714285714285714,0.5714285714285714,0.571212887763977,0.1314614862203598,-0.008703619578195591,3.0745206108549056e-05,-0.008703619578195591,3.074520610853518e-05,0.012522648553283451,0.02200673209573842,-0.0037257212330851705,0.0035205259596244026,0.010972842235658455,0.021100491007125535,0.008035043317944704,0.014886879513456396,0.0
chaosnli_snli,llama,32,GPP-laplace,3,256,1.0475956031605034,0.18499445543842274,0.3788896833720443,0.389204254149677,0.5340659340659341,0.5340659340659341,0.603706955909729,0.32236725091934204,-0.03739431072391678,-0.04537901861478498,-0.03739431072391679,-0.04537901861478497,-0.01823943203958456,-0.024125986656572875,-0.03831489844230471,-0.04247148846415562,-0.012272368281276827,-0.013807025131834565,-0.011983738312271626,-0.019629517634243886,-0.19999999999999998
chaosnli_snli,llama,32,LPE,3,256,1.1666038084755521,0.17544627216046205,0.3444560659630512,0.2872713121468644,0.6,0.6,0.40034669637680054,0.1905924677848816,0.0397369649276946,0.026243546299995216,0.03973696492769458,0.026243546299995195,0.053624543226382784,0.0347355328021662,0.047311083960480546,0.029733267292834875,0.05299252675054588,0.030894340323137606,0.04536361963340664,0.026660411445968726,0.6000000000000001
chaosnli_snli,llama,32,LP-temp,3,256,0.9604396987531425,0.15808749274263845,0.34695322284876606,0.4036332674575733,0.6131868131868132,0.6131868131868132,0.9364041786369641,,0.08919620985540974,,0.08919620985540971,,0.08223165705709491,,0.09286489901189696,,0.07771748604465814,,0.10087179915399697,,0.6000000000000001
chaosnli_snli,llama,32,GPP-cosine,3,1024,1.0044718553457173,0.14646104970161286,0.3174359221312753,0.3107138126661255,0.6175824175824176,0.6175824175824176,0.7006447315216064,0.014891195110976696,0.07729937944941893,0.01611852256101478,0.07729937944941892,0.01611852256101476,0.06364584498500198,0.04377025144563791,0.07414038935304565,0.021657417960637956,0.057368539769643026,0.04259067512513699,0.08143809194744402,0.02309359137487119,0.6000000000000001
chaosnli_snli,llama,32,GPP-rbf,3,1024,0.9742482014032771,0.14176852994275158,0.31284735976947997,0.2711762646180015,0.6241758241758242,0.6241758241758242,0.5638463497161865,0.07875460386276245,0.08673635811668168,0.09161589123306466,0.08673635811668168,0.09161589123306466,0.08453290535490202,0.09089755315415249,0.08342450197197032,0.09035802591434408,0.0763739647432333,0.0849710788851632,0.08919642723094194,0.08553737114836216,0.6000000000000001
chaosnli_snli,llama,32,GPP-laplace,3,1024,1.0181951283330233,0.17609621377057172,0.3691434627050882,0.38019317577715445,0.5274725274725275,0.5274725274725275,0.6029035449028015,0.3159671127796173,0.057086979759379236,0.04208350653586352,0.05708697975937922,0.042083506535863485,0.04692359554138391,0.035228013096639095,0.04487292850974386,0.03753678654594933,0.03946987309908628,0.036361449038331606,0.02856430795646134,0.01560342896976979,1.0
chaosnli_snli,llama,32,LPE,3,1024,1.104925530764628,0.13988798901587648,0.2974727222066213,0.2752869603695327,0.643956043956044,0.643956043956044,0.22293198108673096,0.3222627341747284,0.1154637973917855,0.18587765176982768,0.11546379739178547,0.18587765176982765,0.10424144981985883,0.1441654818530449,0.11186779311028867,0.1668170240507913,0.10024479854777513,0.12633155961144965,0.13056841880942838,0.17488814082116977,0.6000000000000001
chaosnli_snli,llama,32,LP-temp,3,1024,0.8931777221862431,0.13712244987623698,0.3219338359240167,0.40348692924694396,0.6373626373626373,0.6373626373626373,0.9450993442134876,,0.10599039306256469,,0.10599039306256469,,0.06118396785927781,,0.07749760971240292,,0.041422558508206773,,0.10591993721336797,,0.7999999999999999
chaosnli_snli,llama,32,GPP-cosine,4,16,2.164521814034223,0.3606652547055645,0.5179050024354492,0.2584316694320984,0.38461538461538464,0.38461538461538464,0.42154428362846375,0.07995206862688065,0.04805021214493854,0.025739153816200146,0.04805021214493853,0.025739153816200143,0.09503823832946576,0.05629632515901276,0.07272068939840115,0.032443700124478045,0.10284212309502419,0.05516204660297255,0.05300844347183454,0.004566956546431086,0.7999999999999999
chaosnli_snli,llama,32,GPP-rbf,4,16,1.087582156515455,0.19066438743457909,0.3797016384387082,0.3335525796328502,0.5362637362637362,0.5362637362637362,0.6344552040100098,0.22663353383541107,-0.0005350826923066938,0.028367923422981837,-0.0005350826923067077,0.02836792342298184,-0.008829396228886798,0.01383035474977702,-0.008737510866669154,0.013322811575237943,-0.015919481400907917,0.004377506185846694,0.01048706888838543,0.013869162140906608,-0.19999999999999998
chaosnli_snli,llama,32,GPP-laplace,4,16,1.061571067839432,0.2074029689620996,0.4246810534170696,0.5399640974240137,0.5384615384615384,0.5384615384615384,0.7053917050361633,0.38429075479507446,0.015224837893658541,0.00628011998607125,0.015224837893658527,0.006280119986071243,0.026595105939852558,-0.014797657285994517,0.015220356646658058,-0.005112234046354271,0.027578914256301094,-0.021753735956640104,0.0343975986936848,-5.3411531830826625e-05,0.39999999999999997
chaosnli_snli,llama,32,LPE,4,16,1.3202076338962552,0.224825883276511,0.39917826270275225,0.2197160876281637,0.5362637362637362,0.5362637362637362,0.47240015864372253,0.1117328330874443,-0.013503228591540573,-0.0159196455504425,-0.013503228591540552,-0.015919645550442507,-0.01971447198225061,-0.02847797468223317,-0.019083378847154192,-0.021501511479391715,-0.027500494851673135,-0.03417628478110552,-0.005036353762323892,-0.01742923012829066,-0.39999999999999997
chaosnli_snli,llama,32,LP-temp,4,16,1.0401175790945587,0.18673968724212725,0.38622323298017575,0.43008943176741465,0.5252747252747253,0.5252747252747253,0.9752031888303619,,-0.010313293960385175,,-0.010313293960385161,,-0.01445510641538177,,-0.01567883706554211,,-0.02276835260851448,,-0.00210817889227688,,-0.39999999999999997
chaosnli_snli,llama,32,GPP-cosine,4,64,1.4094096680709278,0.24396623819211413,0.4260313556912529,0.3312097401540962,0.5076923076923077,0.5076923076923077,0.5865755677223206,0.05686172470450401,0.005501491895790821,-0.07755134737797299,0.005501491895790814,-0.07755134737797297,0.017870746331020267,-0.05622292662790484,0.02304228231793013,-0.06793521492409607,0.029703397784451694,-0.045477601234674814,0.023589105140976518,-0.07060239896317294,0.39999999999999997
chaosnli_snli,llama,32,GPP-rbf,4,64,1.2196368361206418,0.21319871942687224,0.39374872911926156,0.24211617504713373,0.5362637362637362,0.5362637362637362,0.5199503302574158,0.15150320529937744,-0.03955713531383742,0.009686437582743897,-0.03955713531383742,0.009686437582743882,-0.004408983920991726,0.028386028034447577,-0.02849267760653447,0.01018470366811797,-0.0032867438878158408,0.024119003305425997,-0.006398236307552309,0.02084177145642546,0.39999999999999997
chaosnli_snli,llama,32,GPP-laplace,4,64,1.047849836414461,0.1930303730318031,0.39606408950882954,0.4637909838159314,0.5318681318681319,0.5318681318681319,0.6559566259384155,0.35459649562835693,0.004127770033142589,0.010821019515431391,0.004127770033142575,0.01082101951543137,0.022116943073922955,0.021906072074452197,0.004797005025207119,0.010542198995532777,0.022650106106977156,0.021125659083756576,0.013735394444696146,-0.010850662226466056,0.19999999999999998
chaosnli_snli,llama,32,LPE,4,64,1.4351694577619287,0.24166082324351018,0.4148127123235039,0.2760409116870023,0.5362637362637362,0.5362637362637362,0.41952070593833923,0.07972309738397598,-0.024876484940357425,-0.02511036934408975,-0.024876484940357428,-0.02511036934408975,0.005708493850972952,-0.006842329279688079,-0.012171613690875412,-0.013422680479501091,0.006399681516509749,-0.0021613931102691455,-0.007901912610763815,0.0026363064966963756,0.6000000000000001
chaosnli_snli,llama,32,LP-temp,4,64,1.0288497824351217,0.1841284775034961,0.38121358489388274,0.4279081781875071,0.5340659340659341,0.5340659340659341,0.9714029127853302,,0.04317385943475204,,0.04317385943475203,,0.07142328831291886,,0.05436035636556892,,0.0692614963790855,,0.011071506323019233,,1.0
chaosnli_snli,llama,32,GPP-cosine,4,256,1.166567853995602,0.18694778702587264,0.3591321328512245,0.31237306302841383,0.5802197802197803,0.5802197802197803,0.6731336712837219,0.04192253202199936,0.024669339767144617,0.02195339233120471,0.024669339767144624,0.0219533923312047,0.014551942651299235,0.04796037392768632,0.024773626795686742,0.0281414305488193,0.011571686381057435,0.04583175410168791,0.03655157709718802,-0.0333645298855223,0.6000000000000001
chaosnli_snli,llama,32,GPP-rbf,4,256,1.0306070353157468,0.16692120102310393,0.34450727372358625,0.30788351196157404,0.5802197802197803,0.5802197802197803,0.6205022931098938,0.14433778822422028,-0.02250141987345041,0.027900136957794572,-0.022501419873450397,0.02790013695779458,-0.00977906767142421,0.04046494789805474,-0.024087137023641167,0.02158937078859177,-0.015438163393972599,0.03222897246678377,-0.021825409915893053,0.021274414405311866,-0.39999999999999997
chaosnli_snli,llama,32,GPP-laplace,4,256,1.0511103294075987,0.18870641861520576,0.38513231230797346,0.41163204355256294,0.5318681318681319,0.5318681318681319,0.6216737627983093,0.33232876658439636,0.05331434450385576,0.06363675338955517,0.05331434450385575,0.06363675338955516,0.03727012760299574,0.046305991294840296,0.03828185718110602,0.04991453454274011,0.029061374418550348,0.039006688307875494,0.03698676800219273,0.028474428804388503,0.39999999999999997
chaosnli_snli,llama,32,LPE,4,256,1.129073721628523,0.17771818429163125,0.348331022919952,0.3048829237557394,0.6175824175824176,0.6175824175824176,0.45920228958129883,0.19614504277706146,-0.019672596827772094,-0.041234109125945696,-0.01967259682777208,-0.04123410912594569,-0.006782476433388052,-0.03786768301527062,-0.02240799294279499,-0.05252496787700276,-0.014262736205193867,-0.04982775893816981,-0.016912504627500536,-0.040290576586174284,-0.39999999999999997
chaosnli_snli,llama,32,LP-temp,4,256,0.9853332884953689,0.16908099322845485,0.358713999844178,0.4154552351530849,0.5736263736263736,0.5736263736263736,0.9485619361259267,,-0.03533154878284462,,-0.03533154878284462,,-0.03045174569548737,,-0.04082994043097402,,-0.03823687623106327,,-0.051179329473413866,,-0.19999999999999998
chaosnli_snli,llama,32,GPP-cosine,4,1024,1.013013571116879,0.1486112660970117,0.3193715332516149,0.3067515407527078,0.6021978021978022,0.6021978021978022,0.6997702121734619,0.014991781674325466,0.09279608752587884,0.030443027748899558,0.09279608752587883,0.030443027748899554,0.07769829065434747,0.05509338507736286,0.09099134128621297,0.035875864582043004,0.07389334892581487,0.054902845704879834,0.10379182056446543,0.028237150390872323,0.6000000000000001
chaosnli_snli,llama,32,GPP-rbf,4,1024,0.971536033040457,0.14150355505671972,0.3115228466332985,0.27058348262311654,0.6263736263736264,0.6263736263736264,0.5653406977653503,0.07917127013206482,0.08630280995980198,0.08826041969146997,0.08630280995980198,0.08826041969146997,0.08963319770131081,0.09227538530110925,0.08457360140752827,0.08826697875994338,0.0827635405161723,0.08738739213621227,0.09997530079377503,0.08449790329158505,0.6000000000000001
chaosnli_snli,llama,32,GPP-laplace,4,1024,1.024012191549997,0.17734244042400701,0.36945884060319306,0.37151509395541943,0.5252747252747253,0.5252747252747253,0.5965730547904968,0.31257492303848267,0.06946645807326937,0.053874351798543066,0.06946645807326934,0.05387435179854305,0.06793853238582029,0.05413472830890901,0.06086412554757885,0.052286020827985114,0.062451893856565244,0.05679953423746551,0.04532540173517889,0.03258084228243786,1.0
chaosnli_snli,llama,32,LPE,4,1024,1.0768918843634598,0.13505285221150104,0.29056664195700477,0.27455978539666703,0.6681318681318681,0.6681318681318681,0.22073525190353394,0.32549160718917847,0.1291678195728014,0.17174462158846324,0.12916781957280138,0.1717446215884632,0.11305492655117252,0.13209443089475567,0.11881397208244317,0.15009285517464588,0.1063347539342982,0.11571643779414931,0.12766330294225195,0.16749652012199737,0.6000000000000001
chaosnli_snli,llama,32,LP-temp,4,1024,0.8880878062531348,0.13577953308882382,0.32000206219317306,0.4070398487568565,0.6593406593406593,0.6593406593406593,0.9496477450225447,,0.10185337892610694,,0.10185337892610695,,0.058446446435774416,,0.07071546122694189,,0.03689910140970373,,0.11143607111276672,,0.7999999999999999
chaosnli_snli,llama,48,GPP-cosine,0,64,1.4765503339702242,0.2742785208325629,0.46164634469292093,0.29447958888028947,0.4175824175824176,0.4175824175824176,0.5641750693321228,0.1375037282705307,-0.002921286221059159,-0.050734670746412566,-0.002921286221059173,-0.050734670746412566,-0.0365754212130492,-0.05614447569776919,-0.020257286917357356,-0.06421476992588084,-0.0401984756371947,-0.06125297470933023,-0.00531032274394351,-0.06342709973844375,-0.19999999999999998
chaosnli_snli,llama,48,GPP-rbf,0,64,1.0954335784672657,0.1925000675628002,0.3844481353003245,0.35002687675530375,0.5362637362637362,0.5362637362637362,0.6559277772903442,0.20015384256839752,-0.009073989721500624,0.02121773005811379,-0.009073989721500624,0.021217730058113775,-0.025181450015162768,-0.005035199539429113,-0.011019806016592096,0.004122676360899313,-0.01810722027540376,-0.010847159532662711,0.0003755687318366112,0.02034683098044675,-0.19999999999999998
chaosnli_snli,llama,48,GPP-laplace,0,64,1.039566784659904,0.19581171284207038,0.4076837163868841,0.511570309998469,0.5362637362637362,0.5362637362637362,0.6882431507110596,0.37270548939704895,-0.01743910583432838,-0.007111967812273907,-0.01743910583432838,-0.007111967812273927,-0.03330963666151719,-0.03561722114802705,-0.035531014930282157,-0.029437161467244562,-0.04298376051181666,-0.049410415976788434,0.019773731950539355,0.0029598969237197787,0.39999999999999997
chaosnli_snli,llama,48,LPE,0,64,1.3014113600647177,0.22081261751061998,0.40034528762680366,0.27969851522266403,0.5208791208791209,0.5208791208791209,0.5481279492378235,0.10766637325286865,0.030360361299739708,-0.02050804196955726,0.030360361299739708,-0.020508041969557248,0.02164393448620011,-0.040570039596495966,0.03460740252441378,-0.023082459286695986,0.030807092530249384,-0.035656777381897695,0.034308802422962234,-0.005703854566414097,0.39999999999999997
chaosnli_snli,llama,48,LP-temp,0,64,1.0567926821479798,0.19667486494506084,0.4034171762038579,0.46514690557111443,0.4989010989010989,0.4989010989010989,1.0081568917753079,,0.045898369298594685,,0.04589836929859466,,0.02838350939583424,,0.047283786336096305,,0.03744225500317042,,0.04045912260020449,,0.39999999999999997
chaosnli_snli,llama,48,GPP-cosine,0,256,1.3969928941163854,0.24599074408446592,0.4296904117608082,0.3191633768570456,0.432967032967033,0.432967032967033,0.6309155821800232,0.07660945504903793,0.010958174022743059,-0.04487087849103658,0.010958174022743072,-0.04487087849103658,0.009945847322414596,-0.03738227902611921,0.019911834005693938,-0.0402632307856033,0.01900850534999382,-0.03178336188121463,0.02463338495605952,-0.05336955255269983,0.0
chaosnli_snli,llama,48,GPP-rbf,0,256,1.0937516979751025,0.19555398398629795,0.38802314656326076,0.36248931284986524,0.5186813186813187,0.5186813186813187,0.6969826221466064,0.1669488400220871,-0.04178381720352267,-0.027992501258541677,-0.041783817203522644,-0.027992501258541667,-0.023677329672095453,-0.03967584602382279,-0.03218284754593933,-0.036908924507877146,-0.017611969500565802,-0.046680497527946195,-0.05146928687967578,-0.045182969544619554,-0.39999999999999997
chaosnli_snli,llama,48,GPP-laplace,0,256,1.0339521280102943,0.19349352097063036,0.4039274572834864,0.5054247261378041,0.5252747252747253,0.5252747252747253,0.6871199011802673,0.3676010072231293,-0.027906592745581712,-0.025518005313975266,-0.02790659274558174,-0.025518005313975287,-0.03049374735684171,-0.04100567464387582,-0.03340914179820066,-0.032685953855821764,-0.03691965734546544,-0.049431804922530784,-0.02311754216238316,-0.027554107054460524,-0.19999999999999998
chaosnli_snli,llama,48,LPE,0,256,1.2413669757161523,0.21968952703611036,0.40467190640722817,0.3158501545747314,0.46593406593406594,0.46593406593406594,0.46462753415107727,0.29134729504585266,-0.01394020247581125,0.057951192465885815,-0.013940202475811236,0.057951192465885815,-0.0005823083513259789,0.07327996853592249,-0.0039477982358266175,0.06166972816038312,0.004566238271848627,0.07304257298831698,-0.01890258575369446,0.07745315227733436,-0.39999999999999997
chaosnli_snli,llama,48,LP-temp,0,256,1.0669541128073163,0.20989433161038096,0.4273220618543038,0.5379561899610131,0.45274725274725275,0.45274725274725275,1.0876577558597054,,-0.004945675731962758,,-0.004945675731962751,,0.012041338383293115,,0.0026640532736283314,,0.013847082159430132,,-0.00932399061928694,,-0.19999999999999998
chaosnli_snli,llama,48,GPP-cosine,0,1024,1.114593583843136,0.17938127837908532,0.3537407222327002,0.2810693472520012,0.5538461538461539,0.5538461538461539,0.6821411848068237,0.021243322640657425,0.08731640310121933,0.05207500424402362,0.08731640310121933,0.0520750042440236,0.08638576776900452,0.07537773833622963,0.08609695149244428,0.05092182907299414,0.08373492209069706,0.0673239881533977,0.0846976922095782,0.05489202003228376,0.6000000000000001
chaosnli_snli,llama,48,GPP-rbf,0,1024,1.1517048219325041,0.20644416381278416,0.39888832366073523,0.331244453660747,0.4989010989010989,0.4989010989010989,0.5511823892593384,0.24793078005313873,0.02983954826274466,0.0235280316136098,0.029839548262744653,0.023528031613609772,0.01217288167260178,0.012892391014013283,0.025349422820844823,0.024976897505822736,0.008054445001336008,0.012777372708058649,0.025650592737385652,0.026394914418442435,-0.39999999999999997
chaosnli_snli,llama,48,GPP-laplace,0,1024,1.0524604717458774,0.18826486731541042,0.3863088962140974,0.3976225450065959,0.5142857142857142,0.5142857142857142,0.6148344278335571,0.3218698501586914,0.04777770067098952,0.029842394376233147,0.04777770067098951,0.029842394376233147,0.026964151161315897,0.015976049620895542,0.03727918055980885,0.02839460690041902,0.023325575381891624,0.020447285007552368,0.021998798329742997,0.01519231575313695,0.7999999999999999
chaosnli_snli,llama,48,LPE,0,1024,1.2734078688753876,0.19520765827422504,0.3680280183589149,0.2793654742502779,0.545054945054945,0.545054945054945,0.21026796102523804,0.41808462142944336,0.029037535812816092,0.09301682351678986,0.029037535812816102,0.09301682351678987,0.03646941429419505,0.06450024258016274,0.036445661987736896,0.08652329858501603,0.042676462101215416,0.05871354615787254,0.03421312667072028,0.09205013808343179,0.0
chaosnli_snli,llama,48,LP-temp,0,1024,1.0127023328059817,0.188111138439761,0.39869310903804767,0.5147522176081479,0.5582417582417583,0.5582417582417583,1.0643299584547792,,0.06648095126233355,,0.06648095126233355,,0.041136465746556536,,0.05926338821004068,,0.03955216472026143,,0.04861270957655285,,1.0
chaosnli_snli,llama,48,GPP-cosine,1,16,1.2531502757820963,0.2294990251950726,0.42387870060827504,0.36492699505293696,0.45494505494505494,0.45494505494505494,0.627448320388794,0.20178130269050598,0.06608055926534573,-0.02173233654304846,0.06608055926534574,-0.02173233654304845,0.047542117273356596,-0.022650771419382196,0.059933590931816355,-0.03181561512218202,0.04119100182546431,-0.03186114205934672,0.06897928721691637,-0.03853509723637734,0.7999999999999999
chaosnli_snli,llama,48,GPP-rbf,1,16,1.2587064880482195,0.2120857857785435,0.38806977012082117,0.23593572780315358,0.5340659340659341,0.5340659340659341,0.49446746706962585,0.19197659194469452,-0.01929149436022537,-0.0015704495768692033,-0.01929149436022537,-0.0015704495768692102,-0.029263144781035436,-0.017831285644360026,-0.029570867821181356,-0.01709717410070546,-0.03708566202510268,-0.028862737976895775,-0.02146461932954255,-0.01186099052627279,-0.39999999999999997
chaosnli_snli,llama,48,GPP-laplace,1,16,1.0601645393327053,0.2056959370042765,0.42210019741739546,0.5331077671973062,0.5384615384615384,0.5384615384615384,0.7008764147758484,0.3819243907928467,0.038737937084183785,0.03434949402551481,0.038737937084183785,0.0343494940255148,0.0449848104525994,0.030808280481684498,0.039235002749323206,0.03216307458413178,0.04337383692003594,0.027121934913170845,0.011844110316989086,-0.003439358566279849,1.0
chaosnli_snli,llama,48,LPE,1,16,6.27690487308881,0.2833865038130786,0.43547465982795747,0.2961446703055929,0.5362637362637362,0.5362637362637362,0.25490641593933105,0.062463998794555664,-0.04718476992054119,-0.04834815925106725,-0.04718476992054117,-0.048348159251067266,-0.048156300108018815,-0.03290617155931484,-0.04338712506407872,-0.040004017296644045,-0.04632810118772987,-0.02990154703052563,-0.04748447460737203,-0.042372382849431844,-0.39999999999999997
chaosnli_snli,llama,48,LP-temp,1,16,6.070263044302678,0.24459739874245098,0.39567275511392513,0.1990723665810188,0.5362637362637362,0.5362637362637362,0.5566202152149242,,-0.0686263304923048,,-0.06862633049230477,,-0.07371167603659909,,-0.0663973897492845,,-0.07160353836257753,,-0.051480688983305156,,-0.39999999999999997
chaosnli_snli,llama,48,GPP-cosine,1,64,1.5211357354691704,0.26660880448429686,0.4476092368643219,0.28917487087553595,0.4461538461538462,0.4461538461538462,0.5300412178039551,0.13142159581184387,-0.05119518638932384,-0.06234058013217565,-0.051195186389323834,-0.06234058013217564,-0.040746113460580935,-0.03960517667818563,-0.0625377752746506,-0.07632483197815516,-0.0543491750068278,-0.0571149569400823,-0.06256296042092417,-0.07783971154901022,-0.7999999999999999
chaosnli_snli,llama,48,GPP-rbf,1,64,1.1287525790591542,0.1970840323319476,0.38178747162468485,0.30770426163704345,0.5362637362637362,0.5362637362637362,0.6236926317214966,0.1883164346218109,-0.0024170138714384864,0.008598445274696984,-0.00241701387143849,0.008598445274696973,0.010704584733679804,0.005504784023654629,-0.0020529425230139398,-0.004099027845065664,0.004587396160927539,-0.007471639074376882,0.0077766805675496395,-0.010790339365365434,-0.19999999999999998
chaosnli_snli,llama,48,GPP-laplace,1,64,1.0386067543141462,0.19189931252619727,0.39799261331803854,0.4814965644159865,0.5384615384615384,0.5384615384615384,0.6685101985931396,0.3614763617515564,0.018823436826900138,0.01660947774567364,0.018823436826900138,0.01660947774567363,0.019352027088789237,0.01485888790818762,0.009256823497727336,0.008198028830221603,0.011186495287304761,0.006846194507571703,0.001049312028416638,-0.0027158665129864332,0.7999999999999999
chaosnli_snli,llama,48,LPE,1,64,1.325275313372962,0.22297051419471484,0.3958890654376943,0.25824066225754455,0.5406593406593406,0.5406593406593406,0.517136812210083,0.08862458914518356,0.029024213829372984,0.032352319122490134,0.029024213829372977,0.03235231912249013,0.029202400433204052,0.03606383667496841,0.02943407346353407,0.045385539773572875,0.02236371218999895,0.044010039026680256,0.01975302980707821,0.039610398417200585,0.39999999999999997
chaosnli_snli,llama,48,LP-temp,1,64,1.0496949266936348,0.18947541933097845,0.38585996901512676,0.41037988587418806,0.5208791208791209,0.5208791208791209,0.9529272657916518,,-0.01021871313859252,,-0.010218713138592506,,-0.0004952110252746597,,-0.012249296545388255,,-0.009624298506193407,,-0.006190195690493562,,-0.39999999999999997
chaosnli_snli,llama,48,GPP-cosine,1,256,1.3235437275581792,0.23140607727774842,0.41514408588297486,0.30771328994947106,0.4879120879120879,0.4879120879120879,0.6171379089355469,0.07345000654459,0.051854392609659405,0.0026473381629451044,0.05185439260965941,0.0026473381629451113,0.028404914453386346,-0.0028412278224391463,0.04787056745817808,-0.005982789112946956,0.026551058965487075,-0.013449349408950283,0.05353739916199248,-0.024163796643457844,0.39999999999999997
chaosnli_snli,llama,48,GPP-rbf,1,256,1.1160877802122111,0.1932243485691788,0.3799411739156182,0.3224629362988171,0.5406593406593406,0.5406593406593406,0.6461852192878723,0.1547045260667801,0.023584182567870877,0.03627296610140293,0.0235841825678709,0.036272966101402924,0.019735239333321275,0.013257485250033407,0.019749311863344332,0.02191565406337361,0.015838324997190897,-0.0006926794703496601,0.02901096466399837,0.025113165093134382,0.39999999999999997
chaosnli_snli,llama,48,GPP-laplace,1,256,1.0523765795820594,0.1907165609469377,0.39151675302412486,0.42596604022356777,0.5208791208791209,0.5208791208791209,0.6328386664390564,0.3380357027053833,-0.004271032770148939,-0.003993331324075446,-0.004271032770148946,-0.003993331324075453,-0.03070518845938764,-0.03409653226773944,-0.02192236483600945,-0.017544044719351323,-0.04255732318667253,-0.04550676304505891,-0.013939518023175945,-0.009508398943348506,0.0
chaosnli_snli,llama,48,LPE,1,256,1.2184997719966901,0.20528432698460633,0.38407649784291337,0.3076783522269207,0.5252747252747253,0.5252747252747253,0.4587688148021698,0.25724974274635315,0.04048137152013926,0.016654485940493992,0.04048137152013927,0.01665448594049399,0.03660958031200257,1.9190675540649987e-05,0.03871329140396743,0.0012786344343106992,0.03127363502386422,-0.009189429665758527,0.039469623841664817,0.024155324689364512,0.7999999999999999
chaosnli_snli,llama,48,LP-temp,1,256,1.0356332126886185,0.19392606703680482,0.40241398612963364,0.4886554528383794,0.5054945054945055,0.5054945054945055,1.0358413127600785,,0.027680518440022055,,0.02768051844002204,,0.017420587319011333,,0.019161225095194377,,0.012063940217511908,,0.06986495676363554,,0.39999999999999997
chaosnli_snli,llama,48,GPP-cosine,1,1024,1.121433651896523,0.18054858964048365,0.3544696144528024,0.28893761454726125,0.567032967032967,0.567032967032967,0.6816408038139343,0.021082857623696327,0.07429377151201619,0.037340485684484316,0.07429377151201619,0.0373404856844843,0.08029363264012744,0.06358747515368873,0.07459483704884465,0.037219652419406724,0.07660975332061132,0.05528895634184559,0.07039830767809754,0.01915967452603038,0.6000000000000001
chaosnli_snli,llama,48,GPP-rbf,1,1024,1.1428344402329331,0.20388041164718015,0.39450976836935175,0.3309419719624001,0.4967032967032967,0.4967032967032967,0.5502613186836243,0.24788066744804382,0.01802734914234635,0.008852231256447032,0.01802734914234636,0.008852231256447001,0.013699476174013833,0.008506406998215053,0.020216363044865317,0.01566130975902922,0.012486163156101349,0.011298067329191388,0.016366286534641145,0.010455729028130408,-0.39999999999999997
chaosnli_snli,llama,48,GPP-laplace,1,1024,1.0483814285633704,0.1868188960552599,0.38384425616771967,0.39674929201679066,0.5186813186813187,0.5186813186813187,0.6145503520965576,0.32169094681739807,0.05442379924875368,0.0317391899085349,0.05442379924875368,0.03173918990853488,0.040849755900676306,0.024794017769658602,0.046170908712339684,0.03256019691657406,0.037303838831818086,0.029815058126369726,0.035829804827778144,0.02563345773249012,0.7999999999999999
chaosnli_snli,llama,48,LPE,1,1024,1.242739163536047,0.19256111342820426,0.366843067122952,0.2814462728807892,0.5538461538461539,0.5538461538461539,0.20961135625839233,0.42211729288101196,0.05491380325803859,0.05687240749971039,0.0549138032580386,0.05687240749971036,0.06064418165026586,0.047807933922537266,0.05793489829958563,0.05488969439097854,0.0594232775442176,0.04619297933487997,0.06367750012596915,0.05257758409223094,0.7999999999999999
chaosnli_snli,llama,48,LP-temp,1,1024,1.0162661943662508,0.18983538853690218,0.40157174059035383,0.521957180059066,0.5626373626373626,0.5626373626373626,1.0715355103942823,,0.07661379774985907,,0.07661379774985907,,0.05945482119546672,,0.0685386496628495,,0.056332554358530074,,0.07099153556133948,,0.7999999999999999
chaosnli_snli,llama,48,GPP-cosine,2,16,1.2122804752623955,0.23253002931619648,0.42819313871479786,0.37448016092824865,0.4461538461538462,0.4461538461538462,0.6650209426879883,0.2193068414926529,0.013237395193529441,-0.056343909897433764,0.013237395193529448,-0.056343909897433764,0.025320893001318765,-0.027276415860317687,0.02502655522057603,-0.05023554867235739,0.035432394434600764,-0.023540125925945465,0.02279312364962131,-0.06197718530932827,0.0
chaosnli_snli,llama,48,GPP-rbf,2,16,1.2471063032562166,0.2229565006426543,0.4045301460487011,0.2586387492873489,0.5340659340659341,0.5340659340659341,0.537348210811615,0.19850648939609528,-0.029951501564335327,-0.004619874240013474,-0.029951501564335334,-0.004619874240013486,-0.026176577864721988,-0.009397327345301795,-0.035077114084549596,-0.016072715048411942,-0.03571119953493211,-0.020463528940392495,-0.03520447269744571,-0.025611099417552085,-0.6000000000000001
chaosnli_snli,llama,48,GPP-laplace,2,16,1.0688296083427948,0.20985606510286464,0.42696470744334736,0.5381601736519007,0.5340659340659341,0.5340659340659341,0.7040989995002747,0.38376250863075256,-0.008579344139761705,-0.00903824043129152,-0.008579344139761733,-0.009038240431291521,0.0057268186660270615,-0.018190573978492865,-0.008989178029313427,-0.016659022861288758,0.0030020389196584313,-0.02666704004025535,0.0068670602333185,-0.022295890013136137,0.39999999999999997
chaosnli_snli,llama,48,LPE,2,16,1.7498469490448527,0.2834285036013658,0.44352304933306114,0.2519454918743467,0.5340659340659341,0.5340659340659341,0.31365036964416504,0.08239568024873734,-0.029330490048060768,-0.022010635961817925,-0.029330490048060754,-0.02201063596181791,-0.004919828207123557,-0.018050667140613232,-0.018612067596655096,-0.02142154354136071,-0.007714384403666993,-0.02259273078213361,-0.044081360716874934,-0.043348441139447504,-0.7999999999999999
chaosnli_snli,llama,48,LP-temp,2,16,1.118008861439009,0.20432696475925952,0.3977159108883791,0.36694204494796,0.5296703296703297,0.5296703296703297,0.9016684160595834,,-0.030809399400060458,,-0.03080939940006045,,-0.008438908067202251,,-0.01814904840668021,,-0.009245663724684907,,-0.04063130073489824,,-1.0
chaosnli_snli,llama,48,GPP-cosine,2,64,1.3491383181625134,0.2556134116832286,0.44811578248550726,0.3335289627206426,0.42857142857142855,0.42857142857142855,0.6240988373756409,0.14702057838439941,-0.030706106124611162,-0.03680854756582885,-0.03070610612461115,-0.03680854756582885,0.013395061713822608,0.004172452502087899,-0.0035419966422552025,-0.02256274228217174,0.02657258830034094,0.008814144909550386,-0.01687772502648581,-0.0401308821532652,-0.7999999999999999
chaosnli_snli,llama,48,GPP-rbf,2,64,1.05104987136697,0.18867781257647734,0.38650553827020495,0.4078764317407305,0.5054945054945055,0.5054945054945055,0.7148967385292053,0.22776509821414948,-0.04036730547978752,0.0049226623348538005,-0.040367305479787535,0.0049226623348537875,-0.016231478160148805,0.00787825380149484,-0.02548027408751543,0.002133452510378878,-0.010433192056630177,0.000908729224545584,-0.02375312981609173,0.004090106558892267,-0.19999999999999998
chaosnli_snli,llama,48,GPP-laplace,2,64,1.0570295045247455,0.2042680590560698,0.4190395833699258,0.5288336530949177,0.5296703296703297,0.5296703296703297,0.6993228197097778,0.37899988889694214,-0.016632073236842085,-0.016831753722440477,-0.016632073236842078,-0.016831753722440487,0.002801004196779304,-0.012330537548325124,-0.00932879182953128,-0.014398424969102925,0.005797878780363579,-0.014123332773894107,0.019434917485709143,0.0033092854064409134,0.39999999999999997
chaosnli_snli,llama,48,LPE,2,64,1.1324411326557735,0.1982670047107488,0.3890031625918409,0.33070680672634395,0.4967032967032967,0.4967032967032967,0.6682205200195312,0.12505728006362915,-0.026251937580493212,-0.011053036133455593,-0.026251937580493205,-0.0110530361334556,-0.017645313565543583,-0.01173169480945648,-0.016771403106907314,-0.02109342014296845,-0.01700452475123426,-0.022734642729516676,-0.01567872057611937,0.005366505176351904,-0.39999999999999997
chaosnli_snli,llama,48,LP-temp,2,64,1.0337224771242526,0.19209557727973617,0.3985133438971396,0.48265324447053715,0.4879120879120879,0.4879120879120879,1.0293833936870753,,-0.037671924044612115,,-0.03767192404461209,,-0.031195728154651853,,-0.028579033635038026,,-0.029374834625076868,,-0.025629699497215636,,-0.39999999999999997
chaosnli_snli,llama,48,GPP-cosine,2,256,1.415707065980397,0.2582340258229363,0.440400691027849,0.282076686348847,0.44395604395604393,0.44395604395604393,0.6000018119812012,0.07251083105802536,0.07392946386258996,0.025721696582650715,0.07392946386258994,0.0257216965826507,0.05049726480758084,0.0159146405326973,0.0794348377431868,0.028432368345987655,0.056411971573678284,0.01760053286233351,0.07689680605890474,0.029942688517555716,0.7999999999999999
chaosnli_snli,llama,48,GPP-rbf,2,256,1.1296349469049851,0.20479643505653303,0.3991139957277043,0.36315516606059856,0.4967032967032967,0.4967032967032967,0.6828473210334778,0.16754837334156036,-0.01939968039646228,0.028219975166533167,-0.01939968039646229,0.028219975166533146,-0.020348127214537944,0.0028556848206860337,-0.00728099786559868,0.026156771275508302,-0.008401721570406515,0.0032185725967894298,0.00016625413671871698,0.02303205823461438,-0.39999999999999997
chaosnli_snli,llama,48,GPP-laplace,2,256,1.0416224431300898,0.19334938745263547,0.40012955056442007,0.4829466308730651,0.5296703296703297,0.5296703296703297,0.6716779470443726,0.3594549596309662,-0.0051087123371583824,0.003931644588533123,-0.005108712337158358,0.003931644588533125,-0.024651546757702633,-0.024042903000558138,-0.008266588871382461,0.0017228299189026436,-0.029202896572318636,-0.029134990621185648,-0.007434999652086346,0.0085636168146849,-0.39999999999999997
chaosnli_snli,llama,48,LPE,2,256,1.2779455960506108,0.22733213983368744,0.41363511465086567,0.32145161574295145,0.4835164835164835,0.4835164835164835,0.4781459867954254,0.25028300285339355,-0.0007569573866939138,-0.005872562756459355,-0.0007569573866939199,-0.005872562756459362,0.006541688084592687,-0.008428702210173104,0.015792319127118707,-0.006232652668490036,0.01932870081100217,-0.00739559699968018,0.004847422816152354,0.0076197264706626975,-0.19999999999999998
chaosnli_snli,llama,48,LP-temp,2,256,1.0868238704894286,0.20778076000440032,0.4124828954812404,0.45444625639792385,0.4703296703296703,0.4703296703296703,0.9973172533421779,,0.009195423700818373,,0.009195423700818398,,0.024062492382498506,,0.02171637283334812,,0.034008582800335474,,0.03253313180412279,,0.0
chaosnli_snli,llama,48,GPP-cosine,2,1024,1.1194735285324984,0.1795830879063474,0.3540108639630809,0.2812778893038921,0.5648351648351648,0.5648351648351648,0.6816039085388184,0.021289926022291183,0.08402119053372048,0.03895970898525264,0.08402119053372048,0.03895970898525266,0.07913026608758202,0.0556393911173257,0.08020546303578531,0.03436171158618665,0.0751501195913578,0.046225702565425256,0.07900689591827036,0.03345163920070147,0.6000000000000001
chaosnli_snli,llama,48,GPP-rbf,2,1024,1.1464332077770334,0.20455729173819798,0.39596109363444887,0.32736148897646417,0.5032967032967033,0.5032967032967033,0.5484971404075623,0.2465117871761322,0.03478796408762103,0.020915026171718552,0.03478796408762106,0.020915026171718545,0.024109372149056035,0.016549520566454635,0.029647557061304657,0.022194621108640834,0.019437046059561775,0.0164351248491982,0.03240821825542339,0.01989890029485057,0.0
chaosnli_snli,llama,48,GPP-laplace,2,1024,1.0493311868977666,0.18706796452991478,0.38425955584497895,0.3963107513692357,0.5186813186813187,0.5186813186813187,0.6141626834869385,0.3213787078857422,0.04884431601381417,0.02836092114245784,0.048844316013814185,0.02836092114245784,0.02863764142112143,0.017044234020881312,0.035406211490635685,0.025110594896108993,0.02337333636369566,0.020448244066474237,0.020850561905033576,0.013635450865956045,0.7999999999999999
chaosnli_snli,llama,48,LPE,2,1024,1.2608824286387617,0.1944439532505979,0.36998081299735885,0.2859570463425838,0.5362637362637362,0.5362637362637362,0.2123180329799652,0.4159582257270813,0.01627569525669776,0.0671526272367513,0.016275695256697753,0.06715262723675129,0.024553957581074135,0.05046607210858678,0.01869086284479913,0.06411470533188243,0.026987076337865033,0.04771263076967836,0.015322898504199545,0.05971874070497497,-0.19999999999999998
chaosnli_snli,llama,48,LP-temp,2,1024,0.9997483025103103,0.1822159235899335,0.38977694060395063,0.5008044841840716,0.5604395604395604,0.5604395604395604,1.0497284916455982,,0.045805875342986864,,0.04580587534298686,,0.022971578075384597,,0.03743440201642105,,0.02081946606813476,,0.05106186869636048,,0.7999999999999999
chaosnli_snli,llama,48,GPP-cosine,3,16,1.313092038983065,0.27636650964936543,0.4858664475985199,0.4172142940349738,0.3076923076923077,0.3076923076923077,0.6920914649963379,0.23478655517101288,-0.007116439479144355,-0.06077433014725523,-0.007116439479144365,-0.06077433014725524,-0.029610052586480154,-0.04946839605797569,-0.007884293767951064,-0.05809992714876358,-0.02527908885190689,-0.045836625508508234,-0.009071934060284654,-0.06385241731349008,-0.19999999999999998
chaosnli_snli,llama,48,GPP-rbf,3,16,1.252851725438958,0.26760325779669214,0.4884268158125681,0.4640397642053353,0.27692307692307694,0.27692307692307694,0.7328058481216431,0.2774004638195038,0.026517169056534874,0.03355637981004148,0.026517169056534853,0.03355637981004148,0.006151755197666184,0.0019298781690660115,0.022610025963583524,0.01352175991594246,0.0012475436094185888,-0.013572824977880808,0.020913114227737704,0.014936819453374965,0.6000000000000001
chaosnli_snli,llama,48,GPP-laplace,3,16,1.112735653631315,0.2275440305075893,0.45043253823296053,0.5452326035770533,0.27472527472527475,0.27472527472527475,0.70871502161026,0.3862549066543579,-0.001391969275775909,-0.02376399809835076,-0.001391969275775895,-0.023763998098350753,0.0015532997786059065,-0.052171614397638295,0.002830326107839388,-0.032547867833312566,0.0018009319215822935,-0.059432641149098915,0.02615891081610783,-0.0036721780565890094,0.0
chaosnli_snli,llama,48,LPE,3,16,1.4725823401823803,0.3173482146815926,0.5273160912628685,0.3531413543918164,0.2835164835164835,0.2835164835164835,0.7284573912620544,0.150312602519989,0.021299080320917922,0.009697611137874911,0.021299080320917887,0.009697611137874908,-0.007850427152942409,0.007585172486370457,0.012416027366185585,0.0041936307338632794,-0.013752394188329312,0.005609292867602343,-0.001177856414584596,-0.012151617158026701,0.39999999999999997
chaosnli_snli,llama,48,LP-temp,3,16,1.12435459642907,0.2312826156525634,0.4548058696262364,0.5401673069569702,0.27692307692307694,0.27692307692307694,1.0898586973121742,,0.033965292554509904,,0.03396529255450991,,0.00413471454569779,,0.0259672820850277,,-0.0023383171924787755,,0.019839023326070654,,0.39999999999999997
chaosnli_snli,llama,48,GPP-cosine,3,64,1.4058116567953236,0.25349581884589684,0.4404335274370029,0.3074431521813759,0.43956043956043955,0.43956043956043955,0.573874294757843,0.1344662308692932,0.04774398754070477,-0.005144598974570489,0.047743987540704746,-0.0051445989745704645,0.01403943795133073,-0.015783959277652658,0.035085768208987664,-0.0164825820024638,0.004543611597158112,-0.025741236185959346,0.023458203895399137,-0.019944445010465085,0.19999999999999998
chaosnli_snli,llama,48,GPP-rbf,3,64,1.0778568866394906,0.19619274389662478,0.3922150331498175,0.39756897940194313,0.5098901098901099,0.5098901098901099,0.7116954922676086,0.22365641593933105,0.04988739118893569,0.05826171378951703,0.0498873911889357,0.05826171378951701,0.06306806933493023,0.046134309752218494,0.060076566480803645,0.04602334782634072,0.06453475945388172,0.03428344806418041,0.08039062718721314,0.058085946725468886,0.6000000000000001
chaosnli_snli,llama,48,GPP-laplace,3,64,1.0509411695010324,0.20172314150618903,0.41667321470085084,0.5229809398433468,0.5340659340659341,0.5340659340659341,0.695484459400177,0.37709876894950867,-0.001126553455234769,0.003117822206622858,-0.0011265534552347758,0.0031178222066228375,-0.015187397864106736,-0.030076426158461098,-0.010450367962969762,-0.012908351206908086,-0.024669954402671928,-0.043005956635926865,0.005972918922734587,0.008551705119831875,-0.19999999999999998
chaosnli_snli,llama,48,LPE,3,64,1.2333373522450684,0.21763603347782498,0.4002295082516886,0.2826572679141159,0.4967032967032967,0.4967032967032967,0.6101982593536377,0.12566015124320984,0.07948031358549006,0.03968581256808578,0.07948031358549006,0.03968581256808577,0.0999372288230937,0.040641464728907783,0.08874788490055233,0.0404396447033533,0.09967840781678662,0.03833797289857446,0.09520055842589703,0.03705368487985422,0.6000000000000001
chaosnli_snli,llama,48,LP-temp,3,64,1.0534215458808227,0.20038923425372795,0.41065999873277126,0.4994657239312752,0.47912087912087914,0.47912087912087914,1.0489211126222746,,0.0797491623135047,,0.0797491623135047,,0.09177011355081002,,0.08375844996527483,,0.08923966393328384,,0.12447708381632466,,0.6000000000000001
chaosnli_snli,llama,48,GPP-cosine,3,256,1.3447570161503206,0.22916030823633837,0.4111450932479584,0.3166819337527898,0.47692307692307695,0.47692307692307695,0.58968186378479,0.0694216638803482,-0.004590251062111375,-0.05883467391844012,-0.0045902510621113595,-0.05883467391844012,-0.010400791662393608,-0.03862592736931445,0.0018353799561988517,-0.05345817426098658,-0.006020106101567738,-0.03745990782290952,0.01429568999510911,-0.0632150460904987,0.0
chaosnli_snli,llama,48,GPP-rbf,3,256,1.170665169850187,0.2015450282699938,0.38691743297635445,0.30845688874596267,0.5164835164835165,0.5164835164835165,0.5871660709381104,0.14224696159362793,-0.013722877527631313,0.0050750299651782065,-0.013722877527631308,0.005075029965178203,0.0083976767712044,0.018156170826564472,-0.0020761085737913097,0.007800020208111902,0.011896392093332927,0.015913970097247866,0.014666672405932791,0.016787973272218887,0.0
chaosnli_snli,llama,48,GPP-laplace,3,256,1.0530911349843068,0.18849075536277904,0.3858315439260268,0.40756631020729334,0.5340659340659341,0.5340659340659341,0.6171791553497314,0.32972055673599243,-0.04093710299159947,-0.05095824103410825,-0.04093710299159947,-0.05095824103410825,-0.03232516208202722,-0.035584588869005646,-0.0468927097427407,-0.05067360158689245,-0.03139137034934188,-0.029163634873166977,-0.006476267463675078,-0.009806063916868264,-0.39999999999999997
chaosnli_snli,llama,48,LPE,3,256,1.3184066594480943,0.21457137794572795,0.3916869068536351,0.3080884873131948,0.5252747252747253,0.5252747252747253,0.40233832597732544,0.23590953648090363,0.013636198991053524,0.03248630519927259,0.013636198991053526,0.03248630519927258,0.04307466048899097,0.03599652606766773,0.031999474016168775,0.03316251725761183,0.049213191841981925,0.029161940422844715,0.02345450935902761,0.04550031747915314,0.0
chaosnli_snli,llama,48,LP-temp,3,256,1.0386086324661388,0.18960427510879171,0.39150306123303596,0.45161552380479225,0.5032967032967033,0.5032967032967033,0.9936465610928508,,0.020055984617589367,,0.02005598461758934,,0.028363747236632625,,0.02868422905135725,,0.026549337750913955,,0.030471325713198872,,0.6000000000000001
chaosnli_snli,llama,48,GPP-cosine,3,1024,1.1106669688988957,0.17885454258694752,0.35411509030997007,0.2850348603803915,0.5582417582417583,0.5582417582417583,0.6879487037658691,0.021378181874752045,0.07744657736209704,0.04121909225907301,0.07744657736209702,0.04121909225907299,0.07028811984806807,0.05824829108976043,0.07276434243596333,0.03707585349220729,0.06504156010910409,0.04835687305635945,0.0686169678568949,0.027434480514706594,0.6000000000000001
chaosnli_snli,llama,48,GPP-rbf,3,1024,1.1461639556045795,0.20493999715486044,0.3969602207305258,0.3335616142036967,0.49230769230769234,0.49230769230769234,0.5520325303077698,0.24799315631389618,0.010341609397315352,-0.0009885743313436286,0.010341609397315356,-0.0009885743313436078,-0.008921718516565405,-0.012671006119520576,0.004282287193235812,-0.0005255237872958674,-0.01458010870600314,-0.013327349418822217,0.003096531070563322,-0.002936455727431469,-0.39999999999999997
chaosnli_snli,llama,48,GPP-laplace,3,1024,1.0482489581499623,0.18730616701721084,0.38554531023070054,0.40159640249554523,0.5164835164835165,0.5164835164835165,0.6178657412528992,0.32329925894737244,0.033109302815621265,0.012430677831736885,0.03310930281562127,0.012430677831736882,0.007800820844097344,-0.0036465236757915465,0.019809615347181172,0.00909889175016662,0.0025024662949047066,-0.00027793268790842277,0.006059676638333926,-0.007639218334967651,0.39999999999999997
chaosnli_snli,llama,48,LPE,3,1024,1.2397526500488611,0.18859823295161288,0.3621505507127638,0.2864428375862843,0.5626373626373626,0.5626373626373626,0.21420565247535706,0.42215439677238464,0.02836222191074384,0.023295404047937073,0.028362221910743845,0.023295404047937077,0.020690388762283757,-0.005926435736998753,0.026089271827435794,0.014650364466162712,0.019659631122820317,-0.009656106024290751,0.024100416235015267,0.02144531856194647,-0.39999999999999997
chaosnli_snli,llama,48,LP-temp,3,1024,1.0071973771248566,0.18565706665725124,0.3952172244508627,0.5113602807827382,0.567032967032967,0.567032967032967,1.0607947088672693,,0.042048672143874616,,0.04204867214387464,,0.01040024622283306,,0.02884179787518875,,0.004713690658425251,,0.04226046387693575,,0.39999999999999997
chaosnli_snli,llama,48,GPP-cosine,4,16,1.723872106224934,0.33152389641426905,0.5149632538719983,0.28768790346751505,0.3648351648351648,0.3648351648351648,0.5071637034416199,0.17975598573684692,0.012025684611375988,-0.008687387668240548,0.012025684611375976,-0.00868738766824054,0.060124092306169906,0.021540431797297154,0.030967761280312502,-0.004890187655908821,0.06726028755708174,0.02007632594846925,0.027849542566376773,-0.011140555933825014,0.19999999999999998
chaosnli_snli,llama,48,GPP-rbf,4,16,1.065886872956821,0.1892659452402616,0.38369079387777455,0.3763318979709247,0.5296703296703297,0.5296703296703297,0.6658101677894592,0.248120978474617,-0.018520487068653117,0.01408573851370383,-0.018520487068653148,0.014085738513703823,-0.03165463512432604,-0.015074287910058638,-0.026438135863944442,-0.007255847380972038,-0.04068760694278845,-0.030782323047683482,0.0010559367143242037,0.007329832763303741,-0.19999999999999998
chaosnli_snli,llama,48,GPP-laplace,4,16,1.0691919484809387,0.21068229928439275,0.4291145534305782,0.5433188984104906,0.5384615384615384,0.5384615384615384,0.7075097560882568,0.38554272055625916,0.012089179921857617,0.0006948287685346333,0.012089179921857596,0.0006948287685346367,0.01991951818892366,-0.02404398769059468,0.011708357204179058,-0.011984859603098984,0.020042582740287494,-0.03264676511559312,0.027378490050971288,-0.0077457229007123615,0.7999999999999999
chaosnli_snli,llama,48,LPE,4,16,1.269166800444599,0.21941630856272618,0.3974619231708757,0.22926378927745833,0.5296703296703297,0.5296703296703297,0.5196306705474854,0.12160065770149231,0.00027937036284023803,-0.029936930382533283,0.0002793703628402311,-0.029936930382533283,-0.006263628838328629,-0.04032303100322348,-0.003436738938881287,-0.034011898712142045,-0.0153734040969336,-0.04630833041357498,0.029533168270442826,-0.030220352035546863,-0.19999999999999998
chaosnli_snli,llama,48,LP-temp,4,16,1.0403894946867918,0.1894875028118072,0.3921583417502574,0.4524861516328624,0.5230769230769231,0.5230769230769231,0.9986805248962705,,-0.0011056798673904841,,-0.0011056798673904841,,-0.007918910875208907,,-0.002067081954633003,,-0.015584475234005586,,0.03673598542124958,,-0.39999999999999997
chaosnli_snli,llama,48,GPP-cosine,4,64,1.4431754136792885,0.25922076544046624,0.44806378451647727,0.320998504605484,0.46373626373626375,0.46373626373626375,0.5497199296951294,0.12297199666500092,-0.018049311906492664,-0.06012364546332704,-0.018049311906492664,-0.06012364546332704,-0.003133492903246356,-0.040316704869604994,-0.004103062886207855,-0.05462408755045547,0.004704672699124815,-0.0380259453998438,0.0034168728535358996,-0.0611472523026968,0.0
chaosnli_snli,llama,48,GPP-rbf,4,64,1.2247842903472617,0.21550409386997868,0.3977538142905949,0.26195600536790803,0.5318681318681319,0.5318681318681319,0.5365405082702637,0.1623414158821106,-0.06403244110575257,-0.0174254326040136,-0.06403244110575254,-0.017425432604013604,-0.04898942393078752,-0.017436870025090357,-0.059489674414097145,-0.02432886041446801,-0.05071724117622636,-0.025959371722106737,-0.06660325443770378,-0.030829823139042912,-0.7999999999999999
chaosnli_snli,llama,48,GPP-laplace,4,64,1.049543031547923,0.194099248013131,0.398864646419719,0.46845605639936716,0.5318681318681319,0.5318681318681319,0.6594454050064087,0.35635799169540405,0.005340710413113436,0.006563714985519625,0.005340710413113431,0.006563714985519605,0.009579509577492453,0.009746761052805468,-0.001113604937954791,0.0018647765548125746,0.0035771585170949888,0.004262926655602257,0.018468605127845948,0.008440104910655371,0.19999999999999998
chaosnli_snli,llama,48,LPE,4,64,1.4794564617703185,0.24850581386406698,0.41973060804373163,0.2718382863669817,0.5274725274725275,0.5274725274725275,0.41385841369628906,0.09348055720329285,-0.04881533636999222,0.0019486167382493438,-0.048815336369992204,0.0019486167382493404,-0.04037595761214334,0.0029595563844717803,-0.0439214679011177,0.0027166231042797355,-0.04298261577787946,0.000742208753408575,-0.048674497512421484,-0.01165709033790627,-0.39999999999999997
chaosnli_snli,llama,48,LP-temp,4,64,1.0489441693777612,0.19328052475276086,0.3967832368602255,0.4535552792912493,0.5318681318681319,0.5318681318681319,0.9992028713250954,,-0.026909372220603054,,-0.026909372220603058,,-0.018964966802604358,,-0.020228231180167172,,-0.01991559464555321,,-0.049463918016772086,,-0.39999999999999997
chaosnli_snli,llama,48,GPP-cosine,4,256,1.36073803489428,0.22722046981538072,0.40088914544974036,0.3067760566335716,0.4967032967032967,0.4967032967032967,0.6028369665145874,0.0731903687119484,-0.00012196999133160663,-0.020061350976513726,-0.00012196999133160837,-0.020061350976513726,-0.000764614924942994,-0.010342765208102692,0.007562957824689201,-0.020083732229939685,0.004896582567257394,-0.01390366005600318,0.008825610402548534,-0.02788056393211701,-0.19999999999999998
chaosnli_snli,llama,48,GPP-rbf,4,256,1.1439241399263904,0.20007028557327833,0.386185156731549,0.3249734701684783,0.5274725274725275,0.5274725274725275,0.6320244073867798,0.15517736971378326,0.0027462191013794407,0.048566114386116285,0.0027462191013794685,0.048566114386116285,-0.00641633651032213,0.03368536148428565,-0.0044370834028474755,0.03318548828904682,-0.008788313450921952,0.024233389885995167,-0.003901939999556218,0.02844060468691814,-0.39999999999999997
chaosnli_snli,llama,48,GPP-laplace,4,256,1.0583266783460545,0.19310200547149878,0.393778449346076,0.43264434429065446,0.5318681318681319,0.5318681318681319,0.6370014548301697,0.3410857617855072,0.041363446860998035,0.04916616785338593,0.04136344686099802,0.0491661678533859,0.0075371862166865936,0.020025900699839456,0.018450240270413143,0.030195937610972678,-0.004720260217102329,0.009686833272962145,0.014995932035319398,0.015406535163782563,0.39999999999999997
chaosnli_snli,llama,48,LPE,4,256,1.2894838625041862,0.21756156894551396,0.3963774205642339,0.3165861277876099,0.5164835164835165,0.5164835164835165,0.4450072944164276,0.24259065091609955,0.002799329323404468,0.017542636272501296,0.0027993293234044713,0.0175426362725013,-0.0009868802369829358,-0.005854177004406172,-0.001384429269165599,0.006203503516876145,-0.0019297250969719931,-0.009825336487071597,-0.002930468030553477,0.0025760473344987097,-0.39999999999999997
chaosnli_snli,llama,48,LP-temp,4,256,1.0405240168411274,0.19593970611730924,0.40142315295611747,0.48868780857416605,0.49230769230769234,0.49230769230769234,1.034643288297187,,-0.025639981271057453,,-0.025639981271057443,,-0.02050287538170316,,-0.02031941501981497,,-0.013415121612106052,,-0.038061495892889353,,-0.39999999999999997
chaosnli_snli,llama,48,GPP-cosine,4,1024,1.127029950674966,0.18260321644276778,0.3589465213727745,0.2854936306310476,0.5406593406593406,0.5406593406593406,0.6841801404953003,0.021307678893208504,0.07723336237397987,0.04740590008783345,0.07723336237397989,0.047405900087833436,0.0713739530601278,0.06075782106758531,0.07335705107141786,0.04237510899786892,0.06850290766461087,0.0522730557685906,0.07659875889196724,0.03258205256159404,0.6000000000000001
chaosnli_snli,llama,48,GPP-rbf,4,1024,1.153777544771717,0.20650618600705664,0.39764064826316886,0.3288988728800266,0.4967032967032967,0.4967032967032967,0.5467270016670227,0.24559111893177032,0.017566634268850953,0.0028394459223330063,0.017566634268850953,0.00283944592233301,0.010879657193352786,0.0003656092167628284,0.01603096767182166,0.006678404034519264,0.007910168728555156,0.001327060709417698,0.017619180256909513,0.004465420495117049,-0.39999999999999997
chaosnli_snli,llama,48,GPP-laplace,4,1024,1.0528675101320837,0.18802176821753677,0.38488877040671776,0.3932947024778089,0.5186813186813187,0.5186813186813187,0.6120857000350952,0.32017508149147034,0.048186795046752315,0.02461867929385572,0.0481867950467523,0.02461867929385571,0.03229592177966985,0.01584455031269753,0.0376448882494046,0.02344256687802906,0.028351293448956923,0.020159847653637875,0.02820294407998422,0.010089842850889812,0.7999999999999999
chaosnli_snli,llama,48,LPE,4,1024,1.2228818296832442,0.1908708402377776,0.36444476109461915,0.282590472148379,0.5582417582417583,0.5582417582417583,0.21214692294597626,0.42851221561431885,-0.018679531604864463,0.04630724675121618,-0.018679531604864477,0.04630724675121617,-0.01913522116792548,0.04883024932324332,-0.014860697112549594,0.05070787450504576,-0.0120951924652575,0.05475686303720551,-0.006182297026526849,0.05508356263347655,-0.39999999999999997
chaosnli_snli,llama,48,LP-temp,4,1024,1.01006751168755,0.18709217595457847,0.39778642182445817,0.5146247058505362,0.5494505494505495,0.5494505494505495,1.0640485588945061,,0.06005263099556303,,0.06005263099556303,,0.03364352444541455,,0.04800418435148692,,0.03089224574189293,,0.052330623445465234,,0.7999999999999999
chaosnli_snli,llama,64,GPP-cosine,0,64,1.5344039710626995,0.28732288151755153,0.4770595349757459,0.304814651827551,0.389010989010989,0.389010989010989,0.5458014011383057,0.1593579351902008,-0.021162280642712687,-0.053235630270653395,-0.0211622806427127,-0.05323563027065341,-0.03397029553941314,-0.060952614404867995,-0.027098789583862495,-0.06434997484893624,-0.030198195089104336,-0.06319927163515009,-0.01917145882307749,-0.06586402866888359,-0.39999999999999997
chaosnli_snli,llama,64,GPP-rbf,0,64,1.0934397124439503,0.19226084210011468,0.38440342658905535,0.3510691439293141,0.5230769230769231,0.5230769230769231,0.6625223755836487,0.19656610488891602,-0.03038873303236217,0.0013559479905001868,-0.03038873303236217,0.0013559479905001833,-0.021270958573323152,-0.0181089028923606,-0.020522056255616487,-0.011991502251724583,-0.00756727403938047,-0.020932643609732626,0.009946711094598121,-0.0011514213698572905,-0.19999999999999998
chaosnli_snli,llama,64,GPP-laplace,0,64,1.0371367791271429,0.19416978004342733,0.40481791589613797,0.5052259984809252,0.5362637362637362,0.5362637362637362,0.68419349193573,0.3701897859573364,-0.01669605991569932,-0.006216238360375501,-0.01669605991569932,-0.006216238360375521,-0.036234824592244225,-0.0391408053538493,-0.03642705433206837,-0.030346601129011237,-0.047302527423447115,-0.05393084849324663,0.00957547388816261,0.0007468696371750791,0.39999999999999997
chaosnli_snli,llama,64,LPE,0,64,1.2722137825490647,0.2181867576641487,0.3981515986322947,0.2829385725443098,0.5274725274725275,0.5274725274725275,0.5784796476364136,0.10562675446271896,0.01799939921255996,-0.02718180378807964,0.017999399212559948,-0.027181803788079627,0.033224310081264766,-0.02135614547276237,0.03382301819699523,-0.016817551127133568,0.049011502842202,-0.007019106100574234,0.03419924030987557,-0.008704391390220672,-0.19999999999999998
chaosnli_snli,llama,64,LP-temp,0,64,1.0551036966358267,0.19667457070931135,0.4028230160079107,0.4677112998705587,0.5076923076923077,0.5076923076923077,1.0112224834070351,,0.006018234177280343,,0.00601823417728033,,0.016686647886225765,,0.019509510150245653,,0.03347182876185538,,0.02162475837157736,,0.39999999999999997
chaosnli_snli,llama,64,GPP-cosine,0,256,1.5020960259032614,0.26250083875795066,0.44227239964684983,0.310962800076093,0.42857142857142855,0.42857142857142855,0.5833181738853455,0.0834021121263504,-0.02559896307318394,-0.0605170342057747,-0.025598963073183937,-0.0605170342057747,-0.020897137468663098,-0.05736174078242486,-0.017701237839770862,-0.057788592804224714,-0.011172728925422223,-0.05167438286151821,-0.012390264710945516,-0.06677275721847334,-0.39999999999999997
chaosnli_snli,llama,64,GPP-rbf,0,256,1.0561488121068316,0.19642852976475517,0.4027331821252029,0.4689778084883684,0.5208791208791209,0.5208791208791209,0.6726228594779968,0.3333277404308319,-0.07638779587875381,-0.06244251517271456,-0.07638779587875379,-0.06244251517271456,-0.07641496214839373,-0.07849291658580666,-0.07452316327475068,-0.0683651403576423,-0.07606672395028405,-0.08398873048122232,-0.1152496007055466,-0.06598435589657005,-1.0
chaosnli_snli,llama,64,GPP-laplace,0,256,1.0345991732698807,0.19344456890782152,0.4038032747886993,0.5032006152847797,0.5274725274725275,0.5274725274725275,0.6855356097221375,0.36648640036582947,-0.05107921510207286,-0.03689796936989913,-0.05107921510207287,-0.03689796936989913,-0.06112936980623741,-0.05935482933334667,-0.05791276102675393,-0.04535243702200957,-0.06430792775473389,-0.06559855531538726,-0.06213777024368378,-0.05614383087320185,-0.7999999999999999
chaosnli_snli,llama,64,LPE,0,256,1.2536461393728975,0.22121944864030793,0.4062260439817872,0.3218373594334167,0.48131868131868133,0.48131868131868133,0.46933916211128235,0.28643980622291565,-0.038097687222254095,-0.06699834754170349,-0.03809768722225407,-0.0669983475417035,-0.012799958651029534,-0.04992571830368251,-0.02399949910629032,-0.06793143323152134,-0.0048235618826611495,-0.04688635105557622,-0.024647780908127886,-0.04991159390675643,-0.19999999999999998
chaosnli_snli,llama,64,LP-temp,0,256,1.0731167980288852,0.21245883983873062,0.4311684126446634,0.5423199317220952,0.4461538461538462,0.4461538461538462,1.0920170169144134,,-0.06267448912836189,,-0.06267448912836186,,-0.045031146973891385,,-0.052991020359322766,,-0.03617241710618857,,-0.02314913681825001,,-0.39999999999999997
chaosnli_snli,llama,64,GPP-cosine,0,1024,1.1713218761650457,0.1942760810595482,0.36983060140465257,0.27955681694408013,0.5186813186813187,0.5186813186813187,0.6708194017410278,0.022115569561719894,0.10525422730075233,0.08291118904422624,0.10525422730075233,0.08291118904422624,0.10242168174935395,0.08671709558380769,0.10073687094077291,0.0725926264277088,0.10084451748126208,0.07659576441542344,0.11028331206594733,0.0672374407155473,0.7999999999999999
chaosnli_snli,llama,64,GPP-rbf,0,1024,1.185298987200401,0.21383179184149878,0.40513056030005706,0.3205428297246859,0.5010989010989011,0.5010989010989011,0.538112998008728,0.23836776614189148,0.03440867282740511,0.02687454828466597,0.034408672827405125,0.026874548284665987,0.014630899718492883,0.009962786359549437,0.03010811152336232,0.026955174603050684,0.011701507607543862,0.010517038563369807,0.029181932519535932,0.023005049899760457,-0.39999999999999997
chaosnli_snli,llama,64,GPP-laplace,0,1024,1.0644708654196924,0.19106241273556834,0.3889755118269842,0.38823974538113504,0.512087912087912,0.512087912087912,0.6080382466316223,0.3176247477531433,0.026782835264030372,0.015598671684046344,0.02678283526403038,0.01559867168404635,0.0015023373315668038,-0.00313774569891866,0.01514814113338222,0.012883870766526856,-0.0003482228267163087,0.002819497889480988,-0.004846531031510951,-0.00961554049812279,0.39999999999999997
chaosnli_snli,llama,64,LPE,0,1024,1.2686436799276524,0.20643554827748123,0.3820843465921317,0.28077883293485273,0.5230769230769231,0.5230769230769231,0.22077715396881104,0.44748708605766296,0.06437831169834621,0.12102264705063426,0.0643783116983462,0.12102264705063423,0.08930622888521247,0.11860155323090843,0.0756726541895511,0.11597750465273271,0.0966670247973934,0.11580277410652859,0.06862136308119896,0.1254276625451574,0.7999999999999999
chaosnli_snli,llama,64,LP-temp,0,1024,1.0343811323113599,0.19705468381655766,0.41175112126396274,0.5292068112157218,0.5230769230769231,0.5230769230769231,1.0788894619419502,,0.026434985629473145,,0.026434985629473145,,0.009963719260786017,,0.010404683117297673,,0.0016570858348296212,,0.059940731381781374,,0.39999999999999997
chaosnli_snli,llama,64,GPP-cosine,1,16,1.2311585865551922,0.23559136754319984,0.4398387541943281,0.4045237610847932,0.421978021978022,0.421978021978022,0.6564273834228516,0.2546237111091614,0.056047881327843496,-0.015388684655677061,0.056047881327843496,-0.015388684655677061,0.04579630008625147,-0.01793149731912393,0.051781646731679724,-0.02826151157720696,0.039030525552705427,-0.030692753521339083,0.06306083104643893,-0.048260136148683845,0.7999999999999999
chaosnli_snli,llama,64,GPP-rbf,1,16,1.2897096396369276,0.21672493287130695,0.3902803764453383,0.2247987017652256,0.5340659340659341,0.5340659340659341,0.47492626309394836,0.1772436797618866,-0.009462577689144097,0.003475190209110794,-0.009462577689144111,0.003475190209110794,-0.03556790593816425,-0.024387221710784623,-0.023610926134644515,-0.0142749825755196,-0.04350939303993296,-0.03418559649136467,-0.014202052607761787,-0.008142121173816031,0.0
chaosnli_snli,llama,64,GPP-laplace,1,16,1.0571786228263473,0.20431597791125256,0.4203844878617879,0.5307490491779103,0.5384615384615384,0.5384615384615384,0.6994162797927856,0.38098472356796265,0.03697254487375415,0.03351384592482857,0.03697254487375415,0.03351384592482859,0.039926504564542754,0.02750877095886436,0.03634084777965647,0.03057497581738417,0.03840535125322253,0.024097042611455823,0.015039947977262939,-0.0014457103015203068,1.0
chaosnli_snli,llama,64,LPE,1,16,6.3451314604046996,0.2942181653635896,0.4467981738826403,0.3287734941377893,0.5318681318681319,0.5318681318681319,0.22754618525505066,0.03728241100907326,-0.033556930498341506,-0.06205349777062939,-0.033556930498341485,-0.062053497770629365,-0.04113038135006322,-0.045659300438508306,-0.03304460680587519,-0.05325086426416992,-0.04377439721899905,-0.043909613214041444,-0.02096757678976625,-0.04339570572544188,-0.39999999999999997
chaosnli_snli,llama,64,LP-temp,1,16,6.126906690976771,0.25568192003944884,0.4060438563512071,0.2172306367205851,0.5384615384615384,0.5384615384615384,0.4691658827826424,,-0.04308014261100848,,-0.043080142611008454,,-0.05624256993008566,,-0.04390744098251028,,-0.05913643925311489,,-0.020548374309403844,,-0.39999999999999997
chaosnli_snli,llama,64,GPP-cosine,1,64,1.5013786878543693,0.2686604035452155,0.4524399075021722,0.31251243904802783,0.45274725274725275,0.45274725274725275,0.5277723670005798,0.15719661116600037,-0.050043858265134036,-0.04900412382890528,-0.050043858265134036,-0.04900412382890526,-0.0377910614988643,-0.03587638745537646,-0.061004322217679256,-0.0658485577275571,-0.05226111964007481,-0.056015086803607395,-0.044176781673505056,-0.056405442267647744,-1.0
chaosnli_snli,llama,64,GPP-rbf,1,64,1.1491813987382318,0.20078380865935472,0.385921490286569,0.30043907282124627,0.5296703296703297,0.5296703296703297,0.614184558391571,0.18016859889030457,-0.02941539219401549,-0.0015341058852478256,-0.02941539219401547,-0.001534105885247829,-0.028090444099040747,-0.018886539238512193,-0.03401544680874519,-0.019426019356172514,-0.03461920811214872,-0.03291296205816769,-0.019335802608524057,-0.013304089172771842,-0.19999999999999998
chaosnli_snli,llama,64,GPP-laplace,1,64,1.0397196244848703,0.19139983961427515,0.3968072832940699,0.4733412061574896,0.5384615384615384,0.5384615384615384,0.6631913781166077,0.3582528233528137,0.015571337171688064,0.014922663366842212,0.015571337171688057,0.014922663366842193,0.006945206447096966,0.005555364286591008,0.0029145500380727274,0.003839671942379476,-0.002384716502266633,-0.0033526234496647316,0.0012932788267433376,-0.004388472220344555,0.39999999999999997
chaosnli_snli,llama,64,LPE,1,64,1.3997623119061784,0.23308321238031227,0.40382612698447923,0.25562838222491807,0.5252747252747253,0.5252747252747253,0.48790061473846436,0.08615154027938843,-0.007688828905597099,0.024045920168212682,-0.007688828905597106,0.02404592016821268,-0.015002661042324172,0.027268662913523777,-0.010457968631290407,0.038634587092549535,-0.021528546333690893,0.0372655434938118,-0.004295662918735677,0.013322816650241308,0.39999999999999997
chaosnli_snli,llama,64,LP-temp,1,64,1.0842404107616666,0.19567458464515655,0.39094070784798185,0.38141887930691704,0.5208791208791209,0.5208791208791209,0.9113590841593209,,-0.038907868360633306,,-0.03890786836063328,,-0.034431465075414516,,-0.04182963943885351,,-0.04215184839733352,,-0.03285997087519702,,-0.39999999999999997
chaosnli_snli,llama,64,GPP-cosine,1,256,1.4163733098298068,0.24691672057099762,0.4260593714639941,0.2990318523193343,0.4901098901098901,0.4901098901098901,0.5752657651901245,0.08027313649654388,0.08306167029107367,0.052322310575030985,0.08306167029107364,0.05232231057503098,0.06896897268830014,0.041673112064179674,0.08178207538831735,0.043632254588543064,0.06634069066754926,0.029823991190852495,0.07850354718710127,0.03715480570819425,0.6000000000000001
chaosnli_snli,llama,64,GPP-rbf,1,256,1.142031023066142,0.19814300984742397,0.3837965360228586,0.31426573162245763,0.5362637362637362,0.5362637362637362,0.6389046311378479,0.14812736213207245,0.014207900999492783,0.028488550992094647,0.01420790099949278,0.02848855099209465,0.025398950841647797,0.01428519601629464,0.016619750078048067,0.01775112763105332,0.026929467890933978,0.005495264631057303,0.030134931806681038,0.02691093923130003,0.39999999999999997
chaosnli_snli,llama,64,GPP-laplace,1,256,1.055624244375298,0.1906413227059173,0.38975291272604856,0.4148392956841825,0.5208791208791209,0.5208791208791209,0.6249375939369202,0.33328375220298767,-0.02052282956696358,-0.01684929717691712,-0.02052282956696358,-0.016849297176917133,-0.03924131004424639,-0.04141116704496224,-0.034649375107230124,-0.02815055633104185,-0.04750672198008707,-0.049886098439108226,-0.019557283078290237,-0.017003721456535472,0.0
chaosnli_snli,llama,64,LPE,1,256,1.254730625673264,0.21026870552106447,0.38975448970251797,0.30021080592347077,0.5362637362637362,0.5362637362637362,0.4557608366012573,0.2559206783771515,0.03699652963998329,0.02729820452070137,0.036996529639983275,0.027298204520701367,0.051956435812074035,0.027853013285959297,0.0450581909383489,0.014433519012414499,0.05390509512640465,0.021568752772463916,0.045257688357788546,0.041854001177164826,0.7999999999999999
chaosnli_snli,llama,64,LP-temp,1,256,1.0475018468841966,0.20030783705160277,0.4122293518247636,0.513262032872662,0.5208791208791209,0.5208791208791209,1.0622954516412852,,0.032979970069950695,,0.032979970069950675,,0.05783265642619713,,0.03833805108703353,,0.05956832425039897,,0.057457238553279714,,0.7999999999999999
chaosnli_snli,llama,64,GPP-cosine,1,1024,1.1700311704209299,0.19336718397248984,0.36954902476484947,0.2814733130744629,0.5362637362637362,0.5362637362637362,0.6729589700698853,0.02210252732038498,0.09325047218340443,0.05749626114099427,0.09325047218340443,0.057496261140994265,0.09524268925999207,0.0627580506831351,0.09002570888496739,0.04853418592418039,0.09184424950344035,0.052264621217915676,0.09316811752923647,0.04221377392551396,0.7999999999999999
chaosnli_snli,llama,64,GPP-rbf,1,1024,1.173783652001302,0.21051768681135635,0.40047304174238507,0.32082042763624347,0.5054945054945055,0.5054945054945055,0.5375471115112305,0.23831187188625336,0.021482655254489797,0.011095377509278716,0.021482655254489794,0.011095377509278715,0.012030905087189053,0.0028362944274289443,0.021824526009638516,0.015388657897106575,0.011830932020736592,0.006393918178937311,0.019592635969431574,0.00717211427958131,-0.39999999999999997
chaosnli_snli,llama,64,GPP-laplace,1,1024,1.0599188653791265,0.18948590855814942,0.3866577899595211,0.3872577900534985,0.5142857142857142,0.5142857142857142,0.6075563430786133,0.317341148853302,0.026835768178126985,0.013067081530999922,0.026835768178126985,0.013067081530999928,0.008163081142000664,0.0004674994590859252,0.016897271485099754,0.011987922656978164,0.0070189398093307,0.00733301684997614,0.00833493775306797,-0.003369226074123792,0.7999999999999999
chaosnli_snli,llama,64,LPE,1,1024,1.251024367600911,0.19946683493319659,0.3731866429400668,0.2811121412544794,0.5428571428571428,0.5428571428571428,0.22131213545799255,0.44743597507476807,0.06085075592896845,0.05503928940084575,0.060850755928968416,0.05503928940084574,0.09745115782485653,0.060645727222594946,0.07835885916266817,0.0542875286000184,0.10608513889130478,0.058313197916969484,0.07068151300064597,0.06295528196423857,0.6000000000000001
chaosnli_snli,llama,64,LP-temp,1,1024,1.032000665502459,0.19611929298493946,0.4108468753000352,0.5282982420872195,0.5494505494505495,0.5494505494505495,1.077854821059727,,0.03982457834431662,,0.03982457834431663,,0.029335482206016433,,0.0267985845490893,,0.022433838330749578,,0.06516276744622598,,0.19999999999999998
chaosnli_snli,llama,64,GPP-cosine,2,16,1.2174835684441325,0.23798600264654296,0.438008000237028,0.4065716066134711,0.4153846153846154,0.4153846153846154,0.6618841290473938,0.2617533802986145,0.005516458243511699,-0.048202718678662805,0.005516458243511685,-0.0482027186786628,0.023552660914325674,-0.0282861449195626,0.0176570357877099,-0.04569536001993787,0.03471098183254513,-0.02523180649287101,0.039172914351689424,-0.04239626993804085,0.0
chaosnli_snli,llama,64,GPP-rbf,2,16,1.2500209894039451,0.22264249879023393,0.404632348841527,0.254220761812591,0.5340659340659341,0.5340659340659341,0.528261661529541,0.1936037540435791,-0.05371557869561666,-0.023422567904600348,-0.053715578695616634,-0.023422567904600344,-0.0650445628603431,-0.03591757807415445,-0.06635440905177795,-0.03705220295845205,-0.07173483499503144,-0.04277737067708173,-0.061925843993544644,-0.05074350157937958,-0.6000000000000001
chaosnli_snli,llama,64,GPP-laplace,2,16,1.0684406104836033,0.20972670044037786,0.4269352095303955,0.5384113002400747,0.5340659340659341,0.5340659340659341,0.7042475342750549,0.3838556110858917,-0.016399851840182895,-0.013426980796465008,-0.016399851840182895,-0.013426980796465017,-0.0030312316554670787,-0.024990437814784366,-0.016870318803908803,-0.021678926659177623,-0.004181596222984189,-0.0327891754133014,0.004062779729523559,-0.025556127264299882,-0.19999999999999998
chaosnli_snli,llama,64,LPE,2,16,1.7578066464738293,0.2832597753513586,0.4447796801048853,0.2650953926923326,0.5340659340659341,0.5340659340659341,0.33097895979881287,0.05045170336961746,-0.06235898509737145,-0.036692865290483906,-0.062358985097371436,-0.03669286529048389,-0.05571056834499377,-0.045296640714055356,-0.062042880379740185,-0.042870744760402535,-0.05635590862502013,-0.04539829816671492,-0.06504766352858202,-0.051452279272586166,-1.0
chaosnli_snli,llama,64,LP-temp,2,16,1.1098046140860005,0.20138880307550153,0.39528402364270915,0.3654890086664433,0.5318681318681319,0.5318681318681319,0.8994098977064491,,-0.06366149026999876,,-0.06366149026999875,,-0.0531902078612515,,-0.06046857368559275,,-0.05359912428317756,,-0.07418476156659207,,-1.0
chaosnli_snli,llama,64,GPP-cosine,2,64,1.3952638363111478,0.26750485943431285,0.46175480425833715,0.33763752205563224,0.4021978021978022,0.4021978021978022,0.5987238883972168,0.17080232501029968,-0.04492839760704176,-0.03663615718827628,-0.044928397607041766,-0.03663615718827627,-0.006298456785485122,-0.003649767847276976,-0.023723927151453463,-0.02568899939705481,0.002757606402412252,-0.0016335593266544384,-0.037854347060472006,-0.03592356961293139,-0.7999999999999999
chaosnli_snli,llama,64,GPP-rbf,2,64,1.0648989285288837,0.19273849969545293,0.39187068491764776,0.40537408689786364,0.5054945054945055,0.5054945054945055,0.7172077298164368,0.22321747243404388,-0.05954418399773748,-0.007777839384648325,-0.05954418399773749,-0.007777839384648346,-0.029860872965132557,-0.007504777985471039,-0.0427352982195457,-0.010530045430659664,-0.024231520025785908,-0.013097023385066141,-0.0477476147754889,-0.016159647293447463,-0.19999999999999998
chaosnli_snli,llama,64,GPP-laplace,2,64,1.0569384341830144,0.20408950343969967,0.41892238488564126,0.5278188932501668,0.5296703296703297,0.5296703296703297,0.6986790895462036,0.37846753001213074,-0.03714162144622382,-0.030884782206199255,-0.03714162144622378,-0.030884782206199255,-0.018420181609604562,-0.027898222512454104,-0.028553784636660886,-0.027432465995257962,-0.013730381567577228,-0.0279527244323019,0.011086029672893512,-0.009746378355204878,-0.19999999999999998
chaosnli_snli,llama,64,LPE,2,64,1.1877578832813445,0.21087477767135407,0.40330364015260406,0.32731033069869603,0.4901098901098901,0.4901098901098901,0.6521048545837402,0.11600710451602936,-0.05870673455632235,-0.0830837733885994,-0.058706734556322346,-0.0830837733885994,-0.03764610694840979,-0.08401744078809453,-0.046854148167688806,-0.0852808509766933,-0.03661763585164292,-0.08631913615379164,-0.05241973821070259,-0.07419992190549592,-0.19999999999999998
chaosnli_snli,llama,64,LP-temp,2,64,1.0459880720611918,0.19660089368759123,0.40497582926408937,0.4888282626912323,0.46373626373626375,0.46373626373626375,1.0367826847711727,,-0.016398955553377812,,-0.0163989555533778,,-0.0004409317641147492,,-0.004245552602983314,,0.0011908775505805845,,-0.01992852028472575,,-0.39999999999999997
chaosnli_snli,llama,64,GPP-cosine,2,256,1.4979353465832022,0.26940195461058,0.44988302054495094,0.2847264418220497,0.4593406593406593,0.4593406593406593,0.5686217546463013,0.0812048390507698,0.05664636982390009,0.03959745789777088,0.05664636982390008,0.03959745789777088,0.03086170020882793,0.014569208125251587,0.06014830689171637,0.038439652621790575,0.03634039383573854,0.015719612949323853,0.056793814478978785,0.050767452366891556,0.7999999999999999
chaosnli_snli,llama,64,GPP-rbf,2,256,1.1376186781878563,0.2051647746861509,0.3966714338266424,0.3615955187557198,0.4879120879120879,0.4879120879120879,0.682249903678894,0.16173501312732697,-0.025964855212909817,0.02915671524474968,-0.025964855212909806,0.029156715244749668,-0.03328396757157603,-0.0059738145840449765,-0.01523234204243084,0.02625373220828147,-0.02241260667758911,-0.005135052448220479,0.006310013326956362,0.03491343240983352,-0.39999999999999997
chaosnli_snli,llama,64,GPP-laplace,2,256,1.041832391310167,0.19240515495286137,0.39831619297901355,0.47352232662218335,0.5296703296703297,0.5296703296703297,0.6655907034873962,0.3556739091873169,-0.017641561378674654,-0.006495741349104394,-0.017641561378674647,-0.006495741349104401,-0.04495831786709624,-0.041265327727266585,-0.022922475082251568,-0.010286277125163976,-0.04964746051223737,-0.04579124362457568,-0.014240271949536205,-0.005576520459402328,-0.39999999999999997
chaosnli_snli,llama,64,LPE,2,256,1.268857529355452,0.2263544160064911,0.4125542616579908,0.33078775491632856,0.47912087912087914,0.47912087912087914,0.48195314407348633,0.2647595703601837,0.002166499732118514,0.0017908107035398083,0.0021664997321185087,0.001790810703539817,-0.005066266345159814,0.000759537116259909,0.013100331972087367,0.0029606644065717034,0.006006725908035934,0.0040073952236848315,0.008349524801845205,0.007924589420216637,-0.19999999999999998
chaosnli_snli,llama,64,LP-temp,2,256,1.0665767973210527,0.20623334594514336,0.41701456174165186,0.5044577144100104,0.4725274725274725,0.4725274725274725,1.0528992190448898,,0.02601485719306407,,0.026014857193064067,,0.026271539254009893,,0.03145302409837753,,0.028653980662627143,,0.01649062679321392,,0.7999999999999999
chaosnli_snli,llama,64,GPP-cosine,2,1024,1.1827140338804019,0.19540408912300078,0.3704023573835762,0.27602245737558995,0.5406593406593406,0.5406593406593406,0.6680826544761658,0.022171659395098686,0.10136536472969,0.06315372800560348,0.10136536472968999,0.06315372800560345,0.09622274916335746,0.06411081471406933,0.09381459464373837,0.0499532282776457,0.09211159639152702,0.052177003761990484,0.09194751915076747,0.04258857692606913,0.7999999999999999
chaosnli_snli,llama,64,GPP-rbf,2,1024,1.1798616143739014,0.21168265710108647,0.40220956583353845,0.3170686061376073,0.5010989010989011,0.5010989010989011,0.535431444644928,0.2367924004793167,0.03958875172851366,0.024898179526498476,0.039588751728513664,0.02489817952649846,0.02680445226565994,0.014687670449714703,0.034933006914651704,0.025226154559079634,0.024010088051666663,0.015886360742778674,0.040429821104844096,0.021008598883270793,-0.39999999999999997
chaosnli_snli,llama,64,GPP-laplace,2,1024,1.062353838567563,0.19013506183824314,0.3873286240908143,0.3861108787644097,0.5142857142857142,0.5142857142857142,0.6065609455108643,0.3167167007923126,0.028260844268064057,0.015014963149681385,0.028260844268064085,0.015014963149681405,0.0035949014629022306,-0.001754977581738551,0.01428218554156542,0.010578760927236586,0.0007742385251735826,0.003442569584225258,0.004809713065601595,-0.0038358842371894325,0.39999999999999997
chaosnli_snli,llama,64,LPE,2,1024,1.30853733011266,0.20670811965311636,0.38114752835346805,0.2828380298388443,0.5252747252747253,0.5252747252747253,0.22174181044101715,0.4362832009792328,0.034145655673316566,0.11017555640081891,0.034145655673316594,0.11017555640081889,0.05784936098588765,0.10808097163500634,0.03973262647842674,0.1104732059594877,0.0618040051415288,0.10862532434801407,0.028153577430192266,0.11220319700108225,-0.39999999999999997
chaosnli_snli,llama,64,LP-temp,2,1024,1.019593013242975,0.19013874240606554,0.4009918450873146,0.5093747158025428,0.5318681318681319,0.5318681318681319,1.0587954050862776,,0.003562847726309085,,0.00356284772630909,,-0.006142506564860976,,-0.009036059531790187,,-0.013578092840502813,,0.012763285486663833,,0.19999999999999998
chaosnli_snli,llama,64,GPP-cosine,3,16,1.2829260076464861,0.26744773662589233,0.4764192242113935,0.42324322666719044,0.3362637362637363,0.3362637362637363,0.6660929322242737,0.27173811197280884,-0.030889500890405763,-0.06407691645108426,-0.030889500890405763,-0.06407691645108429,-0.05160870277238032,-0.06329263654308284,-0.031506869267062323,-0.06392369994942415,-0.04750743226714989,-0.060372943881402956,-0.024597395075888612,-0.0716887200542078,-0.19999999999999998
chaosnli_snli,llama,64,GPP-rbf,3,16,1.2608701199606522,0.2699049498811411,0.49033319570206024,0.46309619283219083,0.27912087912087913,0.27912087912087913,0.7352756857872009,0.27351289987564087,0.021947332845691718,0.027129152791821782,0.021947332845691718,0.027129152791821765,0.0028673424080354337,-0.004918134283268219,0.01329506844880525,0.006842088244350555,-0.006759547850761646,-0.01962139990994905,0.010943280431366062,0.022138553722831453,0.39999999999999997
chaosnli_snli,llama,64,GPP-laplace,3,16,1.1164090725676097,0.22887114632038572,0.45198553322435736,0.5451823361903321,0.27912087912087913,0.27912087912087913,0.7087554335594177,0.3861672878265381,-0.0013545603087879513,-0.023578651745555068,-0.0013545603087879547,-0.023578651745555068,-0.0018477134374862312,-0.05267602864861737,0.002048773404350633,-0.0322387775466097,-0.002084542252950995,-0.060013924051097234,0.032632247297124446,-0.00025556000680414606,0.0
chaosnli_snli,llama,64,LPE,3,16,1.4930949856669133,0.3223213772681875,0.5324806928716518,0.3319980690625236,0.2835164835164835,0.2835164835164835,0.7247898578643799,0.12872979044914246,0.01809276097518653,0.003977420827733787,0.01809276097518652,0.0039774208277337676,-0.0016680721728388852,0.014143473510352729,0.004060365518120453,-0.0008087347876618457,-0.013818970622186212,0.0105878428592838,0.007055863781684124,-0.00261324749382581,0.39999999999999997
chaosnli_snli,llama,64,LP-temp,3,16,1.3178499669469865,0.2826026796079972,0.5002581256716102,0.42138840965417557,0.29010989010989013,0.29010989010989013,0.9610247861516917,,0.005622890892139923,,0.005622890892139933,,-0.01534771124675163,,-0.006720960352430642,,-0.025389770567612546,,-0.011794042979264598,,0.39999999999999997
chaosnli_snli,llama,64,GPP-cosine,3,64,1.4477992115760674,0.2636877367920776,0.4523121103627101,0.3174299901420652,0.4175824175824176,0.4175824175824176,0.5594629645347595,0.16202162206172943,0.0513693790446177,0.013638391333915626,0.05136937904461766,0.013638391333915615,0.01966056619477797,-0.007684818776065229,0.037012926922335855,-0.001070186584363194,0.008492817404254923,-0.019387673922378446,0.026827238872814057,-0.008479534262781183,0.19999999999999998
chaosnli_snli,llama,64,GPP-rbf,3,64,1.0841097924076473,0.19692099546302613,0.39293619968447385,0.3873124190577189,0.4879120879120879,0.4879120879120879,0.7086789011955261,0.21532173454761505,0.04220727858070383,0.048316210879808946,0.04220727858070382,0.04831621087980893,0.03741895963790856,0.02033811566789282,0.042360524769614175,0.0297776496017802,0.0338808432102091,0.006848957839106511,0.03637200988975122,0.046257124145189565,0.6000000000000001
chaosnli_snli,llama,64,GPP-laplace,3,64,1.0467422005635676,0.1997523283936082,0.41376097873672024,0.5196568815294306,0.5340659340659341,0.5340659340659341,0.6934921145439148,0.37574100494384766,0.012517257558748773,0.013226716750449105,0.012517257558748746,0.013226716750449086,-0.008399481835833757,-0.024962425272408276,0.00017565936914642338,-0.004719703928985631,-0.019623398819921974,-0.0387701602381354,0.024955574007217863,0.007439840768711107,0.39999999999999997
chaosnli_snli,llama,64,LPE,3,64,1.2300221928913737,0.2170123134690005,0.3998862083336072,0.30726393588297146,0.512087912087912,0.512087912087912,0.6385590434074402,0.11429986357688904,0.04678241643745848,0.011094737396379551,0.04678241643745848,0.011094737396379548,0.04281281165563171,-0.007114075292786997,0.04334825258154748,-0.002781077965112195,0.0379805033798247,-0.015396569859158316,0.047141392316043675,0.009052123701464918,0.7999999999999999
chaosnli_snli,llama,64,LP-temp,3,64,1.055268270164091,0.20235878917771377,0.4146226727293453,0.5097768696025031,0.4725274725274725,0.4725274725274725,1.05934805533414,,0.052359769924413394,,0.05235976992441338,,0.048972219123307736,,0.04962002772027633,,0.04343209187758158,,0.05771948693675518,,0.6000000000000001
chaosnli_snli,llama,64,GPP-cosine,3,256,1.4198424779011038,0.24312199384816344,0.4269548651948923,0.3076449711520148,0.45714285714285713,0.45714285714285713,0.56123948097229,0.07831096649169922,0.03519896446696427,0.0014748447955386895,0.035198964466964265,0.0014748447955386843,0.025333746485236605,0.008884080280024916,0.038859417797381994,0.002355174677153269,0.02855851081680718,0.00841555591482274,0.04506627315440167,-0.0029510427762087055,0.0
chaosnli_snli,llama,64,GPP-rbf,3,256,1.1875009735389,0.205802018192254,0.389509741234808,0.29789841136054107,0.5208791208791209,0.5208791208791209,0.587193489074707,0.13893726468086243,0.03591962392188365,0.04689673887767029,0.03591962392188365,0.04689673887767028,0.047750274983332765,0.04545345321187141,0.04297564475906963,0.04371800921883559,0.04950068222363373,0.04149603086326979,0.06547368179156086,0.06302694323006561,0.6000000000000001
chaosnli_snli,llama,64,GPP-laplace,3,256,1.0589158142534045,0.1891794728143129,0.385559097382721,0.3962623145269699,0.5340659340659341,0.5340659340659341,0.6089385747909546,0.32488778233528137,-0.022347169906369882,-0.035394546588439595,-0.022347169906369882,-0.035394546588439595,-0.025003485412533485,-0.030174707377478613,-0.029365113938010452,-0.03612597206936751,-0.023042828420265442,-0.022757494383643512,0.016570123024104707,0.006122165262135098,0.19999999999999998
chaosnli_snli,llama,64,LPE,3,256,1.32453902560241,0.22179014181544046,0.3995029719057749,0.2965808321369004,0.5054945054945055,0.5054945054945055,0.4075959026813507,0.23306328058242798,0.029697958170247896,0.09018246824950218,0.029697958170247882,0.09018246824950216,0.03957909995768644,0.08330572910363788,0.03884715367087636,0.08834210475065796,0.04083144607356585,0.08072750738422993,0.0481515932180445,0.10491374934225348,0.6000000000000001
chaosnli_snli,llama,64,LP-temp,3,256,1.052280653911576,0.19390569149450962,0.3954155886451562,0.4420533033409676,0.4989010989010989,0.4989010989010989,0.9860351959420092,,0.06441938200967944,,0.06441938200967942,,0.05442745745948216,,0.05999173507886457,,0.04582397150700912,,0.06430582610474057,,0.6000000000000001
chaosnli_snli,llama,64,GPP-cosine,3,1024,1.1715912749213078,0.19400742995088324,0.3706911041879141,0.2794845497823788,0.5186813186813187,0.5186813186813187,0.6758297681808472,0.02214992232620716,0.0927137568404747,0.05501693611780569,0.09271375684047468,0.05501693611780569,0.0853366000333799,0.05523954693833579,0.08471263187919138,0.04324056807401573,0.08078637640882289,0.04470412639321765,0.09271356215773273,0.046764549606147926,0.7999999999999999
chaosnli_snli,llama,64,GPP-rbf,3,1024,1.1789261413164367,0.2122834838962258,0.4040313631234752,0.321811384579661,0.4945054945054945,0.4945054945054945,0.5390364527702332,0.23818813264369965,0.014958415180160688,0.0019271906484975322,0.014958415180160691,0.0019271906484975287,-0.010439620806479057,-0.018860576404671568,0.006941507023990974,-0.00034740242280724247,-0.015915025004722524,-0.019508261903873343,0.009973592031646127,-0.004432233366676263,-0.19999999999999998
chaosnli_snli,llama,64,GPP-laplace,3,1024,1.0607091461739315,0.19023430303119016,0.38859656981223234,0.3917052736919427,0.512087912087912,0.512087912087912,0.6107814908027649,0.31888914108276367,0.015930327880329345,0.0008137923786128015,0.015930327880329352,0.0008137923786128154,-0.01655806808866407,-0.022726041976438148,0.00046274454847857437,-0.0046797799239243505,-0.020322889107656058,-0.018065103220206775,-0.011043224010106163,-0.022782931825148133,0.19999999999999998
chaosnli_snli,llama,64,LPE,3,1024,1.3270930200363007,0.205634748675021,0.38081316827315936,0.2857532726724817,0.5274725274725275,0.5274725274725275,0.22360004484653473,0.43616393208503723,0.03395702779807214,0.04476104127449751,0.03395702779807214,0.0447610412744975,0.05368210320597838,0.028751996300309363,0.04135909397029097,0.036810073590802475,0.056993442303116926,0.02562108369845965,0.036423223807728944,0.06383216106234964,0.0
chaosnli_snli,llama,64,LP-temp,3,1024,1.0273235105950091,0.19378023366407776,0.40689655775244216,0.5213342908045238,0.5230769230769231,0.5230769230769231,1.07090070568477,,-0.0005066276930331091,,-0.0005066276930331022,,-0.01833627633469388,,-0.018253457531607297,,-0.027200069571070414,,0.025591225359829387,,0.19999999999999998
chaosnli_snli,llama,64,GPP-cosine,4,16,1.6288851142564893,0.3222911021472929,0.5139173110184556,0.30339540985806895,0.34285714285714286,0.34285714285714286,0.5291348099708557,0.2165510058403015,0.008519848949866713,-0.007648103458642783,0.008519848949866692,-0.007648103458642794,0.05139879182591045,0.018843996953738493,0.020177819507817815,-0.008130260747867104,0.054158322373460646,0.014389833393772403,0.01758280818332086,-0.0048546844910894935,0.19999999999999998
chaosnli_snli,llama,64,GPP-rbf,4,16,1.0782372887711806,0.1909084083857453,0.3844159914528603,0.35729967059825263,0.5362637362637362,0.5362637362637362,0.6456074714660645,0.24360153079032898,-0.06789265645360365,-0.003604744543289313,-0.06789265645360365,-0.0036047445432893233,-0.08628291483382164,-0.03732413456647456,-0.07635663027575171,-0.025285861867194854,-0.09152128373553745,-0.04998661504054035,-0.04949009826588756,-0.006371737563922046,-0.7999999999999999
chaosnli_snli,llama,64,GPP-laplace,4,16,1.0690317304440218,0.21060060680916884,0.42918003417633394,0.5432066293829393,0.5340659340659341,0.5340659340659341,0.7073841691017151,0.38554847240448,0.00722475326413452,-0.00042032849876763936,0.007224753264134506,-0.00042032849876765324,0.015632436052329432,-0.025418500010935728,0.0077620632430201245,-0.01283641532696134,0.0166342974888429,-0.03372927991893069,0.022123840685471206,-0.007849393115266974,0.7999999999999999
chaosnli_snli,llama,64,LPE,4,16,1.2895127976499041,0.22487687217963445,0.40395299446062893,0.23834835094862603,0.5362637362637362,0.5362637362637362,0.5502334833145142,0.07790305465459824,-0.06555260428854462,-0.09757329458425713,-0.06555260428854462,-0.09757329458425712,-0.07840166963810635,-0.10708513203135939,-0.06620348465968719,-0.0969122742982746,-0.07986499295805131,-0.10389081348079877,-0.04543184115847398,-0.06626501326300017,-0.39999999999999997
chaosnli_snli,llama,64,LP-temp,4,16,1.0414178037889477,0.18985232810596098,0.3938656097928604,0.4534652140115568,0.5296703296703297,0.5296703296703297,0.9989119705412391,,-0.07931412623876466,,-0.07931412623876465,,-0.09244245987841904,,-0.08027206899794677,,-0.0935156820719959,,-0.04395472729779569,,-0.7999999999999999
chaosnli_snli,llama,64,GPP-cosine,4,64,1.431994646944792,0.26386234144498244,0.45584495084638166,0.33190737635225565,0.44835164835164837,0.44835164835164837,0.5545392036437988,0.15374228358268738,-0.02354710481684799,-0.038924051752324246,-0.02354710481684799,-0.038924051752324225,-0.0047142645718763025,-0.018035555979617965,-0.013076463290886247,-0.03477586028080326,-0.0004180911882625607,-0.018096511007646622,-0.005435873281672471,-0.036447747885367525,0.0
chaosnli_snli,llama,64,GPP-rbf,4,64,1.2410895990523403,0.2185366504195217,0.3990567747237427,0.2588409193135375,0.5318681318681319,0.5318681318681319,0.5341067314147949,0.15841169655323029,-0.04868334561201298,-0.00971739051697229,-0.048683345612012985,-0.009717390516972287,-0.02648846728866051,-0.008364472770547283,-0.037421780030475436,-0.012628379097945678,-0.023356640769436506,-0.012656738314935474,-0.05249082618640301,-0.01399471267863557,-0.39999999999999997
chaosnli_snli,llama,64,GPP-laplace,4,64,1.0515069168735007,0.19356532351215153,0.397214617318177,0.45772596093121354,0.5318681318681319,0.5318681318681319,0.6521332859992981,0.35216620564460754,0.0016071922994563559,0.004351392227581659,0.0016071922994563628,0.004351392227581644,0.0025941056118634065,0.004265103371888557,-0.005141678347746172,-0.0008850336855662135,-0.0028901641404188647,-0.0007407416796994352,0.021236513558052235,0.004654606236900416,0.39999999999999997
chaosnli_snli,llama,64,LPE,4,64,1.5459306219209987,0.2581663811199273,0.4265129650986477,0.27589267626217484,0.5362637362637362,0.5362637362637362,0.4048558473587036,0.07828597724437714,-0.05243976716785997,-0.01622712844001492,-0.05243976716785999,-0.01622712844001491,-0.02515771077984157,0.013853783499845548,-0.035918274625213756,0.00013775733586183364,-0.019726086290063,0.021605600624921055,-0.05598108017614579,-0.025413760216190174,-0.19999999999999998
chaosnli_snli,llama,64,LP-temp,4,64,1.0606432317220786,0.19696554799935134,0.4000687405539779,0.45165261064144097,0.5274725274725275,0.5274725274725275,0.9984771132691412,,-0.010648846853118177,,-0.010648846853118166,,0.019479070120967876,,0.0060226940298433364,,0.02393577563779522,,-0.054136487344306476,,0.19999999999999998
chaosnli_snli,llama,64,GPP-cosine,4,256,1.4166450771173693,0.2427497659475472,0.42129012791412385,0.29792012617958885,0.48131868131868133,0.48131868131868133,0.582203209400177,0.08302313089370728,0.020010138275234707,0.015755211644959057,0.020010138275234714,0.015755211644959063,0.011032071825870978,0.008640997889275193,0.02157584847337945,0.006738851556778509,0.014270198346095202,0.001519283853793199,0.01081314357262417,-0.0022265951528746175,0.19999999999999998
chaosnli_snli,llama,64,GPP-rbf,4,256,1.1657978453234445,0.20518611526180547,0.39205801965372,0.31533644305449193,0.5208791208791209,0.5208791208791209,0.6290552020072937,0.149725541472435,0.02854289495359432,0.0568312665704429,0.0285428949535943,0.05683126657044289,0.01838182478226554,0.03773403500725354,0.021916758765804914,0.04185719567081067,0.014648997355228822,0.028872510491823482,0.024567647688207524,0.03764229341252695,0.0
chaosnli_snli,llama,64,GPP-laplace,4,256,1.0638535999973706,0.1934110923459423,0.3927502423115484,0.4185009661592077,0.5318681318681319,0.5318681318681319,0.6272915005683899,0.3353464901447296,0.04432658252771252,0.048939915639429565,0.044326582527712516,0.048939915639429545,0.0029248312152307635,0.012858553853435551,0.02075906052719429,0.029302290415118448,-0.00897348768888917,0.0030347058562088863,0.026556008944021606,0.02273923437771938,0.39999999999999997
chaosnli_snli,llama,64,LPE,4,256,1.303372768574394,0.22101193141082998,0.40039680814384104,0.3034320440449271,0.5054945054945055,0.5054945054945055,0.44616788625717163,0.2413608729839325,0.024770137595004314,0.011520889862320086,0.024770137595004328,0.011520889862320081,0.021609298692461216,-0.0117487968284425,0.019529590888886957,-0.003674282338545892,0.018092806946914414,-0.023962079753700183,0.01515581628174238,-0.01169957750617883,0.0
chaosnli_snli,llama,64,LP-temp,4,256,1.0503256345850833,0.20071662999655876,0.4108782171027933,0.5056891839584216,0.5054945054945055,0.5054945054945055,1.0533267935592332,,-0.03772634870350184,,-0.03772634870350185,,-0.020925340664905465,,-0.03145063558514295,,-0.01480751646607756,,-0.046884494640416635,,-0.7999999999999999
chaosnli_snli,llama,64,GPP-cosine,4,1024,1.1893329236050434,0.1981207196880795,0.3766041963638809,0.2793975407101012,0.5208791208791209,0.5208791208791209,0.6701788902282715,0.022155359387397766,0.10113128379184541,0.07777093033341607,0.1011312837918454,0.07777093033341606,0.09112636910226424,0.06969070975300914,0.09282651517382198,0.06348640749724958,0.08787715360496084,0.058940834760849464,0.1010571629616029,0.053537974157224,0.7999999999999999
chaosnli_snli,llama,64,GPP-rbf,4,1024,1.186306536573712,0.21363182318945861,0.4043557794242688,0.3187295017026338,0.5076923076923077,0.5076923076923077,0.5340538620948792,0.23602086305618286,0.023508476825634256,0.006906018711479403,0.023508476825634252,0.006906018711479398,0.010613230303453205,-0.004422710220794051,0.020578749538624135,0.008488308428503542,0.008823888527056602,-0.002543300255404316,0.022113265258357377,0.0032639954864382287,-0.39999999999999997
chaosnli_snli,llama,64,GPP-laplace,4,1024,1.064979191174872,0.1908721506301157,0.3880119102218976,0.38395830242771406,0.5142857142857142,0.5142857142857142,0.6051843762397766,0.31588321924209595,0.026166522974967056,0.00983491744005366,0.02616652297496707,0.009834917440053664,0.0032815905066845563,-0.006106329126066113,0.013820001811188516,0.006755237601540138,0.0013326939275957322,-0.00013435748578826626,0.004497461043304603,-0.010429739875723803,0.39999999999999997
chaosnli_snli,llama,64,LPE,4,1024,1.3153951173733056,0.20664553618606,0.38253155985182696,0.28469165019469683,0.5318681318681319,0.5318681318681319,0.22128108143806458,0.44867151975631714,0.007511207410938723,0.07582403659353837,0.007511207410938718,0.07582403659353837,0.026353803760432643,0.06782089146399857,0.01466353828455913,0.07142230572113298,0.03178248092753801,0.06728417932120681,0.005504094806739807,0.08586892393825522,-0.39999999999999997
chaosnli_snli,llama,64,LP-temp,4,1024,1.0317222164183433,0.1958362743124257,0.41038569488376603,0.5265569631867751,0.5208791208791209,0.5208791208791209,1.0761440527312915,,0.013560244285193125,,0.013560244285193132,,-0.008305985411363601,,-0.007106927680381885,,-0.018512688637099435,,0.04176979122745519,,0.19999999999999998
chaosnli_snli,llama,80,GPP-cosine,0,64,1.7664163197277827,0.32438171431648294,0.5086193705422025,0.30605050421390456,0.35604395604395606,0.35604395604395606,0.5078558325767517,0.15100066363811493,0.021017815115716054,-0.01594516860917479,0.021017815115716047,-0.015945168609174793,0.006715669675452524,-0.027966812612829,0.015182140980562593,-0.022914547099455694,0.009290974191152278,-0.02616849015501531,0.014174152488266461,-0.030764722860220486,0.39999999999999997
chaosnli_snli,llama,80,GPP-rbf,0,64,1.088846737770481,0.19378645870685726,0.38872309014364914,0.37399294563485497,0.5406593406593406,0.5406593406593406,0.6765856146812439,0.2163621187210083,-0.025543388931249952,0.03632614342164599,-0.02554338893124995,0.036326143421645966,-0.016308071731768556,0.0067646168856093335,-0.023396947525109398,0.011829718059397962,-0.01145096096530002,-0.0063238633092217444,-0.010797442136927663,0.029672095577792837,-0.39999999999999997
chaosnli_snli,llama,80,GPP-laplace,0,64,1.0440781302543578,0.1981019392855865,0.4114739613709869,0.5179872863162391,0.5362637362637362,0.5362637362637362,0.6922146081924438,0.3753710091114044,0.014784076289622361,0.021222480628397527,0.014784076289622368,0.021222480628397513,-0.01048280756820684,-0.02007689290753712,-0.010482534444865022,-0.008715650020755314,-0.026510356049551452,-0.039900262487839684,0.027997578816849684,0.02465574327099756,0.19999999999999998
chaosnli_snli,llama,80,LPE,0,64,1.2856093513191547,0.22015623278651242,0.40412626732473395,0.3030112928760652,0.5340659340659341,0.5340659340659341,0.5911644101142883,0.10815010964870453,-0.011930000219798459,-0.0020767238732258553,-0.011930000219798467,-0.002076723873225852,0.0009532483674357401,-0.025255486399863143,-0.008268210825832227,-0.012647021912927117,0.005358747093535508,-0.026732744271707697,-0.012775006084807987,-0.009737142013981896,-0.39999999999999997
chaosnli_snli,llama,80,LP-temp,0,64,1.068892413139576,0.2014915403312798,0.40985275638140606,0.47050484965324807,0.4945054945054945,0.4945054945054945,1.012338709251174,,-0.022034420715179588,,-0.022034420715179585,,-0.010939989386943558,,-0.014379580525336251,,-0.0011899108787041708,,-0.013077894368370247,,-0.19999999999999998
chaosnli_snli,llama,80,GPP-cosine,0,256,2.113973074007048,0.34645678445433864,0.5143287578745098,0.31218559237700655,0.37142857142857144,0.37142857142857144,0.48253771662712097,0.06576624512672424,0.03793325742167237,0.0013696180699063875,0.03793325742167236,0.0013696180699063962,0.05127225733382362,0.01931129709423032,0.03795924950605035,0.003473707296050569,0.04929472445230746,0.018808223813862476,0.04174775140703194,0.0050704326754060815,0.39999999999999997
chaosnli_snli,llama,80,GPP-rbf,0,256,1.1256219776343472,0.2083758466322044,0.40204204671432847,0.37525711060628597,0.4593406593406593,0.4593406593406593,0.7048511505126953,0.18461447954177856,0.006804444867005703,0.03132031793169578,0.006804444867005686,0.031320317931695776,0.047373933755637296,0.021399928580321352,0.029577151688474374,0.02397255940713635,0.06147283937012753,0.015406722660312698,0.014661767590405073,0.02717554533968564,0.0
chaosnli_snli,llama,80,GPP-laplace,0,256,1.0394857502428587,0.19571819990041803,0.40719290223422944,0.5094548196292427,0.5274725274725275,0.5274725274725275,0.688621461391449,0.3702869117259979,0.008925286141805301,0.005578150585538845,0.008925286141805294,0.005578150585538819,0.0035187662611288265,-0.019527702972892892,-0.0016745404071560957,-0.008003671202477745,-0.004681370340283229,-0.030722703379638155,0.006602900882754316,0.016944863670202873,-0.19999999999999998
chaosnli_snli,llama,80,LPE,0,256,1.3078351133250885,0.23999593958557267,0.42621591186267965,0.3272773883279438,0.4307692307692308,0.4307692307692308,0.4700183868408203,0.29799884557724,0.02983166186852583,0.04218894274919231,0.029831661868525837,0.042188942749192306,0.07060042132712198,0.052738781148904734,0.057605616414727515,0.04559440531731989,0.08669598553486686,0.0581099916365798,0.03716754548878572,0.053457648135489866,0.6000000000000001
chaosnli_snli,llama,80,LP-temp,0,256,1.077442691417873,0.2137272864079245,0.43024536159522353,0.5350276480794854,0.4021978021978022,0.4021978021978022,1.0847190017077457,,0.02019203142317351,,0.020192031423173523,,0.059349570991772675,,0.04558107951606888,,0.07654878229141568,,0.04353718098891017,,0.6000000000000001
chaosnli_snli,llama,80,GPP-cosine,0,1024,1.4264696802349826,0.23555091769897524,0.41248865637446996,0.28942991488893033,0.4945054945054945,0.4945054945054945,0.5839836597442627,0.019417181611061096,0.04546789639163198,0.027354903438725167,0.045467896391632,0.027354903438725167,0.032797102205925126,0.019927054326890587,0.034825529818664075,0.017564754409378696,0.026466254616879396,0.012828659591743275,0.05695713846616147,0.03150292944659336,0.39999999999999997
chaosnli_snli,llama,80,GPP-rbf,0,1024,1.1512294294002103,0.20997489521421497,0.4055688839436478,0.353293777176194,0.48131868131868133,0.48131868131868133,0.5747930407524109,0.2716042101383209,0.053426547566844784,0.04159123191907109,0.053426547566844756,0.04159123191907109,0.05735503919436873,0.042491335169242965,0.05904620549260463,0.04831135336531224,0.05910466009945178,0.04620629164213538,0.059016842493287786,0.04891916499868072,0.0
chaosnli_snli,llama,80,GPP-laplace,0,1024,1.0558793264772943,0.19038017741205204,0.38955018921540335,0.410957330352909,0.5252747252747253,0.5252747252747253,0.6235146522521973,0.32971158623695374,0.07162058253374687,0.05714462973354735,0.07162058253374684,0.05714462973354734,0.06137500740483606,0.04774729041252332,0.06182518542172688,0.054483610383172516,0.05749579638380825,0.05133644474878262,0.04677569691416545,0.04314817316275474,0.7999999999999999
chaosnli_snli,llama,80,LPE,0,1024,1.3936265132288757,0.21947336618018554,0.4003117624566817,0.2887046320842402,0.4857142857142857,0.4857142857142857,0.20680104196071625,0.46679922938346863,0.02513632096405634,0.0574102364926772,0.02513632096405634,0.057410236492677194,0.04893095222291752,0.04940908402485973,0.032935739486874484,0.049592955163909505,0.0503485982400755,0.042977543244595684,0.015503612291889584,0.057458194036824076,-0.39999999999999997
chaosnli_snli,llama,80,LP-temp,0,1024,1.0281509575938692,0.1921252556988763,0.40345045673529856,0.5036160252346968,0.4725274725274725,0.4725274725274725,1.0522904450921713,,0.032696793016617653,,0.03269679301661766,,0.037831363509060634,,0.033025110655018036,,0.04001606081143112,,0.07288817039689494,,0.19999999999999998
chaosnli_snli,llama,80,GPP-cosine,1,16,1.421914538473991,0.28036151937145243,0.4825764848546197,0.38477778602387425,0.35824175824175825,0.35824175824175825,0.6119621396064758,0.2666091024875641,0.02490737981660246,-0.009978847032118217,0.024907379816602467,-0.009978847032118217,0.011254509543999251,-0.019165708553980358,0.01850682171009991,-0.01957060235752764,0.004154823379524237,-0.02855983935990879,0.0236339491686585,-0.035003247863003406,0.39999999999999997
chaosnli_snli,llama,80,GPP-rbf,1,16,1.2248185352548888,0.20833036338038818,0.3864226446794039,0.24582073202766766,0.5340659340659341,0.5340659340659341,0.5191618800163269,0.2082754671573639,0.04718548337687728,0.061937200498909065,0.047185483376877266,0.06193720049890904,0.014196243917723807,0.02355342570501527,0.02541414661569392,0.03544889632909408,0.0013523309027556121,0.007378132170501855,0.03722780465098339,0.041649018107448026,0.39999999999999997
chaosnli_snli,llama,80,GPP-laplace,1,16,1.0640475281884,0.20749530640291422,0.4248356733757716,0.5359916590681437,0.5362637362637362,0.5362637362637362,0.7026664018630981,0.38303977251052856,0.047182934064688,0.04092703697500752,0.047182934064688,0.04092703697500754,0.04997266176562354,0.033456846176589214,0.04603644444436939,0.036902848623909766,0.047633587396732305,0.028975252469547665,0.033487023942421236,0.011644095761702968,1.0
chaosnli_snli,llama,80,LPE,1,16,6.244418608227444,0.2775484130891537,0.4291858301825494,0.27033506460263507,0.5340659340659341,0.5340659340659341,0.2903365194797516,0.06319548934698105,0.02050452878953942,0.007938134241765451,0.02050452878953942,0.007938134241765468,0.004982560523626592,0.0033511944408158613,0.017275343904728284,0.007609819821701072,0.0023706319484855104,0.0014531114936039997,0.031755814091334086,0.017481526927618656,0.39999999999999997
chaosnli_snli,llama,80,LP-temp,1,16,6.080661859469379,0.247388375186565,0.39734325919079544,0.19605547274568574,0.5318681318681319,0.5318681318681319,0.5526262048192556,,0.004097253752922712,,0.004097253752922712,,-0.009086536620674362,,0.003916516345088671,,-0.008577383857249394,,0.02435470225562106,,0.39999999999999997
chaosnli_snli,llama,80,GPP-cosine,1,64,1.7629129346786718,0.31530308912397187,0.4986991224137055,0.3324081119638151,0.36923076923076925,0.36923076923076925,0.5290807485580444,0.1597548872232437,-0.020659799283379528,-0.035654065332110005,-0.020659799283379528,-0.035654065332110005,0.011793331214952713,-0.002663823572815374,-0.01849078054342596,-0.036314812561131816,0.00530182898102372,-0.011832120787584485,-0.011700978882043894,-0.0321300451462086,-0.7999999999999999
chaosnli_snli,llama,80,GPP-rbf,1,64,1.1363368114600854,0.19777997548790938,0.38261229807899877,0.30767051484028196,0.5296703296703297,0.5296703296703297,0.6186023354530334,0.19947077333927155,0.036483367971892784,0.057485021923534066,0.03648336797189278,0.05748502192353405,0.02564936577131259,0.024929013349750513,0.027897731595150257,0.032997751278670065,0.019979144473379094,0.008202646096184308,0.038120544775930826,0.0414935290853291,0.39999999999999997
chaosnli_snli,llama,80,GPP-laplace,1,64,1.0404461060393542,0.19382822791799312,0.4023675627597086,0.493177153344496,0.5384615384615384,0.5384615384615384,0.6758869290351868,0.36628779768943787,0.05551679294001558,0.04679586298043981,0.05551679294001556,0.046795862980439806,0.03991628345466104,0.03054416234644749,0.0384979339959524,0.03202620507678222,0.028352727367585037,0.019602646660510335,0.033257961620874625,0.03585623987250545,0.7999999999999999
chaosnli_snli,llama,80,LPE,1,64,1.3868269024229,0.22784478031888677,0.3990068182042176,0.24907617574388086,0.5230769230769231,0.5230769230769231,0.5051069855690002,0.09563403576612473,0.030390854608718827,0.08169953008179887,0.030390854608718827,0.08169953008179885,0.01678912347238428,0.06426918022704424,0.026870871832171142,0.08268262489468034,0.016236822431467703,0.06821431985943202,0.03638258390764214,0.07616624334088676,0.39999999999999997
chaosnli_snli,llama,80,LP-temp,1,64,1.0649450946587933,0.19439765910327084,0.3925029470674688,0.4188174487428572,0.5076923076923077,0.5076923076923077,0.9603064890662343,,0.0004540221318319604,,0.00045402213183196385,,-0.0015514473948330595,,0.003369721691504051,,-0.0020433913252009377,,0.006617742727143381,,-0.19999999999999998
chaosnli_snli,llama,80,GPP-cosine,1,256,2.0575688202122864,0.3315827275767049,0.507372156409379,0.2959233440969126,0.3824175824175824,0.3824175824175824,0.47452372312545776,0.06384941190481186,0.09367439049082439,0.07518899811341898,0.09367439049082435,0.07518899811341898,0.06320251126115406,0.04729123476851875,0.08425005627011986,0.0639800707486321,0.05582461736650118,0.03692982321880173,0.06902094629945049,0.05914041836502508,0.39999999999999997
chaosnli_snli,llama,80,GPP-rbf,1,256,1.1630474285367165,0.20386057977930175,0.3911897871914514,0.32033953281455063,0.512087912087912,0.512087912087912,0.6335394978523254,0.16408996284008026,0.006748255334107622,0.04841549472502705,0.006748255334107615,0.04841549472502704,0.028314654264807643,0.03465444060012984,0.014306888417167082,0.0370401274173151,0.029899255825661015,0.022156490860588074,0.020145351350392613,0.049719414316534066,0.0
chaosnli_snli,llama,80,GPP-laplace,1,256,1.0527769426392188,0.1918166444376422,0.39356829072092914,0.43651282324720075,0.5230769230769231,0.5230769230769231,0.6392468214035034,0.3429812788963318,0.022554033655808145,0.021160513375045462,0.02255403365580813,0.021160513375045452,-0.0004619949148914372,-0.007079938239211573,0.004502760377225398,0.006013766582466249,-0.013111784531072647,-0.019346392932998946,-0.0006138663278001055,0.011369808285568562,0.39999999999999997
chaosnli_snli,llama,80,LPE,1,256,1.3386587773418295,0.22598900107360154,0.4085013415409856,0.3020037847510537,0.4835164835164835,0.4835164835164835,0.43360140919685364,0.25611066818237305,0.004410320567381916,0.0354879146636588,0.0044103205673819285,0.0354879146636588,0.022310660277153033,0.03238282644836622,0.009971511306973067,0.024680082514307592,0.022810873167916412,0.023542323768819647,0.013008844757564466,0.033427209606032335,-0.39999999999999997
chaosnli_snli,llama,80,LP-temp,1,256,1.0579993316324914,0.20108320573998006,0.409994471103772,0.49099949532790194,0.4747252747252747,0.4747252747252747,1.0381059862725277,,0.000746215654324419,,0.0007462156543244208,,0.03432174504921121,,0.010548227097213175,,0.039951644061812744,,0.02811121765972562,,0.39999999999999997
chaosnli_snli,llama,80,GPP-cosine,1,1024,1.4285557789056316,0.23709954221352744,0.4163316750267788,0.29462591132111415,0.46593406593406594,0.46593406593406594,0.5819058418273926,0.019329244270920753,0.03127125305014279,0.008561970098498156,0.03127125305014277,0.008561970098498139,0.01658379865040264,-0.00011458217836200942,0.017225818065665355,-0.0033670848607769005,0.0064991395509563475,-0.010350243017800492,0.03939834476925553,0.0011055581597279893,0.39999999999999997
chaosnli_snli,llama,80,GPP-rbf,1,1024,1.1416201110421313,0.20719467178597709,0.4022808280896273,0.35537889080970647,0.5010989010989011,0.5010989010989011,0.5757430195808411,0.27232876420021057,0.046079605631086866,0.03235884202047916,0.04607960563108684,0.032358842020479145,0.052724755609021984,0.03582361099733737,0.05073337903691911,0.03868660867038269,0.05386518071909957,0.03953594578321369,0.05074203650461157,0.035868979653096926,0.0
chaosnli_snli,llama,80,GPP-laplace,1,1024,1.0527662250088128,0.18940987272633647,0.38829133618254585,0.41118435234937756,0.5274725274725275,0.5274725274725275,0.6240375638008118,0.3299528956413269,0.07748454769780433,0.060391337699699676,0.07748454769780432,0.060391337699699635,0.06722136841991734,0.05234856248974468,0.06534991980232027,0.05601584940013696,0.061328014058174604,0.054389337619873385,0.05816404158049461,0.046885195328349165,0.7999999999999999
chaosnli_snli,llama,80,LPE,1,1024,1.3469324848606758,0.21324079507901825,0.3940597431884667,0.304539871213544,0.4967032967032967,0.4967032967032967,0.2057192325592041,0.48965078592300415,-0.030917843511172625,0.046009660288479644,-0.030917843511172622,0.04600966028847965,-0.009630000284793869,0.02719551436529325,-0.02553908346230627,0.029153582833788015,-0.007834061053412816,0.013296322975704482,-0.036941350684384124,0.04963571395804809,-0.19999999999999998
chaosnli_snli,llama,80,LP-temp,1,1024,1.0288279334444643,0.19314426070930057,0.4056556781597225,0.5103851527815029,0.4945054945054945,0.4945054945054945,1.0595264384574157,,0.02168978225550315,,0.02168978225550314,,0.04020199888085765,,0.025446986528426953,,0.04186977948488173,,0.05353478750697122,,0.19999999999999998
chaosnli_snli,llama,80,GPP-cosine,2,16,1.3428455774364534,0.26624020220386146,0.46426136400652945,0.3865759288663476,0.38461538461538464,0.38461538461538464,0.6231072545051575,0.27217400074005127,0.06037381091872235,-0.009142120563997623,0.06037381091872235,-0.009142120563997632,0.06526232674991957,0.0015441244077025861,0.06379134455497944,-0.0037840835255150054,0.07084090863415946,0.00837378633636863,0.07846609223216235,-0.018761938575964605,0.7999999999999999
chaosnli_snli,llama,80,GPP-rbf,2,16,1.2442916680874077,0.22158655322991097,0.40406527325183483,0.2470636008086735,0.5340659340659341,0.5340659340659341,0.5213873982429504,0.19769011437892914,-0.0013591479562023202,0.017818740908476644,-0.0013591479562023341,0.017818740908476634,-0.00799131962265882,-0.00018885636934600977,-0.013056691318965474,-0.00039960782374038467,-0.01875587176520282,-0.013321122551420018,0.000805663724604725,0.005935718573178898,-0.39999999999999997
chaosnli_snli,llama,80,GPP-laplace,2,16,1.0669903022024556,0.20909380169455397,0.426400250851453,0.5383116787252896,0.5340659340659341,0.5340659340659341,0.7040896415710449,0.3839380145072937,0.004975680188257503,-0.0007175541113777131,0.00497568018825751,-0.0007175541113777252,0.0064098681015892015,-0.022259042390239965,-0.0021659900714518995,-0.014174715111082986,0.0008625840634915866,-0.03317334952710006,0.022268626882670388,-0.010303011236425724,0.39999999999999997
chaosnli_snli,llama,80,LPE,2,16,1.7258022102306874,0.283360460168625,0.446709338684597,0.27737076737107585,0.5340659340659341,0.5340659340659341,0.31026482582092285,0.0481879897415638,-0.04455990101429291,-0.039511374721887614,-0.0445599010142929,-0.03951137472188762,-0.015616670887904797,-0.0346592179289834,-0.03686113256196346,-0.041144061132023804,-0.018076548317285092,-0.036637345213528474,-0.04527125622411847,-0.054464791490148726,-0.19999999999999998
chaosnli_snli,llama,80,LP-temp,2,16,1.1119887756204885,0.20096409208876692,0.39305498590465554,0.35168047347616066,0.5362637362637362,0.5362637362637362,0.8841276039198328,,-0.04766056363264155,,-0.04766056363264154,,-0.013681441798659526,,-0.035957591557283994,,-0.012384389368488026,,-0.05248280012463038,,-0.39999999999999997
chaosnli_snli,llama,80,GPP-cosine,2,64,1.778340684542456,0.3274652498262366,0.511819817012772,0.32341681346213497,0.3516483516483517,0.3516483516483517,0.5253072381019592,0.15544393658638,-0.040206476993680754,-0.06088679828920672,-0.04020647699368075,-0.060886798289206706,-0.0075785799301561,-0.02529264898469496,-0.02793180212004985,-0.04807592726714935,-0.005390211814354964,-0.021066205534209813,-0.03400419426902013,-0.056487295357947956,-0.39999999999999997
chaosnli_snli,llama,80,GPP-rbf,2,64,1.078295737400141,0.19685531286446237,0.3955883293484266,0.40940902085263864,0.5208791208791209,0.5208791208791209,0.7044113278388977,0.23820847272872925,-0.06828951318299467,0.014301507982559834,-0.06828951318299467,0.014301507982559816,-0.0165402504401734,0.018063232897326663,-0.03924869157940845,0.011900986508462053,-0.003671973842095816,0.011884777152516967,-0.038857795878759344,0.02428202180734671,-0.19999999999999998
chaosnli_snli,llama,80,GPP-laplace,2,64,1.059977096527821,0.20540845996813148,0.42110607491417246,0.5303907298536914,0.5296703296703297,0.5296703296703297,0.6997811198234558,0.3799665868282318,-0.017282502004236727,-0.016001853945629654,-0.017282502004236713,-0.016001853945629658,-0.012130454111460673,-0.025935790076878414,-0.01548944087475531,-0.018899858396812685,-0.010879845571891672,-0.029106905685023783,0.022504886113739245,0.014807001089147861,-0.19999999999999998
chaosnli_snli,llama,80,LPE,2,64,1.225286611752688,0.21794000325914792,0.406141390601828,0.3184185322672446,0.49230769230769234,0.49230769230769234,0.6293399333953857,0.12968643009662628,-0.04575044561226652,-0.01633688569865313,-0.045750445612266516,-0.016336885698653138,-0.0071163354039640095,-0.005681502843903657,-0.023865039779587607,-0.017734040971582682,0.002266148326530517,-0.009359852460478657,-0.02822447430918381,-0.019670921921166172,-0.19999999999999998
chaosnli_snli,llama,80,LP-temp,2,64,1.0576482089185553,0.20124047731127723,0.4108386984460705,0.4886673053554522,0.4725274725274725,0.4725274725274725,1.0360590848985116,,-0.04324672580064396,,-0.043246725800643954,,-0.007276783386429047,,-0.020795841739559284,,0.003089476034117142,,0.0021487550934607205,,-0.39999999999999997
chaosnli_snli,llama,80,GPP-cosine,2,256,2.138352337107214,0.3391108520860029,0.5021508562768578,0.30733478772200656,0.421978021978022,0.421978021978022,0.46371427178382874,0.06250155717134476,0.05332075653255106,0.0351035019883141,0.05332075653255107,0.035103501988314086,-0.008894262463276313,-0.02785799975830503,0.03229271921135644,0.016805632611147925,-0.026741540225949163,-0.04344671886909067,0.03393170491745465,0.0235314576338001,0.39999999999999997
chaosnli_snli,llama,80,GPP-rbf,2,256,1.1584502200980444,0.21134423246363815,0.4024760262513595,0.36312653112946053,0.48131868131868133,0.48131868131868133,0.67987060546875,0.17900395393371582,-0.00593433518767584,0.06506389608638699,-0.005934335187675834,0.06506389608638699,-0.0056487507063214225,0.02666270092098145,0.0010739862939812862,0.05310788746381581,-0.001265981160168959,0.016942030170597196,-0.005282741118962971,0.07255642651029301,0.0
chaosnli_snli,llama,80,GPP-laplace,2,256,1.0435970882511492,0.1948043601592582,0.40354312077000903,0.49085333632279826,0.5318681318681319,0.5318681318681319,0.6763917207717896,0.3634341061115265,0.03127908110101057,0.03142264118896328,0.031279081101010575,0.03142264118896326,0.008186415419015866,-0.0043614440819116675,0.021728242250538033,0.021604851889246424,0.0003619344104170835,-0.013142092307532306,0.011294452483370004,0.027215037794018484,0.6000000000000001
chaosnli_snli,llama,80,LPE,2,256,1.3495050808101285,0.2400390385838169,0.42262825320418757,0.32451678379579935,0.4703296703296703,0.4703296703296703,0.4562373459339142,0.28526297211647034,0.007440351841536227,0.021896256622495856,0.007440351841536241,0.021896256622495842,0.012366601960019994,0.0065074658402808,0.017985665135231154,0.013193198984227744,0.019218750833317817,0.0015509350356171306,0.013180385903228644,0.024943152721141178,0.0
chaosnli_snli,llama,80,LP-temp,2,256,1.078390333045823,0.21301473296060894,0.4294197549993536,0.5303625729283266,0.43736263736263736,0.43736263736263736,1.0800105014713415,,-0.019153697487928285,,-0.01915369748792827,,-0.025827754167719607,,-0.02653362748179768,,-0.031260580528976796,,0.013693225770938374,,-0.39999999999999997
chaosnli_snli,llama,80,GPP-cosine,2,1024,1.4376893877709476,0.2374094562343192,0.4167918796397926,0.2942824769116288,0.48131868131868133,0.48131868131868133,0.5814254879951477,0.01947011426091194,0.05336330204318314,0.028343449918492275,0.05336330204318316,0.028343449918492275,0.03571900329689694,0.017411314365080408,0.03918428266584568,0.016097531435316316,0.028576250714038756,0.010838990744479849,0.05419674650650414,0.023636815619291582,0.39999999999999997
chaosnli_snli,llama,80,GPP-rbf,2,1024,1.1485458858681143,0.20865801191621458,0.4039021183593342,0.35048040210548553,0.4879120879120879,0.4879120879120879,0.5730056166648865,0.2705981433391571,0.056385909346661066,0.03908187264529367,0.05638590934666107,0.03908187264529364,0.061910793481062196,0.04238541855517772,0.05722120765936757,0.0429099384210309,0.06067617232544026,0.04438241100552094,0.06358851275853772,0.04344717443903142,0.0
chaosnli_snli,llama,80,GPP-laplace,2,1024,1.0536373148852092,0.18959828942532422,0.3883680799628025,0.41043380330097673,0.5274725274725275,0.5274725274725275,0.623329222202301,0.32950809597969055,0.07371241846379978,0.05654043316843543,0.07371241846379978,0.05654043316843543,0.059734111684007316,0.04601089353209515,0.0586644870551319,0.05005928841320594,0.053107034457602495,0.04749659629919886,0.0505887132451932,0.04293248730313593,1.0
chaosnli_snli,llama,80,LPE,2,1024,1.3366373728289445,0.21603050995991616,0.3944690889879164,0.29380792397009126,0.4901098901098901,0.4901098901098901,0.20634475350379944,0.47653767466545105,0.045925676910715515,0.07259816532857752,0.045925676910715515,0.0725981653285775,0.071430596485342,0.0627114374270849,0.05782451989750141,0.06123895034687043,0.0761180381897702,0.051855692469063956,0.05193613613945029,0.06532742911037077,0.7999999999999999
chaosnli_snli,llama,80,LP-temp,2,1024,1.0260801340619408,0.19147352625461272,0.4021892518184643,0.5015597747789078,0.48131868131868133,0.48131868131868133,1.0503123390969342,,0.04444166105819321,,0.044441661058193214,,0.05610274371817643,,0.0470031906262323,,0.057588954241869134,,0.08544500773907397,,0.19999999999999998
chaosnli_snli,llama,80,GPP-cosine,3,16,1.4071353941081517,0.2910449476311738,0.4925328685288,0.3728649465118841,0.3208791208791209,0.3208791208791209,0.5921000242233276,0.2607383728027344,-0.09019548404567229,-0.09246478463314123,-0.09019548404567232,-0.09246478463314123,-0.11032682071237615,-0.10193300796659593,-0.09599969694048677,-0.09336370788108186,-0.1140319819094162,-0.10234660245392255,-0.09606871077430294,-0.09039065426358657,-0.6000000000000001
chaosnli_snli,llama,80,GPP-rbf,3,16,1.2609115433372426,0.2700635197936402,0.49071109073830177,0.46124498732579045,0.27692307692307694,0.27692307692307694,0.7204036116600037,0.28646501898765564,0.01931260759119796,0.04509293501320041,0.019312607591197958,0.04509293501320038,0.007684991271520274,0.004063950655257505,0.014739214240161475,0.02017819417308073,0.0010572431223493592,-0.013687182325579705,0.034313452442878124,0.04604086636964932,0.19999999999999998
chaosnli_snli,llama,80,GPP-laplace,3,16,1.111841014469987,0.2273236983573079,0.4501734659730733,0.546272283639387,0.27692307692307694,0.27692307692307694,0.709252119064331,0.3867611289024353,0.0028945414378551,-0.021622660571226845,0.002894541437855107,-0.021622660571226845,0.006325603180834428,-0.04991406249208457,0.006334852479470899,-0.03117928051892415,0.006854601360282974,-0.057270402314537935,0.02909622657227837,-0.006396325340463588,0.6000000000000001
chaosnli_snli,llama,80,LPE,3,16,1.5743823035491848,0.3393380563460581,0.5443781697488093,0.3080437573650909,0.27912087912087913,0.27912087912087913,0.6910742521286011,0.12727753818035126,0.02291953993259504,0.00438586620631428,0.02291953993259502,0.00438586620631428,0.02020007450701147,0.018852238863290145,0.01918128150420891,-0.00044416129372812363,0.014106129657913434,0.013645254431603727,0.022814972373335688,-0.0021173515343027405,0.39999999999999997
chaosnli_snli,llama,80,LP-temp,3,16,1.4064186717243845,0.3033715192372753,0.5159698091938666,0.3735923803734725,0.27692307692307694,0.27692307692307694,0.9035745451118188,,0.012963348383424347,,0.012963348383424333,,0.009962892203869728,,0.007984598233761901,,0.0028572591010973952,,0.014859743780796558,,0.19999999999999998
chaosnli_snli,llama,80,GPP-cosine,3,64,1.8603189462540846,0.3204724881583088,0.4927663753770753,0.3024814789440972,0.4021978021978022,0.4021978021978022,0.4846707582473755,0.14522600173950195,0.03301303723183746,-0.00022316686749148003,0.03301303723183746,-0.00022316686749147482,0.02212489147755599,-0.003906137754250156,0.03291608967029623,0.0013079256652248836,0.0233777265751195,-0.001912559208319696,0.021768972687872833,-0.01701805370970088,0.0
chaosnli_snli,llama,80,GPP-rbf,3,64,1.0860039335949974,0.19929402194326876,0.3997903673039688,0.4033373416916416,0.4945054945054945,0.4945054945054945,0.7115419507026672,0.23275746405124664,0.013049567294965446,0.061242258159641474,0.013049567294965439,0.06124225815964145,0.02485874810575174,0.02808038059394844,0.017927140617404164,0.03623950374116621,0.021715996209244144,0.00801231925362493,-0.0037166398908532487,0.04170602862559486,0.0
chaosnli_snli,llama,80,GPP-laplace,3,64,1.0532350200613525,0.20300027221516287,0.41895777926995204,0.5273418189299546,0.5340659340659341,0.5340659340659341,0.6980515718460083,0.378961443901062,0.02697145737467141,0.026364868033829425,0.026971457374671395,0.026364868033829408,0.00583326264499482,-0.016349809713035433,0.010044038646715395,0.0030536282059297716,-0.008812102162497323,-0.03398348486073164,0.029730316375095867,0.027370717912846277,0.39999999999999997
chaosnli_snli,llama,80,LPE,3,64,1.22968485586153,0.21880130510374055,0.4081286814856947,0.30616135923553256,0.47912087912087914,0.47912087912087914,0.6340684294700623,0.1426474153995514,-0.008020659724255634,0.015294913364371044,-0.008020659724255634,0.015294913364371051,0.009207882136208191,-0.0016214553432750394,-0.0025636202423463747,-0.0029725234301466123,0.009328278135376865,-0.0175683077227492,-0.01395579264892862,0.0005310577539555339,0.0
chaosnli_snli,llama,80,LP-temp,3,64,1.0779232662410734,0.21418409927826662,0.43373438122011543,0.5438264395477825,0.43736263736263736,0.43736263736263736,1.093557949076285,,-0.004152091790612246,,-0.004152091790612225,,0.013867051134111366,,-0.0013878683451422347,,0.011616381295193719,,-0.016237105159443616,,-0.39999999999999997
chaosnli_snli,llama,80,GPP-cosine,3,256,1.899132055018546,0.3175312596040668,0.4959125415646973,0.3149600913503974,0.4021978021978022,0.4021978021978022,0.5028505325317383,0.06847275793552399,-0.027942324182011966,-0.05159976176907558,-0.027942324182011972,-0.051599761769075575,-0.07081992584098645,-0.08165471516821698,-0.04576897991628291,-0.06525427350487967,-0.07886824985326034,-0.08744931360925293,-0.04509837740149218,-0.06749395619775658,-0.39999999999999997
chaosnli_snli,llama,80,GPP-rbf,3,256,1.178481417529711,0.20403419994972077,0.3878345061405715,0.308740035778546,0.5296703296703297,0.5296703296703297,0.5909093618392944,0.15656855702400208,0.004350746445581328,0.03239819478603645,0.004350746445581338,0.032398194786036436,0.033383749695452075,0.03612011052440492,0.014774990337273124,0.02744143499807248,0.03996635377612778,0.0329734030701047,0.011670021215206616,0.0397109152860673,0.0
chaosnli_snli,llama,80,GPP-laplace,3,256,1.051248469179282,0.18962381102692988,0.38915362805128095,0.4250787147800547,0.5384615384615384,0.5384615384615384,0.6290368437767029,0.3378170430660248,0.022265568822867968,0.004460686623475929,0.02226556882286799,0.004460686623475943,0.01323091354892731,0.0011502581866217332,0.008102231283666883,-0.0038152894933554116,0.009531018905702938,0.002782965545646089,0.04527609734074322,0.03675617797348708,0.19999999999999998
chaosnli_snli,llama,80,LPE,3,256,1.4150248224348576,0.23244120148206338,0.4102768312889496,0.3035395191672041,0.4901098901098901,0.4901098901098901,0.3942418396472931,0.23482169210910797,0.005866852109409447,0.07479940103110855,0.005866852109409466,0.07479940103110853,0.030072624226870147,0.07702523062404298,0.017832600836149126,0.07153487877136341,0.03783270118549806,0.0707330281558795,0.009780329560073488,0.0715451427269419,0.0
chaosnli_snli,llama,80,LP-temp,3,256,1.077640868151428,0.20141253616074783,0.4066344805077997,0.4349391762121976,0.44175824175824174,0.44175824175824174,0.9789242292616874,,0.07290185102807034,,0.07290185102807034,,0.06748004168470342,,0.07009328807546013,,0.0664955536002538,,0.049620107726823535,,0.6000000000000001
chaosnli_snli,llama,80,GPP-cosine,3,1024,1.4171965971463478,0.23430062300030077,0.4133885362849929,0.29096674335416495,0.4835164835164835,0.4835164835164835,0.5834236741065979,0.019376864656805992,0.035275666441439056,6.726280553412053e-05,0.03527566644143908,6.726280553414829e-05,0.015085817184864923,-0.014363305641171489,0.018602369826360574,-0.014851298828610963,0.004013959349013963,-0.025004208040346948,0.0372737952589186,0.004558611990143671,0.39999999999999997
chaosnli_snli,llama,80,GPP-rbf,3,1024,1.1468859943975587,0.20888554863629588,0.40463032651549347,0.35594876047694524,0.4879120879120879,0.4879120879120879,0.5761083960533142,0.27200427651405334,0.038498978577768364,0.021080762789754785,0.038498978577768336,0.021080762789754796,0.03702737400992155,0.01863803710178326,0.038990896817304846,0.02450500967670748,0.035038837506470695,0.02021943136104642,0.04531425298361468,0.0272407084519103,-0.39999999999999997
chaosnli_snli,llama,80,GPP-laplace,3,1024,1.0528094137347528,0.18984315467097915,0.38953364713342636,0.41509523632767253,0.5252747252747253,0.5252747252747253,0.6266460418701172,0.3312506675720215,0.06239850754522036,0.04372731846237753,0.062398507545220375,0.04372731846237751,0.04514707305304998,0.029933078572379604,0.04811096372943213,0.037854494816956574,0.038717455126481844,0.03170837943076926,0.03932139649448303,0.023933334012558108,0.7999999999999999
chaosnli_snli,llama,80,LPE,3,1024,1.365842532823337,0.2149598231706134,0.3928786818451458,0.2896250800788695,0.5010989010989011,0.5010989010989011,0.20534458756446838,0.4625861346721649,0.011686406145934445,0.06460805267849562,0.011686406145934441,0.06460805267849562,0.03497670400809626,0.05935898206944333,0.012325143716178408,0.05193979087919809,0.029325525054076384,0.0442015724394208,0.003450378476491472,0.06330740949978689,-0.19999999999999998
chaosnli_snli,llama,80,LP-temp,3,1024,1.0273875289667127,0.19229208316773222,0.40395859566520875,0.5069708076904311,0.48131868131868133,0.48131868131868133,1.056068883215762,,0.029284262516301895,,0.02928426251630188,,0.02350762778711146,,0.02299858998078064,,0.018666964020857754,,0.06516716267053005,,0.19999999999999998
chaosnli_snli,llama,80,GPP-cosine,4,16,1.592645783987567,0.3200521145065807,0.5198552571689956,0.3239250688219104,0.3208791208791209,0.3208791208791209,0.5434644818305969,0.24113957583904266,-0.035502984235937646,-0.03158761933119693,-0.035502984235937646,-0.031587619331196935,-0.019478589974480577,-0.022514158184886765,-0.041340435771472284,-0.04264550006334279,-0.025205477180090537,-0.03192002008873637,-0.04239939118428576,-0.040275351265172496,-0.7999999999999999
chaosnli_snli,llama,80,GPP-rbf,4,16,1.0698740650958454,0.19094885943484613,0.38615374009605946,0.38608525829180523,0.5362637362637362,0.5362637362637362,0.6621105670928955,0.26117709279060364,-0.005326310411532529,0.05913186721505778,-0.005326310411532526,0.05913186721505777,-0.024515286040709877,0.014719917576351839,-0.013666594802893114,0.0318497555130777,-0.028826643184455148,-0.002876109311678969,0.04053161195176997,0.06180621745379071,0.7999999999999999
chaosnli_snli,llama,80,GPP-laplace,4,16,1.0728785474650144,0.2121341569363432,0.43115965622467,0.5442874536162466,0.5340659340659341,0.5340659340659341,0.7079561948776245,0.3860723078250885,0.015103779400601758,0.004212686864918946,0.015103779400601758,0.004212686864918939,0.021612381917778888,-0.021709912492870916,0.014273961907238196,-0.0090374753474581,0.02176401294494778,-0.030502239134802617,0.03183594731125445,-0.0034835021279180345,0.7999999999999999
chaosnli_snli,llama,80,LPE,4,16,1.297675516456376,0.2239765924478205,0.3999577080585308,0.23825018333754502,0.5384615384615384,0.5384615384615384,0.538880467414856,0.093058742582798,-0.011702916538074166,-0.06633879911861623,-0.01170291653807417,-0.06633879911861625,-0.021055766812773394,-0.08524850007455766,-0.008738769142006133,-0.07253875740815903,-0.017856049673607332,-0.08589851318060385,0.015955619707275027,-0.0448669288665416,0.6000000000000001
chaosnli_snli,llama,80,LP-temp,4,16,1.0473092966435762,0.19115241037631509,0.3937317471671584,0.448216257447579,0.5340659340659341,0.5340659340659341,0.9925319155820318,,-0.009629146842346083,,-0.009629146842346073,,-0.020633620144426764,,-0.007546429259644952,,-0.018954711846060613,,0.017328585861618027,,0.6000000000000001
chaosnli_snli,llama,80,GPP-cosine,4,64,1.6933851760321765,0.31298401298118395,0.4990380503216459,0.3162790482443694,0.3868131868131868,0.3868131868131868,0.5358297228813171,0.1583082526922226,-0.011723354961474884,-0.027589039958009504,-0.011723354961474863,-0.0275890399580095,-0.009454520470696393,-0.013261098848940193,-0.012016053986813949,-0.022557371082543753,-0.010697682901834173,-0.01093082428960372,-0.021782922747620493,-0.03413732497620101,-0.39999999999999997
chaosnli_snli,llama,80,GPP-rbf,4,64,1.216770652956168,0.21525329977997917,0.3974587031200037,0.26767449249151837,0.5296703296703297,0.5296703296703297,0.5464953780174255,0.17725466191768646,-0.04285900414976382,0.014091850127192631,-0.042859004149763825,0.014091850127192624,-0.012270518778625132,0.015833208361018695,-0.03179161752369676,0.00725702560299955,-0.009377375101112775,0.008164397160418103,-0.03894652845057895,-0.0009801987187078992,-0.39999999999999997
chaosnli_snli,llama,80,GPP-laplace,4,64,1.0492064597335602,0.19560321778697481,0.40320630981535704,0.4827744222248049,0.5318681318681319,0.5318681318681319,0.6689265370368958,0.36248868703842163,0.03641545920337659,0.03463571342344397,0.03641545920337659,0.03463571342344396,0.026462776210936304,0.023801449595870494,0.02270543617598771,0.023173394232855568,0.01582579737550124,0.01396029380308925,0.030100407001278147,0.029030425603427747,0.39999999999999997
chaosnli_snli,llama,80,LPE,4,64,1.5931317495856112,0.26156828671983323,0.428448542971471,0.2769796572252237,0.5274725274725275,0.5274725274725275,0.3759693503379822,0.07911697030067444,-0.055647718488028436,0.02616488082091586,-0.05564771848802842,0.026164880820915837,-0.02052517856943745,0.05546966966164053,-0.03642805128384053,0.03751434732935248,-0.013812920198751553,0.05914765580785865,-0.052971370710313354,0.02190350477091878,-0.39999999999999997
chaosnli_snli,llama,80,LP-temp,4,64,1.1218494850923142,0.203967304095537,0.3979253848080614,0.36693672570237557,0.5340659340659341,0.5340659340659341,0.884363025497245,,-0.037227634645797605,,-0.037227634645797585,,-0.0027137762013193095,,-0.017389857436802096,,0.004828053827355238,,-0.04567453397874152,,-0.39999999999999997
chaosnli_snli,llama,80,GPP-cosine,4,256,1.952675331717162,0.3276293388475761,0.4969737237970838,0.29957985312602203,0.42417582417582417,0.42417582417582417,0.4845498204231262,0.06584750860929489,0.07308231517711529,0.05041081433186201,0.07308231517711529,0.050410814331861994,0.05658200262996686,0.045612450947025554,0.06145445311106315,0.04018070504891948,0.04596051679605635,0.03557160232428523,0.06373342776276572,0.04887744221724365,0.39999999999999997
chaosnli_snli,llama,80,GPP-rbf,4,256,1.179059383663419,0.21095660475158287,0.40037435482378925,0.3274754796533912,0.5142857142857142,0.5142857142857142,0.629236102104187,0.16813038289546967,0.023839022210987278,0.07601924178425323,0.023839022210987274,0.07601924178425323,0.03727479630006445,0.06431101806848184,0.03267213522916018,0.06592043871535894,0.044373498463514634,0.05861021036022834,0.01949657802377187,0.05938413036773994,0.39999999999999997
chaosnli_snli,llama,80,GPP-laplace,4,256,1.0545898614447762,0.1936223771873776,0.3960385713194098,0.4497046857330886,0.5340659340659341,0.5340659340659341,0.6478036046028137,0.34825626015663147,0.06417702762764631,0.06802374864561717,0.0641770276276463,0.06802374864561711,0.028100621261584885,0.03392503876687144,0.040369681806749186,0.04740645989996968,0.015122489456250271,0.022701907127455616,0.044224175065779574,0.04510557537752636,0.39999999999999997
chaosnli_snli,llama,80,LPE,4,256,1.3847903587158028,0.2406011092241854,0.4231223360362162,0.3169761678050975,0.4967032967032967,0.4967032967032967,0.4204519987106323,0.26260411739349365,0.013351673885323706,0.027251186276168737,0.013351673885323687,0.027251186276168737,0.02524750176477327,0.0072394779024352466,0.02265907253163029,0.016613189108079712,0.03152507398908902,0.002501113764536912,0.012445810154324336,0.02660371942233667,0.19999999999999998
chaosnli_snli,llama,80,LP-temp,4,256,1.0669444291631105,0.2070176047397722,0.419129137934968,0.5090704135723594,0.44835164835164837,0.44835164835164837,1.0570922264641545,,-0.02598859210799926,,-0.025988592107999264,,-0.025859509275215846,,-0.015605867639231562,,-0.017847672858360485,,0.01863377638321439,,-0.39999999999999997
chaosnli_snli,llama,80,GPP-cosine,4,1024,1.4400149396148088,0.23843127387091265,0.41528850039717474,0.2904843870063602,0.47912087912087914,0.47912087912087914,0.5716765522956848,0.01886155642569065,0.04932833308311829,0.02970624512654117,0.04932833308311829,0.029706245126541152,0.03581388425381748,0.018753414636832645,0.03609573881085096,0.01689973412678293,0.025747881431242424,0.007878176218166642,0.05684744895526889,0.027826738359118038,0.39999999999999997
chaosnli_snli,llama,80,GPP-rbf,4,1024,1.1500613939141633,0.20921616936246987,0.4039383235622893,0.3508848730429465,0.4989010989010989,0.4989010989010989,0.571207582950592,0.2695806920528412,0.04339657358511631,0.024156248968785994,0.04339657358511631,0.024156248968785987,0.049837562081431135,0.02683217531171014,0.047404771948059074,0.02995413741442232,0.050793781744750424,0.030154628227555085,0.0485016186897952,0.027403841342384105,0.0
chaosnli_snli,llama,80,GPP-laplace,4,1024,1.0554344401242852,0.18999149380969924,0.38866269312962726,0.4075918018381476,0.5274725274725275,0.5274725274725275,0.6213621497154236,0.3283867835998535,0.07051167789621067,0.051836744191135146,0.07051167789621067,0.051836744191135126,0.05869686510164172,0.04224071676273805,0.057437819752846335,0.04673296747558045,0.05365371751732204,0.04485017572221353,0.048591817883960005,0.036686937265972414,1.0
chaosnli_snli,llama,80,LPE,4,1024,1.3443036149275673,0.21463835839181822,0.3914641784842434,0.29224319535769483,0.5054945054945055,0.5054945054945055,0.20879298448562622,0.4658257067203522,-0.026815389221731364,0.06293268356581194,-0.026815389221731375,0.06293268356581194,-0.00042647524089226355,0.052827069616351745,-0.01804657896060562,0.05252855666717631,0.002274182003092302,0.04378343353773135,-0.030001291508276493,0.07287925255048092,-0.19999999999999998
chaosnli_snli,llama,80,LP-temp,4,1024,1.0292247659412643,0.19287232130054613,0.40504134298896155,0.5061276757162613,0.4725274725274725,0.4725274725274725,1.0551767570908681,,0.01890759200891653,,0.018907592008916518,,0.02526959344332192,,0.01563835718543389,,0.02335176902350722,,0.044744466296661074,,0.19999999999999998
