dataset,model,layer,method,seed,n_obs,soft_ce,jsd,tvd,entce,rankcs,acc,mean_alea,mean_mi,corrAlea_entropy,corrMI_entropy,corrAlea_norm_entropy,corrMI_norm_entropy,corrAlea_one_minus_max,corrMI_one_minus_max,corrAlea_gini,corrMI_gini,corrAlea_top2_margin,corrMI_top2_margin,corrAleaS_entropy,corrMIS_entropy,mono_alea
chaosnli_snli,qwen,0,GPP-cosine,0,64,1.03824953341825,0.18805424463283243,0.3912556928674598,0.4502544846035998,0.5362637362637362,0.5362637362637362,0.9900219440460205,0.007179469335824251,-0.05379486599601596,-0.016063395402694858,-0.053794865996015934,-0.016063395402694854,-0.10029683979751015,-0.008418586273400298,-0.08346611347370451,-0.023166598312679365,-0.11062454854738542,-0.01510717143070129,-0.06232988613500318,-0.04121873595623759,-0.7999999999999999
chaosnli_snli,qwen,0,GPP-rbf,0,64,1.1189193517447407,0.19994750947371676,0.3932463810850795,0.3472581290688579,0.5252747252747253,0.5252747252747253,0.6674686670303345,0.20326729118824005,-0.027418390399008268,-0.002521768834418075,-0.027418390399008265,-0.0025217688344180735,-0.05008685735737059,-0.012742813999854635,-0.045461645001664205,-0.01796393988438179,-0.05990634114629792,-0.02154198001858812,-0.03194480873640859,-0.011601353797818579,-0.7999999999999999
chaosnli_snli,qwen,0,GPP-laplace,0,64,1.0436140540016603,0.1974484795618934,0.40914951731542964,0.512698484497545,0.5362637362637362,0.5362637362637362,0.6890887022018433,0.3731600344181061,-0.0273160207691988,-0.012931491179842027,-0.02731602076919879,-0.012931491179842033,-0.013444488273645448,-0.017411429335366248,-0.028042800342237585,-0.01879320283365411,-0.01412889827234178,-0.021717443793081177,-0.01765803658771351,-0.012175854203591033,0.19999999999999998
chaosnli_snli,qwen,0,LPE,0,64,1.3444060673381326,0.23185738559908164,0.4123769704388086,0.2761353171366835,0.4967032967032967,0.4967032967032967,0.5609903931617737,0.1181836798787117,0.014773384287603001,0.01754770347615798,0.01477338428760298,0.017547703476157972,-0.007358614644548301,-0.00819382397684084,0.0008600707655398061,0.011935627323058726,-0.016877523088058725,-0.008517657797846571,0.0007816492381897993,0.021651257115207625,-0.39999999999999997
chaosnli_snli,qwen,0,LP-temp,0,64,1.0701481301759348,0.21053713728340295,0.42769248308127406,0.537880162786925,0.4703296703296703,0.4703296703296703,1.0875815611664503,,0.02652381427444536,,0.026523814274445362,,0.006801415936454083,,0.015726497897664796,,0.001782535319266993,,0.002369726587819812,,0.19999999999999998
chaosnli_snli,qwen,0,GPP-cosine,0,256,1.0327114262041999,0.1922714654476923,0.40209490796039393,0.5016535573010338,0.5362637362637362,0.5362637362637362,1.045412540435791,0.0052373940125107765,-0.054135535436047516,-0.010811012137848946,-0.05413553543604749,-0.01081101213784895,-0.06166805938958431,0.004506481319084769,-0.055259648406380875,-0.011844896240190306,-0.05668974895802023,0.0008366423925834894,-0.05720964273952653,-0.022840579332324546,-0.7999999999999999
chaosnli_snli,qwen,0,GPP-rbf,0,256,1.0728658440430088,0.20186608407468556,0.4068379004414265,0.46268225773420363,0.5054945054945055,0.5054945054945055,0.6655486226081848,0.33719050884246826,-0.0870226796062456,-0.06573380813578292,-0.08702267960624557,-0.06573380813578295,-0.06597033476761213,-0.05064309087803121,-0.07134857893494793,-0.05281580215470622,-0.054322626563305956,-0.042475696186686174,-0.10840865335191215,-0.05585132551082165,-0.7999999999999999
chaosnli_snli,qwen,0,GPP-laplace,0,256,1.0413457740931344,0.19528222485214008,0.40439780554273624,0.5006852535953381,0.5274725274725275,0.5274725274725275,0.682708203792572,0.3666870892047882,-0.07329446105918805,-0.054240230266964694,-0.07329446105918805,-0.0542402302669647,-0.05373213119437757,-0.045970252101075,-0.06460841005807474,-0.04800424011483035,-0.04584399207258037,-0.04127118071296704,-0.06106202317053983,-0.039454654599469834,-0.39999999999999997
chaosnli_snli,qwen,0,LPE,0,256,1.4399509950352165,0.2679845069970411,0.4591823329214374,0.3395407053639875,0.4,0.4,0.44796982407569885,0.2974523603916168,-0.09621391398318851,-0.05298859546907969,-0.0962139139831885,-0.052988595469079705,-0.058473988663409866,-0.026556999045729078,-0.07629972399605384,-0.04228332040009743,-0.04437920514414521,-0.01954593017677403,-0.11534062276734418,-0.06805788258563812,-0.7999999999999999
chaosnli_snli,qwen,0,LP-temp,0,256,1.092603228048916,0.2200294015465691,0.4408501035501404,0.5465487038102225,0.367032967032967,0.367032967032967,1.0962765432585282,,-0.029352034153435458,,-0.02935203415343545,,-0.018427351653518574,,-0.019407169958966103,,-0.008791633592731933,,-0.07607177786780098,,-0.39999999999999997
chaosnli_snli,qwen,0,GPP-cosine,0,1024,1.029445162976075,0.18678981623738425,0.3907173874368379,0.4646354620885254,0.5406593406593406,0.5406593406593406,1.0077548027038574,0.0036783076357096434,-0.05904225720266751,-0.00779224330877447,-0.059042257202667495,-0.007792243308774484,-0.07553731042720097,0.0035894788576667043,-0.07147306960429668,-0.012676692989119463,-0.07536740955619622,-0.0010213816604529823,-0.060680848935242976,-0.023644112908829708,-0.19999999999999998
chaosnli_snli,qwen,0,GPP-rbf,0,1024,1.1907453440740112,0.22031716571346205,0.4196897664588395,0.358293774012277,0.4901098901098901,0.4901098901098901,0.5764991641044617,0.27121588587760925,-0.06470310594202149,-0.04568569850080214,-0.06470310594202147,-0.04568569850080212,-0.05664605077277666,-0.03328345587214786,-0.058695415563708095,-0.034466871432391896,-0.051858012786531384,-0.02528832480483389,-0.06736604880061821,-0.05178937386703653,-0.39999999999999997
chaosnli_snli,qwen,0,GPP-laplace,0,1024,1.071408258920871,0.19430232301811431,0.39300683315966156,0.4062507465081469,0.5362637362637362,0.5362637362637362,0.6179805397987366,0.32739272713661194,-0.036041641949604755,-0.02601503088759656,-0.03604164194960474,-0.026015030887596557,-0.022062351184852336,-0.009376852008745329,-0.030764506682003916,-0.016927309643862944,-0.01695849348522994,-0.0006179104172092942,-0.028315372643703967,-0.018038510135077835,-0.39999999999999997
chaosnli_snli,qwen,0,LPE,0,1024,1.4926326621911383,0.2530132221190697,0.43985827739777267,0.321791739051771,0.44835164835164837,0.44835164835164837,0.23985226452350616,0.5071884393692017,-0.07298256296964245,-0.05121479225076804,-0.07298256296964245,-0.051214792250768026,-0.07978050887972851,-0.03371801455526919,-0.07837275632029542,-0.052234539022068135,-0.080314171866471,-0.0379807377404385,-0.07283141467435993,-0.047037626803126134,-1.0
chaosnli_snli,qwen,0,LP-temp,0,1024,1.081580087908284,0.21558899937035667,0.43512845773787584,0.5442050526147587,0.44835164835164837,0.44835164835164837,1.0939421291465907,,-0.007867361821433796,,-0.007867361821433778,,-0.017556328414972122,,-0.018133310954549602,,-0.024242376403720886,,-0.07422871380963264,,-0.39999999999999997
chaosnli_snli,qwen,0,GPP-cosine,1,16,1.5687396597520031,0.22966687968102278,0.3899198710028041,0.2055462850594593,0.5362637362637362,0.5362637362637362,0.6664469242095947,0.009715940803289413,0.013637876321201978,0.0029947726936195825,0.01363787632120196,0.0029947726936195686,0.0012517338634933737,0.017315902241144855,0.011589906214547316,0.0018725705839825737,0.006776198463834347,0.013057610052984434,0.036982245380082754,-0.022840199321186076,0.7999999999999999
chaosnli_snli,qwen,0,GPP-rbf,1,16,1.2420775249630356,0.21086931903675635,0.38769744072048057,0.2517324892717378,0.5362637362637362,0.5362637362637362,0.5224342346191406,0.20463107526302338,-0.028293078123359995,-0.009534032608765671,-0.02829307812336001,-0.009534032608765688,-0.034165341469998,-0.009118936979249126,-0.035840735383231286,-0.015975281281507457,-0.040263175029332604,-0.014219466899779475,-0.027569139995558458,-0.018992401206864344,-0.19999999999999998
chaosnli_snli,qwen,0,GPP-laplace,1,16,1.061509053385965,0.20652687912736398,0.42305904809426476,0.5344142525250004,0.5340659340659341,0.5340659340659341,0.7016719579696655,0.3824560046195984,0.019864302419036986,0.021126167958653245,0.01986430241903699,0.02112616795865324,0.03518944253586456,0.020473140220577484,0.025779143182583706,0.021729898703324188,0.037712051773812455,0.01920623055591123,-0.016219588477700123,-0.027762147671519268,1.0
chaosnli_snli,qwen,0,LPE,1,16,6.212449410637369,0.27337903727627205,0.4266843659086869,0.2619320429292155,0.5362637362637362,0.5362637362637362,0.31970450282096863,0.06825436651706696,-0.040290582948493484,-0.05465848260159187,-0.040290582948493484,-0.05465848260159187,-0.0486610827201967,-0.0657339207076721,-0.04488447279768054,-0.057976136766941216,-0.05431951035641889,-0.06865996830133338,-0.022286080382080704,-0.0455017188550182,-0.39999999999999997
chaosnli_snli,qwen,0,LP-temp,1,16,6.062425992437126,0.24458298286379743,0.3959747669050292,0.1942401283403701,0.5274725274725275,0.5274725274725275,0.5903833359934609,,-0.015614760032967466,,-0.015614760032967469,,-0.03164622990905466,,-0.02497528334062387,,-0.04112201122660321,,-0.017682560665352093,,-0.39999999999999997
chaosnli_snli,qwen,0,GPP-cosine,1,64,1.0476697658199587,0.1864526677717703,0.3833008613887724,0.41264057743793875,0.5362637362637362,0.5362637362637362,0.9499715566635132,0.0069512734189629555,0.007859228238250554,-0.004224741863131372,0.007859228238250564,-0.004224741863131367,-0.04156358596092612,0.009536042744966727,-0.024328046478146854,-0.006871767447498651,-0.05717714955418963,0.00412671578119837,0.00591488903191184,-0.02360783261844598,0.0
chaosnli_snli,qwen,0,GPP-rbf,1,64,1.1202975837131786,0.2011630046735082,0.3896437653800943,0.34385887493067546,0.5296703296703297,0.5296703296703297,0.6616753935813904,0.2010079175233841,-0.010783491454341897,-0.00557207735922363,-0.010783491454341893,-0.005572077359223623,-0.013657290781031756,0.0037528575843624352,-0.019529119960821184,-0.012144869566638707,-0.024238100792331848,-0.005111987719830784,-0.024206283811730404,-0.0187973551660089,-0.7999999999999999
chaosnli_snli,qwen,0,GPP-laplace,1,64,1.045316744461027,0.1974247752229981,0.4076298089227179,0.5084936142341614,0.5384615384615384,0.5384615384615384,0.6865807771682739,0.3714454174041748,0.014324815741029479,0.01704672643307012,0.014324815741029472,0.017046726433070106,0.02783199477004785,0.022131158893837086,0.015915286897745008,0.01692666822393504,0.027689086701419566,0.020151756665064108,-0.004296873197891867,-0.023248252311251667,0.7999999999999999
chaosnli_snli,qwen,0,LPE,1,64,1.3145928844587405,0.2310792648988956,0.40962655231622713,0.2765061842587807,0.5098901098901099,0.5098901098901099,0.5692728757858276,0.1070944145321846,-0.007651738657757895,0.008569933221174966,-0.007651738657757895,0.008569933221174969,-0.00901886805660466,0.014021758255434325,-0.01732921426614146,0.0156285198367028,-0.023000450100331776,0.019791033966335213,-0.020788073281232403,0.004146416389106576,-0.39999999999999997
chaosnli_snli,qwen,0,LP-temp,1,64,1.0882166129852695,0.20657661827677354,0.40813173547890547,0.4488035460767559,0.46373626373626375,0.46373626373626375,0.9926109105744689,,-0.02843425266660321,,-0.028434252666603196,,-0.0238075441853674,,-0.03588566118212444,,-0.03682826980643738,,-0.018031184761237738,,-0.39999999999999997
chaosnli_snli,qwen,0,GPP-cosine,1,256,1.031905727443417,0.18644924048172065,0.3890941826851813,0.45458577247196585,0.5362637362637362,0.5362637362637362,0.9964410662651062,0.004990477114915848,-0.02812030607655122,-0.006665249325627504,-0.02812030607655121,-0.006665249325627489,-0.02193559190334983,0.008626858214634941,-0.02500016629581454,-0.007486132763597053,-0.01456485052298558,0.005564503314859312,-0.016562733951361652,-0.01962696967812559,-0.19999999999999998
chaosnli_snli,qwen,0,GPP-rbf,1,256,1.2149530674778637,0.21889225181425698,0.41273528220039885,0.3332799799151397,0.4857142857142857,0.4857142857142857,0.6382344365119934,0.16422659158706665,-0.10376552649752031,-0.07310170315112317,-0.10376552649752029,-0.07310170315112317,-0.08627686986281599,-0.058198341493089285,-0.10158105643508368,-0.0712457318795166,-0.0804273275970389,-0.05608086873607815,-0.09998721248862807,-0.07018230469816913,-0.7999999999999999
chaosnli_snli,qwen,0,GPP-laplace,1,256,1.0587321369364748,0.19279757958874044,0.3927291427094203,0.42910147272823274,0.5340659340659341,0.5340659340659341,0.632561206817627,0.33936694264411926,-0.039846054232470805,-0.02848114188582622,-0.0398460542324708,-0.028481141885826202,-0.020972459075640344,-0.01261139754310258,-0.03406900414309276,-0.021468479499200204,-0.016005752272989004,-0.007909578993590974,-0.02836563107813733,-0.020535124937588713,-0.19999999999999998
chaosnli_snli,qwen,0,LPE,1,256,1.4351816861162616,0.24863973658307403,0.43425152604688444,0.3129327576570425,0.4725274725274725,0.4725274725274725,0.4240341782569885,0.27783581614494324,-0.11514365753263581,-0.08041804546678072,-0.11514365753263578,-0.08041804546678069,-0.08386072949531197,-0.0470405078770969,-0.09780185923887824,-0.06922938501022212,-0.06851465314953128,-0.036899926772841984,-0.11369266844893426,-0.0597021152913031,-0.39999999999999997
chaosnli_snli,qwen,0,LP-temp,1,256,1.0855012669256165,0.21504862156978355,0.4344062725953007,0.5284618404312048,0.42857142857142855,0.42857142857142855,1.0775167171065922,,-0.050827722845424826,,-0.05082772284542481,,-0.031652332999373686,,-0.043436920226951864,,-0.02433471344657924,,-0.06730534374609985,,-0.7999999999999999
chaosnli_snli,qwen,0,GPP-cosine,1,1024,1.0299559170594201,0.1868169393474924,0.3909687832489118,0.4641775376466106,0.5384615384615384,0.5384615384615384,1.0070998668670654,0.003677837550640106,-0.061540419091703276,-0.009720989514479491,-0.06154041909170328,-0.009720989514479502,-0.07937854968276059,0.001853471348498939,-0.07479980396862265,-0.014469279386269983,-0.07884054241662841,-0.002504427233954939,-0.05969988582969959,-0.024851142821707268,-0.19999999999999998
chaosnli_snli,qwen,0,GPP-rbf,1,1024,1.1780433658356513,0.21749179060757867,0.4170221106415348,0.3611295328691696,0.4879120879120879,0.4879120879120879,0.5808468461036682,0.27346372604370117,-0.05988640884162015,-0.047354265504654824,-0.059886408841620144,-0.04735426550465482,-0.05237864814355536,-0.03497111693832024,-0.05222269990675501,-0.03392831379022776,-0.04509481937571115,-0.024400066194163312,-0.0669619429602567,-0.0558760406851691,-0.39999999999999997
chaosnli_snli,qwen,0,GPP-laplace,1,1024,1.0669403560185655,0.1931856103649919,0.3918198631687479,0.4088085585443232,0.5362637362637362,0.5362637362637362,0.6200798153877258,0.3285548686981201,-0.029627433822852933,-0.022476235154687822,-0.029627433822852923,-0.0224762351546878,-0.013693138127350589,-0.003923827398857355,-0.02318828287799467,-0.011932645336424179,-0.007597083805917559,0.006091887705724892,-0.021119817167834346,-0.011953354316257532,-0.19999999999999998
chaosnli_snli,qwen,0,LPE,1,1024,1.4606829827628078,0.25433688099269,0.4457731581450884,0.31750354099413913,0.43956043956043955,0.43956043956043955,0.2451985627412796,0.4982638657093048,-0.05150033233533207,-0.03842161583043123,-0.051500332335332064,-0.03842161583043122,-0.05482013533403188,-0.042046377221145,-0.061695561916936106,-0.05298221206235372,-0.055556370722248616,-0.047761123068902164,-0.06006921206904637,-0.033763348716938334,-0.39999999999999997
chaosnli_snli,qwen,0,LP-temp,1,1024,1.078140378694005,0.21401001949599738,0.4332759400080083,0.5411181381473107,0.45054945054945056,0.45054945054945056,1.0908268024680086,,-0.025376820214355562,,-0.02537682021435554,,-0.021326443784185085,,-0.034312348358193676,,-0.02526123778996341,,-0.06432378919537456,,-0.6000000000000001
chaosnli_snli,qwen,0,GPP-cosine,2,16,1.141654533793032,0.20669932050739423,0.39625799270285356,0.32988467406568184,0.5362637362637362,0.5362637362637362,0.8498079180717468,0.01305573619902134,0.057051409389676254,-0.01935577105921774,0.057051409389676254,-0.01935577105921773,0.060084643603074694,-0.00468819926147758,0.0546494536045825,-0.022466126807014503,0.05289107319356304,-0.01056249656139836,0.0565015639122104,-0.047066929797498276,0.39999999999999997
chaosnli_snli,qwen,0,GPP-rbf,2,16,1.2247709030484082,0.21866965873804575,0.40162764722583716,0.26119878246894823,0.5340659340659341,0.5340659340659341,0.5390224456787109,0.20264513790607452,-0.013190920953532768,-0.013342206605322853,-0.013190920953532751,-0.01334220660532286,-0.0233409620712957,-0.011020430805093323,-0.02670542343173366,-0.021011835516434218,-0.03248970259488737,-0.016203959306626367,-0.011086348167408298,-0.025811113972838202,0.19999999999999998
chaosnli_snli,qwen,0,GPP-laplace,2,16,1.0676162343646407,0.20936095332876709,0.4262763615492936,0.5381989518049067,0.5340659340659341,0.5340659340659341,0.7041019201278687,0.3838120698928833,-0.02394288293588774,-0.02178992901015941,-0.023942882935887734,-0.021789929010159415,-0.0004089373751684014,-0.026921662384298696,-0.016902595971787164,-0.024844165964501688,0.003885422766831431,-0.030784268361192905,-0.019303857607673537,-0.04007495451646863,0.39999999999999997
chaosnli_snli,qwen,0,LPE,2,16,1.6809821819406157,0.27694513743438504,0.44097591178020934,0.25143238184140765,0.5340659340659341,0.5340659340659341,0.3361273407936096,0.04986586421728134,0.05955866088401177,0.07544549562624522,0.05955866088401175,0.07544549562624522,0.031596703371595244,0.043155737130641525,0.04037541244291581,0.0551023354735518,0.019037603559184234,0.029418476282455887,0.04123949786033514,0.05697917828658471,0.39999999999999997
chaosnli_snli,qwen,0,LP-temp,2,16,1.1212452140974465,0.2013885100987522,0.39143741126115433,0.33677575813069577,0.5340659340659341,0.5340659340659341,0.865003681804849,,0.04046479315238746,,0.04046479315238748,,0.01259782601843186,,0.021580549003400177,,0.0012167310264715884,,0.042613164702610666,,0.39999999999999997
chaosnli_snli,qwen,0,GPP-cosine,2,64,1.0351162454068947,0.1936415613290041,0.4039139483328704,0.507535227431183,0.5362637362637362,0.5362637362637362,1.0491431951522827,0.007591617293655872,-0.03615154260704566,-0.004290474176819706,-0.03615154260704565,-0.004290474176819711,0.0035637165378167163,0.016044574233757956,-0.007338263342747918,-0.0013560468351859886,0.01975256555635751,0.01395202004266017,-0.022875328540978235,-0.016834188970890146,-0.39999999999999997
chaosnli_snli,qwen,0,GPP-rbf,2,64,1.1135531910795284,0.20712892654580378,0.40783314868644044,0.40202312648382443,0.5164835164835165,0.5164835164835165,0.7093130350112915,0.225558802485466,-0.047508350136301135,-0.016240532394568834,-0.047508350136301135,-0.016240532394568852,-0.008608202952929456,0.016601246161961312,-0.022535950275707164,-0.0009173340039730273,0.01032391532572475,0.027250152570758295,-0.03426217482599744,-0.018995458754206298,-0.7999999999999999
chaosnli_snli,qwen,0,GPP-laplace,2,64,1.052575346302933,0.20125794706754643,0.41397287380564346,0.5181741741444629,0.5318681318681319,0.5318681318681319,0.6923791170120239,0.3752927780151367,-0.027446864486495408,-0.01843258130262134,-0.027446864486495408,-0.01843258130262133,0.0016918176264653986,-0.0034603246444560552,-0.014187110451987985,-0.0094181606692063,0.00996836133633687,0.0007597780275757776,-0.023290102490494655,-0.022656299849207872,0.39999999999999997
chaosnli_snli,qwen,0,LPE,2,64,1.2942855589843945,0.23692322923510142,0.4268201382193653,0.3262427169838454,0.4901098901098901,0.4901098901098901,0.6367270946502686,0.13170844316482544,-0.03250904858212064,-0.027935028935589155,-0.03250904858212065,-0.027935028935589162,0.0020645345045671604,-0.02424319212969891,-0.010330984248248963,-0.025293416969023683,0.021399127012795244,-0.016461936830618754,-0.023857723414747716,-0.005485558425979215,-0.19999999999999998
chaosnli_snli,qwen,0,LP-temp,2,64,1.0849562561453767,0.216273751725516,0.4358879524506743,0.5410300870303875,0.4307692307692308,0.4307692307692308,1.090631713602993,,0.010520002191629511,,0.010520002191629511,,0.03884732529398524,,0.02892949875210274,,0.05544166942902131,,-0.002496614802510879,,0.39999999999999997
chaosnli_snli,qwen,0,GPP-cosine,2,256,1.0318404519978175,0.19151826327855426,0.4002224571102268,0.49874138114761357,0.5406593406593406,0.5406593406593406,1.0423848628997803,0.005239431280642748,-0.04755732852306542,-0.0030867829757952538,-0.047557328523065406,-0.003086782975795248,-0.07162258893496733,0.009251390832491033,-0.06294828321859453,-0.00543526492251062,-0.07712224173776625,0.004898089719750169,-0.0357236835931974,-0.0221679535906119,-0.39999999999999997
chaosnli_snli,qwen,0,GPP-rbf,2,256,1.099529134282938,0.20267963534769914,0.4011584626408396,0.41545508861751373,0.5296703296703297,0.5296703296703297,0.6299521923065186,0.31908735632896423,-0.02445876496943134,-0.006303324694518282,-0.024458764969431356,-0.006303324694518275,-0.0067944428912915175,0.003977657730951066,-0.015070035316498712,0.0038001262897991647,-0.002873735769739573,0.008413766457092284,-0.03847088874219633,-0.010540321171257784,0.0
chaosnli_snli,qwen,0,GPP-laplace,2,256,1.0476832556623317,0.1934974891723748,0.39760412452640115,0.468381004596594,0.5362637362637362,0.5362637362637362,0.6607129573822021,0.35468795895576477,-0.023578020404910152,-0.011261461053459161,-0.02357802040491014,-0.011261461053459168,-0.006657181611611218,-0.0022045323652483476,-0.019748291132336726,-0.007027524744642334,-0.006121312268674094,-0.001427608933170392,-0.016029828929220356,-0.005373575754580171,0.39999999999999997
chaosnli_snli,qwen,0,LPE,2,256,1.4386310470795811,0.2526288284170318,0.43223720296415535,0.30317865965548363,0.45494505494505494,0.45494505494505494,0.4436601996421814,0.28615620732307434,0.03362879661883597,0.03141050273881729,0.033628796618835985,0.031410502738817306,0.02417576198997825,0.028938974724555852,0.024377135530414536,0.022543311308542806,0.015042950246151168,0.017348347787466613,0.044053587995185516,0.039128898409745885,0.39999999999999997
chaosnli_snli,qwen,0,LP-temp,2,256,1.0858464220241661,0.21699667954693885,0.4365089759112432,0.5415706226339292,0.42637362637362636,0.42637362637362636,1.0912973642843096,,0.012558353379579555,,0.012558353379579577,,-0.015116773397526023,,-0.006569854763521184,,-0.028239027743265598,,0.04311148122044612,,0.39999999999999997
chaosnli_snli,qwen,0,GPP-cosine,2,1024,1.02943247867232,0.18675675789469362,0.39093544854076356,0.46484006413295537,0.5406593406593406,0.5406593406593406,1.0077309608459473,0.0036842513363808393,-0.057663038830006653,-0.009865016246462377,-0.05766303883000667,-0.009865016246462374,-0.07596570187511292,0.0013727332833566096,-0.07155439654530392,-0.014911188061909542,-0.07421242700701577,-0.0030825599803489074,-0.05573220856229138,-0.024799163720455653,-0.39999999999999997
chaosnli_snli,qwen,0,GPP-rbf,2,1024,1.183209708388397,0.2186880221193758,0.41811421623473966,0.3576579968611015,0.4835164835164835,0.4835164835164835,0.5793789029121399,0.27263492345809937,-0.05387514848844813,-0.03928602573276719,-0.05387514848844811,-0.03928602573276716,-0.049575676473560516,-0.028663677949587782,-0.05154998857138986,-0.030471155563879578,-0.04547663488125042,-0.021188387996275378,-0.05752361281016129,-0.046983164241097594,-0.39999999999999997
chaosnli_snli,qwen,0,GPP-laplace,2,1024,1.0684393483369743,0.19361045852003028,0.3924804719103562,0.40803534875145786,0.5362637362637362,0.5362637362637362,0.6193554997444153,0.32816600799560547,-0.03824186398852953,-0.02814032670677099,-0.03824186398852951,-0.028140326706770975,-0.027430548943232318,-0.013937250561529224,-0.0364332430617516,-0.022005153701995152,-0.023160525343901627,-0.0059530082437269025,-0.03341122118139004,-0.020937319810861506,-0.19999999999999998
chaosnli_snli,qwen,0,LPE,2,1024,1.4809302089361844,0.252923294314537,0.44001166145872933,0.3142034345558925,0.4351648351648352,0.4351648351648352,0.2351120114326477,0.5039276480674744,-0.07191172977362487,-0.02826327130277187,-0.0719117297736249,-0.028263271302771887,-0.06467816670787552,-0.017301973418388832,-0.07081996655866105,-0.031512092431711276,-0.057205700738658584,-0.017734471807580622,-0.06553343136253488,-0.017105193808946557,-1.0
chaosnli_snli,qwen,0,LP-temp,2,1024,1.0790958746696246,0.21448344951599138,0.4335998945120935,0.542669492490145,0.4307692307692308,0.4307692307692308,1.0924037570612346,,-0.011613120223503172,,-0.011613120223503162,,-0.020759102406165113,,-0.02273746609717269,,-0.02631037894080406,,-0.03856834806372108,,-0.39999999999999997
chaosnli_snli,qwen,0,GPP-cosine,3,16,1.170444824642983,0.2460440656752596,0.47054570551429475,0.5252517523194611,0.27912087912087913,0.27912087912087913,1.0595780611038208,0.01526554673910141,0.04642668546567782,-0.006282992061684466,0.04642668546567781,-0.006282992061684468,0.060777840633043256,0.008773399526301713,0.05414583999933535,-0.0035387296091216915,0.05978536654971482,0.008308341652133788,0.047910430697323925,-0.013374701110557568,0.39999999999999997
chaosnli_snli,qwen,0,GPP-rbf,3,16,1.2233594838131632,0.26078114785407824,0.4820512502075552,0.4873201142761321,0.27692307692307694,0.27692307692307694,0.7455627918243408,0.28828707337379456,0.010010764198814998,-0.019823003902637942,0.010010764198815001,-0.019823003902637942,0.0025746078344200413,-0.013469115949641695,0.01390158882420122,-0.02001414088610727,0.004467239504634972,-0.01556784223408802,0.0423084928497656,-0.014242692507848584,0.0
chaosnli_snli,qwen,0,GPP-laplace,3,16,1.1105159577116068,0.22689353222840553,0.44963232989494617,0.5472050799799875,0.2681318681318681,0.2681318681318681,0.7098883390426636,0.38705766201019287,0.01259016706804815,-0.00957207627297331,0.012590167068048143,-0.00957207627297331,0.029517664699401595,-0.027886076616661714,0.021054343466219004,-0.016596833647778912,0.034215901189353665,-0.03304065801468413,0.021155870746908216,-0.014413215389144434,0.6000000000000001
chaosnli_snli,qwen,0,LPE,3,16,1.3702256220773052,0.296982989047529,0.5125790165389305,0.4124169161301287,0.2813186813186813,0.2813186813186813,0.7809532284736633,0.1685643494129181,0.003149570683362331,0.048829903964403495,0.0031495706833623224,0.04882990396440347,0.010859560718306922,0.03886514421201804,0.007152709980420367,0.04384923043771528,0.010971764462536157,0.03715571456140794,0.031799766334374674,0.046045486006594014,0.0
chaosnli_snli,qwen,0,LP-temp,3,16,1.1742858225694364,0.24622668641806358,0.4684244069102081,0.5072921785052771,0.29010989010989013,0.29010989010989013,1.0562126712120894,,-0.006713807641384919,,-0.0067138076413849205,,-0.006958068784754867,,-0.008090536109527563,,-0.01023346544655085,,0.031084427654163485,,0.0
chaosnli_snli,qwen,0,GPP-cosine,3,64,1.0389861542556131,0.19197719511627642,0.3993044480353921,0.4774754706645493,0.5406593406593406,0.5406593406593406,1.0184857845306396,0.007392163388431072,0.000307918434600013,0.0022890729754000915,0.00030791843460001994,0.0022890729754000746,-0.01986006446847352,0.01722605949915191,-0.00898275736596206,0.0025548806082566766,-0.02390395692228657,0.014683914356015924,0.008629417781439856,-0.010325592827098093,0.39999999999999997
chaosnli_snli,qwen,0,GPP-rbf,3,64,1.0939793634717916,0.2002690048196264,0.3969679363931601,0.39961588797504766,0.4901098901098901,0.4901098901098901,0.7055593132972717,0.2288816124200821,-0.005793697693981166,9.033039075652134e-05,-0.005793697693981166,9.033039075650312e-05,0.012184135562647684,0.01537044653845798,0.006346196690825593,0.005122426864247706,0.01725759270357866,0.01771980572891564,-0.0017493629719180553,0.001847841475890138,-0.19999999999999998
chaosnli_snli,qwen,0,GPP-laplace,3,64,1.0487021864008574,0.2001685379620968,0.41323840149811336,0.5193737590333859,0.5340659340659341,0.5340659340659341,0.6929870843887329,0.3759111762046814,-0.02496963072510061,-0.01853934513574438,-0.02496963072510063,-0.018539345135744387,-0.0141392514706569,-0.025266239531114988,-0.019922225446443856,-0.019261400856370875,-0.012911600850788796,-0.02754626037221647,-0.00528229522664227,-0.0058201687632142415,-0.19999999999999998
chaosnli_snli,qwen,0,LPE,3,64,1.2488116317916818,0.22354097843185428,0.41001879507982797,0.31564517302185263,0.5054945054945055,0.5054945054945055,0.6486826539039612,0.13589400053024292,0.023308771836795122,0.004293997969903412,0.0233087718367951,0.004293997969903417,0.03189391555114088,-0.007724442858555374,0.03514329424856713,0.0008382015122671942,0.03608296071419985,-0.007807227810768369,0.0179451912422453,0.010298265340019805,-0.39999999999999997
chaosnli_snli,qwen,0,LP-temp,3,64,1.0802813423796205,0.20974474932128015,0.42169217452699276,0.5031261992489217,0.45274725274725275,0.45274725274725275,1.0517002589449123,,-0.009536926699888619,,-0.009536926699888638,,-0.0020174999014832794,,0.001763842846243719,,0.002554529187930178,,0.002082062342064361,,-0.7999999999999999
chaosnli_snli,qwen,0,GPP-cosine,3,256,1.036219439296755,0.18485716726980786,0.3844192763524396,0.42814780055435875,0.5362637362637362,0.5362637362637362,0.9683939814567566,0.004861812572926283,-0.05025514367311695,-0.008338728875917488,-0.05025514367311694,-0.008338728875917488,-0.06627012736471707,0.0064947978233914835,-0.06348980082182215,-0.009320038441672495,-0.06770542383534969,0.004248370023085121,-0.046319230575572995,-0.021075898787953462,-0.39999999999999997
chaosnli_snli,qwen,0,GPP-rbf,3,256,1.2244737201929425,0.21155464795618392,0.3956373985969349,0.30396337301433907,0.5186813186813187,0.5186813186813187,0.5886615514755249,0.15229535102844238,-0.028985624016857538,-0.020846803946426996,-0.028985624016857503,-0.02084680394642698,-0.03731458732311063,-0.014842669346249894,-0.04029266528584376,-0.025252475634417744,-0.0454279777948904,-0.01883165117120778,-0.017727404693034077,-0.02232722987339116,-0.19999999999999998
chaosnli_snli,qwen,0,GPP-laplace,3,256,1.0618597738978865,0.1909481237643324,0.3880812776694586,0.40780355682916425,0.5362637362637362,0.5362637362637362,0.6160553097724915,0.33060604333877563,-0.033725604916435406,-0.034935470866762325,-0.03372560491643541,-0.034935470866762325,-0.014295382287966445,-0.014318290973342432,-0.028172484344426426,-0.026808257775455435,-0.007773241013172193,-0.004870321996336878,-0.01287660583502498,-0.01289526961359149,-0.19999999999999998
chaosnli_snli,qwen,0,LPE,3,256,1.4710589449838698,0.24127726269122549,0.42043370791624723,0.30039539100459045,0.49230769230769234,0.49230769230769234,0.38946324586868286,0.23836146295070648,-0.03956667671009366,-0.03201881053141598,-0.03956667671009363,-0.03201881053141595,-0.04374007955081532,-0.035292442820782643,-0.046737287007663025,-0.04747893820409241,-0.050750231689882096,-0.05022981326515645,-0.03134552945738572,-0.027352308929891597,-0.39999999999999997
chaosnli_snli,qwen,0,LP-temp,3,256,1.0931173389698265,0.20750165328388892,0.41324554401441854,0.44299980065186123,0.4461538461538462,0.4461538461538462,0.9854343963632692,,-0.029569188390835197,,-0.029569188390835166,,-0.01964494030058741,,-0.03357162386217371,,-0.026389625578978206,,-0.016485976773298033,,-0.7999999999999999
chaosnli_snli,qwen,0,GPP-cosine,3,1024,1.0287810393355703,0.1869285673239209,0.3917101602469172,0.4684067854215013,0.5406593406593406,0.5406593406593406,1.0116761922836304,0.003690473036840558,-0.05583711465514081,-0.010305294120991225,-0.0558371146551408,-0.010305294120991217,-0.07858320749945086,0.0007487465915474324,-0.07257329496882736,-0.01548396378281872,-0.08087853144974125,-0.003976353064363408,-0.05924399278123375,-0.025257796669992356,-0.39999999999999997
chaosnli_snli,qwen,0,GPP-rbf,3,1024,1.1742929854255273,0.21771136857904907,0.41793689963172426,0.3625698717815833,0.4879120879120879,0.4879120879120879,0.5873016715049744,0.2756675183773041,-0.07046128994334121,-0.05608155786129846,-0.07046128994334117,-0.05608155786129847,-0.0734106806993599,-0.050168881085680156,-0.06911788740800179,-0.04715628575920797,-0.06989364444569941,-0.042240851921982854,-0.08056828342756123,-0.06285533838549848,-0.7999999999999999
chaosnli_snli,qwen,0,GPP-laplace,3,1024,1.0641549239120298,0.1932359330712038,0.39338270359478156,0.41689057439781074,0.5362637362637362,0.5362637362637362,0.6261488795280457,0.3316936790943146,-0.04104924647487734,-0.03261413140641149,-0.041049246474877336,-0.03261413140641149,-0.033652686637127,-0.02117444907047765,-0.039289321230730444,-0.025993672408046335,-0.029360479898609664,-0.012568024722399328,-0.037064480663800706,-0.02178547070373879,-0.39999999999999997
chaosnli_snli,qwen,0,LPE,3,1024,1.4556043083094086,0.25039033080883855,0.44187269716536903,0.32758630785473064,0.43956043956043955,0.43956043956043955,0.250756174325943,0.5055230259895325,-0.05472709590208809,-0.08310718072947368,-0.05472709590208809,-0.08310718072947365,-0.05855590069086494,-0.08793196053475517,-0.060441803274480455,-0.09495998642574743,-0.058257844218998156,-0.08989839728341717,-0.04548260918413099,-0.06749866991657542,-0.7999999999999999
chaosnli_snli,qwen,0,LP-temp,3,1024,1.0807646548923178,0.21529674045062716,0.4348647448091795,0.5440897656031307,0.44175824175824174,0.44175824175824174,1.0938243825956897,,-0.010400779373918624,,-0.010400779373918617,,-0.016530969005366884,,-0.020106686897916816,,-0.022162245882848396,,-0.06526678775475535,,-0.39999999999999997
chaosnli_snli,qwen,0,GPP-cosine,4,16,1.0368196660731352,0.1878624263359696,0.3901425582203236,0.45212802169582667,0.5362637362637362,0.5362637362637362,0.9846194386482239,0.014617697335779667,-0.05899514057673892,0.015757903894339346,-0.05899514057673891,0.015757903894339342,-0.08252502344438978,0.022737419141589957,-0.06573556024012453,0.012193681420106543,-0.08202726245693032,0.01749691774201244,-0.04786456596131861,-0.0032006788788354746,-0.7999999999999999
chaosnli_snli,qwen,0,GPP-rbf,4,16,1.0707276211299794,0.19111806089090957,0.3861369966641887,0.39003076694863087,0.5384615384615384,0.5384615384615384,0.6732895374298096,0.25486817955970764,-0.1166658624618968,-0.03448430463842308,-0.11666586246189678,-0.034484304638423086,-0.12457663054538784,-0.03809201414476893,-0.13151918783764233,-0.04436135251016175,-0.13545527306747107,-0.04529139550940819,-0.12710230670390646,-0.03421420955207055,-0.7999999999999999
chaosnli_snli,qwen,0,GPP-laplace,4,16,1.0698901314996376,0.21088247065259866,0.42925604293634606,0.5428486636393776,0.5340659340659341,0.5340659340659341,0.7071496844291687,0.3854401111602783,-0.02123076248656293,-0.01938752135406617,-0.021230762486562922,-0.019387521354066163,-0.0016744059524338856,-0.033486607987472675,-0.015575173620475877,-0.025936150775935404,0.0016419622267248926,-0.038450806860980374,-0.01461017147900961,-0.02844990472674992,0.39999999999999997
chaosnli_snli,qwen,0,LPE,4,16,1.2398904636984698,0.21242616331564682,0.3926508791125533,0.2693541012325412,0.5318681318681319,0.5318681318681319,0.5961579084396362,0.12175975739955902,-0.11451139930891736,-0.0816671823594394,-0.11451139930891735,-0.0816671823594394,-0.13711459342994198,-0.10630359411532796,-0.13303106958896876,-0.09764555195861427,-0.14954844103159323,-0.11384791645325412,-0.11609672874544809,-0.09465930884746834,-1.0
chaosnli_snli,qwen,0,LP-temp,4,16,1.0548756520230167,0.2038166584810782,0.4189322876468438,0.531427331612485,0.5164835164835165,0.5164835164835165,1.0810598747907854,,-0.09619338805607895,,-0.09619338805607894,,-0.11729565220833235,,-0.11171787774815045,,-0.12956275950317442,,-0.11919975710411305,,-0.7999999999999999
chaosnli_snli,qwen,0,GPP-cosine,4,64,1.0661772541352952,0.19149705650522988,0.38709167623585394,0.3935226063958485,0.5362637362637362,0.5362637362637362,0.9283689856529236,0.006777752190828323,0.04759923564921549,0.00017968686034184884,0.0475992356492155,0.00017968686034184125,0.04571871799376817,0.01661245927519396,0.059613101741066904,0.002438754541288543,0.06020800907318043,0.015546949035510889,0.06700965343857176,-0.012224520165450458,0.39999999999999997
chaosnli_snli,qwen,0,GPP-rbf,4,64,1.227289706629705,0.21839732177057697,0.40365958936144036,0.2737732750034689,0.5296703296703297,0.5296703296703297,0.561543345451355,0.1812191754579544,-0.019963352711343425,-0.011818725506664837,-0.01996335271134341,-0.01181872550666483,-0.002757404327930306,0.0031366638812425967,-0.008641646189512735,-0.007037334054234895,-0.0005537018794123324,0.0033759056754543776,-0.010239343854784247,-0.013823681124195051,0.7999999999999999
chaosnli_snli,qwen,0,GPP-laplace,4,64,1.0552725032820407,0.19721701022642416,0.4037016326663913,0.47783562398331625,0.5340659340659341,0.5340659340659341,0.66517174243927,0.3602474331855774,-0.029313295265166843,-0.018700255375161012,-0.02931329526516684,-0.018700255375161012,-0.0008359005874288492,0.004754340231823542,-0.018382565806759427,-0.00862188918831675,0.005414321282237983,0.009801735822937339,-0.02207173357362918,-0.017679885311427883,0.39999999999999997
chaosnli_snli,qwen,0,LPE,4,64,1.5742018545112235,0.262038878919158,0.43395094600580325,0.2821845582330177,0.5208791208791209,0.5208791208791209,0.41640886664390564,0.09830202162265778,-0.0240989356869415,-0.03265951526500138,-0.0240989356869415,-0.03265951526500137,-0.01937267545366237,-0.04065257871190747,-0.015960510649115477,-0.03142754283904109,-0.019003095441670566,-0.03793284904327695,-0.007235813182538673,-0.03597758628263923,0.6000000000000001
chaosnli_snli,qwen,0,LP-temp,4,64,1.0744275061311008,0.2041339626283907,0.416409887664494,0.4777416258002467,0.46373626373626375,0.46373626373626375,1.0237943511424878,,-0.014868819922698898,,-0.014868819922698893,,-0.003276334443758532,,-0.0030909235215042675,,-0.0013523052138911078,,-0.009146843970162515,,0.7999999999999999
chaosnli_snli,qwen,0,GPP-cosine,4,256,1.0356748148305999,0.18958422813817577,0.39353978622418184,0.46995371475399306,0.5362637362637362,0.5362637362637362,1.0125198364257812,0.005034945905208588,-0.012766826340961768,0.0015736183039550683,-0.01276682634096176,0.0015736183039550726,-0.02329673557018573,0.014542921842410942,-0.010780834588271216,-0.0008262143588939814,-0.015485456422827611,0.01027908276183068,0.00948922557355834,-0.018166672906409578,0.7999999999999999
chaosnli_snli,qwen,0,GPP-rbf,4,256,1.269555708456526,0.2304128218071829,0.4165305080849186,0.32077562718308145,0.4945054945054945,0.4945054945054945,0.6151814460754395,0.1568542718887329,0.009370966244556828,0.03254438940522121,0.009370966244556824,0.03254438940522118,-0.0032417353584445977,0.032092138401117395,0.005243448348668139,0.02961025543562433,-0.0012940796904762214,0.03311939349027354,0.023043014445923042,0.040051768115792155,0.7999999999999999
chaosnli_snli,qwen,0,GPP-laplace,4,256,1.0718902726763584,0.19603357489718473,0.3951280925300095,0.42113723998846647,0.5384615384615384,0.5384615384615384,0.6262320876121521,0.3358049690723419,-0.01800231372336425,-0.006202868168092145,-0.01800231372336426,-0.006202868168092141,-0.015142036205139653,-0.003583356514306694,-0.017967270045741238,-0.005060045928192227,-0.013311680511678924,-0.0014323367764033992,-0.00316252313402715,0.003946465532723414,0.19999999999999998
chaosnli_snli,qwen,0,LPE,4,256,1.5400911580169052,0.26531998257253514,0.4409218988864298,0.3103712224734456,0.4725274725274725,0.4725274725274725,0.3995998799800873,0.2526977062225342,0.03021796932339338,0.0024041523462615504,0.03021796932339338,0.0024041523462615504,0.036542301852766176,0.016856267408647714,0.038337116985512884,0.007904113179920572,0.04520112016995573,0.022702027130876854,0.05231259665592831,0.027002156060334976,0.6000000000000001
chaosnli_snli,qwen,0,LP-temp,4,256,1.0935830152679096,0.21629421950912472,0.42844391214534494,0.5099859461300206,0.4307692307692308,0.4307692307692308,1.0590182753282849,,0.03250840964609235,,0.03250840964609235,,0.04727892781615237,,0.04189472381811296,,0.059330101337139056,,0.026236049354466773,,0.6000000000000001
chaosnli_snli,qwen,0,GPP-cosine,4,1024,1.0298978588276517,0.18683592100205465,0.39102499388403944,0.4643791628769602,0.5406593406593406,0.5406593406593406,1.0074747800827026,0.0036768210120499134,-0.045229456566535584,-0.009855214197037136,-0.04522945656653556,-0.009855214197037125,-0.06434017172225988,0.001869677856270689,-0.06022272964328179,-0.014651349993864107,-0.06572174954843027,-0.0027280492579186324,-0.049955163956379264,-0.022675696166393873,-0.39999999999999997
chaosnli_snli,qwen,0,GPP-rbf,4,1024,1.1848197614594134,0.21907111885792893,0.417836982042498,0.3579412546215151,0.4835164835164835,0.4835164835164835,0.5790271162986755,0.27221059799194336,-0.06304596388365562,-0.05330969399745912,-0.06304596388365559,-0.053309693997459114,-0.054948065850877366,-0.039823919564049334,-0.057746213785450966,-0.04177469583740875,-0.04924038463699956,-0.030577511980567434,-0.07168508921673925,-0.06081053990166417,-0.39999999999999997
chaosnli_snli,qwen,0,GPP-laplace,4,1024,1.0701910356128645,0.19391209309955287,0.392361606657505,0.4061241170014297,0.5362637362637362,0.5362637362637362,0.6179212927818298,0.3273460268974304,-0.03216074444796846,-0.025804789766609423,-0.03216074444796845,-0.025804789766609416,-0.018940159721610787,-0.009409616159896265,-0.028061116829374726,-0.017463047013609637,-0.013773710484843056,-0.00039642535581633706,-0.024318584977644234,-0.015867333027776126,-0.19999999999999998
chaosnli_snli,qwen,0,LPE,4,1024,1.4775445746617477,0.25241883906116,0.44159928496120476,0.313955805255142,0.44175824175824174,0.44175824175824174,0.23421797156333923,0.5079624056816101,-0.029186676383628988,-0.04451946824179437,-0.02918667638362898,-0.04451946824179437,-0.024491873488611128,-0.03844960962669891,-0.03397497041094136,-0.05448743813715868,-0.022227148860741487,-0.04226558945749421,-0.027546972777329298,-0.05213423972764769,-0.7999999999999999
chaosnli_snli,qwen,0,LP-temp,4,1024,1.0837210252492955,0.2165172125478482,0.4365079455151565,0.5453068579504061,0.44835164835164837,0.44835164835164837,1.0950454943211991,,0.006438273016724335,,0.006438273016724345,,0.007373306637754498,,-0.002981893325174678,,0.0013738012212618986,,-0.06600512173893414,,0.0
chaosnli_snli,qwen,10,GPP-cosine,0,64,1.3892539946003075,0.2569936117813681,0.4500224050283538,0.3043653016465105,0.3978021978021978,0.3978021978021978,0.7176037430763245,0.045581359416246414,-0.02843549483909925,-0.022865515646437462,-0.028435494839099233,-0.022865515646437462,-0.08518715489761552,-0.014387782346073533,-0.06441967481410671,-0.024909084191406226,-0.10114291376569368,-0.015417577232605353,-0.06316153901201452,-0.05451632390264123,-0.7999999999999999
chaosnli_snli,qwen,10,GPP-rbf,0,64,1.0870777553454334,0.19220178813014457,0.3845637641028389,0.3653803801552039,0.5252747252747253,0.5252747252747253,0.6669980883598328,0.22114495933055878,-0.02397591956564571,0.04800670626870643,-0.023975919565645695,0.04800670626870643,-0.015850122395602864,0.053321375811105104,-0.017119250925326002,0.04754591647242027,-0.010339044141441794,0.04953097995245256,-0.010395533564835698,0.04903579768999565,-0.19999999999999998
chaosnli_snli,qwen,10,GPP-laplace,0,64,1.0423005479181606,0.19741677091181611,0.40944052630073424,0.5166527651494827,0.5362637362637362,0.5362637362637362,0.6909874677658081,0.37507522106170654,0.02454020844934115,0.030951340092809518,0.024540208449341128,0.030951340092809514,0.03793827693910591,0.02197916783020156,0.027035863836100134,0.024259702391098252,0.038886784901248896,0.015626275780268935,0.03774956236510715,0.01817307464636068,0.39999999999999997
chaosnli_snli,qwen,10,LPE,0,64,1.2832196706183803,0.21980424200712972,0.40030951902019574,0.2882080843946721,0.5208791208791209,0.5208791208791209,0.5750250816345215,0.1128801554441452,-0.00010185218621451206,-0.024441729850294025,-0.00010185218621450512,-0.024441729850294004,0.005638199004044588,-0.004830852522669786,0.008978162174561186,-0.011181098846152877,0.012881848080971807,0.004033033441341274,0.002277872769755295,0.01754134019749562,-0.19999999999999998
chaosnli_snli,qwen,10,LP-temp,0,64,1.058941223495868,0.19819575722153063,0.40356334962684937,0.4688789411770838,0.5032967032967033,0.5032967032967033,1.014340992895055,,-0.004566455598136777,,-0.004566455598136763,,0.016413548605749322,,0.009151732808082291,,0.024941228555077338,,-0.019658182140574697,,-0.19999999999999998
chaosnli_snli,qwen,10,GPP-cosine,0,256,1.2066234185739537,0.222583151017243,0.4217436316147111,0.3994637373740794,0.4307692307692308,0.4307692307692308,0.8611401319503784,0.033721182495355606,0.007997360189680301,-0.013418690100128822,0.007997360189680294,-0.013418690100128822,-0.008868505353868822,0.014047693135859872,0.002540232962124977,-0.002252661083624638,-0.008176003723854387,0.021024358858344114,0.030197229333773338,-0.051017789055514,-0.19999999999999998
chaosnli_snli,qwen,10,GPP-rbf,0,256,1.1435812683760935,0.21063200809121074,0.40644362333875433,0.37264378076202104,0.4747252747252747,0.4747252747252747,0.6880322694778442,0.18859083950519562,-0.02336916036563322,0.023699539245213973,-0.02336916036563321,0.023699539245213966,-0.00411914657644016,0.034971310052648204,-0.016171544862527983,0.026055217106439744,0.0014306820859692551,0.033105505258112934,0.00026027371748378445,0.03308521019605425,-0.19999999999999998
chaosnli_snli,qwen,10,GPP-laplace,0,256,1.0383210320200411,0.19476612752908878,0.4050203961985452,0.5053937695298364,0.5274725274725275,0.5274725274725275,0.6851657629013062,0.36920085549354553,0.022436586726128513,0.02861586053863684,0.02243658672612852,0.028615860538636833,0.030031719085652366,0.019257331222387528,0.026210124591143715,0.028013995154942663,0.030226585591874754,0.014586330779512383,0.033634295810749046,0.027077257066921705,1.0
chaosnli_snli,qwen,10,LPE,0,256,1.3715489996613024,0.24669655542679308,0.4333131392318167,0.3295795668221641,0.44835164835164837,0.44835164835164837,0.46321383118629456,0.2804013192653656,-0.013973663300769188,0.005279549469697529,-0.013973663300769178,0.005279549469697524,-0.0005606327383064075,0.015285297661527746,-0.00952625985704029,0.0024222238113766476,0.004921424128496783,0.014138679354210992,-0.013304471366189587,0.015926955200944216,-0.7999999999999999
chaosnli_snli,qwen,10,LP-temp,0,256,1.0857563830140804,0.21301868082190187,0.4283971958943175,0.5058041816793667,0.4175824175824176,0.4175824175824176,1.0540114443654478,,-0.004607096114367836,,-0.004607096114367836,,0.0028280648129607646,,-0.008704924063018924,,0.003280158513819402,,-0.0014741200122392905,,0.0
chaosnli_snli,qwen,10,GPP-cosine,0,1024,1.1977198401728792,0.21415900635378407,0.4115984943537374,0.40411740528220486,0.46153846153846156,0.46153846153846156,0.8595667481422424,0.014978492632508278,-0.018952039610453966,-0.02975812140916253,-0.01895203961045397,-0.029758121409162553,-0.03776694810348319,0.002786712098978947,-0.026023869901947504,-0.015695808692866506,-0.040620687951636654,0.012455685838225504,0.02006540922718112,-0.05776815289861461,-0.39999999999999997
chaosnli_snli,qwen,10,GPP-rbf,0,1024,1.12420732683472,0.20316755126057476,0.3980520584487489,0.35449640770067875,0.4945054945054945,0.4945054945054945,0.5848283767700195,0.28285762667655945,0.05140295153437062,0.04185947337277221,0.051402951534370606,0.041859473372772224,0.05947373873160812,0.05524061883871639,0.06066839780785174,0.057726751376277974,0.06425519558279731,0.0645286048989648,0.031413750982453054,0.02481868506476249,0.7999999999999999
chaosnli_snli,qwen,10,GPP-laplace,0,1024,1.051245325781626,0.18879986252267145,0.38667524410309373,0.41482242043665984,0.5296703296703297,0.5296703296703297,0.6237577199935913,0.3316320478916168,0.05393916136217401,0.055638379911358185,0.05393916136217399,0.055638379911358185,0.06958793257000033,0.07002777522292702,0.059869180486285145,0.06563755374589919,0.07540357291787664,0.08083844767234188,0.045181822964366326,0.044739115588812654,1.0
chaosnli_snli,qwen,10,LPE,0,1024,1.3210101706125637,0.21707467212396672,0.39799202443762394,0.29516852477836647,0.48131868131868133,0.48131868131868133,0.19713374972343445,0.519768238067627,0.02114298525581664,0.0033355542786263955,0.02114298525581664,0.0033355542786263938,0.06202247902200298,0.04656332308960346,0.03345357448380837,0.02259376344324466,0.06588472140184412,0.0571894427477134,0.029343409238532844,0.04264775320691652,0.7999999999999999
chaosnli_snli,qwen,10,LP-temp,0,1024,1.0528438274894227,0.20396635688671935,0.42126486543127045,0.5340945125873473,0.4901098901098901,0.4901098901098901,1.0835898682438023,,0.0007605412055816333,,0.0007605412055816333,,0.048999149695108754,,0.016402078435767537,,0.05425603373655417,,0.01658311760030801,,0.39999999999999997
chaosnli_snli,qwen,10,GPP-cosine,1,16,1.5153265005696044,0.2353053221294026,0.40533025108895776,0.29348204816138557,0.5186813186813187,0.5186813186813187,0.5900765657424927,0.038561683148145676,0.07119511416982487,0.03938426629388958,0.07119511416982485,0.03938426629388957,0.04117658776135523,0.03419788653492086,0.06755313712249343,0.04230842724338539,0.041039078616444284,0.03909124903189896,0.07659786710732584,0.008348378221591972,0.39999999999999997
chaosnli_snli,qwen,10,GPP-rbf,1,16,1.1878629837308121,0.20339214717844717,0.3826492017370413,0.267864322587916,0.5362637362637362,0.5362637362637362,0.5359480977058411,0.2283007949590683,0.022264443422896518,0.055864778320765834,0.022264443422896532,0.05586477832076581,0.04799089653690692,0.07121075829832009,0.03229901752879377,0.06025806765964414,0.047997113686396704,0.06793213228808964,0.022654642234592005,0.04833170340544936,0.39999999999999997
chaosnli_snli,qwen,10,GPP-laplace,1,16,1.0697832785526116,0.21050113133565374,0.42853788853837893,0.540890587625702,0.5318681318681319,0.5318681318681319,0.7057029604911804,0.3849286437034607,0.045616377217161,0.03762961166367412,0.045616377217161,0.03762961166367414,0.059630367650720564,0.03473381383020417,0.051816437913125825,0.03720589406302855,0.061641032022210634,0.03216811331372423,0.04037402086585345,0.001945046001803074,1.0
chaosnli_snli,qwen,10,LPE,1,16,6.226353501972354,0.275849640135301,0.4300100109447817,0.27407402033147876,0.5362637362637362,0.5362637362637362,0.297137051820755,0.06715293228626251,-0.06546600129124425,-0.04653205843050655,-0.06546600129124422,-0.04653205843050655,-0.03367703352128319,-0.02924103029038336,-0.04938236920711135,-0.033191639133184674,-0.026828144808068072,-0.023959561513638043,-0.057863956048662485,-0.05788026296781957,-0.7999999999999999
chaosnli_snli,qwen,10,LP-temp,1,16,6.088918105448724,0.24935461593425326,0.4013564825910846,0.20826912599870634,0.5230769230769231,0.5230769230769231,0.5327516144552982,,-0.055333568285472534,,-0.05533356828547252,,-0.02454596816991102,,-0.03990436355601,,-0.01712538777976305,,-0.05540314002961364,,-0.7999999999999999
chaosnli_snli,qwen,10,GPP-cosine,1,64,1.7187004037194389,0.2990529280611528,0.4747613846454472,0.24625445601667104,0.3934065934065934,0.3934065934065934,0.5732665061950684,0.035012051463127136,-0.049715210141315885,-0.0420802730138773,-0.049715210141315885,-0.04208027301387729,-0.030881554232714978,-0.01828918344337058,-0.051027916380743554,-0.03939240877619077,-0.03135794984185328,-0.016669077017635273,-0.03435530262212111,-0.070666543758451,-0.39999999999999997
chaosnli_snli,qwen,10,GPP-rbf,1,64,1.1233901181312809,0.1968431064946511,0.38343038290820936,0.32637408138774415,0.5318681318681319,0.5318681318681319,0.6258320212364197,0.2088979035615921,-0.03230395766179198,0.027176480745314265,-0.03230395766179198,0.02717648074531426,-0.006314111527612645,0.048832065191300345,-0.028166312728473447,0.028911016224657186,-0.008102785443726482,0.042693494230365725,-0.01204450706569295,0.03158822227765326,-0.39999999999999997
chaosnli_snli,qwen,10,GPP-laplace,1,64,1.0415724827406099,0.19541029226288617,0.40467487525317697,0.502684411770296,0.5384615384615384,0.5384615384615384,0.6817847490310669,0.3699333369731903,0.047848249791339274,0.04562634425199049,0.04784824979133927,0.04562634425199047,0.06593190416706937,0.05402227595432038,0.052011895095225365,0.046608944827163275,0.06648892587225409,0.05144514324363855,0.052228004512800935,0.028204982444878856,1.0
chaosnli_snli,qwen,10,LPE,1,64,1.389181114038544,0.2307389722489165,0.4048881066159683,0.2733935284076988,0.5406593406593406,0.5406593406593406,0.49951252341270447,0.09400445222854614,-0.04168091460493107,-0.02085949759945707,-0.04168091460493107,-0.020859497599457037,-0.023064739871734963,-0.017281063368184656,-0.039656704378865454,-0.010066475555030442,-0.026976416506349354,-0.008859259254647806,-0.03159280859866619,-0.011165653301590216,-0.7999999999999999
chaosnli_snli,qwen,10,LP-temp,1,64,1.070811734445231,0.19694364017496988,0.39761934545828403,0.43228766351340314,0.5186813186813187,0.5186813186813187,0.9732852105189232,,-0.029782512024053454,,-0.029782512024053423,,-0.006724859532701213,,-0.027195205999159255,,-0.009481087747920914,,-0.014053952658385917,,-1.0
chaosnli_snli,qwen,10,GPP-cosine,1,256,1.1671032603373652,0.20994003699016128,0.41091509433192164,0.40960297076624164,0.4703296703296703,0.4703296703296703,0.8536670804023743,0.032301828265190125,-0.014298823147002994,-0.05224608230560077,-0.014298823147002981,-0.05224608230560075,-0.021414905173761795,-0.012168244350792317,-0.019686519915087373,-0.03821102874940534,-0.026769863882397042,-0.0077849261274322915,0.024679948854121354,-0.0733947110857495,-0.39999999999999997
chaosnli_snli,qwen,10,GPP-rbf,1,256,1.1598618939701195,0.20709799641839702,0.39898333280439396,0.3347590662402426,0.5054945054945055,0.5054945054945055,0.6492548584938049,0.1779664307832718,-0.053262901554332824,0.002558600833326652,-0.0532629015543328,0.0025586008333266554,-0.048587614603362306,3.834689954005169e-05,-0.06149605457080007,-0.00565895050124339,-0.058861819455317835,-0.014909237028306944,-0.05330094883421475,-0.008242383247070922,-0.39999999999999997
chaosnli_snli,qwen,10,GPP-laplace,1,256,1.0473962922396252,0.19110833708391722,0.39266677357993285,0.44679095444672035,0.5296703296703297,0.5296703296703297,0.6453526020050049,0.3473634719848633,0.022398466068671283,0.031386720757304046,0.022398466068671276,0.03138672075730403,0.034065410118583626,0.036231053694312135,0.02403496575529817,0.03356332872104904,0.03109041949363248,0.03202248555423469,0.021766998021881156,0.009877024494762765,0.39999999999999997
chaosnli_snli,qwen,10,LPE,1,256,1.3498598709358514,0.23141071520036327,0.4161092066030136,0.31893543188353174,0.4747252747252747,0.4747252747252747,0.42875251173973083,0.2960166931152344,-0.08159041506064113,-0.013665758740303562,-0.08159041506064109,-0.013665758740303546,-0.07094765757147273,-0.005379058157263891,-0.08547745366313829,-0.02293926436927736,-0.07682318309112406,-0.013282754374384089,-0.0647117155143849,-0.009813771484126104,-0.39999999999999997
chaosnli_snli,qwen,10,LP-temp,1,256,1.0679750386065994,0.20858328755726388,0.4249338821268827,0.5231193239079038,0.4703296703296703,0.4703296703296703,1.0723274619136218,,-0.04498393963695723,,-0.04498393963695723,,-0.03549597303005075,,-0.050470739199295137,,-0.039624329354121544,,-0.054758124938267386,,-0.39999999999999997
chaosnli_snli,qwen,10,GPP-cosine,1,1024,1.184449861607617,0.2117358446639431,0.4093494586055845,0.40592751756405654,0.4835164835164835,0.4835164835164835,0.86271733045578,0.014789585955440998,-0.0059664727988858884,-0.02187805136541423,-0.0059664727988859,-0.021878051365414257,-0.025174370216885414,0.007068753589338717,-0.013019091393382849,-0.009118250640684396,-0.027954412453513593,0.016154892858311613,0.026880682252395288,-0.05016377786356463,-0.39999999999999997
chaosnli_snli,qwen,10,GPP-rbf,1,1024,1.1125967422105771,0.20003812963189976,0.3941785535150832,0.355843269295839,0.5076923076923077,0.5076923076923077,0.5871121883392334,0.2841200828552246,0.05452396653514377,0.039117509156787064,0.054523966535143756,0.03911750915678704,0.06031321758134579,0.0515550771525294,0.06502241575040896,0.05676595213591039,0.06527828033190936,0.06153732917469442,0.02857252511494284,0.016459159535152982,0.7999999999999999
chaosnli_snli,qwen,10,GPP-laplace,1,1024,1.0468122011427288,0.18757503497054326,0.3852730758488178,0.41656749418842803,0.5296703296703297,0.5296703296703297,0.6252322793006897,0.33244842290878296,0.05927872205713247,0.05901535809081127,0.05927872205713246,0.059015358090811265,0.07693687304116928,0.07611357241029804,0.06602939510926063,0.0704620320941846,0.0827500618099152,0.08734345896322968,0.05442179473065251,0.05296328094963777,1.0
chaosnli_snli,qwen,10,LPE,1,1024,1.342156959387678,0.21977619648605257,0.40002239684678526,0.28610847367033687,0.4703296703296703,0.4703296703296703,0.19922193884849548,0.5115050673484802,0.006184075248209523,0.02653269760339369,0.0061840752482095335,0.0265326976033937,0.02769044392469245,0.06824913487577333,0.014728635138005826,0.042554454751477525,0.031857379401718594,0.07277960189764301,0.024804416510500044,0.06474923416822678,0.6000000000000001
chaosnli_snli,qwen,10,LP-temp,1,1024,1.0495247170240123,0.20222733979414548,0.41890709154229694,0.5295205666506874,0.4857142857142857,0.4857142857142857,1.0788989413817913,,-0.0016340003159634325,,-0.0016340003159634325,,0.04781229667735551,,0.01019344295457374,,0.05053069659925311,,0.021630172778328738,,0.39999999999999997
chaosnli_snli,qwen,10,GPP-cosine,2,16,1.3956500113915162,0.24426081793898385,0.42604843402507836,0.31581729789761903,0.48131868131868133,0.48131868131868133,0.6841160655021667,0.050304967910051346,0.005108975899099408,-0.05121494177378241,0.005108975899099401,-0.0512149417737824,0.0004175426649082551,-0.004802421328489917,0.011882003150392659,-0.02839258337736321,0.004086045912985319,0.0065893353470781665,0.038759381073690216,-0.04508143349330552,-0.19999999999999998
chaosnli_snli,qwen,10,GPP-rbf,2,16,1.2229518618933506,0.21814680267297196,0.39922912068828775,0.2543978640160651,0.5340659340659341,0.5340659340659341,0.5294528603553772,0.21085798740386963,0.010565078639304074,0.03571708626889559,0.010565078639304084,0.035717086268895595,0.03157991708997945,0.053853262393768885,0.013561134576153013,0.03792645167035629,0.026531993781200417,0.04840566252466987,0.011421276999158111,0.012989798785580214,0.39999999999999997
chaosnli_snli,qwen,10,GPP-laplace,2,16,1.0685196728974662,0.210039703921861,0.4272210345654697,0.5402463721961925,0.5340659340659341,0.5340659340659341,0.7052919268608093,0.38469254970550537,0.0079963325165456,-0.0005375514970569623,0.007996332516545586,-0.0005375514970569657,0.028634978138247315,-0.010941293108750062,0.014847102523527396,-0.005909121331808036,0.031907260836239695,-0.017112769852079632,0.021235876569022663,-0.014089624044042041,0.7999999999999999
chaosnli_snli,qwen,10,LPE,2,16,1.951217558022092,0.3045243138275633,0.4611504550360573,0.32747685045618324,0.5340659340659341,0.5340659340659341,0.2321658581495285,0.034760214388370514,-0.020162949668295113,-0.009118034187330183,-0.02016294966829513,-0.009118034187330194,0.009274232891856905,-0.0027190483703538534,-0.010199244178684765,-0.007347727363519584,0.010398164969426945,0.00034323434792587343,-0.009332908465700972,-0.001392712814259781,-0.39999999999999997
chaosnli_snli,qwen,10,LP-temp,2,16,1.1537021189018073,0.20722432935896645,0.3935838021204265,0.3039911032542418,0.5340659340659341,0.5340659340659341,0.8209724357246376,,-0.024308111640219628,,-0.02430811164021964,,0.007317516126211274,,-0.013380890081511443,,0.008476459362029197,,-0.01783964216004495,,-0.39999999999999997
chaosnli_snli,qwen,10,GPP-cosine,2,64,1.1634020923403308,0.21550691212706785,0.4114595137858907,0.4010973970019138,0.45714285714285713,0.45714285714285713,0.8443618416786194,0.051503200083971024,-0.03718680279924534,-0.045101846679696626,-0.037186802799245355,-0.04510184667969663,-0.025711204625001784,-0.005357343712252858,-0.023801736429504717,-0.025456266600520448,-0.019270491600080306,0.00302621351452834,0.003594847588398771,-0.06330842868223419,-0.19999999999999998
chaosnli_snli,qwen,10,GPP-rbf,2,64,1.0760198154249907,0.1989806425480392,0.3996631771981061,0.4301363181298009,0.5032967032967033,0.5032967032967033,0.7213099598884583,0.2469933032989502,-0.021318083295684083,0.05663968996964614,-0.021318083295684086,0.056639689969646134,0.02376219280602481,0.09054920365425492,0.007515206526687966,0.07589647880456496,0.038091930268838364,0.0949554924625591,-0.005550276511383895,0.059228641345621016,0.19999999999999998
chaosnli_snli,qwen,10,GPP-laplace,2,64,1.0543621905174525,0.2033957996844879,0.4179307570824256,0.5291180631838474,0.5318681318681319,0.5318681318681319,0.6990317106246948,0.37975791096687317,0.007042385041952294,0.007383115603120972,0.007042385041952301,0.007383115603120975,0.03637632889179379,0.015045223137410225,0.02121295015885323,0.013365265898227318,0.04295161209630598,0.014934071642133971,0.03280729188245128,0.01076192965464645,0.39999999999999997
chaosnli_snli,qwen,10,LPE,2,64,1.2158718270524067,0.2200732408718491,0.40911826684937946,0.33152294026296786,0.4879120879120879,0.4879120879120879,0.664168119430542,0.13210991024971008,0.00912920233352886,-0.014358255511545976,0.009129202333528867,-0.014358255511545969,0.05101319353741296,-0.011351852799155484,0.03539549978183489,-0.01298855417307992,0.062185054799206295,-0.011806208301551666,0.020424543642054732,-0.022479661348168128,0.19999999999999998
chaosnli_snli,qwen,10,LP-temp,2,64,1.0765656319011643,0.2110046735974682,0.4253920238681497,0.5170835677814507,0.44175824175824174,0.44175824175824174,1.0658202937634476,,0.010853655524666744,,0.010853655524666748,,0.0501334564927111,,0.03516626840370969,,0.06603272425863975,,0.06332428970907057,,0.39999999999999997
chaosnli_snli,qwen,10,GPP-cosine,2,256,1.2160528802704322,0.22848818567023665,0.4260114402032731,0.37532967709941006,0.4,0.4,0.8361953496932983,0.03291258588433266,0.01994409150971642,-0.011935530376787493,0.019944091509716433,-0.01193553037678748,-0.028405497262362297,-0.00501499145952496,-0.0025597047408077236,-0.011147677305662865,-0.04151547831666286,-0.0056859208221840644,0.033638052974821205,-0.04673677688445851,-0.19999999999999998
chaosnli_snli,qwen,10,GPP-rbf,2,256,1.1520422493000555,0.20814174343246286,0.3991322573325546,0.34910269693900436,0.4879120879120879,0.4879120879120879,0.6676310896873474,0.1833420991897583,0.0006793838548210737,0.06710904143485805,0.0006793838548210737,0.06710904143485803,0.027497574098440843,0.07514222457811708,0.016720695701751505,0.07869912362523465,0.03607102062312583,0.0771142989851328,0.016214555747796705,0.07169572693353311,0.0
chaosnli_snli,qwen,10,GPP-laplace,2,256,1.0406140088330131,0.1934874862136079,0.40061267013405705,0.48875366945499754,0.5340659340659341,0.5340659340659341,0.6738955974578857,0.36298051476478577,0.034453161695085804,0.0490398610198773,0.034453161695085804,0.04903986101987727,0.051015305607056693,0.04924134479561223,0.04383178487472765,0.056242548075226,0.05338322459563313,0.04900641440907143,0.0475244138195263,0.026838832927929233,1.0
chaosnli_snli,qwen,10,LPE,2,256,1.3592344059834196,0.23749090733554581,0.4220299331942502,0.30610718945816484,0.46373626373626375,0.46373626373626375,0.439166784286499,0.2771804928779602,-0.008231756987100457,-0.003597462997633135,-0.008231756987100464,-0.0035974629976331385,0.0124403214264397,0.020865068141809297,0.005094632742619461,0.0014880349238360867,0.016927848241324685,0.02298480516997371,-0.00022058930094134746,0.008921349853693451,0.0
chaosnli_snli,qwen,10,LP-temp,2,256,1.077837085034261,0.20900647042131126,0.4219235479921894,0.5012248819769259,0.44175824175824174,0.44175824175824174,1.0493765039943388,,0.0017704355116611795,,0.0017704355116612003,,0.032189128933497256,,0.01610408567863881,,0.03850459383448114,,0.029543614890527835,,0.6000000000000001
chaosnli_snli,qwen,10,GPP-cosine,2,1024,1.1869222788893135,0.21100673933314582,0.4086526615267228,0.4049680461840698,0.4725274725274725,0.4725274725274725,0.8589465618133545,0.014638809487223625,-0.014140143207083103,-0.02458463371093049,-0.014140143207083107,-0.02458463371093049,-0.0389388288371639,-0.0034389132480199605,-0.02418216628039479,-0.01584761984644921,-0.04382621449148927,0.002578800941329718,0.020830878944019752,-0.05461397432087487,-0.39999999999999997
chaosnli_snli,qwen,10,GPP-rbf,2,1024,1.1182974396930663,0.20141511511237872,0.3958175815027821,0.3530483388161645,0.5054945054945055,0.5054945054945055,0.5846730470657349,0.2828003168106079,0.055271234949593705,0.0416312860611714,0.0552712349495937,0.04163128606117139,0.05886289989785627,0.053242442840728085,0.06118163698952622,0.05559832305671703,0.06191433082167285,0.061457981360565475,0.03249051723804432,0.02281892170531904,0.7999999999999999
chaosnli_snli,qwen,10,GPP-laplace,2,1024,1.0481880191379596,0.1878978563853268,0.3856655669736338,0.4153605076633833,0.5318681318681319,0.5318681318681319,0.624161958694458,0.3318707346916199,0.048188930979685074,0.04993211048199832,0.04818893097968509,0.049932110481998325,0.06051339665570627,0.06270505041618438,0.051178389196029656,0.05784696191483162,0.06516981138900663,0.07264179709082814,0.03935942473954857,0.0394422970122961,1.0
chaosnli_snli,qwen,10,LPE,2,1024,1.3273137387362948,0.21604900721820317,0.393008303227781,0.28428362203496216,0.5010989010989011,0.5010989010989011,0.1990891993045807,0.517346203327179,0.02681805228329362,0.06940081230887607,0.02681805228329363,0.06940081230887607,0.050355831777169846,0.1051134722215436,0.03099881292850632,0.08245777445575173,0.0504805145480282,0.10794051564533849,0.05495100521642227,0.09533560010016665,0.7999999999999999
chaosnli_snli,qwen,10,LP-temp,2,1024,1.0547749728365434,0.20496308547192843,0.422831097821898,0.5360483643763411,0.5098901098901099,0.5098901098901099,1.0855540052625978,,-0.0037675228167573646,,-0.0037675228167573446,,0.04792167952306404,,0.011547222250923087,,0.054343951681295424,,0.01913253879337054,,0.39999999999999997
chaosnli_snli,qwen,10,GPP-cosine,3,16,1.6302765218845943,0.33291722390766476,0.5293535971107054,0.36490437623261507,0.3054945054945055,0.3054945054945055,0.8025007247924805,0.07144597917795181,0.04962720865767206,0.021366629651616273,0.049627208657672034,0.021366629651616273,0.0025677687436432457,0.047338865555218365,0.0247289574134504,0.031102843825764313,-0.01159541396898126,0.051433263560979436,0.020432123811506657,-0.017757215779618123,0.39999999999999997
chaosnli_snli,qwen,10,GPP-rbf,3,16,1.191189464684895,0.25077936263668155,0.47272451337795335,0.5032169169685645,0.27472527472527475,0.27472527472527475,0.7464177012443542,0.30362483859062195,-0.029264496946785838,0.05174587045369172,-0.02926449694678582,0.051745870453691695,-0.029990806793024287,0.050765341342756815,-0.02353218708124554,0.05302989999230706,-0.027961543315133692,0.045517533851495096,0.0018631929115028628,0.06694238739704879,0.0
chaosnli_snli,qwen,10,GPP-laplace,3,16,1.1050577907559735,0.22486519069002536,0.4473035544812024,0.547595576679281,0.27912087912087913,0.27912087912087913,0.7100265622138977,0.38731011748313904,0.0016788140708595828,-0.018665226399505408,0.0016788140708595932,-0.018665226399505415,0.01497199369166328,-0.040526650900258254,0.009485985858185823,-0.02531284006600209,0.018648797970520027,-0.04598593342072892,0.023359852789232968,-0.011326684489004493,0.6000000000000001
chaosnli_snli,qwen,10,LPE,3,16,1.3219590879925047,0.2815940830972714,0.4969239487466249,0.4093043200653031,0.27912087912087913,0.27912087912087913,0.7804237008094788,0.1645725518465042,-0.003468905712615329,-0.005211575528937416,-0.003468905712615317,-0.005211575528937404,-0.005119876649579618,0.0045930644208497864,-0.004446524192414781,-0.0055986025549477365,-0.008815795978370409,0.008696557258795546,0.03192423399075336,-0.030312205853611378,1.0
chaosnli_snli,qwen,10,LP-temp,3,16,1.1718318788708912,0.2448596375828324,0.46661880845978004,0.5100598356875136,0.27472527472527475,0.27472527472527475,1.0582833879897662,,-0.012914917962406288,,-0.012914917962406292,,-0.024376382577282436,,-0.01612864150522798,,-0.029027461315026655,,0.02488009080721339,,1.0
chaosnli_snli,qwen,10,GPP-cosine,3,64,1.2482950214393995,0.23153456282886284,0.4283462827687489,0.34482891106781427,0.4307692307692308,0.4307692307692308,0.7711155414581299,0.04656422510743141,-0.02241283014859802,-0.01730236838765169,-0.02241283014859801,-0.017302368387651697,-0.054983250409114746,0.005559697524842654,-0.03644699287358747,-0.008685475563893904,-0.06272509680417865,0.008679162563066155,-0.026904378244295424,-0.06795660132993592,-0.39999999999999997
chaosnli_snli,qwen,10,GPP-rbf,3,64,1.085454239399577,0.1989260089707818,0.40070611998275085,0.4108500317907512,0.4835164835164835,0.4835164835164835,0.7076464295387268,0.24111700057983398,-0.01586586779840586,0.06243478825294201,-0.015865867798405868,0.062434788252942,-0.0216272536313588,0.05980015356381527,-0.01485929738629893,0.059733034369858565,-0.021756501324405042,0.05292307204195434,-0.020506778925772687,0.05043660026493101,-0.39999999999999997
chaosnli_snli,qwen,10,GPP-laplace,3,64,1.0519019738811608,0.20260988237814548,0.41786060406939013,0.5292542980164391,0.5340659340659341,0.5340659340659341,0.6990895867347717,0.3798556625843048,0.01815146009942578,0.0204160465067797,0.018151460099425767,0.020416046506779684,0.021998476448884564,-1.350166133941462e-05,0.021857948569901302,0.013776519333698847,0.02124399583182801,-0.007610727464815489,0.03875708791318375,0.025508416785984818,0.7999999999999999
chaosnli_snli,qwen,10,LPE,3,64,1.2643491361052042,0.22510087651706906,0.4174430011991657,0.3157368234081662,0.47912087912087914,0.47912087912087914,0.6264038681983948,0.13233281672000885,-0.002368827385992898,-0.06313792972653304,-0.00236882738599291,-0.06313792972653301,-0.004758038045570143,-0.04573101704683885,-0.002913544390842392,-0.054779893021353096,-0.006729015861614809,-0.039093376825435636,0.0013582517077598475,-0.05813741543905844,0.6000000000000001
chaosnli_snli,qwen,10,LP-temp,3,64,1.071242003799519,0.20829662774705995,0.42529542337827786,0.5198746994032686,0.44175824175824174,0.44175824175824174,1.0693357654797637,,-0.005641520931302921,,-0.005641520931302928,,-0.010770682712453012,,-0.0070176834875271404,,-0.01481950012955957,,-0.003057738438662288,,-0.39999999999999997
chaosnli_snli,qwen,10,GPP-cosine,3,256,1.1632514509591667,0.19754303979434604,0.3916458413330454,0.385961878407802,0.5098901098901099,0.5098901098901099,0.8144788146018982,0.027235044166445732,0.006158502656153367,-0.040655795604603404,0.006158502656153371,-0.04065579560460339,-0.02969357987653872,-0.03389412546226765,-0.01217135115885147,-0.04088328650667822,-0.038908057921986844,-0.03248324988088602,0.03565533353257794,-0.06275845235410032,-0.39999999999999997
chaosnli_snli,qwen,10,GPP-rbf,3,256,1.1581384363210854,0.19871637326815486,0.38577126823263347,0.30881509726071305,0.5516483516483517,0.5516483516483517,0.5966160893440247,0.16351895034313202,-0.00879920905619509,0.020743020616936808,-0.008799209056195079,0.0207430206169368,0.008754723493284475,0.04369138409209285,0.0008552951288473137,0.03154089533652004,0.01312826839986421,0.047135123100430804,0.01279666371181349,0.031848878188554794,0.0
chaosnli_snli,qwen,10,GPP-laplace,3,256,1.0470675427161698,0.18858814358418116,0.38669341070229535,0.42910397255716853,0.5362637362637362,0.5362637362637362,0.6312479972839355,0.3397442102432251,0.009623532297206333,-0.00014488048192784486,0.009623532297206347,-0.00014488048192785874,0.03643257583106741,0.02739975337087454,0.02088956023162991,0.013419843629124836,0.04659668811859457,0.04081222814504619,0.04905624503784496,0.028605266351062926,1.0
chaosnli_snli,qwen,10,LPE,3,256,1.372150221936077,0.22522298208372787,0.4071573518295686,0.3154154762717797,0.512087912087912,0.512087912087912,0.38728564977645874,0.2462945282459259,-0.02651052432064775,0.017477630523214382,-0.026510524320647738,0.01747763052321439,-0.029749235350171786,0.020815467855200782,-0.024425072595056302,0.014865876576747927,-0.0284556878016271,0.013910838066502965,-0.014353082706673693,0.035116058620140896,0.0
chaosnli_snli,qwen,10,LP-temp,3,256,1.0510684713388772,0.19749200620172436,0.40978097237353783,0.47859576288339495,0.45714285714285713,0.45714285714285713,1.0259543293267557,,-0.008211637828610657,,-0.008211637828610643,,0.00042316420803831245,,-0.0049900081514050385,,-0.00022458444873241223,,-0.018213682118210582,,0.0
chaosnli_snli,qwen,10,GPP-cosine,3,1024,1.1761715781037272,0.20830131638521238,0.4054204303019515,0.4065655590211926,0.4703296703296703,0.4703296703296703,0.8634912967681885,0.014868789352476597,-0.022813558140101442,-0.025475240213265728,-0.02281355814010144,-0.025475240213265735,-0.04299788688352703,0.0028979243616487696,-0.02928767051367928,-0.012961967759352301,-0.044898915664144466,0.011674416410462872,0.006903941898130813,-0.05385876184273389,-0.39999999999999997
chaosnli_snli,qwen,10,GPP-rbf,3,1024,1.1139776355442328,0.20083486945075732,0.3960293280206375,0.3611978457884226,0.4967032967032967,0.4967032967032967,0.5909366011619568,0.2855750024318695,0.05450512326005218,0.03600383692704854,0.05450512326005216,0.03600383692704854,0.05380023701966874,0.043980792759062325,0.060109022564676734,0.049656861403626434,0.05589177101838837,0.05174205876355253,0.025736331460766263,0.014847482214847505,0.7999999999999999
chaosnli_snli,qwen,10,GPP-laplace,3,1024,1.046393743201308,0.18793000908183682,0.3864311745615451,0.42134905767155545,0.5296703296703297,0.5296703296703297,0.6287928223609924,0.33426785469055176,0.05534869540346405,0.053184059602251345,0.05534869540346406,0.053184059602251345,0.06451836282449247,0.06302816990315081,0.057828498385248304,0.06086085551628967,0.06818269660533623,0.07241064555628093,0.04459432798239057,0.03858134263992439,1.0
chaosnli_snli,qwen,10,LPE,3,1024,1.320723526550658,0.21607968869255478,0.39819687243976676,0.2895160909518372,0.4747252747252747,0.4747252747252747,0.20139019191265106,0.5165720582008362,-0.03614398748612324,0.03549878271566223,-0.03614398748612323,0.035498782715662244,-0.014981377146303952,0.08489385564437792,-0.03329148388029577,0.055602203857706825,-0.01719027757038183,0.08966885497461871,-0.03591770931385931,0.07589170106914052,0.39999999999999997
chaosnli_snli,qwen,10,LP-temp,3,1024,1.0529950072409962,0.20405646667206725,0.42173906238240944,0.5348175627160126,0.4703296703296703,0.4703296703296703,1.084305147122607,,-0.0036651050627612616,,-0.003665105062761251,,0.038303724066816064,,0.009708053417140476,,0.04166554016862829,,0.0061326755811230635,,0.39999999999999997
chaosnli_snli,qwen,10,GPP-cosine,4,16,2.633665345872136,0.40590162747147945,0.5556952683404753,0.2904931683323239,0.33406593406593404,0.33406593406593404,0.37043866515159607,0.039409223943948746,0.0329862235789658,0.007549699429489208,0.0329862235789658,0.007549699429489196,0.07864115555899444,0.04252282049970545,0.06308865587884245,0.023476872042300267,0.09221205000525465,0.04931413578914276,0.04341666266451485,0.011504977357644088,0.7999999999999999
chaosnli_snli,qwen,10,GPP-rbf,4,16,1.064963694412426,0.19042298994796297,0.3857815073045728,0.3965955541141171,0.5362637362637362,0.5362637362637362,0.672378420829773,0.26438188552856445,-0.027084157418529084,0.06407408686105842,-0.027084157418529084,0.06407408686105842,-0.045729274019236765,0.05296065872685756,-0.03690362388806821,0.056402243465818416,-0.05455666836741353,0.04347373296277655,-0.023929257282768835,0.045967740029054266,-0.6000000000000001
chaosnli_snli,qwen,10,GPP-laplace,4,16,1.0723358157215666,0.2120322397517171,0.43083938013066303,0.5444295149061315,0.5340659340659341,0.5340659340659341,0.7080549001693726,0.3861156105995178,0.010156118717124935,0.001829153568910405,0.010156118717124935,0.0018291535689104015,0.028951928274052553,-0.01487587268891821,0.01795401312767772,-0.005279506226677645,0.03340340387641133,-0.020611793418170037,0.023909161801828345,-0.006999044360246156,0.7999999999999999
chaosnli_snli,qwen,10,LPE,4,16,1.1996540188259828,0.20769258154081938,0.3902503479497282,0.2819081012762706,0.5186813186813187,0.5186813186813187,0.638501763343811,0.12043314427137375,-0.019065797196039142,-0.04603146286863419,-0.019065797196039132,-0.04603146286863419,-0.05052588652891905,-0.05022117275994256,-0.03310916833495762,-0.05228768323277192,-0.06185628761446586,-0.05794429351807455,-0.014315691450637722,-0.0434210578888189,-0.39999999999999997
chaosnli_snli,qwen,10,LP-temp,4,16,1.0457407564136716,0.19476332495568982,0.40296325493407514,0.4829460849456273,0.5164835164835165,0.5164835164835165,1.0314783518612012,,-0.030612070611584902,,-0.030612070611584906,,-0.06422409413996304,,-0.04606778702431145,,-0.07492813599168585,,-0.023921294919899166,,-0.7999999999999999
chaosnli_snli,qwen,10,GPP-cosine,4,64,1.3237759335779222,0.23650020442474423,0.4262541083424996,0.3644311231577229,0.4967032967032967,0.4967032967032967,0.7258594036102295,0.036368098109960556,-0.017065596326589674,-0.06871329820634717,-0.017065596326589664,-0.06871329820634715,-0.024842771605802172,-0.053556128737257604,-0.008438730552216066,-0.057483514746114454,-0.015773152072461605,-0.04201405064353121,0.02767252331505826,-0.08224401046766058,-0.19999999999999998
chaosnli_snli,qwen,10,GPP-rbf,4,64,1.211612800195857,0.21443150319605836,0.3964656132897669,0.27138613024089325,0.5340659340659341,0.5340659340659341,0.5499343872070312,0.18339161574840546,-0.03810927284542806,0.011007215757303922,-0.03810927284542807,0.011007215757303918,-0.005189351907320832,0.03865249429960935,-0.026275196287802352,0.020156279705471743,-0.0015169595516401286,0.038712905813864905,-0.029651138638719866,0.009470052203768176,0.7999999999999999
chaosnli_snli,qwen,10,GPP-laplace,4,64,1.0475490403836558,0.1959677969892275,0.40348710907357077,0.4898275451241632,0.5318681318681319,0.5318681318681319,0.6731549501419067,0.3651480972766876,0.027484656871995944,0.028949242065339244,0.027484656871995933,0.02894924206533923,0.05042967952430174,0.04372293283100165,0.036427946160784874,0.03523539734722214,0.05343182620624215,0.044020162303971086,0.0433514349878865,0.017852573037345294,1.0
chaosnli_snli,qwen,10,LPE,4,64,1.5733049411936133,0.2598680967235613,0.42952926228664673,0.2941294229004871,0.5340659340659341,0.5340659340659341,0.39979788661003113,0.07897628098726273,-0.0729196660758417,-0.029156230839219414,-0.07291966607584169,-0.029156230839219418,-0.04517033026368178,1.864554615794642e-05,-0.06270566478060033,-0.016053591779208558,-0.04195721018592197,0.0031110904133218355,-0.06436149894592533,-0.047332361627109854,-1.0
chaosnli_snli,qwen,10,LP-temp,4,64,1.1024869497861494,0.20176441670791612,0.39780675205430704,0.39028305794742996,0.5032967032967033,0.5032967032967033,0.9168678201881594,,-0.024559719850973175,,-0.024559719850973185,,0.004672209141616173,,-0.01489988040161066,,0.006087600196171044,,-0.029651202337622824,,0.6000000000000001
chaosnli_snli,qwen,10,GPP-cosine,4,256,1.2832839159586524,0.22599484615335186,0.4138169234362767,0.3694478957632083,0.48131868131868133,0.48131868131868133,0.7863507866859436,0.02688022516667843,0.008655844401417952,0.002401772217753277,0.00865584440141794,0.002401772217753298,-0.016069503997348848,0.023828417914622854,0.003919656854597314,0.011449052799448238,-0.019371837925193584,0.026206659961005192,0.01364112006831925,-0.049709413588769756,-0.19999999999999998
chaosnli_snli,qwen,10,GPP-rbf,4,256,1.191208162800244,0.2149163633485359,0.4026629423149503,0.33414652656336924,0.512087912087912,0.512087912087912,0.6351205110549927,0.17616838216781616,0.0023812016414968967,0.06655720304895373,0.002381201641496895,0.06655720304895371,0.02682837867098963,0.09027205284917864,0.01149606466693278,0.07374734149836748,0.029968394903730933,0.08953487301189895,0.012476130832132042,0.06555483419392856,0.7999999999999999
chaosnli_snli,qwen,10,GPP-laplace,4,256,1.0554544118380351,0.19339765371710058,0.39353902341572794,0.44402895318446167,0.5340659340659341,0.5340659340659341,0.6434016823768616,0.3464779257774353,0.0645974122196359,0.0768129028431283,0.06459741221963586,0.07681290284312829,0.06217048452391161,0.07062547933475524,0.06108815615508652,0.07300816237937563,0.05907601657988396,0.06682123627276812,0.06709450037731098,0.05673788684218222,0.7999999999999999
chaosnli_snli,qwen,10,LPE,4,256,1.434956024636764,0.25007584403200883,0.4313837508405753,0.317818240863337,0.4593406593406593,0.4593406593406593,0.43172112107276917,0.2597046494483948,0.024026000756165244,0.04327045211693206,0.024026000756165233,0.04327045211693206,0.04662192178601781,0.04897044481326225,0.036060639194729315,0.04964257431690765,0.054265683034969266,0.050542283323861334,0.03616371447708064,0.07762724137911683,0.7999999999999999
chaosnli_snli,qwen,10,LP-temp,4,256,1.0824831576265166,0.20959053762668414,0.41932418691587714,0.4890727849648642,0.45054945054945056,0.45054945054945056,1.0355831633824006,,0.0031188011591204087,,0.0031188011591204087,,0.002296889222630818,,0.00407279317504763,,0.0020764553473497796,,0.002150411264937612,,0.6000000000000001
chaosnli_snli,qwen,10,GPP-cosine,4,1024,1.1796457957332298,0.21035240429861815,0.40809455240560455,0.40244403000106443,0.4857142857142857,0.4857142857142857,0.8626164197921753,0.015015133656561375,-0.018690146051951836,-0.030142718191893902,-0.018690146051951843,-0.030142718191893913,-0.038280274003938915,-0.00035193132954062373,-0.026988205806484103,-0.018582507653635998,-0.04224638356194349,0.006658451939199998,0.011810286199518726,-0.053156352324501534,-0.39999999999999997
chaosnli_snli,qwen,10,GPP-rbf,4,1024,1.1211686035878485,0.20225804052049007,0.39668116885964033,0.35250541822343734,0.5032967032967033,0.5032967032967033,0.583405077457428,0.28199824690818787,0.03989925976496502,0.02442820887644593,0.03989925976496503,0.02442820887644592,0.045174252822054235,0.03684194878978637,0.04744103782918431,0.03955100577218097,0.04910594809827018,0.045687379986927214,0.016180731630326347,0.007929494235744355,0.7999999999999999
chaosnli_snli,qwen,10,GPP-laplace,4,1024,1.04976003202124,0.18827899259797276,0.38570809928434235,0.4135631323887491,0.5296703296703297,0.5296703296703297,0.6229929327964783,0.33118441700935364,0.0554689925848256,0.05313380067537117,0.05546899258482558,0.05313380067537118,0.06931372599276436,0.06731554832143352,0.059371862085398096,0.0619071396015483,0.0743835940115892,0.07764584408739952,0.05295035007233743,0.04628540645810264,1.0
chaosnli_snli,qwen,10,LPE,4,1024,1.3590923339089571,0.22067535445340916,0.40175025370237283,0.28733123973053676,0.46373626373626375,0.46373626373626375,0.1969631314277649,0.5125998258590698,0.029505528561018235,0.019111115697126535,0.029505528561018235,0.01911111569712655,0.08264644501720247,0.06736923794066843,0.05040370861977089,0.042167602756005326,0.08895370244718898,0.07792923461931744,0.05507496328157731,0.04082246114267329,0.7999999999999999
chaosnli_snli,qwen,10,LP-temp,4,1024,1.0513043883221536,0.20323052061670524,0.42059780220787746,0.5320960608702417,0.4703296703296703,0.4703296703296703,1.0814971591716427,,-0.005885177281239617,,-0.005885177281239617,,0.04172752025781789,,0.010262402877775226,,0.04973985679708832,,0.011432806500593395,,0.39999999999999997
chaosnli_snli,qwen,19,GPP-cosine,0,64,1.402594024047484,0.25525760237370615,0.44812639196329607,0.3060189967178111,0.41318681318681316,0.41318681318681316,0.6632770895957947,0.060735613107681274,-0.03160325196464448,-0.04284303039298293,-0.031603251964644474,-0.042843030392982914,-0.08418028603233801,-0.03596157307659589,-0.06546293753558025,-0.04833929110041586,-0.0980534523067439,-0.03774747821251351,-0.057031920978233404,-0.05803779035483312,-1.0
chaosnli_snli,qwen,19,GPP-rbf,0,64,1.0679427899336018,0.18620092294802287,0.3764659876065267,0.3537714781306758,0.5318681318681319,0.5318681318681319,0.6608574390411377,0.21627336740493774,-0.021434908858087205,0.05024655081002087,-0.02143490885808723,0.05024655081002085,-0.020230305875941153,0.052538111651344754,-0.025155670414541025,0.04335952832478969,-0.019926326367893113,0.04462714332176203,-0.050965237460574166,0.03752018261555768,-1.0
chaosnli_snli,qwen,19,GPP-laplace,0,64,1.038832332376329,0.1962539673973919,0.4080595654936937,0.5166922294502133,0.5362637362637362,0.5362637362637362,0.6910572052001953,0.37508493661880493,0.023742331398903065,0.02763870299526109,0.023742331398903062,0.027638702995261073,0.03721724566898859,0.018965332152450685,0.02269156810955532,0.01882740513305172,0.033575733567837385,0.009695661076828632,0.028881401095383095,0.01909320532888458,0.19999999999999998
chaosnli_snli,qwen,19,LPE,0,64,1.264357940284163,0.21479483080314582,0.39415257932249825,0.28289315701508005,0.5274725274725275,0.5274725274725275,0.5535442233085632,0.11319583654403687,-0.0011727240221890561,-0.0026128852042475656,-0.0011727240221890353,-0.0026128852042475656,0.0030261869741959463,0.002867362439730535,-0.0007866227054554656,0.00370206121991231,0.004639524277045948,0.008469321054474115,-0.02972178072209958,-0.00753201308129041,-0.7999999999999999
chaosnli_snli,qwen,19,LP-temp,0,64,1.0378588039726668,0.1944675540071596,0.4010968204751559,0.4957134079764807,0.512087912087912,0.512087912087912,1.0447424098319045,,0.0199367073409732,,0.019936707340973206,,0.03153087875826622,,0.021900857262461604,,0.032600171694423204,,-0.02722542071520053,,-1.0
chaosnli_snli,qwen,19,GPP-cosine,0,256,1.182403626190202,0.20816957421220583,0.3976134746875147,0.3541023270239356,0.5076923076923077,0.5076923076923077,0.7896665334701538,0.04165227338671684,0.0627119566009179,0.014686220957843093,0.0627119566009179,0.0146862209578431,0.04486359322845787,0.04442939626615654,0.052309637813457585,0.021391377001174102,0.037119848960536564,0.04541017958983435,0.07551651453072165,-0.030490499082989037,0.6000000000000001
chaosnli_snli,qwen,19,GPP-rbf,0,256,1.081890881039038,0.19081018759380075,0.38179412534521834,0.3554949514123073,0.5010989010989011,0.5010989010989011,0.6816131472587585,0.18504416942596436,-0.003912153224950495,0.034046492005145375,-0.003912153224950473,0.03404649200514537,0.01613363356289734,0.047560882304149794,0.007204057684460014,0.03950751058762887,0.024209467619573845,0.04615123079528284,-0.013688957944440229,0.04588359377824759,-0.19999999999999998
chaosnli_snli,qwen,19,GPP-laplace,0,256,1.0306020265433358,0.1920759707529514,0.40156807974799646,0.5052918140603543,0.5296703296703297,0.5296703296703297,0.6851524710655212,0.36914828419685364,0.03269892757366062,0.03054778542982115,0.03269892757366061,0.030547785429821114,0.03848859307757828,0.02144436392634545,0.03301136961602794,0.028918000653807275,0.03657005861335721,0.016133386269258733,0.0488277570729369,0.02057200660240103,1.0
chaosnli_snli,qwen,19,LPE,0,256,1.252439919383859,0.21875049456908452,0.4027916404742228,0.3069978723934103,0.47912087912087914,0.47912087912087914,0.4519120156764984,0.2782425284385681,-0.01362718273400415,0.03122431268752305,-0.013627182734004137,0.03122431268752304,-0.002168193578125664,0.06605741789228765,-0.00726461244056734,0.04060149038624303,0.004775087945261058,0.0719665512575573,-0.025653331790212817,0.04339067351210824,-0.7999999999999999
chaosnli_snli,qwen,19,LP-temp,0,256,1.0551258158170804,0.2036443174065424,0.41725830411310777,0.5205693676785743,0.46153846153846156,0.46153846153846156,1.069678510463578,,0.014990806692242786,,0.014990806692242783,,0.030027227520186526,,0.01681785255943055,,0.03358558770952451,,0.00829525333652553,,0.19999999999999998
chaosnli_snli,qwen,19,GPP-cosine,0,1024,1.1076150775336586,0.18098505233646256,0.36603242451667106,0.3595425454733054,0.5428571428571428,0.5428571428571428,0.7915106415748596,0.016635389998555183,0.020075652986244835,-0.027356077603635585,0.02007565298624481,-0.0273560776036356,0.007682933308053851,0.012761111667544588,0.015637833326856566,-0.014081366413048704,0.00726980764745825,0.022193283148265755,0.06036197222703842,-0.04864239326533098,0.0
chaosnli_snli,qwen,19,GPP-rbf,0,1024,1.0777983903733572,0.18861240891173328,0.37928666475300604,0.33832389678107444,0.5032967032967033,0.5032967032967033,0.5702241659164429,0.2746351957321167,0.05242792665310172,0.042014775760765594,0.052427926653101684,0.042014775760765594,0.058441676656831955,0.05614689435340291,0.05738482011063712,0.055864046018788596,0.058435274803034704,0.06196041628938913,0.04400887136530945,0.03446282637031314,0.7999999999999999
chaosnli_snli,qwen,19,GPP-laplace,0,1024,1.034785034628749,0.18272060997892897,0.37828580468565554,0.4035102976902026,0.5296703296703297,0.5296703296703297,0.6158105134963989,0.32706013321876526,0.03439860168885475,0.03385377147736949,0.03439860168885474,0.03385377147736948,0.04956518470812156,0.04927826979804304,0.03665362834115847,0.04148703557890415,0.05105257015914419,0.0568270977477942,0.031075063915428757,0.034744566618093546,1.0
chaosnli_snli,qwen,19,LPE,0,1024,1.1253223390754954,0.1692774989904088,0.3451629004656777,0.27321058104476925,0.5494505494505495,0.5494505494505495,0.19967515766620636,0.4649237394332886,0.050608800026220785,0.13807423488552684,0.050608800026220785,0.13807423488552684,0.06407312119116995,0.14830057782567624,0.05829429149306067,0.1450169153597703,0.06769306076750418,0.15050689244146148,0.07914811638612682,0.16394237613258836,0.6000000000000001
chaosnli_snli,qwen,19,LP-temp,0,1024,1.001854970485349,0.18343894486866363,0.39461659984815606,0.5132350347024591,0.5494505494505495,0.5494505494505495,1.0623694121480585,,0.050610155654657166,,0.050610155654657187,,0.04009335369805722,,0.040765534036880505,,0.03417860204242616,,0.10717741725664928,,0.6000000000000001
chaosnli_snli,qwen,19,GPP-cosine,1,16,1.438122496786754,0.23708565816365965,0.41238927517684654,0.2968228005713213,0.5054945054945055,0.5054945054945055,0.5753156542778015,0.05980749800801277,0.052871331195347836,-0.014361611283299668,0.052871331195347815,-0.01436161128329966,0.0241878286057782,-0.013909173699656833,0.049727850454218736,-0.011116891738463835,0.025719107374278596,-0.006820443136175726,0.06317988429606625,-0.03247522950133455,0.39999999999999997
chaosnli_snli,qwen,19,GPP-rbf,1,16,1.2146676142264952,0.20599863012540925,0.38307961294693604,0.2468148552090276,0.5362637362637362,0.5362637362637362,0.5088235139846802,0.20948007702827454,-0.006872029130206337,0.03398648758626491,-0.00687202913020633,0.03398648758626489,0.007711719674573594,0.04189353903009509,-0.00035009282641466216,0.03549415817704393,0.007543610966888815,0.03760573971636121,-0.007438821586263789,0.025649255060423544,0.7999999999999999
chaosnli_snli,qwen,19,GPP-laplace,1,16,1.0656467114730337,0.20880846422163235,0.42637160219006487,0.5395652598986526,0.5362637362637362,0.5362637362637362,0.7048832774162292,0.3844195306301117,0.04507924957342108,0.037712122174692435,0.04507924957342108,0.03771212217469243,0.05883793058163236,0.03547324178001048,0.051084556589569646,0.037617030126721504,0.0603818960357151,0.032840771012143825,0.03582945562492679,0.0017193608981433172,1.0
chaosnli_snli,qwen,19,LPE,1,16,6.30501356097507,0.28865973577188836,0.4419435831185963,0.31775282737426436,0.5362637362637362,0.5362637362637362,0.24907593429088593,0.037399932742118835,-0.09532884320470161,-0.10007945585480862,-0.0953288432047016,-0.10007945585480861,-0.08217668244872556,-0.08568444082096924,-0.0818722986697673,-0.08708225023556093,-0.07149512956821322,-0.07651521431965533,-0.08388935313104925,-0.09706922944305424,-0.39999999999999997
chaosnli_snli,qwen,19,LP-temp,1,16,6.147521033229494,0.25952878954974234,0.41313708959581946,0.24252092181071747,0.5384615384615384,0.5384615384615384,0.43280576213647265,,-0.09426368021802851,,-0.0942636802180285,,-0.07939432215206767,,-0.0810189886595588,,-0.07081244180903454,,-0.08322516466991282,,-0.39999999999999997
chaosnli_snli,qwen,19,GPP-cosine,1,64,1.6779486334501228,0.2878002225905248,0.4619186160396586,0.25258565765023105,0.42637362637362636,0.42637362637362636,0.5537616610527039,0.05012817308306694,-0.04189607511305177,-0.05535187985848021,-0.04189607511305178,-0.05535187985848021,-0.015510453915010653,-0.01660487520028748,-0.038446690090928756,-0.04875382187497607,-0.013871082503346975,-0.014395130233465718,-0.03184027883665555,-0.07524910653610664,-0.39999999999999997
chaosnli_snli,qwen,19,GPP-rbf,1,64,1.1045885816618641,0.19122269412797907,0.37536475098190397,0.3165475128261031,0.5362637362637362,0.5362637362637362,0.6206532716751099,0.20461606979370117,-0.013632715888492285,0.037664433082535406,-0.013632715888492273,0.037664433082535434,0.006169774573228414,0.05834454986634027,-0.013691551998811505,0.03739963089837427,0.003390396859914091,0.05122838369206906,0.011437201724897452,0.04210032483490094,-0.19999999999999998
chaosnli_snli,qwen,19,GPP-laplace,1,64,1.0371279356453431,0.19358988469280802,0.40192316511011383,0.49982584193856794,0.5384615384615384,0.5384615384615384,0.6798993349075317,0.3688153624534607,0.05117420134911541,0.045522157565336584,0.05117420134911541,0.04552215756533657,0.07015680115516335,0.056001827911290575,0.05372794517440994,0.04610800617807275,0.06836311497671191,0.05221190905397051,0.05528344979095675,0.034859925331349344,1.0
chaosnli_snli,qwen,19,LPE,1,64,1.3465447170555656,0.2222962589502846,0.39533403202287526,0.2631198157747102,0.5406593406593406,0.5406593406593406,0.49564865231513977,0.09412756562232971,-0.004899846145918534,0.02441228068313936,-0.004899846145918527,0.024412280683139366,0.009964051511769757,0.02204298294988379,-0.006279784995780576,0.03131555409553261,0.005239698951321068,0.028218003709817325,0.003096976962884023,0.018527845107596298,-0.19999999999999998
chaosnli_snli,qwen,19,LP-temp,1,64,1.0400643969286634,0.1884606321547265,0.38793092470309914,0.4395772273900485,0.5230769230769231,0.5230769230769231,0.9823684522321561,,-0.029927158763541344,,-0.029927158763541337,,-0.018791126411804547,,-0.0346839264840364,,-0.023571691597560975,,0.004590652538331225,,-0.7999999999999999
chaosnli_snli,qwen,19,GPP-cosine,1,256,1.1748359807186928,0.2061970499545237,0.40162910418058834,0.37118435841104586,0.48131868131868133,0.48131868131868133,0.79078209400177,0.04151906445622444,0.0033874367032027553,-0.049538417244850017,0.0033874367032027605,-0.04953841724485,-0.017032034401703942,-0.02152328210226214,-0.01109192327286101,-0.04631593016364512,-0.02658631903571026,-0.023506015972577128,0.02656479939262972,-0.08134273468971684,-0.39999999999999997
chaosnli_snli,qwen,19,GPP-rbf,1,256,1.097444077593712,0.18859812146054325,0.3755373924151882,0.3222446418569291,0.545054945054945,0.545054945054945,0.6372826099395752,0.17284135520458221,-0.008640359380834055,0.03030585267099991,-0.00864035938083405,0.03030585267099991,-0.0013632587359825882,0.03113140454816885,-0.014256509576995518,0.02486554200445455,-0.012224132814088969,0.015580122098931882,-0.004366941991144966,0.030114930351152428,-0.39999999999999997
chaosnli_snli,qwen,19,GPP-laplace,1,256,1.0420160517207568,0.18843795986019482,0.3880253831763844,0.4379560181959324,0.5274725274725275,0.5274725274725275,0.6393675208091736,0.34405118227005005,0.03565541864482698,0.039815115766260276,0.035655418644826964,0.03981511576626026,0.052169906184811654,0.049310281652277556,0.03843451663159708,0.043045886411469655,0.047609106489451686,0.04380612533169911,0.03065605253177522,0.020354283752092757,0.39999999999999997
chaosnli_snli,qwen,19,LPE,1,256,1.2553443619684812,0.20698634301396,0.3871509170648306,0.3067346493162007,0.5362637362637362,0.5362637362637362,0.4235656261444092,0.25661036372184753,-0.017001363201324372,-0.013921409197041247,-0.01700136320132435,-0.013921409197041235,-0.014611503011212683,-0.014461668760879894,-0.028482633313792177,-0.02643366625757815,-0.030116230300140236,-0.02432889522816356,-0.01495752159683611,-0.017756578790588545,-0.39999999999999997
chaosnli_snli,qwen,19,LP-temp,1,256,1.032255781470148,0.1942935873393325,0.4054616452214483,0.5051095310368667,0.5274725274725275,0.5274725274725275,1.0536679083109097,,0.02518228025121167,,0.025182280251211674,,0.0240237273400585,,0.018021583333627036,,0.014729163255637634,,0.030823071055329426,,0.7999999999999999
chaosnli_snli,qwen,19,GPP-cosine,1,1024,1.1039661414627564,0.1803880469296644,0.36712633950194756,0.3620532852933639,0.545054945054945,0.545054945054945,0.7934977412223816,0.016528736799955368,0.027460637041237173,-0.028484913692721197,0.027460637041237166,-0.0284849136927212,0.01168317246922213,0.004437378632458012,0.01968867714610251,-0.019000047964663144,0.006950270288587124,0.010498336598017143,0.06769823857954085,-0.04272145283763819,0.0
chaosnli_snli,qwen,19,GPP-rbf,1,1024,1.0674946158024476,0.1857956494925705,0.3763623834597868,0.34075668228030215,0.5076923076923077,0.5076923076923077,0.5730846524238586,0.27633699774742126,0.056985677475250754,0.0409051173856184,0.05698567747525074,0.04090511738561838,0.06245444129428779,0.0552814421885865,0.06297640596985823,0.05614199958600734,0.06253338627758365,0.06167215759978817,0.04641834606857465,0.03050827107691414,0.7999999999999999
chaosnli_snli,qwen,19,GPP-laplace,1,1024,1.031354599050824,0.18175937790731939,0.37706249172052186,0.4053794635838573,0.5340659340659341,0.5340659340659341,0.6174603700637817,0.3279654085636139,0.04587884885359604,0.04148993433849208,0.04587884885359604,0.041489934338492074,0.06193410063369319,0.058654612875451095,0.04829158904483463,0.04992689001303562,0.06279985369067588,0.06613805343139384,0.046093672760200974,0.04730790124837423,1.0
chaosnli_snli,qwen,19,LPE,1,1024,1.1361119910397923,0.17013004697350412,0.34316881082490536,0.26739157728145696,0.5538461538461539,0.5538461538461539,0.19873061776161194,0.46600475907325745,0.08294099466297672,0.1272552552228116,0.08294099466297669,0.12725525522281156,0.09459069127400437,0.14044260960231866,0.08646176285895246,0.13373542531179405,0.09251558538720843,0.1359968670013407,0.09359126934158224,0.1520003606017538,0.6000000000000001
chaosnli_snli,qwen,19,LP-temp,1,1024,0.9912984131954199,0.17866005153162393,0.3872744993929046,0.5014353732330217,0.5582417582417583,0.5582417582417583,1.0504346562680575,,0.06336602447489105,,0.06336602447489104,,0.0646286582143927,,0.05533927360402686,,0.056021945417808576,,0.11557083060263211,,0.7999999999999999
chaosnli_snli,qwen,19,GPP-cosine,2,16,1.3728446240079106,0.2413861502939118,0.42145587520412897,0.315474266554274,0.4857142857142857,0.4857142857142857,0.6646965742111206,0.0769818127155304,0.011380939297912066,-0.05833413033213064,0.01138093929791208,-0.058334130332130626,0.021904939015466536,-0.006869876776711012,0.024146571676187757,-0.0358020410057799,0.028460325191331848,0.004373998271875321,0.03376277542681173,-0.05380850169297902,-0.19999999999999998
chaosnli_snli,qwen,19,GPP-rbf,2,16,1.2238981547178889,0.21792330224747605,0.3988878455217723,0.25270947677527855,0.5340659340659341,0.5340659340659341,0.5308907628059387,0.2049330621957779,0.013859001591218684,0.04100213802430288,0.013859001591218674,0.04100213802430288,0.030988907335933378,0.06053086360523695,0.015159561894724364,0.04438677607842775,0.028504675853598768,0.057425385269506725,0.03188919959412681,0.03635583036840004,0.39999999999999997
chaosnli_snli,qwen,19,GPP-laplace,2,16,1.0671511027473903,0.20949073853859185,0.4263399188826372,0.5395710925914047,0.5340659340659341,0.5340659340659341,0.7048924565315247,0.3844064772129059,0.009330277100034888,0.0002213671130796846,0.009330277100034881,0.00022136711307965684,0.03546440646845812,-0.0048584962834609165,0.017389279006648807,-0.003619671131549495,0.03820402738100235,-0.010932735121364851,0.026889600098809315,-0.011629126519507989,0.39999999999999997
chaosnli_snli,qwen,19,LPE,2,16,1.786085095193385,0.28661478656970407,0.44711653136003476,0.2728073748788992,0.5340659340659341,0.5340659340659341,0.315416544675827,0.04044972360134125,-0.006980649184271961,0.00589807811300252,-0.006980649184271952,0.0058980781130025155,0.009019609462760871,0.013401659844355221,-0.003656230441306821,0.005617635488235502,0.010037559464442541,0.01608946522282005,-0.007816428682995036,-0.0005213755207060148,-0.39999999999999997
chaosnli_snli,qwen,19,LP-temp,2,16,1.1188111987789626,0.20159925869805181,0.39216984311579844,0.3429522170754806,0.5340659340659341,0.5340659340659341,0.8719258348434455,,-0.02169329803561522,,-0.02169329803561522,,-0.006096177747050189,,-0.0183385145865854,,-0.0048844856887376295,,-0.00836048101315387,,-0.39999999999999997
chaosnli_snli,qwen,19,GPP-cosine,2,64,1.222228355144323,0.22533402019387463,0.4163985330653684,0.36678388034027376,0.46373626373626375,0.46373626373626375,0.7769200801849365,0.07070596516132355,-0.01814080977612529,-0.03363310753551281,-0.01814080977612531,-0.03363310753551282,-0.00782168128639672,-0.0007501678943188312,-0.0021036419273882667,-0.017237914277027245,-0.0004321625025987645,0.005631664005484375,0.00021702216237573516,-0.06610971533759014,-0.19999999999999998
chaosnli_snli,qwen,19,GPP-rbf,2,64,1.0462508882196562,0.1893839141069646,0.38871571267699145,0.4331663853336627,0.5164835164835165,0.5164835164835165,0.7243436574935913,0.2453048825263977,-0.05609768978756903,0.03178102642873756,-0.056097689787569016,0.03178102642873754,-0.02005448014053219,0.05976745643121651,-0.029671869618974406,0.049364496133038484,-0.004675443839252962,0.0640526649960103,-0.0531080048571569,0.04908433781731236,-0.7999999999999999
chaosnli_snli,qwen,19,GPP-laplace,2,64,1.0526695926954257,0.20272784637892088,0.4169369364669035,0.528683540958328,0.5318681318681319,0.5318681318681319,0.6987849473953247,0.37953171133995056,-0.00010478408844622616,0.0005619314270664585,-0.00010478408844621923,0.0005619314270664515,0.029384104433234685,0.01067009118633079,0.014317892070041898,0.007629915790812583,0.036214233710056,0.011087015163810955,0.027770810722321473,0.002542573641971807,0.39999999999999997
chaosnli_snli,qwen,19,LPE,2,64,1.146968806121189,0.20283258076575067,0.3930998329932873,0.3465123061072458,0.5142857142857142,0.5142857142857142,0.6801153421401978,0.1392785757780075,-0.026757951771863697,-0.013801963837175732,-0.026757951771863676,-0.013801963837175722,-0.0062692414336405385,0.009704473181772783,-0.0045396588667897635,-0.005821168131814783,0.00857599276162832,0.010473280353931802,-0.029323152987392406,-0.02487384831472357,-0.7999999999999999
chaosnli_snli,qwen,19,LP-temp,2,64,1.0539800509593906,0.19937249737183563,0.4080418858279831,0.48803807330697446,0.47912087912087914,0.47912087912087914,1.035176056560519,,-0.02905969081821462,,-0.02905969081821461,,-0.002920843864159743,,-0.005859545385449895,,0.014094973093112051,,-0.02402181178876588,,-0.7999999999999999
chaosnli_snli,qwen,19,GPP-cosine,2,256,1.209441185674609,0.22320788862466998,0.41869291568147454,0.3570584563413304,0.4351648351648352,0.4351648351648352,0.7840834856033325,0.04161302372813225,0.00022779263666512783,-0.050429439871972945,0.00022779263666514518,-0.05042943987197294,-0.042244786350470125,-0.042577524521303,-0.018047294343678695,-0.0513029743417426,-0.05243943533942511,-0.04355609736402666,0.0244895528331818,-0.06371310781272232,-0.19999999999999998
chaosnli_snli,qwen,19,GPP-rbf,2,256,1.0982528234231987,0.19425048015429863,0.3845558531055288,0.3649674159178645,0.5318681318681319,0.5318681318681319,0.6760461926460266,0.18319295346736908,-0.05837079518287039,0.019628116442993233,-0.05837079518287037,0.019628116442993226,-0.03583571912169588,0.030479043177627493,-0.047796245114634164,0.03041286245139548,-0.02705720141334994,0.03325971090151924,-0.04138071832819162,0.034351480687943664,0.0
chaosnli_snli,qwen,19,GPP-laplace,2,256,1.0342836481551216,0.19056482506693054,0.39554289808640114,0.4816837544190528,0.5318681318681319,0.5318681318681319,0.6693028211593628,0.3603333532810211,0.031759526506080535,0.042077017242875006,0.031759526506080535,0.042077017242875006,0.04603881026581214,0.04216552532072456,0.034923183041831826,0.04496058529011554,0.04268016851639464,0.03766499653114391,0.052967357679427035,0.02490748133548506,0.7999999999999999
chaosnli_snli,qwen,19,LPE,2,256,1.2684288326355861,0.21862854571340143,0.40154517712293014,0.3196393110718146,0.4967032967032967,0.4967032967032967,0.4639146327972412,0.25744765996932983,-0.032210815926175494,-0.00030163113016955234,-0.03221081592617547,-0.0003016311301695662,-0.0020954695697356085,0.03055831889416296,-0.01726796991773245,0.009617494903242943,0.00972567897417349,0.035948736866111476,-0.010556118499191209,0.012027817953118122,0.0
chaosnli_snli,qwen,19,LP-temp,2,256,1.0596384316764138,0.19922361663780275,0.40480475974194946,0.46406999415942346,0.45054945054945056,0.45054945054945056,1.0083840251575147,,0.0033104914439138627,,0.003310491443913856,,0.025038045639004053,,0.011383259880275276,,0.030394407295943435,,0.024930731435064492,,0.0
chaosnli_snli,qwen,19,GPP-cosine,2,1024,1.1078229323370021,0.18074679227415155,0.36619826305821457,0.3581692975546983,0.5604395604395604,0.5604395604395604,0.7908822298049927,0.016489651054143906,0.03480850880989021,-0.01028671742484882,0.03480850880989021,-0.010286717424848813,0.021123531965535063,0.025037892174222608,0.029345910878134228,0.0012912786048246971,0.019068585823145162,0.03288532491549813,0.0719996343995427,-0.041046333551646406,0.0
chaosnli_snli,qwen,19,GPP-rbf,2,1024,1.0733064388885172,0.18725706336227144,0.37796215709442127,0.3386434798017266,0.5076923076923077,0.5076923076923077,0.5713459849357605,0.2752270996570587,0.06130924651221192,0.045939310901800784,0.06130924651221192,0.04593931090180081,0.0660173967375605,0.06070617342094483,0.06413363545553138,0.0587276523023793,0.06544790850952338,0.06629983367972853,0.051898426388899535,0.039151129326878,0.7999999999999999
chaosnli_snli,qwen,19,GPP-laplace,2,1024,1.0323102960384978,0.18204580728383998,0.37742352899941767,0.4052456825370571,0.5318681318681319,0.5318681318681319,0.6170598864555359,0.32773417234420776,0.036693790789362836,0.03494584081820905,0.03669379078936284,0.03494584081820902,0.04849364474822829,0.049102386372154264,0.035918189529973596,0.04062881917441699,0.049041925818670035,0.056092900179089,0.031159910854167965,0.03461277358787477,0.7999999999999999
chaosnli_snli,qwen,19,LPE,2,1024,1.1645123072544148,0.1689390946334397,0.3371537124303413,0.2682575568056687,0.5714285714285714,0.5714285714285714,0.20141343772411346,0.4522380530834198,0.0987439960795845,0.1407901626068127,0.09874399607958453,0.1407901626068127,0.10564761145643428,0.16869415302878493,0.10414019367522012,0.1568488373282751,0.11038450634927832,0.17353254663671183,0.10399183511975156,0.17939668547358895,0.7999999999999999
chaosnli_snli,qwen,19,LP-temp,2,1024,0.9961616392009144,0.1814361682225031,0.39155717744855,0.5106735603368602,0.5758241758241758,0.5758241758241758,1.0598116508854067,,0.05389437406303593,,0.053894374063035946,,0.05580201208101761,,0.048536762766417836,,0.05049863655410445,,0.11253723404819066,,0.7999999999999999
chaosnli_snli,qwen,19,GPP-cosine,3,16,1.5051663105470316,0.3177764709159549,0.5221351381937543,0.37421885209722106,0.2703296703296703,0.2703296703296703,0.7747142314910889,0.10076110810041428,0.06386837474680712,0.012182439073925747,0.0638683747468071,0.012182439073925732,0.01384595620474308,0.030813804529668004,0.045052850871243236,0.02013729049856172,0.004662354596045772,0.035242473559067775,0.03752241207716119,-0.009833135950625143,0.39999999999999997
chaosnli_snli,qwen,19,GPP-rbf,3,16,1.1938756859152178,0.2503199298866009,0.47086307991828236,0.4850437954831049,0.27912087912087913,0.27912087912087913,0.7337806224822998,0.2972455322742462,0.014380343376487557,0.07227952440406826,0.014380343376487564,0.07227952440406823,0.009221903433526985,0.0747847871940512,0.019793649802510038,0.07696183305146401,0.009294539794932343,0.07054356633818622,0.05750412094585634,0.08820737436472297,0.7999999999999999
chaosnli_snli,qwen,19,GPP-laplace,3,16,1.1034159427835923,0.22423366303612965,0.4466106285596942,0.5473851692331332,0.27912087912087913,0.27912087912087913,0.7098928689956665,0.38723331689834595,0.000629001126782578,-0.01857670257802569,0.0006290011267825989,-0.01857670257802569,0.0132982429091973,-0.041057080796402606,0.008663337226679068,-0.02502556771229892,0.017082362890736086,-0.046398963860363754,0.02263390896253574,-0.008130464274574832,0.6000000000000001
chaosnli_snli,qwen,19,LPE,3,16,1.454955027599489,0.31171285971029317,0.5193199318025138,0.32027260694819926,0.27692307692307694,0.27692307692307694,0.6666762232780457,0.1615588366985321,0.05219050625139057,0.044685161388613746,0.052190506251390566,0.04468516138861373,0.04249344649109834,0.05210621620851413,0.048983467636705184,0.04245514814995063,0.03647283586844761,0.050132475175029084,0.07437483909301684,0.04631852988764047,1.0
chaosnli_snli,qwen,19,LP-temp,3,16,1.1031951144800365,0.22418349752479794,0.44664527264824455,0.5472636457377498,0.2923076923076923,0.2923076923076923,1.0970046609797415,,0.028458881067757735,,0.02845888106775773,,0.027373000506576685,,0.029327002735001988,,0.02369483780372162,,0.1001748057578375,,1.0
chaosnli_snli,qwen,19,GPP-cosine,3,64,1.2832724955095147,0.23308786333197767,0.4237148267899161,0.3217019797074483,0.45714285714285713,0.45714285714285713,0.6940248012542725,0.061210379004478455,-0.01378687778926986,-0.04887382463016714,-0.013786877789269864,-0.04887382463016712,-0.03855667177934739,-0.026135658942874666,-0.026770819738912478,-0.04519947386849473,-0.046473389731127766,-0.026274187774242275,-0.019785898441004215,-0.07869222333766097,-0.39999999999999997
chaosnli_snli,qwen,19,GPP-rbf,3,64,1.056433637591506,0.18916080275651878,0.38630526884162164,0.4048587156144242,0.5252747252747253,0.5252747252747253,0.7056001424789429,0.238592728972435,-0.03375307878033128,0.044765059597132645,-0.033753078780331264,0.044765059597132645,-0.025728829100187655,0.05094925205622387,-0.02704944417198331,0.046009087326662756,-0.028516062674143347,0.04265104770501897,-0.039548865276943776,0.04037465785488303,-0.39999999999999997
chaosnli_snli,qwen,19,GPP-laplace,3,64,1.0497834052022421,0.20191999396616922,0.4171807405549091,0.5292778349982996,0.5362637362637362,0.5362637362637362,0.6990727186203003,0.37986817955970764,0.01646008085855808,0.016323271529532696,0.016460080858558074,0.016323271529532682,0.0253181987325262,-0.0011260687641568116,0.019824749047950098,0.009591533858300548,0.021519915641509096,-0.010400331404103801,0.03205379755936864,0.013876233161072277,0.39999999999999997
chaosnli_snli,qwen,19,LPE,3,64,1.185315921266662,0.20661362570284852,0.39412108629501863,0.3098092791866542,0.5076923076923077,0.5076923076923077,0.632855236530304,0.13891169428825378,-0.03954242546430424,-0.0343677849286792,-0.03954242546430423,-0.0343677849286792,-0.01825092702333022,-0.03790923796629996,-0.028229014001237805,-0.03527545560706381,-0.017523886698985587,-0.04146284240802671,-0.044385905171914077,-0.041023240084794896,-0.39999999999999997
chaosnli_snli,qwen,19,LP-temp,3,64,1.0545218048502858,0.20402979875518168,0.41976787003969385,0.5312396415504653,0.5010989010989011,0.5010989010989011,1.0808416292796568,,0.014738110360453256,,0.01473811036045324,,0.03363992968189349,,0.025458336713632138,,0.0340043893661545,,-0.014530993742633608,,0.0
chaosnli_snli,qwen,19,GPP-cosine,3,256,1.1596576631389046,0.1911665220699463,0.38115490831666676,0.3508633572348401,0.5076923076923077,0.5076923076923077,0.756578266620636,0.03624243661761284,0.031640009112476615,-0.04321453444581227,0.031640009112476594,-0.04321453444581227,0.01062610818800432,-0.01874038551601575,0.01961443858780128,-0.03876693603704881,0.0010453859269622563,-0.016883425397853712,0.06864563236322573,-0.0562610368546434,0.0
chaosnli_snli,qwen,19,GPP-rbf,3,256,1.1184432026261169,0.1871107244457235,0.3688558463953886,0.29104413195100204,0.545054945054945,0.545054945054945,0.5854030847549438,0.15907657146453857,-0.017038475588687704,0.025060426856650657,-0.017038475588687697,0.02506042685665066,0.025387188276941926,0.07106453384735888,-0.001322767532747987,0.04179254945720909,0.03303009237530785,0.07594043069792364,0.017124367178736718,0.045914138864512725,-0.19999999999999998
chaosnli_snli,qwen,19,GPP-laplace,3,256,1.0426275037577446,0.18649754900921522,0.3832609820496905,0.4223918243492777,0.5362637362637362,0.5362637362637362,0.6262046694755554,0.33692729473114014,0.005529930201874561,-0.006689788845519434,0.005529930201874568,-0.006689788845519448,0.03562984914041996,0.024554492903566046,0.015028351099211898,0.005654360776016713,0.044404630506717294,0.037043089376857574,0.04822854149281699,0.042012611445528654,0.19999999999999998
chaosnli_snli,qwen,19,LPE,3,256,1.2789530584036068,0.20156918392260836,0.377283855481577,0.2921608005764962,0.5384615384615384,0.5384615384615384,0.37709707021713257,0.23439018428325653,-0.026288946192133532,0.020267782853071844,-0.026288946192133518,0.020267782853071854,0.007159291626717516,0.05059522149143114,-0.013351788065696889,0.028134834747588714,0.012251103221121731,0.04809919204957412,0.005232610082335526,0.03742482535783051,-0.19999999999999998
chaosnli_snli,qwen,19,LP-temp,3,256,1.0178139633854921,0.1822717075219451,0.3872274216601548,0.446495026459114,0.5384615384615384,0.5384615384615384,0.989577474128537,,0.002134615781317274,,0.002134615781317274,,0.022567572232265173,,0.009875112241977457,,0.02563800481619956,,-0.0034349633419757906,,0.6000000000000001
chaosnli_snli,qwen,19,GPP-cosine,3,1024,1.0954239987780203,0.17888444535385695,0.36469323561928374,0.3545993904582648,0.545054945054945,0.545054945054945,0.7959169745445251,0.016687655821442604,0.04385001286061731,-0.00013576142490363818,0.04385001286061729,-0.00013576142490364512,0.023726806835314238,0.031454579077130555,0.03787897728257884,0.01166138999728351,0.0214910982556738,0.03959569841431105,0.0676246663466251,-0.034178410768608516,0.6000000000000001
chaosnli_snli,qwen,19,GPP-rbf,3,1024,1.0693514621106008,0.18656087457224418,0.3778930484010214,0.345384635610532,0.5010989010989011,0.5010989010989011,0.575730562210083,0.27722927927970886,0.04926869477154546,0.031621065974857906,0.049268694771545454,0.031621065974857886,0.046209484540246495,0.03959708221862497,0.04984196491599292,0.04251560889847363,0.04377295578486797,0.04395405328106843,0.035084272867565165,0.02367815620731091,0.7999999999999999
chaosnli_snli,qwen,19,GPP-laplace,3,1024,1.0302311502694514,0.18190076130715396,0.37818503496083583,0.41011454334858577,0.5318681318681319,0.5318681318681319,0.6208152770996094,0.3296792507171631,0.03302155908574765,0.028894590487563716,0.033021559085747644,0.02889459048756371,0.03978476467992594,0.03826562975731626,0.030800460140722977,0.03339341764619073,0.03906732311842436,0.044394647456709235,0.028928474584668584,0.026465301706210323,0.7999999999999999
chaosnli_snli,qwen,19,LPE,3,1024,1.1212118851087027,0.1680049977770682,0.3397434635287266,0.2783504930718328,0.5714285714285714,0.5714285714285714,0.20344878733158112,0.46417471766471863,0.07227036979721041,0.12180181373776758,0.07227036979721044,0.12180181373776758,0.06888894835104642,0.12787558228687929,0.0693269119399855,0.1295771174040156,0.06547506184334748,0.12983057058145459,0.08158695628365538,0.15158517115227774,0.6000000000000001
chaosnli_snli,qwen,19,LP-temp,3,1024,0.9971657356861742,0.1813117856470364,0.39144670226027184,0.508577690415444,0.5582417582417583,0.5582417582417583,1.057718288701425,,0.07270811042810112,,0.07270811042810113,,0.05520914525702533,,0.05892789253105797,,0.04329527836862371,,0.12736895031168596,,0.7999999999999999
chaosnli_snli,qwen,19,GPP-cosine,4,16,2.459562584867593,0.3919481623122579,0.5449056339892175,0.28309856063852784,0.3362637362637363,0.3362637362637363,0.39036691188812256,0.06281104683876038,0.04450370597787691,0.020482978967992813,0.0445037059778769,0.02048297896799283,0.0923950565224155,0.049370934562173084,0.07358715452106983,0.03165872023324937,0.1048333816247359,0.05308913967668326,0.04980426125527327,0.012952089035029457,1.0
chaosnli_snli,qwen,19,GPP-rbf,4,16,1.0695855531461194,0.18972324406776855,0.3820937533054378,0.3742151869489855,0.5340659340659341,0.5340659340659341,0.6577744483947754,0.25344163179397583,0.0038912272240078337,0.06952398526035841,0.0038912272240078268,0.06952398526035838,-0.0132530984936189,0.058008849773375726,-0.007800886074325351,0.060051033021321726,-0.024354960814836527,0.04658445038473644,0.019314590258022686,0.05826417625594359,0.19999999999999998
chaosnli_snli,qwen,19,GPP-laplace,4,16,1.069669913317465,0.21094700383667586,0.4292864982898419,0.5437455066098653,0.5362637362637362,0.5362637362637362,0.7076380252838135,0.3858479857444763,0.017121996902527817,0.005435626755324739,0.01712199690252783,0.005435626755324729,0.03290550132220167,-0.012275503624096847,0.022370722029899946,-0.0026467106144352354,0.035709126785318034,-0.018799790457536877,0.034299693479839334,-0.0024932387606541387,0.7999999999999999
chaosnli_snli,qwen,19,LPE,4,16,1.2185382604342248,0.2088875053424944,0.38568430895313294,0.24740197911549294,0.5384615384615384,0.5384615384615384,0.5576339364051819,0.14634543657302856,-0.012805951641057165,-0.05459651666326802,-0.012805951641057158,-0.054596516663268015,-0.03992832822349911,-0.07525855661193633,-0.0280456083230236,-0.07465135977485149,-0.052518047100341615,-0.09251449144540377,-0.006618252318367041,-0.060753975275838035,-0.39999999999999997
chaosnli_snli,qwen,19,LP-temp,4,16,1.039576325048662,0.1914711404467351,0.39802073947852407,0.475385096804113,0.5318681318681319,0.5318681318681319,1.022757239012681,,-0.03549800208727945,,-0.035498002087279455,,-0.063529060655516,,-0.05479347455061001,,-0.07763583889317416,,-0.013341161934293029,,-0.39999999999999997
chaosnli_snli,qwen,19,GPP-cosine,4,64,1.389223948272619,0.2447242917016225,0.4305980717447855,0.34073287212747927,0.4857142857142857,0.4857142857142857,0.6569892764091492,0.049423426389694214,-0.019201469018194858,-0.09652675854624401,-0.019201469018194865,-0.096526758546244,-0.00838214860546609,-0.068089658720251,-0.0032919879896005505,-0.08208378021569523,0.0037389372049764433,-0.05437751116351796,0.018083672657274605,-0.10863892488610301,-0.39999999999999997
chaosnli_snli,qwen,19,GPP-rbf,4,64,1.1961584260077374,0.2107755577142762,0.39281475467627847,0.2651161712404607,0.5318681318681319,0.5318681318681319,0.5474709868431091,0.17963896691799164,-0.06903419361563362,5.414575037419357e-05,-0.06903419361563361,5.414575037418316e-05,-0.0347082851674762,0.02764450149676666,-0.056219883686861954,0.008512199962838127,-0.029490651787602105,0.026738606900944536,-0.0517601360705791,0.006697939645966702,0.39999999999999997
chaosnli_snli,qwen,19,GPP-laplace,4,64,1.0453845680364884,0.19447690096870823,0.40026790360500525,0.48368785235564804,0.5318681318681319,0.5318681318681319,0.6690935492515564,0.36282113194465637,0.037074108279423645,0.0364728742421885,0.037074108279423645,0.03647287424218848,0.06193100386801051,0.05412071207459021,0.04502302163609291,0.042260554526589826,0.0631524565703694,0.05329605982603551,0.052698102416626265,0.03462716953994313,0.7999999999999999
chaosnli_snli,qwen,19,LPE,4,64,1.551570303838513,0.25675661417530854,0.4274829386964384,0.29103037832299644,0.5362637362637362,0.5362637362637362,0.38706961274147034,0.07043568044900894,-0.09822486061205193,-0.053832013618901275,-0.09822486061205193,-0.05383201361890126,-0.07326655321197087,-0.024015183676960376,-0.08949685183454606,-0.04174469818455024,-0.0713106032520635,-0.019085600911288268,-0.07486729531178021,-0.038141374317197885,-0.19999999999999998
chaosnli_snli,qwen,19,LP-temp,4,64,1.0713220048440524,0.19348065412637727,0.3913278386296246,0.39625867632501155,0.5098901098901099,0.5098901098901099,0.9254588317148298,,-0.07121906353828134,,-0.07121906353828131,,-0.04429327274430982,,-0.057739537801569984,,-0.037789408132121866,,-0.08449391941901759,,-0.39999999999999997
chaosnli_snli,qwen,19,GPP-cosine,4,256,1.2795429898604314,0.22011027639075373,0.4062889666895569,0.34527604714768806,0.5274725274725275,0.5274725274725275,0.7320116758346558,0.03620920330286026,-0.0166869151068012,-0.03584237598456449,-0.016686915106801176,-0.03584237598456449,-0.032359887293358355,-0.01164595861815058,-0.020068211708441357,-0.029532576762351444,-0.03616984637782612,-0.011531136564858196,-0.00575717054818941,-0.06293317844491238,-0.39999999999999997
chaosnli_snli,qwen,19,GPP-rbf,4,256,1.1072319984451662,0.1914782485617693,0.37648082628774526,0.3237536326577488,0.5362637362637362,0.5362637362637362,0.6356006860733032,0.17409811913967133,0.022762872072775043,0.07940629343931842,0.022762872072775036,0.0794062934393184,0.04361570957883014,0.10307310815374182,0.0227634232136462,0.07952695778687943,0.03898390803464594,0.09488235846733456,0.03263415826421317,0.08012200891344196,0.39999999999999997
chaosnli_snli,qwen,19,GPP-laplace,4,256,1.0495622155352096,0.19086165762693028,0.3896846921316215,0.4384031700100132,0.5340659340659341,0.5340659340659341,0.6394618153572083,0.3442240059375763,0.07546358499556688,0.08255602147402277,0.07546358499556687,0.08255602147402276,0.07636623202464374,0.08072489745768269,0.07210891747793549,0.07953435377670298,0.0713864658882017,0.07574084645462305,0.0719446622462905,0.06040012786990988,0.39999999999999997
chaosnli_snli,qwen,19,LPE,4,256,1.2722302886507435,0.2144711527308151,0.39242935270073587,0.2948133700631238,0.5428571428571428,0.5428571428571428,0.4379332959651947,0.2511579096317291,0.01756718135773526,0.05528397272855003,0.017567181357735242,0.05528397272855002,0.03569134192774802,0.05709021109649158,0.020407543819359796,0.04915749729267091,0.032523062123392954,0.05016347746658592,0.04267412455274087,0.07521712968682205,0.7999999999999999
chaosnli_snli,qwen,19,LP-temp,4,256,1.0439679064755125,0.1950099472519816,0.4007295478382534,0.4739790864316794,0.5318681318681319,0.5318681318681319,1.0209028527028714,,-0.003360077475773434,,-0.0033600774757734393,,0.0018835852585001953,,-0.008113463704709875,,-0.003118262122912864,,0.02437788865629754,,-0.39999999999999997
chaosnli_snli,qwen,19,GPP-cosine,4,1024,1.1113896136854726,0.18333504215099797,0.3710113500497175,0.35910806949312885,0.545054945054945,0.545054945054945,0.7922642230987549,0.016691038385033607,0.01966387862513026,-0.021215203684828748,0.01966387862513025,-0.02121520368482874,0.002871122168254648,0.010987855068647707,0.012123025800621303,-0.011962430672185113,-0.0001962346839602478,0.017027108285663853,0.057271110358838306,-0.05141705377925074,0.0
chaosnli_snli,qwen,19,GPP-rbf,4,1024,1.079273844070788,0.18905269197743602,0.3797214147757616,0.3385261288466945,0.5032967032967033,0.5032967032967033,0.5688418745994568,0.2737034261226654,0.03884100127283181,0.023152793387268073,0.038841001272831806,0.023152793387268073,0.04551047955145883,0.0385058838741656,0.04322256442705468,0.036893844892708305,0.045245168396203794,0.04426460672621827,0.031460633375029676,0.01764395913015993,0.7999999999999999
chaosnli_snli,qwen,19,GPP-laplace,4,1024,1.034820646591394,0.18272527977683195,0.37802961467059104,0.4022795963106376,0.5340659340659341,0.5340659340659341,0.6151896119117737,0.3266265094280243,0.03908550690735613,0.034093483186820435,0.03908550690735613,0.034093483186820435,0.05297113403084286,0.04974316821182148,0.03934294053839009,0.0405301353080375,0.05327675676161826,0.05649804863845019,0.04178552485648566,0.037296089874953677,1.0
chaosnli_snli,qwen,19,LPE,4,1024,1.153153860693079,0.17560720297399696,0.3516749212039869,0.2745815681509103,0.545054945054945,0.545054945054945,0.19928589463233948,0.4540344178676605,0.04063944943604917,0.1441848876345061,0.04063944943604916,0.1441848876345061,0.04356703765513027,0.15323176112596038,0.04095040050835948,0.15027133440585888,0.04473959004842893,0.15063276644499188,0.04183890453716393,0.17322795631339202,0.6000000000000001
chaosnli_snli,qwen,19,LP-temp,4,1024,0.9950777069819924,0.1803326245357176,0.3898191269093906,0.5050034407748404,0.5274725274725275,0.5274725274725275,1.0539270811072081,,0.07563655704867332,,0.07563655704867335,,0.06930826165994451,,0.0664864412500104,,0.06225056167634957,,0.12255815436473409,,0.7999999999999999
chaosnli_snli,qwen,29,GPP-cosine,0,64,1.3143160587749934,0.23452753071690235,0.4257641856191385,0.3068519515657943,0.44835164835164837,0.44835164835164837,0.6455394625663757,0.07330223172903061,-0.01814733151408487,-0.05643271511228314,-0.018147331514084854,-0.056432715112283136,-0.07330127305043962,-0.04956349636946438,-0.04864477868998159,-0.060565268870064755,-0.08469568717646639,-0.05006605496545626,-0.034228287009624124,-0.06994368860769083,-0.39999999999999997
chaosnli_snli,qwen,29,GPP-rbf,0,64,1.0406449382821514,0.179976687856245,0.3689474578209958,0.3683568861481239,0.5516483516483517,0.5516483516483517,0.6761651039123535,0.2192084640264511,-0.0076569385425112255,0.03544164199695736,-0.007656938542511212,0.03544164199695733,0.002001530751893625,0.029234935658930664,-0.0010089883596594296,0.028597914413331357,0.006319703623202742,0.02185050218647416,0.014104338490625193,0.03004689992279396,-0.39999999999999997
chaosnli_snli,qwen,29,GPP-laplace,0,64,1.039524632158307,0.19687878806004327,0.4098319531633304,0.519860590699476,0.5362637362637362,0.5362637362637362,0.6931045055389404,0.37625303864479065,-0.021574106133715538,-0.004992751051990839,-0.021574106133715534,-0.004992751051990837,-0.018504835526169085,-0.026488349521007343,-0.024972382281405976,-0.01786062166636723,-0.02001347499202058,-0.03563881605537894,-0.008809112386682576,-0.016872883909861053,0.19999999999999998
chaosnli_snli,qwen,29,LPE,0,64,1.1455480163824532,0.1936933475087678,0.3714756971281431,0.29650482630094704,0.5406593406593406,0.5406593406593406,0.62803053855896,0.11597982794046402,0.014637892937912657,-0.013093021292385043,0.014637892937912678,-0.013093021292385043,0.028628297850605135,0.00700536946336356,0.024190629781999387,0.000386862381973635,0.03242404533482592,0.017535995432573753,0.023776125120059333,-0.00013835401722339205,0.0
chaosnli_snli,qwen,29,LP-temp,0,64,1.021122887660222,0.18780811488166207,0.39174373463559614,0.48495813856398234,0.5538461538461539,0.5538461538461539,1.0331884743573387,,0.028394209380687905,,0.0283942093806879,,0.05185215056099756,,0.04209311383876695,,0.056809323512652166,,0.025044433976843382,,0.6000000000000001
chaosnli_snli,qwen,29,GPP-cosine,0,256,1.097983300531698,0.17441596637881956,0.35040838670957475,0.32127410719465427,0.5868131868131868,0.5868131868131868,0.7025774121284485,0.0437922477722168,0.10541007342727393,0.023367026545676708,0.10541007342727393,0.02336702654567669,0.08347004610335365,0.04156795219509017,0.09712175182347516,0.023383031670320367,0.07520231947439941,0.038403524147981566,0.10618263148916414,-0.0005571106052650953,0.7999999999999999
chaosnli_snli,qwen,29,GPP-rbf,0,256,0.9914415839329374,0.1619884537817939,0.34572795405369866,0.346879041163302,0.589010989010989,0.589010989010989,0.6703295111656189,0.1789756417274475,0.025221807674800218,0.02648131368516394,0.025221807674800215,0.026481313685163925,0.03043515385782447,0.015923663120257718,0.025287793795383873,0.018612631860185566,0.028513400746458795,0.006530329449396334,0.0024425344339000774,0.003890537895926849,0.7999999999999999
chaosnli_snli,qwen,29,GPP-laplace,0,256,1.0240766903613627,0.1901468860638349,0.3998521102162508,0.5076207906302584,0.5296703296703297,0.5296703296703297,0.6868858933448792,0.3701276481151581,0.019970897148596643,0.01536609469025433,0.01997089714859664,0.015366094690254309,0.020305776250536464,-0.0035581587048205635,0.012726878689953515,0.005288899280539454,0.012438723715305189,-0.01425128544950614,0.033842144259896595,0.001058102477024754,0.19999999999999998
chaosnli_snli,qwen,29,LPE,0,256,1.1232644527551117,0.1813422764593782,0.3559835010043801,0.3078601439105833,0.567032967032967,0.567032967032967,0.4592610001564026,0.24278900027275085,0.02239310008727282,0.08039490404298957,0.022393100087272813,0.08039490404298955,0.018675588624424394,0.06610383532560227,0.017592607614521624,0.06922597210875975,0.015001110295552744,0.05924569050664453,0.01139019193451492,0.07754901912628519,1.0
chaosnli_snli,qwen,29,LP-temp,0,256,1.0007500179697753,0.17796666015207638,0.375142076444975,0.45124010270468906,0.545054945054945,0.545054945054945,0.9973160342967258,,0.07652081545987745,,0.07652081545987748,,0.06356149131983913,,0.06771442638466119,,0.057533281657684884,,0.04652758968714653,,1.0
chaosnli_snli,qwen,29,GPP-cosine,0,1024,0.9994552361125205,0.14092325015114474,0.30726333875569894,0.3207418526758275,0.6527472527472528,0.6527472527472528,0.6911212205886841,0.01508018746972084,0.07272432206063802,0.01485498234196847,0.072724322060638,0.014854982341968477,0.06300846097093693,0.037066351099405245,0.06685804957113213,0.015227046937176515,0.05775896929308775,0.034836830416502707,0.07821155141594471,0.010417445987453032,0.6000000000000001
chaosnli_snli,qwen,29,GPP-rbf,0,1024,0.9346924446406357,0.13003646070990826,0.294995631817869,0.268746179264634,0.6637362637362637,0.6637362637362637,0.5638258457183838,0.0986793115735054,0.099067969115055,0.12318564905579703,0.09906796911505496,0.12318564905579701,0.11220052135340453,0.13068448077442402,0.09639283359813117,0.12116259514160113,0.1045105214023948,0.12086196886006416,0.09583162345749564,0.1087669596810473,0.6000000000000001
chaosnli_snli,qwen,29,GPP-laplace,0,1024,1.0116839751529345,0.17572354383985553,0.3706030268918027,0.4052982043851857,0.5362637362637362,0.5362637362637362,0.6175888776779175,0.3284015357494354,0.04616866935877537,0.04104060967559042,0.046168669358775366,0.04104060967559041,0.04932611037275894,0.04403418573369346,0.03928176730415749,0.03946846664434701,0.04280998760297547,0.044499277376191394,0.037207421002037035,0.031470888898405804,0.39999999999999997
chaosnli_snli,qwen,29,LPE,0,1024,1.0731161792019785,0.13801993255396683,0.2960451248250141,0.2807944156945468,0.6615384615384615,0.6615384615384615,0.2063341736793518,0.3587591350078583,0.10104107291689236,0.12700826788443415,0.10104107291689235,0.12700826788443415,0.11120417529409604,0.12006730883048547,0.09619103463826108,0.11660421372047082,0.10564611711172694,0.11028273147740193,0.11009476331319354,0.12224169821484195,0.7999999999999999
chaosnli_snli,qwen,29,LP-temp,0,1024,0.895655891622693,0.13807964301430775,0.32309938252151504,0.4077042554167373,0.6703296703296703,0.6703296703296703,0.945891513546802,,0.07730358379721544,,0.07730358379721543,,0.05627716297180727,,0.05047680430583368,,0.03668778717942106,,0.10772898605735709,,0.7999999999999999
chaosnli_snli,qwen,29,GPP-cosine,1,16,1.3733831619560692,0.23420040575980527,0.417407395904065,0.30909854403085824,0.47692307692307695,0.47692307692307695,0.5909460783004761,0.08210819959640503,0.053536793761906905,-0.02019038381308757,0.053536793761906884,-0.020190383813087576,0.015127578185420633,-0.033656042300496306,0.043125917661504566,-0.028425216938204295,0.01367526845239888,-0.0340656159549453,0.055025851427397174,-0.02318901233150132,0.39999999999999997
chaosnli_snli,qwen,29,GPP-rbf,1,16,1.2320801822718366,0.2078655980781754,0.3834001514927617,0.23680421962339318,0.5362637362637362,0.5362637362637362,0.5046579837799072,0.20141014456748962,-0.005871208817451779,0.02315058727207907,-0.005871208817451755,0.02315058727207905,-0.007456298899945573,0.01488356592326404,-0.008189511912408834,0.01595875756215201,-0.01215062340316768,0.006473375680491181,-0.023941232676524815,-0.013299885045176658,0.39999999999999997
chaosnli_snli,qwen,29,GPP-laplace,1,16,1.0637894690554417,0.20801302317590806,0.42551747319790034,0.5388469844437734,0.5362637362637362,0.5362637362637362,0.7044216990470886,0.38415098190307617,0.036255641720245986,0.03171069526243207,0.03625564172024598,0.03171069526243207,0.047610277909656114,0.02604649339293432,0.04060881342458013,0.029945511270599252,0.04859084099021769,0.0227259346931446,0.0195297014533097,-0.009181432474468364,1.0
chaosnli_snli,qwen,29,LPE,1,16,6.267459261550259,0.28157333249731975,0.43425594770073234,0.29857402659535753,0.5362637362637362,0.5362637362637362,0.2582091689109802,0.05795900151133537,-0.03745714220379065,-0.03874246472940314,-0.037457142203790636,-0.038742464729403125,-0.031055914463751187,-0.03168625190733362,-0.030861766794090195,-0.03236321110560523,-0.03012028087056832,-0.02995048364689312,-0.029711907392141194,-0.03644258827422797,-0.39999999999999997
chaosnli_snli,qwen,29,LP-temp,1,16,6.0804190211236255,0.2458046068091308,0.3965700288814143,0.20542617976316108,0.5362637362637362,0.5362637362637362,0.5258860077264962,,-0.03452334266833325,,-0.03452334266833325,,-0.028880814256210578,,-0.02869320278656838,,-0.028865173997332537,,-0.03739940949555052,,-0.39999999999999997
chaosnli_snli,qwen,29,GPP-cosine,1,64,1.616840611417225,0.2702855689558719,0.4454668681563107,0.2629571775398282,0.4307692307692308,0.4307692307692308,0.5298867225646973,0.05911877378821373,-0.023278821137793483,-0.06175678788010887,-0.023278821137793476,-0.061756787880108854,-0.002507187710808774,-0.020373598417524168,-0.023544642848812566,-0.05712987434371773,-0.003351294890072999,-0.01978684457451224,-0.03312432132247007,-0.05590789013664778,0.0
chaosnli_snli,qwen,29,GPP-rbf,1,64,1.0929474753253303,0.18680026940687386,0.36944567794491956,0.30721310292319354,0.545054945054945,0.545054945054945,0.618956983089447,0.19835764169692993,0.003790346995443339,0.029221053018905124,0.003790346995443346,0.029221053018905117,0.014054071325101749,0.03269026271111063,0.0015604799153621021,0.02179950395161167,0.008327683311048037,0.022281676295561343,0.019696719976863904,0.01989170231881639,0.7999999999999999
chaosnli_snli,qwen,29,GPP-laplace,1,64,1.0360444773704502,0.19345820882204995,0.40267660016050705,0.5018654947901385,0.5384615384615384,0.5384615384615384,0.6813230514526367,0.3695777356624603,0.026151977932433176,0.026503747612537685,0.02615197793243317,0.02650374761253768,0.03205007873859514,0.02415661935063999,0.02259119326899406,0.021369746274241947,0.027677547539980158,0.017989859601383894,0.012465110921920416,-0.002981236056210495,0.7999999999999999
chaosnli_snli,qwen,29,LPE,1,64,1.2881897925946357,0.21029390413439564,0.38188980515089377,0.2583594276517504,0.5428571428571428,0.5428571428571428,0.5186078548431396,0.08729726076126099,0.019688317700106456,0.03083673489839757,0.019688317700106463,0.03083673489839757,0.025921189191855196,0.022592239401041804,0.015991521888148626,0.03479699015851665,0.01899902372799365,0.02515351962510029,0.022452143422090547,0.01710742327055006,0.7999999999999999
chaosnli_snli,qwen,29,LP-temp,1,64,1.0130043246639224,0.1803687440492594,0.37719749874206854,0.44784666848468613,0.5384615384615384,0.5384615384615384,0.9919538033241634,,0.032757330596742185,,0.03275733059674217,,0.05192544970666803,,0.03747733715449428,,0.050615061960641056,,0.02748391086340151,,0.6000000000000001
chaosnli_snli,qwen,29,GPP-cosine,1,256,1.0329158550953017,0.16310979102414108,0.343712840848065,0.33779410105891844,0.578021978021978,0.578021978021978,0.7321131825447083,0.04477139934897423,0.0673337363125259,-0.027697610663833534,0.0673337363125259,-0.027697610663833534,0.05000457408976863,-0.00020596482068889824,0.05587030189161683,-0.0282462904941749,0.038551623024638784,-0.007438903544444583,0.07965980967358333,-0.03402094708049792,0.6000000000000001
chaosnli_snli,qwen,29,GPP-rbf,1,256,1.0059590225711392,0.16130509258818262,0.3397830421493931,0.3127195361063314,0.5824175824175825,0.5824175824175825,0.6380376219749451,0.17007724940776825,0.029558832983009254,0.04022334964005603,0.02955883298300925,0.040223349640056034,0.043690087424110555,0.03906172061514569,0.021057401968348013,0.028295389236673657,0.02879994372048375,0.019267018432174238,0.03344912202864967,0.048052031832722136,0.39999999999999997
chaosnli_snli,qwen,29,GPP-laplace,1,256,1.034046428077486,0.18628769796789435,0.38702533365442204,0.4418169224410024,0.5296703296703297,0.5296703296703297,0.6420085430145264,0.34552061557769775,-0.008176563633579322,-0.00024476046375835475,-0.00817656363357934,-0.0002447604637583582,-0.004553620928040264,-0.004607993084181958,-0.015042735482892672,-0.0061312793977426165,-0.014309807313583844,-0.014858501794765304,-0.007546409033358774,-0.025482236536869343,0.19999999999999998
chaosnli_snli,qwen,29,LPE,1,256,1.0909924683490366,0.16586981423294325,0.33481978721886935,0.2890373355545914,0.6131868131868132,0.6131868131868132,0.44382160902023315,0.23348098993301392,0.04435334354180097,0.06471092222207467,0.044353343541800955,0.06471092222207467,0.0615898509053321,0.0811940970946219,0.03696457525373572,0.06036779541210942,0.046678261951234576,0.07255113464080967,0.05106282417990485,0.06564859897908178,0.39999999999999997
chaosnli_snli,qwen,29,LP-temp,1,256,0.9780494405804288,0.17207236152305622,0.3711201895598555,0.46654092060119895,0.5934065934065934,0.5934065934065934,1.0139904848293793,,0.060075318272310135,,0.06007531827231015,,0.06503223762261529,,0.05000247288814,,0.053647181368485695,,0.0821443216845323,,0.39999999999999997
chaosnli_snli,qwen,29,GPP-cosine,1,1024,0.9927475406256899,0.13889298461474303,0.3056734102440514,0.3233162445523026,0.6659340659340659,0.6659340659340659,0.6974024772644043,0.015236294828355312,0.06797965472314396,0.0014970006607929222,0.06797965472314396,0.0014970006607929152,0.06181907384170919,0.02824100528494601,0.062279436885608414,0.00259386709640606,0.05459252663306565,0.02479792652741579,0.07590839018171534,0.004838186475223536,0.6000000000000001
chaosnli_snli,qwen,29,GPP-rbf,1,1024,0.9283227035277066,0.1279279212511822,0.2920321014016396,0.26808302472575235,0.676923076923077,0.676923076923077,0.5660852193832397,0.09926382452249527,0.09712339427615624,0.10650350931900668,0.09712339427615622,0.10650350931900665,0.11553684590497715,0.11838645944331991,0.09596718719350006,0.10704930508590443,0.10663960892367072,0.10910255546226835,0.09274859655435927,0.10920590882132648,0.7999999999999999
chaosnli_snli,qwen,29,GPP-laplace,1,1024,1.00824313571067,0.17474591398000786,0.3693283056001087,0.40667056891436226,0.5362637362637362,0.5362637362637362,0.6188969016075134,0.32911592721939087,0.05121675223214247,0.04434674461302266,0.05121675223214245,0.044346744613022654,0.055104114699627206,0.0486506776432041,0.0440815621178366,0.0428584967597368,0.04769797840880782,0.048591448112986074,0.047964318443349856,0.04106337039365803,0.7999999999999999
chaosnli_snli,qwen,29,LPE,1,1024,1.0615363679051102,0.1372781227781256,0.2959125621983599,0.2743682066072842,0.6593406593406593,0.6593406593406593,0.20684462785720825,0.3593378961086273,0.13895798705078266,0.16519114894286843,0.1389579870507827,0.16519114894286843,0.15482631927589416,0.16392116578688365,0.13848572153143912,0.1517481273643245,0.15026659752070431,0.14740433178036827,0.14062048788951798,0.15282392371808956,0.6000000000000001
chaosnli_snli,qwen,29,LP-temp,1,1024,0.8887953026071937,0.13542032729446532,0.31877023079566075,0.4017560897280366,0.6593406593406593,0.6593406593406593,0.9398287935777702,,0.10877771313009432,,0.10877771313009432,,0.08653887558713799,,0.08201679834345098,,0.06493773193824906,,0.12199008754816035,,0.7999999999999999
chaosnli_snli,qwen,29,GPP-cosine,2,16,1.295877773595696,0.23232753083597468,0.4162342489432866,0.3245226589776828,0.45714285714285713,0.45714285714285713,0.6708412170410156,0.09875388443470001,-0.0052330816252473475,-0.08113442297819082,-0.00523308162524733,-0.08113442297819082,0.004341287701254266,-0.04029156941065843,0.008313613278450201,-0.0642682479802716,0.011321240760782097,-0.032755441570279153,0.030868488373138027,-0.07301728807318951,-0.19999999999999998
chaosnli_snli,qwen,29,GPP-rbf,2,16,1.2167503392718373,0.21653509128000833,0.3987257485574746,0.25840438511032726,0.5340659340659341,0.5340659340659341,0.5403853058815002,0.20989473164081573,-0.000717721196742625,0.01390550141259221,-0.0007177211967426414,0.01390550141259221,-0.012286841995876195,0.0062789294645569475,-0.011056590929862104,0.004568418796084333,-0.019386054911600836,-0.0018678430749699132,0.018483701767846843,0.0033777617271200785,0.0
chaosnli_snli,qwen,29,GPP-laplace,2,16,1.0695952712890897,0.21040382042635378,0.4277696571507297,0.5402905664097943,0.5340659340659341,0.5340659340659341,0.7053224444389343,0.38468989729881287,-0.004045236632829068,-0.006977452668962245,-0.0040452366328290745,-0.006977452668962235,0.01077545782663853,-0.02032648347668822,-0.0008026116944067005,-0.014280006256724185,0.012037127027198127,-0.027538767859226796,0.007586029750998255,-0.02539726220032422,0.39999999999999997
chaosnli_snli,qwen,29,LPE,2,16,1.7320678568832268,0.28135805616021126,0.4442722964627607,0.2687844081078843,0.5340659340659341,0.5340659340659341,0.31072139739990234,0.048476919531822205,0.010287389157372304,0.01049713880026913,0.010287389157372314,0.010497138800269135,0.015610598721664688,-0.007776047619548417,0.010356669322248241,-0.001642385124486282,0.014196027303634014,-0.011917036738356557,0.005696019601350342,0.005723856021942709,0.7999999999999999
chaosnli_snli,qwen,29,LP-temp,2,16,1.1305372221634014,0.2026024995213291,0.39122662511898904,0.32968956697844587,0.5362637362637362,0.5362637362637362,0.8538359578534953,,-0.006510151729714347,,-0.006510151729714336,,0.0018496063703243477,,-0.005064359337649246,,0.0019595335606239703,,-0.01146815939173473,,-0.19999999999999998
chaosnli_snli,qwen,29,GPP-cosine,2,64,1.1973070423113645,0.2129649300948319,0.3973953681706277,0.3379271073385041,0.49230769230769234,0.49230769230769234,0.7199426889419556,0.08065401017665863,0.020759136860065107,-0.023807385466030943,0.020759136860065107,-0.02380738546603095,0.0390514260296909,0.01123830465918689,0.037004446586951734,-0.009073425944850302,0.046184877313998236,0.01699157905469004,0.035847258327188464,-0.05548505681881681,0.39999999999999997
chaosnli_snli,qwen,29,GPP-rbf,2,64,1.024900535413667,0.1817369565086091,0.37661111929996327,0.4171178855141685,0.5428571428571428,0.5428571428571428,0.716600775718689,0.2387777715921402,0.011813796866602009,0.04356469783426821,0.01181379686660201,0.043564697834268196,0.036142778249809535,0.05119592150252544,0.026661160779546098,0.04828899486063646,0.04195857626988008,0.04791256350982669,0.007050704170544577,0.054783829190394207,0.39999999999999997
chaosnli_snli,qwen,29,GPP-laplace,2,64,1.052522088277633,0.20275604369716924,0.4174241407886966,0.5295827479369003,0.5318681318681319,0.5318681318681319,0.6993846893310547,0.3798570930957794,-0.017131227219167544,-0.012247669382238606,-0.017131227219167537,-0.012247669382238612,-0.001151555595822834,-0.014694616316101524,-0.009920539241039111,-0.010969858813300103,0.0021181551182592115,-0.01677782578528012,0.012677006130095704,-0.017367633289130893,0.39999999999999997
chaosnli_snli,qwen,29,LPE,2,64,1.1166741403084612,0.1936122417109143,0.37719065855195805,0.33010627282914984,0.545054945054945,0.545054945054945,0.6721711158752441,0.1223805695772171,0.027101197608732846,0.03482087016122218,0.027101197608732842,0.03482087016122218,0.04082076547854811,0.03620474222672998,0.03841969501379688,0.03384782150243414,0.043674333270766905,0.03564840603036844,0.015390992631460966,0.034476585333351926,0.39999999999999997
chaosnli_snli,qwen,29,LP-temp,2,64,1.0301073936654845,0.18798067666969234,0.3862649608234719,0.44655498959631357,0.5098901098901099,0.5098901098901099,0.9905710636736861,,0.047999347686674826,,0.047999347686674826,,0.06143061552853557,,0.05668884932824791,,0.061932065349867726,,0.024083599724634527,,1.0
chaosnli_snli,qwen,29,GPP-cosine,2,256,1.0650988737930915,0.1754009717355789,0.35753066955040885,0.32537045503051054,0.5538461538461539,0.5538461538461539,0.72151780128479,0.04440591484308243,0.08576506746843497,0.013544732719183883,0.08576506746843497,0.013544732719183886,0.04179105038194924,-0.0018911829508636985,0.06800712407414773,0.0023316271152589406,0.02563900598296178,-0.015344103461329006,0.07571844005309648,-0.007451688764661176,0.7999999999999999
chaosnli_snli,qwen,29,GPP-rbf,2,256,0.9889711259221388,0.1608840295907224,0.341904021938751,0.3498660997461444,0.5956043956043956,0.5956043956043956,0.6714372038841248,0.17922067642211914,0.005208525256496337,0.05148676677290977,0.005208525256496323,0.05148676677290977,0.013760312976127412,0.0418663680032226,-0.0008716551310058163,0.043292555235279986,0.006329466804655988,0.029888947754416514,-0.008814463094530996,0.06248454707138367,-0.39999999999999997
chaosnli_snli,qwen,29,GPP-laplace,2,256,1.0275526932002403,0.18896944492263149,0.3952835278524147,0.48738936384601106,0.5318681318681319,0.5318681318681319,0.6733764410018921,0.3626541495323181,-0.0009013135088011132,0.012415935262495369,-0.0009013135088011062,0.012415935262495363,0.0014616983225484437,-0.0023559348022008583,-0.006966995190181756,0.005594458328170002,-0.008365190760631087,-0.013314851575376305,0.008883640103142692,-0.02033612956474991,0.19999999999999998
chaosnli_snli,qwen,29,LPE,2,256,1.0819117415199515,0.16915510672966033,0.33977478962295826,0.30784804866987775,0.6087912087912087,0.6087912087912087,0.47322794795036316,0.23377446830272675,0.0507289457453227,0.03780721037386964,0.05072894574532269,0.03780721037386963,0.04360461111936622,0.03672194726488776,0.03731126834224379,0.02529234490280256,0.03052647365888554,0.025762483739965363,0.0417288328328536,0.04504716348351446,0.6000000000000001
chaosnli_snli,qwen,29,LP-temp,2,256,0.983958773983453,0.169727410382238,0.3611150047175196,0.427223123100821,0.567032967032967,0.567032967032967,0.9697207938732875,,0.08109717264967546,,0.08109717264967545,,0.0712571150725105,,0.06895917276163549,,0.06017451707328779,,0.08593173105657118,,0.7999999999999999
chaosnli_snli,qwen,29,GPP-cosine,2,1024,0.9869709731229614,0.1375352315394466,0.30288198907562147,0.3185743914624956,0.6703296703296703,0.6703296703296703,0.6977260708808899,0.015473248437047005,0.07964203520357716,0.02858212812349871,0.07964203520357714,0.02858212812349869,0.06823794758252022,0.04772789100260576,0.07504428012492853,0.030182609566646916,0.06403981872188577,0.046656276286598464,0.07713867079343385,0.021298938482950454,0.6000000000000001
chaosnli_snli,qwen,29,GPP-rbf,2,1024,0.9274147513560198,0.12721060149046035,0.2909437342161814,0.27456504150294725,0.6615384615384615,0.6615384615384615,0.5671014189720154,0.09947063773870468,0.10886970257425252,0.13133646088959927,0.10886970257425252,0.13133646088959924,0.11979090891615995,0.1361461337994514,0.10508237080470074,0.1275340267719855,0.11076665021433169,0.12466418445123771,0.1089218754130396,0.12707064834913667,0.6000000000000001
chaosnli_snli,qwen,29,GPP-laplace,2,1024,1.0094628781672634,0.17509776887767292,0.36964536727621006,0.4061114387429969,0.5340659340659341,0.5340659340659341,0.618025541305542,0.3285897374153137,0.03732460775147626,0.033188424299897004,0.03732460775147624,0.03318842429989701,0.038375737652767576,0.035580068730826364,0.028264274427052878,0.030068223550404574,0.03153042315877258,0.03581978289161149,0.031301577214345136,0.0295982048503623,0.39999999999999997
chaosnli_snli,qwen,29,LPE,2,1024,1.0629496031992245,0.13403481599198408,0.29053078166777424,0.2794589929362441,0.6681318681318681,0.6681318681318681,0.2103375941514969,0.34851357340812683,0.12070574559667806,0.16607375807024907,0.12070574559667804,0.16607375807024904,0.12745316412775237,0.16359633060577544,0.11895351229776802,0.15790881634202636,0.12179279675275162,0.14978393577100735,0.12550015189672287,0.15943567874835493,0.6000000000000001
chaosnli_snli,qwen,29,LP-temp,2,1024,0.8913147572820884,0.1348011818396443,0.3145017295271337,0.38631226156018,0.6483516483516484,0.6483516483516484,0.9148586378330151,,0.08443013774863473,,0.08443013774863471,,0.07380279095611703,,0.06668783459978578,,0.05800423603238079,,0.12185950479709774,,0.7999999999999999
chaosnli_snli,qwen,29,GPP-cosine,3,16,1.4347492762066065,0.3019940201826391,0.5057784952824567,0.3766948928327835,0.2945054945054945,0.2945054945054945,0.7461667060852051,0.11894416064023972,0.07847665696618775,0.015441934969816088,0.07847665696618775,0.015441934969816091,0.02980377503847239,0.024893735316297155,0.061744608548377385,0.018255111908734495,0.021953208122953677,0.025941691086356734,0.0469426517388167,-0.011530456918827032,0.39999999999999997
chaosnli_snli,qwen,29,GPP-rbf,3,16,1.1781486790488327,0.24659397726885962,0.4679429620627191,0.50197455907492,0.2879120879120879,0.2879120879120879,0.7460496425628662,0.30274972319602966,0.027620626922550486,0.036309351291597555,0.02762062692255048,0.036309351291597534,0.029166080947508534,0.016784118841357484,0.03314920965525373,0.027283626009063106,0.02991990346989798,0.00601807705391137,0.08599772312003501,0.030483619601469638,0.6000000000000001
chaosnli_snli,qwen,29,GPP-laplace,3,16,1.1059421165981693,0.2252114673707849,0.44774854523794994,0.5476331561456094,0.27692307692307694,0.27692307692307694,0.7100602984428406,0.3873138725757599,0.008227103663564266,-0.015169450454297864,0.00822710366356428,-0.015169450454297878,0.02216698476653019,-0.037375619837450975,0.015518142007759968,-0.023065704380762136,0.025758346474359595,-0.043418906370682096,0.02163380361579731,-0.01352811821447289,0.6000000000000001
chaosnli_snli,qwen,29,LPE,3,16,1.4296966037565284,0.306898284035539,0.5169850757795867,0.3598256442345728,0.2857142857142857,0.2857142857142857,0.7112094163894653,0.17235612869262695,0.05797283516570276,0.058887658568606394,0.05797283516570274,0.058887658568606394,0.05892523324973986,0.06485098256591591,0.05837398949813059,0.0570462108857957,0.056217505537920764,0.06551438708424913,0.08775039843490684,0.06680779161509988,0.7999999999999999
chaosnli_snli,qwen,29,LP-temp,3,16,1.19085270245482,0.2481115104066088,0.4663583364316466,0.4805984274432402,0.3252747252747253,0.3252747252747253,1.0258136896456056,,0.029686989364117757,,0.029686989364117757,,0.01968426545779582,,0.025151822694580078,,0.014540030464390228,,0.06519818403627028,,0.7999999999999999
chaosnli_snli,qwen,29,GPP-cosine,3,64,1.2252884046701153,0.21318419556336407,0.40047552416658866,0.32115733201223584,0.4945054945054945,0.4945054945054945,0.6640379428863525,0.07111377269029617,0.020398410570690553,-0.052729652908074374,0.020398410570690553,-0.052729652908074354,-0.007418793419669698,-0.0374636809837103,0.009074066672234999,-0.054033814763864235,-0.01636518669318136,-0.0423332466458598,0.012304589686467863,-0.07805599869492283,-0.39999999999999997
chaosnli_snli,qwen,29,GPP-rbf,3,64,1.0344130771103748,0.18175000673215572,0.37404318060316555,0.39446653726647307,0.545054945054945,0.545054945054945,0.7015112638473511,0.23168307542800903,-0.017476501583956305,0.028454697610848206,-0.01747650158395631,0.028454697610848192,-0.004317168840221583,0.021845369054317103,-0.010077513986894934,0.022399009698690138,-0.011236097766554341,0.007868488982721213,-0.007532841167028856,0.027704818658857645,-0.39999999999999997
chaosnli_snli,qwen,29,GPP-laplace,3,64,1.0483199375660104,0.2013096507739516,0.41657093715864224,0.5281907026946442,0.5340659340659341,0.5340659340659341,0.6983935236930847,0.37944653630256653,-0.0011424726232429072,0.005936462121464588,-0.001142472623242928,0.0059364621214645745,-0.002466692760579668,-0.022141299818262142,-0.0038696044661381684,-0.006284853478811608,-0.008847703134339295,-0.03372180367850365,0.012891638776122918,-0.0032362864636517755,0.39999999999999997
chaosnli_snli,qwen,29,LPE,3,64,1.1276577496094033,0.1880633483510598,0.36560389280388295,0.2938020930823639,0.5538461538461539,0.5538461538461539,0.627722978591919,0.13032761216163635,-0.013287934281611112,-0.006418061186406577,-0.01328793428161112,-0.006418061186406565,0.011697361027205817,0.011939351629858003,0.0005184193745761956,-0.0015598668005421534,0.011229425725588932,0.003907613554592553,0.007506023928883806,-0.010493629875390036,-0.39999999999999997
chaosnli_snli,qwen,29,LP-temp,3,64,1.0258694978184992,0.1921732340155447,0.40213744621908365,0.5142593003590529,0.5384615384615384,0.5384615384615384,1.063576360972504,,0.012911530434891608,,0.01291153043489159,,0.01976699484391001,,0.01733037999717574,,0.016670136775622218,,0.03849229157358999,,0.0
chaosnli_snli,qwen,29,GPP-cosine,3,256,1.0454255195303914,0.15664417368534952,0.3365735777361596,0.32287923556392784,0.567032967032967,0.567032967032967,0.6917154788970947,0.039675600826740265,0.08420879206960455,-0.012964736041435984,0.08420879206960452,-0.012964736041435984,0.07183410916845548,0.01854293455866776,0.07884559601154206,-0.004376954046751404,0.061832417626437666,0.018319983704098514,0.10562233593875117,-0.0030772940018701984,0.6000000000000001
chaosnli_snli,qwen,29,GPP-rbf,3,256,1.0230550253265345,0.1612605169545636,0.33700217238248703,0.28855475570128886,0.5736263736263736,0.5736263736263736,0.5941343307495117,0.1585814207792282,0.07392140451336413,0.0768794973722802,0.07392140451336411,0.07687949737228017,0.10809896584111693,0.10722053795628958,0.0869243622870414,0.08665859164409369,0.11019449548168922,0.10686360294144868,0.08345518140849188,0.09860558328348287,0.7999999999999999
chaosnli_snli,qwen,29,GPP-laplace,3,256,1.0359010204048895,0.18443792455235353,0.3816592287517838,0.4217910770172318,0.5362637362637362,0.5362637362637362,0.6261001229286194,0.3368884027004242,-0.0160233280922962,-0.028500895439672363,-0.016023328092296184,-0.02850089543967237,-0.0018851824244833365,-0.01247066823448683,-0.014350917177320139,-0.023454992584400685,0.0027040070476677426,-0.003348613031779621,0.028110389573987173,0.011014941697193095,0.19999999999999998
chaosnli_snli,qwen,29,LPE,3,256,1.1363376779622263,0.16928492024766054,0.33631249715138806,0.28092516945761675,0.6087912087912087,0.6087912087912087,0.4143713712692261,0.20768027007579803,0.09271811062103352,0.13787559030088964,0.0927181106210335,0.13787559030088964,0.12226647471525323,0.1494040118973581,0.1065460179785224,0.1387067276051602,0.1262688666971662,0.14238158551017632,0.10451843395050008,0.14845468856643815,0.6000000000000001
chaosnli_snli,qwen,29,LP-temp,3,256,0.9718672973711259,0.16183406092367125,0.34833947085044786,0.40038734020196065,0.5736263736263736,0.5736263736263736,0.9345690061715412,,0.11187395501943954,,0.11187395501943954,,0.13890122706436117,,0.12330866089312807,,0.14118871544488473,,0.11851537609073916,,0.6000000000000001
chaosnli_snli,qwen,29,GPP-cosine,3,1024,0.9797279401331163,0.13606813940048437,0.3009010199144341,0.32316890923380903,0.6593406593406593,0.6593406593406593,0.7025313973426819,0.015447870828211308,0.07775423779042354,0.024238521055080807,0.07775423779042352,0.02423852105508078,0.0652559059638745,0.04249374429900986,0.0732297940718962,0.026341177249818302,0.06001156585885107,0.040674112070664535,0.0817481145081375,0.007171923182872439,0.6000000000000001
chaosnli_snli,qwen,29,GPP-rbf,3,1024,0.9312772678906105,0.12898483495974455,0.29502409155637915,0.2726084286090205,0.6571428571428571,0.6571428571428571,0.5663787722587585,0.09863561391830444,0.0789242350041732,0.08945283925285863,0.0789242350041732,0.08945283925285862,0.08974037757081788,0.09507724546275738,0.07449022296123628,0.08676345795267842,0.08054390370330382,0.08545731728238665,0.08048127072612146,0.09190789843312801,0.6000000000000001
chaosnli_snli,qwen,29,GPP-laplace,3,1024,1.0068631244527722,0.1747402752657069,0.36999449974724224,0.41146259573099553,0.5318681318681319,0.5318681318681319,0.6222878098487854,0.33083978295326233,0.037756781195825526,0.030050906026976416,0.03775678119582553,0.03005090602697641,0.034544206380303435,0.028523834048169387,0.026949640568881453,0.025669360422367022,0.02579358550170004,0.027502470285562026,0.03321783131201149,0.021644759827105974,0.39999999999999997
chaosnli_snli,qwen,29,LPE,3,1024,1.0733551327184574,0.13626872476361118,0.29460314353016687,0.2810906622187472,0.6703296703296703,0.6703296703296703,0.2046137899160385,0.3562275171279907,0.08328336196746762,0.10123450384059128,0.0832833619674676,0.10123450384059125,0.09145489708578941,0.10531865033359625,0.07851690893280314,0.09465902020125261,0.08585985363437668,0.09576960006547569,0.10184862183084813,0.10395781990557233,0.6000000000000001
chaosnli_snli,qwen,29,LP-temp,3,1024,0.8866208596157888,0.13456669321361325,0.31669065416401726,0.4027126461166528,0.6725274725274726,0.6725274725274726,0.9396626565215231,,0.09687933508746008,,0.09687933508746008,,0.08202147730797485,,0.07478529948310161,,0.06325770699845724,,0.11748249837928551,,0.7999999999999999
chaosnli_snli,qwen,29,GPP-cosine,4,16,2.3505083865759056,0.3826130533773834,0.534706997972079,0.28433347516198976,0.35604395604395606,0.35604395604395606,0.3941052258014679,0.07768461108207703,0.04639250991539301,0.028725392831037165,0.046392509915392996,0.028725392831037165,0.10077936696555122,0.061297190425352116,0.07902944604008362,0.04261867630729506,0.11745054444291081,0.06852234110113958,0.05397309965822084,0.006625450294401223,0.7999999999999999
chaosnli_snli,qwen,29,GPP-rbf,4,16,1.0540658051592862,0.186497484616401,0.3796335431409406,0.3831432263578486,0.5362637362637362,0.5362637362637362,0.6660736799240112,0.25661981105804443,0.029267646885724745,0.057451602089339325,0.029267646885724738,0.0574516020893393,0.03260445885104418,0.0416628780097585,0.025724990000895627,0.044569660307661074,0.022254115559259526,0.027037267976633306,0.05471875901623973,0.03285385578051311,0.39999999999999997
chaosnli_snli,qwen,29,GPP-laplace,4,16,1.071243084735142,0.21159592768918156,0.43020899282706965,0.544442546415942,0.5362637362637362,0.5362637362637362,0.708052396774292,0.3861300051212311,0.01151700170522059,0.0012877198666849943,0.011517001705220603,0.0012877198666849908,0.025126075132129583,-0.01905864744826112,0.01556209650136544,-0.00821948953503257,0.027537183003813304,-0.026121074042648483,0.02954259570808052,-0.007903154991075224,0.7999999999999999
chaosnli_snli,qwen,29,LPE,4,16,1.2309516093980244,0.2116287427632328,0.38862675613631587,0.23926152391644234,0.5318681318681319,0.5318681318681319,0.5567008256912231,0.10677850991487503,0.04143900969480372,0.012995083747648177,0.04143900969480371,0.012995083747648167,0.0446392934081181,0.014532325413371835,0.03919919808747405,0.011054395912346276,0.03353138646846203,0.0057057913610705745,0.060089404621283864,0.03476061874163881,0.39999999999999997
chaosnli_snli,qwen,29,LP-temp,4,16,1.038852878201855,0.18594523673253088,0.38275768613782296,0.42406666297660833,0.5252747252747253,0.5252747252747253,0.9688056455077468,,0.04053531228689497,,0.04053531228689496,,0.04212599739784111,,0.03446392138752409,,0.028334664982140975,,0.06111285489509981,,0.39999999999999997
chaosnli_snli,qwen,29,GPP-cosine,4,64,1.375705931625874,0.23341778321602077,0.41155142829256175,0.3277983746455168,0.5230769230769231,0.5230769230769231,0.6081584692001343,0.05720911920070648,0.036706781130025096,-0.06342626460048698,0.036706781130025096,-0.06342626460048696,0.06316393942089076,-0.0181821406582264,0.05608413111732577,-0.04678230463863232,0.07272515840304371,-0.00629647525847098,0.06370106872006337,-0.04817452482310915,0.6000000000000001
chaosnli_snli,qwen,29,GPP-rbf,4,64,1.184301608923977,0.20743952199879495,0.388888122726764,0.2642569122667412,0.5318681318681319,0.5318681318681319,0.5500757694244385,0.17805172502994537,0.004330934087040309,0.026915902447701357,0.0043309340870403,0.026915902447701347,0.033851658228061327,0.044567546211264325,0.015924360092701435,0.03218368767398144,0.031614534404691155,0.038905136148267364,0.023054989839679033,0.028690304386511007,0.39999999999999997
chaosnli_snli,qwen,29,GPP-laplace,4,64,1.0456006454884794,0.1946424760150947,0.4013080717934357,0.48491088015127265,0.5318681318681319,0.5318681318681319,0.6699572801589966,0.3633667230606079,0.011572590016393726,0.015270441284109164,0.011572590016393706,0.015270441284109152,0.02549198923108063,0.022762964559916228,0.013984184860891266,0.016458258692761664,0.02337962683639798,0.01913658324505947,0.013678256528743393,-0.014234793843881871,0.19999999999999998
chaosnli_snli,qwen,29,LPE,4,64,1.485440810441002,0.24838263853241405,0.4217378583286408,0.28255515673766424,0.5296703296703297,0.5296703296703297,0.40005549788475037,0.0848798006772995,-0.021170300664473164,-0.002451719093792288,-0.02117030066447317,-0.002451719093792281,0.008716268832292456,0.0322222072398453,-0.004870833880793363,0.017313902226029736,0.012486939709349455,0.03913870872680687,0.005334846821582095,0.015642921792657336,0.39999999999999997
chaosnli_snli,qwen,29,LP-temp,4,64,1.0365392983259,0.18925329603061947,0.3905586370239458,0.45601791260791985,0.5230769230769231,0.5230769230769231,1.001828715061939,,0.02694430615989038,,0.026944306159890363,,0.053202537989412185,,0.03837953627867666,,0.05038318804523583,,0.020903177198876355,,0.7999999999999999
chaosnli_snli,qwen,29,GPP-cosine,4,256,1.145872720186729,0.17913197941924605,0.3538454441264208,0.31910846503153345,0.5846153846153846,0.5846153846153846,0.665905237197876,0.039607491344213486,0.009309675406314031,-0.03625384183310843,0.009309675406314014,-0.03625384183310842,-0.0013721096762672963,-0.0212811344234577,0.008428980790131458,-0.0338885298621286,-0.0074797851560172695,-0.02719298781648133,0.030597194745442615,-0.049931977555702785,0.0
chaosnli_snli,qwen,29,GPP-rbf,4,256,1.009138251660714,0.16158929885178047,0.3368284267895333,0.3207507995187215,0.5934065934065934,0.5934065934065934,0.6244285702705383,0.1686902791261673,-0.008523491655253602,0.03978368230251586,-0.00852349165525363,0.03978368230251583,0.0136080073383271,0.05336380121949876,-0.008795476105761653,0.03430221425836997,0.004782182939510028,0.0406638571867972,0.0029008480406783033,0.05790561513119659,-0.19999999999999998
chaosnli_snli,qwen,29,GPP-laplace,4,256,1.0420358275491592,0.1888423221866853,0.3889327192535767,0.4426163472432495,0.5340659340659341,0.5340659340659341,0.6420565843582153,0.345769464969635,0.04104338682091578,0.05568897081202303,0.04104338682091578,0.055688970812023,0.02442341281393142,0.03492261141211131,0.02844270895777804,0.043202354277368064,0.014838946148412798,0.025313432203177118,0.03816367014868913,0.023949131340491533,0.39999999999999997
chaosnli_snli,qwen,29,LPE,4,256,1.1207723400818277,0.1723176904756335,0.34171351665799005,0.3140374768985276,0.6131868131868132,0.6131868131868132,0.441332072019577,0.21342313289642334,-0.00040110875489694775,0.010228142397563623,-0.0004011087548969547,0.010228142397563623,0.013949811200887938,0.006227536461694494,-0.003982428626211971,0.0013006522493073797,0.004652585315668693,-0.004495109756750441,0.012582125806653091,0.0299304583281879,-0.19999999999999998
chaosnli_snli,qwen,29,LP-temp,4,256,0.9730481359479499,0.16697092059357396,0.3577711044479304,0.42472539709167045,0.6021978021978022,0.6021978021978022,0.9655391711353434,,-0.01060638540782853,,-0.01060638540782853,,-0.011615230955208736,,-0.021655100391403323,,-0.0227920285822076,,-0.01942459826343005,,-0.39999999999999997
chaosnli_snli,qwen,29,GPP-cosine,4,1024,1.0002683459500776,0.14189240141520537,0.30866162451638557,0.3200770120316987,0.6395604395604395,0.6395604395604395,0.6918922662734985,0.015118022449314594,0.07436171935899553,0.01310523305054686,0.07436171935899552,0.013105233050546845,0.06217366452547586,0.030086648589830078,0.06816706911674072,0.012152747147058999,0.056654125044893915,0.02732983147378877,0.07879356829226614,0.014128671471554905,0.6000000000000001
chaosnli_snli,qwen,29,GPP-rbf,4,1024,0.9376358064584128,0.13071148177825373,0.29677316196503345,0.273541764913519,0.6659340659340659,0.6659340659340659,0.5633615851402283,0.09830690920352936,0.08247877917292319,0.09188543153565128,0.08247877917292318,0.09188543153565129,0.09552281006736471,0.09920058384642554,0.07820331533812605,0.0893617747824044,0.08629385805793113,0.089123402044662,0.08345836635363973,0.09392154815341615,0.7999999999999999
chaosnli_snli,qwen,29,GPP-laplace,4,1024,1.0116417924464438,0.17560816046152583,0.37000692896954307,0.4029613581614341,0.5362637362637362,0.5362637362637362,0.6160893440246582,0.3274866044521332,0.04570658492321872,0.038503643954817646,0.045706584923218725,0.03850364395481763,0.046588364047818076,0.040578357572252914,0.03640802754571884,0.035198007115195135,0.03912033558768419,0.04023364446656939,0.04696921418134993,0.03739463207782873,0.39999999999999997
chaosnli_snli,qwen,29,LPE,4,1024,1.093238959257706,0.13891447503452445,0.2937594883328817,0.2716777470667195,0.6681318681318681,0.6681318681318681,0.20907901227474213,0.3507009744644165,0.1368085898900056,0.11379084238824066,0.1368085898900056,0.11379084238824065,0.15632114230967545,0.10657320507377573,0.13491299257271233,0.0996503716833057,0.14922417869722576,0.09472445163941218,0.1565323464504613,0.1206194145543238,0.7999999999999999
chaosnli_snli,qwen,29,LP-temp,4,1024,0.8912474832670199,0.13652099432028028,0.3200171941995316,0.40713526899838876,0.6659340659340659,0.6659340659340659,0.9460627376004768,,0.09222762769023202,,0.09222762769023202,,0.06990143773954627,,0.06529094886215131,,0.048005587885382214,,0.12073598354673577,,0.7999999999999999
chaosnli_snli,qwen,38,GPP-cosine,0,64,1.3131120276171027,0.23176725801244652,0.4205767376156043,0.2963085227089138,0.45054945054945056,0.45054945054945056,0.617851734161377,0.08586092293262482,-0.0032568881206945788,-0.04858075927804035,-0.0032568881206945753,-0.04858075927804037,-0.04519459050966047,-0.028621483260066135,-0.031401400449331915,-0.049850669740168385,-0.05782155521540155,-0.029493951942305155,-0.017613574753449268,-0.05122774063966146,-0.6000000000000001
chaosnli_snli,qwen,38,GPP-rbf,0,64,1.0557759931425112,0.1821002503135837,0.3713708043855789,0.3580739354518011,0.5406593406593406,0.5406593406593406,0.6693488955497742,0.207341730594635,-0.03306737996477248,0.0335403503879525,-0.03306737996477249,0.033540350387952486,-0.03349386997166936,0.025442196383819414,-0.034066509051097205,0.024156049062297805,-0.031400070264337485,0.018977280216360703,-0.0367399984521359,0.016421513483505183,-0.7999999999999999
chaosnli_snli,qwen,38,GPP-laplace,0,64,1.037140437040233,0.19504065458074438,0.4065309333604771,0.5125502497711681,0.5362637362637362,0.5362637362637362,0.6885192394256592,0.3733515739440918,0.006699864493756372,0.017234192307192503,0.006699864493756372,0.017234192307192496,0.0068706676732877385,-0.003463526469834645,0.0010271587214517285,0.003943899825508962,0.003930151817826286,-0.0127225889735431,0.007991091074904123,0.012698440003453238,0.19999999999999998
chaosnli_snli,qwen,38,LPE,0,64,1.1850944800999754,0.19826457428954275,0.3768338504293422,0.299616638955213,0.5384615384615384,0.5384615384615384,0.604179859161377,0.1118682250380516,-0.006224529477420193,-0.062204607504841566,-0.006224529477420179,-0.062204607504841546,-0.0022473402503165596,-0.05943450060954865,-0.0026334556586978114,-0.060983733881197655,0.002627547693979451,-0.05234925543113674,-0.015075810459627933,-0.06051523178755384,-0.39999999999999997
chaosnli_snli,qwen,38,LP-temp,0,64,1.0343943644395772,0.18479194568837695,0.37998682813381385,0.43051027334924363,0.5252747252747253,0.5252747252747253,0.9675014338443773,,0.008091213435981251,,0.008091213435981254,,0.0180315250420573,,0.013233787027507049,,0.02206915388575352,,-0.009536490159552704,,-0.39999999999999997
chaosnli_snli,qwen,38,GPP-cosine,0,256,1.0965932563743088,0.1738469292195124,0.351309921081314,0.3235607335686089,0.5758241758241758,0.5758241758241758,0.685655951499939,0.04873737692832947,0.08871975917598668,0.016799869986225787,0.08871975917598668,0.016799869986225766,0.080628667120744,0.0537962727161595,0.08899469941299465,0.027972083479305576,0.07788845414520175,0.05731425234755905,0.10599038820003881,-0.00998900716616181,0.6000000000000001
chaosnli_snli,qwen,38,GPP-rbf,0,256,0.9838030715008942,0.1596198512533281,0.34081284775767107,0.3504125641164023,0.589010989010989,0.589010989010989,0.6822606921195984,0.17412851750850677,0.02216120417292706,0.04861464498417567,0.022161204172927062,0.048614644984175656,0.03608453545676445,0.05464905796349243,0.026607547413238092,0.0487451566779631,0.033420326134213835,0.04653051704481076,0.02064768089911437,0.049809675662024655,0.7999999999999999
chaosnli_snli,qwen,38,GPP-laplace,0,256,1.0223622164843809,0.1886795426873398,0.3973543717638477,0.5010221693616397,0.5318681318681319,0.5318681318681319,0.6828528642654419,0.3673029839992523,0.03738344222928751,0.03569187362456328,0.037383442229287495,0.03569187362456326,0.03520069438541257,0.01833339054738859,0.030959746772663367,0.02707220077940952,0.02589397489552122,0.007093936124487105,0.03722786834988634,0.025942302689702674,0.19999999999999998
chaosnli_snli,qwen,38,LPE,0,256,1.0998692043016274,0.1776020478994474,0.349683463148396,0.30121202497024974,0.5626373626373626,0.5626373626373626,0.47969257831573486,0.23855060338974,0.05672882944872068,0.07344320724848749,0.05672882944872069,0.07344320724848749,0.06235546851897002,0.08151119185931373,0.060413827635486174,0.06825077890724643,0.0608191221364119,0.0728207973984462,0.05141845515511581,0.07656620875255603,0.7999999999999999
chaosnli_snli,qwen,38,LP-temp,0,256,0.99553665437587,0.17722665156146955,0.375578255659932,0.4619816112371705,0.5494505494505495,0.5494505494505495,1.0069576581970447,,0.10214665264139994,,0.10214665264139991,,0.10170530199328812,,0.10148487364456196,,0.09679913860229825,,0.09825772357443271,,1.0
chaosnli_snli,qwen,38,GPP-cosine,0,1024,0.9677419657182703,0.13395861130846418,0.29908451067239894,0.2979779196471508,0.6703296703296703,0.6703296703296703,0.6781954169273376,0.01652401313185692,0.1081290075725458,0.04831740828342948,0.1081290075725458,0.048317408283429446,0.09734107159422678,0.07182022047469822,0.10024848379023599,0.048560748909033384,0.08657272961000416,0.06520996094663514,0.10856497045976951,0.04450177347639352,0.6000000000000001
chaosnli_snli,qwen,38,GPP-rbf,0,1024,0.9356261172692889,0.13080565084313148,0.29894120732071594,0.2729656339387708,0.6527472527472528,0.6527472527472528,0.5699186325073242,0.09467732906341553,0.06714673145359679,0.11451727440307219,0.06714673145359679,0.11451727440307219,0.07577109520548095,0.12374578059265993,0.06355175037093021,0.11287216582978389,0.06553959558801453,0.11243439819043363,0.06230937508825092,0.10263610278746585,0.6000000000000001
chaosnli_snli,qwen,38,GPP-laplace,0,1024,1.0176995723133235,0.17623670299740532,0.3693001484150415,0.3907010401797445,0.5340659340659341,0.5340659340659341,0.607307493686676,0.32226717472076416,0.06971448590750609,0.06523949695264049,0.06971448590750609,0.0652394969526405,0.07084916096819567,0.0670428905223828,0.0658818899492347,0.0662749530822805,0.06598892937986288,0.06863847072850685,0.06869334284154079,0.06979348659451738,0.7999999999999999
chaosnli_snli,qwen,38,LPE,0,1024,1.1022588774306838,0.1411522751455425,0.2969922565580668,0.2770595812121004,0.6703296703296703,0.6703296703296703,0.20996832847595215,0.3406161665916443,0.09961549692024327,0.1293965951485243,0.09961549692024327,0.1293965951485243,0.08609926463681335,0.11707635665542443,0.08954582256842941,0.12152960471912358,0.07606098681060687,0.10644188939104762,0.11858149555200889,0.1415579446443415,0.7999999999999999
chaosnli_snli,qwen,38,LP-temp,0,1024,0.8939976601920061,0.13709972735288697,0.3196275487081499,0.3977055495144108,0.6505494505494506,0.6505494505494506,0.9359720031301039,,0.07890033415292907,,0.07890033415292907,,0.05918814483306431,,0.0590479743983355,,0.04634591035694258,,0.09946914931087585,,0.7999999999999999
chaosnli_snli,qwen,38,GPP-cosine,1,16,1.3418362820679315,0.23530644528365574,0.4215126367522516,0.31297480789703497,0.47912087912087914,0.47912087912087914,0.6044949293136597,0.10899046063423157,0.06811108965871537,-0.007315450947931183,0.06811108965871535,-0.007315450947931183,0.035778631002072576,-0.013665412737561842,0.05843667646544756,-0.015491652439480896,0.03468790519174915,-0.014752207840746955,0.07452121917201285,-0.008037654972965956,0.7999999999999999
chaosnli_snli,qwen,38,GPP-rbf,1,16,1.2248140342415619,0.20728611839162336,0.38380907530701913,0.24357461545165843,0.5362637362637362,0.5362637362637362,0.5093501806259155,0.20581071078777313,-0.004365157244172607,0.03867353224732916,-0.004365157244172614,0.03867353224732915,-0.016749733777515517,0.026018255758432023,-0.011105365391100502,0.03010116915043012,-0.020772832694572904,0.019307917803814346,-0.013870499817868715,0.011977559518684762,-0.6000000000000001
chaosnli_snli,qwen,38,GPP-laplace,1,16,1.0635346128400458,0.2078877517965673,0.4254145769791289,0.5386771112466707,0.5362637362637362,0.5362637362637362,0.7042930722236633,0.3840976059436798,0.042470509567681704,0.035886340855042206,0.042470509567681725,0.0358863408550422,0.0533409368676728,0.029438318815986842,0.04697246160061751,0.033865086149897666,0.054932853352025655,0.02628010511668947,0.028067839600730626,0.0026851635552646727,1.0
chaosnli_snli,qwen,38,LPE,1,16,6.219037065715765,0.27326200649833016,0.4254065096746762,0.2715824595168456,0.5362637362637362,0.5362637362637362,0.29531657695770264,0.06258967518806458,-0.06000810442522809,-0.040431979324714554,-0.06000810442522807,-0.040431979324714554,-0.07305220423503139,-0.056440859470080235,-0.061163560067151485,-0.04542195875085425,-0.0722603038121578,-0.060678637916324746,-0.0681496727047997,-0.05857394402102525,-0.39999999999999997
chaosnli_snli,qwen,38,LP-temp,1,16,6.0373538511012175,0.24252527418766592,0.3998021100902093,0.20673627972053824,0.5384615384615384,0.5384615384615384,0.676463066978309,,-0.06563078257727224,,-0.06563078257727223,,-0.08103848545009454,,-0.069199667176787,,-0.08340388792603937,,-0.0674361175938713,,-0.39999999999999997
chaosnli_snli,qwen,38,GPP-cosine,1,64,1.5692024481660456,0.26199537918189103,0.43677603510575586,0.26549369736320927,0.43956043956043955,0.43956043956043955,0.5321913957595825,0.07320518791675568,-0.021239778653526106,-0.05054471722892921,-0.021239778653526102,-0.05054471722892922,0.0012376985962514256,-0.002599464366137144,-0.018339753752472515,-0.04293081444738882,0.0037373991143472528,0.0008646178033517235,-0.02045448212644469,-0.0591869822630869,0.0
chaosnli_snli,qwen,38,GPP-rbf,1,64,1.0982539776443463,0.1886806569001116,0.3711321545396369,0.30756349662344973,0.5406593406593406,0.5406593406593406,0.6202934384346008,0.19321613013744354,0.03532154866125879,0.06496894031174993,0.03532154866125878,0.06496894031174993,0.043162360429045574,0.0717012070012241,0.04151458047026674,0.06512964344589488,0.04874076109418057,0.0694860382927435,0.07727116451158517,0.06013858017436694,0.19999999999999998
chaosnli_snli,qwen,38,GPP-laplace,1,64,1.0355077554742271,0.19230871678956446,0.40024261981412607,0.49411646550935084,0.5384615384615384,0.5384615384615384,0.6761465072631836,0.36651748418807983,0.0603445467555426,0.056279956651439055,0.0603445467555426,0.05627995665143905,0.06886428838696858,0.056450206612232684,0.06094047341938322,0.054493538677098975,0.06847356481905573,0.05331072287911102,0.0455631245974691,0.035526916544215886,1.0
chaosnli_snli,qwen,38,LPE,1,64,1.3036353590192857,0.21546618369111845,0.385843579826242,0.24575553301075134,0.5472527472527473,0.5472527472527473,0.5081000328063965,0.08425723016262054,0.047102564242963316,0.07417567361074981,0.047102564242963316,0.07417567361074978,0.05440078986922433,0.051689768009365644,0.05680527312102877,0.0752840788508203,0.062344070380319666,0.06016835822361752,0.06289355772727288,0.0961445124688222,0.39999999999999997
chaosnli_snli,qwen,38,LP-temp,1,64,1.03190312889438,0.18315299327318132,0.37762226420813244,0.41707931013424526,0.545054945054945,0.545054945054945,0.9511570249116679,,0.018248133980679253,,0.01824813398067925,,0.032010471963041534,,0.030514485720600525,,0.0405183700113951,,0.052100925201400985,,0.39999999999999997
chaosnli_snli,qwen,38,GPP-cosine,1,256,1.0501254185302245,0.16252665284004036,0.3388629169821398,0.3137908291167438,0.5956043956043956,0.5956043956043956,0.6837123036384583,0.04890081286430359,0.0633360165611059,0.00013336890182320815,0.0633360165611059,0.00013336890182320121,0.055477290530291434,0.038113201311040665,0.059400915299621646,0.005493435127321249,0.04928071899674845,0.032891819690530816,0.07677864459391884,-0.015189895194824568,0.6000000000000001
chaosnli_snli,qwen,38,GPP-rbf,1,256,1.0003197207659054,0.15961732557751165,0.3393193610723816,0.31051653236627175,0.5934065934065934,0.5934065934065934,0.6338587999343872,0.16281218826770782,0.007628720183748515,0.05340680195772642,0.007628720183748536,0.05340680195772643,0.0017226791521086499,0.03478945322796392,-0.004105425727369615,0.03760117214777313,-0.010982221142371285,0.015301569242327465,0.023628471063004166,0.05383251617939394,-0.39999999999999997
chaosnli_snli,qwen,38,GPP-laplace,1,256,1.038294043606577,0.18624137142507038,0.3848714300400608,0.42755091255918815,0.5318681318681319,0.5318681318681319,0.6319876313209534,0.33968445658683777,0.021128792172803113,0.026769202364474044,0.02112879217280311,0.02676920236447405,0.020069000282076116,0.018992479485541516,0.01501296546101476,0.021373416944435907,0.012765542606356324,0.011012797739158463,0.009191942793456328,-0.002621528351210267,0.39999999999999997
chaosnli_snli,qwen,38,LPE,1,256,1.0816375235574354,0.16479260641015517,0.3373989706995237,0.288358226232737,0.610989010989011,0.610989010989011,0.44212013483047485,0.23146390914916992,0.02213804377323571,0.07086179097680753,0.022138043773235708,0.07086179097680753,0.019989552530345615,0.04809975239965151,0.016181799505866633,0.053495201335968,0.010114151742861906,0.02986766486660998,0.01968155963796005,0.06525315618952247,0.0
chaosnli_snli,qwen,38,LP-temp,1,256,0.9749460847868726,0.17035732070247242,0.3696223490535225,0.4620244073256488,0.5758241758241758,0.5758241758241758,1.0063532508462516,,0.020487995310916926,,0.02048799531091696,,0.009559609721449437,,0.01195730085223504,,0.004764286529486207,,0.05225182790250698,,0.0
chaosnli_snli,qwen,38,GPP-cosine,1,1024,0.9632861083146204,0.13282899815891097,0.2979837737784572,0.29789239199023004,0.6571428571428571,0.6571428571428571,0.6820710897445679,0.016521837562322617,0.10829750656506205,0.039342872957575645,0.10829750656506205,0.039342872957575645,0.09854426241499145,0.06299889655291849,0.0997916620817909,0.03959292541212331,0.08584372127176505,0.05551379265409444,0.11349532924757234,0.03579540742018117,0.6000000000000001
chaosnli_snli,qwen,38,GPP-rbf,1,1024,0.9269670126491618,0.12802126987071427,0.2938581731373183,0.2722878725793836,0.6571428571428571,0.6571428571428571,0.5734763741493225,0.09539256989955902,0.06286865718762079,0.09664490103860154,0.06286865718762079,0.09664490103860152,0.07443955259655702,0.10876951491510758,0.06042412370284864,0.09836223963026725,0.06325364040208613,0.09935254967587534,0.06426123687267042,0.09378179276032769,0.6000000000000001
chaosnli_snli,qwen,38,GPP-laplace,1,1024,1.013606629855818,0.17513916510270466,0.36800089697916427,0.3929353534752387,0.5362637362637362,0.5362637362637362,0.6092179417610168,0.32325994968414307,0.0736470957845104,0.0673713985102527,0.0736470957845104,0.0673713985102527,0.07557247948585988,0.07058417389543145,0.06938496036869764,0.06831235114944086,0.06993610992093313,0.07176385960711124,0.0748771686417386,0.07734365386315065,1.0
chaosnli_snli,qwen,38,LPE,1,1024,1.0853159087115307,0.1374789766809726,0.29332018022753575,0.2777411389025997,0.6791208791208792,0.6791208791208792,0.21254774928092957,0.34003785252571106,0.11996726965869652,0.14309042873844796,0.11996726965869653,0.14309042873844793,0.11784478750680294,0.13909800545559572,0.11502343772489299,0.13385847257059524,0.10534128946582776,0.1241849308901897,0.13082174934648982,0.1500518111602881,0.7999999999999999
chaosnli_snli,qwen,38,LP-temp,1,1024,0.8909380073201622,0.13591155994163076,0.31749029554758323,0.39784780259037156,0.6659340659340659,0.6659340659340659,0.9376308690433617,,0.09649762749332927,,0.09649762749332924,,0.0862472055052404,,0.07988925854381149,,0.07041480751925865,,0.10609810304493972,,0.7999999999999999
chaosnli_snli,qwen,38,GPP-cosine,2,16,1.2571244509136805,0.2310122048088664,0.4182358738880574,0.3400000509258589,0.45714285714285713,0.45714285714285713,0.6743004322052002,0.12635980546474457,0.014070546347378372,-0.046775391358405805,0.014070546347378352,-0.046775391358405805,0.02604819603565037,-0.0035202725094445244,0.025247687078165167,-0.03347795883236574,0.03312412193481243,0.0018693999800970997,0.05587183655757391,-0.043484947888485136,0.6000000000000001
chaosnli_snli,qwen,38,GPP-rbf,2,16,1.215041593911048,0.21540564576616003,0.3971973075152753,0.25257079858074316,0.5340659340659341,0.5340659340659341,0.5344280004501343,0.20240451395511627,-0.03634333821414554,0.008294895856087885,-0.03634333821414551,0.008294895856087888,-0.03455021505482775,0.011823306513961369,-0.036768222170880674,0.006171908468248565,-0.03718009665014488,0.006868393574418336,-0.04141282257528212,-0.019878516645904218,-0.6000000000000001
chaosnli_snli,qwen,38,GPP-laplace,2,16,1.067585099687313,0.2095700637514978,0.4267751064765584,0.5396824880214549,0.5340659340659341,0.5340659340659341,0.7049471735954285,0.3844468891620636,0.006996297179527482,4.100282937564981e-05,0.006996297179527468,4.10028293756394e-05,0.021955812513808633,-0.014214579491763212,0.010890206701276571,-0.007320721828886632,0.024376651435170232,-0.02096888881553545,0.01937440352789965,-0.0162727770633635,0.39999999999999997
chaosnli_snli,qwen,38,LPE,2,16,1.6964279419016355,0.2791505160648683,0.44405634078186945,0.27825448199474995,0.5340659340659341,0.5340659340659341,0.3057270348072052,0.048840004950761795,-0.08113288100420492,-0.05473751632026159,-0.08113288100420489,-0.05473751632026157,-0.07021548392347628,-0.05755216390537728,-0.07280599355731804,-0.051253034938385664,-0.0666651357636752,-0.05337679448377529,-0.09339310205448187,-0.06532494485315543,-1.0
chaosnli_snli,qwen,38,LP-temp,2,16,1.139311412767516,0.20280871498840602,0.39080200860617786,0.3073210274797901,0.5362637362637362,0.5362637362637362,0.8194086422785494,,-0.09341407052735608,,-0.09341407052735606,,-0.0821948907235213,,-0.08725874367235315,,-0.07931156036376832,,-0.09997975971698206,,-1.0
chaosnli_snli,qwen,38,GPP-cosine,2,64,1.252448209022013,0.22491363743101137,0.40995215930199447,0.3245351476928852,0.4835164835164835,0.4835164835164835,0.6794235110282898,0.09325776994228363,-0.009441223437752382,-0.039433485067125615,-0.009441223437752388,-0.039433485067125615,0.02576659484887775,0.003660864134951366,0.01622530143070565,-0.021346346492602395,0.0368658255503739,0.010665846700566414,0.006841134779814853,-0.0514543176374808,0.0
chaosnli_snli,qwen,38,GPP-rbf,2,64,1.0247442786250907,0.18100034625506514,0.37712065099769243,0.41334589094305674,0.5230769230769231,0.5230769230769231,0.7189202904701233,0.23290418088436127,0.005538872060808393,0.05638738894187083,0.005538872060808386,0.0563873889418708,0.03625614378700617,0.07299671223444712,0.017464218883650507,0.06105224978833122,0.038708964202888524,0.06860317830086096,0.010453626964332814,0.054870298706375296,0.19999999999999998
chaosnli_snli,qwen,38,GPP-laplace,2,64,1.051425248677085,0.2020355280949218,0.4165137122784342,0.5275879920610784,0.5340659340659341,0.5340659340659341,0.6981870532035828,0.3790290951728821,0.0187959544716206,0.01299299227070082,0.018795954471620593,0.01299299227070081,0.03496556208229024,0.00879479900662866,0.025734013643721368,0.012784686684633017,0.038154023047700575,0.005763291368915012,0.045282849424456706,0.013245231386439238,0.39999999999999997
chaosnli_snli,qwen,38,LPE,2,64,1.0921699068883775,0.18964666766089922,0.3766944971982042,0.32894743649888053,0.49230769230769234,0.49230769230769234,0.678365170955658,0.13816089928150177,0.03134771706143212,0.06494354525843551,0.031347717061432114,0.0649435452584355,0.06205973179570451,0.06928856521396101,0.04510262870801396,0.0630805426878737,0.06250014559254109,0.0689319896467116,0.02641434258384443,0.058851671237919345,0.19999999999999998
chaosnli_snli,qwen,38,LP-temp,2,64,1.0558608612946119,0.20542382639389623,0.422154867055985,0.5381046250511107,0.4725274725274725,0.4725274725274725,1.0877941006072793,,0.016414411442837167,,0.01641441144283718,,0.03290855378818763,,0.02298739429743671,,0.031346815098321205,,0.009993720884980652,,0.0
chaosnli_snli,qwen,38,GPP-cosine,2,256,1.1034478935486187,0.18148467803124935,0.3625870829836788,0.312377042254623,0.5406593406593406,0.5406593406593406,0.6798158884048462,0.04856818541884422,0.10670829874179144,0.032757089264705296,0.10670829874179141,0.032757089264705296,0.06578706494839887,0.02172715288671469,0.09325297665615104,0.02305792760272465,0.050771389957160525,0.008027506055386043,0.10895659131515138,0.01989953728388015,0.7999999999999999
chaosnli_snli,qwen,38,GPP-rbf,2,256,0.9997844207431764,0.16307815758835098,0.3437737542936312,0.34723329854628954,0.578021978021978,0.578021978021978,0.66752690076828,0.1723083108663559,-0.005953879845490513,0.06330351548122426,-0.0059538798454905235,0.06330351548122425,-0.000294981252089873,0.05379395627777099,-0.004547626604407089,0.060771682520644334,-0.0062138398786148324,0.04228918726058968,-0.004534979697146489,0.05841246730202833,-0.39999999999999997
chaosnli_snli,qwen,38,GPP-laplace,2,256,1.026420196024039,0.1879113965519169,0.3931836446399217,0.48197515690347803,0.5340659340659341,0.5340659340659341,0.6699015498161316,0.3603312075138092,0.032715210032182473,0.04085825650928858,0.03271521003218248,0.040858256509288544,0.033239013603172794,0.026158323795360216,0.03183427994959106,0.037821814224394026,0.026685716220125333,0.017941810662951772,0.029661967452222618,0.01890978372972864,0.7999999999999999
chaosnli_snli,qwen,38,LPE,2,256,1.0960999245198069,0.17301733093955093,0.34621749709089733,0.30825656801235,0.589010989010989,0.589010989010989,0.47987568378448486,0.21478040516376495,0.04171533576562034,0.057670339893314514,0.04171533576562034,0.05767033989331451,0.03484598255660744,0.049561092738549924,0.03991870843783875,0.05383335743258899,0.02718554932012679,0.04217221306074785,0.036952625390207584,0.04905860189725438,0.6000000000000001
chaosnli_snli,qwen,38,LP-temp,2,256,0.9899894686626249,0.16940476726824735,0.3571760676366472,0.40462748236893464,0.5648351648351648,0.5648351648351648,0.9379245067913037,,0.048524827009368166,,0.04852482700936817,,0.034668662872419986,,0.03821777638761818,,0.021845424711400926,,0.04868558112153607,,0.39999999999999997
chaosnli_snli,qwen,38,GPP-cosine,2,1024,0.9562655743184673,0.13038713413393124,0.29425135982619194,0.2987229080370837,0.6681318681318681,0.6681318681318681,0.6883516311645508,0.01706802286207676,0.11223384993949728,0.04403786333859436,0.11223384993949725,0.04403786333859433,0.09571220023694917,0.057981869334449584,0.1033051643926039,0.04100542365680736,0.08452072429045551,0.049742635781453035,0.11113273693688375,0.04092756433255293,0.6000000000000001
chaosnli_snli,qwen,38,GPP-rbf,2,1024,0.9306799691649076,0.12912802808016546,0.29568602704845376,0.27160221148247105,0.6637362637362637,0.6637362637362637,0.5709671378135681,0.09523739665746689,0.07656707055960668,0.11769561417612899,0.07656707055960667,0.11769561417612895,0.08584710175937073,0.12648572799039237,0.07363966892764601,0.11579065860853723,0.07572393266146053,0.11534482465507456,0.07682877563054628,0.10452448534628103,0.6000000000000001
chaosnli_snli,qwen,38,GPP-laplace,2,1024,1.0147150669706304,0.175441329616177,0.3682759446839055,0.39233827449544906,0.5340659340659341,0.5340659340659341,0.6083875894546509,0.322826087474823,0.06025558326644158,0.056409517483129,0.060255583266441565,0.056409517483129,0.06114207261455536,0.05895913026725137,0.05515070128723004,0.05659962765618262,0.05633047844778286,0.060746018776409505,0.06361717726486853,0.06385279950690781,0.7999999999999999
chaosnli_snli,qwen,38,LPE,2,1024,1.0587097712215545,0.13408301792998936,0.2872388131668148,0.27413103305537584,0.6747252747252748,0.6747252747252748,0.2177550047636032,0.34770467877388,0.09792983234410652,0.14283218698012634,0.0979298323441065,0.1428321869801263,0.09525779350418062,0.13392583299969651,0.09481924129580738,0.13745944032965468,0.08716869768163427,0.12271724175930891,0.10669387888429993,0.15652992589214895,0.6000000000000001
chaosnli_snli,qwen,38,LP-temp,2,1024,0.8958480431789946,0.13639651756269408,0.3161049656888542,0.38273226188659815,0.6747252747252748,0.6747252747252748,0.91407502725694,,0.07710528534477011,,0.07710528534477011,,0.06544241900161692,,0.06424171908843283,,0.056063758612365074,,0.10242707156860394,,0.7999999999999999
chaosnli_snli,qwen,38,GPP-cosine,3,16,1.3797328547586347,0.29291107486267187,0.49980986295114427,0.38230774813024254,0.2989010989010989,0.2989010989010989,0.7415016889572144,0.1458234190940857,0.07179431822257928,0.0018647138570879792,0.07179431822257926,0.0018647138570879723,0.025299316382249838,0.015642929603278496,0.057515367547874265,0.005377337204569706,0.018186684840523534,0.0168855000306719,0.04728082921461735,-0.01617722819066369,0.39999999999999997
chaosnli_snli,qwen,38,GPP-rbf,3,16,1.1961588417601645,0.25206526757727066,0.47423925219246976,0.49601675225802494,0.2857142857142857,0.2857142857142857,0.7486231327056885,0.2940966784954071,-0.007202470772645906,0.04877992146812274,-0.0072024707726458855,0.048779921468122704,-0.013433250086346328,0.03743724422699447,-0.0007789671929679595,0.04493787571323206,-0.008281501363463933,0.030590871120015083,0.012837813203123946,0.038306545572566325,0.7999999999999999
chaosnli_snli,qwen,38,GPP-laplace,3,16,1.1071679862715083,0.22561386810308864,0.4482668710933937,0.5473088908229146,0.2703296703296703,0.2703296703296703,0.7098912000656128,0.38715875148773193,0.011367243292004045,-0.010815663226266252,0.011367243292004045,-0.010815663226266273,0.026635352074880634,-0.032125339466230377,0.01903444291824899,-0.018726684483276412,0.030577929398394772,-0.03801576019298128,0.019711115928932266,-0.01161842510381115,0.6000000000000001
chaosnli_snli,qwen,38,LPE,3,16,1.3166602087476293,0.2810161130690834,0.4975780153176287,0.41795998891878944,0.2967032967032967,0.2967032967032967,0.7989233732223511,0.15660057961940765,0.01213189949373742,0.06762485120938565,0.012131899493737438,0.06762485120938562,-0.004531313288566921,0.05745688748498846,0.011592591517090956,0.06073878186797637,-0.004755213954940821,0.054062362847857495,0.027689530922147876,0.054033104024806676,0.39999999999999997
chaosnli_snli,qwen,38,LP-temp,3,16,1.1790395907226998,0.24669937759887042,0.4684476524569251,0.4996128883290009,0.2879120879120879,0.2879120879120879,1.0469769805799836,,0.007154220954862044,,0.00715422095486205,,-0.010625153608499503,,0.006711300223740779,,-0.009358714129973977,,0.033953171447751285,,0.39999999999999997
chaosnli_snli,qwen,38,GPP-cosine,3,64,1.2653683601386296,0.21954067538139801,0.4045861982526501,0.3148746065772173,0.5208791208791209,0.5208791208791209,0.6244860887527466,0.0811079740524292,0.03595772885823922,-0.02935905063873885,0.035957728858239224,-0.029359050638738844,0.0014007127193502462,-0.026055385977380288,0.020808843781261355,-0.03614113154871709,-0.012024793855198602,-0.03649129966498198,0.02932621053473436,-0.06772187087253803,-0.39999999999999997
chaosnli_snli,qwen,38,GPP-rbf,3,64,1.0271296048366287,0.17953897826384338,0.3742775570396539,0.3967557188007013,0.5164835164835165,0.5164835164835165,0.708562970161438,0.22810564935207367,0.04186247027928161,0.08145059183287201,0.041862470279281624,0.08145059183287198,0.03007618638583871,0.07144312310950607,0.03880196391326907,0.07404651603487186,0.018087192508575628,0.05726329643696851,0.031239534482864668,0.07983931318211715,0.7999999999999999
chaosnli_snli,qwen,38,GPP-laplace,3,64,1.0468294609635063,0.2006849228006645,0.4160504305428201,0.5273765867690768,0.5340659340659341,0.5340659340659341,0.6980000734329224,0.3790261149406433,0.02444454842277112,0.02228444463829537,0.024444548422771127,0.022284444638295355,0.030744301024774236,0.00012009679004979282,0.025771010217259326,0.012909247217217614,0.026316068662822024,-0.009914960675100606,0.03745444534770569,0.029966036074237038,0.7999999999999999
chaosnli_snli,qwen,38,LPE,3,64,1.1266795778994243,0.19005190385676007,0.3725950290195664,0.28963566166813537,0.5252747252747253,0.5252747252747253,0.6319416165351868,0.11991550028324127,0.019462711814326246,0.041191372048137914,0.01946271181432626,0.04119137204813792,0.006203640031396585,0.038441727673738726,0.015593481732278048,0.041919796173652865,-0.003978829569127568,0.034202603905967965,0.0168867065718028,0.03635200843422261,0.6000000000000001
chaosnli_snli,qwen,38,LP-temp,3,64,1.0102301376338536,0.18337876626687535,0.3885932245354353,0.48169277774588726,0.4967032967032967,0.4967032967032967,1.029658067394999,,0.03912068287574407,,0.03912068287574408,,0.026192988370004413,,0.035682539482746425,,0.0194911140238356,,0.03398597638277432,,0.6000000000000001
chaosnli_snli,qwen,38,GPP-cosine,3,256,1.0989119572913368,0.16654735064659945,0.34726198295707883,0.3031771826092334,0.545054945054945,0.545054945054945,0.6496176719665527,0.043783970177173615,0.09155548978510093,-0.0045235781659211,0.09155548978510092,-0.004523578165921097,0.07568039709921605,0.023921277958336262,0.08692226665006439,0.004261602481221864,0.06859319756871024,0.02375335620514983,0.1076590446619099,-0.010192779956722412,0.6000000000000001
chaosnli_snli,qwen,38,GPP-rbf,3,256,1.0312580139194543,0.16334239191282357,0.3406381148463729,0.2845032597493038,0.5736263736263736,0.5736263736263736,0.5949905514717102,0.15173833072185516,0.06579301156202495,0.08762421241543873,0.06579301156202493,0.0876242124154387,0.07688379337043731,0.1028137479891226,0.0671670591843163,0.09018068905870141,0.07350339393820754,0.09909798712415005,0.06494549048823842,0.09147984180525452,0.7999999999999999
chaosnli_snli,qwen,38,GPP-laplace,3,256,1.041435660204862,0.18500702969136526,0.38072765852314433,0.40929861292678554,0.5362637362637362,0.5362637362637362,0.6176163554191589,0.3316848874092102,0.010665473431199467,-0.0010403814771943465,0.010665473431199467,-0.0010403814771943395,0.01992628714514797,0.01081363038777547,0.010881968503633207,0.0025558227371934653,0.02426780448016263,0.019201903662514362,0.04041606214180531,0.028419010758815595,0.19999999999999998
chaosnli_snli,qwen,38,LPE,3,256,1.1377800493851935,0.17294504479512943,0.34531924879039444,0.2737649868289709,0.5824175824175825,0.5824175824175825,0.4230462610721588,0.2013818770647049,0.10574109459313168,0.13895618639047475,0.10574109459313163,0.13895618639047472,0.10871716306906089,0.1379407815292977,0.10609824050644032,0.13681842059136545,0.1032323435262828,0.1274080374689005,0.11054645223406419,0.1418495582220803,0.7999999999999999
chaosnli_snli,qwen,38,LP-temp,3,256,0.9740776398212,0.16461322556443989,0.3572057068385689,0.4136903636098854,0.5758241758241758,0.5758241758241758,0.9542776251271095,,0.14371178329611195,,0.1437117832961119,,0.13559731432817546,,0.14154788941904836,,0.12845442014677771,,0.13111578348254102,,1.0
chaosnli_snli,qwen,38,GPP-cosine,3,1024,0.9498505194919387,0.12979130920284931,0.2929695696038015,0.29815206362615354,0.6681318681318681,0.6681318681318681,0.6883795857429504,0.016729800030589104,0.12332533765444223,0.05486666194950601,0.12332533765444223,0.054866661949506,0.10793227023537647,0.07276077092453886,0.11592315358889549,0.05609356555655613,0.0966941553596799,0.06626444268621871,0.12107199525983588,0.042498952569608124,0.6000000000000001
chaosnli_snli,qwen,38,GPP-rbf,3,1024,0.9298648074013884,0.12951382052286467,0.2965837461515688,0.2749754860267196,0.6637362637362637,0.6637362637362637,0.5759605765342712,0.09508833289146423,0.05364829121640811,0.08307746276674377,0.05364829121640812,0.08307746276674374,0.05949100582490818,0.08961279230754098,0.048940396132233166,0.08154324599172816,0.04822269989989632,0.0792628483197519,0.049756996669278915,0.08529690778969809,0.6000000000000001
chaosnli_snli,qwen,38,GPP-laplace,3,1024,1.012707504201292,0.17541766983584192,0.36922750153711864,0.39887356622471765,0.5362637362637362,0.5362637362637362,0.6135236620903015,0.32550477981567383,0.0583631676786099,0.05160083659419904,0.0583631676786099,0.05160083659419902,0.05570298628634623,0.0507042502581512,0.05196656930852568,0.05084909750072892,0.04974184444657682,0.05178884247625121,0.05707472664102076,0.0567671883375426,0.7999999999999999
chaosnli_snli,qwen,38,LPE,3,1024,1.0620490133355363,0.1357773997063213,0.29174992879601125,0.27654655468885425,0.6835164835164835,0.6835164835164835,0.21541795134544373,0.3411157727241516,0.10492459043274294,0.14305852586217382,0.10492459043274294,0.14305852586217382,0.10266678533919263,0.13381744784467958,0.10039975643975473,0.13446501221473806,0.09240185857660492,0.12002101673355384,0.11175443822974762,0.1436429371359419,0.6000000000000001
chaosnli_snli,qwen,38,LP-temp,3,1024,0.8867847528722383,0.13358725178640665,0.3125223722856555,0.3844955522707471,0.6813186813186813,0.6813186813186813,0.9203509250211002,,0.09243226250963622,,0.09243226250963622,,0.0780427929687071,,0.07504049251002781,,0.06366008987669827,,0.09826638662523492,,0.7999999999999999
chaosnli_snli,qwen,38,GPP-cosine,4,16,2.2259997859765415,0.3736276370684973,0.5320391648251354,0.2914705302389778,0.3758241758241758,0.3758241758241758,0.4063251316547394,0.09500527381896973,0.01757918700520324,-0.0008887475617442037,0.01757918700520323,-0.0008887475617442124,0.07736662080581411,0.03600609874315859,0.049229743115824,0.011652582300723538,0.09451258824353756,0.043285792157440446,0.04389975514454348,-0.010664788827636471,0.39999999999999997
chaosnli_snli,qwen,38,GPP-rbf,4,16,1.0555079119123603,0.1867739374388129,0.37992015654569145,0.37888460207035646,0.5340659340659341,0.5340659340659341,0.6648044586181641,0.2520633041858673,-0.011728259235383877,0.05494848814951506,-0.011728259235383884,0.05494848814951506,-0.008206681114412102,0.04427190023582154,-0.01217892520738528,0.0445470331573877,-0.009330661738941374,0.034421134543212696,-0.010440377592517683,0.021090515672473963,-0.39999999999999997
chaosnli_snli,qwen,38,GPP-laplace,4,16,1.069985497054511,0.2110250419888359,0.4294113353058532,0.5436173613279457,0.5362637362637362,0.5362637362637362,0.7075804471969604,0.3857763707637787,0.019898064577986575,0.009071138165385014,0.019898064577986575,0.00907113816538501,0.03373159574668844,-0.01108100030019745,0.024250164815280764,-0.0002480961565719114,0.03705060227840365,-0.017859588553911954,0.03919425348418013,-0.0007071215217296847,0.7999999999999999
chaosnli_snli,qwen,38,LPE,4,16,1.252274298526608,0.21698389446220745,0.3967943419917272,0.2405528757931151,0.5340659340659341,0.5340659340659341,0.5315624475479126,0.10267727822065353,-0.030006074731101548,-0.07226139695242331,-0.030006074731101555,-0.07226139695242331,-0.03349910776617403,-0.07592035899359374,-0.03132683633356545,-0.07568422194239999,-0.034634920948992225,-0.07697817415217638,-0.018152276375759686,-0.05659660267542279,-0.7999999999999999
chaosnli_snli,qwen,38,LP-temp,4,16,1.0265928535277138,0.1866713949093435,0.3881837165328634,0.46584661838496416,0.5362637362637362,0.5362637362637362,1.0130949465064591,,-0.029234476943744488,,-0.029234476943744488,,-0.03393917207623272,,-0.032221868458769454,,-0.03642404711048665,,-0.015224611096936333,,-0.7999999999999999
chaosnli_snli,qwen,38,GPP-cosine,4,64,1.4393424275114652,0.243269373133119,0.4230258117221688,0.3140378918313627,0.5098901098901099,0.5098901098901099,0.5767033100128174,0.06808014959096909,0.03464463367272401,-0.05694202835137564,0.03464463367272399,-0.05694202835137565,0.06496312617773486,-0.0060831731751365935,0.057141894495158455,-0.03550084445840036,0.07826799658052919,0.009454135956131439,0.06269628222481395,-0.04538604164724763,0.7999999999999999
chaosnli_snli,qwen,38,GPP-rbf,4,64,1.2481231698451498,0.21965506210755634,0.4005277428428059,0.24624100409159014,0.5318681318681319,0.5318681318681319,0.5093010663986206,0.16002732515335083,-0.017784163775886607,0.028890572338069333,-0.01778416377588663,0.028890572338069326,0.010277737949954301,0.04805941226623528,-0.011035479824129828,0.0315466672123888,0.008732457374882263,0.04326012424226793,-0.016867787997624464,0.007375759672335999,0.19999999999999998
chaosnli_snli,qwen,38,GPP-laplace,4,64,1.050829887194627,0.19447442660154696,0.3986433692030854,0.46842823937800326,0.5340659340659341,0.5340659340659341,0.6587293744087219,0.35705438256263733,0.0478835143185972,0.04882833797329128,0.047883514318597165,0.04882833797329127,0.05625357642637838,0.05289702549350523,0.049378262304275396,0.04977237766965702,0.0540727493179828,0.04949050639583534,0.03654463391676567,0.02515425088554188,1.0
chaosnli_snli,qwen,38,LPE,4,64,1.6096756062238837,0.26648463406917283,0.4359131340895636,0.2902269781416414,0.5340659340659341,0.5340659340659341,0.3521721065044403,0.06613714247941971,-0.04406082437742389,-0.04009867713021493,-0.04406082437742388,-0.04009867713021491,-0.012000569761342828,-0.011931222953825087,-0.032211584944249735,-0.030502877360148097,-0.008700297924253664,-0.008404590064304739,-0.03783077846637778,-0.032518162561927806,-0.7999999999999999
chaosnli_snli,qwen,38,LP-temp,4,64,1.0676474748385134,0.19198996761609255,0.3867432074387079,0.3876294428990631,0.5252747252747253,0.5252747252747253,0.923780091519105,,-0.001591091864587604,,-0.001591091864587604,,0.024688460976051606,,0.005643667311961104,,0.02333556396263481,,-0.013327402971254237,,0.39999999999999997
chaosnli_snli,qwen,38,GPP-cosine,4,256,1.1314215922458752,0.180234529664938,0.3603221170413055,0.31979428387812014,0.5560439560439561,0.5560439560439561,0.6516947150230408,0.04543451964855194,-0.022541111362250857,-0.07768651930958724,-0.02254111136225085,-0.07768651930958723,-0.02702570062179167,-0.05035821454082007,-0.02018218957539308,-0.07216004010658321,-0.029109317935103657,-0.05476972794532532,0.0019146616250924119,-0.07177598755125938,-0.39999999999999997
chaosnli_snli,qwen,38,GPP-rbf,4,256,1.009963943470078,0.16378998788329518,0.3433922436272541,0.3215235889160249,0.5802197802197803,0.5802197802197803,0.6354138851165771,0.16542799770832062,0.010116106799097437,0.06739069349954936,0.010116106799097437,0.06739069349954935,0.02251797892824792,0.07552477951593632,0.006476284710005378,0.060212563517378886,0.014892180175555752,0.063537956010538,0.020284151259936704,0.07559722104076863,0.19999999999999998
chaosnli_snli,qwen,38,GPP-laplace,4,256,1.0458909729950094,0.18904645448317972,0.387451245455624,0.43220612529374336,0.5318681318681319,0.5318681318681319,0.6349928379058838,0.34150102734565735,0.09265076387683543,0.09757638437699451,0.0926507638768354,0.09757638437699447,0.07866208942947847,0.08085935404707868,0.0839643329400913,0.08905870177550568,0.07089479399245596,0.07311421550846106,0.07632421662022103,0.06673450815264233,0.7999999999999999
chaosnli_snli,qwen,38,LPE,4,256,1.1162786058435454,0.174883947237898,0.3436322704481107,0.3038649392369181,0.5934065934065934,0.5934065934065934,0.4511451721191406,0.21393167972564697,0.02277289809345631,0.046555074645427616,0.022772898093456295,0.04655507464542759,0.032896573644672765,0.047789428012996855,0.019485829546321637,0.03963757341090552,0.024968951531574128,0.04007941608922892,0.025795316644904778,0.05089994608504287,0.19999999999999998
chaosnli_snli,qwen,38,LP-temp,4,256,0.9709349471532907,0.16757100920389761,0.35803055499472,0.4461930146047595,0.6241758241758242,0.6241758241758242,0.9878315629374749,,0.007253802517769085,,0.007253802517769083,,0.008453135788494279,,0.0011014434847748346,,0.0011361529516550626,,0.03361059874764658,,0.19999999999999998
chaosnli_snli,qwen,38,GPP-cosine,4,1024,0.9711814728044891,0.13514555906756393,0.30316530426190874,0.298150767591537,0.6593406593406593,0.6593406593406593,0.6779108643531799,0.016533059999346733,0.10388985868044291,0.04250387186252268,0.1038898586804429,0.04250387186252266,0.09166119449868715,0.0640178629399824,0.0956941041488767,0.042381098022550134,0.08048569233847708,0.05696978596968114,0.10131463392735655,0.03086931645887647,0.6000000000000001
chaosnli_snli,qwen,38,GPP-rbf,4,1024,0.939478982727836,0.1322781980026835,0.30065506057437014,0.2742487483570542,0.6505494505494506,0.6505494505494506,0.5691680312156677,0.09436747431755066,0.053541212089209825,0.08246504680064805,0.053541212089209825,0.08246504680064802,0.058880514117937335,0.08868613845008665,0.047864169526681405,0.08048330799148883,0.04741126671924219,0.07844633734124506,0.047951769759467244,0.08199138061853167,0.6000000000000001
chaosnli_snli,qwen,38,GPP-laplace,4,1024,1.0175657288781925,0.17609738599309846,0.36870043108260236,0.38846109998107414,0.5340659340659341,0.5340659340659341,0.6060599684715271,0.32150107622146606,0.07118859567247449,0.06394363145997083,0.07118859567247446,0.06394363145997084,0.07034156193635131,0.0648715516195274,0.06472520748965202,0.06294292328192119,0.06355518302927919,0.06489679641245769,0.07116441438396576,0.07108109621889752,0.7999999999999999
chaosnli_snli,qwen,38,LPE,4,1024,1.0627927408038944,0.13696156692036698,0.29752231449278493,0.27999504881717985,0.6527472527472528,0.6527472527472528,0.21978400647640228,0.3505499064922333,0.06113692178219842,0.1311348094026606,0.06113692178219843,0.13113480940266056,0.05142641079152519,0.11975236021869895,0.0520885249807577,0.12153299635554773,0.041056836499682905,0.10872059427672671,0.0628875700303949,0.13864938903640533,0.6000000000000001
chaosnli_snli,qwen,38,LP-temp,4,1024,0.8943878729515897,0.1377152190841311,0.3200683003806431,0.40195717095509814,0.6747252747252748,0.6747252747252748,0.9435148981302269,,0.09347668102347043,,0.09347668102347043,,0.08854228964602273,,0.08036766668796314,,0.07766871315428013,,0.10571062261825008,,0.7999999999999999
chaosnli_snli,qwen,48,GPP-cosine,0,64,1.6693914920307027,0.31017880500283485,0.49756269490846516,0.309431067549077,0.36923076923076925,0.36923076923076925,0.5490206480026245,0.1380082368850708,0.07153488077910625,0.030861026012646006,0.07153488077910623,0.030861026012645995,0.04597851302090296,0.014980605439919942,0.05826253662670002,0.019055878909924447,0.044771417073550465,0.01272568024647297,0.07243100337036995,0.0316386718087955,0.7999999999999999
chaosnli_snli,qwen,48,GPP-rbf,0,64,1.0882299480698718,0.19135289265142338,0.3861900870821306,0.3526030671478051,0.512087912087912,0.512087912087912,0.6654565334320068,0.20470339059829712,-0.09207668131351063,-0.025594200038134497,-0.09207668131351066,-0.02559420003813452,-0.08782426865527262,-0.03928827038414767,-0.09315937684839842,-0.03757262421341408,-0.08053706899398638,-0.04459752669898728,-0.09941252098614674,-0.029330669457941376,-1.0
chaosnli_snli,qwen,48,GPP-laplace,0,64,1.036727112088553,0.19455469801716097,0.40574743764086085,0.5090817482738207,0.5362637362637362,0.5362637362637362,0.6862897872924805,0.37183141708374023,-0.012827729293423018,-0.003266466741738509,-0.012827729293423046,-0.0032664667417385256,-0.01753943881052769,-0.026677559498488154,-0.02182138497131758,-0.018863987988968746,-0.024159709341768115,-0.03809391183545208,0.015388445165441774,-0.005020333648120281,0.39999999999999997
chaosnli_snli,qwen,48,LPE,0,64,1.2756126586812195,0.21894733956391613,0.40300866631345805,0.29197206224712735,0.512087912087912,0.512087912087912,0.5862739086151123,0.09866437315940857,-0.08316557424394738,-0.06693165280729677,-0.08316557424394738,-0.06693165280729674,-0.07702011937616349,-0.07713615244079537,-0.08301241688795455,-0.06918845915785378,-0.06945553566239512,-0.07250134153346843,-0.09084852197804409,-0.03972250848640555,-1.0
chaosnli_snli,qwen,48,LP-temp,0,64,1.0499576902759793,0.195863346838652,0.40517148000382713,0.4723462473693322,0.4945054945054945,0.4945054945054945,1.0185865623414674,,-0.07507313689787451,,-0.07507313689787448,,-0.04766717998262465,,-0.06348326513604444,,-0.036233698932034444,,-0.09993542528052374,,-0.7999999999999999
chaosnli_snli,qwen,48,GPP-cosine,0,256,1.8339743912057995,0.304383946898735,0.47511536755722733,0.32394110862351594,0.42857142857142855,0.42857142857142855,0.510829508304596,0.060265056788921356,-0.07537848827361852,-0.13588542534427162,-0.0753784882736185,-0.13588542534427156,-0.07645622190546211,-0.13087012962197173,-0.07954039458949731,-0.13931913666065263,-0.07825223877149085,-0.13335996227336483,-0.05948719519272496,-0.1253440895844773,-0.19999999999999998
chaosnli_snli,qwen,48,GPP-rbf,0,256,1.101996035372008,0.20057178354886196,0.3941726394192121,0.38245468992102616,0.512087912087912,0.512087912087912,0.7082378268241882,0.18220949172973633,-0.06952930487059894,-0.04648845087361453,-0.06952930487059891,-0.04648845087361451,-0.05937537324464684,-0.0572871403027526,-0.06757480417725817,-0.054270516778983986,-0.055443904762266544,-0.0632003672451304,-0.056351744092454685,-0.02954807381373485,-0.39999999999999997
chaosnli_snli,qwen,48,GPP-laplace,0,256,1.033055572034792,0.19252779375404386,0.40180191152043393,0.5009789848023117,0.5274725274725275,0.5274725274725275,0.6829639673233032,0.3667862117290497,0.0037814763150948796,-0.0025874473488272202,0.00378147631509489,-0.002587447348827234,-0.014179248656148905,-0.028303685017368456,-0.00484946473731921,-0.009770497368118249,-0.02119967543757781,-0.03600034621942066,0.019740608521001526,-0.007373530210732492,0.19999999999999998
chaosnli_snli,qwen,48,LPE,0,256,1.3212826081575986,0.24161785281550263,0.4253538071003597,0.32774458208422635,0.47912087912087914,0.47912087912087914,0.4734164774417877,0.29106298089027405,-0.07339600239427269,-0.032751920520429315,-0.07339600239427269,-0.0327519205204293,-0.06523610598028222,-0.03293343927216888,-0.07353325144033343,-0.04003204657950423,-0.060087576791838355,-0.036071149017010105,-0.0639521697955213,-0.010356932029643537,-0.39999999999999997
chaosnli_snli,qwen,48,LP-temp,0,256,1.084371590183753,0.2167981460245416,0.4359334373288821,0.5417375327106866,0.42637362637362636,0.42637362637362636,1.0913884838509458,,-0.05922622544908744,,-0.05922622544908746,,-0.06845991827143862,,-0.06408899128155737,,-0.06386448963455416,,-0.08277315725452739,,-0.7999999999999999
chaosnli_snli,qwen,48,GPP-cosine,0,1024,1.1878990105437255,0.19331492820205942,0.3758938929902717,0.293030894372755,0.5428571428571428,0.5428571428571428,0.6729887127876282,0.020501699298620224,-0.0014862634581261393,-0.057077922847323354,-0.0014862634581261289,-0.05707792284732334,-0.023787368892364956,-0.05396078679663603,-0.018605318383144814,-0.06584649252482186,-0.029405301617543494,-0.05820132120000987,0.03234719470639025,-0.06360233542047947,0.0
chaosnli_snli,qwen,48,GPP-rbf,0,1024,1.1352349038461302,0.20403904678214624,0.39856967077805444,0.3307546644710521,0.4835164835164835,0.4835164835164835,0.5551022291183472,0.2581494152545929,0.019614573140421424,0.012121824097714687,0.01961457314042145,0.012121824097714687,0.0008568197588030152,0.0040999068223257894,0.014869687317765615,0.017637567248838013,-0.004521882766883086,0.005873976573484398,0.006879736315007015,0.0062586720111727275,0.0
chaosnli_snli,qwen,48,GPP-laplace,0,1024,1.0545644414933366,0.18865752539411024,0.38631930483894034,0.3952999806319251,0.5208791208791209,0.5208791208791209,0.6117019653320312,0.3224927484989166,0.01288775479517468,0.012713293855498903,0.012887754795174695,0.012713293855498898,-0.0012448235573820172,0.003265685657412962,0.003950529822305482,0.012343298761888126,-0.004614574719152869,0.0077810409164195665,0.022634385983451567,0.021853883325514994,0.7999999999999999
chaosnli_snli,qwen,48,LPE,0,1024,1.2592907919688108,0.19748920680193266,0.37628929475435563,0.29913144248237933,0.5340659340659341,0.5340659340659341,0.21372851729393005,0.47906264662742615,-0.010476798835512658,-0.031590774015775765,-0.010476798835512658,-0.03159077401577577,-0.015170757895025248,-0.04394287100645279,-0.018220443416765403,-0.040039842923668655,-0.016945089776034608,-0.04519336308099736,0.00766654516433636,-0.009498907806807861,0.0
chaosnli_snli,qwen,48,LP-temp,0,1024,1.040247373364649,0.19945879392220467,0.41505335440859487,0.5328263336389898,0.5472527472527473,0.5472527472527473,1.082170012445159,,-0.06138747539768319,,-0.06138747539768319,,-0.05277282364025164,,-0.057875730606487034,,-0.044787560435114976,,-0.001588332145241842,,-0.7999999999999999
chaosnli_snli,qwen,48,GPP-cosine,1,16,1.4038903050327323,0.27192299826563343,0.46901649263454603,0.37318327291422715,0.3956043956043956,0.3956043956043956,0.6197569966316223,0.24594677984714508,0.011298643041200228,-0.03278885064422946,0.011298643041200228,-0.032788850644229456,0.002401734344404372,-0.02959712786489691,0.009955747121498628,-0.034655708240716065,0.000850694624464618,-0.03379608700321293,0.015405515981335246,-0.06545616459324759,0.39999999999999997
chaosnli_snli,qwen,48,GPP-rbf,1,16,1.207719520591358,0.20416496796111416,0.3824919351458468,0.2570963964593514,0.5340659340659341,0.5340659340659341,0.524884819984436,0.2141115814447403,-0.01635806133023083,-0.0020379210584567375,-0.01635806133023084,-0.002037921058456734,-0.035418715251702225,-0.021956726343670806,-0.026597952212172975,-0.013647565581791393,-0.04097833381181606,-0.030219709739114198,-0.030291758505762066,-0.013608952122325782,-0.6000000000000001
chaosnli_snli,qwen,48,GPP-laplace,1,16,1.0643030560639846,0.20796665983476295,0.42526300367745723,0.5376229976673917,0.5318681318681319,0.5318681318681319,0.7036881446838379,0.3836510479450226,0.03930402566293685,0.03165923466582741,0.039304025662936844,0.0316592346658274,0.04946654626315601,0.02901274146334794,0.044514083052295976,0.0320064855596025,0.050921097796553266,0.02711847909669513,0.029195182821174243,-0.00527070202630403,1.0
chaosnli_snli,qwen,48,LPE,1,16,6.271376376811273,0.2817262577203472,0.43545284479815555,0.29289021106459895,0.5340659340659341,0.5340659340659341,0.2507045865058899,0.06240415945649147,-0.04057797109801308,-0.03767961687910991,-0.040577971098013074,-0.0376796168791099,-0.0506716395401198,-0.04865418823336665,-0.04454997440585726,-0.041636111827474294,-0.04933582219634463,-0.04725255963725094,-0.03257530047788057,-0.02895255276998647,-0.39999999999999997
chaosnli_snli,qwen,48,LP-temp,1,16,6.039836050468056,0.2394257091698025,0.3921619358359728,0.19751029469569126,0.5362637362637362,0.5362637362637362,0.630727381247418,,-0.044639124312067235,,-0.04463912431206721,,-0.058028011220646526,,-0.04870716710578393,,-0.056721563619424514,,-0.03946956014276186,,-0.39999999999999997
chaosnli_snli,qwen,48,GPP-cosine,1,64,1.847592344163878,0.3331744448454801,0.5092114142925801,0.31044234163652484,0.3802197802197802,0.3802197802197802,0.4902362525463104,0.126821830868721,-0.062350625573933637,-0.08906743118911173,-0.06235062557393363,-0.0890674311891117,-0.0313415164754871,-0.05691060610059321,-0.0456012020633913,-0.07456296284622715,-0.01942690450474073,-0.046584041692238454,-0.043359397350756175,-0.09207472585997332,-0.19999999999999998
chaosnli_snli,qwen,48,GPP-rbf,1,64,1.1496963563332343,0.2018297629422601,0.38879473691417293,0.3030651382957072,0.5318681318681319,0.5318681318681319,0.5984666347503662,0.18672309815883636,-0.08876511059597739,-0.04937828820506,-0.08876511059597739,-0.049378288205059996,-0.09056606519880092,-0.05675028449605399,-0.09210336932485204,-0.057610365222492375,-0.08781354032495904,-0.06154034494176309,-0.07730002011462485,-0.043538327569163406,-0.7999999999999999
chaosnli_snli,qwen,48,GPP-laplace,1,64,1.0379746499728242,0.19269049705682653,0.3998475117670311,0.4903576534122506,0.5384615384615384,0.5384615384615384,0.6736714839935303,0.3649275302886963,0.022854684890839826,0.020198102894802734,0.02285468489083982,0.020198102894802734,0.024031116505019514,0.017391932187515762,0.021617484951143174,0.018252558576531852,0.022116213504764788,0.01406460185873196,0.021011210538292042,-0.005145087789672109,0.7999999999999999
chaosnli_snli,qwen,48,LPE,1,64,1.441675642726892,0.24201067182964614,0.41501297496110817,0.2751363646721795,0.5230769230769231,0.5230769230769231,0.45669126510620117,0.08493376523256302,-0.08273762746027472,-0.023485745703865163,-0.0827376274602747,-0.02348574570386517,-0.0901206874508289,-0.03748200672371834,-0.08696596170402943,-0.025520715523504447,-0.08646198875328195,-0.030831570133016375,-0.07600960773851459,-0.03910596680468123,-0.7999999999999999
chaosnli_snli,qwen,48,LP-temp,1,64,1.0537945033058258,0.19484564447696245,0.40151092515289893,0.45167982529049344,0.5054945054945055,0.5054945054945055,0.9942833911834594,,-0.12566036543771622,,-0.1256603654377162,,-0.12446270859667073,,-0.12644007950939928,,-0.11895336373492896,,-0.12299837748307245,,-0.7999999999999999
chaosnli_snli,qwen,48,GPP-cosine,1,256,1.698402217302762,0.28566951132671936,0.46516535183980345,0.3016440746040643,0.4307692307692308,0.4307692307692308,0.5484567880630493,0.06328354775905609,0.023296409727170363,-0.036304018606085064,0.023296409727170352,-0.03630401860608505,0.012009142866528273,-0.023836273355439398,0.01869381366490822,-0.030106986635093924,0.009488680747983206,-0.022864229832579436,0.02182273456196885,-0.027502893136482805,0.0
chaosnli_snli,qwen,48,GPP-rbf,1,256,1.155594630730802,0.20366082774512895,0.3956265732917198,0.3292568603992278,0.5010989010989011,0.5010989010989011,0.6422349810600281,0.1614001989364624,-0.05471306312638368,-0.023954764525210875,-0.05471306312638365,-0.023954764525210885,-0.0662693339005723,-0.053429192011383825,-0.06487944747747786,-0.040373602488017336,-0.07849043311531724,-0.07427180355522535,-0.03361575835878613,-0.015555590596702789,-0.7999999999999999
chaosnli_snli,qwen,48,GPP-laplace,1,256,1.0495975828211461,0.19035903373407226,0.391177120501851,0.43073256273736316,0.5208791208791209,0.5208791208791209,0.6353252530097961,0.34051910042762756,-0.02167278341958775,-0.01908331620341985,-0.02167278341958776,-0.01908331620341986,-0.038303918669581806,-0.03980373968026028,-0.03091875844562807,-0.026219048780608836,-0.046860827272802684,-0.048471900290967304,-0.02348807868088614,-0.02838362692219911,0.39999999999999997
chaosnli_snli,qwen,48,LPE,1,256,1.3596301824510835,0.2276003001754871,0.4142161755025562,0.31193671882339014,0.48131868131868133,0.48131868131868133,0.4447043538093567,0.243148535490036,-0.046955038356382324,-0.010648354917911306,-0.046955038356382296,-0.010648354917911298,-0.059839282110144075,-0.050483156899124984,-0.05882113273065748,-0.03785871392344613,-0.07362099569234506,-0.07201689949074958,-0.048576082707352364,-0.0056043568799946965,-0.7999999999999999
chaosnli_snli,qwen,48,LP-temp,1,256,1.068113211071159,0.20241581636436276,0.41469667234921376,0.4711096531950446,0.44835164835164837,0.44835164835164837,1.016639690060106,,-0.04099888614840953,,-0.04099888614840952,,-0.05081274262896368,,-0.05206216260398709,,-0.06135309058167121,,-0.038291385233662475,,-0.39999999999999997
chaosnli_snli,qwen,48,GPP-cosine,1,1024,1.1769281413895398,0.19125345300637314,0.3726182430593366,0.2842570713168259,0.5406593406593406,0.5406593406593406,0.6786399483680725,0.020541541278362274,0.01691186881065914,-0.05330961552249382,0.016911868810659137,-0.05330961552249379,-0.006093736549605124,-0.05225846705672006,7.692694596101585e-05,-0.06226972268027699,-0.014112346171462967,-0.058387930994611495,0.04788284754646738,-0.05030417024568266,0.0
chaosnli_snli,qwen,48,GPP-rbf,1,1024,1.1227593319342157,0.20077158359706962,0.3951077845408121,0.3345704433325057,0.4879120879120879,0.4879120879120879,0.5585693717002869,0.25994232296943665,0.007688809486550697,-0.0006365139033027486,0.0076888094865507125,-0.0006365139033027486,-0.00830822927455405,-0.006171926331597957,0.004314344031844251,0.006197397331344379,-0.011126454876235974,-0.0022073001651275494,-0.0019192479461053423,-0.005110117091948518,0.0
chaosnli_snli,qwen,48,GPP-laplace,1,1024,1.0505224931013464,0.18739743476701856,0.3847569995283425,0.39583737016865866,0.5230769230769231,0.5230769230769231,0.6123282313346863,0.32278183102607727,0.01530407317034405,0.012210203541983683,0.015304073170344058,0.01221020354198367,0.0012231274691424695,0.003887495025830701,0.005575505678308558,0.011515469188188852,-0.002310907900477029,0.008487331204254552,0.03132992322616116,0.02449655971250711,0.7999999999999999
chaosnli_snli,qwen,48,LPE,1,1024,1.2420487198382744,0.1927612533223324,0.3706643270757062,0.3006042429661354,0.5428571428571428,0.5428571428571428,0.21421904861927032,0.5021584033966064,0.0074857737835937535,-0.021912259014297712,0.007485773783593774,-0.021912259014297712,0.0036560303370182998,-0.03669644897148071,0.0016316372752535856,-0.03398177751895591,0.0002087784304549041,-0.04312622924249959,0.026423196731355507,0.0069607613195687805,0.6000000000000001
chaosnli_snli,qwen,48,LP-temp,1,1024,1.04381000490877,0.2009072813836719,0.4168598485931683,0.5346128931604923,0.5208791208791209,0.5208791208791209,1.0842277537033356,,-0.008558538764896767,,-0.008558538764896755,,0.006616902448943357,,-0.00788899639242208,,0.006780462915315531,,0.03354059365329644,,-0.19999999999999998
chaosnli_snli,qwen,48,GPP-cosine,2,16,1.3809015624047838,0.268608314405044,0.4647615237921415,0.3628314693865457,0.3934065934065934,0.3934065934065934,0.6098628640174866,0.23582062125205994,0.017391841388000224,-0.03679989735087871,0.01739184138800022,-0.03679989735087871,0.03373949548903494,-0.003241964328045216,0.02606669577781759,-0.02589422869552718,0.041835561506042285,0.003706875661123068,0.04150677845714423,-0.03908399068316094,0.39999999999999997
chaosnli_snli,qwen,48,GPP-rbf,2,16,1.2952801103323872,0.22960526621903948,0.40761925225033535,0.2290702049932639,0.5340659340659341,0.5340659340659341,0.48785272240638733,0.17791640758514404,-0.025094039490683277,-0.015919264391106483,-0.025094039490683267,-0.01591926439110647,-0.024225314391386532,-0.01770078255144417,-0.030445081106654545,-0.02241517030665841,-0.028890669023950037,-0.023805679032943432,-0.0072858805202631605,-0.014525547949047866,-0.39999999999999997
chaosnli_snli,qwen,48,GPP-laplace,2,16,1.0622823233329168,0.20706091772519958,0.4231290978881029,0.5351819215984172,0.5318681318681319,0.5318681318681319,0.7021334767341614,0.3827361464500427,-0.0010832323258910884,-0.00789141149947813,-0.0010832323258910675,-0.007891411499478137,0.008217794340827866,-0.022987023433838776,0.001187885706010458,-0.0152389594413787,0.00887276666093767,-0.030172462127173304,0.02609814289193823,-0.019965593046246934,0.39999999999999997
chaosnli_snli,qwen,48,LPE,2,16,1.8537773444539456,0.2958139353718332,0.45471133354969406,0.29194586092753827,0.5340659340659341,0.5340659340659341,0.2642204165458679,0.054426517337560654,-0.02885040470844477,-0.020881819088331054,-0.028850404708444757,-0.020881819088331047,-0.011976638705492058,-0.029756523111794435,-0.024451475278269536,-0.027730774016744602,-0.009186613356982313,-0.029798154786724616,-0.015609543567507675,-0.01983469180066955,-0.39999999999999997
chaosnli_snli,qwen,48,LP-temp,2,16,1.1457544218751432,0.2071313516133837,0.39669522291088033,0.3234976536816502,0.5362637362637362,0.5362637362637362,0.8463236897811204,,-0.04292319638643892,,-0.04292319638643892,,-0.018185857106867175,,-0.03681170976821124,,-0.01573988060462691,,-0.011765951763060403,,-0.39999999999999997
chaosnli_snli,qwen,48,GPP-cosine,2,64,1.7163345556315028,0.31813039496521894,0.5033041363132544,0.2977586342194294,0.35384615384615387,0.35384615384615387,0.540552020072937,0.13402891159057617,0.027100882135386115,0.006708127634859406,0.02710088213538612,0.006708127634859375,0.0319545793389632,0.029099368204127223,0.038697976382101484,0.022067914193008555,0.03854389923086287,0.03570891913034485,0.04491212180924485,0.016737268945464824,0.6000000000000001
chaosnli_snli,qwen,48,GPP-rbf,2,64,1.072783404135622,0.19379832299520797,0.3898764314273229,0.39897704797815187,0.5230769230769231,0.5230769230769231,0.7033543586730957,0.22529612481594086,-0.0650360778374254,-0.00905704112046105,-0.0650360778374254,-0.009057041120461053,-0.019035196141100608,0.004601224426654744,-0.04230747605788332,-0.004035741065202755,-0.011646478277212907,0.00045069917540142834,-0.02703254043704564,-0.003891493503409494,-0.7999999999999999
chaosnli_snli,qwen,48,GPP-laplace,2,64,1.051727700557024,0.20186212625648467,0.41577632328966163,0.5248582004832287,0.5296703296703297,0.5296703296703297,0.6965739727020264,0.3777868449687958,-0.014750496522769399,-0.014578778743428963,-0.014750496522769385,-0.014578778743428954,0.004211226113768722,-0.01172932413223383,-0.002697291775877214,-0.009002810795910005,0.009428095610887009,-0.01165489301285619,0.01445366327444337,-0.009641147764167876,0.39999999999999997
chaosnli_snli,qwen,48,LPE,2,64,1.1935717693759247,0.21052791276307486,0.39813624328196784,0.325315770338689,0.5208791208791209,0.5208791208791209,0.6596003770828247,0.12092495709657669,-0.027977683187988756,-0.03799843032374274,-0.027977683187988767,-0.03799843032374272,0.003858645859468754,-0.047131597552062185,-0.012613101037853083,-0.044111163913751326,0.005339592511363154,-0.05072527633230836,-0.01672363738023195,-0.04617208610974149,-0.39999999999999997
chaosnli_snli,qwen,48,LP-temp,2,64,1.056232040813187,0.20399433045235588,0.4183071510506673,0.523401487753207,0.4857142857142857,0.4857142857142857,1.0730137624441949,,-0.03715126186690106,,-0.03715126186690105,,-0.0065471621968307536,,-0.01895093317162238,,0.0015860521987561202,,-0.01809845080276071,,-0.7999999999999999
chaosnli_snli,qwen,48,GPP-cosine,2,256,1.7133971637414496,0.29261779964671153,0.464803788826598,0.31077622849054753,0.43736263736263736,0.43736263736263736,0.5307199358940125,0.06116616353392601,0.02685907464283484,0.003004819422807688,0.02685907464283485,0.0030048194228076888,0.0015602236200125599,-0.019256763988446175,0.028397329740353066,0.007735598924833111,0.0049832753079764956,-0.015396357310979658,0.028188293332304028,0.00495717602594789,0.39999999999999997
chaosnli_snli,qwen,48,GPP-rbf,2,256,1.131758564891986,0.20543100303873552,0.4020893279831488,0.3587489134571426,0.4945054945054945,0.4945054945054945,0.6777696013450623,0.17337295413017273,-0.04368681169253845,-0.00861426716077178,-0.04368681169253846,-0.008614267160771787,-0.054590468932290234,-0.03655860234789883,-0.04266177035724164,-0.012817281362148228,-0.04936699080471033,-0.039262135217052255,-0.04561306453738767,0.014169438769447618,0.0
chaosnli_snli,qwen,48,GPP-laplace,2,256,1.0390245718791304,0.1924076904224241,0.39925235202024273,0.48293012688849973,0.5296703296703297,0.5296703296703297,0.6709076166152954,0.3600131869316101,0.013805339669584749,0.023999556201197002,0.013805339669584735,0.023999556201196988,-0.007135203717259973,-0.006415483976085892,0.009694418531443913,0.02096058326772058,-0.011751076793671739,-0.011496633197531296,0.026837812890704978,0.013485248852782582,0.39999999999999997
chaosnli_snli,qwen,48,LPE,2,256,1.2902654034393952,0.23040181837672,0.4201650425259716,0.3279968291310985,0.46153846153846156,0.46153846153846156,0.4558126926422119,0.27576524019241333,-0.06845343219935797,-0.031219185553792238,-0.06845343219935796,-0.031219185553792238,-0.06218243942159582,-0.03893365696744569,-0.05835010532261756,-0.03780517944843016,-0.04835376665822962,-0.03759527405719876,-0.06320835770568817,-0.0233769877941285,-0.39999999999999997
chaosnli_snli,qwen,48,LP-temp,2,256,1.0580390601773786,0.2040090865776667,0.41717815899115507,0.5105054416913973,0.45714285714285713,0.45714285714285713,1.059369327093832,,-0.0387345958263906,,-0.038734595826390585,,-0.05040387838601832,,-0.037669898495087104,,-0.044158543303487396,,-0.07149106235833111,,-0.39999999999999997
chaosnli_snli,qwen,48,GPP-cosine,2,1024,1.1745050653403784,0.18973755233297498,0.37140106413501267,0.28809368010758996,0.5428571428571428,0.5428571428571428,0.6754652261734009,0.02058633603155613,-0.007182007862244199,-0.07849457407174733,-0.007182007862244204,-0.0784945740717473,-0.027687304876227378,-0.07375772498110285,-0.023754530604906846,-0.08689578274035267,-0.03557539678570831,-0.0805811776250852,0.02351292125303951,-0.07955426059138297,0.0
chaosnli_snli,qwen,48,GPP-rbf,2,1024,1.1278246967268253,0.2020787474333558,0.39693245844669883,0.33304188148432806,0.4901098901098901,0.4901098901098901,0.5575782060623169,0.25920018553733826,0.017516106901565867,0.008358752498492147,0.01751610690156586,0.008358752498492158,0.0023054840524901303,0.0038468937931511963,0.011671548864788849,0.013242672473098991,-0.002396593601698402,0.006149795707567667,0.008033641942079643,0.004747097043994507,0.0
chaosnli_snli,qwen,48,GPP-laplace,2,1024,1.0513320100741026,0.1876673354232783,0.3851571041149097,0.3962438009038174,0.5208791208791209,0.5208791208791209,0.612386167049408,0.3227939009666443,0.004635966744878201,0.004977944418365375,0.004635966744878211,0.004977944418365373,-0.012380655699515321,-0.00520097345934601,-0.007969928065415676,0.0018767227208204172,-0.017032112341423558,-0.0017021996808346835,0.01136503086784676,0.008906189798438505,0.39999999999999997
chaosnli_snli,qwen,48,LPE,2,1024,1.226125417507611,0.19240276210925245,0.37164646940879764,0.2964173135808381,0.5406593406593406,0.5406593406593406,0.21601368486881256,0.48196861147880554,-0.059671605449756006,-0.026104069328430658,-0.059671605449756006,-0.026104069328430627,-0.05264318546352819,-0.02943305353159845,-0.061250979432790884,-0.030184992731332932,-0.05406203754820525,-0.030034765139091153,-0.047722071515402996,0.00920907779835186,-0.39999999999999997
chaosnli_snli,qwen,48,LP-temp,2,1024,1.0328633228468629,0.19617747014748904,0.4101480626048477,0.5253357702469714,0.5406593406593406,0.5406593406593406,1.073972066051366,,-0.06773131789966003,,-0.06773131789966001,,-0.05214346711898414,,-0.06047822505501077,,-0.04194196917076884,,-0.009021930421463127,,-0.7999999999999999
chaosnli_snli,qwen,48,GPP-cosine,3,16,1.44432280836336,0.2958395533368933,0.49550098767939055,0.36273543600771296,0.34285714285714286,0.34285714285714286,0.5952313542366028,0.23852446675300598,-0.03080878868178414,-0.04170282362445019,-0.030808788681784115,-0.04170282362445019,-0.073034477344814,-0.06185499865771327,-0.04600426047570347,-0.05026282332116208,-0.08542404894623058,-0.07230361191297091,-0.0574977510555606,-0.044669620085686174,-0.39999999999999997
chaosnli_snli,qwen,48,GPP-rbf,3,16,1.2562036167867638,0.26912772028009235,0.49163713363500744,0.4734567508000306,0.2813186813186813,0.2813186813186813,0.729812741279602,0.2895462214946747,0.00449941063110312,0.012895539949468994,0.004499410631103099,0.012895539949468963,-0.012604933110033231,-0.011554765764109968,-0.005474573046200814,0.001004447513316119,-0.023453372603260844,-0.023906305083385575,0.018243875398212372,0.005442880160997781,0.39999999999999997
chaosnli_snli,qwen,48,GPP-laplace,3,16,1.111455681879342,0.2271827286728041,0.45004020569088693,0.5470429588954684,0.2681318681318681,0.2681318681318681,0.7097512483596802,0.3870326578617096,0.0025802713235903336,-0.01944489435159885,0.002580271323590337,-0.01944489435159883,0.011647158392601062,-0.044288572934197044,0.0089910861960606,-0.02698828910565116,0.014064239355033148,-0.0505138921735458,0.021442643208022263,-0.00913983738192744,0.6000000000000001
chaosnli_snli,qwen,48,LPE,3,16,1.4921155491697136,0.3225009847339661,0.5327694809964889,0.3547644572536331,0.27912087912087913,0.27912087912087913,0.7496931552886963,0.13611969351768494,0.010102589939902878,-0.016494287418863718,0.010102589939902883,-0.016494287418863735,-0.008445049415074964,-0.012518261878835629,-0.0066708023041306685,-0.02578480617551213,-0.02192529019296073,-0.01921949948720374,-0.008142503367233775,-1.7071305992573236e-05,0.19999999999999998
chaosnli_snli,qwen,48,LP-temp,3,16,1.3096982945744833,0.2816945861558605,0.5012362269508832,0.4351169430549333,0.2681318681318681,0.2681318681318681,0.977526478775028,,-0.011062048166301922,,-0.011062048166301925,,-0.03280677857237759,,-0.027453973450553667,,-0.045722816873138616,,-0.021623293296809346,,0.19999999999999998
chaosnli_snli,qwen,48,GPP-cosine,3,64,1.851098267315142,0.32504104584034443,0.5075294354230249,0.31704322564887744,0.36923076923076925,0.36923076923076925,0.5087104439735413,0.13175414502620697,-0.015702649381177918,-0.05424968874228642,-0.015702649381177897,-0.05424968874228641,-0.03260517357037775,-0.055046193465353464,-0.030323796521343233,-0.06231424850490276,-0.047056991185985886,-0.06580778790901731,-0.03747795024289695,-0.0683726825640534,-1.0
chaosnli_snli,qwen,48,GPP-rbf,3,64,1.0843717507740827,0.19798824164367831,0.40009391259115473,0.3921875269955989,0.4725274725274725,0.4725274725274725,0.7055065631866455,0.22242921590805054,-0.05477128996558541,-0.009426354297182039,-0.05477128996558539,-0.009426354297182048,-0.033433413056903505,-0.013320730785760005,-0.04648781263578576,-0.01504908182394703,-0.033524314279130885,-0.022393034484654815,-0.05522733105745131,-0.015628971732909672,-0.7999999999999999
chaosnli_snli,qwen,48,GPP-laplace,3,64,1.0462180972401853,0.19977442524059033,0.4143608385226229,0.5221483017393409,0.5318681318681319,0.5318681318681319,0.6948162913322449,0.376897931098938,0.006650889304463024,0.006092637025212011,0.006650889304463024,0.006092637025212005,-0.0005499608296243227,-0.023211357164420444,0.00530357202676323,-0.004340676753068751,-0.005885684538750942,-0.03349459809886898,0.027067702231478103,0.006180449758341085,0.39999999999999997
chaosnli_snli,qwen,48,LPE,3,64,1.2802506137912968,0.23033948641059315,0.4205214935114382,0.28748936550525267,0.46153846153846156,0.46153846153846156,0.6197319030761719,0.1090470626950264,-0.06451289858967123,0.015141923701566206,-0.06451289858967121,0.015141923701566206,-0.03451036434296825,0.02102903551685013,-0.05435088786261125,0.012937162938684556,-0.03496253768159032,0.014654112472988099,-0.06086309149660399,0.000961917133559136,-0.7999999999999999
chaosnli_snli,qwen,48,LP-temp,3,64,1.0656043498258039,0.20791530556026022,0.42617562785366525,0.5304210746857748,0.43736263736263736,0.43736263736263736,1.0799782498508326,,-0.0529176272596968,,-0.0529176272596968,,-0.014011693854959621,,-0.03920358807010194,,-0.01190401652794814,,-0.02230378867710285,,-0.7999999999999999
chaosnli_snli,qwen,48,GPP-cosine,3,256,1.5533561757951062,0.2640763447200978,0.4469804887756594,0.32100446935316945,0.45054945054945056,0.45054945054945056,0.5450442433357239,0.06271276623010635,-0.02835321131378533,-0.059762696012587074,-0.028353211313785317,-0.059762696012587074,-0.043386790728896486,-0.053134938981421985,-0.04210172721610994,-0.06398497132706249,-0.051646589152749764,-0.057188756320429905,-0.006685773155501846,-0.05169962211276961,-0.19999999999999998
chaosnli_snli,qwen,48,GPP-rbf,3,256,1.12655595967316,0.19353235181035316,0.38248540537053166,0.31427666228876266,0.5230769230769231,0.5230769230769231,0.613785982131958,0.1546061486005783,-0.011381076550610833,-0.00631196878484282,-0.011381076550610821,-0.006311968784842834,-0.022954422745138196,-0.016454657683116526,-0.016280759946863777,-0.011286577799239347,-0.02239551762590735,-0.01834035886185687,0.004041759091547629,0.008211234483524768,-0.39999999999999997
chaosnli_snli,qwen,48,GPP-laplace,3,256,1.046476114391335,0.18753710561338377,0.3851783460435959,0.41844900363677723,0.5362637362637362,0.5362637362637362,0.6243070960044861,0.3344174325466156,-0.03332303050538272,-0.04646914858932146,-0.03332303050538273,-0.046469148589321475,-0.02426097784967627,-0.03154772934688453,-0.030978006178680278,-0.03919416354193228,-0.018273101607714975,-0.02067977142098524,0.006667810064867869,-0.006911108244822041,0.19999999999999998
chaosnli_snli,qwen,48,LPE,3,256,1.2638159813167134,0.21210372552015547,0.3950182027115031,0.31037423139272563,0.5032967032967033,0.5032967032967033,0.4190841615200043,0.2504914104938507,-0.00013759863528367815,0.043449133700826204,-0.00013759863528367382,0.04344913370082619,-0.0140985052582914,0.03243244822038804,-0.0024050207035740574,0.037345573154355285,-0.012289845598082022,0.028070829425624038,0.010008499030466762,0.07445140517437158,0.6000000000000001
chaosnli_snli,qwen,48,LP-temp,3,256,1.0423961804123114,0.19715757529588343,0.41099045686981855,0.5059386816778554,0.48131868131868133,0.48131868131868133,1.0542277570365195,,0.023369501516239705,,0.02336950151623971,,0.0030815241931899315,,0.018613153208536022,,0.005580359007476485,,0.03772828693151939,,0.39999999999999997
chaosnli_snli,qwen,48,GPP-cosine,3,1024,1.1753472937584541,0.19156109584094408,0.37222267211911236,0.2886400735326943,0.5494505494505495,0.5494505494505495,0.6809514164924622,0.02066524140536785,0.01575564915720129,-0.053998975412915345,0.015755649157201294,-0.05399897541291535,-0.007738881700923999,-0.052469529706185375,-0.0016390165269102273,-0.06358811982292187,-0.016757560329575955,-0.05942716935971415,0.04740434138745168,-0.05244770202910087,0.0
chaosnli_snli,qwen,48,GPP-rbf,3,1024,1.1278348797654958,0.20237042379547693,0.3967669911733777,0.3358858598249815,0.4857142857142857,0.4857142857142857,0.5597718358039856,0.2601623833179474,0.006426358331193798,-0.00540367826120601,0.0064263583311938086,-0.005403678261206005,-0.01920704587637171,-0.01779458250165669,-0.0014232109855820494,-0.0017664199781873002,-0.026024538487194937,-0.016576014359201953,-0.005017689983757384,-0.01170900494381652,-0.39999999999999997
chaosnli_snli,qwen,48,GPP-laplace,3,1024,1.0499194202399391,0.1878082523955722,0.3861055335746362,0.4013194638425995,0.5208791208791209,0.5208791208791209,0.6164944767951965,0.3249686062335968,0.008076247528898278,0.0038126830811387666,0.0080762475288983,0.003812683081138777,-0.014365980415583204,-0.011465816286266299,-0.006127361332616823,-0.00039031083368371456,-0.02034988267463936,-0.008718631068103557,0.017146215902451096,0.011415480398988992,0.7999999999999999
chaosnli_snli,qwen,48,LPE,3,1024,1.2334731150880363,0.19557038246433645,0.37517498866440574,0.29562205721684215,0.5362637362637362,0.5362637362637362,0.21791888773441315,0.48603448271751404,-0.03400825350648293,0.011551676490715075,-0.03400825350648293,0.011551676490715085,-0.05368569425311515,0.0006493013580137069,-0.04518190757955218,0.0035516958127165925,-0.058665216131901524,-0.005347329183327212,-0.040083617567270836,0.015072561815577108,-0.39999999999999997
chaosnli_snli,qwen,48,LP-temp,3,1024,1.0415428448219468,0.19988010671480003,0.4155939972005941,0.5333986092608881,0.5274725274725275,0.5274725274725275,1.0829882425032933,,-0.007244920649203453,,-0.007244920649203443,,-0.006024994556378088,,-0.010750946581879806,,-0.007747564984676981,,0.013150893311159385,,-0.19999999999999998
chaosnli_snli,qwen,48,GPP-cosine,4,16,1.6090083754098812,0.31339141435488427,0.5065348191065253,0.31405054588000497,0.3626373626373626,0.3626373626373626,0.53232741355896,0.21621385216712952,-0.02239023151913381,-0.03193915429458772,-0.022390231519133788,-0.031939154294587734,-0.024913656515887145,-0.037671430645257534,-0.03135984387359838,-0.043542201010829715,-0.030414782186892454,-0.046456981024784516,-0.03166536164913464,-0.051124612115773495,-0.39999999999999997
chaosnli_snli,qwen,48,GPP-rbf,4,16,1.0635139641302904,0.19066768790370447,0.38612894744990944,0.3946697728230963,0.5362637362637362,0.5362637362637362,0.6671167016029358,0.2664412558078766,-0.034790733692712,0.011255457814624906,-0.03479073369271199,0.011255457814624899,-0.04196753888109353,-0.008087362348424946,-0.03639383209141845,0.0010463485309239046,-0.03887432589157056,-0.014873420492676509,-0.032508416629775334,0.011715693328627043,-1.0
chaosnli_snli,qwen,48,GPP-laplace,4,16,1.0738164303436697,0.21261388151686983,0.43154086807926934,0.5446738578338771,0.5318681318681319,0.5318681318681319,0.7081729173660278,0.3862419128417969,0.011938076735995236,-0.0015783299967012943,0.011938076735995236,-0.0015783299967012908,0.024340697076261596,-0.022652094864843937,0.016485296666529807,-0.01078434884756763,0.027860343723794527,-0.029237876276496447,0.031033787026312386,-0.010191060086342565,0.7999999999999999
chaosnli_snli,qwen,48,LPE,4,16,1.2412883270902666,0.21779997687332722,0.4000672539614223,0.254460564110386,0.5340659340659341,0.5340659340659341,0.572045624256134,0.11841139197349548,-0.050138137468811524,-0.035398095939808916,-0.050138137468811524,-0.0353980959398089,-0.05825510528956549,-0.04257321887063848,-0.05266105344448578,-0.040363799333847615,-0.05354713979987456,-0.044570985478458766,-0.03941446059170374,-0.03712849806127286,-0.7999999999999999
chaosnli_snli,qwen,48,LP-temp,4,16,1.0445096192674754,0.19323722275021168,0.39807639244803356,0.4727069575737146,0.5318681318681319,0.5318681318681319,1.0189456912317907,,-0.045721234446732456,,-0.04572123444673247,,-0.055469813864823136,,-0.04764495384821872,,-0.04971922156700561,,-0.034606849589899735,,-0.7999999999999999
chaosnli_snli,qwen,48,GPP-cosine,4,64,1.6285613194584012,0.3039466106343756,0.4889015152054496,0.29307583309138857,0.3868131868131868,0.3868131868131868,0.5322824120521545,0.13386176526546478,0.05425639754394592,0.014946294728286413,0.054256397543945914,0.014946294728286418,0.07430354090770988,0.04556356895443268,0.06873563911609647,0.033181988264852094,0.0798989014382398,0.05365453579521259,0.06450482147757938,0.02757977771235234,0.7999999999999999
chaosnli_snli,qwen,48,GPP-rbf,4,64,1.2196143145977156,0.21459165236711294,0.39631912491110327,0.2558206623808153,0.5318681318681319,0.5318681318681319,0.5415247082710266,0.17309130728244781,0.03230999261694766,0.030289779406721833,0.03230999261694768,0.03028977940672182,0.03930070998127869,0.02804938834512332,0.037913521987024135,0.028287766409917148,0.04111929400713245,0.02376853127498341,0.05474869750062969,0.04356520850621141,0.7999999999999999
chaosnli_snli,qwen,48,GPP-laplace,4,64,1.049210298906595,0.19449084840487935,0.39955362117552495,0.47219579231413655,0.5318681318681319,0.5318681318681319,0.6613682508468628,0.3582255244255066,0.0243765356363118,0.02066182454099555,0.024376535636311772,0.020661824540995546,0.025239664507834766,0.020276148586017194,0.024676332540720228,0.02103325969399151,0.022946629388846614,0.01724818053907471,0.0313280759579754,0.011756970217743414,0.39999999999999997
chaosnli_snli,qwen,48,LPE,4,64,1.5766032713381448,0.2604650885467332,0.430521631638128,0.26676223004846095,0.5274725274725275,0.5274725274725275,0.3811444938182831,0.0776524469256401,0.03308934320147608,0.027712301884984126,0.033089343201476086,0.0277123018849841,0.03427101575625366,0.03754396866280744,0.03706845061525291,0.033588483562572935,0.03539135469169623,0.03979472410183379,0.06499402905229193,0.07152284811090684,1.0
chaosnli_snli,qwen,48,LP-temp,4,64,1.10313158201874,0.20069690130265805,0.39578249795462833,0.38426114931052646,0.5274725274725275,0.5274725274725275,0.9080808428972834,,0.035344029370199655,,0.035344029370199655,,0.04615327436063763,,0.0451300565486591,,0.0515322106919802,,0.06375514908867418,,1.0
chaosnli_snli,qwen,48,GPP-cosine,4,256,1.8069597482256785,0.30411543596705287,0.4776319922524315,0.29487641159255723,0.4461538461538462,0.4461538461538462,0.5182433128356934,0.05964389815926552,0.047443523176269126,0.01623286178825047,0.0474435231762691,0.01623286178825044,0.02537571350457601,0.014332602487739017,0.041182511580035996,0.012546538972025274,0.024546532920765533,0.014389549658277651,0.05942598054698293,0.017864102538780575,0.7999999999999999
chaosnli_snli,qwen,48,GPP-rbf,4,256,1.1586098107179112,0.20816207832463224,0.39688633777262583,0.3408187352561898,0.5164835164835165,0.5164835164835165,0.6507057547569275,0.16875776648521423,-0.00490725062640348,0.026482542287681925,-0.004907250626403473,0.02648254228768193,-0.009516159109333872,0.015409081333061729,-0.007246739566684077,0.017829327485899396,-0.010676144462501938,0.008421714682163416,-0.028721962741280815,0.01115807313213829,-1.0
chaosnli_snli,qwen,48,GPP-laplace,4,256,1.0566714996432292,0.19314167290019682,0.3937455570632285,0.4361699578690902,0.5318681318681319,0.5318681318681319,0.639007568359375,0.3430204689502716,0.046416435876854734,0.0507229390520559,0.04641643587685472,0.05072293905205588,0.01540311620534729,0.02361911142492575,0.03120649772168756,0.038751426662712446,0.005920784025461144,0.01570193912693559,0.027604365488893882,0.0167794376192226,0.39999999999999997
chaosnli_snli,qwen,48,LPE,4,256,1.344223974402036,0.23806382349121472,0.4210889060367513,0.324563303809109,0.5076923076923077,0.5076923076923077,0.45741093158721924,0.24877433478832245,-0.010299889172080965,-0.010045532483688004,-0.01029988917208097,-0.010045532483687999,-0.002935028883753868,-0.027593859950397447,-0.003347609332660907,-0.018444820728675176,0.0024983870437670884,-0.03270565120417006,-0.02084253584326095,-0.020039611171483385,-0.19999999999999998
chaosnli_snli,qwen,48,LP-temp,4,256,1.068831789209051,0.20696367040129193,0.4168365928535058,0.5033324954952652,0.47912087912087914,0.47912087912087914,1.0518705639739485,,-0.006264414378425742,,-0.006264414378425744,,-0.012449439588044491,,-0.004803725351941058,,-0.01300487031637951,,0.012965211009038673,,-0.6000000000000001
chaosnli_snli,qwen,48,GPP-cosine,4,1024,1.1913951725162046,0.19326694573075426,0.37520578969407514,0.28924266886166733,0.5406593406593406,0.5406593406593406,0.6737575531005859,0.02048705890774727,0.027040259994537318,-0.03465755449956989,0.02704025999453731,-0.03465755449956989,-0.008904396768554593,-0.04837581801442044,0.0036290138937556775,-0.051318841415718415,-0.020827997867173625,-0.059003978802082344,0.05397386404505634,-0.03032010451757809,0.0
chaosnli_snli,qwen,48,GPP-rbf,4,1024,1.133323165561927,0.20345302192597667,0.3976983183493408,0.3345164470843559,0.49230769230769234,0.49230769230769234,0.5559007525444031,0.2585310637950897,0.012134091267376274,-0.0014408017488026816,0.012134091267376284,-0.0014408017488026573,-0.001906821715102626,-0.006791593719162051,0.008184290042573702,0.004308571486861841,-0.006148541019144926,-0.0045123912448567175,0.003794225154655317,-0.005756915752577581,0.0
chaosnli_snli,qwen,48,GPP-laplace,4,1024,1.0534058081747937,0.1882368338705116,0.38554535942090734,0.39395799611578947,0.5252747252747253,0.5252747252747253,0.6109557151794434,0.3220132291316986,0.016989259833157966,0.011728469756611655,0.01698925983315797,0.01172846975661168,0.0031058869434213176,0.0031410873081770038,0.0064994466229661525,0.010034857349545012,-0.0007104154992887447,0.007141215547360232,0.028310149333661463,0.024526561895800027,0.7999999999999999
chaosnli_snli,qwen,48,LPE,4,1024,1.2415986340375784,0.19311653268690412,0.373609676186568,0.30030821949957776,0.5560439560439561,0.5560439560439561,0.21330244839191437,0.4874442517757416,-0.022431764197719955,-0.03086802589408879,-0.022431764197719948,-0.03086802589408876,-0.042069017515791174,-0.04414687807951336,-0.03496384398679066,-0.04068411563458752,-0.04785496911781089,-0.05110367407986281,-0.01852727181746968,-0.01538621521373916,0.0
chaosnli_snli,qwen,48,LP-temp,4,1024,1.0422847280966887,0.20015127430859858,0.41598795421291795,0.5326451681334756,0.5230769230769231,0.5230769230769231,1.082239593622633,,-0.0030018862937540667,,-0.0030018862937540563,,0.0034122476647823786,,-0.004134968167947419,,0.003775409424551627,,0.037467631020617856,,-0.19999999999999998
