dataset,model,layer,method,seed,n_obs,soft_ce,jsd,tvd,entce,rankcs,acc,mean_alea,mean_mi,corrAlea_entropy,corrMI_entropy,corrAlea_norm_entropy,corrMI_norm_entropy,corrAlea_one_minus_max,corrMI_one_minus_max,corrAlea_gini,corrMI_gini,corrAlea_top2_margin,corrMI_top2_margin,corrAlea_bern_var,corrMI_bern_var,corrAleaS_entropy,corrMIS_entropy,mono_alea
lewidi_md,llama,0,GPP-cosine,0,16,0.673646667245835,0.1473532560358221,0.3150776911272229,0.352218286310698,0.6643768400392541,0.6643768400392541,0.6770796775817871,0.012385474517941475,0.14226596875255013,-0.14665463014973704,0.1422659687525501,-0.146654630149737,0.1331376387957117,-0.14016689658625078,0.14046285967515537,-0.14568523591226312,0.13313763879571172,-0.14016689658625076,0.14046285968215555,-0.14568523585676552,0.11993534646613371,-0.15090465829571809,1.0
lewidi_md,llama,0,GPP-rbf,0,16,0.6791872230398245,0.1476278157034155,0.3123614075777965,0.33886454928219756,0.5999345763820739,0.5999345763820739,0.504624605178833,0.16303309798240662,0.10801427118623765,-0.15144417203720834,0.10801427118623765,-0.15144417203720828,0.10378086101930814,-0.14117130141733714,0.10746613966975624,-0.1493556357310217,0.10378086101930817,-0.14117130141733714,0.1074661399022595,-0.1493556361224525,0.10707005741335006,-0.14582979139033542,1.0
lewidi_md,llama,0,GPP-laplace,0,16,0.6750502715286962,0.1478435259942102,0.31442477033492744,0.35100063831305683,0.656853123977756,0.656853123977756,0.4388832151889801,0.24933354556560516,-0.03271563168158013,-0.07193695898524602,-0.03271563168158013,-0.07193695898524602,-0.033246355177446674,-0.06672568893057304,-0.03310136427099695,-0.07084397477185304,-0.033246355177446674,-0.06672568893057304,-0.03310136422160907,-0.0708439754245506,-0.031274797051545324,-0.07073226737696398,-1.0
lewidi_md,llama,0,LPE,0,16,0.7114764678824339,0.15361667566478707,0.3163701919384854,0.3177902516732936,0.5858684985279686,0.5858684985279686,0.480161190032959,0.1363620162010193,0.055600236399958036,-0.0675879646341458,0.05560023639995804,-0.06758796463414579,0.05481740280399222,-0.05587685296927199,0.05574303849602183,-0.0644870168018375,0.05481740280399222,-0.05587685296927198,0.05574303872330945,-0.06448701659250966,0.04954159381367162,-0.05532595716666952,1.0
lewidi_md,llama,0,LP-temp,0,16,0.6925830991347558,0.15511544585373094,0.3281273783522598,0.35587186658557957,0.5364736669937847,0.5364736669937847,0.6931187664134206,,0.04745962537939089,,0.0474596253793909,,0.05019006553213604,,0.04861586467749657,,0.05019006553213605,,0.04861586528460418,,0.03736306585431302,,1.0
lewidi_md,llama,0,GPP-cosine,0,64,0.647114986474324,0.1355262660717281,0.2931302119513177,0.3379625286020177,0.6696107294733399,0.6696107294733399,0.6658139824867249,0.0070489863865077496,0.13711510674920346,-0.14857710182161768,0.13711510674920346,-0.1485771018216177,0.12443537914804875,-0.14078480703117183,0.1341958664182951,-0.14722385353451067,0.12443537914804875,-0.14078480703117185,0.1341958638742607,-0.1472238538871784,0.13016628697443317,-0.15175456001177007,0.5
lewidi_md,llama,0,GPP-rbf,0,64,0.6564582588830675,0.1326816055894979,0.2872271675166836,0.3123512964504354,0.6555446516192346,0.6555446516192346,0.4640052616596222,0.14214953780174255,0.1271401521404732,-0.08229297832497992,0.1271401521404732,-0.08229297832497992,0.1144230390303965,-0.07931346299937195,0.12414117182181546,-0.0819501788374862,0.11442303903039651,-0.07931346299937196,0.12414116958435266,-0.08195018043905639,0.12266115290326864,-0.0746864987313516,0.5
lewidi_md,llama,0,GPP-laplace,0,64,0.6577552453708263,0.13937296678907637,0.2997673405958891,0.3372246408842732,0.6640497219496239,0.6640497219496239,0.426738977432251,0.24123665690422058,-0.05334894893013134,-0.0679129097429693,-0.05334894893013133,-0.06791290974296929,-0.05143565781343389,-0.0635514296577632,-0.05313227927026018,-0.06705097183849645,-0.051435657813433906,-0.0635514296577632,-0.053132280750642774,-0.06705097315431315,-0.07191635716800365,-0.07511952237183114,-1.0
lewidi_md,llama,0,LPE,0,64,0.7409588628591967,0.1434723098024537,0.2906498174145141,0.2897032791485735,0.6496565260058881,0.6496565260058881,0.38405540585517883,0.10495958477258682,0.11527663443726369,0.00995875391899534,0.11527663443726369,0.009958753918995335,0.10450682525117673,0.009430924229356898,0.11278899042433466,0.009866365585104937,0.10450682525117673,0.009430924229356898,0.11278898839138189,0.009866363886506802,0.1037646246258216,0.018172175309435608,0.5
lewidi_md,llama,0,LP-temp,0,64,0.6593059573502926,0.13969696308642346,0.3005631984936167,0.3366947016405678,0.6306836768073274,0.6306836768073274,0.666786146692493,,0.08847232383886036,,0.08847232383886035,,0.08068656699316842,,0.08670914473953031,,0.08068656699316842,,0.08670914353744165,,0.07700490383010009,,1.0
lewidi_md,llama,0,GPP-cosine,0,256,0.6312721166275044,0.12588582889757693,0.27913244332817205,0.31444222452853,0.666012430487406,0.666012430487406,0.6268617510795593,0.004547939170151949,0.1984233101468863,-0.12677557463473976,0.1984233101468863,-0.1267755746347397,0.18495547817760044,-0.12001959685698743,0.19568438664485754,-0.12558830447927322,0.18495547817760047,-0.12001959685698743,0.19568438269656602,-0.1255883050774635,0.1687190711528679,-0.1392046494731472,1.0
lewidi_md,llama,0,GPP-rbf,0,256,0.6759966724057288,0.12819078550010807,0.273139540237211,0.29301160551530325,0.6853123977755969,0.6853123977755969,0.4234045445919037,0.09403834491968155,0.14308476582187576,-0.04876348775672072,0.14308476582187574,-0.04876348775672073,0.1292299857424653,-0.04982300000199125,0.13984882295675816,-0.049420133603627264,0.1292299857424653,-0.04982300000199125,0.13984881976078223,-0.04942013613605105,0.13631448315524453,-0.03055809613398957,0.5
lewidi_md,llama,0,GPP-laplace,0,256,0.6570732532256879,0.1337055811435086,0.28987345972704975,0.3085551284915323,0.666993784756297,0.666993784756297,0.39130207896232605,0.21634992957115173,-0.028772470202359294,-0.05928263537769066,-0.02877247020235929,-0.059282635377690664,-0.02540511633371438,-0.05377972312820479,-0.027944840041274576,-0.05801416811249504,-0.02540511633371439,-0.05377972312820479,-0.02794484247007804,-0.058014170147470054,-0.04004557349199274,-0.0653880275301245,-0.5
lewidi_md,llama,0,LPE,0,256,0.7918921721540587,0.14254570862029112,0.2817763905096497,0.2831801502845045,0.677134445534838,0.677134445534838,0.25833186507225037,0.18130701780319214,0.16513531028718711,0.043037774269136186,0.16513531028718711,0.04303777426913618,0.15144936001443748,0.0358114339082768,0.16210186963975257,0.041133467690512744,0.15144936001443748,0.0358114339082768,0.1621018675877398,0.04113346498210078,0.15445737944169294,0.047514074722962596,1.0
lewidi_md,llama,0,LP-temp,0,256,0.6569998290096402,0.13494986554950578,0.2892099369549691,0.31944979929292133,0.6493294079162578,0.6493294079162578,0.6329505262500721,,0.13411419277466435,,0.13411419277466435,,0.12141313796572033,,0.1311678953446926,,0.12141313796572034,,0.1311678938764248,,0.11993073405416846,,0.5
lewidi_md,llama,0,GPP-cosine,0,1024,0.5987873825389767,0.1120671733817103,0.2550133314217652,0.30226657284603636,0.6987242394504416,0.6987242394504416,0.6124969720840454,0.0028279286343604326,0.27693967038018596,-0.07674840009009382,0.27693967038018596,-0.07674840009009382,0.2584274209918843,-0.07506989483848321,0.2732036336092404,-0.0767635502426294,0.25842742099188437,-0.07506989483848323,0.2732036295939636,-0.07676355205559446,0.24156519752293143,-0.08445957717722838,1.0
lewidi_md,llama,0,GPP-rbf,0,1024,0.6417119990882613,0.10874045216159646,0.23960039670261382,0.2651717614396224,0.7324174026823683,0.7324174026823683,0.3960675299167633,0.06495682150125504,0.26243336728928907,0.027211716382884645,0.262433367289289,0.027211716382884645,0.25017488825690726,0.026261578194373407,0.2605011825238003,0.027109043922602504,0.2501748882569073,0.026261578194373407,0.26050118045415654,0.02710904194276894,0.24779995807825034,0.0809139107276257,1.0
lewidi_md,llama,0,GPP-laplace,0,1024,0.6357976536994282,0.1243375821377874,0.27424444033257667,0.29881686783938616,0.671573438011122,0.671573438011122,0.3820469379425049,0.21037201583385468,0.128703738510347,0.08760751747798914,0.128703738510347,0.08760751747798914,0.1209519672642815,0.08278048893496211,0.12722662353113043,0.08673886933107891,0.1209519672642815,0.08278048893496212,0.1272266197117154,0.08673886568632969,0.09177767251498818,0.05092213979782767,1.0
lewidi_md,llama,0,LPE,0,1024,0.8266785324426928,0.12194704236079157,0.24835094156973675,0.2632979574372561,0.7212953876349362,0.7212953876349362,0.13348601758480072,0.23825395107269287,0.2271940492784538,0.1739298282679526,0.2271940492784538,0.1739298282679526,0.22079020748084083,0.1680989042805841,0.2268021534364682,0.17334725426042163,0.22079020748084083,0.16809890428058416,0.2268021534471663,0.173347253500791,0.23193421505043949,0.1739950338600289,1.0
lewidi_md,llama,0,LP-temp,0,1024,0.6056305231929681,0.11290490057387127,0.2545528047709163,0.30100209544543466,0.7209682695453059,0.7209682695453059,0.6037344150611319,,0.21879891693396722,,0.21879891693396722,,0.20895554965706553,,0.21730270275315144,,0.20895554965706556,,0.21730270331671164,,0.2198997984063291,,1.0
lewidi_md,llama,0,GPP-cosine,1,16,0.6591749016693623,0.1339608704986608,0.29167850471796614,0.3059290232944168,0.666993784756297,0.666993784756297,0.5938811898231506,0.011368459090590477,0.08653161038263446,-0.14131542654217172,0.08653161038263446,-0.1413154265421717,0.08089504153949187,-0.13564882617815738,0.08540921357780847,-0.14055934398181427,0.08089504153949187,-0.13564882617815738,0.08540921247881911,-0.1405593441573812,0.09096717726671934,-0.13977153218305963,1.0
lewidi_md,llama,0,GPP-rbf,1,16,0.6974288649128747,0.14331413001942386,0.30001054896485935,0.30241078437928254,0.666012430487406,0.666012430487406,0.39585113525390625,0.16550208628177643,-0.06704989618802024,-0.12378177088513886,-0.06704989618802024,-0.12378177088513886,-0.06853527741088719,-0.11895018922187987,-0.06796147438208529,-0.12315965275838102,-0.06853527741088719,-0.11895018922187987,-0.06796147528315294,-0.12315965346972785,-0.08572480791675843,-0.12270638338453935,-1.0
lewidi_md,llama,0,GPP-laplace,1,16,0.6703021673894209,0.14572038246648464,0.3103053237137586,0.3481064927249571,0.6594700686947988,0.6594700686947988,0.43510937690734863,0.25006839632987976,-0.06916328978489746,-0.04726987952832065,-0.06916328978489746,-0.04726987952832064,-0.06720803633868257,-0.0439127697809164,-0.06904223093608439,-0.04657213673536029,-0.06720803633868258,-0.0439127697809164,-0.06904223101059742,-0.046572137384986424,-0.07248304165303718,-0.047511285380870065,-1.0
lewidi_md,llama,0,LPE,1,16,0.8719500900621152,0.17004096185772244,0.31734381062520156,0.29228245561811145,0.6643768400392541,0.6643768400392541,0.28670376539230347,0.0856282040476799,0.013995354375561557,-0.05460387832686335,0.01399535437556155,-0.05460387832686335,0.006531107797636335,-0.05854840054600665,0.011819604958927378,-0.05617857295653689,0.00653110779763634,-0.05854840054600665,0.011819604727398614,-0.05617857342799573,0.003090689944652555,-0.03491032374613332,0.5
lewidi_md,llama,0,LP-temp,1,16,0.663684218468031,0.13690544188061554,0.294557790629594,0.31373136358310144,0.6561988877984952,0.6561988877984952,0.6203914145692612,,0.03504241244072081,,0.03504241244072081,,0.027243720582221742,,0.032909121501650214,,0.027243720582221742,,0.032909121410844636,,0.007138425828001315,,0.5
lewidi_md,llama,0,GPP-cosine,1,64,0.6623820374160375,0.14202726970263332,0.3051569831841203,0.34384688059289126,0.6447497546614328,0.6447497546614328,0.6732489466667175,0.007017302792519331,0.16053190760762143,-0.1564110519125313,0.16053190760762143,-0.1564110519125313,0.14847342401891647,-0.14926135845421373,0.15796222045967184,-0.15530706156792945,0.1484734240189165,-0.14926135845421373,0.15796222053448372,-0.15530706197438704,0.15380352225835855,-0.16014378800205295,1.0
lewidi_md,llama,0,GPP-rbf,1,64,0.7023948691989128,0.15365785164357104,0.3183892508027335,0.3278860082983508,0.5757278377494276,0.5757278377494276,0.4947546124458313,0.14856791496276855,0.09626710115112302,-0.11834249399026972,0.09626710115112301,-0.11834249399026972,0.09064617999173485,-0.11109523284506051,0.09521618752048969,-0.1169479118548078,0.09064617999173485,-0.11109523284506051,0.09521618772289211,-0.11694791254264773,0.09500759674556886,-0.11058085168986177,1.0
lewidi_md,llama,0,GPP-laplace,1,64,0.6772495464642732,0.14884448799574979,0.3169312000805972,0.3527553990931793,0.6427870461236507,0.6427870461236507,0.4410358965396881,0.24893718957901,0.040631331973231544,-0.053632093230372754,0.04063133197323156,-0.05363209323037275,0.03623065545172833,-0.04909964539694324,0.03957049417042771,-0.05262025130546573,0.036230655451728336,-0.049099645396943246,0.03957049382370833,-0.05262025225027023,0.03432195330388353,-0.052262852904544695,0.5
lewidi_md,llama,0,LPE,1,64,0.8234294166644656,0.1777352750985297,0.33888952745164325,0.3034459405749874,0.571475302584233,0.571475302584233,0.43205901980400085,0.1100471243262291,0.08593326299027718,-0.07162311055627099,0.08593326299027718,-0.07162311055627099,0.08156632829438838,-0.062319017958686475,0.08519316526614701,-0.06928236799095289,0.0815663282943884,-0.062319017958686475,0.08519316545502525,-0.06928236788136276,0.07701465793819645,-0.056247599002498865,1.0
lewidi_md,llama,0,LP-temp,1,64,0.7339250619357891,0.16076205648966554,0.32429678603088424,0.316050646518861,0.5704939483153418,0.5704939483153418,0.6154341656279795,,0.07411986452225625,,0.07411986452225625,,0.07217972894146452,,0.07403737590062173,,0.07217972894146452,,0.07403737649204106,,0.04056343325645034,,1.0
lewidi_md,llama,0,GPP-cosine,1,256,0.6376326501305934,0.12789833131408876,0.28205508892788467,0.31322664014860985,0.666993784756297,0.666993784756297,0.6235896944999695,0.004309111274778843,0.1710886499699003,-0.1400579310439686,0.1710886499699003,-0.14005793104396858,0.15594888933597456,-0.13399998122196866,0.16765355791986558,-0.13917412731030054,0.15594888933597456,-0.13399998122196866,0.1676535555604456,-0.1391741282539123,0.141343564039976,-0.1470251545562722,1.0
lewidi_md,llama,0,GPP-rbf,1,256,0.6858233922803374,0.1289758326919513,0.2729405344729389,0.2890769845793929,0.6853123977755969,0.6853123977755969,0.4080890119075775,0.09318976104259491,0.15580065923995018,-0.024362522337077502,0.15580065923995018,-0.0243625223370775,0.1427988257713942,-0.02600947437971534,0.15291144847439395,-0.025030720338877932,0.1427988257713942,-0.02600947437971534,0.15291144543999297,-0.025030722929674995,0.1509024472212457,-0.0037180190970986238,1.0
lewidi_md,llama,0,GPP-laplace,1,256,0.6657790687846505,0.13553549132955417,0.2913528857451075,0.30418919374693154,0.6679751390251881,0.6679751390251881,0.38167765736579895,0.21167096495628357,-0.04409992309925129,-0.06296301534292983,-0.04409992309925129,-0.06296301534292983,-0.044903373996915505,-0.06133358714676656,-0.04464667821592496,-0.0628986251728294,-0.044903373996915505,-0.06133358714676657,-0.04464668034148865,-0.06289862702754939,-0.05853224333310614,-0.07076921584142168,-1.0
lewidi_md,llama,0,LPE,1,256,0.8114379997522986,0.1455902494685458,0.284105462243017,0.28073978131945126,0.6709192018318613,0.6709192018318613,0.24480144679546356,0.17617817223072052,0.1834944454954443,0.06276811521055164,0.1834944454954443,0.06276811521055166,0.16973527450181014,0.05409899227544526,0.18056454292622795,0.06055993237246602,0.16973527450181014,0.05409899227544526,0.18056454091165144,0.06055992960126878,0.1750482391322693,0.07215011517429075,1.0
lewidi_md,llama,0,LP-temp,1,256,0.6497396741170712,0.1315395701935779,0.28414684762045267,0.31313457947630385,0.6548904154399738,0.6548904154399738,0.6217810922297192,,0.16001024313747025,,0.16001024313747025,,0.150783416516171,,0.15829876579946722,,0.15078341651617105,,0.15829876492333628,,0.14683463077599396,,1.0
lewidi_md,llama,0,GPP-cosine,1,1024,0.6011965431720552,0.11337948128803689,0.25728992263045886,0.30506956325734336,0.6941445861956166,0.6941445861956166,0.6179555654525757,0.002818396082147956,0.27712134608691996,-0.08222343426008819,0.27712134608691996,-0.08222343426008817,0.2580040957414296,-0.0792653212075691,0.27320242873885753,-0.0818866717174406,0.2580040957414296,-0.0792653212075691,0.2732024246839515,-0.08188667344654156,0.25760576877694313,-0.08722828005134742,1.0
lewidi_md,llama,0,GPP-rbf,1,1024,0.6214836865664013,0.10428678539219831,0.23272546775330824,0.2615134547264757,0.7383055282957147,0.7383055282957147,0.4080107808113098,0.05879117548465729,0.2848138144320448,0.03575603232482617,0.2848138144320448,0.035756032324826166,0.27281093516197147,0.03471403992126511,0.2831128003529626,0.03568396240069797,0.2728109351619715,0.03471403992126511,0.2831127975170977,0.035683959786896695,0.2745882117996314,0.09649574660452913,1.0
lewidi_md,llama,0,GPP-laplace,1,1024,0.6350862619758412,0.12384559881124016,0.2727864416322854,0.29604112380102204,0.6689564932940791,0.6689564932940791,0.38049283623695374,0.20743423700332642,0.14741130598866473,0.09486665370014777,0.14741130598866475,0.09486665370014775,0.1376107922512882,0.08906431174693032,0.14543888778202246,0.09375092877064936,0.1376107922512882,0.08906431174693032,0.1454388834053803,0.09375092466341163,0.10992245196190017,0.0638667440676378,1.0
lewidi_md,llama,0,LPE,1,1024,0.7630731651278031,0.11676307038800753,0.24232183592084647,0.25921106451328374,0.7248936866208702,0.7248936866208702,0.1442502737045288,0.2401602864265442,0.25647201142193154,0.19937208347221907,0.25647201142193154,0.19937208347221907,0.2474152932933386,0.19930771032620948,0.2554733934575198,0.200718863782892,0.2474152932933386,0.19930771032620948,0.25547339327642876,0.20071886304588804,0.25865947327535194,0.20060239988619036,1.0
lewidi_md,llama,0,LP-temp,1,1024,0.6081080175646141,0.11723039551335515,0.26223973030307357,0.31542338496461514,0.718351324828263,0.718351324828263,0.6343623809487159,,0.20370693170915433,,0.20370693170915433,,0.1990143994728289,,0.2036748888887042,,0.1990143994728289,,0.20367489008416478,,0.23010817399481884,,1.0
lewidi_md,llama,0,GPP-cosine,2,16,0.664754510371173,0.13470130749221876,0.29124202333344407,0.2997245388870581,0.666993784756297,0.666993784756297,0.5799549221992493,0.010969272814691067,0.03225167418845451,-0.14889910424874472,0.032251674188454524,-0.14889910424874472,0.03426222799401119,-0.1412350440283118,0.03308459787093797,-0.1475870896056185,0.034262227994011185,-0.1412350440283118,0.03308459540414616,-0.14758708968576778,0.024867253560903683,-0.15368225883245362,1.0
lewidi_md,llama,0,GPP-rbf,2,16,0.7639274797874971,0.1563116597380987,0.31126930074517073,0.29625949948608366,0.6643768400392541,0.6643768400392541,0.3640124797821045,0.1233067587018013,-0.08718075385172408,-0.1371031718098697,-0.08718075385172407,-0.1371031718098697,-0.0846857526467045,-0.12925086551590348,-0.08701890889072257,-0.13565302451172348,-0.08468575264670451,-0.12925086551590348,-0.08701890836296397,-0.13565302476550356,-0.09122993789462479,-0.1267815329413651,-1.0
lewidi_md,llama,0,GPP-laplace,2,16,0.6620943324410367,0.14079685311926515,0.30204424951536263,0.33600983443134447,0.6640497219496239,0.6640497219496239,0.42381811141967773,0.2415136992931366,-0.11298047852470168,-0.10118872256521304,-0.11298047852470168,-0.10118872256521302,-0.10876460401412778,-0.09545958758920925,-0.11247171908042743,-0.10013860491516594,-0.1087646040141278,-0.09545958758920928,-0.11247171936514729,-0.10013860544592343,-0.11832448759921224,-0.10264797559727472,-1.0
lewidi_md,llama,0,LPE,2,16,1.0152700696149388,0.19163821887965546,0.3325835492211419,0.3025226579840151,0.6633954857703631,0.6633954857703631,0.23591651022434235,0.06376375257968903,-0.023102676614724878,-0.06442820699956166,-0.02310267661472487,-0.06442820699956166,-0.02515332117541072,-0.06252358285948492,-0.023885099987437,-0.06429010535006438,-0.025153321175410723,-0.06252358285948494,-0.023885099041284996,-0.06429010422551966,-0.019694431934160726,-0.04870620285596908,-1.0
lewidi_md,llama,0,LP-temp,2,16,0.7278318067035088,0.15039342248911494,0.3064349043804806,0.2918187195982157,0.6473666993784757,0.6473666993784757,0.5397163681320112,,-0.011819796815378359,,-0.011819796815378357,,-0.013373957309810778,,-0.012373794688669396,,-0.013373957309810775,,-0.012373793692301396,,-0.016888455933133293,,-1.0
lewidi_md,llama,0,GPP-cosine,2,64,0.667763223261158,0.14495758754111773,0.3109281819665943,0.35114930643939485,0.6542361792607131,0.6542361792607131,0.6810314059257507,0.007358044385910034,0.15675431278710217,-0.15654745024113048,0.15675431278710217,-0.1565474502411305,0.14648757615761943,-0.1491712123129143,0.15470403568073215,-0.15537544826217817,0.14648757615761943,-0.14917121231291428,0.1547040344381945,-0.1553754484945712,0.15246493883029083,-0.1602772631168167,1.0
lewidi_md,llama,0,GPP-rbf,2,64,0.66756861967969,0.14117597666023599,0.2997767863405815,0.3284536469524627,0.6323192672554793,0.6323192672554793,0.4801383316516876,0.16425742208957672,0.061753672925575674,-0.12958003559327735,0.06175367292557567,-0.12958003559327735,0.06390332876015184,-0.11970326394999228,0.06283111909818223,-0.12746220471818995,0.06390332876015184,-0.1197032639499923,0.06283111793657208,-0.12746220579395057,0.08304735730457126,-0.1222001731072153,1.0
lewidi_md,llama,0,GPP-laplace,2,64,0.6738783815674789,0.14741611359180412,0.31418079546523864,0.3513624230461011,0.6542361792607131,0.6542361792607131,0.43866631388664246,0.24981926381587982,-0.02186128537644583,-0.05446602968824867,-0.021861285376445834,-0.05446602968824868,-0.01714473738309619,-0.04779376235625618,-0.020575677255165344,-0.05280867151682982,-0.01714473738309618,-0.04779376235625618,-0.020575677653029457,-0.05280867234892396,-0.01871269628057363,-0.04558191135098028,-0.5
lewidi_md,llama,0,LPE,2,64,0.7480051815335241,0.15407198880908066,0.3082275674265962,0.30729813052705574,0.6261040235525025,0.6261040235525025,0.4072573184967041,0.12816183269023895,0.05631466537313702,-0.10490475124596621,0.05631466537313702,-0.1049047512459662,0.05811226163636149,-0.09914592412160811,0.057247690366523524,-0.10387106444038935,0.05811226163636149,-0.09914592412160808,0.05724768937690083,-0.10387106584522074,0.06271475966372882,-0.08552103713859034,1.0
lewidi_md,llama,0,LP-temp,2,64,0.672128820973714,0.1454787329940859,0.3083314143602822,0.34223729625154753,0.6153091265947007,0.6153091265947007,0.6747840811410193,,0.04214665748034447,,0.04214665748034448,,0.03704485105934675,,0.040882823271210476,,0.03704485105934675,,0.0408828227347516,,0.017355306953878817,,0.5
lewidi_md,llama,0,GPP-cosine,2,256,0.6356657487600346,0.12461541726026208,0.2758271032916903,0.2986078779537253,0.6676480209355578,0.6676480209355578,0.5934318900108337,0.00416209502145648,0.2017150948590395,-0.12205117361198882,0.20171509485903943,-0.12205117361198882,0.18351284372865187,-0.11750651262213344,0.19755786058737948,-0.12150451633840438,0.1835128437286519,-0.11750651262213344,0.19755785629096254,-0.12150451762218159,0.16992701887243192,-0.1281863858791685,0.5
lewidi_md,llama,0,GPP-rbf,2,256,0.6926755367027942,0.13080801674893916,0.2743373224907791,0.2824689994049476,0.6781157998037292,0.6781157998037292,0.3986273407936096,0.09040949493646622,0.17282327423627558,-0.024471375792865555,0.17282327423627558,-0.024471375792865555,0.1637455643942941,-0.021600571117893073,0.17124499152300723,-0.023765388136941325,0.16374556439429414,-0.021600571117893076,0.17124498917868075,-0.02376539012546895,0.159566696697,0.008965567825527923,1.0
lewidi_md,llama,0,GPP-laplace,2,256,0.6824066388412484,0.13858918359644787,0.2930099538542357,0.29656743280618963,0.6676480209355578,0.6676480209355578,0.3634490370750427,0.20131203532218933,-0.04699163465853778,-0.06038331857237629,-0.04699163465853777,-0.06038331857237628,-0.04377649373378499,-0.05589331149078933,-0.046335191665026164,-0.0594306617204472,-0.04377649373378499,-0.055893311490789334,-0.046335193090101756,-0.05943066301350369,-0.05858891744343151,-0.0668195571425484,-1.0
lewidi_md,llama,0,LPE,2,256,0.8156038541502881,0.14618492883892992,0.2844185220221248,0.27625224406099863,0.6630683676807327,0.6630683676807327,0.24496077001094818,0.16540516912937164,0.188248147280599,0.06313462531980665,0.188248147280599,0.06313462531980667,0.1785222916778809,0.06013983306320393,0.18657832066720548,0.0626558770868388,0.1785222916778809,0.06013983306320393,0.186578319299043,0.0626558760743319,0.18155454044075003,0.08170957592953189,1.0
lewidi_md,llama,0,LP-temp,2,256,0.6536097228224058,0.1334097928652115,0.28713989707275106,0.31621706213889955,0.6460582270199542,0.6460582270199542,0.6307317860854079,,0.1547453870729664,,0.1547453870729664,,0.1539357706424495,,0.15555951696610126,,0.15393577064244954,,0.15555951758728148,,0.14980922293981994,,1.0
lewidi_md,llama,0,GPP-cosine,2,1024,0.596411455696131,0.1118325126807982,0.2550658005106028,0.3067049192383518,0.7088649002289826,0.7088649002289826,0.6204193234443665,0.002902478212490678,0.27590341835964854,-0.08960382400086822,0.27590341835964854,-0.08960382400086823,0.2556996859832821,-0.08636521163857576,0.27164549473434385,-0.08923227502438388,0.2556996859832821,-0.08636521163857577,0.27164549100910046,-0.08923227635328651,0.2439782541025554,-0.08470275855048248,1.0
lewidi_md,llama,0,GPP-rbf,2,1024,0.6120041984107245,0.10174190137959298,0.22907407812898403,0.2628676394924529,0.7455021262675826,0.7455021262675826,0.4090903103351593,0.06543979048728943,0.27840874827006257,0.021469073581988032,0.27840874827006257,0.021469073581988032,0.2651701682647041,0.022227280385246774,0.2762877653692869,0.021846961442787832,0.2651701682647041,0.02222728038524677,0.27628776272746525,0.02184695945715673,0.2643797417827915,0.0834815243701437,1.0
lewidi_md,llama,0,GPP-laplace,2,1024,0.631990961245771,0.1232849975820696,0.2728213496289302,0.30085581409160156,0.6702649656526006,0.6702649656526006,0.3837428092956543,0.2109009176492691,0.11520063276323164,0.07012665438947992,0.11520063276323164,0.0701266543894799,0.10482790374697712,0.0640510403187602,0.11283331504957334,0.06875820948320344,0.10482790374697712,0.0640510403187602,0.11283331094984403,0.06875820583446818,0.06278411939980393,0.03089470474255152,0.5
lewidi_md,llama,0,LPE,2,1024,0.6902808188530906,0.10883124219839367,0.2335737515344613,0.2604328477364572,0.745829244357213,0.745829244357213,0.14148080348968506,0.27504006028175354,0.25393890916214146,0.17709319971236998,0.25393890916214146,0.17709319971236998,0.24501863363228915,0.17411836811349912,0.2529644557664728,0.1774015271098477,0.2450186336322892,0.17411836811349912,0.2529644555225476,0.1774015261928364,0.2536823318696621,0.17234275839778393,1.0
lewidi_md,llama,0,LP-temp,2,1024,0.6093243156599186,0.11919905723486339,0.266435689596224,0.3250582978148788,0.7399411187438666,0.7399411187438666,0.6513093828174963,,0.19612188107096684,,0.19612188107096684,,0.19001190885401098,,0.19560647212797472,,0.190011908854011,,0.1956064732230489,,0.21988438433538177,,1.0
lewidi_md,llama,0,GPP-cosine,3,16,0.6494160373667436,0.1346360734809249,0.29276062401196207,0.3269789499996416,0.666993784756297,0.666993784756297,0.6415377259254456,0.011777314357459545,0.13157683473422394,-0.14563554349221053,0.13157683473422394,-0.14563554349221053,0.11915519628632372,-0.1387940879951025,0.1286981852651429,-0.1445515135272587,0.11915519628632372,-0.1387940879951025,0.1286981848126245,-0.14455151363769345,0.11492038461451927,-0.14784006017130483,0.5
lewidi_md,llama,0,GPP-rbf,3,16,0.6533690799765893,0.13612142674318553,0.29508435393972726,0.32947622856378406,0.6620870134118417,0.6620870134118417,0.48850151896476746,0.16249099373817444,0.11995282275164651,-0.12194603043155988,0.11995282275164651,-0.12194603043155987,0.10802357891161579,-0.11510254987465306,0.11714436468501974,-0.120699031050708,0.1080235789116158,-0.11510254987465307,0.11714436401104386,-0.1206990320597014,0.1136128379339959,-0.11319127851909426,0.5
lewidi_md,llama,0,GPP-laplace,3,16,0.678489410745245,0.14943609449361853,0.318627317909774,0.35408304314133754,0.6633954857703631,0.6633954857703631,0.44013580679893494,0.25119417905807495,0.015391397862337553,-0.024824619498176742,0.015391397862337546,-0.024824619498176742,0.011829509767103289,-0.022718417514335097,0.014412857755334622,-0.024353751529185046,0.011829509767103289,-0.022718417514335097,0.014412857946566198,-0.024353752268708707,0.009350670224598293,-0.02452167868933877,0.5
lewidi_md,llama,0,LPE,3,16,0.6770933717564813,0.1400124421516319,0.297543838803282,0.31354454326615344,0.6329735034347399,0.6329735034347399,0.5015950798988342,0.1065126433968544,0.08875209284265642,-0.044835606262106635,0.08875209284265642,-0.04483560626210664,0.08235919789151103,-0.04590775674238645,0.08741473395167002,-0.04546917917892414,0.08235919789151103,-0.04590775674238645,0.08741473366048419,-0.04546918007862462,0.0732210186537891,-0.02595025939783196,1.0
lewidi_md,llama,0,LP-temp,3,16,0.691585160832954,0.15472351425928244,0.3275673104672319,0.3558703159225007,0.6120379456983971,0.6120379456983971,0.6931172157503418,,0.0685839769904614,,0.06858397699046138,,0.06375348878678662,,0.06758390048053753,,0.06375348878678662,,0.0675839006659811,,0.05136801941938091,,1.0
lewidi_md,llama,0,GPP-cosine,3,64,0.6484927544759065,0.13111235550279107,0.2875418148210987,0.3098194077583494,0.666993784756297,0.666993784756297,0.6120135188102722,0.006321120075881481,0.17739297515407265,-0.14493291878398895,0.17739297515407265,-0.14493291878398895,0.16579971823082396,-0.13740821092985833,0.17508043005581708,-0.14363613281048532,0.16579971823082396,-0.13740821092985833,0.17508042814226588,-0.14363613309657258,0.15831106348054313,-0.15568542788595735,1.0
lewidi_md,llama,0,GPP-rbf,3,64,0.6812537532519093,0.13505567818076208,0.2860793470032452,0.29804588173379054,0.6725547922800131,0.6725547922800131,0.42234155535697937,0.1197175458073616,0.06790601929206652,-0.09597265422131801,0.06790601929206651,-0.09597265422131801,0.05895510686143356,-0.09243040752994797,0.06564728877114025,-0.09555234531509499,0.05895510686143356,-0.09243040752994797,0.06564728641118617,-0.09555234687101324,0.05406108973809882,-0.0816166847453476,0.5
lewidi_md,llama,0,GPP-laplace,3,64,0.6620446062716235,0.13789338980832277,0.2973170757469181,0.3219074366990002,0.6656853123977756,0.6656853123977756,0.40522295236587524,0.2276204228401184,-0.09957431366453187,-0.10009695773543423,-0.09957431366453186,-0.1000969577354342,-0.09438843015255693,-0.09387437703619275,-0.09867846472629628,-0.09888918280350775,-0.09438843015255693,-0.09387437703619275,-0.09867846573431299,-0.09888918373677802,-0.10941248488965066,-0.10244472227615968,-1.0
lewidi_md,llama,0,LPE,3,64,0.8350833599029683,0.1555944368041169,0.2971090730024347,0.2911660910852321,0.671573438011122,0.671573438011122,0.29979363083839417,0.08945703506469727,0.08388238556360945,-0.027275829941114833,0.08388238556360944,-0.027275829941114826,0.07349022097709607,-0.030808708495309867,0.08129451715477476,-0.028537955800876938,0.07349022097709608,-0.03080870849530987,0.08129451494560343,-0.028537958366824594,0.07395466084556668,-0.004505607291251486,0.5
lewidi_md,llama,0,LP-temp,3,64,0.6454250775714173,0.1312174077421913,0.2852631826022341,0.3189187041361172,0.6604514229636899,0.6604514229636899,0.6334945670107305,,0.11452856199915282,,0.11452856199915282,,0.10190536697304758,,0.11147173270687269,,0.1019053669730476,,0.11147173139001595,,0.09486228765272144,,0.5
lewidi_md,llama,0,GPP-cosine,3,256,0.6300311401254284,0.12746053997180637,0.28043368290579707,0.3268787317236433,0.6768073274452078,0.6768073274452078,0.6513485312461853,0.004835018888115883,0.21062326246980317,-0.1394639609424299,0.21062326246980317,-0.1394639609424299,0.1987761210356021,-0.1333638406800486,0.20846118990632428,-0.13856325237972825,0.1987761210356021,-0.1333638406800486,0.20846118612702721,-0.1385632530702477,0.20079816820831295,-0.14319121346405256,1.0
lewidi_md,llama,0,GPP-rbf,3,256,0.6516171733540392,0.12474238631089568,0.27143600884469155,0.2909590115698169,0.6702649656526006,0.6702649656526006,0.44585925340652466,0.10221561044454575,0.20048514872605339,-0.030129900237049728,0.20048514872605339,-0.030129900237049735,0.18892552566833282,-0.028793704170887374,0.19834109905942499,-0.029929734535567815,0.18892552566833284,-0.028793704170887377,0.19834109698903374,-0.02992973638799927,0.18758927297223701,-0.003514654973441888,1.0
lewidi_md,llama,0,GPP-laplace,3,256,0.6539126946990909,0.1338647433699514,0.29098006469003507,0.3158788115180817,0.6666666666666666,0.6666666666666666,0.4003828465938568,0.22225424647331238,-0.014471159559490169,-0.04362442760892198,-0.014471159559490174,-0.043624427608921976,-0.017090272919478375,-0.04271679007314843,-0.015367435402653817,-0.043647172235078774,-0.017090272919478372,-0.042716790073148436,-0.01536743749403801,-0.043647174009654094,-0.03625899976875911,-0.05580825164393526,-1.0
lewidi_md,llama,0,LPE,3,256,0.7484322189787068,0.13976269122645044,0.2820623562520508,0.281287428890121,0.6617598953222114,0.6617598953222114,0.2656310498714447,0.19521750509738922,0.19355737510703425,0.04132600306262792,0.19355737510703422,0.04132600306262792,0.1856588164429415,0.03843702381194496,0.19248005319774664,0.040729995242708414,0.18565881644294152,0.038437023811944956,0.19248005227399576,0.04072999427440387,0.18567978452037173,0.05011918845166037,1.0
lewidi_md,llama,0,LP-temp,3,256,0.6576153114775671,0.13842838827010137,0.2969632487880383,0.3332236804677242,0.6346090938828918,0.6346090938828918,0.6628268234685929,,0.1349065986066365,,0.1349065986066365,,0.13203110483674152,,0.13495603783988402,,0.13203110483674155,,0.13495603868739153,,0.14815855659708754,,1.0
lewidi_md,llama,0,GPP-cosine,3,1024,0.6047219918207445,0.11441986686028259,0.25931378587346804,0.30399704798904376,0.689892051030422,0.689892051030422,0.6139543652534485,0.0027913760859519243,0.2678116270017316,-0.08621988953445203,0.26781162700173156,-0.08621988953445205,0.24622130303221162,-0.0847175472565635,0.2630762527516405,-0.08635356469896177,0.24622130303221162,-0.0847175472565635,0.26307624873588986,-0.08635356636702499,0.2410697622229966,-0.09634491694226249,1.0
lewidi_md,llama,0,GPP-rbf,3,1024,0.6289928032692836,0.10688390392491132,0.23720619460404616,0.2664313258805796,0.7471377167157344,0.7471377167157344,0.40705811977386475,0.06269218027591705,0.2569954652034758,0.023335531913439057,0.25699546520347577,0.023335531913439053,0.24209260732047952,0.020340961325118367,0.2542212236074135,0.022584093041674327,0.24209260732047955,0.020340961325118364,0.2542212209153678,0.02258409043406555,0.23891302149005744,0.07004860823413099,1.0
lewidi_md,llama,0,GPP-laplace,3,1024,0.6409808754725765,0.12593966741006782,0.2765725676151889,0.298176213761349,0.6689564932940791,0.6689564932940791,0.3795207142829895,0.2080378383398056,0.1090316619189305,0.06164254550677449,0.1090316619189305,0.06164254550677449,0.0970796064785753,0.053801382692368414,0.10614141457429935,0.05967862965950914,0.09707960647857532,0.053801382692368414,0.10614141014834799,0.05967862562586051,0.07339941025651113,0.03289625467263731,0.5
lewidi_md,llama,0,LPE,3,1024,0.7752040888496363,0.12221792528844579,0.2505417750499602,0.2692074092201205,0.7258750408897612,0.7258750408897612,0.14616617560386658,0.24414780735969543,0.20438944845745416,0.1536414163686158,0.20438944845745416,0.1536414163686158,0.1951707405313897,0.1502348938172519,0.2029845892833044,0.15365763931227958,0.1951707405313897,0.1502348938172519,0.20298458886618462,0.15365763762549378,0.20600601497456345,0.15212705412232896,1.0
lewidi_md,llama,0,LP-temp,3,1024,0.6119574024858718,0.11712917461059129,0.2610183581758794,0.3089211174713317,0.7114818449460255,0.7114818449460255,0.6200119831525316,,0.20219914582736423,,0.20219914582736426,,0.1920523554263007,,0.20049682356278167,,0.19205235542630072,,0.20049682307294558,,0.1878512474107053,,1.0
lewidi_md,llama,0,GPP-cosine,4,16,0.6570214244642629,0.13355233640948555,0.29112372031184947,0.30735243688357755,0.666993784756297,0.666993784756297,0.5992202162742615,0.010991200804710388,0.15461643769779523,-0.14681886712211756,0.1546164376977952,-0.14681886712211756,0.14880626027023017,-0.1393339536999479,0.15390781578424656,-0.14554711727551545,0.1488062602702302,-0.13933395369994794,0.1539078152656333,-0.14554711750146557,0.13681017002090767,-0.14902248839295013,1.0
lewidi_md,llama,0,GPP-rbf,4,16,0.6789982793150383,0.1405622175855719,0.29813787496978056,0.3103202126124366,0.6637226038599935,0.6637226038599935,0.42326605319976807,0.1755051463842392,-0.013581676007350262,-0.10900423765887773,-0.013581676007350253,-0.10900423765887773,-0.009306390398240319,-0.10171828307816755,-0.01237361817921352,-0.10753388101387594,-0.009306390398240313,-0.10171828307816755,-0.012373618385770568,-0.10753388152153737,-0.018706344820434682,-0.10363454387356741,-0.5
lewidi_md,llama,0,GPP-laplace,4,16,0.6718853199208559,0.14644225234571978,0.3118665149453071,0.3492932877006485,0.6581615963362774,0.6581615963362774,0.4359288513660431,0.25046277046203613,-0.05721198134032822,-0.03953000717293629,-0.0572119813403282,-0.03953000717293629,-0.05339915384411671,-0.03535838907627844,-0.05644368259998145,-0.03853133309748962,-0.053399153844116726,-0.035358389076278446,-0.056443682600705467,-0.038531333764688924,-0.055665888284986795,-0.037194385429459194,-1.0
lewidi_md,llama,0,LPE,4,16,0.822029517744405,0.1615903492155112,0.3093197680184923,0.28822443437377393,0.6627412495911024,0.6627412495911024,0.3200802803039551,0.09593599289655685,0.019596367113601944,-0.03235294799156692,0.019596367113601944,-0.03235294799156692,0.020212055110326206,-0.027110527858960995,0.01991804651759525,-0.030979199519229637,0.020212055110326213,-0.027110527858960995,0.019918046489002028,-0.03097919989085215,0.0135406441092796,-0.024721518078389536,1.0
lewidi_md,llama,0,LP-temp,4,16,0.7114205103607638,0.14514194176396664,0.29891022906809744,0.29671619739575245,0.6519463526333006,0.6519463526333006,0.5495676250207371,,0.02564161234713753,,0.025641612347137528,,0.025928131556388685,,0.02590454302876145,,0.025928131556388685,,0.025904543326423883,,0.011623583258628094,,1.0
lewidi_md,llama,0,GPP-cosine,4,64,0.6539974167724922,0.13842210284447104,0.2974593287073673,0.3395154749908404,0.666993784756297,0.666993784756297,0.6685792207717896,0.007065599784255028,0.11652353021323934,-0.15449850949751748,0.11652353021323934,-0.15449850949751748,0.10499937748927156,-0.14666204331877358,0.11381485513410183,-0.15317239973939953,0.10499937748927157,-0.14666204331877358,0.11381485471322339,-0.1531724000692394,0.1077598368875664,-0.16174837461413336,0.5
lewidi_md,llama,0,GPP-rbf,4,64,0.6757427733482888,0.14142652017815788,0.3004758373478054,0.32048851876650775,0.6313379129865881,0.6313379129865881,0.4572218358516693,0.16374993324279785,0.06827005379627629,-0.1048611402439147,0.06827005379627629,-0.10486114024391471,0.0656293338315005,-0.09747647160611622,0.06793425875163589,-0.10333234681625225,0.06562933383150052,-0.09747647160611622,0.06793425807403478,-0.10333234771072042,0.08425392241525902,-0.10087413520832983,1.0
lewidi_md,llama,0,GPP-laplace,4,64,0.6649839532090288,0.1429145014182314,0.30539001014338313,0.3425094720253528,0.6617598953222114,0.6617598953222114,0.4306732416152954,0.2458324432373047,-0.0733114004727088,-0.07189665716207033,-0.07331140047270879,-0.07189665716207033,-0.06930262957828472,-0.06684354404985617,-0.07259380377531816,-0.07085153014474305,-0.06930262957828472,-0.06684354404985618,-0.07259380422527788,-0.0708515308478701,-0.08719280808337249,-0.07296496243225356,-1.0
lewidi_md,llama,0,LPE,4,64,0.7833731254850511,0.15921785558063817,0.31246607779715685,0.29759088808466105,0.6126921818776578,0.6126921818776578,0.3756013810634613,0.12745806574821472,0.08878857548299399,-0.042359523759015826,0.08878857548299399,-0.042359523759015826,0.0825583239410265,-0.03611178199242861,0.08750096542966532,-0.04074839505002174,0.08255832394102652,-0.03611178199242861,0.08750096454739908,-0.04074839638922001,0.08368994390593579,-0.02850733490191162,1.0
lewidi_md,llama,0,LP-temp,4,64,0.6874971666948972,0.1483131591532421,0.31077121094545473,0.327883498087231,0.5878312070657508,0.5878312070657508,0.6501082111882395,,0.08372760981387706,,0.08372760981387706,,0.07915609499108303,,0.08291013411522394,,0.07915609499108303,,0.08291013324017882,,0.06080194866507411,,1.0
lewidi_md,llama,0,GPP-cosine,4,256,0.6375970648560023,0.12699154684636924,0.28035486337939314,0.307535721448034,0.666993784756297,0.666993784756297,0.6125181913375854,0.004443006124347448,0.18141048561899692,-0.1282865170093231,0.1814104856189969,-0.1282865170093231,0.17369523898197464,-0.12152077368915322,0.1803057056087945,-0.12710662986817783,0.17369523898197464,-0.12152077368915322,0.18030570224056208,-0.12710663064684663,0.16364759873129184,-0.13595620002531617,1.0
lewidi_md,llama,0,GPP-rbf,4,256,0.6916798039534992,0.13300687854995047,0.28086296174503705,0.29395410956016266,0.6663395485770363,0.6663395485770363,0.40567585825920105,0.10379177331924438,0.12899255258480968,-0.04215617158633006,0.12899255258480968,-0.04215617158633005,0.12019375287903529,-0.04069838937886419,0.12719876487336446,-0.042001422967629626,0.12019375287903529,-0.04069838937886419,0.12719876232202887,-0.04200142507507239,0.12898556941192874,-0.023279389964603,1.0
lewidi_md,llama,0,GPP-laplace,4,256,0.676703986078596,0.13838493060840154,0.2941966913445522,0.3030739702515697,0.6666666666666666,0.6666666666666666,0.3738085925579071,0.20911231637001038,-0.06851550347988714,-0.0753023554581072,-0.06851550347988714,-0.07530235545810722,-0.06416381476263217,-0.06982436449457918,-0.06766067527580898,-0.07415126186864718,-0.06416381476263217,-0.06982436449457918,-0.0676606766213435,-0.07415126310387633,-0.07415569376596849,-0.07662083405696046,-1.0
lewidi_md,llama,0,LPE,4,256,0.8325959771168816,0.15180714895054837,0.292950649083095,0.28702863314202126,0.6591429506051685,0.6591429506051685,0.2584380805492401,0.15848346054553986,0.14679379694709607,0.024800495507986,0.14679379694709607,0.024800495507985996,0.13468677223000847,0.022527721226745866,0.14411518439750998,0.024278767684050503,0.13468677223000847,0.022527721226745866,0.14411518319630323,0.024278766006253595,0.13890841000449913,0.03871893623919637,1.0
lewidi_md,llama,0,LP-temp,4,256,0.6808294058103116,0.13819844664312614,0.29248661136503823,0.3052355707621242,0.6274124959110239,0.6274124959110239,0.587339549581787,,0.11220067668655265,,0.11220067668655265,,0.10564697893739561,,0.11097508108980877,,0.10564697893739561,,0.11097508094757993,,0.10441845096116037,,1.0
lewidi_md,llama,0,GPP-cosine,4,1024,0.5982593115056624,0.11314682466792815,0.2570457390266129,0.31023753364231005,0.7072293097808309,0.7072293097808309,0.6277895569801331,0.002939615398645401,0.2876994175924017,-0.0925770066221455,0.2876994175924017,-0.0925770066221455,0.2683392901902576,-0.08882571786262441,0.2837790786583773,-0.0920698063188681,0.2683392901902576,-0.08882571786262441,0.283779074441086,-0.09206980780594679,0.2604102731610836,-0.09872917262529123,1.0
lewidi_md,llama,0,GPP-rbf,4,1024,0.618925930694592,0.10308183309536212,0.23059416578274974,0.26422239045864276,0.7556427870461236,0.7556427870461236,0.4012835621833801,0.06527148187160492,0.2748427685509065,0.023069508997068514,0.27484276855090656,0.02306950899706852,0.2646034747818216,0.024985524806345142,0.27361014782919885,0.023810732217227733,0.2646034747818216,0.024985524806345128,0.27361014501510716,0.023810729958479385,0.26482868358266154,0.08492069965317174,1.0
lewidi_md,llama,0,GPP-laplace,4,1024,0.6347479285729345,0.12445620997554184,0.2749356256482899,0.30187942464682266,0.6692836113837095,0.6692836113837095,0.3844437003135681,0.2113966941833496,0.10757136762947067,0.06368744576866958,0.10757136762947067,0.06368744576866957,0.09843598697548386,0.05813911991473196,0.1055283376439068,0.062435345167546244,0.09843598697548386,0.058139119914731974,0.10552833340482001,0.06243534134062317,0.06150182448688682,0.024560274311484775,1.0
lewidi_md,llama,0,LPE,4,1024,0.7436333176611692,0.11567755520880571,0.24163177712829903,0.2660148442717221,0.7386326463853451,0.7386326463853451,0.13850049674510956,0.2550434172153473,0.22843605095464004,0.15877763867792538,0.22843605095464004,0.15877763867792538,0.22118138428135592,0.15779430111607987,0.22779372742643234,0.15956653290582593,0.22118138428135592,0.1577943011160799,0.22779372777677093,0.1595665325364313,0.23001715307798143,0.1590621881835875,1.0
lewidi_md,llama,0,LP-temp,4,1024,0.6015615717187823,0.1134434877442361,0.2556381104059085,0.308204641770671,0.7190055610075237,0.7190055610075237,0.6186286894733156,,0.20393968839019605,,0.20393968839019605,,0.20038463776436452,,0.20425542128550644,,0.20038463776436455,,0.20425542238372957,,0.21551104925639503,,1.0
lewidi_md,llama,16,GPP-cosine,0,16,0.7320284411556336,0.1646798691933542,0.33339104384164386,0.31951514545653087,0.5453058554138044,0.5453058554138044,0.6092647314071655,0.02549041621387005,0.0293614845245094,-0.04096355323712207,0.029361484524509398,-0.04096355323712206,0.026006564841988915,-0.03522570377628233,0.02854167531287538,-0.03949803777155648,0.02600656484198892,-0.03522570377628233,0.02854167502296351,-0.03949803758448221,0.00557854550049775,-0.08167719187487484,0.5
lewidi_md,llama,16,GPP-rbf,0,16,0.6776025487563903,0.14814637183966126,0.3142158356530237,0.345801236420151,0.5950278050376185,0.5950278050376185,0.4767717123031616,0.20351049304008484,0.07493755579097079,-0.13630943172211119,0.07493755579097078,-0.13630943172211116,0.07245737254110471,-0.13125518915578882,0.07469631329428403,-0.1357054058490657,0.07245737254110472,-0.13125518915578882,0.07469631367219084,-0.13570540658601538,0.08293578255303537,-0.1336592303101251,1.0
lewidi_md,llama,16,GPP-laplace,0,16,0.6883170647976591,0.1534190778632321,0.32530858545111097,0.3555748909273363,0.6126921818776578,0.6126921818776578,0.4397110939025879,0.25311073660850525,-0.009812652666521336,0.0038371286483833943,-0.009812652666521336,0.0038371286483833943,-0.010152314756310461,0.0038410638639965796,-0.00998327503173324,0.0038646235703369697,-0.010152314756310461,0.0038410638639965813,-0.009983274536299071,0.003864623020403791,-0.008472725786798451,0.0022092250521512915,-1.0
lewidi_md,llama,16,LPE,0,16,0.7162072085541287,0.1593884123820483,0.3280624550483002,0.3301317192651412,0.5446516192345436,0.5446516192345436,0.5148380398750305,0.1323898732662201,-0.016166626900699747,-0.020842659712525267,-0.016166626900699754,-0.020842659712525267,-0.01565577835200173,-0.022295418424952373,-0.016121951478038604,-0.021427634082144376,-0.015655778352001735,-0.022295418424952376,-0.01612195128456442,-0.021427633933692247,-0.015227369808684112,-0.022488040364366343,-1.0
lewidi_md,llama,16,LP-temp,0,16,0.6934608893369976,0.15437239764999594,0.3237228528409938,0.3465024748326976,0.5417075564278705,0.5417075564278705,0.6815925512670471,,-0.018978258348875298,,-0.0189782583488753,,-0.01881183060672078,,-0.019057672934813575,,-0.01881183060672078,,-0.019057672645226977,,-0.016050607999891057,,-1.0
lewidi_md,llama,16,GPP-cosine,0,64,0.6523687707745359,0.13649882209511463,0.2977512510417844,0.3365595757926213,0.6424599280340203,0.6424599280340203,0.6479953527450562,0.014581686817109585,0.09770733921968136,-0.00437146076706179,0.09770733921968136,-0.0043714607670617914,0.08883517162263743,-0.0010421152996245844,0.09567681347247867,-0.003388168800982262,0.08883517162263743,-0.0010421152996245844,0.09567681268645528,-0.0033881687596254697,0.15632067462647908,-0.04440009651282429,0.5
lewidi_md,llama,16,GPP-rbf,0,64,0.6403879905740946,0.12742813145368906,0.2796934220512143,0.3126551907123445,0.6722276741903828,0.6722276741903828,0.45626601576805115,0.15532761812210083,0.11568793908339417,-0.05126699738557857,0.11568793908339417,-0.051266997385578564,0.10459292452232431,-0.05247925368054579,0.11310414106486344,-0.05198728676478738,0.10459292452232431,-0.0524792536805458,0.11310413831843939,-0.05198728886116409,0.12405383908562279,-0.05791493765301898,0.5
lewidi_md,llama,16,GPP-laplace,0,64,0.6596699576698887,0.14105390501322976,0.30212800824538844,0.3433098812481468,0.666993784756297,0.666993784756297,0.43240973353385925,0.2470269650220871,-0.03557551794422342,-0.03608455621270387,-0.03557551794422342,-0.03608455621270387,-0.039289924425572276,-0.03703662793193703,-0.0369497707886361,-0.036621610198084256,-0.03928992442557229,-0.03703662793193703,-0.03694977201280512,-0.0366216114580773,-0.05275351698436642,-0.04835403661388742,-1.0
lewidi_md,llama,16,LPE,0,64,0.7068295597671074,0.13543908735631358,0.28153139002889876,0.2904947724957483,0.6679751390251881,0.6679751390251881,0.40479835867881775,0.09567828476428986,0.10222677895013993,0.05388632969127839,0.10222677895013993,0.05388632969127838,0.09349466192893292,0.04195283137402353,0.10026984953459593,0.050623798384990024,0.09349466192893294,0.04195283137402354,0.10026984742268055,0.05062379517837782,0.09701629872997787,0.05068554034944133,1.0
lewidi_md,llama,16,LP-temp,0,64,0.6803872472314743,0.13667349688182961,0.2881802715029788,0.3013612324551072,0.6483480536473667,0.6483480536473667,0.569645982838622,,0.08520765595790925,,0.08520765595790925,,0.07594611625690792,,0.0829729638986885,,0.07594611625690792,,0.08297296232468195,,0.07422833430757368,,0.5
lewidi_md,llama,16,GPP-cosine,0,256,0.7482900755359428,0.14474253666544248,0.29687505938377096,0.2964318355293121,0.5806346090938829,0.5806346090938829,0.5352880954742432,0.004976572468876839,0.13514492084012786,0.013284527731694348,0.13514492084012786,0.013284527731694345,0.1239719283013363,0.014730109408551106,0.13267073703260293,0.013815519135376918,0.1239719283013363,0.014730109408551106,0.13267073631997728,0.013815518511317546,0.12287976767607298,0.039288838092287094,1.0
lewidi_md,llama,16,GPP-rbf,0,256,0.6383501040417066,0.11367167718464391,0.2513023253865686,0.278692120737032,0.7245665685312398,0.7245665685312398,0.3849026560783386,0.11002617329359055,0.20078162108232883,0.0783767412313505,0.20078162108232883,0.07837674123135051,0.1905680885127206,0.07382834662227444,0.19904927171347525,0.07752963041866542,0.1905680885127206,0.07382834662227444,0.19904926697594286,0.07752962627667716,0.1941071484615053,0.07880432992102347,1.0
lewidi_md,llama,16,GPP-laplace,0,256,0.6565466918309162,0.13356623651353974,0.2900769891284984,0.3088319455727812,0.666993784756297,0.666993784756297,0.388212651014328,0.22002872824668884,-0.057791001864703734,-0.058616320655777696,-0.057791001864703734,-0.05861632065577769,-0.05469617446069744,-0.05514460838149918,-0.057245187134321376,-0.05796146120382567,-0.05469617446069746,-0.05514460838149918,-0.05724518991397842,-0.05796146372746232,-0.06542023167309069,-0.06446866947487379,-1.0
lewidi_md,llama,16,LPE,0,256,0.7368123846652568,0.12427254918668758,0.25650349145264784,0.2700547579905842,0.7118089630356559,0.7118089630356559,0.2616962790489197,0.13947409391403198,0.1974843709551794,0.14232354076106155,0.19748437095517937,0.14232354076106155,0.18825644448814108,0.13350587635709854,0.19602938313149038,0.14061537403497726,0.18825644448814108,0.13350587635709854,0.19602938014818375,0.1406153706957832,0.1886208710146987,0.1456544640176842,1.0
lewidi_md,llama,16,LP-temp,0,256,0.6365256640386889,0.11692029790955191,0.25673457114354364,0.28337198627339866,0.6993784756297023,0.6993784756297023,0.525340829959465,,0.17629928823212224,,0.1762992882321222,,0.1675604570371193,,0.17484796209213171,,0.1675604570371193,,0.17484796080498916,,0.14617667821174202,,1.0
lewidi_md,llama,16,GPP-cosine,0,1024,0.6446360004904217,0.11602347307281617,0.2570332421269323,0.2890565394651835,0.7006869479882237,0.7006869479882237,0.5491311550140381,0.003536755917593837,0.20130936839123456,0.08041403724740656,0.20130936839123456,0.08041403724740655,0.19062695254468992,0.08170505415477629,0.19943793618588926,0.08135805217598253,0.19062695254468992,0.0817050541547763,0.19943793516138866,0.08135805213922745,0.20475500473773062,0.0751210734517707,1.0
lewidi_md,llama,16,GPP-rbf,0,1024,0.5907409780758665,0.08893048656179181,0.2090830294281774,0.24666250151546876,0.7765783447824665,0.7765783447824665,0.34885960817337036,0.07162178307771683,0.3467665123674426,0.19200880996210468,0.3467665123674426,0.19200880996210468,0.34067142301123776,0.1909288009182872,0.3472880569763601,0.19299602891238646,0.3406714230112379,0.1909288009182872,0.34728805356773823,0.19299602578044958,0.3409314233159815,0.2251343004116574,1.0
lewidi_md,llama,16,GPP-laplace,0,1024,0.6309769788466055,0.12252057950619136,0.27202412152055394,0.29615895235343326,0.6673209028459274,0.6673209028459274,0.3771771490573883,0.21252872049808502,0.13391892855984172,0.11186463909442082,0.13391892855984175,0.11186463909442082,0.12545799939969415,0.1050177845651177,0.13226173049079026,0.11054752132793069,0.12545799939969415,0.1050177845651177,0.13226172456972074,0.11054751581406588,0.11054306364727097,0.08873396384797985,1.0
lewidi_md,llama,16,LPE,0,1024,0.7066990341240563,0.09829713307274662,0.21358951045003025,0.2428900545636719,0.7674190382728164,0.7674190382728164,0.11213426291942596,0.2441074252128601,0.320492451934715,0.27774793951641186,0.320492451934715,0.27774793951641186,0.3219526378633808,0.28004948125655577,0.3231332990145521,0.2803519002139874,0.3219526378633808,0.2800494812565558,0.3231332982526808,0.28035189895561474,0.3271601286734313,0.2821552319033997,1.0
lewidi_md,llama,16,LP-temp,0,1024,0.5677531516505153,0.09825267409841541,0.23020117703621715,0.28686001881861833,0.7553156689564933,0.7553156689564933,0.5875028441226087,,0.2984698462976609,,0.2984698462976609,,0.2959070516990006,,0.2997354124592016,,0.2959070516990006,,0.2997354127152524,,0.31841711111763865,,1.0
lewidi_md,llama,16,GPP-cosine,1,16,0.6647340362201349,0.13529877536224516,0.28877202414975756,0.3215116133816824,0.6696107294733399,0.6696107294733399,0.6025946736335754,0.017313223332166672,0.05917487057875072,-0.011660991617478664,0.059174870578750705,-0.011660991617478664,0.054249139394822746,-0.008065054942291115,0.058081323738830445,-0.010646523311894737,0.054249139394822746,-0.008065054942291117,0.05808132260376504,-0.010646523741261517,0.033258351858888736,-0.079413159843932,1.0
lewidi_md,llama,16,GPP-rbf,1,16,0.7045887121189597,0.14270247946001188,0.2969546099935223,0.290132734024127,0.6663395485770363,0.6663395485770363,0.37318259477615356,0.15664471685886383,-0.07930701497452747,-0.11925663465773567,-0.07930701497452748,-0.11925663465773567,-0.0791277710521629,-0.11562854760278016,-0.07979598466742896,-0.1189697749842557,-0.0791277710521629,-0.11562854760278016,-0.0797959857303118,-0.1189697758226808,-0.08189889829644388,-0.11570628526702854,-1.0
lewidi_md,llama,16,GPP-laplace,1,16,0.6704195464910682,0.14592949865077257,0.3115862062579282,0.3500341130552057,0.6666666666666666,0.6666666666666666,0.4362555742263794,0.2510156035423279,-0.05634096708206085,-0.027649659400011607,-0.05634096708206086,-0.027649659400011607,-0.05598679969141643,-0.02633561699450035,-0.05661930572749345,-0.027439237911915423,-0.05598679969141645,-0.02633561699450035,-0.056619305759866706,-0.027439238580784203,-0.05759498553138472,-0.027897075837387757,-1.0
lewidi_md,llama,16,LPE,1,16,0.9368914711290012,0.17893342875954707,0.3219671544978699,0.2939268594520811,0.6663395485770363,0.6663395485770363,0.2439747452735901,0.061843711882829666,-0.005303742025241037,-0.012084729655489974,-0.005303742025241032,-0.01208472965548997,-0.006096625712174548,-0.013026617707821061,-0.005581396355469528,-0.012454204544156317,-0.006096625712174553,-0.013026617707821065,-0.00558139722853436,-0.012454205260331315,-0.0034666068763889476,-0.006328935819258805,-1.0
lewidi_md,llama,16,LP-temp,1,16,0.6682101589420327,0.13494319899760931,0.2892936234368878,0.2993630991114125,0.666012430487406,0.666012430487406,0.5829465212877258,,0.005138818444945438,,0.0051388184449454415,,0.0034237715460162,,0.0046520802344260075,,0.0034237715460162105,,0.004652079312665631,,-0.0014609004221241206,,0.5
lewidi_md,llama,16,GPP-cosine,1,64,1.3212214095714594,0.2669612076661948,0.42578692686585645,0.2797598378163903,0.4896957801766438,0.4896957801766438,0.302613228559494,0.004882649518549442,0.10744109624724303,-0.010418280605608801,0.10744109624724303,-0.010418280605608805,0.09749273185112373,-0.009950576156457017,0.1051497504243598,-0.010347340063942185,0.09749273185112373,-0.00995057615645702,0.10514975095722245,-0.010347339657275991,0.10123472895675019,0.0578580753431698,0.5
lewidi_md,llama,16,GPP-rbf,1,64,0.6599523408700537,0.13836248403395104,0.2951642689378893,0.326284182098069,0.639515865227347,0.639515865227347,0.4790545403957367,0.16888779401779175,0.15418032033715637,-0.051778090670724294,0.15418032033715637,-0.0517780906707243,0.14578067005093834,-0.05085465109494758,0.15268063075842253,-0.05185190622087045,0.14578067005093834,-0.050854651094947585,0.15268062927674164,-0.051851907676373196,0.1567084196076324,-0.058836948332959424,1.0
lewidi_md,llama,16,GPP-laplace,1,64,0.6805375379549428,0.15028732094870587,0.32014727380186425,0.35468242608734163,0.6647039581288845,0.6647039581288845,0.4401296079158783,0.25179028511047363,0.017580712439129665,-0.005505982301461099,0.017580712439129665,-0.005505982301461092,0.016049714028778403,-0.005179409314484788,0.017235256409464998,-0.0054443278126773305,0.016049714028778403,-0.005179409314484787,0.0172352564338449,-0.005444328607392922,0.01948311390260021,-0.00590695504560189,1.0
lewidi_md,llama,16,LPE,1,64,0.7169948693522271,0.1466370337565765,0.29721822589601576,0.29538223202041436,0.6319921491658489,0.6319921491658489,0.44114381074905396,0.10919184237718582,0.13338299686101798,0.054225718515401845,0.13338299686101798,0.054225718515401845,0.12672541794936748,0.05124839520394633,0.13227095650455456,0.05369123069508375,0.1267254179493675,0.051248395203946334,0.1322709548806249,0.05369122936532391,0.12694953819703778,0.06103623752418999,1.0
lewidi_md,llama,16,LP-temp,1,64,0.7147506470809121,0.15238594332152383,0.30858741260592915,0.306347814013606,0.6038599934576382,0.6038599934576382,0.5955480915653933,,0.10697500060081709,,0.1069750006008171,,0.1023990530037176,,0.10631549891465492,,0.1023990530037176,,0.10631549818424085,,0.0974183968320876,,1.0
lewidi_md,llama,16,GPP-cosine,1,256,0.6721457859664973,0.12696391378974775,0.2738889529973135,0.3077153856657475,0.6879293424926398,0.6879293424926398,0.5760655999183655,0.005571093875914812,0.134313308755165,0.03808336975151862,0.134313308755165,0.03808336975151862,0.12429420184092506,0.03857698565039325,0.1321845985342857,0.03849459615511656,0.12429420184092507,0.03857698565039325,0.1321845971622532,0.03849459577829404,0.1870093106299942,0.014842120086543198,1.0
lewidi_md,llama,16,GPP-rbf,1,256,0.6539869237564561,0.11667635905712496,0.25420585665915807,0.2776047151148298,0.7167157343801113,0.7167157343801113,0.37351638078689575,0.10633322596549988,0.18375278883737498,0.07658703085392599,0.18375278883737498,0.07658703085392599,0.17704096165607686,0.07430017453829359,0.1829694416511523,0.07641592984407251,0.17704096165607688,0.07430017453829359,0.18296943727056153,0.07641592590906707,0.17924090905859974,0.07836381184280442,1.0
lewidi_md,llama,16,GPP-laplace,1,256,0.6598221496748149,0.13398267707639405,0.28998045134152467,0.3059413298841525,0.666993784756297,0.666993784756297,0.3827716112136841,0.2169063240289688,-0.05910469969473285,-0.05994866939050397,-0.05910469969473285,-0.059948669390503966,-0.059058381527699905,-0.059072388939864995,-0.05949566990404076,-0.060092833361420045,-0.059058381527699905,-0.05907238893986501,-0.05949567241179987,-0.06009283565054118,-0.07128582087560284,-0.07276807668825365,-1.0
lewidi_md,llama,16,LPE,1,256,0.7596889029879011,0.12657175133756476,0.2567877009231305,0.26901263795624314,0.7114818449460255,0.7114818449460255,0.2431551218032837,0.1503266990184784,0.20038288155639952,0.1528944890176957,0.2003828815563995,0.1528944890176957,0.19555156754121567,0.14911393910953052,0.20028582100201642,0.15279176170193057,0.19555156754121567,0.14911393910953052,0.20028581841746176,0.15279175882645507,0.19590477707349177,0.15595219329409213,1.0
lewidi_md,llama,16,LP-temp,1,256,0.6254524213695491,0.11784319979443657,0.2595914933717635,0.2908953501260389,0.6843310435067059,0.6843310435067059,0.5698339996699853,,0.18601399947831004,,0.18601399947831004,,0.1835213220253569,,0.18653020299527082,,0.18352132202535693,,0.18653020177784357,,0.17004375369151925,,1.0
lewidi_md,llama,16,GPP-cosine,1,1024,0.6716411760833885,0.12791622020568552,0.27530879688645266,0.2912481992599728,0.6493294079162578,0.6493294079162578,0.5456101894378662,0.003405167255550623,0.17285569243021706,0.03773614242499275,0.17285569243021703,0.03773614242499275,0.16484451448412551,0.0387344890136436,0.17160221963966055,0.03829859861868389,0.16484451448412551,0.0387344890136436,0.1716022190036392,0.03829859746421978,0.16760607157035576,0.059862865945137365,1.0
lewidi_md,llama,16,GPP-rbf,1,1024,0.5836152381166387,0.08826584291014436,0.20766302838196932,0.24295496141452919,0.7700359829898593,0.7700359829898593,0.3593423664569855,0.06962519884109497,0.3501183381912591,0.21581051640248175,0.3501183381912591,0.21581051640248172,0.34545467353582265,0.21627825966928557,0.3510984931490029,0.2174318994795033,0.34545467353582265,0.21627825966928557,0.3510984898262741,0.21743189611176872,0.3461910065245431,0.2448139170323836,1.0
lewidi_md,llama,16,GPP-laplace,1,1024,0.6339122878191041,0.12370381187849128,0.2736842555813747,0.29672926875150263,0.6676480209355578,0.6676480209355578,0.378038614988327,0.21252821385860443,0.12247212460239335,0.09862859429641593,0.12247212460239335,0.09862859429641592,0.11499090659378366,0.09315437967368949,0.12103464206593435,0.09763851345240579,0.11499090659378368,0.0931543796736895,0.12103463630780864,0.09763850809061583,0.10726001683434752,0.08360440438668215,1.0
lewidi_md,llama,16,LPE,1,1024,0.7272286900245771,0.10576581602749204,0.22667371576287806,0.25405937237461035,0.7510631337912986,0.7510631337912986,0.12181580811738968,0.24701513350009918,0.2660549439484282,0.2345432679613957,0.2660549439484282,0.23454326796139574,0.26780348569810514,0.23649231021063571,0.26841046844328637,0.2367438513473657,0.26780348569810514,0.23649231021063574,0.26841046802299784,0.23674385040504836,0.2775263170096615,0.23774511293646197,1.0
lewidi_md,llama,16,LP-temp,1,1024,0.5884652668209861,0.10465860182493668,0.24063658690004416,0.2840896192963166,0.7235852142623487,0.7235852142623487,0.5695838125071507,,0.25091596699720864,,0.25091596699720864,,0.24570704137224636,,0.25105030649780324,,0.24570704137224636,,0.2510503061757232,,0.2275560068437276,,1.0
lewidi_md,llama,16,GPP-cosine,2,16,0.8334063042790707,0.15895467248069872,0.31059941333528174,0.30727798216363894,0.5623159960745829,0.5623159960745829,0.5209236741065979,0.00967674981802702,0.09179289650691955,-0.0011623836857852666,0.09179289650691955,-0.0011623836857852649,0.08556323523654674,0.0017083126445214397,0.09052605583433278,-0.0002966837458276139,0.08556323523654677,0.0017083126445214362,0.0905260555839241,-0.0002966828466828275,0.10395820874909337,0.04200451902702993,1.0
lewidi_md,llama,16,GPP-rbf,2,16,0.7142206422700234,0.14516242639393326,0.2989113598411228,0.28886809088811466,0.6676480209355578,0.6676480209355578,0.3721560835838318,0.15308861434459686,-0.05801672684614192,-0.11098190646418929,-0.058016726846141904,-0.11098190646418929,-0.05535106832877221,-0.10540650695482222,-0.057603072123834864,-0.11004569294321243,-0.055351068328772214,-0.1054065069548222,-0.05760307255314743,-0.11004569345641141,-0.06060889001783164,-0.10992427580655935,-1.0
lewidi_md,llama,16,GPP-laplace,2,16,0.6693043303535271,0.1453758568458211,0.3101799248123348,0.34875940392679905,0.6676480209355578,0.6676480209355578,0.43546438217163086,0.250493586063385,-0.05407060036113754,-0.028808846165620294,-0.05407060036113754,-0.028808846165620294,-0.05360130290388747,-0.027521365869742652,-0.054298340709546415,-0.02861445291710297,-0.05360130290388748,-0.027521365869742652,-0.05429834064023889,-0.028614453498753974,-0.06093574320724328,-0.03195622959192406,-1.0
lewidi_md,llama,16,LPE,2,16,1.0097929515538255,0.1890185371855375,0.3279329648594112,0.2960094801876793,0.6676480209355578,0.6676480209355578,0.23779579997062683,0.0362289659678936,0.013458972839479607,-0.005015355475884697,0.013458972839479598,-0.005015355475884688,0.014398580083140756,-0.0024760137294039227,0.013837171791567224,-0.004276905672858801,0.014398580083140752,-0.0024760137294039222,0.013837171902269206,-0.0042769055963477985,0.02057378715918118,0.003838092223464746,1.0
lewidi_md,llama,16,LP-temp,2,16,0.6798844359551897,0.13762151257489422,0.2909148774026332,0.2940649521063883,0.6656853123977756,0.6656853123977756,0.5698183100945667,,0.031653826558818106,,0.0316538265588181,,0.02991806781478906,,0.03134250220309175,,0.029918067814789062,,0.03134250212355601,,0.025354489351379694,,1.0
lewidi_md,llama,16,GPP-cosine,2,64,0.9243629263083439,0.19933299069163207,0.365309166233299,0.2773589975252404,0.5014720314033366,0.5014720314033366,0.4550587236881256,0.007044936064630747,0.1074227909691314,0.006097035644855392,0.10742279096913139,0.0060970356448553885,0.09636598760367573,0.0063977025958305445,0.10479397796824295,0.0062303257344879705,0.09636598760367575,0.006397702595830543,0.10479397799350354,0.006230325812057614,0.08648752263092314,0.02183878759748912,0.5
lewidi_md,llama,16,GPP-rbf,2,64,0.6504010367485975,0.13487481411096325,0.2906830348159739,0.3281855240109777,0.6535819430814525,0.6535819430814525,0.47840404510498047,0.17002326250076294,0.09962373312291725,-0.08769006677285973,0.09962373312291725,-0.08769006677285975,0.09857987750495373,-0.08172026597969304,0.09998880543610555,-0.0864741936697483,0.09857987750495373,-0.08172026597969304,0.09998880501854357,-0.08647419445405145,0.10960565738879043,-0.0866670287239527,1.0
lewidi_md,llama,16,GPP-laplace,2,64,0.677043343313431,0.14888409191321833,0.3175568378118857,0.35407398151299263,0.6754988550866863,0.6754988550866863,0.4396551847457886,0.25166571140289307,-0.01113060515945479,-0.01814574484714038,-0.011130605159454793,-0.01814574484714039,-0.011802645326319498,-0.01701684578852511,-0.011411415713786049,-0.017926535898673258,-0.0118026453263195,-0.01701684578852511,-0.011411415973462022,-0.017926536801477558,-0.008989780677878196,-0.01976984539929107,-1.0
lewidi_md,llama,16,LPE,2,64,0.7158821184177893,0.1464311859451598,0.29936159283496555,0.3018954520581903,0.6264311416421328,0.6264311416421328,0.43555334210395813,0.11459200084209442,0.06680717531334235,0.0029078262536628595,0.06680717531334235,0.002907826253662862,0.06672680229468902,0.008231358470199597,0.06724056923905802,0.004547915633714896,0.06672680229468902,0.008231358470199596,0.06724057004853151,0.004547915486835859,0.05962702859607625,0.009046558894223386,1.0
lewidi_md,llama,16,LP-temp,2,64,0.6685790198951806,0.14471978768891003,0.3084183276055906,0.3458368847047474,0.613673536146549,0.613673536146549,0.681602885408093,,0.06159264775527466,,0.061592647755274656,,0.06251862590213095,,0.062296576946847926,,0.06251862590213096,,0.06229657786218237,,0.0503392310340552,,1.0
lewidi_md,llama,16,GPP-cosine,2,256,0.7144988484730779,0.13303253928410408,0.27945581646635825,0.29724870768571343,0.6365718024206739,0.6365718024206739,0.5438998937606812,0.004983631893992424,0.15456263497712672,0.05032355016245961,0.1545626349771267,0.050323550162459596,0.14486267895861432,0.051681188062601774,0.15266983119044825,0.051081619104529546,0.14486267895861432,0.051681188062601774,0.1526698296965493,0.051081617389229866,0.16278187994516816,0.0561232053139351,1.0
lewidi_md,llama,16,GPP-rbf,2,256,0.6644443393320852,0.11992989646944195,0.25929474568542543,0.27354987134844866,0.6970886490022898,0.6970886490022898,0.3648083508014679,0.10354524105787277,0.19710629002980862,0.08208998094338676,0.1971062900298086,0.08208998094338676,0.18562692085591226,0.0768464015498227,0.19496350820258396,0.081056746187184,0.18562692085591226,0.0768464015498227,0.19496350352300454,0.08105674196592105,0.18189514265834417,0.08017878269528449,1.0
lewidi_md,llama,16,GPP-laplace,2,256,0.6774373880588552,0.13735897812246822,0.291774650816926,0.2954573261146711,0.666993784756297,0.666993784756297,0.36292535066604614,0.20547807216644287,-0.07098980951771558,-0.07076939419044728,-0.07098980951771558,-0.07076939419044727,-0.0685739316462055,-0.06792759797559551,-0.07074108230103272,-0.07038953262335251,-0.06857393164620551,-0.0679275979755955,-0.07074108426755056,-0.07038953445657281,-0.0834256838768921,-0.08212106278462969,-1.0
lewidi_md,llama,16,LPE,2,256,0.7528678686408219,0.12852783819860503,0.2606082816375299,0.2707686023706289,0.7101733725875041,0.7101733725875041,0.2334560602903366,0.16036467254161835,0.19933834778699178,0.12745279615262492,0.19933834778699178,0.12745279615262492,0.18946695898106553,0.11905946969137443,0.19770023497606037,0.12577185742445118,0.18946695898106553,0.11905946969137443,0.1977002315460505,0.12577185378951497,0.191510820048753,0.1313673109379564,1.0
lewidi_md,llama,16,LP-temp,2,256,0.6232775699050799,0.12216420106156707,0.2704499938732431,0.3114086902648843,0.6918547595682041,0.6918547595682041,0.6236274167417363,,0.17985457541907562,,0.1798545754190756,,0.17165157985325563,,0.17859069092422425,,0.17165157985325563,,0.17859068947900128,,0.16149277887494232,,1.0
lewidi_md,llama,16,GPP-cosine,2,1024,0.6390942116024043,0.12078304035933755,0.2667425078939418,0.30779473092711307,0.6954530585541381,0.6954530585541381,0.5880641937255859,0.004152926150709391,0.126469177457478,0.029890917849553632,0.126469177457478,0.029890917849553632,0.12068612515081109,0.03294709894692972,0.12557590706659053,0.03102588803681089,0.1206861251508111,0.03294709894692972,0.12557590563863003,0.03102588829033021,0.15002951489791716,0.011247677455244916,1.0
lewidi_md,llama,16,GPP-rbf,2,1024,0.5680396777429901,0.08416945857328215,0.20232049028525792,0.2455366107599887,0.784429178933595,0.784429178933595,0.3661923408508301,0.07297325134277344,0.35110674908717115,0.2124258455241892,0.3511067490871711,0.2124258455241892,0.3429921247579323,0.20914264179018227,0.3510434147675844,0.2128824709725439,0.3429921247579323,0.2091426417901823,0.3510434111406521,0.21288246740068303,0.342674612077839,0.2355005121895425,1.0
lewidi_md,llama,16,GPP-laplace,2,1024,0.6281317860748861,0.12253323041653992,0.2728850158576701,0.30220024035866894,0.6679751390251881,0.6679751390251881,0.38462090492248535,0.21658504009246826,0.09753406347596552,0.07643072898408738,0.09753406347596552,0.07643072898408738,0.09067303142163514,0.07198459601030871,0.09611441812419286,0.07560140367180992,0.09067303142163516,0.07198459601030872,0.09611441194736361,0.07560139804008004,0.0727121349176508,0.05538542357187282,1.0
lewidi_md,llama,16,LPE,2,1024,0.6769235033829203,0.09593176752526017,0.21424566538675316,0.2445471424078009,0.7654563297350343,0.7654563297350343,0.11944004893302917,0.26187655329704285,0.31572598519856976,0.28162080783390864,0.31572598519856976,0.28162080783390864,0.30911804786147806,0.27591053676693467,0.3158787175617157,0.2818129999103378,0.3091180478614781,0.27591053676693467,0.31587871730234424,0.2818129983749246,0.31893576761435116,0.274598063504899,1.0
lewidi_md,llama,16,LP-temp,2,1024,0.5738749636318556,0.10245191888266546,0.23849392680396872,0.2978688902548363,0.7484461890742558,0.7484461890742558,0.6073207606672891,,0.2809405371365119,,0.2809405371365119,,0.2719180086190477,,0.2801200163960469,,0.2719180086190477,,0.280120016397314,,0.2852754767394938,,1.0
lewidi_md,llama,16,GPP-cosine,3,16,1.2487578917297164,0.2692740893397772,0.4326652338229538,0.2825622643107672,0.483480536473667,0.483480536473667,0.3070061504840851,0.00942499190568924,0.08503493010720697,0.0044809075870834054,0.08503493010720696,0.0044809075870834054,0.07906038499835966,0.0063670547746429405,0.08379941647504945,0.00508564595557948,0.07906038499835968,0.0063670547746429405,0.08379941711420313,0.005085646536113986,0.08656434954455283,0.05789431962475068,1.0
lewidi_md,llama,16,GPP-rbf,3,16,0.6531261551169362,0.135959847028542,0.29477538426531896,0.3287571583028027,0.656853123977756,0.656853123977756,0.4685152769088745,0.18200409412384033,0.07174338878079031,-0.1015452099703366,0.07174338878079031,-0.10154520997033659,0.06340371062777733,-0.09988653404784109,0.06969697990519723,-0.1017363368006523,0.06340371062777733,-0.0998865340478411,0.06969697876628146,-0.10173633789854998,0.06680362523867314,-0.10309279691734796,0.5
lewidi_md,llama,16,GPP-laplace,3,16,0.683812451227659,0.15161507056521686,0.32244374610832166,0.3551530775802863,0.6519463526333006,0.6519463526333006,0.4396544098854065,0.25274553894996643,-0.005527425784933194,0.0042336490888918304,-0.00552742578493319,0.004233649088891837,-0.006299020236129608,0.004236100239551321,-0.005800133949132848,0.004263409854477131,-0.006299020236129615,0.004236100239551319,-0.0058001336135276235,0.004263409257381012,-0.005576022787158615,0.002155774897116772,-1.0
lewidi_md,llama,16,LPE,3,16,0.6739833619896998,0.14119009461056506,0.3003844953037611,0.32074617243640746,0.6290480863591756,0.6290480863591756,0.4817042946815491,0.1448514759540558,0.055570748654485774,-0.0036785580746966414,0.055570748654485774,-0.003678558074696643,0.04945963764047696,-0.0062668144042076716,0.054091743550809646,-0.004491477163318755,0.04945963764047696,-0.006266814404207672,0.05409174320686254,-0.004491478052540838,0.030067767047922037,-0.0005911808425189448,0.5
lewidi_md,llama,16,LP-temp,3,16,0.675595544279856,0.14707122095936875,0.31233053511746744,0.34361469932830047,0.600915930650965,0.600915930650965,0.6781826007935607,,0.04567791346672035,,0.04567791346672036,,0.04373628907599378,,0.04540004839270251,,0.043736289075993785,,0.04540004817511159,,0.014747580762048804,,1.0
lewidi_md,llama,16,GPP-cosine,3,64,1.295702969957899,0.25662417124003917,0.4138658735215414,0.2817056102117691,0.5024533856722276,0.5024533856722276,0.2963220775127411,0.003937834408134222,0.09523978105388749,0.01732820584131678,0.09523978105388749,0.017328205841316772,0.085916917837761,0.01316829894878696,0.09305517974142725,0.016180938683187256,0.08591691783776101,0.013168298948786959,0.093055180510238,0.01618093826603926,0.07246572155661438,0.08934360123273577,0.5
lewidi_md,llama,16,GPP-rbf,3,64,0.6912329521742498,0.13441073985680801,0.2830487978347633,0.28517076226163623,0.6702649656526006,0.6702649656526006,0.37885770201683044,0.12612301111221313,0.09938424030058991,-0.01778228184181968,0.0993842403005899,-0.017782281841819687,0.08610194070468133,-0.02203877551768241,0.09602302976317263,-0.019199569499303633,0.08610194070468133,-0.022038775517682407,0.09602302628008193,-0.019199572276695907,0.09290653975160483,-0.019896921943682224,0.5
lewidi_md,llama,16,GPP-laplace,3,64,0.6559693709046743,0.136181829267266,0.29516824634881594,0.3236346871858838,0.666993784756297,0.666993784756297,0.40764185786247253,0.23272718489170074,-0.07414076564328215,-0.06979394582028606,-0.07414076564328215,-0.06979394582028606,-0.07404194633556666,-0.06907860104939204,-0.07461880547789718,-0.07005456223892612,-0.07404194633556668,-0.06907860104939204,-0.07461880668571769,-0.0700545634506645,-0.09792267585853512,-0.08721723010309287,-1.0
lewidi_md,llama,16,LPE,3,64,0.8465872114427269,0.15396975176979436,0.29200102307511827,0.27912958285547607,0.6768073274452078,0.6768073274452078,0.2916155159473419,0.06582267582416534,0.1348957583184462,0.07161067612598024,0.1348957583184462,0.07161067612598024,0.12142298767592784,0.06145330798350953,0.13171995366459843,0.06901016291835943,0.12142298767592785,0.06145330798350953,0.13171995036068995,0.0690101596743956,0.12525383320106642,0.08382132383325751,0.5
lewidi_md,llama,16,LP-temp,3,64,0.6382153315205439,0.12655884842123408,0.2780336969975644,0.3106012598402328,0.6709192018318613,0.6709192018318613,0.6128282544341914,,0.11118813052409812,,0.11118813052409812,,0.10053354529364139,,0.10870753365898546,,0.10053354529364139,,0.10870753130384472,,0.11588292076616659,,0.5
lewidi_md,llama,16,GPP-cosine,3,256,0.6381712368753986,0.12338362892187975,0.27199060978265815,0.3137201800723923,0.6846581615963363,0.6846581615963363,0.6035268902778625,0.00722492067143321,0.1371138811345802,0.03716467572809496,0.1371138811345802,0.037164675728094954,0.13459658251265064,0.04375564700373625,0.1372874606225324,0.03942527186245534,0.13459658251265064,0.043755647003736256,0.1372874593679844,0.039425271359307755,0.19547387936222868,0.015605030334279936,1.0
lewidi_md,llama,16,GPP-rbf,3,256,0.6445157018778117,0.11796569844504536,0.2585941260850552,0.2862565226099483,0.7108276087667648,0.7108276087667648,0.39944374561309814,0.11542779952287674,0.16532805375310064,0.03931288018757227,0.1653280537531006,0.03931288018757227,0.15529987830724976,0.036029216898453696,0.1634091392899079,0.03858295775233235,0.15529987830724978,0.0360292168984537,0.1634091357769734,0.038582954673603384,0.1549722005777153,0.032546996579928086,1.0
lewidi_md,llama,16,GPP-laplace,3,256,0.6523831352464942,0.13392943767685006,0.2915552418982433,0.31885349703956734,0.666993784756297,0.666993784756297,0.4019451439380646,0.2281482219696045,-0.046143246569531754,-0.05067312963264244,-0.046143246569531754,-0.05067312963264244,-0.047911396682708274,-0.051143171162821244,-0.04699760139266719,-0.05116346376771941,-0.04791139668270828,-0.051143171162821244,-0.04699760356709059,-0.05116346579808394,-0.0701476174528134,-0.0680737173789728,-1.0
lewidi_md,llama,16,LPE,3,256,0.7295535986837256,0.12691911131770445,0.26161173494203854,0.27785248098617094,0.7042852469741576,0.7042852469741576,0.24641016125679016,0.1817798614501953,0.1793962162247953,0.09801447773790967,0.17939621622479526,0.09801447773790965,0.17049474834778522,0.09493994229937,0.17791661773175543,0.09775050520676042,0.17049474834778522,0.09493994229937001,0.17791661547554402,0.0977505031386145,0.17084806432000849,0.09534404142498126,1.0
lewidi_md,llama,16,LP-temp,3,256,0.6319006760406718,0.1282526685665235,0.2815306440087717,0.32857595884207846,0.681714098789663,0.681714098789663,0.6555701631031005,,0.14715935480331888,,0.14715935480331888,,0.1411185094672217,,0.1463294253579436,,0.1411185094672217,,0.14632942419243636,,0.12562837995826243,,1.0
lewidi_md,llama,16,GPP-cosine,3,1024,0.6484437524391593,0.12106242767614976,0.26589229550035737,0.2957700901671553,0.6856395158652273,0.6856395158652273,0.5688158273696899,0.003896210342645645,0.18620265622117102,0.04858512413899891,0.18620265622117102,0.0485851241389989,0.17578758989729162,0.04741604761671111,0.18430905706753675,0.04856230007562426,0.17578758989729162,0.047416047616711116,0.18430905600766284,0.048562299821336724,0.20690669829720654,0.059664662542097936,1.0
lewidi_md,llama,16,GPP-rbf,3,1024,0.5945444621650525,0.09192188535590942,0.215020313717551,0.25186213187488293,0.7598953222113183,0.7598953222113183,0.3635420501232147,0.0721554160118103,0.3198173179647119,0.17699556919306866,0.3198173179647119,0.17699556919306864,0.31036536743717985,0.1728306368450519,0.3191325443060893,0.17694103286439994,0.3103653674371799,0.17283063684505193,0.3191325406686253,0.17694102955463836,0.31175904037950375,0.19973882498089748,1.0
lewidi_md,llama,16,GPP-laplace,3,1024,0.6405664218616733,0.1254222209189701,0.2758679685088732,0.29458882719009066,0.666993784756297,0.666993784756297,0.37235957384109497,0.20945507287979126,0.09455430641613015,0.07288505246888366,0.09455430641613015,0.07288505246888366,0.08679416059731433,0.06720077478274439,0.0928406038687978,0.07165461100499346,0.08679416059731435,0.0672007747827444,0.09284059842743933,0.07165460602838133,0.07241170879882756,0.05168527553150452,1.0
lewidi_md,llama,16,LPE,3,1024,0.6763887649013398,0.09905216199098714,0.21972854896419444,0.249570889356215,0.7543343146876023,0.7543343146876023,0.11404699832201004,0.27799344062805176,0.31074677571542675,0.2565983603119092,0.3107467757154268,0.2565983603119092,0.30811002550052746,0.2548583781159614,0.31207397266203124,0.25782737977734443,0.3081100255005275,0.25485837811596146,0.31207397157133876,0.2578273784740671,0.31731278341917823,0.25122214971597157,1.0
lewidi_md,llama,16,LP-temp,3,1024,0.5836111929900559,0.10796414915806017,0.24735427303112906,0.31027469111276007,0.746810598626104,0.746810598626104,0.6322760656577947,,0.2749342252411676,,0.2749342252411676,,0.26691412350701366,,0.2743776190274013,,0.2669141235070137,,0.2743776189060208,,0.27911025355708313,,1.0
lewidi_md,llama,16,GPP-cosine,4,16,1.865328217998588,0.34405806265050265,0.48098228902597134,0.3125189509706257,0.47530258423290805,0.47530258423290805,0.13888019323349,0.005588144529610872,0.040536468728672885,0.008726646110326065,0.04053646872867288,0.008726646110326058,0.03372987541125777,0.006420681864973913,0.03874276535731116,0.008084657157057973,0.03372987541125777,0.00642068186497391,0.03874276621544175,0.00808465717925056,0.07264157347079671,0.07130218135511446,0.5
lewidi_md,llama,16,GPP-rbf,4,16,0.680016967393564,0.13799378016509845,0.2925254785628501,0.29709131391687527,0.6663395485770363,0.6663395485770363,0.4126647412776947,0.15905050933361053,0.03844692221511708,-0.07963688995118173,0.03844692221511707,-0.07963688995118172,0.03002776904195341,-0.07936204053521434,0.036148132791549124,-0.08009902387595312,0.03002776904195341,-0.07936204053521434,0.03614813253165789,-0.08009902450282372,0.03531598583141362,-0.0842451367450764,0.5
lewidi_md,llama,16,GPP-laplace,4,16,0.671337918275831,0.146357284309771,0.3127799167653919,0.3509828646310448,0.6673209028459274,0.6673209028459274,0.4370392858982086,0.25118276476860046,-0.027234130833474028,-0.01336413914459236,-0.027234130833474035,-0.01336413914459237,-0.028761721944139694,-0.013257971286940706,-0.02788568280197969,-0.013423417528948111,-0.028761721944139694,-0.013257971286940706,-0.027885682692353583,-0.013423418159283525,-0.03324086886451791,-0.01770146832342614,-1.0
lewidi_md,llama,16,LPE,4,16,0.7451017757400011,0.14753490734714061,0.29639475476759886,0.2838363087165131,0.666012430487406,0.666012430487406,0.38302963972091675,0.09898071736097336,0.06763701155368748,0.045948111212199175,0.06763701155368748,0.04594811121219917,0.06072915630479327,0.038006203703522146,0.06599822035556283,0.04384597493891603,0.06072915630479328,0.038006203703522146,0.0659982203101082,0.04384597491298153,0.06640613215251918,0.04154784768995293,0.5
lewidi_md,llama,16,LP-temp,4,16,0.7370419140392546,0.14685911031697704,0.29711556015575036,0.2874795312976996,0.662414131501472,0.662414131501472,0.4997060247070096,,0.06664782236857551,,0.06664782236857553,,0.05878593036456543,,0.06471190084877917,,0.05878593036456543,,0.06471190096425884,,0.06266531626366836,,0.5
lewidi_md,llama,16,GPP-cosine,4,64,0.6690020591975013,0.13155608601931015,0.28342061893599235,0.3161917324359013,0.6846581615963363,0.6846581615963363,0.5916379690170288,0.008271063677966595,0.11592982646073852,0.024131758331798724,0.11592982646073852,0.024131758331798724,0.1088298193986156,0.029298322746536702,0.11456352463973989,0.025869531774592117,0.10882981939861561,0.02929832274653671,0.11456352344051288,0.025869530858453952,0.19678908911586893,-0.006659424331636883,1.0
lewidi_md,llama,16,GPP-rbf,4,64,0.6465366073018233,0.13036266252379225,0.284693924257441,0.3164180003389563,0.6732090284592738,0.6732090284592738,0.4516570270061493,0.16757342219352722,0.08014708657087113,-0.07322224458714427,0.08014708657087113,-0.07322224458714427,0.07648291879758294,-0.06920262980175194,0.07958121372207388,-0.07250073664706312,0.07648291879758294,-0.06920262980175194,0.07958121247082325,-0.07250073786929362,0.09169570751309825,-0.07889259233209212,1.0
lewidi_md,llama,16,GPP-laplace,4,64,0.6629973599114491,0.14252460347518467,0.3046666098807932,0.3448810364104525,0.6673209028459274,0.6673209028459274,0.43315961956977844,0.2482379823923111,-0.05053406676342456,-0.04101651186491169,-0.05053406676342456,-0.04101651186491169,-0.048995768872199405,-0.038679478520419315,-0.050412230899581925,-0.04058636190871264,-0.0489957688721994,-0.03867947852041933,-0.050412231332423875,-0.040586362749388434,-0.06434848416742273,-0.05049456984884934,-1.0
lewidi_md,llama,16,LPE,4,64,0.7148485553193417,0.13876972743990287,0.2875820337814143,0.2958055255590406,0.6594700686947988,0.6594700686947988,0.39513689279556274,0.11754386872053146,0.0803593441726588,0.017938565407721742,0.0803593441726588,0.017938565407721752,0.07913806284387387,0.020832796865872395,0.08053839276308689,0.018942333977862734,0.07913806284387387,0.020832796865872395,0.08053839225213036,0.018942332768080987,0.07618545083221392,0.02833025604668087,1.0
lewidi_md,llama,16,LP-temp,4,64,0.6769466413879166,0.14876748442431909,0.3178878540250436,0.353591125287218,0.6404972194962382,0.6404972194962382,0.690838025115059,,0.06241525580524333,,0.062415255805243326,,0.06180674685322195,,0.06265781765232815,,0.06180674685322195,,0.06265781731313755,,0.04513789209880926,,1.0
lewidi_md,llama,16,GPP-cosine,4,256,0.7015652648330496,0.13083175623369178,0.2760445154259522,0.30279537879562446,0.6804056264311417,0.6804056264311417,0.5539673566818237,0.004634253215044737,0.13683601111437496,0.027030449466906074,0.13683601111437496,0.027030449466906088,0.1288446146548829,0.032100053803732466,0.1353417022370341,0.028758579947860616,0.1288446146548829,0.032100053803732466,0.13534170080983887,0.028758578921036157,0.1985966063217921,0.043964125510114804,1.0
lewidi_md,llama,16,GPP-rbf,4,256,0.6550345668014247,0.11813995142408505,0.2563801074317069,0.2774108302126193,0.7072293097808309,0.7072293097808309,0.3756069540977478,0.10739758610725403,0.17954508078262266,0.05924278016873226,0.17954508078262266,0.05924278016873225,0.17323481672970614,0.05864369091592047,0.1788551081047663,0.05946646663768056,0.17323481672970614,0.05864369091592048,0.17885510382180214,0.05946646287262361,0.16878942901268087,0.0612644251017995,1.0
lewidi_md,llama,16,GPP-laplace,4,256,0.6777950060393684,0.1376616512467771,0.2925393341129264,0.29723374952990594,0.666993784756297,0.666993784756297,0.3644355833530426,0.2063887119293213,-0.07713257097842151,-0.07619924448646995,-0.07713257097842151,-0.07619924448646995,-0.07519943614351599,-0.07380930597451352,-0.07707286016636714,-0.0759941138506421,-0.07519943614351599,-0.07380930597451352,-0.07707286207033372,-0.0759941156441124,-0.08540704982141419,-0.08288320705161165,-1.0
lewidi_md,llama,16,LPE,4,256,0.7473282894682511,0.1276208535808213,0.25895389793869844,0.27380950584914315,0.7199869152764148,0.7199869152764148,0.2520091235637665,0.14692115783691406,0.18080520576225287,0.11220716768733205,0.18080520576225287,0.11220716768733202,0.17679001265433725,0.11127295632287404,0.1808223498611086,0.11269184806670221,0.17679001265433725,0.11127295632287404,0.1808223472289488,0.11269184505148312,0.17859858617651725,0.12184049665565913,1.0
lewidi_md,llama,16,LP-temp,4,256,0.6304598169071205,0.11801322737845468,0.2594291326399156,0.2902405673164336,0.6967615309126595,0.6967615309126595,0.5552295846736743,,0.1638230181656905,,0.1638230181656905,,0.16263578795538658,,0.1645844376899511,,0.16263578795538658,,0.16458443658044436,,0.1586219946522835,,1.0
lewidi_md,llama,16,GPP-cosine,4,1024,0.619534229388604,0.11599341934765507,0.26047205822242175,0.3053404924561389,0.7065750736015701,0.7065750736015701,0.5912277102470398,0.004398538265377283,0.17103614868358358,0.039715135837280126,0.17103614868358358,0.039715135837280126,0.16194495539814857,0.04602072081988683,0.1694415145852119,0.04190635691821688,0.1619449553981486,0.04602072081988684,0.1694415126318023,0.04190635599832391,0.211696625602158,0.027195138644751152,1.0
lewidi_md,llama,16,GPP-rbf,4,1024,0.5872604137203754,0.08870698914786852,0.20956624771143526,0.2504859360978376,0.7648020935557737,0.7648020935557737,0.36230412125587463,0.07336865365505219,0.32858124186978555,0.18634920081654877,0.32858124186978555,0.18634920081654877,0.3214607812256197,0.18502421527366458,0.32866609505413186,0.18722307632736443,0.3214607812256198,0.18502421527366458,0.3286660916355737,0.18722307286904577,0.3262150945128029,0.2073704398076009,1.0
lewidi_md,llama,16,GPP-laplace,4,1024,0.6316077390889995,0.12367508545597904,0.2742826423961468,0.3022401489110034,0.6676480209355578,0.6676480209355578,0.3843207061290741,0.2164131999015808,0.10261511795175216,0.07993141959487478,0.10261511795175214,0.07993141959487476,0.09422378567448839,0.07440998817609935,0.10076456421622665,0.07879883007161959,0.09422378567448841,0.07440998817609935,0.10076455891562026,0.07879882516838271,0.08150269910190064,0.05780890639122073,1.0
lewidi_md,llama,16,LPE,4,1024,0.7292305914172191,0.10316427734448154,0.22403612052032928,0.2547962173036322,0.7566241413150148,0.7566241413150148,0.11468063294887543,0.2579069435596466,0.2693633219872533,0.23161413438464057,0.2693633219872533,0.23161413438464054,0.26605581948280854,0.23083672358885649,0.27020276622339856,0.23296487605417443,0.26605581948280854,0.23083672358885649,0.27020276570112756,0.23296487496733492,0.2756104419083497,0.22915616496760655,1.0
lewidi_md,llama,16,LP-temp,4,1024,0.5788391337334796,0.10334498171310903,0.23922411406056027,0.2956416480562894,0.7445207719986915,0.7445207719986915,0.597999430492236,,0.24890706954014985,,0.24890706954014985,,0.24591157531274868,,0.24970127584533286,,0.2459115753127487,,0.24970127612210385,,0.24548144012576126,,1.0
lewidi_md,llama,32,GPP-cosine,0,16,0.761173948451479,0.1713091347659022,0.33953574956643023,0.30640907654584687,0.544978737324174,0.544978737324174,0.5615649819374084,0.037834879010915756,0.021242942898203408,-0.037511272725886884,0.021242942898203405,-0.03751127272588688,0.016901625080159834,-0.03395622798294279,0.020067294395741616,-0.03668641111259028,0.016901625080159834,-0.033956227982942795,0.02006729389258869,-0.036686410831100635,-0.006625597455031374,-0.051883828264607953,0.5
lewidi_md,llama,32,GPP-rbf,0,16,0.6705506460820924,0.14469643835421972,0.30932930998545594,0.34169258221380977,0.6267582597317631,0.6267582597317631,0.4756094515323639,0.19716915488243103,0.04788821800999883,-0.11781143943590491,0.04788821800999882,-0.11781143943590491,0.04140855415623927,-0.11330446033230188,0.04624439647011472,-0.11724719376041319,0.041408554156239286,-0.11330446033230188,0.046244396518899146,-0.11724719449128568,0.05417403547821238,-0.11967148068057748,0.5
lewidi_md,llama,32,GPP-laplace,0,16,0.6865347312395115,0.1527029069267052,0.32417261407222864,0.3553763952441731,0.6375531566895649,0.6375531566895649,0.4396083354949951,0.2530149519443512,-0.011370093737862286,0.0025158675732413448,-0.011370093737862281,0.0025158675732413517,-0.011719565237949005,0.002532644304485871,-0.011554375221063923,0.0025382155779470512,-0.011719565237949005,0.002532644304485871,-0.011554374769894196,0.002538215027427425,-0.009950753849001558,0.0012832814236925193,-1.0
lewidi_md,llama,32,LPE,0,16,0.6979369151217926,0.1516557345138976,0.3171350771075649,0.32858082295003677,0.5839057899901865,0.5839057899901865,0.5107657313346863,0.13067185878753662,-0.00991599021512273,-0.0005116572510060324,-0.009915990215122732,-0.0005116572510060341,-0.020229515982959096,-0.0005601403605353904,-0.0131227611464904,-0.0005299191535930135,-0.02022951598295909,-0.0005601403605353921,-0.013122761659084683,-0.0005299188330896553,-0.0199440935900195,0.004321739831839424,-0.5
lewidi_md,llama,32,LP-temp,0,16,0.7327343257065092,0.15816036095218036,0.3219758415714653,0.31718450414779853,0.5842329080798168,0.5842329080798168,0.5975197844052234,,-0.008757516871247224,,-0.008757516871247234,,-0.018103131884073993,,-0.011661774907434502,,-0.018103131884074,,-0.011661775237161671,,-0.017192171150631836,,-0.5
lewidi_md,llama,32,GPP-cosine,0,64,0.6413949341813732,0.12609818957738314,0.27824454108916274,0.3157793520840745,0.6754988550866863,0.6754988550866863,0.5932454466819763,0.022839447483420372,0.12835334789262237,0.022158932477866336,0.12835334789262237,0.022158932477866326,0.11482219787814332,0.01946847302920066,0.1251149385015167,0.02149198295139356,0.11482219787814334,0.01946847302920066,0.1251149372307242,0.021491982792481663,0.12508357901365671,0.007538952855056349,0.5
lewidi_md,llama,32,GPP-rbf,0,64,0.6394917311522842,0.12771295644148004,0.2808208967009751,0.31490341862493915,0.6686293752044488,0.6686293752044488,0.46101775765419006,0.15691770613193512,0.11074614849727663,-0.042241783804496204,0.1107461484972766,-0.0422417838044962,0.10029402890595568,-0.04115357367430823,0.10832414084839859,-0.042200097287407146,0.1002940289059557,-0.04115357367430823,0.10832413800301266,-0.04220009932422468,0.11968121860952767,-0.051011972149912994,0.5
lewidi_md,llama,32,GPP-laplace,0,64,0.6596608170717049,0.14104913977526642,0.3021093196935384,0.34333357743708326,0.666993784756297,0.666993784756297,0.43251582980155945,0.24702967703342438,-0.022235385476461256,-0.0232405378075191,-0.022235385476461256,-0.023240537807519102,-0.024918510235415206,-0.02323301387475052,-0.02320435366439652,-0.023397524092455123,-0.0249185102354152,-0.023233013874750512,-0.02320435459170642,-0.023397525135660686,-0.04726581200932303,-0.03924281017079497,-1.0
lewidi_md,llama,32,LPE,0,64,0.6952358620715472,0.13340124464697975,0.2810570077393612,0.29406620143852746,0.6617598953222114,0.6617598953222114,0.40474215149879456,0.10699433088302612,0.09002621661378588,0.0672595799941449,0.09002621661378586,0.0672595799941449,0.08205095751910155,0.0597893645424523,0.08821601391049526,0.06544705371175244,0.08205095751910155,0.05978936454245231,0.0882160112695866,0.0654470509612114,0.08403861305361535,0.060256114385034476,1.0
lewidi_md,llama,32,LP-temp,0,64,0.6544382887247475,0.13548175379733135,0.29334123484751395,0.32425304138660854,0.6375531566895649,0.6375531566895649,0.6406969375180989,,0.06212594426434511,,0.06212594426434511,,0.058700126782784995,,0.06150910517491103,,0.05870012678278501,,0.06150910351210706,,0.05777279160548866,,1.0
lewidi_md,llama,32,GPP-cosine,0,256,0.7343502282821606,0.13089722373088206,0.27251697777376716,0.28149651162127187,0.6571802420673863,0.6571802420673863,0.48208388686180115,0.009831954725086689,0.17538650891169327,0.034258077704193486,0.17538650891169327,0.03425807770419348,0.1610278907930001,0.030417715812834548,0.17221860419624033,0.03332408745746876,0.1610278907930001,0.030417715812834534,0.17221860320024784,0.0333240872226062,0.17681905566986936,0.10269586001842601,1.0
lewidi_md,llama,32,GPP-rbf,0,256,0.6371727564200353,0.11365694009161494,0.25103549500749106,0.28164434498743024,0.7242394504416094,0.7242394504416094,0.38990575075149536,0.11090461164712906,0.1876547843587686,0.07372426157462977,0.1876547843587686,0.07372426157462977,0.17700771083214256,0.06963865312034306,0.18570052823501115,0.07298610966707351,0.17700771083214256,0.06963865312034308,0.1857005234418034,0.0729861055265324,0.18411837480979107,0.07167833258722492,1.0
lewidi_md,llama,32,GPP-laplace,0,256,0.6548007974790409,0.13310557630357783,0.2889513057389406,0.3091562208468828,0.666993784756297,0.666993784756297,0.38979411125183105,0.22077862918376923,-0.03387003363841315,-0.034783813377301465,-0.03387003363841315,-0.034783813377301465,-0.03004926920227432,-0.03088179820473365,-0.032939348259367444,-0.03383466266741696,-0.030049269202274326,-0.03088179820473364,-0.032939351270316636,-0.033834665363827995,-0.04937822972277118,-0.045593652383722184,-0.5
lewidi_md,llama,32,LPE,0,256,0.7513014473810258,0.12713507242304023,0.25861797836510797,0.27552281117177757,0.7118089630356559,0.7118089630356559,0.25958359241485596,0.1433739960193634,0.1794177320096203,0.11923235467587415,0.1794177320096203,0.11923235467587413,0.16802976869772654,0.11034181603955012,0.1771815422770899,0.11734375689345489,0.16802976869772657,0.11034181603955015,0.17718153924941152,0.11734375364707958,0.17217448369273824,0.12181977105498037,1.0
lewidi_md,llama,32,LP-temp,0,256,0.6674654482200093,0.12391131728931667,0.26394080014497767,0.28347420512225563,0.6961072947333987,0.6961072947333987,0.5009603212858891,,0.14780455422431293,,0.14780455422431293,,0.13890670301787567,,0.1461095469286952,,0.1389067030178757,,0.1461095455163234,,0.12618679170916514,,1.0
lewidi_md,llama,32,GPP-cosine,0,1024,0.6415821773133721,0.10585088670901105,0.23745856295126047,0.2681887064449754,0.7206411514556755,0.7206411514556755,0.4895891547203064,0.005785180721431971,0.249026423636366,0.09003831493896693,0.249026423636366,0.09003831493896694,0.23585235841686109,0.08705209249080494,0.24672370704984461,0.08974655590363018,0.2358523584168611,0.08705209249080492,0.24672370481971964,0.08974655546220431,0.2518551419983841,0.16147317641521627,1.0
lewidi_md,llama,32,GPP-rbf,0,1024,0.5848407571982939,0.08743193784972503,0.2082245257165532,0.24177984792364093,0.774288518155054,0.774288518155054,0.34730061888694763,0.06995566189289093,0.3623940990157215,0.22114463544801577,0.3623940990157215,0.22114463544801574,0.3517768803469504,0.21928461298827046,0.3616464829076677,0.22209414426133137,0.3517768803469504,0.21928461298827043,0.3616464789602807,0.22209414055560794,0.3509958415826655,0.25049608772826565,1.0
lewidi_md,llama,32,GPP-laplace,0,1024,0.6252123516908732,0.1205140439420336,0.26924470485616714,0.2962047330658764,0.6705920837422309,0.6705920837422309,0.3785964548587799,0.21293650567531586,0.15866337661023505,0.138628858946141,0.15866337661023505,0.13862885894614096,0.14876784294531914,0.13053491873311956,0.15673915474600347,0.13711562901554475,0.14876784294531914,0.13053491873311956,0.1567391487841177,0.13711562341825984,0.13087427173437738,0.11626952551002387,1.0
lewidi_md,llama,32,LPE,0,1024,0.7194161237236071,0.09978758108184817,0.2178560070415669,0.24386300702934763,0.7644749754661433,0.7644749754661433,0.11301548779010773,0.23909549415111542,0.320010101001032,0.2837359693897705,0.320010101001032,0.2837359693897705,0.3137368354567027,0.28196656466316683,0.3202940478501904,0.28514201862231614,0.3137368354567028,0.28196656466316683,0.32029404688631835,0.28514201731205635,0.3274160666323644,0.28909037897761436,1.0
lewidi_md,llama,32,LP-temp,0,1024,0.567665834729189,0.09733827383931071,0.22785990912956702,0.2811837761604762,0.7553156689564933,0.7553156689564933,0.5772846096279296,,0.32134246785519494,,0.32134246785519494,,0.31582377326835614,,0.3218651916366674,,0.3158237732683562,,0.3218651917401176,,0.3204052700492278,,1.0
lewidi_md,llama,32,GPP-cosine,1,16,0.6384136685325731,0.12586193809492863,0.2769545537161824,0.3185058009858759,0.6849852796859667,0.6849852796859667,0.5894660949707031,0.03202484920620918,0.10961595569882084,0.01040920588636635,0.10961595569882082,0.010409205886366353,0.10118932308304152,0.010845801186726447,0.10780263804162382,0.010613417255977826,0.10118932308304152,0.010845801186726447,0.10780263640957558,0.01061341662816509,0.13987148520476803,-0.005322435605020825,1.0
lewidi_md,llama,32,GPP-rbf,1,16,0.677498469621047,0.13750902474902352,0.2920079442045152,0.2968828483872233,0.6666666666666666,0.6666666666666666,0.4000098407268524,0.17194098234176636,-0.0025375792840327603,-0.07139134640489675,-0.002537579284032753,-0.07139134640489675,-0.0027709300292310885,-0.06685639260896781,-0.0026259881071906085,-0.07050045263370674,-0.0027709300292310924,-0.06685639260896781,-0.002625989498283594,-0.07050045362448856,-0.00913749017872565,-0.0734714267373616,-1.0
lewidi_md,llama,32,GPP-laplace,1,16,0.6749728903724839,0.14794121057734744,0.3158402716802506,0.35272592897320465,0.666993784756297,0.666993784756297,0.4379284679889679,0.2520443797111511,-0.02725720458273776,-0.006487487526400205,-0.02725720458273776,-0.006487487526400208,-0.027306706497789712,-0.0057556521594263835,-0.02745907380639569,-0.006309222324023311,-0.027306706497789712,-0.0057556521594263835,-0.027459073727902513,-0.00630922298936477,-0.028039192717042753,-0.006962949710380071,-1.0
lewidi_md,llama,32,LPE,1,16,0.8467501182043506,0.163704818729185,0.309915713783406,0.28551932945680675,0.6643768400392541,0.6643768400392541,0.3190144896507263,0.05892764776945114,0.046606279347117516,0.006740118919430061,0.046606279347117516,0.0067401189194300605,0.0472245424167104,0.010810533686990371,0.047113851497494856,0.008025099340765021,0.0472245424167104,0.010810533686990361,0.04711385061365912,0.00802509869875695,0.04866084215872703,0.02686075978738172,1.0
lewidi_md,llama,32,LP-temp,1,16,0.6585124827130842,0.1341206531714007,0.28919488125287157,0.30964992028035715,0.6555446516192346,0.6555446516192346,0.6123638003463427,,0.04888703205681063,,0.048887032056810636,,0.0492904718932354,,0.04934485587191312,,0.049290471893235405,,0.04934485497094692,,0.0473970348489814,,1.0
lewidi_md,llama,32,GPP-cosine,1,64,1.3443378048260122,0.26480091221007845,0.4199537338651614,0.2835384921640427,0.49656526005888124,0.49656526005888124,0.2863563895225525,0.011667264625430107,0.1085984185655863,-0.008387061709868946,0.10859841856558627,-0.008387061709868941,0.09990473107230118,-0.005455879579630879,0.10669685200604247,-0.007552466979636633,0.09990473107230119,-0.005455879579630872,0.10669685244782282,-0.0075524668055033575,0.10747666707368506,0.05584991916479236,1.0
lewidi_md,llama,32,GPP-rbf,1,64,0.6580108412847903,0.13711963109419462,0.2934495445936772,0.32334223629687014,0.6326463853451095,0.6326463853451095,0.4766596853733063,0.1670559048652649,0.162574378816343,-0.02340529233806537,0.162574378816343,-0.02340529233806536,0.15367822430866548,-0.022828960065057517,0.16098111103581214,-0.023390296920473147,0.1536782243086655,-0.022828960065057524,0.16098110926393322,-0.023390298433532124,0.16661439303675368,-0.03582041220812061,1.0
lewidi_md,llama,32,GPP-laplace,1,64,0.6755716143212033,0.14823478572644988,0.31658248525596655,0.3535306363987643,0.6637226038599935,0.6637226038599935,0.4394684135913849,0.25128909945487976,0.02297143260341921,0.002483148666684313,0.02297143260341921,0.002483148666684306,0.021808365532175807,0.002943765999543789,0.022774897226747137,0.002640350648568837,0.02180836553217581,0.002943765999543796,0.022774896912579622,0.0026403497188549063,0.02314875988194717,0.0031366543991768908,1.0
lewidi_md,llama,32,LPE,1,64,0.7301079931134914,0.15150094130429165,0.3051847826700449,0.2965729257775401,0.6077854105332025,0.6077854105332025,0.4388291835784912,0.11584608256816864,0.11963772803058502,0.08158429620357953,0.119637728030585,0.08158429620357951,0.1098392875444018,0.07686450156710754,0.11747559805864369,0.08070700417412743,0.10983928754440181,0.07686450156710756,0.11747559670590393,0.08070700310427399,0.11033623638332304,0.08281380200982606,1.0
lewidi_md,llama,32,LP-temp,1,64,0.6780328454558491,0.14891141354004575,0.3163310825356754,0.3505238520220139,0.5924108603205758,0.5924108603205758,0.6875232946719623,,0.09536989393832931,,0.09536989393832931,,0.08593177382467515,,0.09315110711546803,,0.08593177382467516,,0.09315110604789305,,0.09393454487207334,,0.5
lewidi_md,llama,32,GPP-cosine,1,256,0.644997979800884,0.1134927879267217,0.2512949798799481,0.28232809483930976,0.7049394831534184,0.7049394831534184,0.5256308317184448,0.0115055525675416,0.20756917156362428,0.06819242274518945,0.20756917156362426,0.06819242274518944,0.1932037564472874,0.06480816809999128,0.20461975810063643,0.06762980871756617,0.1932037564472874,0.06480816809999126,0.20461975627689127,0.06762980835060464,0.2293914948568067,0.10062127222299871,1.0
lewidi_md,llama,32,GPP-rbf,1,256,0.6349105328379179,0.11287586493293847,0.2500468286625324,0.2794578149823611,0.7222767419038273,0.7222767419038273,0.3870457112789154,0.10857558250427246,0.18036298331976164,0.07632525096716856,0.18036298331976164,0.07632525096716855,0.1700627364755458,0.07333057401539278,0.17846430679864392,0.07593693812655297,0.1700627364755458,0.0733305740153928,0.1784643022144332,0.07593693424688415,0.1719357787363019,0.07496429707610389,1.0
lewidi_md,llama,32,GPP-laplace,1,256,0.6588996177563328,0.13359127858497047,0.2889019445311138,0.3053526977086324,0.666993784756297,0.666993784756297,0.38263484835624695,0.2165125161409378,-0.04277751799684804,-0.04257348414028982,-0.042777517996848036,-0.042573484140289816,-0.04330493921762921,-0.04238514717639965,-0.04323120345107922,-0.042807937809655375,-0.04330493921762921,-0.04238514717639966,-0.04323120628997352,-0.04280794034629484,-0.060557674955019826,-0.05732891799978332,-1.0
lewidi_md,llama,32,LPE,1,256,0.715204423060954,0.12126098002636782,0.25255606470435654,0.2719258268021079,0.714753025842329,0.714753025842329,0.25105178356170654,0.16030436754226685,0.1888301366063792,0.12872563466707238,0.1888301366063792,0.12872563466707238,0.1789472986324666,0.12324105306083903,0.18711652265275674,0.12793866503688464,0.1789472986324666,0.12324105306083903,0.1871165198461995,0.12793866222600214,0.18009182357036813,0.12811146491481612,1.0
lewidi_md,llama,32,LP-temp,1,256,0.6185471314637261,0.11611878709322168,0.25741189195322367,0.29353007853210283,0.703631010794897,0.703631010794897,0.5730371156461961,,0.17306486431298912,,0.17306486431298912,,0.1688087410323771,,0.17295563639099013,,0.1688087410323771,,0.17295563552033444,,0.14782233748304513,,1.0
lewidi_md,llama,32,GPP-cosine,1,1024,0.661919485181532,0.11658074141969935,0.25524309530545175,0.2778133481449219,0.6977428851815506,0.6977428851815506,0.5008969902992249,0.005861369892954826,0.21384136061006787,0.055373934872187766,0.21384136061006784,0.05537393487218776,0.20209017528512652,0.060461336181891895,0.21173054611021902,0.057301730201142945,0.20209017528512652,0.06046133618189191,0.21173054503114896,0.05730173035972262,0.20784484215706867,0.1268775350979802,1.0
lewidi_md,llama,32,GPP-rbf,1,1024,0.5870903320116786,0.0898658070080533,0.2106848611831659,0.24653725880052701,0.7621851488387308,0.7621851488387308,0.36370986700057983,0.07005510479211807,0.3317830637135736,0.2013290645923394,0.3317830637135736,0.2013290645923394,0.323685015220658,0.19906434105687154,0.3315923416180626,0.2020196033633452,0.323685015220658,0.19906434105687154,0.33159233791886245,0.20201959963201635,0.3249104692613695,0.225160482615301,1.0
lewidi_md,llama,32,GPP-laplace,1,1024,0.6277515990027871,0.12152332461101671,0.2704846259970602,0.2969880036547551,0.6689564932940791,0.6689564932940791,0.37924158573150635,0.21287240087985992,0.13881911669653874,0.11862868333584076,0.1388191166965387,0.11862868333584076,0.12990720365111466,0.11151595336592632,0.13705824925780893,0.11727700570938641,0.12990720365111466,0.11151595336592632,0.13705824324984764,0.11727700003218651,0.11858241456173717,0.09810331583130949,1.0
lewidi_md,llama,32,LPE,1,1024,0.7267342175050902,0.10678939927532037,0.22902428896618504,0.2565253804843276,0.745829244357213,0.745829244357213,0.12087586522102356,0.25115910172462463,0.24704472555719703,0.21826903001926604,0.247044725557197,0.21826903001926604,0.2415771161054799,0.2169063217673641,0.2470738062915726,0.21935018357191194,0.2415771161054799,0.21690632176736413,0.24707380563671735,0.2193501823381475,0.25244688921459096,0.2192687826613537,1.0
lewidi_md,llama,32,LP-temp,1,1024,0.5862415197608468,0.10610543685398133,0.2445231136353896,0.29538110686304203,0.7248936866208702,0.7248936866208702,0.5951655982138938,,0.24248274880677387,,0.24248274880677384,,0.23668699789927616,,0.2423806982092126,,0.23668699789927616,,0.24238069771533502,,0.2255076091431265,,1.0
lewidi_md,llama,32,GPP-cosine,2,16,0.7827897493133933,0.16038479943851203,0.31783241939494106,0.3103556262243649,0.558717697088649,0.558717697088649,0.5334736108779907,0.024955641478300095,0.07408668648529407,-0.04276424711313186,0.07408668648529405,-0.042764247113131856,0.07102806897190345,-0.0363883394819812,0.07366357228697867,-0.041116886194044855,0.07102806897190345,-0.0363883394819812,0.07366357223746625,-0.04111688541482259,0.10886016331430122,0.0005426034778686264,1.0
lewidi_md,llama,32,GPP-rbf,2,16,0.7084152376272005,0.14390178028458894,0.2967621230105676,0.2888907046758355,0.6679751390251881,0.6679751390251881,0.3778610825538635,0.15823474526405334,-0.016039556797409246,-0.07037474079489704,-0.01603955679740924,-0.07037474079489704,-0.011442457998143979,-0.06340294876248406,-0.014750403292629857,-0.06873525379456916,-0.011442457998143979,-0.06340294876248408,-0.014750403594671283,-0.06873525422103777,-0.019415358205454765,-0.0727176112102251,-0.5
lewidi_md,llama,32,GPP-laplace,2,16,0.6702810755459324,0.14577330608293923,0.31092658197573675,0.3490459941789002,0.6666666666666666,0.6666666666666666,0.4355911910533905,0.25060221552848816,-0.04012909796717454,-0.018102049967690485,-0.04012909796717454,-0.01810204996769048,-0.039431525269303096,-0.016678982054882028,-0.040191818810268246,-0.01779301436956201,-0.03943152526930309,-0.01667898205488203,-0.0401918186678483,-0.017793014884619974,-0.049828408052741725,-0.020082390911179984,-1.0
lewidi_md,llama,32,LPE,2,16,0.8626166218606042,0.16743832145901055,0.3113359394111592,0.28072111945611355,0.6686293752044488,0.6686293752044488,0.30205896496772766,0.0690552294254303,0.05796410810619067,0.04192183631345975,0.05796410810619067,0.04192183631345975,0.06050612569511416,0.04677153465630058,0.05913499413817935,0.04368509697580007,0.06050612569511417,0.04677153465630059,0.059134994281120665,0.04368509689062448,0.05962792963111053,0.043778666839207905,1.0
lewidi_md,llama,32,LP-temp,2,16,0.7459440227140286,0.14868567748827735,0.2973948497108979,0.2779566830220461,0.6647039581288845,0.6647039581288845,0.4775282015561097,,0.05559423626566916,,0.05559423626566916,,0.05742022907730814,,0.05653096607882031,,0.057420229077308156,,0.056530966000374445,,0.05450305460197146,,1.0
lewidi_md,llama,32,GPP-cosine,2,64,0.975178942383459,0.2026519145139639,0.362393322437144,0.2787775575212703,0.5220804710500491,0.5220804710500491,0.4047199785709381,0.013961340300738811,0.11100579493405024,0.001553551597983217,0.1110057949340502,0.0015535515979832257,0.10059627009189462,0.0004976605205557795,0.10859853000275771,0.0012428493415916723,0.10059627009189463,0.0004976605205557778,0.10859853014417661,0.0012428494420407814,0.10010150730338484,0.031081874152567676,0.5
lewidi_md,llama,32,GPP-rbf,2,64,0.6480468003623895,0.13417223547951615,0.29178118487983934,0.32981496779375113,0.6588158325155381,0.6588158325155381,0.48207107186317444,0.16783852875232697,0.08161725880134013,-0.07736208401342534,0.08161725880134013,-0.07736208401342534,0.0749011226115637,-0.07412553768791416,0.08013262715273947,-0.07690726658193855,0.07490112261156372,-0.07412553768791418,0.08013262590718567,-0.07690726779365585,0.08367047226063713,-0.08677405380932815,1.0
lewidi_md,llama,32,GPP-laplace,2,64,0.678258760147068,0.1493925137537203,0.3185180689911652,0.354478518550526,0.680732744520772,0.680732744520772,0.44011983275413513,0.2516056001186371,-0.002251116801593435,-0.009597017317098621,-0.002251116801593442,-0.009597017317098628,-0.002822933824297418,-0.009229132295633003,-0.0024405710364884745,-0.00955082734177351,-0.0028229338242974147,-0.009229132295633003,-0.002440571184130446,-0.009550828185059906,-0.0019577690819870563,-0.010480542364203467,-0.5
lewidi_md,llama,32,LPE,2,64,0.7027986531403997,0.14248218391677725,0.29605718623772664,0.3038710787487037,0.6365718024206739,0.6365718024206739,0.44109752774238586,0.11451651155948639,0.061377700044273585,-0.0014299253481365598,0.061377700044273585,-0.001429925348136559,0.05413941249939467,-0.006314981546077734,0.05959544784997238,-0.002926440561692868,0.05413941249939468,-0.0063149815460777385,0.05959544711096166,-0.0029264417447028464,0.04724699513273471,0.0034424478745325184,0.5
lewidi_md,llama,32,LP-temp,2,64,0.6692860113572073,0.14532587808384428,0.31109384924235256,0.3492745332466096,0.6218514883873079,0.6218514883873079,0.685768258480118,,0.06061777731672926,,0.06061777731672924,,0.049555292127303814,,0.05766646281455341,,0.0495552921273038,,0.05766646225165262,,0.03722372289525914,,0.5
lewidi_md,llama,32,GPP-cosine,2,256,0.6808758763409448,0.1155064497801874,0.24911392544474606,0.27572379378768236,0.7144259077526988,0.7144259077526988,0.48934781551361084,0.009803375229239464,0.2207873322887687,0.08629944973510954,0.2207873322887687,0.08629944973510954,0.2081114695633683,0.08435239679159,0.21844270530857202,0.0862983271485631,0.20811146956336835,0.08435239679159001,0.21844270295475832,0.08629832518331974,0.24398321360938618,0.15272017386348438,1.0
lewidi_md,llama,32,GPP-rbf,2,256,0.6604125064857531,0.1171673311993519,0.25481307462691327,0.2722778919092264,0.7088649002289826,0.7088649002289826,0.35653531551361084,0.10022172331809998,0.20076659086789106,0.09143227430003513,0.20076659086789106,0.09143227430003514,0.19118853761680474,0.089111246274617,0.19922753992840242,0.09135251350660045,0.19118853761680477,0.089111246274617,0.19922753456199319,0.09135250882806872,0.18818794015148013,0.09302668745898565,1.0
lewidi_md,llama,32,GPP-laplace,2,256,0.675411781455464,0.13651283623914992,0.29021125387231,0.2943210160924313,0.666993784756297,0.666993784756297,0.36296412348747253,0.2052621692419052,-0.03802131229543018,-0.03890752264040645,-0.03802131229543018,-0.03890752264040644,-0.03611638281250152,-0.03663067792829808,-0.03770214137307256,-0.03848123676703724,-0.03611638281250153,-0.036630677928298085,-0.03770214350847417,-0.03848123873805279,-0.05586276044350593,-0.05541458323922892,-1.0
lewidi_md,llama,32,LPE,2,256,0.7488867882085228,0.12269217097391431,0.25107143824296796,0.2659075733912146,0.7235852142623487,0.7235852142623487,0.22591865062713623,0.1502835750579834,0.22011470585798187,0.15554121646030722,0.22011470585798187,0.15554121646030722,0.21079018669128116,0.1490561256260141,0.21878541522902045,0.1546335296157233,0.2107901866912812,0.1490561256260141,0.21878541087456954,0.1546335250571977,0.21452199795199312,0.1619462916156113,1.0
lewidi_md,llama,32,LP-temp,2,256,0.6100029625023549,0.11307521783369046,0.25302332827752566,0.29430249054334057,0.7140987896630684,0.7140987896630684,0.5826756512343225,,0.19976339698122936,,0.19976339698122936,,0.19212591178147886,,0.19880806222442834,,0.19212591178147886,,0.19880806016424038,,0.1878037507937605,,1.0
lewidi_md,llama,32,GPP-cosine,2,1024,0.6389553975839346,0.11223485436040027,0.2494086582724728,0.28797292062480734,0.7255479228001308,0.7255479228001308,0.5272085666656494,0.0062467618845403194,0.1676005399471011,0.04486128192651043,0.1676005399471011,0.044861281926510434,0.15719388007555568,0.03979856432557172,0.1655820119350098,0.04362794832662967,0.15719388007555568,0.03979856432557173,0.16558200952721921,0.04362794777593036,0.18046168433612467,0.08300636715167567,1.0
lewidi_md,llama,32,GPP-rbf,2,1024,0.5709141769561364,0.08490977155816593,0.20272797023282516,0.24276028942114425,0.7854105332024861,0.7854105332024861,0.3652748167514801,0.0718781128525734,0.35767625388805085,0.21929963774740385,0.3576762538880508,0.21929963774740385,0.3492465475934132,0.2161297838833635,0.357562050969289,0.21983786870871524,0.3492465475934132,0.2161297838833635,0.3575620477824186,0.21983786554247248,0.34846373435223643,0.24558599914221396,1.0
lewidi_md,llama,32,GPP-laplace,2,1024,0.6228626961578934,0.12093175261738899,0.27054873192216744,0.3035812210277027,0.6702649656526006,0.6702649656526006,0.3881430923938751,0.21826036274433136,0.12829326430800903,0.1086979775748618,0.12829326430800903,0.10869797757486181,0.12046306376732308,0.10346415399756989,0.12678946706554695,0.10785006647043041,0.12046306376732308,0.10346415399756989,0.12678946073946867,0.10785006066084668,0.1019928865348375,0.08708351143341307,1.0
lewidi_md,llama,32,LPE,2,1024,0.7149761292029785,0.10303156949183516,0.2246405708157886,0.2509381227508293,0.7549885508668629,0.7549885508668629,0.11364754289388657,0.25712519884109497,0.27138077778589814,0.25116782930639653,0.27138077778589814,0.2511678293063965,0.26190460137589594,0.2427354185858724,0.2703566774744345,0.2503228611780722,0.261904601375896,0.2427354185858724,0.27035667689833637,0.25032285995056214,0.27693865614264385,0.24094542918421988,1.0
lewidi_md,llama,32,LP-temp,2,1024,0.5831044274784126,0.10660080138344963,0.24574326268308538,0.30407593519422815,0.7484461890742558,0.7484461890742558,0.6172264589433781,,0.2608607038558956,,0.26086070385589555,,0.24936814917236758,,0.25915084204662103,,0.24936814917236758,,0.2591508418567383,,0.2381377643054746,,1.0
lewidi_md,llama,32,GPP-cosine,3,16,1.4929847400407663,0.3023615148600022,0.45541285313874696,0.298799532129672,0.4792280013084724,0.4792280013084724,0.23036713898181915,0.01513499952852726,0.043964366279016266,-0.003731888283234697,0.04396436627901627,-0.0037318882832347,0.0381885507690998,-0.0056079005456562,0.04250786194259647,-0.004328408884044101,0.0381885507690998,-0.0056079005456562,0.04250786275078336,-0.004328408487395226,0.0668396729221608,0.04107749216701199,0.5
lewidi_md,llama,32,GPP-rbf,3,16,0.6548329559014636,0.13617728214028574,0.2945748044456342,0.3263988856369134,0.6591429506051685,0.6591429506051685,0.4685637652873993,0.177064448595047,0.052222884150279154,-0.0846610064505523,0.05222288415027916,-0.08466100645055229,0.04683040078093628,-0.08068487141541045,0.050939641630909,-0.08403112523603314,0.04683040078093628,-0.08068487141541045,0.05093964001620775,-0.08403112656837136,0.06433524470498866,-0.0871637327184509,0.5
lewidi_md,llama,32,GPP-laplace,3,16,0.6847270538593601,0.15197671391092998,0.32284039107118123,0.35515482137875015,0.6483480536473667,0.6483480536473667,0.4397743344306946,0.2526274025440216,-0.004748539382739437,0.005799205914519431,-0.00474853938273944,0.005799205914519434,-0.005426191242705254,0.005256711021273919,-0.004987319108410285,0.005673847439180084,-0.0054261912427052555,0.005256711021273917,-0.004987318772229642,0.005673846856861727,-0.002971134198204524,0.004779640182591989,-1.0
lewidi_md,llama,32,LPE,3,16,0.6776872070410216,0.1434618364637104,0.30438940240802,0.32359811547145145,0.6084396467124632,0.6084396467124632,0.4757694900035858,0.1576632559299469,0.04012930954295062,0.015431906880682768,0.04012930954295062,0.015431906880682775,0.030201584893784526,0.014963701037050917,0.03738293231132584,0.015395174004528733,0.03020158489378453,0.014963701037050922,0.03738293164000135,0.01539517218724814,0.017142047490669627,0.017779369804200754,0.5
lewidi_md,llama,32,LP-temp,3,16,0.6836605155687123,0.14693641188935347,0.31009459001673473,0.3283818993493966,0.5969905135754007,0.5969905135754007,0.6454064684769993,,0.036987510888220373,,0.03698751088822037,,0.02833165081609939,,0.034606680320485445,,0.02833165081609939,,0.034606679174083305,,0.01885461556486799,,0.5
lewidi_md,llama,32,GPP-cosine,3,64,1.190265489729589,0.23549896741610862,0.3911775511671373,0.2832515229416381,0.5233889434085705,0.5233889434085705,0.30023154616355896,0.010012046433985233,0.08418088336546171,0.030511961151186647,0.08418088336546171,0.030511961151186637,0.07582667624500526,0.025239754245044477,0.0822152915628075,0.02911653041537093,0.07582667624500528,0.025239754245044474,0.08221529256457177,0.029116529845250073,0.06824814010536324,0.09363646902534928,0.5
lewidi_md,llama,32,GPP-rbf,3,64,0.6799148151368767,0.1320769585284095,0.2803417235999169,0.28519132155716886,0.6722276741903828,0.6722276741903828,0.3906360864639282,0.12930557131767273,0.12743536189100327,0.00620698205782515,0.12743536189100327,0.006206982057825147,0.11300483969090618,0.0030051341765798753,0.1239169467462667,0.00527507215440331,0.1130048396909062,0.003005134176579877,0.123916943466373,0.005275069649490933,0.11749490407742512,0.003286930708401769,0.5
lewidi_md,llama,32,GPP-laplace,3,64,0.6558617862741997,0.13625529432148653,0.29484635456484987,0.3239738678607105,0.666993784756297,0.666993784756297,0.4089171886444092,0.23326894640922546,-0.04692290538599419,-0.04430338254026558,-0.04692290538599418,-0.04430338254026558,-0.04693745716695563,-0.043489641690341044,-0.047248914321492703,-0.04435935676631433,-0.04693745716695564,-0.04348964169034107,-0.04724891547945214,-0.04435935791260742,-0.07869354445518126,-0.06526524055631058,-1.0
lewidi_md,llama,32,LPE,3,64,0.8045880402993152,0.1479193305283811,0.28791000686972357,0.2787367506749189,0.6686293752044488,0.6686293752044488,0.31574758887290955,0.07026662677526474,0.13969333075078266,0.08465611871420485,0.13969333075078266,0.08465611871420484,0.12712242996682227,0.07284577193669042,0.13682488025064116,0.08164194417654808,0.1271224299668223,0.07284577193669042,0.13682487711172753,0.08164194112860336,0.13050784342258748,0.09848389902964019,0.5
lewidi_md,llama,32,LP-temp,3,64,0.6345993532798029,0.12764839294222324,0.28045575256254407,0.3200707181484795,0.6719005561007524,0.6719005561007524,0.63792321972456,,0.1295581636226419,,0.1295581636226419,,0.11896923794046221,,0.12722344627015988,,0.11896923794046221,,0.12722344396039575,,0.1259012125140671,,1.0
lewidi_md,llama,32,GPP-cosine,3,256,0.66852442759956,0.11903517100751224,0.25963584752726676,0.28848088899924396,0.6961072947333987,0.6961072947333987,0.5218024849891663,0.011661036871373653,0.16838270127479005,0.05182056026242771,0.16838270127479005,0.05182056026242771,0.16131614451357015,0.05316231630484518,0.1673860589075354,0.052584055299579824,0.16131614451357018,0.05316231630484518,0.16738605820057706,0.05258405545536894,0.16992607027279902,0.11232267774042297,1.0
lewidi_md,llama,32,GPP-rbf,3,256,0.6347847626204142,0.11618168339761652,0.2562078388609202,0.2853474722619101,0.7042852469741576,0.7042852469741576,0.41136473417282104,0.11766786128282547,0.1775775615622795,0.054379416742156836,0.17757756156227952,0.05437941674215684,0.16854164785592576,0.05259388129531887,0.17604458197528886,0.05420869035681814,0.16854164785592576,0.052593881295318876,0.1760445792071279,0.054208687872608304,0.17052890810820498,0.048270115136698724,1.0
lewidi_md,llama,32,GPP-laplace,3,256,0.649899763332967,0.13351621667856023,0.29073806642013944,0.3206675685709797,0.666993784756297,0.666993784756297,0.4060850143432617,0.23031964898109436,-0.023773820153392383,-0.02930789719407284,-0.023773820153392387,-0.029307897194072834,-0.022245621768450127,-0.027124005144290027,-0.02347165996990455,-0.02884411065391368,-0.022245621768450127,-0.02712400514429003,-0.023471662135989196,-0.028844112608572194,-0.0506268816556112,-0.05188163329974049,-1.0
lewidi_md,llama,32,LPE,3,256,0.741586092316498,0.13090762769119021,0.2663985369448272,0.2765330799708741,0.6938174681059862,0.6938174681059862,0.26269495487213135,0.170341357588768,0.17117256177796336,0.10923004344620675,0.17117256177796336,0.10923004344620674,0.16316211168745942,0.10389557244247616,0.1699077753775015,0.10835514780446281,0.16316211168745945,0.10389557244247616,0.16990777392748702,0.10835514643866927,0.16355126453327395,0.10492067837634411,1.0
lewidi_md,llama,32,LP-temp,3,256,0.6358973331126051,0.12618267826386337,0.27580217915892585,0.3088051704102868,0.6784429178933595,0.6784429178933595,0.6168655380093712,,0.16800936449365916,,0.16800936449365916,,0.15868337708077954,,0.1663225295894042,,0.15868337708077956,,0.16632252923534485,,0.13408127679725293,,1.0
lewidi_md,llama,32,GPP-cosine,3,1024,0.640736821130393,0.11029660786689477,0.2450081344934051,0.27243255311858267,0.7085377821393523,0.7085377821393523,0.5179693102836609,0.00649285176768899,0.2535989337732961,0.08285759530601106,0.2535989337732961,0.08285759530601106,0.2404694577204286,0.08280391007960403,0.2513411245554261,0.0834091109230475,0.2404694577204286,0.08280391007960404,0.25134112264809694,0.08340910996051623,0.26312370758279446,0.14143696170378453,1.0
lewidi_md,llama,32,GPP-rbf,3,1024,0.5938788981649299,0.09134851220680536,0.21377675991367454,0.24833144879340152,0.7625122669283612,0.7625122669283612,0.36115822196006775,0.07096116244792938,0.3219416435252257,0.1866946894819898,0.3219416435252257,0.1866946894819898,0.3129015366716336,0.18409011211492216,0.3213967689499209,0.1871815024624104,0.3129015366716337,0.18409011211492216,0.32139676479332696,0.18718149863377254,0.31468339222585057,0.20864325791641183,1.0
lewidi_md,llama,32,GPP-laplace,3,1024,0.6333760109543959,0.12294265671189211,0.2720308446422546,0.2942189749529413,0.6679751390251881,0.6679751390251881,0.37368226051330566,0.20984286069869995,0.11351058098103332,0.09455549927253738,0.11351058098103332,0.0945554992725374,0.10796120709911966,0.09074606275303371,0.11259961803968796,0.09404416166252494,0.10796120709911967,0.09074606275303371,0.11259961215180839,0.09404415625450749,0.09738530937176783,0.07769599972063884,1.0
lewidi_md,llama,32,LPE,3,1024,0.6740477368761437,0.09993707974203984,0.22135608652296832,0.2497838932880002,0.7540071965979719,0.7540071965979719,0.11335688829421997,0.2803970277309418,0.29501288159833405,0.25013193263678124,0.29501288159833405,0.25013193263678124,0.2831213633642957,0.2448085382058751,0.2934156571068297,0.2502260614807158,0.2831213633642957,0.2448085382058751,0.2934156552830321,0.25022605910780144,0.2950897957840657,0.2442866649779803,1.0
lewidi_md,llama,32,LP-temp,3,1024,0.5863044754379225,0.10906142299652136,0.24916492898813905,0.3114752383745205,0.746810598626104,0.746810598626104,0.6345644751241941,,0.28428073129453424,,0.28428073129453424,,0.2721758576286191,,0.28254502287688366,,0.2721758576286191,,0.28254502179380625,,0.2703696189427992,,1.0
lewidi_md,llama,32,GPP-cosine,4,16,1.7663216587602721,0.33350400691908805,0.47218248760297754,0.31481282652949766,0.4844618907425581,0.4844618907425581,0.14376144111156464,0.013202163390815258,0.01903565559601153,0.009656659548392097,0.019035655596011523,0.009656659548392099,0.01585535739773833,0.009973350794213912,0.018198223818720966,0.009819221899901073,0.015855357397738332,0.009973350794213916,0.018198224877693438,0.009819221794798778,0.06533252221018733,0.056796897196970134,0.5
lewidi_md,llama,32,GPP-rbf,4,16,0.6718412384139876,0.1367542119294036,0.2922904636804715,0.3022944999262634,0.666012430487406,0.666012430487406,0.4290185570716858,0.15935488045215607,0.0404204909608977,-0.07286588425488918,0.0404204909608977,-0.07286588425488918,0.03514655891428915,-0.07027136712606377,0.03909244206460506,-0.07257564750506221,0.03514655891428915,-0.07027136712606377,0.03909244197259398,-0.07257564816534205,0.03557101139444592,-0.07993127537141684,0.5
lewidi_md,llama,32,GPP-laplace,4,16,0.6699725833734693,0.14575023625099034,0.3116640346426374,0.35027690045101184,0.6666666666666666,0.6666666666666666,0.43675950169563293,0.2507406175136566,-0.015659237231396405,-0.006150025488407516,-0.01565923723139641,-0.006150025488407516,-0.017310924192937182,-0.005910756435594938,-0.016269229381642155,-0.006119354901715085,-0.017310924192937185,-0.005910756435594931,-0.016269229153603383,-0.006119355422159314,-0.023586793253217084,-0.009757783367233597,-1.0
lewidi_md,llama,32,LPE,4,16,0.7478077960398198,0.1480192709015845,0.2972705152828952,0.2840939944549772,0.6620870134118417,0.6620870134118417,0.4014773964881897,0.07811465114355087,0.05062960267785849,0.04874975535230057,0.05062960267785849,0.04874975535230057,0.0435256007530595,0.0432690860041668,0.048814558158657526,0.047415871705999285,0.0435256007530595,0.0432690860041668,0.04881455793415651,0.0474158719683954,0.04847121154326073,0.0320398345586015,0.5
lewidi_md,llama,32,LP-temp,4,16,0.7342950737767937,0.14718749239912274,0.2997917026935955,0.2935474471425012,0.6473666993784757,0.6473666993784757,0.5133162042366008,,0.03994332561925937,,0.03994332561925937,,0.033752820113810714,,0.0383330570521861,,0.033752820113810714,,0.03833305706813361,,0.039872918012990435,,0.5
lewidi_md,llama,32,GPP-cosine,4,64,0.6555311577253133,0.12450070259088769,0.271241876681149,0.3004499284060034,0.6768073274452078,0.6768073274452078,0.5599390268325806,0.018470212817192078,0.1637585329801617,0.04823804827013893,0.1637585329801617,0.048238048270138924,0.1546805758123893,0.05037369385699924,0.16211805092719533,0.04921860293089045,0.1546805758123893,0.050373693856999247,0.16211804992638257,0.04921860232696158,0.19147065457000795,0.046755130352395036,1.0
lewidi_md,llama,32,GPP-rbf,4,64,0.6454201193629018,0.13015882368157194,0.2842882618339751,0.31619953388339167,0.6732090284592738,0.6732090284592738,0.4554296135902405,0.1667443960905075,0.1021592941024048,-0.046422743871909526,0.10215929410240479,-0.04642274387190953,0.09784440378601848,-0.04242181773134255,0.10154623860865379,-0.04552325660293595,0.09784440378601848,-0.042421817731342557,0.10154623757851963,-0.04552325754052709,0.10754642324960777,-0.05584208971089633,1.0
lewidi_md,llama,32,GPP-laplace,4,64,0.6634838256031922,0.14273892184795947,0.305089659399073,0.34524607688907477,0.6676480209355578,0.6676480209355578,0.433556467294693,0.24828985333442688,-0.03493525977643917,-0.02674807786126332,-0.03493525977643918,-0.026748077861263313,-0.03382882701877987,-0.024689783441479103,-0.034837953047448814,-0.02630497223572801,-0.03382882701877987,-0.024689783441479103,-0.034837953432546295,-0.026304973000671774,-0.04603489226273056,-0.03258924326459313,-1.0
lewidi_md,llama,32,LPE,4,64,0.7117691411467018,0.1382665539255621,0.2868433377452196,0.29523713092698883,0.6581615963362774,0.6581615963362774,0.3973354697227478,0.11831355839967728,0.0893152050635287,0.04686234958611003,0.0893152050635287,0.04686234958611002,0.083926258004299,0.04532485683548701,0.08828724635788089,0.04671559510459416,0.083926258004299,0.04532485683548701,0.08828724611191091,0.04671559392890945,0.08497693784452946,0.045812031214821074,1.0
lewidi_md,llama,32,LP-temp,4,64,0.6824243644827479,0.15102399791912746,0.3219322278303847,0.3547992524498317,0.628393850179915,0.628393850179915,0.6920461522776726,,0.05653020198043176,,0.05653020198043176,,0.05721014715510575,,0.05712455879043124,,0.057210147155105744,,0.05712455952772348,,0.06362498386431065,,1.0
lewidi_md,llama,32,GPP-cosine,4,256,0.6782198012103701,0.11696844788287264,0.25124191093654835,0.277879035922511,0.7052666012430487,0.7052666012430487,0.5032690763473511,0.010073314420878887,0.20966313125884478,0.06883143634870005,0.20966313125884478,0.06883143634870005,0.19946209974525314,0.06880870916821213,0.20799545477216275,0.06929624719751049,0.19946209974525317,0.06880870916821213,0.2079954525865372,0.06929624592199521,0.24236379347002787,0.14732909725092816,1.0
lewidi_md,llama,32,GPP-rbf,4,256,0.6559479801556952,0.1185029448570294,0.2572906781211898,0.2794894126992744,0.7144259077526988,0.7144259077526988,0.3785589933395386,0.10606934130191803,0.16165852342261128,0.06042406259567684,0.16165852342261128,0.06042406259567684,0.15326574765310313,0.060010155623083955,0.16021217695871315,0.06071220311221462,0.15326574765310316,0.06001015562308395,0.16021217268162424,0.06071219934393092,0.151216312560438,0.061407910430914245,1.0
lewidi_md,llama,32,GPP-laplace,4,256,0.6720445220114674,0.1362635749406354,0.2907155362677742,0.2977909007181423,0.666993784756297,0.666993784756297,0.36927303671836853,0.20888786017894745,-0.052914722585542945,-0.05221810637585186,-0.05291472258554296,-0.05221810637585186,-0.05041418189913734,-0.0493823671738633,-0.05251635378880106,-0.05171294926962386,-0.05041418189913736,-0.04938236717386331,-0.05251635585426974,-0.05171295115628981,-0.06377970781441332,-0.06189828596622214,-1.0
lewidi_md,llama,32,LPE,4,256,0.7589606970592084,0.1288192861506555,0.26175261189923427,0.2750515402861173,0.7098462544978738,0.7098462544978738,0.2536126375198364,0.1397593468427658,0.17088010368357986,0.11745495781859036,0.17088010368357986,0.11745495781859036,0.1644628871667276,0.11210354972065947,0.17009819681473543,0.11663127597097822,0.16446288716672763,0.11210354972065949,0.17009819369499424,0.11663127230026438,0.1644838282949145,0.12321593807790295,1.0
lewidi_md,llama,32,LP-temp,4,256,0.6483301941505311,0.12205116346062805,0.26654712076322506,0.29052156003047536,0.6879293424926398,0.6879293424926398,0.536267110334988,,0.13995034518309138,,0.13995034518309135,,0.13396368109790585,,0.1390874991863459,,0.1339636810979059,,0.13908749730731534,,0.12114499857179183,,1.0
lewidi_md,llama,32,GPP-cosine,4,1024,0.6233134094878683,0.10794063226038629,0.2443751395457474,0.2813729707602802,0.7180242067386327,0.7180242067386327,0.5239401459693909,0.006607973016798496,0.21017589056537478,0.05829432344165725,0.21017589056537475,0.05829432344165726,0.19575677474759046,0.058946855929270625,0.20722799868167982,0.05889242767453984,0.19575677474759046,0.058946855929270625,0.20722799643066397,0.05889242751204398,0.22596791958286627,0.10978117370072261,1.0
lewidi_md,llama,32,GPP-rbf,4,1024,0.583267632947606,0.08788531048009426,0.20734513718850767,0.24854383098741895,0.7723258096172718,0.7723258096172718,0.36407339572906494,0.07290598750114441,0.3322280642967855,0.1945806300469143,0.3322280642967855,0.1945806300469143,0.3239181786146018,0.19242151471886626,0.33197592153976624,0.19525706001266138,0.3239181786146018,0.19242151471886626,0.3319759183791314,0.19525705669188786,0.3270998154164634,0.21181064689782766,1.0
lewidi_md,llama,32,GPP-laplace,4,1024,0.626202649329257,0.12183837978186761,0.2717895025389234,0.30260990191162673,0.6699378475629703,0.6699378475629703,0.3857441842556,0.2168399542570114,0.11675757192881786,0.09644127533489383,0.11675757192881785,0.09644127533489383,0.10869888534936137,0.09093468571610269,0.1151051789444153,0.09542635098533184,0.10869888534936138,0.0909346857161027,0.11510517315230231,0.09542634562037353,0.09636893988445572,0.0749862871771445,1.0
lewidi_md,llama,32,LPE,4,1024,0.7238658359210794,0.10371731130312464,0.2239754465210039,0.25577927677856027,0.765129211645404,0.765129211645404,0.114048533141613,0.2555273771286011,0.2713786191402998,0.2208589466760525,0.2713786191402998,0.2208589466760525,0.26849911164879825,0.22308723752763437,0.27236213073713245,0.22305073265105124,0.26849911164879825,0.22308723752763443,0.2723621312372514,0.22305073285451454,0.28046253819945716,0.22235495441787873,1.0
lewidi_md,llama,32,LP-temp,4,1024,0.5777458339937017,0.10404188156303376,0.24033299594427848,0.30004407552021134,0.7546614327772326,0.7546614327772326,0.6107428069880704,,0.25774943575680376,,0.2577494357568037,,0.25286686457728436,,0.25802993011750663,,0.2528668645772844,,0.25802993079325814,,0.25712484166791705,,1.0
lewidi_md,llama,48,GPP-cosine,0,16,0.9072936925118498,0.20673605868289863,0.37628533050342805,0.30293578133258964,0.517500817795224,0.517500817795224,0.47317588329315186,0.05388764292001724,-0.0096496921016173,-0.04111903406262303,-0.00964969210161731,-0.04111903406262302,-0.013948203524354257,-0.04055871647783424,-0.011024031732736575,-0.04123031145669373,-0.013948203524354259,-0.04055871647783424,-0.011024032138757757,-0.041230310993540284,-0.0195147394979102,-0.04323802394795689,-0.5
lewidi_md,llama,48,GPP-rbf,0,16,0.6708223709587383,0.14500062485896067,0.30970916593380915,0.34260364622827494,0.6231599607458292,0.6231599607458292,0.48154303431510925,0.19314107298851013,0.0389155567714519,-0.1129344337312253,0.0389155567714519,-0.1129344337312253,0.036537425991882894,-0.10704456725040898,0.03845850061121295,-0.11191589690082426,0.0365374259918829,-0.10704456725040898,0.03845850096661271,-0.1119158977797173,0.045843500137443996,-0.11082811044467059,1.0
lewidi_md,llama,48,GPP-laplace,0,16,0.6863981412137119,0.15264854252266566,0.3240737311071651,0.3553508333251409,0.6414785737651292,0.6414785737651292,0.43965545296669006,0.25294229388237,-0.012560440041919568,0.0007862853025492889,-0.012560440041919564,0.0007862853025492923,-0.012577837185417988,0.0010521509329756186,-0.01265181608173471,0.0008725874146201483,-0.012577837185417988,0.0010521509329756186,-0.012651815580375026,0.0008725868494456474,-0.011886446776935726,-0.0005832566257227165,-1.0
lewidi_md,llama,48,LPE,0,16,0.6861768377686935,0.14689970824683132,0.31110192985585555,0.3272796739879325,0.6061498200850507,0.6061498200850507,0.5095860362052917,0.1279253214597702,-0.028699653301933387,-0.03633650490720135,-0.028699653301933394,-0.03633650490720134,-0.030104205086723887,-0.036636326488439536,-0.029323803322246333,-0.036676780132083364,-0.030104205086723883,-0.03663632648843954,-0.0293238037227296,-0.03667677905078923,-0.023249642127311707,-0.0415788800093785,-1.0
lewidi_md,llama,48,LP-temp,0,16,0.6850577896659585,0.1516540114638124,0.3210606799858051,0.3508316887521278,0.5652600588812562,0.5652600588812562,0.6876206812700789,,-0.03434727747591549,,-0.03434727747591548,,-0.034688936866524855,,-0.03468665267638132,,-0.034688936866524855,,-0.03468665293087142,,-0.02028725296799253,,-1.0
lewidi_md,llama,48,GPP-cosine,0,64,0.7054755162957187,0.13110489424588512,0.2749153009113748,0.29181188948441233,0.6633954857703631,0.6633954857703631,0.4802451729774475,0.03305773437023163,0.117864055414939,0.03984909650655789,0.117864055414939,0.03984909650655789,0.11054005241151038,0.03682125329161848,0.11644283878440966,0.03920070510770153,0.11054005241151038,0.036821253291618485,0.11644283757179447,0.039200704867359,0.07492817872667082,0.09624617900106804,1.0
lewidi_md,llama,48,GPP-rbf,0,64,0.638048356388002,0.12607418367418172,0.27738901471617394,0.31094322421244286,0.6830225711481845,0.6830225711481845,0.45927923917770386,0.14978867769241333,0.10595054638318316,-0.034224777618865714,0.10595054638318316,-0.034224777618865714,0.09788393697715038,-0.0311273789239598,0.10422167757413504,-0.0335166721773497,0.0978839369771504,-0.0311273789239598,0.10422167577756895,-0.033516673647517904,0.11226762113350332,-0.03743844632356936,1.0
lewidi_md,llama,48,GPP-laplace,0,64,0.6597876537741967,0.14108213938814718,0.3024727010774698,0.34357429373714493,0.6666666666666666,0.6666666666666666,0.43292632699012756,0.2465309053659439,-0.011586619591081593,-0.02204603041618416,-0.01158661959108159,-0.022046030416184165,-0.014067646470020925,-0.022210490426632312,-0.012421101434869913,-0.02224717179594691,-0.014067646470020932,-0.02221049042663232,-0.0124211022063653,-0.022247172723222554,-0.02702845900178752,-0.03015680608810839,-1.0
lewidi_md,llama,48,LPE,0,64,0.7063260799298503,0.13305495526842204,0.277414016684945,0.2903681964558495,0.6741903827281649,0.6741903827281649,0.4049067795276642,0.08769306540489197,0.09025277915059168,0.06242644361404761,0.09025277915059168,0.06242644361404759,0.08472365906896359,0.05843761109075061,0.08918858580858625,0.06164031626157733,0.08472365906896359,0.05843761109075061,0.08918858428149934,0.06164031459040592,0.08786115053158927,0.06272843134471696,1.0
lewidi_md,llama,48,LP-temp,0,64,0.6915986485998953,0.13516021676597412,0.28460077269877065,0.2981462430098267,0.6728819103696434,0.6728819103696434,0.5348819178172135,,0.07204034936257898,,0.07204034936257897,,0.06818570442213456,,0.07136094828630138,,0.06818570442213456,,0.07136094745221183,,0.06778917605786468,,1.0
lewidi_md,llama,48,GPP-cosine,0,256,0.7568310505439415,0.12625564912261852,0.2592432919656678,0.26780303229263164,0.6895649329407916,0.6895649329407916,0.40118029713630676,0.01592983677983284,0.19717681345808255,0.06878166422176785,0.19717681345808252,0.06878166422176785,0.18634684751296426,0.06726111962543305,0.19523215398682148,0.06879028900961348,0.18634684751296426,0.06726111962543305,0.19523215303581715,0.06879028858703733,0.19198837671408556,0.16996095142534098,1.0
lewidi_md,llama,48,GPP-rbf,0,256,0.6427929029000395,0.11496282984395036,0.2527865298827492,0.28084878541206687,0.7144259077526988,0.7144259077526988,0.3897143602371216,0.10720768570899963,0.17948882135486446,0.06628667376183563,0.17948882135486446,0.06628667376183561,0.16611063598543502,0.060494142487175655,0.1766474157041537,0.06497806529660063,0.16611063598543505,0.06049414248717566,0.17664741078466317,0.06497806119836341,0.1734739285534908,0.06230123340775269,1.0
lewidi_md,llama,48,GPP-laplace,0,256,0.6521612986210875,0.13274364241672137,0.28885050907384974,0.312125191175655,0.666993784756297,0.666993784756297,0.3950291574001312,0.22302661836147308,-0.0061946637804335195,-0.012727613297674748,-0.006194663780433519,-0.012727613297674748,-0.006000829310049759,-0.01178543465089089,-0.006178126653281345,-0.012528098253944304,-0.006000829310049752,-0.01178543465089089,-0.006178129953685002,-0.012528101135159269,-0.02014934615416879,-0.0235435398572078,-1.0
lewidi_md,llama,48,LPE,0,256,0.7636217668277568,0.1287485138862776,0.2615728453533162,0.2763470708301956,0.7078835459600916,0.7078835459600916,0.2601911127567291,0.1423371434211731,0.173028215654016,0.11356059569170672,0.173028215654016,0.1135605956917067,0.1610673898193754,0.10495057430772037,0.17057389149672048,0.1117184996906125,0.1610673898193754,0.10495057430772035,0.1705738886328177,0.11171849640651828,0.16545883422728833,0.1144316692266829,1.0
lewidi_md,llama,48,LP-temp,0,256,0.672591816353545,0.12358731363211715,0.2634826194772712,0.2847828506591232,0.700032711808963,0.700032711808963,0.4991505470564425,,0.14485864732602025,,0.14485864732602022,,0.13369548990488161,,0.1424540285406346,,0.13369548990488161,,0.1424540272188674,,0.12705613727846105,,1.0
lewidi_md,llama,48,GPP-cosine,0,1024,0.6278530714015996,0.09809674980262602,0.2237952787505092,0.25353573073431357,0.7425580634609094,0.7425580634609094,0.4406108260154724,0.00841771624982357,0.2865441718791929,0.12760206514417188,0.2865441718791929,0.12760206514417188,0.2766022048301978,0.1269234265190193,0.2854822335149146,0.12827003339605886,0.2766022048301978,0.1269234265190193,0.28548223130332695,0.12827003290788508,0.2848770280985065,0.2255845223926684,1.0
lewidi_md,llama,48,GPP-rbf,0,1024,0.5938718926616238,0.090653438219302,0.2120221932601793,0.24479270854263793,0.7706902191691201,0.7706902191691201,0.35248181223869324,0.06870820373296738,0.34114309017808697,0.1955971000883397,0.34114309017808697,0.1955971000883397,0.3311631044504243,0.19434026081715677,0.34044376807660465,0.19655509451837525,0.3311631044504243,0.1943402608171568,0.3404437645334124,0.19655509118766606,0.3287967215040634,0.23151431603386224,1.0
lewidi_md,llama,48,GPP-laplace,0,1024,0.6223151138290505,0.1193714396158699,0.26675371581729346,0.2952458291587129,0.6741903827281649,0.6741903827281649,0.37906402349472046,0.21234335005283356,0.17651329078123068,0.15668707773093993,0.17651329078123065,0.15668707773093993,0.16752488136289587,0.14927591567823117,0.1749874747774521,0.15550540388206674,0.16752488136289587,0.14927591567823117,0.17498746872892795,0.15550539810693198,0.14989535660991002,0.13223824209651788,1.0
lewidi_md,llama,48,LPE,0,1024,0.7432008074956843,0.10515183188740175,0.22395408483532858,0.25126321058830203,0.7592410860320575,0.7592410860320575,0.1165241077542305,0.23224370181560516,0.2780987905842024,0.2499841864473885,0.27809879058420234,0.2499841864473885,0.27452280561078846,0.25133480318414675,0.27891639244863153,0.2521084677325084,0.27452280561078846,0.25133480318414675,0.2789163919870092,0.25210846659941166,0.2940363442570125,0.2591269222189974,1.0
lewidi_md,llama,48,LP-temp,0,1024,0.5873290348697284,0.10317819923133524,0.23732943729943418,0.2829653324427609,0.7376512921164541,0.7376512921164541,0.5622807020439159,,0.2538317944057391,,0.2538317944057391,,0.2541088934464344,,0.2556557309866472,,0.2541088934464344,,0.25565573073964976,,0.24676040371530525,,1.0
lewidi_md,llama,48,GPP-cosine,1,16,0.6958115781099836,0.14259944725322413,0.29956742547101944,0.3027168384221461,0.6022244030094864,0.6022244030094864,0.5220130085945129,0.05600627139210701,0.09602148724061284,0.014083401292765817,0.09602148724061285,0.014083401292765816,0.08851842883853855,0.013618859944773784,0.09439608168064456,0.014038541853135997,0.08851842883853857,0.013618859944773788,0.0943960816785255,0.014038542225475882,0.07309713599177611,0.027802395366048685,1.0
lewidi_md,llama,48,GPP-rbf,1,16,0.681972695649024,0.13863509792537704,0.2931086633818716,0.2961178273987826,0.6666666666666666,0.6666666666666666,0.40374547243118286,0.16432538628578186,-0.016771992708323934,-0.07338368342504444,-0.016771992708323934,-0.07338368342504444,-0.013941651008099788,-0.06881861078720311,-0.016025552775063682,-0.07249727753375798,-0.013941651008099791,-0.06881861078720311,-0.016025553989437537,-0.07249727874760833,-0.018986625054022474,-0.07045611155901646,-0.5
lewidi_md,llama,48,GPP-laplace,1,16,0.6730942054555953,0.14712527039959622,0.31408500078411167,0.3517817450810994,0.666993784756297,0.666993784756297,0.4374728202819824,0.251555860042572,-0.029474719290029948,-0.010420723318683604,-0.029474719290029944,-0.0104207233186836,-0.029353129599316484,-0.009511856552917686,-0.029639716044857708,-0.010215536413568184,-0.029353129599316477,-0.00951185655291769,-0.02963971612544769,-0.010215537161518302,-0.029974432536097825,-0.01008366794861807,-1.0
lewidi_md,llama,48,LPE,1,16,0.8219366615398279,0.1606476242938485,0.308079021524499,0.2852753202530224,0.6663395485770363,0.6663395485770363,0.33632582426071167,0.0636337399482727,0.020926325306781172,-0.005368071105749864,0.020926325306781172,-0.005368071105749862,0.018539516071162335,-0.0030994058047366796,0.020343341005442626,-0.004714416120239717,0.018539516071162332,-0.003099405804736678,0.020343340247147422,-0.004714417074986082,0.0210198956378083,0.013875364381939603,0.5
lewidi_md,llama,48,LP-temp,1,16,0.6924636004408715,0.13956856589707273,0.2921789215038213,0.29477902189136995,0.661432777232581,0.661432777232581,0.5520863518766728,,0.026570191423956013,,0.02657019142395601,,0.024231021970143884,,0.02604038531787,,0.02423102197014389,,0.026040384571037602,,0.027525756057243184,,1.0
lewidi_md,llama,48,GPP-cosine,1,64,1.3890117372191004,0.2674719264020336,0.41653314942156466,0.29240066870693526,0.5086686293752044,0.5086686293752044,0.2696419656276703,0.023681486025452614,0.09058513747872932,0.00182725523040435,0.09058513747872932,0.00182725523040435,0.08208208672147548,0.002152910906854059,0.08861813743632588,0.0019388879702137438,0.08208208672147549,0.0021529109068540633,0.08861813788442868,0.0019388883664301724,0.08498202613475464,0.033721515270200904,0.5
lewidi_md,llama,48,GPP-rbf,1,64,0.6619250388019525,0.13889460407124318,0.29692637002888284,0.32546167068376153,0.6333006215243703,0.6333006215243703,0.4760756492614746,0.17126812040805817,0.1570597276338589,-0.027240346827691,0.1570597276338589,-0.02724034682769101,0.1475515740601533,-0.025821136693634367,0.15524241041271586,-0.02699511347670734,0.1475515740601533,-0.025821136693634363,0.15524240920621774,-0.026995114655231453,0.15199796101365468,-0.042076263001986434,1.0
lewidi_md,llama,48,GPP-laplace,1,64,0.6759643900413416,0.1483640714055406,0.31662468661182175,0.3532403871733002,0.6630683676807327,0.6630683676807327,0.4392741024494171,0.25118324160575867,0.0175710005898873,-0.0005819337827043733,0.017571000589887288,-0.0005819337827043768,0.016017772357899997,-0.0003170797807004015,0.017218712589213307,-0.0005053164671983343,0.016017772357899994,-0.00031707978070039805,0.01721871233573402,-0.0005053173858758919,0.0118236653310468,-0.0006296520773097633,1.0
lewidi_md,llama,48,LPE,1,64,0.7317175514885924,0.15079319497779026,0.30373746315652544,0.29462310078128706,0.6087667648020936,0.6087667648020936,0.4170864522457123,0.13181430101394653,0.13292056612181852,0.06912940215705862,0.13292056612181852,0.06912940215705862,0.12336259822634019,0.0659667924648216,0.1309226537169242,0.06864066490729973,0.12336259822634019,0.0659667924648216,0.13092265277205442,0.0686406640548419,0.12288227994897538,0.0632870273095496,1.0
lewidi_md,llama,48,LP-temp,1,64,0.6907583035118693,0.15439429306992547,0.32700713668405135,0.3558114209314181,0.5875040889761204,0.5875040889761204,0.6930583207592591,,0.10237142949460262,,0.10237142949460262,,0.09194059856676576,,0.0998985057386007,,0.09194059856676579,,0.0998985053563535,,0.115555236580844,,0.5
lewidi_md,llama,48,GPP-cosine,1,256,0.6682937335820841,0.11161124322242157,0.2438128969584328,0.26456417359940104,0.7140987896630684,0.7140987896630684,0.44279178977012634,0.018963364884257317,0.2329668563014623,0.09609865651074159,0.23296685630146224,0.09609865651074159,0.21821659045719463,0.0899018908948034,0.2300743774239754,0.09487133627091306,0.21821659045719463,0.08990189089480341,0.23007437567131211,0.09487133607884804,0.2234939374369857,0.17867736633293146,1.0
lewidi_md,llama,48,GPP-rbf,1,256,0.6413919944117364,0.11500790531719184,0.25367574939937787,0.2849943710642676,0.7278377494275433,0.7278377494275433,0.3917695879936218,0.10718458145856857,0.14406997090015966,0.04334927361872162,0.14406997090015966,0.04334927361872162,0.13714464665874138,0.04263383493138285,0.14294968691062343,0.04342862620655498,0.13714464665874138,0.042633834931382855,0.1429496829820156,0.0434286229609617,0.13810425642892918,0.04246541837747431,1.0
lewidi_md,llama,48,GPP-laplace,1,256,0.6563019224488709,0.13340023271431808,0.2891965387745507,0.3089932400512456,0.666993784756297,0.666993784756297,0.38823479413986206,0.2190297394990921,-0.04900298411710291,-0.048289306579854585,-0.04900298411710291,-0.04828930657985458,-0.049261913072907074,-0.04788379671998363,-0.04941762223074922,-0.04849683863891499,-0.04926191307290707,-0.04788379671998363,-0.04941762542745887,-0.04849684140671638,-0.06429048778428968,-0.06204600983648526,-1.0
lewidi_md,llama,48,LPE,1,256,0.7243655572644002,0.12485521773765572,0.2596605930661919,0.2801929020697657,0.7003598298985934,0.7003598298985934,0.25079837441444397,0.17378200590610504,0.14977222567892767,0.10515894125188721,0.14977222567892767,0.10515894125188721,0.14621679720670525,0.10251495610178822,0.14971661366029632,0.10507496585175485,0.14621679720670527,0.10251495610178822,0.1497166119749062,0.10507496420588931,0.14572863732226593,0.10805038677263396,1.0
lewidi_md,llama,48,LP-temp,1,256,0.6257774693039376,0.1236997845389718,0.27236340414431665,0.3147690434834454,0.6810598626104023,0.6810598626104023,0.6283814411480299,,0.15039257250735333,,0.15039257250735333,,0.14535319103379246,,0.14988958649259596,,0.14535319103379246,,0.14988958659531987,,0.13478807596047188,,1.0
lewidi_md,llama,48,GPP-cosine,1,1024,0.6541648239889543,0.1096554506202688,0.24127983772663292,0.261650108686619,0.7203140333660452,0.7203140333660452,0.4501742422580719,0.00853145495057106,0.25677905877398954,0.09209011974331847,0.2567790587739895,0.09209011974331846,0.2405633723196774,0.0904405003621934,0.2536037885159797,0.09221920356013386,0.24056337231967745,0.0904405003621934,0.25360378724823984,0.09221920323944222,0.23924246177650244,0.1893503832578446,1.0
lewidi_md,llama,48,GPP-rbf,1,1024,0.5764969485251975,0.08789427344353935,0.20959848172014986,0.2512104361137779,0.7723258096172718,0.7723258096172718,0.37688156962394714,0.07107479125261307,0.3129392804338775,0.177160085951298,0.3129392804338775,0.177160085951298,0.3059010066208758,0.17701520173781138,0.3129419460913091,0.1783301364240007,0.30590100662087594,0.17701520173781143,0.31294194307501877,0.1783301334821681,0.3033510146953359,0.20008802541620363,1.0
lewidi_md,llama,48,GPP-laplace,1,1024,0.6241155611575571,0.12065386291933888,0.2691295912082889,0.29913181073223666,0.6719005561007524,0.6719005561007524,0.3838481307029724,0.21465355157852173,0.15126330114300626,0.1297758986907351,0.1512633011430063,0.1297758986907351,0.14514675920600253,0.1250505498160458,0.15043846011661696,0.1292271913982809,0.14514675920600256,0.12505054981604583,0.15043845446622997,0.12922718602307132,0.13557148175206601,0.11197148790528993,1.0
lewidi_md,llama,48,LPE,1,1024,0.6770912568277706,0.09944643868346778,0.22158747032772474,0.2581016302210756,0.7592410860320575,0.7592410860320575,0.12302348762750626,0.2740195095539093,0.24353218489476308,0.21807827945923472,0.24353218489476305,0.21807827945923472,0.23474635695708695,0.21353877086715412,0.24252732802646804,0.21819130000467468,0.23474635695708695,0.21353877086715412,0.2425273275745235,0.21819129926897446,0.24705595779003198,0.2092300513734489,1.0
lewidi_md,llama,48,LP-temp,1,1024,0.5842897272064851,0.1075496755863147,0.24721216410825153,0.30735725003004016,0.7474648348053647,0.7474648348053647,0.6216507506103711,,0.23252726725691827,,0.23252726725691827,,0.22587682986978447,,0.23209687318601235,,0.22587682986978447,,0.23209687398853918,,0.21734995586280512,,1.0
lewidi_md,llama,48,GPP-cosine,2,16,0.8695894532350236,0.18343253099225934,0.3459441850725812,0.3131147104272697,0.5570821066404972,0.5570821066404972,0.49501729011535645,0.04941849038004875,0.01486543333538633,-0.04501266140832511,0.014865433335386329,-0.04501266140832512,0.013184279463171876,-0.042119977527442655,0.014455670247292092,-0.04444079217438626,0.013184279463171883,-0.04211997752744266,0.014455669763645746,-0.04444079182988668,0.017577634656249775,-0.015571561042871636,0.5
lewidi_md,llama,48,GPP-rbf,2,16,0.7295933461260331,0.14814100314489684,0.30079802969457825,0.2882060560893738,0.666993784756297,0.666993784756297,0.36266180872917175,0.14993196725845337,-0.031242151077191242,-0.06948890524571179,-0.03124215107719124,-0.06948890524571179,-0.024667769342996363,-0.06105036710460597,-0.029455421413520182,-0.06739695855354137,-0.024667769342996367,-0.06105036710460598,-0.02945542191906044,-0.06739695907120649,-0.03063698628012971,-0.06957779287577272,-0.5
lewidi_md,llama,48,GPP-laplace,2,16,0.668873941523072,0.14501976753584064,0.30911188028657755,0.3470646364486522,0.6663395485770363,0.6663395485770363,0.4341362714767456,0.2496325671672821,-0.04029799710429226,-0.023566152895149902,-0.04029799710429226,-0.0235661528951499,-0.03960607676736645,-0.022152002257607106,-0.040363595712982155,-0.0232972787207717,-0.03960607676736646,-0.022152002257607117,-0.04036359591756253,-0.023297279385285245,-0.05888088047138883,-0.02625228955526385,-1.0
lewidi_md,llama,48,LPE,2,16,1.1144586801896748,0.2014975933886193,0.33449608277718973,0.30140955849240525,0.666993784756297,0.666993784756297,0.18720336258411407,0.0285035353153944,0.039746232387570274,0.0317307730576078,0.039746232387570274,0.0317307730576078,0.045420702961632836,0.03438924607956738,0.04174559356213819,0.03275731419838886,0.04542070296163283,0.03438924607956739,0.041745593341256916,0.03275731329926036,0.042376379464019405,0.019993157690524985,1.0
lewidi_md,llama,48,LP-temp,2,16,0.7505119463192694,0.14953991023284394,0.2980550650615526,0.27671934378033597,0.666993784756297,0.666993784756297,0.47138975108382347,,0.05318577000700115,,0.05318577000700116,,0.056457470978827126,,0.05454597974918337,,0.05645747097882712,,0.054545979723706554,,0.050449842507687304,,1.0
lewidi_md,llama,48,GPP-cosine,2,64,1.1364546533376498,0.22560798467018942,0.37835288054362987,0.2967692411462177,0.5433431468760223,0.5433431468760223,0.32707679271698,0.025720592588186264,0.049321650744149924,-0.04042321265886965,0.04932165074414992,-0.04042321265886965,0.04438416561257926,-0.039547332001628896,0.04815699890620247,-0.04043368303085302,0.04438416561257926,-0.039547332001628896,0.0481569997585929,-0.040433682191188224,0.04555406259121272,0.007112604197379469,0.5
lewidi_md,llama,48,GPP-rbf,2,64,0.6449880241872279,0.13275700291312895,0.2893109413282443,0.32878093992878454,0.6575073601570167,0.6575073601570167,0.48437362909317017,0.16326606273651123,0.08486420907199518,-0.07187842234365543,0.08486420907199518,-0.07187842234365542,0.07822539626153616,-0.06805294866065806,0.08342536254638756,-0.07120678948577923,0.07822539626153616,-0.06805294866065806,0.08342536162858992,-0.07120679060477111,0.0899577879432514,-0.07808858221072827,1.0
lewidi_md,llama,48,GPP-laplace,2,64,0.6831618614639434,0.15135790743671965,0.32181774877501657,0.35501096448282016,0.6493294079162578,0.6493294079162578,0.4408181309700012,0.2514397203922272,0.012289340383417321,-0.007764605970826514,0.012289340383417325,-0.0077646059708265,0.011193843224856295,-0.0076526183632456175,0.01204016081702167,-0.0077837374764134215,0.011193843224856302,-0.007652618363245607,0.012040161274155702,-0.007783738059726729,0.010675198009893893,-0.00957171458437048,1.0
lewidi_md,llama,48,LPE,2,64,0.707998888772484,0.14334805308452273,0.29659695985473694,0.3045684396480739,0.6375531566895649,0.6375531566895649,0.44041138887405396,0.11339868605136871,0.06163982161815266,-0.002085055942072393,0.06163982161815265,-0.002085055942072393,0.05419303499759522,-0.004825590270975481,0.059795911343671605,-0.0029333983686027727,0.05419303499759522,-0.004825590270975481,0.05979591092963085,-0.0029333991765967075,0.05679701094219169,-0.008373034534708617,0.5
lewidi_md,llama,48,LP-temp,2,64,0.6651732108885754,0.14345843886292273,0.30758559487198417,0.3469529189115421,0.6398429833169774,0.6398429833169774,0.682549872277232,,0.05132941692020319,,0.051329416920203194,,0.04426325689347355,,0.049530685273336296,,0.04426325689347357,,0.04953068495777344,,0.05778150333092336,,0.5
lewidi_md,llama,48,GPP-cosine,2,256,0.6751046870118966,0.10789436937417034,0.2339282610135339,0.25385031852020956,0.7307818122342166,0.7307818122342166,0.41588306427001953,0.016738831996917725,0.27602141349623194,0.12965230499515307,0.27602141349623194,0.12965230499515307,0.26430115506409335,0.12665658043175265,0.2743461544738875,0.12962914360971,0.26430115506409335,0.12665658043175265,0.2743461516425695,0.12962914159563504,0.27370403437699614,0.2371979099276834,1.0
lewidi_md,llama,48,GPP-rbf,2,256,0.6592740190285907,0.11852735939622082,0.2578213456811735,0.27425330267263504,0.7065750736015701,0.7065750736015701,0.3684505224227905,0.10161910206079483,0.1998982892232285,0.085539600497801,0.1998982892232285,0.08553960049780099,0.18595737368972193,0.0802399106193295,0.1970254963057775,0.08451293064202872,0.18595737368972196,0.0802399106193295,0.19702549134762448,0.08451292658589334,0.18224051324599536,0.08403512682417302,1.0
lewidi_md,llama,48,GPP-laplace,2,256,0.6698211575685457,0.13547215001630805,0.2894975484602,0.2977279729844783,0.666993784756297,0.666993784756297,0.3695605397224426,0.20852084457874298,-0.02538002259483543,-0.028686417522550443,-0.025380022594835423,-0.02868641752255044,-0.026039887470312693,-0.02868435182483345,-0.025754784324907576,-0.028882387618278174,-0.026039887470312696,-0.028684351824833452,-0.025754786905828893,-0.028882389925568495,-0.04084795313389706,-0.04253726381935481,-1.0
lewidi_md,llama,48,LPE,2,256,0.7488627054390298,0.12697044543501995,0.2578905122364494,0.2682231024987637,0.7134445534838076,0.7134445534838076,0.23390915989875793,0.15596117079257965,0.20873750149140438,0.14797617374138133,0.20873750149140435,0.14797617374138133,0.1972509493211938,0.137684681836632,0.20667224664567185,0.14585820275138137,0.19725094932119383,0.13768468183663202,0.20667224306495002,0.14585819937681502,0.20131767571423742,0.1493828953864014,1.0
lewidi_md,llama,48,LP-temp,2,256,0.6181347990702847,0.11823022689283227,0.26254700027502376,0.30210920718576934,0.6970886490022898,0.6970886490022898,0.604400136046254,,0.19461904411138375,,0.19461904411138375,,0.18448497812337378,,0.1928686451103026,,0.18448497812337383,,0.19286864352295624,,0.1690173103306403,,1.0
lewidi_md,llama,48,GPP-cosine,2,1024,0.6191882979051562,0.09865473820444984,0.22545040962251206,0.2653661794302721,0.7530258423290808,0.7530258423290808,0.46297648549079895,0.008600362576544285,0.23810853583751418,0.09129505123229265,0.23810853583751418,0.09129505123229266,0.22627210418182847,0.08898554858699956,0.23613808956038645,0.09121785762579618,0.22627210418182847,0.08898554858699956,0.23613808667758712,0.09121785693890078,0.2365858236089477,0.1814019679088891,1.0
lewidi_md,llama,48,GPP-rbf,2,1024,0.5770920358733354,0.08676386980512296,0.2061645893031,0.2479443957086763,0.7857376512921165,0.7857376512921165,0.3705608546733856,0.07102183997631073,0.3326826358065379,0.19008750859515922,0.33268263580653784,0.19008750859515922,0.3219585806958664,0.18618580432413218,0.33169888136142506,0.19020280692585065,0.32195858069586647,0.1861858043241322,0.33169887868082765,0.19020280420697808,0.3210696822000514,0.21962635819097046,1.0
lewidi_md,llama,48,GPP-laplace,2,1024,0.6187535106559328,0.11964635475364088,0.2689495628329812,0.3051566536334389,0.677134445534838,0.677134445534838,0.3909663259983063,0.2190038412809372,0.13856068087059858,0.1191175791303331,0.13856068087059858,0.1191175791303331,0.12941501451030465,0.11234040463376803,0.1367269019150635,0.11787137486385586,0.12941501451030468,0.11234040463376804,0.136726895682742,0.1178713689221717,0.11534436500360465,0.09405729129350919,1.0
lewidi_md,llama,48,LPE,2,1024,0.7147298788413021,0.10287654691022378,0.22378291999830446,0.25453557236074054,0.7612037945698397,0.7612037945698397,0.11765534430742264,0.2528863549232483,0.25886554757486935,0.23294397498825975,0.25886554757486935,0.23294397498825975,0.2545143962815074,0.22880315735739756,0.25931542311298683,0.23328021311046285,0.25451439628150746,0.22880315735739756,0.2593154234621856,0.23328021358403234,0.26995693121106235,0.23174224388248268,1.0
lewidi_md,llama,48,LP-temp,2,1024,0.5787401039218335,0.1046220212566505,0.24177045244171813,0.3009113752053428,0.751390251880929,0.751390251880929,0.6120843375209087,,0.2577235419874867,,0.2577235419874867,,0.25051520796598536,,0.25729603746490376,,0.25051520796598536,,0.25729603882969343,,0.24033320078253753,,1.0
lewidi_md,llama,48,GPP-cosine,3,16,1.7985425218727382,0.3299602518190256,0.4706185567976321,0.3175808352001027,0.4795551193981027,0.4795551193981027,0.1644364297389984,0.026485467329621315,-0.01816389797369405,-0.01948397627187555,-0.018163897973694047,-0.019483976271875546,-0.01808336295584466,-0.017867630231324753,-0.01826387198874227,-0.019125589370194755,-0.01808336295584466,-0.01786763023132476,-0.01826387070886016,-0.01912558866414813,0.009226346568833295,-0.0069269713479575366,-1.0
lewidi_md,llama,48,GPP-rbf,3,16,0.6573898618249036,0.13541937781606783,0.29232645457403933,0.3175017134508085,0.6633954857703631,0.6633954857703631,0.45529574155807495,0.17223593592643738,0.056602383768073986,-0.07175510724469616,0.056602383768073986,-0.07175510724469616,0.050748326790795516,-0.06779879522301653,0.05520868053493638,-0.07104280999198519,0.05074832679079552,-0.06779879522301654,0.05520867907025325,-0.07104281121783491,0.06054358384327045,-0.07478161615708102,0.5
lewidi_md,llama,48,GPP-laplace,3,16,0.6806400294805466,0.1503235169848316,0.32016833479210643,0.35457320021647665,0.6607785410533202,0.6607785410533202,0.43943166732788086,0.2523884177207947,-0.005861108232278374,0.002931573140931485,-0.005861108232278381,0.002931573140931492,-0.006260060656736642,0.0030830248116144494,-0.006022693571551246,0.0029977570309520016,-0.006260060656736642,0.003083024811614453,-0.0060226933961000165,0.002997756361453375,-0.005960126547967631,0.0019202085299147309,-1.0
lewidi_md,llama,48,LPE,3,16,0.6942524245149435,0.13998874300610797,0.29259393620038193,0.29772636161558136,0.6529277069021917,0.6529277069021917,0.4501340687274933,0.10392647981643677,0.060195946188700125,-0.004206286105429708,0.060195946188700125,-0.004206286105429703,0.054595026639666866,-0.002939513392348426,0.05890391069543986,-0.0038495844281041143,0.054595026639666866,-0.002939513392348424,0.05890390988424268,-0.003849585675501815,0.0654198399382376,0.012141792830154563,0.5
lewidi_md,llama,48,LP-temp,3,16,0.6642558634470779,0.14036114026802485,0.30051750735198013,0.33017764424203455,0.6303565587176971,0.6303565587176971,0.6540394167882211,,0.048009258052948686,,0.04800925805294867,,0.04376184355120648,,0.0470456276237297,,0.043761843551206485,,0.04704562697819585,,0.05078916610922206,,1.0
lewidi_md,llama,48,GPP-cosine,3,64,1.0649788375725338,0.21222598100086185,0.36703927435321654,0.2907471061119621,0.5518482172064115,0.5518482172064115,0.30253955721855164,0.024864638224244118,0.06419868859203987,0.020159974372971172,0.06419868859203988,0.020159974372971165,0.059115970149235336,0.017820404528802933,0.06309179444087767,0.01958611479271829,0.05911597014923534,0.01782040452880293,0.06309179627188385,0.019586115359293103,0.07651619777382457,0.07291779894587634,1.0
lewidi_md,llama,48,GPP-rbf,3,64,0.7032712507758326,0.13679964659444258,0.2853578121697187,0.28612760899551687,0.6709192018318613,0.6709192018318613,0.3725341558456421,0.11972154676914215,0.07947597856136937,-0.015370196067911464,0.07947597856136937,-0.015370196067911467,0.06370801390796357,-0.018363292501738963,0.07522184326732698,-0.016386451154507903,0.06370801390796357,-0.018363292501738973,0.07522183956670211,-0.0163864538188287,0.06445355637108681,-0.02249440806317339,0.5
lewidi_md,llama,48,GPP-laplace,3,64,0.6609645579700986,0.13699578919591573,0.29483653912073965,0.31898818581639465,0.666993784756297,0.666993784756297,0.4013899564743042,0.22822624444961548,-0.03915764738945093,-0.038591568707110425,-0.03915764738945095,-0.038591568707110425,-0.03942121277536555,-0.038281233626159795,-0.03950622276978455,-0.038761603975936545,-0.03942121277536555,-0.03828123362615981,-0.03950622404453802,-0.0387616051858312,-0.07026643929443924,-0.06108001514725212,-1.0
lewidi_md,llama,48,LPE,3,64,0.9149220922770487,0.16346152342098486,0.29959943150887797,0.287358057166146,0.676153091265947,0.676153091265947,0.25706514716148376,0.055532947182655334,0.09728856297488646,0.07064543247027572,0.09728856297488644,0.0706454324702757,0.08295866036881513,0.056081223538268075,0.09359416303374535,0.06669712850935017,0.08295866036881513,0.05608122353826808,0.09359415951954063,0.06669712518925247,0.08695491502643556,0.06512594758870816,0.5
lewidi_md,llama,48,LP-temp,3,64,0.6472317456356951,0.12618142105079447,0.27462448689923846,0.2990653002442207,0.680732744520772,0.680732744520772,0.5773475116972765,,0.09510064305369262,,0.09510064305369262,,0.08651414088100727,,0.09313919190382104,,0.08651414088100727,,0.09313918963365694,,0.07807250290848693,,0.5
lewidi_md,llama,48,GPP-cosine,3,256,0.7099512775963539,0.1176219140090008,0.2485284742907569,0.2687606546319063,0.7127903173045469,0.7127903173045469,0.43130791187286377,0.01683494821190834,0.20118109496565845,0.10342880277275024,0.20118109496565845,0.10342880277275027,0.1950865118927839,0.10211004864604911,0.20070504223525476,0.10373629018852476,0.19508651189278392,0.10211004864604914,0.20070504179186965,0.10373629050129657,0.18938053899452195,0.21037060321384543,1.0
lewidi_md,llama,48,GPP-rbf,3,256,0.6482033991034218,0.1202127519195736,0.26021033830957174,0.28677130592973665,0.7059208374223095,0.7059208374223095,0.4127221703529358,0.1155182272195816,0.17056852643605713,0.04783051209484504,0.17056852643605713,0.04783051209484505,0.1646253658282997,0.049437277688854045,0.16992875813425526,0.048647314702364455,0.16462536582829973,0.049437277688854045,0.16992875591996226,0.0486473125200341,0.16352555352920467,0.045165202255311204,1.0
lewidi_md,llama,48,GPP-laplace,3,256,0.6466471538931351,0.1332377147580772,0.2901804723432924,0.32525920507657263,0.666993784756297,0.666993784756297,0.4134496748447418,0.2339470535516739,-0.0008137433614105686,-0.014987091237860276,-0.0008137433614105582,-0.014987091237860267,-0.00015796161040059365,-0.013282968979246919,-0.0006197399810658937,-0.014571171730487732,-0.00015796161040059452,-0.013282968979246928,-0.000619742688553155,-0.014571174000287717,-0.021894368540795663,-0.03446481341622621,0.5
lewidi_md,llama,48,LPE,3,256,0.7796830862350592,0.13818843695948216,0.27429187490885976,0.27572905129328423,0.6804056264311417,0.6804056264311417,0.2651747465133667,0.15785489976406097,0.1640023392106812,0.11990213003945571,0.16400233921068116,0.11990213003945571,0.15787000502352083,0.11858095446655947,0.16325999738093094,0.12032177839846728,0.15787000502352083,0.11858095446655947,0.1632599966848163,0.12032177790839865,0.15424959291636017,0.12359727894438872,1.0
lewidi_md,llama,48,LP-temp,3,256,0.6660901065478404,0.13023656277742104,0.27648338185060123,0.292676379679596,0.6673209028459274,0.6673209028459274,0.5599986908204863,,0.15465491490286357,,0.15465491490286357,,0.146888459144962,,0.1533511839837591,,0.146888459144962,,0.15335118371437345,,0.13380852231918525,,1.0
lewidi_md,llama,48,GPP-cosine,3,1024,0.6228118940486504,0.10030497527466986,0.22823581078974542,0.25605134306185945,0.7350343473994112,0.7350343473994112,0.46358975768089294,0.009154568426311016,0.2957877666217986,0.10630280346593787,0.2957877666217986,0.10630280346593785,0.27872006571184327,0.10174224515050856,0.29262053603131066,0.10564337852669524,0.27872006571184327,0.10174224515050856,0.29262053358310464,0.10564337755679659,0.28687082843120687,0.22736702845292783,1.0
lewidi_md,llama,48,GPP-rbf,3,1024,0.6007380100724068,0.0936740698472201,0.2177958256715609,0.25241121550304263,0.7572783774942754,0.7572783774942754,0.364321231842041,0.07002377510070801,0.3052776690724831,0.1619781603448244,0.3052776690724831,0.1619781603448244,0.2936627952638594,0.15994478746914031,0.3038349868330737,0.16246942175936124,0.29366279526385947,0.15994478746914031,0.30383498336210946,0.16246941854972924,0.2946720152245848,0.18595648270945325,1.0
lewidi_md,llama,48,GPP-laplace,3,1024,0.6292190096571165,0.12183288874688222,0.270746573705883,0.29653992925350026,0.6709192018318613,0.6709192018318613,0.378124475479126,0.21165738999843597,0.13107944034892302,0.10865627018424538,0.131079440348923,0.10865627018424538,0.12351415174766647,0.1028791567457294,0.12967536097338003,0.10764272869667249,0.12351415174766649,0.10287915674572941,0.12967535551041964,0.1076427236651542,0.11655897861531912,0.09125502485487308,1.0
lewidi_md,llama,48,LPE,3,1024,0.72160886930657,0.10673750767164099,0.23020619619533517,0.2536818552376074,0.745829244357213,0.745829244357213,0.11414410918951035,0.264970600605011,0.2694916282317772,0.23087533720168502,0.2694916282317772,0.23087533720168504,0.2601155548806213,0.22338581278945752,0.26848504618205915,0.23017825453713367,0.2601155548806213,0.22338581278945752,0.2684850446907259,0.23017825293978034,0.27515660676042586,0.22577269629767294,1.0
lewidi_md,llama,48,LP-temp,3,1024,0.589883466836493,0.11006478031852014,0.25096778853012536,0.31016213126210096,0.736669937847563,0.736669937847563,0.6305684104436443,,0.26112187392625175,,0.26112187392625175,,0.2517885474499909,,0.26007094037496237,,0.2517885474499909,,0.260070939830232,,0.2570305466464345,,1.0
lewidi_md,llama,48,GPP-cosine,4,16,1.7966229475245301,0.3247714593769346,0.4621549153107311,0.3242360765507793,0.49035001635590447,0.49035001635590447,0.15028072893619537,0.02643975242972374,-0.04308778478480517,-0.022190488961068792,-0.04308778478480516,-0.022190488961068795,-0.039043387636425286,-0.019557070007951375,-0.04215221184813815,-0.021541115377010436,-0.039043387636425286,-0.019557070007951368,-0.04215221096492701,-0.021541115160294784,0.006989957645612291,0.006869274145345564,-0.5
lewidi_md,llama,48,GPP-rbf,4,16,0.6718013509305172,0.13539990325441167,0.2889391368728449,0.2964203738182099,0.6666666666666666,0.6666666666666666,0.41946911811828613,0.15565834939479828,0.07440749106087863,-0.0443808922573553,0.07440749106087863,-0.0443808922573553,0.06695136488884745,-0.042846724682979384,0.07264824001545658,-0.04421814340124459,0.06695136488884745,-0.042846724682979384,0.07264823958406641,-0.044218144271594075,0.06748949362987945,-0.052102795540925,0.5
lewidi_md,llama,48,GPP-laplace,4,16,0.6698690207391411,0.14568882171907224,0.3113506275905789,0.3499468833797141,0.6673209028459274,0.6673209028459274,0.436580091714859,0.25058528780937195,-0.01607419452653313,-0.007534325051649929,-0.016074194526533133,-0.007534325051649925,-0.017408967479786337,-0.0074094525399661555,-0.016590581094269925,-0.007547956970957167,-0.017408967479786333,-0.007409452539966157,-0.016590581130200514,-0.007547957661852369,-0.025351336326933406,-0.008562714861535602,-1.0
lewidi_md,llama,48,LPE,4,16,0.7306018900115137,0.14302847601737048,0.29124986224326144,0.2792168810102377,0.6627412495911024,0.6627412495911024,0.38108450174331665,0.09902278333902359,0.09572984381925477,0.0806491992895451,0.09572984381925477,0.08064919928954509,0.08587168189871097,0.07051462120671456,0.09338568856820748,0.0781175663828125,0.08587168189871097,0.07051462120671456,0.09338568829418364,0.07811756598686853,0.08764556825210315,0.07494748478545196,0.5
lewidi_md,llama,48,LP-temp,4,16,0.6670571233483078,0.1335375652053368,0.286408440896389,0.29837786284172046,0.6561988877984952,0.6561988877984952,0.5811088138192076,,0.09510320320785194,,0.09510320320785196,,0.08449399899333014,,0.09252618154246459,,0.08449399899333013,,0.09252618136855803,,0.08534255456380936,,0.5
lewidi_md,llama,48,GPP-cosine,4,64,0.7043609520426661,0.13453833799709233,0.28099310997485233,0.29461307456887015,0.6637226038599935,0.6637226038599935,0.5026590824127197,0.03472461551427841,0.12227638521769847,0.03821344212419732,0.12227638521769847,0.03821344212419732,0.11811153986445896,0.040055849860855544,0.12184686429202952,0.0390360505514457,0.11811153986445899,0.04005584986085555,0.12184686405802528,0.03903605114598844,0.11463670373196494,0.0687271903598832,1.0
lewidi_md,llama,48,GPP-rbf,4,64,0.6472390447489976,0.13076814977199572,0.28509093989216894,0.3161740262633628,0.6699378475629703,0.6699378475629703,0.4581218659877777,0.1610725373029709,0.07456575857256562,-0.05071954967478817,0.07456575857256563,-0.05071954967478815,0.07430986819937432,-0.045039958634242504,0.07499890811864429,-0.04933862604529514,0.07430986819937432,-0.04503995863424251,0.07499890674993638,-0.04933862733030308,0.07924170198835657,-0.05790921450204975,1.0
lewidi_md,llama,48,GPP-laplace,4,64,0.6627675681412777,0.1421868528485485,0.303963420506217,0.3431765872441487,0.666993784756297,0.666993784756297,0.4318322539329529,0.24672530591487885,-0.04639380358743939,-0.03834045486655575,-0.04639380358743939,-0.038340454866555754,-0.045202436939097264,-0.03658116987444702,-0.04634917781808005,-0.038067796514532126,-0.04520243693909726,-0.03658116987444701,-0.046349178346756253,-0.03806779731520813,-0.06546955923866318,-0.051124744581008935,-1.0
lewidi_md,llama,48,LPE,4,64,0.7249791960869041,0.1421162472466478,0.2925327672987691,0.29765064281350784,0.6437684003925417,0.6437684003925417,0.4024888277053833,0.1018034890294075,0.0699904137615413,0.016072079957453977,0.06999041376154129,0.01607207995745398,0.07055250428758754,0.017169004399437186,0.07064115062594029,0.016516065344121665,0.07055250428758755,0.017169004399437186,0.07064115006996331,0.016516064023965826,0.066471901203543,0.02192179076347733,1.0
lewidi_md,llama,48,LP-temp,4,64,0.6596724611330863,0.14012023483665942,0.30167310806664765,0.33743439166640243,0.61465489041544,0.61465489041544,0.6689663881191673,,0.07119254845020075,,0.07119254845020073,,0.07387078858895726,,0.07249555183922152,,0.07387078858895726,,0.07249555160493722,,0.04230907421108334,,1.0
lewidi_md,llama,48,GPP-cosine,4,256,0.6840280103219594,0.11090612152086499,0.23911583493344601,0.26082472632512294,0.7167157343801113,0.7167157343801113,0.4285956621170044,0.017280060797929764,0.2453525648479295,0.11054181262575552,0.24535256484792947,0.11054181262575552,0.23830843646564542,0.11481857407941133,0.24489025163988792,0.11260098439257973,0.23830843646564542,0.11481857407941135,0.24489024970102477,0.112600984222642,0.2443216215058771,0.21704771333195613,1.0
lewidi_md,llama,48,GPP-rbf,4,256,0.6581979803884848,0.11959095990866409,0.2584998377974763,0.2801393378643988,0.7069021916912005,0.7069021916912005,0.3830837905406952,0.10640785843133926,0.16404866492103792,0.05664688297740476,0.16404866492103792,0.05664688297740474,0.1573676076204748,0.057274638207112476,0.16313964247890433,0.05722615598596969,0.15736760762047483,0.05727463820711248,0.16313963838078896,0.05722615240854404,0.15931098223629045,0.05652339558973611,1.0
lewidi_md,llama,48,GPP-laplace,4,256,0.6714944132365991,0.13645708129276213,0.2911287947446059,0.2999861281425007,0.666993784756297,0.666993784756297,0.3723675608634949,0.2102581113576889,-0.04562885733191184,-0.045983111937627955,-0.04562885733191185,-0.045983111937627955,-0.04250227892895059,-0.042763494116501065,-0.04499002778537511,-0.04531839466372569,-0.042502278928950595,-0.042763494116501065,-0.044990029857030336,-0.04531839653534583,-0.05974622044414213,-0.05834057225449201,-1.0
lewidi_md,llama,48,LPE,4,256,0.7659040189184886,0.13163851791958264,0.26424792869694147,0.2746937834708661,0.7039581288845274,0.7039581288845274,0.2549667954444885,0.14672565460205078,0.17032276899621454,0.12823487209151566,0.17032276899621454,0.12823487209151566,0.1646503018768915,0.12567057638152873,0.1697636991385607,0.12833329733449791,0.16465030187689156,0.12567057638152876,0.16976369631547267,0.12833329431777643,0.16707495814412876,0.13309056119460483,1.0
lewidi_md,llama,48,LP-temp,4,256,0.6454245735406386,0.12269766093982044,0.26648737303214715,0.2941699304691145,0.6912005233889434,0.6912005233889434,0.5539260008710478,,0.1368743067647813,,0.1368743067647813,,0.12974693652719854,,0.13564321762169024,,0.12974693652719854,,0.13564321603568463,,0.1274866390741138,,1.0
lewidi_md,llama,48,GPP-cosine,4,1024,0.6419517131863942,0.10469091743592925,0.23326839587704576,0.26447543560651415,0.7353614654890416,0.7353614654890416,0.4588351845741272,0.008891324512660503,0.2379003300475023,0.08156523138125633,0.23790033004750227,0.08156523138125633,0.22473811229689494,0.0812483364888969,0.23552496782465526,0.08202778485459108,0.22473811229689494,0.0812483364888969,0.23552496539674517,0.08202778389799815,0.23267184195569676,0.19040849423747863,1.0
lewidi_md,llama,48,GPP-rbf,4,1024,0.5870262419893582,0.089353505617293,0.21054484561822637,0.24851529208605574,0.7693817468105987,0.7693817468105987,0.3662893772125244,0.0713927149772644,0.3285431605130067,0.18851071308055686,0.3285431605130067,0.18851071308055684,0.3213863436385653,0.1880456887755398,0.32861668807580224,0.18966112238964114,0.3213863436385653,0.1880456887755398,0.32861668560888646,0.1896611196287164,0.32041572685695746,0.21132971015948218,1.0
lewidi_md,llama,48,GPP-laplace,4,1024,0.6239060540212286,0.12114953977276537,0.27023483665235337,0.3028410453937086,0.6732090284592738,0.6732090284592738,0.38820135593414307,0.21744434535503387,0.13960553479150348,0.11615919901352892,0.13960553479150345,0.11615919901352892,0.13464288298816507,0.1133929185973822,0.13905197303193992,0.11611339322593273,0.1346428829881651,0.1133929185973822,0.13905196774257095,0.11611338827256784,0.12264879442192678,0.10058566668820863,1.0
lewidi_md,llama,48,LPE,4,1024,0.7140729742595372,0.10504765817206138,0.2266813994187774,0.254791546574201,0.7536800785083415,0.7536800785083415,0.11657283455133438,0.2685369551181793,0.2602064101229323,0.23694720112229906,0.2602064101229323,0.23694720112229908,0.2541561732523208,0.23471969925652614,0.2601483762956761,0.23789317235340002,0.2541561732523208,0.23471969925652614,0.2601483767652249,0.2378931720190382,0.26795243518608286,0.23683921352455556,1.0
lewidi_md,llama,48,LP-temp,4,1024,0.5822632570741161,0.10564338985965609,0.2428325848102066,0.3003402121663658,0.7491004252535165,0.7491004252535165,0.6107984042315436,,0.26376416891403764,,0.26376416891403764,,0.25570473664670157,,0.26311904028495353,,0.25570473664670157,,0.26311904111987056,,0.26464890174049577,,1.0
lewidi_md,llama,64,GPP-cosine,0,16,0.9647847732309931,0.21673044450690404,0.38487555826421216,0.30906112065445623,0.5004906771344455,0.5004906771344455,0.4387155771255493,0.06819920986890793,-0.01436239034644819,-0.03479702250770641,-0.014362390346448192,-0.0347970225077064,-0.016546807389278696,-0.035359665868207296,-0.015125625507986304,-0.03520673412301137,-0.0165468073892787,-0.035359665868207296,-0.015125625878742836,-0.03520673372993091,-0.013880917880976229,-0.03300350555380365,-1.0
lewidi_md,llama,64,GPP-rbf,0,16,0.6621642362988022,0.14085438140796702,0.30363282346826853,0.3375283681420832,0.6440955184821721,0.6440955184821721,0.47394877672195435,0.19224433600902557,0.033097436887129114,-0.08881990798324954,0.0330974368871291,-0.08881990798324954,0.028300353907275554,-0.0837358893041742,0.031864324347860504,-0.0878813565617799,0.028300353907275567,-0.08373588930417422,0.03186432456797557,-0.08788135799436138,0.04220989215590663,-0.08826082575587653,0.5
lewidi_md,llama,64,GPP-laplace,0,16,0.6826081666623609,0.15111538197886173,0.32149641120993394,0.3547917997972089,0.6588158325155381,0.6588158325155381,0.4392724633216858,0.2527662217617035,-0.01752040719180279,-0.0010434575887320156,-0.017520407191802777,-0.0010434575887320226,-0.017746467379675886,-0.0005940707559085982,-0.017709280144863636,-0.0009138426454511316,-0.017746467379675876,-0.0005940707559086017,-0.01770927978372991,-0.0009138432873618679,-0.017813974406945165,-0.0025928762795832307,-1.0
lewidi_md,llama,64,LPE,0,16,0.6791226452304429,0.14180078281752306,0.30265575532134564,0.3189580730657385,0.6319921491658489,0.6319921491658489,0.48132073879241943,0.13452129065990448,-0.017797363041509785,-0.0057219608591146595,-0.017797363041509785,-0.0057219608591146595,-0.023539861379801016,-0.003825529581491469,-0.019667003922955697,-0.00518401671695823,-0.02353986137980102,-0.003825529581491474,-0.01966700431226187,-0.005184016335072251,-0.009894788139780553,-0.0022925526184213968,-0.5
lewidi_md,llama,64,LP-temp,0,16,0.675412056216067,0.14757326028587645,0.3150811912243374,0.3482332703483305,0.6064769381746811,0.6064769381746811,0.684233963070048,,-0.021780974033067894,,-0.021780974033067894,,-0.02443688195141723,,-0.022738544810336287,,-0.02443688195141723,,-0.022738545247817297,,-0.00041076764761752675,,-1.0
lewidi_md,llama,64,GPP-cosine,0,64,0.7743737898790308,0.14133851546357562,0.2826042350641937,0.2865898697391313,0.6506378802747792,0.6506378802747792,0.4103647768497467,0.039752960205078125,0.10846005618988036,0.06743058239272577,0.10846005618988036,0.06743058239272579,0.10359695215734735,0.06289090623786625,0.10772333910968031,0.0665111068213261,0.10359695215734738,0.06289090623786625,0.10772333919950153,0.06651110738162457,0.08010150581595069,0.1251936794912857,1.0
lewidi_md,llama,64,GPP-rbf,0,64,0.6384944825444522,0.12625043323017257,0.27635821329395016,0.3103759883795239,0.6872751063133792,0.6872751063133792,0.4583418369293213,0.14962953329086304,0.08773940727927539,-0.02584611006482346,0.08773940727927537,-0.02584611006482346,0.08551815539524735,-0.019823926559473348,0.08766470370198809,-0.024190455024629853,0.08551815539524735,-0.019823926559473348,0.0876647017652779,-0.024190457080306326,0.10090431247805781,-0.027405097459639535,1.0
lewidi_md,llama,64,GPP-laplace,0,64,0.6583245675360158,0.14050928637672463,0.3013998218390105,0.3433835110796697,0.6663395485770363,0.6663395485770363,0.4328487515449524,0.24654018878936768,-0.00485753694027649,-0.012439357073125521,-0.0048575369402764955,-0.012439357073125518,-0.00464890684496042,-0.01020322570236603,-0.004827333089216186,-0.011844065619195179,-0.004648906844960422,-0.01020322570236603,-0.004827334093693218,-0.011844066835083454,-0.02052318853564413,-0.020428392510988814,-1.0
lewidi_md,llama,64,LPE,0,64,0.7071782423181744,0.13395300642784283,0.2779804628180277,0.292979503968708,0.6840039254170756,0.6840039254170756,0.3976447284221649,0.09743348509073257,0.07386854848716139,0.05433053085544629,0.07386854848716137,0.054330530855446285,0.0744848247718112,0.05138814862923427,0.07456235452699529,0.053807395304628976,0.0744848247718112,0.051388148629234284,0.0745623530602206,0.05380739296077813,0.07905609551043763,0.04369160657263447,1.0
lewidi_md,llama,64,LP-temp,0,64,0.6637634118344803,0.1323538991864142,0.28323166740360894,0.30562462806226165,0.6748446189074255,0.6748446189074255,0.5818684580209805,,0.05848796816784797,,0.058487968167847966,,0.0588372513160757,,0.05899510877830286,,0.05883725131607571,,0.05899510790751977,,0.06098756816425101,,1.0
lewidi_md,llama,64,GPP-cosine,0,256,0.8170171969835563,0.12983135348440542,0.2586354789672619,0.27279336765176315,0.713771671573438,0.713771671573438,0.34833166003227234,0.01864205114543438,0.17171157028169665,0.08600109610458097,0.17171157028169665,0.08600109610458095,0.1637947423442793,0.08545347962953008,0.170478970824661,0.0864238325376456,0.1637947423442793,0.0854534796295301,0.17047896971461013,0.08642383168281173,0.1690496439546994,0.17656784212149304,1.0
lewidi_md,llama,64,GPP-rbf,0,256,0.6475865930053918,0.1145769677664429,0.25135271301838674,0.2794701492867151,0.7248936866208702,0.7248936866208702,0.37828242778778076,0.10478785634040833,0.17780259621444747,0.08125633722665958,0.1778025962144475,0.08125633722665956,0.16435143932068735,0.07530003190076462,0.17492742611614548,0.08000047856734391,0.16435143932068735,0.07530003190076463,0.1749274210735871,0.08000047410053147,0.17094769345543723,0.07982587961684172,1.0
lewidi_md,llama,64,GPP-laplace,0,256,0.6507248911590833,0.1316653614686997,0.2866245327059802,0.3091429302919318,0.666993784756297,0.666993784756297,0.39098143577575684,0.22082579135894775,0.0018482351242948645,-0.0028655160298823694,0.0018482351242948628,-0.0028655160298823694,0.002329060789240162,-0.0015350462995438602,0.002007235998764397,-0.0024802400365179812,0.0023290607892401654,-0.0015350462995438532,0.0020072323475144593,-0.0024802433208012883,-0.01175536692536756,-0.013017101585433278,0.5
lewidi_md,llama,64,LPE,0,256,0.7836649647848148,0.12849584449539145,0.2586681187396419,0.27642588368166604,0.7121360811252863,0.7121360811252863,0.24983300268650055,0.1317463368177414,0.17431640185922764,0.1222220632915068,0.17431640185922764,0.12222206329150681,0.1600981278577734,0.10999548656858676,0.17118387555296832,0.11933866704957691,0.16009812785777341,0.10999548656858676,0.1711838722005611,0.11933866320416706,0.16523174737273932,0.1213049107516891,1.0
lewidi_md,llama,64,LP-temp,0,256,0.6668425353554899,0.12037988689119283,0.25768815617552376,0.2809265848727424,0.708210664049722,0.708210664049722,0.48812745328727525,,0.16477077401505805,,0.16477077401505807,,0.15339948413729307,,0.16243927757472673,,0.15339948413729307,,0.1624392756195402,,0.15029718277036735,,1.0
lewidi_md,llama,64,GPP-cosine,0,1024,0.6354358910997439,0.09673640887146308,0.21975213328706084,0.2470239546508884,0.7530258423290808,0.7530258423290808,0.406090646982193,0.009288412518799305,0.30220590083456694,0.16659312221420297,0.30220590083456694,0.16659312221420297,0.29280471663187024,0.16496625644541718,0.3014158797309869,0.16723972784804061,0.29280471663187024,0.16496625644541718,0.30141587751628174,0.16723972698319894,0.29259252558347765,0.27832726356943216,1.0
lewidi_md,llama,64,GPP-rbf,0,1024,0.5986154631486231,0.09109226650801915,0.21209579962315245,0.24268093280190248,0.7687275106313379,0.7687275106313379,0.34964969754219055,0.06801670044660568,0.35425658955718714,0.22810522777689388,0.3542565895571871,0.22810522777689388,0.34377549491953785,0.22559353406728605,0.3534946319624799,0.22890411085700282,0.34377549491953785,0.22559353406728605,0.35349462856557323,0.228904107341581,0.34330991895729296,0.25538024760998973,1.0
lewidi_md,llama,64,GPP-laplace,0,1024,0.6219165583454153,0.1189060435295937,0.26612698354160896,0.2931081132665793,0.6728819103696434,0.6728819103696434,0.37664422392845154,0.21105575561523438,0.18990614310781995,0.16806446717323287,0.18990614310781995,0.16806446717323284,0.1795145357530125,0.15981017715131937,0.1880450648277864,0.16670416972098842,0.1795145357530125,0.15981017715131937,0.18804505873528232,0.166704163926228,0.1650171740634078,0.144465294343296,1.0
lewidi_md,llama,64,LPE,0,1024,0.7511191830707901,0.10366738504634639,0.22049135174369092,0.24696041877055552,0.7644749754661433,0.7644749754661433,0.1183135062456131,0.2269902378320694,0.285295181696235,0.2776809239357575,0.28529518169623497,0.2776809239357575,0.27840202044774354,0.2739981582985942,0.2851525554663533,0.2784631644331698,0.27840202044774354,0.2739981582985942,0.28515255489178615,0.27846316270739924,0.29691561247837306,0.28295665343125737,1.0
lewidi_md,llama,64,LP-temp,0,1024,0.5858244572864669,0.10140898323411444,0.2332226328091215,0.27921993499012776,0.7464834805364736,0.7464834805364736,0.5492981295322814,,0.2567210213607588,,0.2567210213607588,,0.2529121316818078,,0.2573212312677806,,0.2529121316818078,,0.257321231065884,,0.2528833928997362,,1.0
lewidi_md,llama,64,GPP-cosine,1,16,0.7631228467361136,0.15904269453101078,0.31866319607056376,0.29597698547037865,0.5855413804383383,0.5855413804383383,0.44777870178222656,0.06998971104621887,0.04239699706782847,0.016450231357874726,0.04239699706782847,0.01645023135787472,0.03835795219503396,0.0163893951610658,0.04145831881277372,0.016544456102129887,0.038357952195033976,0.016389395161065794,0.04145832010077988,0.01654445693995727,0.02241248993117766,0.023803553748847506,0.5
lewidi_md,llama,64,GPP-rbf,1,16,0.6827136705789755,0.1379164479135293,0.2915393937285289,0.29332976587538,0.666012430487406,0.666012430487406,0.3979722857475281,0.1614629030227661,-0.0014219541796730117,-0.05001551516252917,-0.0014219541796730052,-0.05001551516252917,-0.0013810726988718407,-0.046068745859488724,-0.0014192575164463017,-0.049157132564609775,-0.0013810726988718429,-0.046068745859488745,-0.0014192589271948223,-0.04915713405457023,-0.009173056046296712,-0.051705252646559494,-1.0
lewidi_md,llama,64,GPP-laplace,1,16,0.6717950603804892,0.14657195533586875,0.31308437058367605,0.35131663767811333,0.6653581943081452,0.6653581943081452,0.4371671676635742,0.25139638781547546,-0.023190752327764866,-0.005401227277378684,-0.02319075232776486,-0.005401227277378684,-0.02318965472197,-0.004469721478446594,-0.023349353199077414,-0.005154749933628255,-0.023189654721969998,-0.004469721478446598,-0.023349353326036763,-0.005154750743981536,-0.02498550803334497,-0.005745999586082779,-1.0
lewidi_md,llama,64,LPE,1,16,0.7845830805866287,0.15437777743527614,0.303144059583574,0.2838797749524963,0.6656853123977756,0.6656853123977756,0.3475455641746521,0.08506078273057938,0.030280569764649677,-0.0016197055865007394,0.030280569764649674,-0.0016197055865007394,0.026035749337156276,-0.0006387090313338516,0.029196227470215552,-0.0013322500671649543,0.026035749337156282,-0.0006387090313338482,0.02919622658316927,-0.0013322506986386661,0.02525362817435354,0.007350289767441895,0.5
lewidi_md,llama,64,LP-temp,1,16,0.6680918176191504,0.13540566500019197,0.2904076390101123,0.3039696515345158,0.661432777232581,0.661432777232581,0.5904189030376745,,0.021695381895160484,,0.021695381895160484,,0.018701734687672604,,0.020932983481930293,,0.018701734687672604,,0.02093298243947797,,0.020385323317294264,,0.5
lewidi_md,llama,64,GPP-cosine,1,64,1.3757726125118095,0.26337444187237585,0.41117100164520515,0.298937677685231,0.5148838730781812,0.5148838730781812,0.26659220457077026,0.03296641632914543,0.05848103956912748,0.0033577177205561456,0.058481039569127466,0.0033577177205561482,0.049198215129257386,-0.0027450804693747418,0.056056702206330064,0.0015234070703191455,0.04919821512925737,-0.002745080469374748,0.05605670269851594,0.00152340748761199,0.0498008365751651,0.021719533865551786,0.5
lewidi_md,llama,64,GPP-rbf,1,64,0.6651268862162806,0.13990441371339496,0.2989415003070264,0.32561689934726146,0.6195616617598954,0.6195616617598954,0.4779221713542938,0.16821002960205078,0.12904799123830993,-0.020673845009990595,0.12904799123830993,-0.020673845009990595,0.11813322583754945,-0.019324800760644443,0.12661061159703488,-0.020404963209306924,0.11813322583754945,-0.01932480076064444,0.1266106104648324,-0.02040496484034845,0.11789857599910905,-0.034563376911704954,1.0
lewidi_md,llama,64,GPP-laplace,1,64,0.6747552183979232,0.14785176221745533,0.3156935577571762,0.35279016013737435,0.6617598953222114,0.6617598953222114,0.4391046166419983,0.2509089708328247,0.01411576803129511,0.0009758134827873507,0.014115768031295111,0.0009758134827873473,0.012919733700273644,0.002374372003785017,0.013848508228520354,0.0014081376530349007,0.01291973370027365,0.0023743720037850136,0.013848507997350167,0.0014081365899205958,0.007306416706327573,-0.0008565306127021806,1.0
lewidi_md,llama,64,LPE,1,64,0.7319917478411954,0.1524671769718019,0.308474775933224,0.30011038159369974,0.5982989859339222,0.5982989859339222,0.4284682273864746,0.13144521415233612,0.10160972464137452,0.042858766914880705,0.10160972464137452,0.04285876691488071,0.08978559627177493,0.03891871686122485,0.09870754523584722,0.041953381372116336,0.08978559627177493,0.03891871686122485,0.09870754396320372,0.041953379937841456,0.08908015243834332,0.041327045864510845,0.5
lewidi_md,llama,64,LP-temp,1,64,0.6825906301382353,0.15099118835648062,0.32091831824419254,0.3536966864236088,0.5884854432450114,0.5884854432450114,0.6909333228347482,,0.07900750611436552,,0.07900750611436552,,0.06628537233092871,,0.07567712674647797,,0.06628537233092872,,0.07567712606427365,,0.0809928213975381,,0.5
lewidi_md,llama,64,GPP-cosine,1,256,0.6941455728541356,0.11387758713453609,0.24400530511623741,0.261146622717067,0.7180242067386327,0.7180242067386327,0.39562541246414185,0.023132655769586563,0.2307406777404649,0.12770411156237804,0.23074067774046486,0.12770411156237804,0.2159973873096531,0.1197753956649372,0.22783506492068667,0.12616629452421316,0.21599738730965312,0.11977539566493721,0.2278350636632745,0.12616629431996168,0.21644002131267875,0.2023367714877142,1.0
lewidi_md,llama,64,GPP-rbf,1,256,0.6394969452957197,0.11437818467636421,0.253549359618489,0.28355677751820807,0.7235852142623487,0.7235852142623487,0.39379820227622986,0.10674210637807846,0.1577302863091265,0.06800096281574701,0.1577302863091265,0.06800096281574701,0.14795536509685325,0.06575792829504196,0.15583637675694523,0.06778435496584174,0.14795536509685325,0.06575792829504196,0.15583637306469872,0.06778435146266515,0.14330184203881297,0.06568271050831935,1.0
lewidi_md,llama,64,GPP-laplace,1,256,0.6526320859701228,0.1320285260266468,0.2875232816615017,0.3083555371109185,0.666993784756297,0.666993784756297,0.3882926106452942,0.2190488874912262,-0.030937380522935265,-0.03166584793351263,-0.030937380522935272,-0.03166584793351263,-0.032135462120491703,-0.03162336038104955,-0.0315140294997232,-0.03186993521661524,-0.03213546212049171,-0.031623360381049556,-0.031514032958363164,-0.03186993828764229,-0.0450630986843249,-0.04445041359506064,-1.0
lewidi_md,llama,64,LPE,1,256,0.7304398824220825,0.1261409334173855,0.26116827150961663,0.27801431144899247,0.7039581288845274,0.7039581288845274,0.25051507353782654,0.17996934056282043,0.16028050671523997,0.11205654376588314,0.16028050671523994,0.11205654376588314,0.15008404453476376,0.10668249615832659,0.15827578322559654,0.11118897446750478,0.15008404453476376,0.1066824961583266,0.15827578169738793,0.11118897260093197,0.1501724965664175,0.10748369451874071,1.0
lewidi_md,llama,64,LP-temp,1,256,0.6370751883952863,0.12622650704544414,0.27621875177808325,0.31013904372219575,0.6719005561007524,0.6719005561007524,0.6137751985219281,,0.1472567161963388,,0.1472567161963388,,0.1369352364391901,,0.14512468800716297,,0.1369352364391901,,0.1451246878549537,,0.11656076273648258,,1.0
lewidi_md,llama,64,GPP-cosine,1,1024,0.6341762812197493,0.10187481779416004,0.22881624300351458,0.2530756963872656,0.735688583578672,0.735688583578672,0.42900779843330383,0.009875955060124397,0.2876857043445106,0.14030596094642828,0.2876857043445106,0.14030596094642828,0.26847193756749965,0.13133870385018026,0.2838098147430951,0.1385384400295881,0.26847193756749965,0.13133870385018026,0.2838098130989998,0.13853843944005476,0.2647414451732053,0.23167005144004243,1.0
lewidi_md,llama,64,GPP-rbf,1,1024,0.5816703358682792,0.0886208203788289,0.20946397726079172,0.24919779833793917,0.7687275106313379,0.7687275106313379,0.37241747975349426,0.0705842673778534,0.32119975900659886,0.20060813925553517,0.32119975900659886,0.2006081392555352,0.3105752256389878,0.19755077770737334,0.32016759649798,0.20105250622478457,0.3105752256389879,0.19755077770737334,0.32016759290831526,0.2010525026295013,0.30978667178675057,0.21655160373263452,1.0
lewidi_md,llama,64,GPP-laplace,1,1024,0.626777877987159,0.12107340180695686,0.26967006956254846,0.29644905604906785,0.6679751390251881,0.6679751390251881,0.3793940544128418,0.21226991713047028,0.14836945611510438,0.12941047919996773,0.14836945611510438,0.12941047919996773,0.14004856528987553,0.12298308664073818,0.1468539121187008,0.12834126848312905,0.14004856528987555,0.12298308664073818,0.146853906397478,0.1283412630254764,0.13056215717327765,0.1126562014783568,1.0
lewidi_md,llama,64,LPE,1,1024,0.6802824647783634,0.09691173159876679,0.21578137381028295,0.25321248513162975,0.7693817468105987,0.7693817468105987,0.12106092274188995,0.2676249146461487,0.2475936557451427,0.24791712058898763,0.24759365574514264,0.24791712058898768,0.23794160484114169,0.23918849694958896,0.2463530078227268,0.24695972485383644,0.2379416048411417,0.239188496949589,0.24635300721040457,0.24695972314236353,0.25801827848195275,0.24078638595568905,1.0
lewidi_md,llama,64,LP-temp,1,1024,0.574908532285996,0.1026526982210687,0.23853818443260688,0.2991917294106059,0.7553156689564933,0.7553156689564933,0.6070292918306002,,0.26091207608484523,,0.26091207608484523,,0.2505308903899792,,0.259540799794301,,0.2505308903899792,,0.2595407999911611,,0.24588035611136425,,1.0
lewidi_md,llama,64,GPP-cosine,2,16,0.9316508099910786,0.19666651107126454,0.3602835852894844,0.31268419817545356,0.5286228328426562,0.5286228328426562,0.4527834951877594,0.06587760150432587,-0.005309412904373742,-0.02931127829297603,-0.005309412904373744,-0.02931127829297603,-0.006369070285089772,-0.027043502852682273,-0.0056682958630241125,-0.02882198589840059,-0.006369070285089775,-0.027043502852682273,-0.0056682963890882145,-0.0288219857120062,-0.008636383336068625,-0.011228534029258552,-1.0
lewidi_md,llama,64,GPP-rbf,2,16,0.7101573198248723,0.14431299322727392,0.29762011578280356,0.29056161674982706,0.6673209028459274,0.6673209028459274,0.3767819106578827,0.1565711498260498,-0.03256333411108926,-0.06405768789455174,-0.03256333411108925,-0.06405768789455173,-0.02522833089369994,-0.055989487001292804,-0.030554171873095955,-0.06204122727521131,-0.025228330893699948,-0.055989487001292804,-0.03055417282056843,-0.06204122823474014,-0.033672810355393004,-0.06643676510007132,-0.5
lewidi_md,llama,64,GPP-laplace,2,16,0.668538257309851,0.14501311190283947,0.30949793870801195,0.348230813194191,0.6663395485770363,0.6663395485770363,0.43501386046409607,0.2501717209815979,-0.031460145648997656,-0.014653864307027135,-0.031460145648997656,-0.014653864307027132,-0.030041002024960357,-0.012544528037067227,-0.03124385240226408,-0.01411233845441204,-0.030041002024960357,-0.012544528037067222,-0.031243852858016386,-0.014112339347294446,-0.0415545922590301,-0.017961004209047164,-1.0
lewidi_md,llama,64,LPE,2,16,1.0998851479977514,0.20022714707877076,0.334613225603687,0.3034359735251223,0.666993784756297,0.666993784756297,0.19435110688209534,0.030642827972769737,0.013333788418774608,0.0005237149019696723,0.0133337884187746,0.0005237149019696793,0.021222463173037328,0.00844778288503998,0.0158260049370938,0.002938910742491802,0.02122246317303733,0.008447782885039976,0.01582600453151661,0.002938909760611004,0.02302503490667307,0.013247550605076009,0.5
lewidi_md,llama,64,LP-temp,2,16,0.719099401520505,0.14488069031548645,0.2953480909505087,0.2838944879569845,0.6663395485770363,0.6663395485770363,0.5171446417655345,,0.015235195976110179,,0.015235195976110184,,0.021609347559792193,,0.01727951437852435,,0.021609347559792193,,0.017279514180798525,,0.021845267960223666,,0.5
lewidi_md,llama,64,GPP-cosine,2,64,1.2370249339182584,0.2366069461668512,0.3853822114533067,0.30830378527754104,0.5502126267582598,0.5502126267582598,0.2908174693584442,0.032775718718767166,0.006445492507420658,-0.03961285157123638,0.006445492507420658,-0.03961285157123638,0.00516104174084802,-0.035074612008724304,0.006098756821299331,-0.03850316787800533,0.0051610417408480165,-0.035074612008724304,0.0060987581808044575,-0.03850316671443067,0.0046980235920539345,-0.01162293328390342,0.5
lewidi_md,llama,64,GPP-rbf,2,64,0.6435242118184119,0.13193524630842793,0.28762482082435303,0.327742106513816,0.6663395485770363,0.6663395485770363,0.4837084114551544,0.16140608489513397,0.06377082211376661,-0.06173549104290814,0.06377082211376661,-0.06173549104290813,0.05805195067428514,-0.05766123636996241,0.062467389169385074,-0.06091863100205431,0.05805195067428514,-0.05766123636996241,0.062467388274066366,-0.06091863263356596,0.07645174990650734,-0.06445390785338928,0.5
lewidi_md,llama,64,GPP-laplace,2,64,0.6790863229473544,0.14972699944406773,0.31923110456268966,0.35459010932286267,0.6722276741903828,0.6722276741903828,0.44059738516807556,0.2512396275997162,0.0020711725509708033,-0.009893227692495867,0.002071172550970793,-0.009893227692495867,0.001288190417334377,-0.008596119920467264,0.0018470747074197727,-0.009566268601289217,0.0012881904173343804,-0.008596119920467264,0.0018470748113949345,-0.009566269598137118,0.0015137301087580935,-0.010305528650630509,0.5
lewidi_md,llama,64,LPE,2,64,0.6992348941566862,0.1400969792689218,0.29239726968524393,0.30428919218816647,0.6424599280340203,0.6424599280340203,0.4443775713443756,0.10696260631084442,0.0598718210453479,-2.27055035355566e-05,0.059871821045347905,-2.2705503535565275e-05,0.05195971242749443,-0.006189251750242623,0.057874178151793486,-0.0018995845105065409,0.05195971242749444,-0.0061892517502426265,0.057874177634037946,-0.0018995859599096627,0.055215900196201886,-0.0047368690621134866,0.5
lewidi_md,llama,64,LP-temp,2,64,0.6531378165565511,0.13604886298415367,0.29460383752987496,0.33033715692555404,0.6447497546614328,0.6447497546614328,0.6519607534237617,,0.05873597422482773,,0.05873597422482772,,0.04962582416384548,,0.0563659356531853,,0.04962582416384548,,0.05636593501661842,,0.05979931048826052,,0.5
lewidi_md,llama,64,GPP-cosine,2,256,0.7003884736018551,0.10953842789301332,0.23484442881382073,0.24821744875175286,0.7271835132482827,0.7271835132482827,0.36678484082221985,0.020937450230121613,0.29318408357092823,0.1773682227804298,0.2931840835709283,0.17736822278042977,0.2811452841951334,0.17160162129473022,0.2915295021770546,0.17682878925484838,0.2811452841951334,0.17160162129473022,0.291529500057903,0.17682878799071622,0.28225705315477745,0.28193853160812854,1.0
lewidi_md,llama,64,GPP-rbf,2,256,0.6642159387302513,0.1193303352884161,0.25824021875716946,0.27462649583302123,0.7049394831534184,0.7049394831534184,0.3646911382675171,0.10246734321117401,0.19333027616513868,0.09844206601367017,0.19333027616513868,0.09844206601367017,0.18102110925866055,0.0941543669694776,0.19090907570028665,0.09781181034013894,0.18102110925866055,0.0941543669694776,0.19090907113445188,0.0978118062409592,0.1759274906085643,0.09620602906500698,1.0
lewidi_md,llama,64,GPP-laplace,2,256,0.6689545961441321,0.13480071595526794,0.2883285992286215,0.29684396959830794,0.666993784756297,0.666993784756297,0.3673102855682373,0.207467183470726,-0.015072359306529918,-0.01803541168069161,-0.015072359306529918,-0.018035411680691605,-0.014296883719960117,-0.016633545597228683,-0.01493964800633969,-0.017732371938852055,-0.01429688371996012,-0.016633545597228683,-0.014939650715383798,-0.017732374443126503,-0.02965699760225656,-0.031088955312576456,-1.0
lewidi_md,llama,64,LPE,2,256,0.7523245078880189,0.12614110166288936,0.25617716369372817,0.2655239488751422,0.714753025842329,0.714753025842329,0.23744907975196838,0.14915290474891663,0.21217863238713724,0.16678171892613186,0.21217863238713724,0.16678171892613186,0.20010775853109702,0.15930040341698887,0.20995912875055045,0.16564787697064282,0.20010775853109702,0.15930040341698887,0.209959125513141,0.1656478736524468,0.20418460428772692,0.1690962545510659,1.0
lewidi_md,llama,64,LP-temp,2,256,0.6220759065199308,0.11893624869341028,0.2635399097300306,0.29986378816719,0.6970886490022898,0.6970886490022898,0.5942562382337077,,0.18615539494779768,,0.18615539494779765,,0.17661424196886147,,0.18452743821650724,,0.1766142419688615,,0.18452743684213813,,0.16694281828749413,,1.0
lewidi_md,llama,64,GPP-cosine,2,1024,0.6227485101398104,0.09659853644123423,0.21892469572641654,0.26017286202945894,0.7729800457965326,0.7729800457965326,0.4319029748439789,0.009534073062241077,0.24979121038540272,0.12479852344868714,0.24979121038540272,0.12479852344868714,0.2383105409035804,0.12073981679662943,0.24800910232520645,0.1244185898771876,0.2383105409035804,0.12073981679662944,0.24800909978893315,0.12441858909307935,0.24473693280667486,0.22750715859321463,1.0
lewidi_md,llama,64,GPP-rbf,2,1024,0.5789856685910517,0.08745849306944911,0.20620385833221638,0.2491042433812706,0.7965325482499183,0.7965325482499183,0.3700558543205261,0.07090028375387192,0.3200395721885806,0.20060948940557372,0.3200395721885806,0.20060948940557366,0.3093626330362477,0.19614277930303994,0.31898350933634856,0.20062494524012262,0.3093626330362477,0.19614277930303994,0.3189835062831673,0.20062494189525912,0.30823011273981665,0.22189413220998333,1.0
lewidi_md,llama,64,GPP-laplace,2,1024,0.6212824742632753,0.11995604545749237,0.26902828824370956,0.3020300798461578,0.6738632646385345,0.6738632646385345,0.3860883116722107,0.21631334722042084,0.13394762264202117,0.11717026601785471,0.13394762264202117,0.11717026601785471,0.1229955239335381,0.1088853558074744,0.13153246001184446,0.1154518526014481,0.1229955239335381,0.1088853558074744,0.1315324538551887,0.11545184670735219,0.11347064648370819,0.09842052125249945,1.0
lewidi_md,llama,64,LPE,2,1024,0.7110415175133348,0.10219878546949805,0.22197603365932658,0.25649877103051894,0.7641478573765129,0.7641478573765129,0.1146177351474762,0.2627886235713959,0.24009005983635962,0.22876909917811178,0.2400900598363596,0.22876909917811175,0.23375929454591277,0.22196637652190643,0.2398087852525438,0.22826660255543324,0.23375929454591277,0.22196637652190643,0.2398087858917611,0.22826660238735946,0.25187118010387693,0.2234881105258483,1.0
lewidi_md,llama,64,LP-temp,2,1024,0.5818637501096728,0.10689233336422294,0.24512525038386068,0.30909802299443484,0.7562970232253844,0.7562970232253844,0.6258816884528812,,0.24131298061905065,,0.24131298061905068,,0.2319019546687455,,0.24010264228234007,,0.23190195466874552,,0.24010264354476507,,0.23853472251425759,,1.0
lewidi_md,llama,64,GPP-cosine,3,16,1.8697535766396105,0.3259474373469827,0.46338492965660966,0.3221411912055682,0.49035001635590447,0.49035001635590447,0.1605307012796402,0.03461753576993942,-0.039919020384314594,-0.019647991097552095,-0.039919020384314594,-0.019647991097552095,-0.03707799825924149,-0.01573210309383675,-0.03932796523090036,-0.018590886875634496,-0.03707799825924149,-0.01573210309383675,-0.03932796362852019,-0.01859088586426063,-0.030206976733198367,-0.028923832734521364,-1.0
lewidi_md,llama,64,GPP-rbf,3,16,0.6617019240108131,0.1351264296213316,0.29057423412887573,0.30896411083132397,0.6650310762185149,0.6650310762185149,0.4393710196018219,0.16802090406417847,0.025584062232755698,-0.05673092894209679,0.025584062232755698,-0.05673092894209679,0.02234663841037864,-0.052509788047377805,0.02477412355807108,-0.05583506748734766,0.022346638410378636,-0.05250978804737781,0.02477412174696774,-0.05583506914090247,0.030536890852027414,-0.05557940399593889,0.5
lewidi_md,llama,64,GPP-laplace,3,16,0.6760292495993507,0.1483973323019597,0.31653314099412827,0.3531918044928032,0.6676480209355578,0.6676480209355578,0.43849581480026245,0.251942902803421,-0.017950162096937526,-0.0018488996854565433,-0.017950162096937533,-0.0018488996854565433,-0.017954774326238758,-0.0012585260147035537,-0.018074584967738262,-0.001681896879588897,-0.017954774326238772,-0.0012585260147035503,-0.018074584973266868,-0.001681897695056729,-0.017702652276218898,-0.002297499000840739,-1.0
lewidi_md,llama,64,LPE,3,16,0.7333110926097299,0.14598770975871037,0.29583776887813334,0.28494917362559996,0.6663395485770363,0.6663395485770363,0.38870444893836975,0.10080111771821976,0.03615384490315122,-0.003808522050181682,0.03615384490315122,-0.003808522050181681,0.030537696287316157,-0.002287855985992986,0.03469240507430583,-0.003371824579591367,0.03053769628731616,-0.0022878559859929844,0.03469240401175776,-0.0033718263352369524,0.03356914274515531,0.006830002163981548,0.5
lewidi_md,llama,64,LP-temp,3,16,0.6619706958838931,0.14159331523039073,0.30337572470156765,0.3418905984031057,0.6483480536473667,0.6483480536473667,0.6759823452785192,,0.029227979688815093,,0.029227979688815093,,0.024986512619378225,,0.028137444159352955,,0.024986512619378225,,0.02813744335189541,,0.03322945455648643,,0.5
lewidi_md,llama,64,GPP-cosine,3,64,1.089961513059557,0.20947722630851187,0.35969986338154436,0.2983046593199399,0.5691854759568205,0.5691854759568205,0.2853059470653534,0.034042853862047195,0.0457086524315464,0.013387750982176178,0.0457086524315464,0.013387750982176176,0.0427687365574969,0.01251031849800703,0.04512717852527801,0.013212464921991155,0.0427687365574969,0.012510318498007024,0.045127180769935424,0.013212466205030646,0.0588065027023898,0.05277432981727846,1.0
lewidi_md,llama,64,GPP-rbf,3,64,0.6981320407056111,0.13553542413001604,0.28426975378505265,0.28462147012390865,0.6676480209355578,0.6676480209355578,0.37532880902290344,0.11935189366340637,0.08306649263360624,-0.003948623381595507,0.08306649263360624,-0.0039486233815955035,0.06934724335073662,-0.006173204204088312,0.07946046942179177,-0.004652712519019778,0.06934724335073662,-0.006173204204088307,0.07946046573544782,-0.004652715440828566,0.07927197707961398,-0.00883851695066142,0.5
lewidi_md,llama,64,GPP-laplace,3,64,0.6578539371259929,0.13562752240284712,0.29285026850324464,0.3175258875670536,0.666993784756297,0.666993784756297,0.3999480903148651,0.22737471759319305,-0.031450248586054066,-0.030599995652400735,-0.03145024858605408,-0.03059999565240074,-0.031216053000548957,-0.029621086039771687,-0.031594513965449954,-0.03051178805977802,-0.03121605300054896,-0.02962108603977168,-0.03159451560522043,-0.030511789637418664,-0.058207013884844214,-0.05017640956100818,-1.0
lewidi_md,llama,64,LPE,3,64,0.8534367621260617,0.15502452411888623,0.2946938676713284,0.28598097902243536,0.671573438011122,0.671573438011122,0.2894444465637207,0.062333956360816956,0.09644130905763675,0.06173167572402146,0.09644130905763673,0.06173167572402145,0.08367768277010897,0.04812979397595528,0.09321778226778783,0.058015156590014896,0.08367768277010898,0.04812979397595528,0.09321777884295324,0.05801515295553546,0.08662957766954729,0.06330339087093079,0.5
lewidi_md,llama,64,LP-temp,3,64,0.6357290645388524,0.1283444792555388,0.28299404888225344,0.3232859989583379,0.6774615636244684,0.6774615636244684,0.6409909731960768,,0.07965261503732142,,0.0796526150373214,,0.07006013376617251,,0.07727913361995652,,0.07006013376617251,,0.07727913126731713,,0.08187706186570233,,0.5
lewidi_md,llama,64,GPP-cosine,3,256,0.745981659770411,0.11931906389591218,0.24757680979685484,0.26703674323487975,0.7245665685312398,0.7245665685312398,0.38026198744773865,0.02015519142150879,0.19752054808454314,0.12706270555216959,0.19752054808454317,0.12706270555216959,0.19336980575918994,0.12718177734294445,0.19761099571156704,0.12796975213341996,0.19336980575918994,0.12718177734294445,0.1976109956268821,0.1279697526332461,0.1915526878890694,0.2345030992617516,1.0
lewidi_md,llama,64,GPP-rbf,3,256,0.6483961891759152,0.1201151483809746,0.26099950145333844,0.28761583087935627,0.7052666012430487,0.7052666012430487,0.4105125963687897,0.11425510793924332,0.16153576100316636,0.05586168269336656,0.16153576100316636,0.055861682693366554,0.1562280309995968,0.05777121690486481,0.16102747438632725,0.05682567036220955,0.1562280309995968,0.0577712169048648,0.161027471605439,0.05682566747717738,0.15464857127440823,0.04801941235693731,1.0
lewidi_md,llama,64,GPP-laplace,3,256,0.6454196976738709,0.13218416198854904,0.2886336663915201,0.32190219192180664,0.666993784756297,0.666993784756297,0.40897315740585327,0.23142944276332855,0.00857654361037999,-0.0028172042377256415,0.008576543610379989,-0.002817204237725652,0.007926234643461365,-0.001876218241879786,0.008437407193322975,-0.0025501324176867984,0.007926234643461368,-0.001876218241879786,0.008437404202242831,-0.002550135044213638,-0.026755584369607108,-0.03117156805831536,1.0
lewidi_md,llama,64,LPE,3,256,0.756506685071135,0.13381613349470886,0.2696964326380045,0.27833246854920585,0.6957801766437685,0.6957801766437685,0.2634079158306122,0.16368255019187927,0.1540084727998834,0.13175605071782243,0.15400847279988336,0.13175605071782243,0.15139833076026568,0.12772011344120737,0.1542695813392537,0.13143072930750815,0.1513983307602657,0.12772011344120737,0.15426957992187004,0.13143072738861702,0.14782320444620592,0.1313484590769908,1.0
lewidi_md,llama,64,LP-temp,3,256,0.6545151278320078,0.12654619138187895,0.2720344376415724,0.2935810331191983,0.677134445534838,0.677134445534838,0.5621329422497823,,0.14928679870964942,,0.1492867987096494,,0.14582713988997342,,0.14925700636309738,,0.14582713988997342,,0.14925700577859463,,0.1257073661342536,,1.0
lewidi_md,llama,64,GPP-cosine,3,1024,0.6236720149966458,0.0973017300602972,0.22126622884684954,0.24601587033502317,0.746810598626104,0.746810598626104,0.4284409284591675,0.010079081170260906,0.32187664687835327,0.15954558483426878,0.32187664687835327,0.15954558483426876,0.30425133620245026,0.15403626666895914,0.31871851050172995,0.15896230756066926,0.30425133620245026,0.15403626666895914,0.3187185081790335,0.1589623069064121,0.3071697677911137,0.27387250460340223,1.0
lewidi_md,llama,64,GPP-rbf,3,1024,0.5982063150206279,0.09303524071024123,0.21665891251064234,0.2502335879563528,0.7595682041216879,0.7595682041216879,0.3635737895965576,0.07022559642791748,0.31689094726947453,0.18790769304740054,0.31689094726947453,0.18790769304740054,0.3041882914303279,0.18401901961349065,0.3151968001741167,0.18801201808331341,0.3041882914303279,0.18401901961349065,0.3151967970354602,0.18801201486963914,0.3052734442878537,0.20448594133972423,1.0
lewidi_md,llama,64,GPP-laplace,3,1024,0.6325772546385205,0.12245400215228389,0.27163245232448613,0.29446429126540197,0.6692836113837095,0.6692836113837095,0.3736729919910431,0.20924997329711914,0.12638542903313038,0.10633897649205916,0.12638542903313038,0.10633897649205915,0.11707723660514255,0.0992051151973111,0.12441874541745981,0.10489664180309252,0.11707723660514256,0.0992051151973111,0.12441874009726615,0.1048966368435477,0.11224694197561425,0.08827872664762065,1.0
lewidi_md,llama,64,LPE,3,1024,0.7012596299173315,0.10347587653648078,0.22606072398554358,0.2538728234933418,0.7477919528949951,0.7477919528949951,0.11443762481212616,0.27081725001335144,0.2758972447461189,0.23681316956322784,0.2758972447461189,0.23681316956322784,0.2648339490516035,0.23383461999287414,0.274421074438174,0.237529648767762,0.2648339490516035,0.2338346199928742,0.27442107369725566,0.2375296473582575,0.27887360666697386,0.23378660532305723,1.0
lewidi_md,llama,64,LP-temp,3,1024,0.5858718381555265,0.10847357886801685,0.24868560339849002,0.30902456359851177,0.742230945371279,0.742230945371279,0.630117770303937,,0.28411718470954006,,0.28411718470954006,,0.2702665162602308,,0.2818490411920733,,0.2702665162602308,,0.28184904113814363,,0.2678942562782885,,1.0
lewidi_md,llama,64,GPP-cosine,4,16,1.7483747909112923,0.3139066686525355,0.4544409975006576,0.32567866604386264,0.48806018972849197,0.48806018972849197,0.16748107969760895,0.0367114320397377,-0.052996260290206015,-0.03846461211774013,-0.05299626029020601,-0.038464612117740125,-0.048770402182453126,-0.03475070755502971,-0.052073368117576395,-0.03759793678367749,-0.04877040218245313,-0.034750707555029715,-0.05207336719487024,-0.03759793616189938,-0.016475155695011068,-0.007694133464983302,-1.0
lewidi_md,llama,64,GPP-rbf,4,16,0.6805817143102051,0.13759263026773336,0.29135809957098835,0.2947017953109404,0.666993784756297,0.666993784756297,0.41125720739364624,0.15377037227153778,0.032734133035484295,-0.042614640410912945,0.03273413303548428,-0.04261464041091294,0.024007739676619184,-0.04154451735639771,0.030302686412547568,-0.0425810138308388,0.02400773967661919,-0.04154451735639772,0.03030268560344599,-0.04258101510446158,0.02717931830356758,-0.04703166245024818,0.5
lewidi_md,llama,64,GPP-laplace,4,16,0.6680121599747436,0.14487718079926246,0.3097912502890324,0.34903832980368504,0.666993784756297,0.666993784756297,0.4359150528907776,0.2502300441265106,-0.01890274594735384,-0.007488145328343011,-0.018902745947353826,-0.007488145328343018,-0.019847627127095584,-0.0068536632973433455,-0.01931985818341432,-0.007346366471239943,-0.019847627127095598,-0.006853663297343349,-0.01931985845868312,-0.007346367313417462,-0.029165295340386477,-0.00961622159291162,-1.0
lewidi_md,llama,64,LPE,4,16,0.7556259705320101,0.1496680898551708,0.29898438040297487,0.2819863984362601,0.6630683676807327,0.6630683676807327,0.3608580231666565,0.10695033520460129,0.047518427737582365,0.045804195357639146,0.04751842773758236,0.045804195357639146,0.033721029996694164,0.03667243800331458,0.04364499665589594,0.04333895450729931,0.03372102999669417,0.036672438003314586,0.04364499629449907,0.04333895387542833,0.04195285508084943,0.03213567767314596,0.5
lewidi_md,llama,64,LP-temp,4,16,0.7059634363826209,0.14181466948123997,0.29481968996996727,0.2909092150867179,0.6542361792607131,0.6542361792607131,0.534233533394265,,0.04764633342338954,,0.047646333423389545,,0.03464882897422433,,0.044017218025318654,,0.03464882897422434,,0.0440172175979804,,0.04315543957286295,,0.5
lewidi_md,llama,64,GPP-cosine,4,64,0.7764011732750029,0.14580270359303837,0.29149572650956423,0.29235271343848296,0.6509649983644096,0.6509649983644096,0.44329848885536194,0.04281444102525711,0.0967132543697792,0.05477762754105893,0.0967132543697792,0.05477762754105893,0.09478596385715321,0.05628606965925971,0.09678951597648888,0.05561211761983828,0.09478596385715321,0.056286069659259724,0.09678951614045461,0.05561211849986151,0.08647661776456865,0.08838666845526719,1.0
lewidi_md,llama,64,GPP-rbf,4,64,0.6488880717658806,0.13092757310932887,0.2847318176093603,0.3133413600771631,0.6620870134118417,0.6620870134118417,0.45428013801574707,0.16126585006713867,0.08727317846117044,-0.030398222134620456,0.08727317846117044,-0.030398222134620453,0.08554756726566286,-0.024435429793537158,0.08734612266602385,-0.028791839499548715,0.08554756726566284,-0.024435429793537154,0.08734612174850008,-0.028791840973563736,0.08839648326238245,-0.03663172650321303,1.0
lewidi_md,llama,64,GPP-laplace,4,64,0.6605155591502958,0.1412169887534944,0.30233289774947203,0.34231855212084805,0.666993784756297,0.666993784756297,0.4310976266860962,0.24642665684223175,-0.028327395167311482,-0.02368841196918061,-0.02832739516731149,-0.023688411969180614,-0.02712243398678372,-0.02124443425879151,-0.028154816178265277,-0.023106958659650477,-0.02712243398678372,-0.021244434258791516,-0.028154816991488807,-0.023106959746658592,-0.046009667198407024,-0.037593498624918405,-1.0
lewidi_md,llama,64,LPE,4,64,0.7227586053365797,0.14131541743571568,0.29048385279441097,0.2938490440193013,0.6447497546614328,0.6447497546614328,0.39214175939559937,0.11231677979230881,0.08093934070153877,0.05272297143104983,0.08093934070153877,0.05272297143104983,0.07874998467532993,0.05773784854501485,0.08082774088814193,0.054610526739063435,0.07874998467532993,0.05773784854501486,0.08082774040940416,0.054610525115660925,0.07253417058830633,0.056567625387842824,1.0
lewidi_md,llama,64,LP-temp,4,64,0.6580336234800576,0.13890860150244422,0.2995388229567642,0.3339214399934701,0.6175989532221132,0.6175989532221132,0.6625224271253461,,0.07417640967696472,,0.0741764096769647,,0.07507675521475518,,0.07495877908997631,,0.07507675521475518,,0.07495877916963908,,0.06248964135534284,,1.0
lewidi_md,llama,64,GPP-cosine,4,256,0.7025947774938155,0.11037602006663945,0.235660873115777,0.25484759828316333,0.7294733398756952,0.7294733398756952,0.38154324889183044,0.021341055631637573,0.257377818189783,0.15613849748917386,0.25737781818978295,0.15613849748917383,0.2479859663430998,0.15499116634293958,0.25628341364146767,0.1568593949734747,0.24798596634309983,0.15499116634293958,0.25628341141670075,0.15685939429276544,0.24645962763101115,0.2518975398658556,1.0
lewidi_md,llama,64,GPP-rbf,4,256,0.6543443482471331,0.11819574533579712,0.25650630131557933,0.2762752980284537,0.7026496565260059,0.7026496565260059,0.37937313318252563,0.10637415200471878,0.18277314109673837,0.08487094263826889,0.18277314109673837,0.08487094263826887,0.1767153941450065,0.0857607202382234,0.1821821424458503,0.08572338945270605,0.1767153941450065,0.0857607202382234,0.1821821378980315,0.08572338531825183,0.17349257679276958,0.08559135353573177,1.0
lewidi_md,llama,64,GPP-laplace,4,256,0.6729720592340013,0.13608751293382285,0.2901018511115198,0.2975880222858951,0.666993784756297,0.666993784756297,0.3667175769805908,0.20715931057929993,-0.03196468734705839,-0.033000013391600615,-0.03196468734705838,-0.033000013391600615,-0.028312814532328236,-0.02905244567751693,-0.031072344301911088,-0.032024774195759706,-0.02831281453232824,-0.02905244567751694,-0.03107234659853555,-0.03202477633397145,-0.043683786683420184,-0.04323513194878861,-0.5
lewidi_md,llama,64,LPE,4,256,0.7403710235987904,0.12675108430034732,0.2583328846819638,0.2699701767874456,0.709192018318613,0.709192018318613,0.25085198879241943,0.15789465606212616,0.18699712343459496,0.1493460161102506,0.18699712343459493,0.1493460161102506,0.18263737331506644,0.15153046670350634,0.18695184076833565,0.15103435485287608,0.1826373733150664,0.15153046670350634,0.18695183752839034,0.1510343516277376,0.18343266134715874,0.1550081731164406,1.0
lewidi_md,llama,64,LP-temp,4,256,0.6246977021573108,0.11936011629479484,0.2635529199496427,0.2985835840401341,0.6895649329407916,0.6895649329407916,0.5883596564690966,,0.17483091821408084,,0.1748309182140808,,0.17107807340787856,,0.17488696122389658,,0.17107807340787856,,0.17488695967440185,,0.15869048700092833,,1.0
lewidi_md,llama,64,GPP-cosine,4,1024,0.6510298833421081,0.10140554964621211,0.22567977341737472,0.2546480459405128,0.7474648348053647,0.7474648348053647,0.41631263494491577,0.009555707685649395,0.26254828191908475,0.12377960070585897,0.26254828191908475,0.12377960070585899,0.2524698653297194,0.12494617940717355,0.26128036374844227,0.12498294463408555,0.25246986532971943,0.12494617940717355,0.26128036135266597,0.1249829433598735,0.2556949820822127,0.2425427086809056,1.0
lewidi_md,llama,64,GPP-rbf,4,1024,0.5942916584359265,0.09061753420102733,0.2121952102516749,0.24836739241551428,0.7598953222113183,0.7598953222113183,0.35961753129959106,0.0705326646566391,0.32136745395323896,0.1977074815589231,0.32136745395323896,0.1977074815589231,0.3152367693766195,0.19871594612404322,0.32170409626653573,0.1993693605860299,0.3152367693766195,0.19871594612404325,0.3217040940508278,0.1993693577773806,0.31287187613014755,0.21936887562789498,1.0
lewidi_md,llama,64,GPP-laplace,4,1024,0.6263037268648233,0.1214074189651898,0.27054517164748404,0.3003972297759527,0.671573438011122,0.671573438011122,0.383374959230423,0.2148168385028839,0.13319860158287106,0.11445761533920133,0.13319860158287106,0.11445761533920132,0.12438586161772518,0.10820883790985347,0.13142939693025457,0.11334028667638962,0.12438586161772519,0.10820883790985347,0.1314293917762208,0.11334028174751805,0.1139538689370914,0.09839727110731752,1.0
lewidi_md,llama,64,LPE,4,1024,0.7618400101764298,0.10970646597638757,0.23289806443043246,0.25766684862456934,0.7373241740268237,0.7373241740268237,0.11489357799291611,0.24717935919761658,0.2425186147074631,0.22224255795892667,0.24251861470746305,0.22224255795892667,0.23388014704266724,0.21851821566218482,0.24155165900975284,0.22263220514122267,0.23388014704266724,0.21851821566218482,0.241551659050683,0.2226322042332397,0.2527138753632933,0.22358343244906195,1.0
lewidi_md,llama,64,LP-temp,4,1024,0.5803457401127972,0.1009534896876595,0.2351524148599784,0.28244690601813804,0.7314360484134773,0.7314360484134773,0.5633746321551011,,0.2609269813996873,,0.2609269813996873,,0.25173235119843423,,0.25991692292728424,,0.25173235119843423,,0.2599169232375289,,0.2397555354655327,,1.0
lewidi_md,llama,80,GPP-cosine,0,16,1.0566040490807638,0.2356004980574905,0.4051997306603054,0.3124736303755625,0.49067713444553485,0.49067713444553485,0.34313562512397766,0.13022448122501373,-0.03415309814892859,-0.035824100780159594,-0.034153098148928585,-0.035824100780159594,-0.03086404520669947,-0.035103127439844936,-0.033386173509675245,-0.03585019612525265,-0.030864045206699473,-0.035103127439844936,-0.033386173733477575,-0.03585019597522872,-0.021984014342545443,-0.030616201678855613,-0.5
lewidi_md,llama,80,GPP-rbf,0,16,0.6747917555982501,0.14708491408773489,0.3131095083551661,0.3463044374807126,0.6002616944717043,0.6002616944717043,0.47817501425743103,0.20297867059707642,0.1034726869869774,-0.1361860436577644,0.1034726869869774,-0.13618604365776438,0.09361894474723328,-0.12908735265108182,0.10118294142496695,-0.1349589658115298,0.09361894474723328,-0.12908735265108184,0.10118294082937196,-0.1349589661389542,0.1105063253912576,-0.1413714346510503,0.5
lewidi_md,llama,80,GPP-laplace,0,16,0.687872531382104,0.15324157305182343,0.3251057377570706,0.35554698662462914,0.6267582597317631,0.6267582597317631,0.43967729806900024,0.25311657786369324,-0.009560839830058508,0.003732906334375879,-0.009560839830058506,0.003732906334375879,-0.010197598110067006,0.003850162657634366,-0.0098201545237035,0.003794175067250844,-0.010197598110067006,0.003850162657634361,-0.009820154056316286,0.003794174538584747,-0.009254681619476578,0.002269772093420202,-1.0
lewidi_md,llama,80,LPE,0,16,0.7069664041056165,0.15646169924239617,0.3249863363262589,0.3326888430273631,0.5515210991167812,0.5515210991167812,0.5155712366104126,0.13817261159420013,0.0005489238303857959,0.0078850672441786,0.0005489238303857855,0.007885067244178603,-0.006667112774099756,0.005699311572015038,-0.001643438922606346,0.007273894848659304,-0.006667112774099761,0.005699311572015035,-0.0016434397763753473,0.007273894706732016,-0.012997255816277729,0.0036007701187392286,-0.5
lewidi_md,llama,80,LP-temp,0,16,0.6925808302630339,0.1551143046969542,0.32817276063788947,0.35588263582749896,0.5508668629375204,0.5508668629375204,0.69312953565534,,0.010417816853893968,,0.01041781685389397,,0.00418928624878203,,0.008593626372465264,,0.00418928624878203,,0.008593625294880777,,-0.0012768207146405114,,0.5
lewidi_md,llama,80,GPP-cosine,0,64,1.2730725525066626,0.21583440476866136,0.3541507803491004,0.29963923656887176,0.5891396794242721,0.5891396794242721,0.25422632694244385,0.05602848529815674,0.05584789802553908,0.04969761555836215,0.055847898025539064,0.049697615558362135,0.05105655904342526,0.0458381429492382,0.054772451047042925,0.04886362210462052,0.05105655904342527,0.0458381429492382,0.05477245209437066,0.04886362364325623,0.05300420099572569,0.053165071647153436,1.0
lewidi_md,llama,80,GPP-rbf,0,64,0.6391893988238897,0.12714795517455812,0.27774504600912286,0.3120971041430226,0.6856395158652273,0.6856395158652273,0.4525590240955353,0.1623695343732834,0.1211159080794961,-0.05229287029282832,0.12111590807949608,-0.05229287029282832,0.1149716665649762,-0.044979322345184355,0.12007602559652095,-0.05042545164498217,0.1149716665649762,-0.044979322345184355,0.12007602313424501,-0.0504254528620191,0.13214191983060578,-0.05657880979931157,1.0
lewidi_md,llama,80,GPP-laplace,0,64,0.6658103711188001,0.14391758613556707,0.30785534284231436,0.3479103910957779,0.666993784756297,0.666993784756297,0.435626745223999,0.24935784935951233,-0.021166184580166877,-0.02743707626561249,-0.02116618458016687,-0.027437076265612485,-0.020717545396327062,-0.024440890402697826,-0.021174705764729674,-0.026713255222474103,-0.020717545396327072,-0.02444089040269783,-0.021174706258055717,-0.02671325596479289,-0.024005273428514322,-0.027157118657608732,-1.0
lewidi_md,llama,80,LPE,0,64,0.6997661295792084,0.13390737741025394,0.27931177456691897,0.2907169378794589,0.6712463199214916,0.6712463199214916,0.40299463272094727,0.10643249750137329,0.11323922662571738,0.03881602904180312,0.11323922662571739,0.03881602904180312,0.11151984953687918,0.0391677716378745,0.11349202317371487,0.039189098988720424,0.1115198495368792,0.03916777163787451,0.11349202120916242,0.03918909729878434,0.11049524482426377,0.043063706981939724,1.0
lewidi_md,llama,80,LP-temp,0,64,0.6656460714624449,0.13239904252634696,0.2819618450947573,0.3011527666189358,0.6663395485770363,0.6663395485770363,0.5755126599271568,,0.09559625971700042,,0.09559625971700042,,0.0935607005192156,,0.09563191570684965,,0.09356070051921561,,0.09563191422232596,,0.08345677843032516,,1.0
lewidi_md,llama,80,GPP-cosine,0,256,1.3430783657742882,0.19223115119344608,0.31864800521174663,0.2948355765735748,0.6594700686947988,0.6594700686947988,0.24623234570026398,0.02362392283976078,0.08264449239312674,0.07560808839924549,0.08264449239312674,0.07560808839924549,0.07942404058724298,0.07281589412770051,0.08223077548329047,0.07527648404577453,0.079424040587243,0.07281589412770051,0.08223077637710535,0.07527648514759255,0.08518892562249146,0.08610693560936795,1.0
lewidi_md,llama,80,GPP-rbf,0,256,0.6621742007352265,0.12099295611256118,0.26092382899211647,0.2838011206046843,0.7078835459600916,0.7078835459600916,0.38397684693336487,0.11286163330078125,0.1603576241774687,0.05012810062460707,0.1603576241774687,0.050128100624607055,0.15389255064474502,0.05120227343420623,0.15948903803473363,0.050798560463197584,0.15389255064474505,0.05120227343420624,0.15948903399010028,0.05079855728340915,0.1579337073332496,0.05040993873160129,1.0
lewidi_md,llama,80,GPP-laplace,0,256,0.6561017462751008,0.134739952386671,0.29236314781582895,0.3152931227409349,0.666993784756297,0.666993784756297,0.39764630794525146,0.22580356895923615,-0.07751670648743347,-0.07577608689455989,-0.07751670648743347,-0.07577608689455988,-0.0686133342752026,-0.06695410355742479,-0.07533830997203944,-0.07361053110768817,-0.06861333427520261,-0.06695410355742479,-0.0753383123620908,-0.07361053311512679,-0.08345108685005555,-0.08068742596358335,-0.5
lewidi_md,llama,80,LPE,0,256,0.8013235639369952,0.13556631615410683,0.2681539522010495,0.2807955896252105,0.7055937193326791,0.7055937193326791,0.2528468668460846,0.14365066587924957,0.15379485874971813,0.09396394282993713,0.1537948587497181,0.09396394282993713,0.14654243369719108,0.08760187414174528,0.15264167337437323,0.09267168434840845,0.14654243369719108,0.08760187414174528,0.15264167090495426,0.09267168180169275,0.149164476506831,0.09470922029771628,1.0
lewidi_md,llama,80,LP-temp,0,256,0.6904239669457547,0.1289059189771183,0.26968238150370416,0.2866219906643888,0.6908734052993131,0.6908734052993131,0.49812944718917507,,0.12706628323456098,,0.12706628323456098,,0.12173084004907234,,0.1263133301546614,,0.12173084004907234,,0.12631332898599418,,0.1179484966907216,,1.0
lewidi_md,llama,80,GPP-cosine,0,1024,0.8382163431366276,0.12087519956408962,0.2408773198375771,0.25658286460004226,0.7363428197579326,0.7363428197579326,0.28897881507873535,0.00855003111064434,0.2525838495813315,0.2126132989029063,0.25258384958133145,0.21261329890290628,0.2471858479405025,0.20860833988164793,0.25267207641240613,0.21285155042012,0.2471858479405025,0.20860833988164795,0.2526720763064408,0.21285155093129898,0.26689067129673266,0.266350657116979,1.0
lewidi_md,llama,80,GPP-rbf,0,1024,0.6214335024626513,0.09769605329507093,0.22050598677942693,0.2482658208151675,0.7540071965979719,0.7540071965979719,0.3523446023464203,0.0742880180478096,0.3231787492562715,0.20814876239705812,0.3231787492562715,0.20814876239705812,0.3146914861490277,0.20773376883627748,0.3228106052011981,0.20944898494719327,0.31469148614902775,0.20773376883627748,0.3228106022349799,0.20944898278941826,0.3167032269696335,0.22058694814107266,1.0
lewidi_md,llama,80,GPP-laplace,0,1024,0.6334216045887316,0.12389990286138844,0.27444810141822384,0.29966314014744183,0.6683022571148185,0.6683022571148185,0.38140836358070374,0.21528519690036774,0.10741879598636181,0.08430523932504193,0.1074187959863618,0.08430523932504193,0.1037289361737901,0.08261485960371465,0.10703200728029647,0.08436856545887841,0.1037289361737901,0.08261485960371465,0.10703200220792125,0.08436856084205527,0.0993447083240484,0.07544165315018364,1.0
lewidi_md,llama,80,LPE,0,1024,0.776925222642817,0.11101608991945112,0.23273698555893593,0.25173076084878526,0.7350343473994112,0.7350343473994112,0.11332118511199951,0.2536989748477936,0.2688779505408754,0.25593407971430293,0.2688779505408754,0.25593407971430293,0.26321104696498054,0.2554277839583099,0.26899600948020624,0.25753400608939353,0.26321104696498054,0.2554277839583099,0.26899600909399723,0.25753400598724085,0.2758132680964252,0.2559235804589295,1.0
lewidi_md,llama,80,LP-temp,0,1024,0.5909901242259494,0.10748108558068288,0.24657173074868438,0.29252763313699304,0.7176970886490023,0.7176970886490023,0.5956628471874713,,0.26897288598544433,,0.26897288598544433,,0.26267141631759383,,0.26889847204678197,,0.26267141631759383,,0.2688984718505276,,0.25191969330193237,,1.0
lewidi_md,llama,80,GPP-cosine,1,16,0.9785044962572178,0.1970655765773142,0.35221202643428434,0.30787151331789686,0.566895649329408,0.566895649329408,0.3135097324848175,0.12362520396709442,-0.0041694726791844565,-0.0025056108632729134,-0.004169472679184451,-0.00250561086327291,-0.008544288334732517,-0.008976087275162367,-0.005529476702514774,-0.004492004095565948,-0.008544288334732515,-0.008976087275162362,-0.005529475400689833,-0.0044920024767020235,-0.003544794326476966,-0.0066800072028554165,-0.5
lewidi_md,llama,80,GPP-rbf,1,16,0.7050663906533102,0.14345105688979942,0.2978343137478688,0.2902215000252667,0.666993784756297,0.666993784756297,0.379896879196167,0.1569933444261551,-0.056689764076710183,-0.1159965807985601,-0.0566897640767102,-0.11599658079856008,-0.05054522558999926,-0.107293591495249,-0.0552082547058325,-0.11414288570923982,-0.05054522558999926,-0.107293591495249,-0.055208255556544246,-0.11414288592600444,-0.06113868774288036,-0.11511456426249737,-0.5
lewidi_md,llama,80,GPP-laplace,1,16,0.6728471125611923,0.14694931278813425,0.31348683795226645,0.35088206764974594,0.6666666666666666,0.6666666666666666,0.4367980360984802,0.25132763385772705,-0.04606315085526138,-0.02165097938908946,-0.04606315085526137,-0.02165097938908946,-0.044191899579002665,-0.018980260381672057,-0.04580934327357368,-0.020986556465118662,-0.044191899579002665,-0.01898026038167206,-0.04580934310941967,-0.020986556972037242,-0.04383090569206524,-0.018325214996553676,-1.0
lewidi_md,llama,80,LPE,1,16,0.8931996920601697,0.17272513074201584,0.3180430189405236,0.2913057604601644,0.666993784756297,0.666993784756297,0.27275556325912476,0.06545599550008774,0.002682669457081473,-0.03566287654820061,0.0026826694570814694,-0.03566287654820061,0.002676564436445151,-0.03431530815844141,0.002699196797433242,-0.03549716935987418,0.0026765644364451554,-0.034315308158441415,0.00269919544760893,-0.035497170525628716,-0.0006790557650923376,-0.016862847108470223,1.0
lewidi_md,llama,80,LP-temp,1,16,0.6883849023386152,0.1386383404432059,0.2916223064908492,0.2918656846298812,0.6650310762185149,0.6650310762185149,0.549470353241958,,0.005388814477903505,,0.005388814477903513,,0.0062211306996277065,,0.005679052718148368,,0.006221130699627718,,0.005679051425359178,,-0.0015786827076910736,,1.0
lewidi_md,llama,80,GPP-cosine,1,64,1.6195615744999268,0.279984705922513,0.42673040885908087,0.31374939676120683,0.5103042198233563,0.5103042198233563,0.2607433497905731,0.05792723596096039,-0.0029042321015114118,-0.008022786279502281,-0.0029042321015114152,-0.00802278627950228,-0.008546764269363455,-0.01441645657312787,-0.0046413811246323435,-0.010023615649307276,-0.00854676426936346,-0.014416456573127873,-0.00464138135051187,-0.010023615538956816,-0.001258496228736835,-0.004912130022821096,-0.5
lewidi_md,llama,80,GPP-rbf,1,64,0.6714345980421946,0.1420013146855943,0.3021507686662701,0.32450731501157,0.6133464180569186,0.6133464180569186,0.4654965400695801,0.17582349479198456,0.10904130264511032,-0.06984741013803022,0.1090413026451103,-0.06984741013803022,0.10257176914375575,-0.0636398275843947,0.10781966917644671,-0.06843688824851131,0.10257176914375575,-0.06363982758439471,0.10781966704269302,-0.06843688917297092,0.1103721383441415,-0.08203677943800461,1.0
lewidi_md,llama,80,GPP-laplace,1,64,0.6787701768070824,0.14953475078195452,0.3186860247998016,0.3539576661963606,0.6643768400392541,0.6643768400392541,0.43928757309913635,0.2519024908542633,-0.002185734680684035,-0.010126909138421788,-0.002185734680684035,-0.010126909138421791,-0.003254877988459288,-0.008949476730434783,-0.002526096843902481,-0.009837973490232044,-0.0032548779884592864,-0.008949476730434785,-0.002526096932289057,-0.009837974178882972,-0.004038515423301093,-0.009471528845336604,-0.5
lewidi_md,llama,80,LPE,1,64,0.7581417993480969,0.1572572406692227,0.3135576917324177,0.29815297574063104,0.6015701668302257,0.6015701668302257,0.4177579879760742,0.1144566535949707,0.08758048882196515,0.031128661112769875,0.08758048882196513,0.03112866111276988,0.07986194017828388,0.028730618636589357,0.08583165175143764,0.030612178523431403,0.07986194017828388,0.028730618636589354,0.08583164983647025,0.030612176754448283,0.06737468984584026,0.02982914790966295,1.0
lewidi_md,llama,80,LP-temp,1,64,0.6807825320559886,0.14730212871455975,0.3106127154910727,0.3326452093734459,0.5803074910042525,0.5803074910042525,0.6595194412008234,,0.08161983370876638,,0.08161983370876638,,0.07355341797074583,,0.07972427634902482,,0.07355341797074583,,0.07972427484894823,,0.04902892057926013,,0.5
lewidi_md,llama,80,GPP-cosine,1,256,1.2882269354871996,0.1852434318699902,0.3120538153504851,0.2993605208051245,0.6617598953222114,0.6617598953222114,0.23099380731582642,0.02294112555682659,0.07557220242825094,0.0707801487174729,0.07557220242825093,0.07078014871747289,0.07467330683189952,0.06888308712419344,0.075816557644359,0.07068788088632066,0.07467330683189952,0.06888308712419344,0.07581655867528855,0.0706878820051661,0.09377282142329368,0.09890916041809787,1.0
lewidi_md,llama,80,GPP-rbf,1,256,0.6708681941857875,0.12391614733670483,0.26655894703629934,0.28803478783099207,0.6974157670919202,0.6974157670919202,0.37911200523376465,0.11378689855337143,0.11533366969427906,0.018070867910434513,0.11533366969427905,0.018070867910434517,0.10756599420930904,0.01815865303075539,0.11376008433565066,0.01822143081672537,0.10756599420930904,0.018158653030755395,0.1137600808554136,0.01822142821764156,0.10719707743946412,0.01934547167560901,1.0
lewidi_md,llama,80,GPP-laplace,1,256,0.6656724186095292,0.13663989194774567,0.2941514884076323,0.30954390579684543,0.666993784756297,0.666993784756297,0.3863260746002197,0.21947161853313446,-0.09935595830647972,-0.09634262364233845,-0.09935595830647972,-0.09634262364233845,-0.09450417397766944,-0.09114532829938339,-0.09856029246446296,-0.0954211536507979,-0.09450417397766944,-0.0911453282993834,-0.09856029386909652,-0.09542115490109308,-0.11723305134019295,-0.10855810693490883,-1.0
lewidi_md,llama,80,LPE,1,256,0.7815501359446768,0.1359091532301968,0.2732491443444091,0.2861244800743065,0.6882564605822702,0.6882564605822702,0.2352907508611679,0.17647194862365723,0.12152798288507513,0.07019956115667886,0.12152798288507514,0.07019956115667886,0.11678677727120321,0.06953521251462955,0.12091792370327648,0.07047847754388638,0.11678677727120321,0.06953521251462957,0.12091792110554454,0.07047847543214125,0.11528967849190092,0.0715300810181569,1.0
lewidi_md,llama,80,LP-temp,1,256,0.6439719106798883,0.12832653536898092,0.27942849830118266,0.3079281160067213,0.6611056591429506,0.6611056591429506,0.6069891183224646,,0.12028564471320469,,0.1202856447132047,,0.11768112910434847,,0.12031735041953165,,0.11768112910434847,,0.12031734958164922,,0.08565441252645203,,1.0
lewidi_md,llama,80,GPP-cosine,1,1024,0.8238883617935665,0.12135725695003674,0.2415384597563005,0.26036978377461045,0.735688583578672,0.735688583578672,0.2958567142486572,0.008742183446884155,0.23425886775509852,0.19672858003885393,0.23425886775509852,0.1967285800388539,0.23308973751782075,0.19739724399759545,0.2355085190874745,0.19828033555160096,0.23308973751782075,0.19739724399759545,0.23550851819016247,0.19828033509609783,0.24711373890521782,0.2468959411958701,1.0
lewidi_md,llama,80,GPP-rbf,1,1024,0.6126059257600006,0.09818888714513672,0.22564146203432345,0.26007182116926947,0.7484461890742558,0.7484461890742558,0.3680797219276428,0.07612867653369904,0.26273605183711457,0.1595267867965191,0.26273605183711457,0.1595267867965191,0.25213044452803346,0.15637463690049128,0.2613089755814648,0.15966076002750781,0.2521304445280335,0.15637463690049128,0.2613089726540794,0.1596607576741976,0.2509800691577514,0.16516655060727806,1.0
lewidi_md,llama,80,GPP-laplace,1,1024,0.6364135676098818,0.1252195648787948,0.2770812895610846,0.30133884645349523,0.6676480209355578,0.6676480209355578,0.3826877474784851,0.21578700840473175,0.07251896113563251,0.05411595277276349,0.0725189611356325,0.05411595277276349,0.0704386874075496,0.05406409491577872,0.07238285135412989,0.05447104728367299,0.07043868740754963,0.054064094915778724,0.07238284657576664,0.05447104290068765,0.06418321165241637,0.04790406361136146,1.0
lewidi_md,llama,80,LPE,1,1024,0.7230328847522524,0.11031192630021129,0.23699755607302295,0.26299295106310844,0.7369970559371933,0.7369970559371933,0.1099027767777443,0.28809604048728943,0.21186542396908792,0.20107119516558308,0.21186542396908792,0.20107119516558308,0.2026457669442852,0.19449147631332164,0.21051151160842055,0.20044674328616913,0.2026457669442852,0.19449147631332164,0.21051151070371188,0.20044674224057935,0.2165794865486484,0.19341238462034624,1.0
lewidi_md,llama,80,LP-temp,1,1024,0.595802916852439,0.11310203823372235,0.257676330802846,0.3163704793426736,0.7324174026823683,0.7324174026823683,0.6400761518387933,,0.24981887840298175,,0.24981887840298175,,0.23996999728837382,,0.24853357756393174,,0.23996999728837384,,0.24853357690061326,,0.22863616544407248,,1.0
lewidi_md,llama,80,GPP-cosine,2,16,1.023826211250063,0.21748343427838412,0.3800904929221173,0.3072181379513459,0.5161923454367027,0.5161923454367027,0.3423002064228058,0.13034307956695557,-0.0024278185562682467,0.020453096528116624,-0.002427818556268251,0.02045309652811663,-0.008568133197126113,0.01186138158190794,-0.00431319739132683,0.01797847131618549,-0.008568133197126113,0.01186138158190794,-0.004313198270778701,0.017978470834454682,-0.007931500666281068,0.018315069463203205,-0.5
lewidi_md,llama,80,GPP-rbf,2,16,0.7338708329972122,0.15032491601788026,0.3043017663167638,0.2905469839694236,0.666993784756297,0.666993784756297,0.3591497540473938,0.1584649235010147,-0.08000836454917343,-0.11812720276530067,-0.08000836454917343,-0.11812720276530066,-0.06892329673032217,-0.10599924734282457,-0.07718306822222004,-0.11524575726370659,-0.06892329673032219,-0.10599924734282457,-0.07718306781647133,-0.11524575693855145,-0.07955708623776063,-0.11828965197801825,-0.5
lewidi_md,llama,80,GPP-laplace,2,16,0.6730401699639774,0.14692951774414661,0.31298038043449783,0.34981108209384726,0.6663395485770363,0.6663395485770363,0.4359418749809265,0.2509891092777252,-0.06093065910817631,-0.03350348389298473,-0.06093065910817631,-0.033503483892984735,-0.057964395647473584,-0.02980471873687418,-0.060445488707395106,-0.032607415607026916,-0.05796439564747359,-0.02980471873687418,-0.060445488478704804,-0.03260741601508876,-0.05996713305684506,-0.02960739795319601,-1.0
lewidi_md,llama,80,LPE,2,16,1.012326228965103,0.18952170996890982,0.32820653055904514,0.2952345753348674,0.666993784756297,0.666993784756297,0.24070189893245697,0.04346494749188423,0.012441907358848505,-0.005890091730402398,0.012441907358848502,-0.005890091730402391,0.019235110352353237,0.0022701358630803437,0.014594616190317398,-0.0034469794202578773,0.019235110352353237,0.0022701358630803394,0.014594616847394888,-0.0034469788037973254,0.017120964144074456,-0.0012014402494417817,0.5
lewidi_md,llama,80,LP-temp,2,16,0.7031486103800393,0.1430142490236471,0.29522507676520576,0.28739019836304136,0.6630683676807327,0.6630683676807327,0.5477775256131449,,0.022363610722192506,,0.022363610722192513,,0.027655733816559627,,0.024127478848460834,,0.027655733816559627,,0.024127479565083793,,0.0245953810210453,,0.5
lewidi_md,llama,80,GPP-cosine,2,64,1.3163061456156668,0.22280485501030123,0.3638492552747299,0.3098382291888453,0.5884854432450114,0.5884854432450114,0.2621311545372009,0.05821280553936958,0.006800536884826702,0.0005071425197442185,0.006800536884826692,0.0005071425197442185,0.002561486604993869,-0.004702286051256717,0.005557033209954094,-0.001074816556937897,0.002561486604993871,-0.004702286051256726,0.00555703255080834,-0.0010748170061575914,0.008820422657608922,0.006505913817427451,0.5
lewidi_md,llama,80,GPP-rbf,2,64,0.6501475429376318,0.1345714967897853,0.2909538328798721,0.3280957190560921,0.6496565260058881,0.6496565260058881,0.47100192308425903,0.1742306351661682,0.07259985110676839,-0.10094772887683842,0.07259985110676838,-0.10094772887683842,0.06599366640798046,-0.09527054828888755,0.07108688236226168,-0.09991177137750198,0.06599366640798048,-0.09527054828888756,0.07108688014055636,-0.09991177243539795,0.08970141857186821,-0.10861451457671602,0.5
lewidi_md,llama,80,GPP-laplace,2,64,0.6801135471667253,0.1501416519010306,0.3198693172800841,0.35474903649618034,0.6699378475629703,0.6699378475629703,0.43988537788391113,0.2521105706691742,-0.0009098431570624572,-0.009906350175959346,-0.0009098431570624572,-0.009906350175959342,-0.0008089767832783409,-0.008528105439372699,-0.0008853810347366833,-0.009554787837505761,-0.000808976783278334,-0.008528105439372696,-0.0008853811150243349,-0.009554788562284509,0.00014245260696114015,-0.009377453024768214,-0.5
lewidi_md,llama,80,LPE,2,64,0.7188128234099262,0.14583771512245974,0.29775505234827954,0.3027103757693944,0.6346090938828918,0.6346090938828918,0.4371684789657593,0.10520651936531067,0.06438617125275109,0.025204618888734008,0.06438617125275106,0.02520461888873401,0.0552625014674727,0.021957032410878524,0.06205074101297868,0.02438898684947123,0.055262501467472705,0.02195703241087852,0.062050739762961125,0.0243889858458588,0.049881556166662955,0.023053360081019013,0.5
lewidi_md,llama,80,LP-temp,2,64,0.6771222306941497,0.13962016600904492,0.29408399270512225,0.3124329167931807,0.6300294406280668,0.6300294406280668,0.601024743517589,,0.06719192449392411,,0.06719192449392411,,0.05868943323063129,,0.06506477227278776,,0.05868943323063129,,0.06506477101619115,,0.05321168472924642,,0.5
lewidi_md,llama,80,GPP-cosine,2,256,1.3185494189660873,0.1891571140518364,0.3156508738871762,0.3009634643199213,0.6584887144259077,0.6584887144259077,0.22222395241260529,0.022368941456079483,0.07181035699160178,0.0832468932147849,0.07181035699160178,0.08324689321478491,0.07579091358955893,0.08595438348096583,0.07351394075106452,0.08464141151384373,0.07579091358955894,0.08595438348096583,0.07351394225802912,0.08464141314419796,0.09338218840865566,0.10333790915169234,1.0
lewidi_md,llama,80,GPP-rbf,2,256,0.6640173234905921,0.12168695190597148,0.26304372546903115,0.27997636832926387,0.6970886490022898,0.6970886490022898,0.37688231468200684,0.11233589053153992,0.17753435354954816,0.06688376275230506,0.1775343535495482,0.06688376275230506,0.16788155251451425,0.06585044222242334,0.17581333468107585,0.06702766202284112,0.16788155251451425,0.06585044222242334,0.175813330637127,0.0670276589411794,0.16738325906496546,0.06414272441269729,1.0
lewidi_md,llama,80,GPP-laplace,2,256,0.6725541888350354,0.1374124082523253,0.2936054981750213,0.3023283262554638,0.666993784756297,0.666993784756297,0.37500903010368347,0.21286143362522125,-0.08484389871181727,-0.0846395028417968,-0.08484389871181727,-0.0846395028417968,-0.07930660648267679,-0.07867166085899058,-0.08374014917825355,-0.08340331922421548,-0.07930660648267679,-0.07867166085899058,-0.08374015056978795,-0.08340332045143348,-0.1031525110971317,-0.09807397547047877,-1.0
lewidi_md,llama,80,LPE,2,256,0.7433202203091835,0.12928073913530116,0.26442086104688534,0.2729540976323386,0.6921818776578345,0.6921818776578345,0.24966081976890564,0.17399506270885468,0.19947158399001236,0.13383602953840112,0.19947158399001236,0.13383602953840112,0.18772917423816649,0.12783814802459487,0.19726495877937458,0.1329278659390511,0.18772917423816649,0.12783814802459487,0.1972649562727618,0.13292786333029716,0.19285654548813225,0.13025867986353096,1.0
lewidi_md,llama,80,LP-temp,2,256,0.6351665783016384,0.12608972314994196,0.2765527513672225,0.3124647201621133,0.6725547922800131,0.6725547922800131,0.6201137595277932,,0.1381648956521798,,0.1381648956521798,,0.1319608687623512,,0.13722366122062968,,0.1319608687623512,,0.13722366033693362,,0.13260656581448768,,1.0
lewidi_md,llama,80,GPP-cosine,2,1024,0.8515592571933832,0.12419365290590553,0.2421998543522562,0.25971021439562225,0.7481190709846255,0.7481190709846255,0.2853865325450897,0.008038634434342384,0.23770557276963095,0.22205081050636682,0.23770557276963095,0.22205081050636682,0.23542311322341464,0.21960687808848914,0.2386400156146481,0.22282882283152736,0.23542311322341464,0.21960687808848914,0.23864001584071468,0.2228288234097819,0.2501089610918031,0.2582924794445309,1.0
lewidi_md,llama,80,GPP-rbf,2,1024,0.6129718706901872,0.09780133474462341,0.22270386710020845,0.25891294300466766,0.7628393850179915,0.7628393850179915,0.3662198781967163,0.07624751329421997,0.2715780281794854,0.15875861179575262,0.2715780281794854,0.15875861179575262,0.26455369090765996,0.15961969504410461,0.2713014711152459,0.160108705671507,0.26455369090765996,0.15961969504410464,0.27130146814151324,0.16010870364088498,0.26305470422362764,0.16772817627124237,1.0
lewidi_md,llama,80,GPP-laplace,2,1024,0.6277465038775626,0.12330313054532938,0.2748607957774044,0.3080826283552505,0.6719005561007524,0.6719005561007524,0.3922871947288513,0.22136403620243073,0.08016730707305758,0.05933940903819994,0.08016730707305758,0.059339409038199925,0.07842102937717718,0.060211869160274205,0.08018526244676653,0.06001160829334462,0.07842102937717718,0.06021186916027421,0.08018525691873962,0.06001160320946611,0.07387762213353305,0.05427532979312658,1.0
lewidi_md,llama,80,LPE,2,1024,0.77343195125586,0.11461193383309218,0.23953872228881523,0.26512428725322557,0.7448478900883219,0.7448478900883219,0.11116689443588257,0.2696962058544159,0.22584300227689919,0.19256202727772212,0.22584300227689919,0.1925620272777221,0.21763791262921764,0.19049617211085668,0.22489365639299302,0.193253005749994,0.21763791262921767,0.19049617211085668,0.22489365534101965,0.19325300484045155,0.23046249076547712,0.1897567738462393,1.0
lewidi_md,llama,80,LP-temp,2,1024,0.5992192193724759,0.11367845876303743,0.25674593865286405,0.31194689297245554,0.7314360484134773,0.7314360484134773,0.6305774762726168,,0.22293868086355512,,0.22293868086355512,,0.21933139508587687,,0.22336872375559258,,0.21933139508587687,,0.22336872412532488,,0.21618055104361114,,1.0
lewidi_md,llama,80,GPP-cosine,3,16,1.3486785964778814,0.23697875450417036,0.3787410729631765,0.29954852205174787,0.5616617598953222,0.5616617598953222,0.22669410705566406,0.08598821610212326,0.05189391752827936,0.05701709993246093,0.05189391752827936,0.05701709993246093,0.04777154294528453,0.05277438537762075,0.050994964708379484,0.05611663399852543,0.04777154294528454,0.05277438537762075,0.05099496448581326,0.05611663380020592,0.04696770556555203,0.04883720563192312,1.0
lewidi_md,llama,80,GPP-rbf,3,16,0.6588724273839976,0.1375153548377564,0.29703761575549187,0.3259346224327989,0.6620870134118417,0.6620870134118417,0.4557773172855377,0.18870826065540314,0.056404773030991805,-0.11290595525941997,0.05640477303099181,-0.11290595525941996,0.0483248922087051,-0.10626041932677043,0.05433230945490655,-0.11165724321721829,0.04832489220870511,-0.10626041932677044,0.05433230874498594,-0.11165724313173697,0.05439048929497717,-0.11317570740711065,0.5
lewidi_md,llama,80,GPP-laplace,3,16,0.6842078563804196,0.15176795907383175,0.32268679578016896,0.3551291189212862,0.6539090611710827,0.6539090611710827,0.43949437141418457,0.25288164615631104,-0.01047699491491852,0.0026211929279564977,-0.010476994914918521,0.0026211929279564908,-0.010669970333078963,0.0030524273621796855,-0.010607527723058419,0.002770398603185037,-0.010669970333078961,0.003052427362179689,-0.010607527356997024,0.002770398077574853,-0.009211636437310404,0.002191789372885178,-1.0
lewidi_md,llama,80,LPE,3,16,0.6844914089449051,0.14002088588475195,0.2955683686483821,0.3060706074192667,0.6506378802747792,0.6506378802747792,0.46247950196266174,0.12080550193786621,0.04541451192304821,-0.0009069641555231323,0.04541451192304821,-0.0009069641555231323,0.03589958269774129,-0.0032136875427908954,0.04282998610313824,-0.001615206886834291,0.03589958269774128,-0.0032136875427908954,0.04282998591760443,-0.0016152073584096427,0.029130428894708318,-0.0023277325842964657,0.5
lewidi_md,llama,80,LP-temp,3,16,0.6750104220588896,0.14367009718362939,0.305969747123923,0.3276313558889621,0.61465489041544,0.61465489041544,0.6471589771690227,,0.04843794224177266,,0.04843794224177266,,0.039084146898521924,,0.04592317652259288,,0.039084146898521924,,0.04592317654245626,,0.012482327082785906,,0.5
lewidi_md,llama,80,GPP-cosine,3,64,1.0444504350009087,0.18253995856283312,0.3228437112204198,0.29754802296920946,0.6280667320902846,0.6280667320902846,0.2931782603263855,0.06575527787208557,0.05730826335117639,0.03601424040842296,0.057308263351176385,0.036014240408422965,0.05327029412442547,0.0334204380033376,0.05647210495326954,0.035471663052379164,0.05327029412442547,0.033420438003337605,0.05647210618291128,0.035471664962554716,0.0546337558363204,0.03904705142260185,1.0
lewidi_md,llama,80,GPP-rbf,3,64,0.7039911206051775,0.13837284652345602,0.288515098138274,0.28652636647604185,0.6643768400392541,0.6643768400392541,0.3718002140522003,0.13147437572479248,0.07296951352634296,-0.032580065154092966,0.07296951352634296,-0.03258006515409296,0.06245654336966216,-0.03208203058349041,0.07027008921317884,-0.032651776973725524,0.06245654336966216,-0.03208203058349042,0.07027008645690394,-0.03265177853062594,0.07057161926962541,-0.033416766756609886,0.5
lewidi_md,llama,80,GPP-laplace,3,64,0.6611479208867599,0.1384670579840122,0.29798080019548046,0.32549616647526697,0.666993784756297,0.666993784756297,0.40992531180381775,0.23439951241016388,-0.08342029004606538,-0.07870213900451102,-0.08342029004606537,-0.07870213900451101,-0.07808132590833528,-0.07300030782338979,-0.08236714305446119,-0.07750622199320603,-0.07808132590833528,-0.07300030782338979,-0.08236714340117741,-0.07750622237625945,-0.11625911478412493,-0.0994102466403398,-1.0
lewidi_md,llama,80,LPE,3,64,0.9025111708164716,0.1625680136461607,0.300422373650309,0.28364760888751284,0.6686293752044488,0.6686293752044488,0.2602066397666931,0.06707169860601425,0.11428017345438612,0.06328740484135774,0.11428017345438612,0.06328740484135774,0.10207247600001079,0.05910338352737694,0.11134809417182837,0.06244777432629865,0.10207247600001082,0.05910338352737694,0.11134809119960211,0.062447771892797765,0.10760592117756311,0.08568945125711373,0.5
lewidi_md,llama,80,LP-temp,3,64,0.6389766221314173,0.13100357484657146,0.28748620209688336,0.33048224408480453,0.676153091265947,0.676153091265947,0.6571837581527379,,0.10842710864585176,,0.10842710864585174,,0.0999597598943481,,0.10659325184725621,,0.0999597598943481,,0.10659324969966082,,0.11270646870949944,,1.0
lewidi_md,llama,80,GPP-cosine,3,256,1.3436612246398223,0.20169451312617961,0.32982222193263344,0.30112200480953216,0.6450768727510632,0.6450768727510632,0.23084311187267303,0.022493159398436546,0.06525203838224983,0.05773614116729989,0.06525203838224984,0.057736141167299894,0.06714346417130837,0.061728775083990065,0.06627487056988553,0.0593469446563711,0.06714346417130837,0.06172877508399007,0.06627487199240752,0.059346946491639574,0.08076593041041565,0.08405970605477187,1.0
lewidi_md,llama,80,GPP-rbf,3,256,0.6620079582358528,0.12517989678046304,0.2707582532324928,0.29556372182892593,0.6954530585541381,0.6954530585541381,0.40708479285240173,0.12201540917158127,0.10859427713602349,-0.0059741977090128455,0.10859427713602349,-0.0059741977090128455,0.10048542200979896,-0.005379503420028922,0.10687066976455739,-0.005834152181742457,0.10048542200979897,-0.005379503420028923,0.10687066727185492,-0.005834154062638335,0.10485509846190745,-0.01613441368125355,1.0
lewidi_md,llama,80,GPP-laplace,3,256,0.6542501846729825,0.13572370766876188,0.2942745514947642,0.3242231919855634,0.666993784756297,0.666993784756297,0.40961354970932007,0.23293006420135498,-0.07339825738472741,-0.07465267404135593,-0.07339825738472743,-0.07465267404135592,-0.0696020804467207,-0.06976544153428456,-0.072745956681676,-0.07367691905542328,-0.0696020804467207,-0.06976544153428457,-0.07274595805927384,-0.07367692025439254,-0.09654922492858696,-0.08968705274522956,-1.0
lewidi_md,llama,80,LPE,3,256,0.7932545597756645,0.14296287950973607,0.2836854372635974,0.29133362383640776,0.6781157998037292,0.6781157998037292,0.26451101899147034,0.16193297505378723,0.10046272551616894,0.038974741177326494,0.10046272551616894,0.03897474117732648,0.09293800891320612,0.03624991610755107,0.09886116598107433,0.03841257787452333,0.09293800891320614,0.03624991610755107,0.09886116459275378,0.03841257621567122,0.09117944650286984,0.036439656836792914,1.0
lewidi_md,llama,80,LP-temp,3,256,0.6590735393198964,0.13068328306195234,0.2810531365330527,0.30243081752868567,0.6594700686947988,0.6594700686947988,0.5785172463229564,,0.10379507259623032,,0.1037950725962303,,0.09563239802622549,,0.10202219509679428,,0.0956323980262255,,0.10202219395655004,,0.08668356370402136,,1.0
lewidi_md,llama,80,GPP-cosine,3,1024,0.8381925425054251,0.1267030182056315,0.24901864585110686,0.2620397727327409,0.7219496238141969,0.7219496238141969,0.2927553057670593,0.008693129755556583,0.22639348392253883,0.19137424426520516,0.22639348392253883,0.19137424426520516,0.2228774708667865,0.1894217036347305,0.22687498176611115,0.19209156850099196,0.22287747086678655,0.1894217036347305,0.2268749820940814,0.19209156934936214,0.24040515435316284,0.23713410390104195,1.0
lewidi_md,llama,80,GPP-rbf,3,1024,0.635456730329737,0.10524969228196483,0.2336458720076678,0.26121295696932645,0.7389597644749755,0.7389597644749755,0.3642701804637909,0.0779099315404892,0.2567766941899595,0.13463440312629826,0.25677669418995946,0.13463440312629826,0.24734282088641701,0.13436580173232196,0.2556653811258305,0.1354753571380017,0.24734282088641707,0.134365801732322,0.2556653786338461,0.13547535549225542,0.24712477282214698,0.13939044333095535,1.0
lewidi_md,llama,80,GPP-laplace,3,1024,0.6458621796596998,0.12771766768485773,0.2796195322001218,0.29804486949245224,0.666993784756297,0.666993784756297,0.37554430961608887,0.21188004314899445,0.052477993300506995,0.034394651904965975,0.052477993300506995,0.03439465190496597,0.05133392533239042,0.034651100375105895,0.05248945961833386,0.0347084187340329,0.05133392533239042,0.034651100375105895,0.05248945562233334,0.034708415188882305,0.03883763426362038,0.019194917165430186,1.0
lewidi_md,llama,80,LPE,3,1024,0.7295845643892436,0.11301731920717165,0.2400536602086611,0.26131353963941023,0.7262021589793916,0.7262021589793916,0.10774244368076324,0.2963148355484009,0.22186815317420727,0.19852608023997612,0.22186815317420727,0.1985260802399761,0.2130110266237477,0.19246191731766138,0.2206931255964643,0.19804108975113782,0.21301102662374777,0.19246191731766144,0.22069312489647475,0.1980410895273497,0.21974032821821907,0.1869155900603687,1.0
lewidi_md,llama,80,LP-temp,3,1024,0.5973542316805563,0.11371597464140222,0.2584517287052051,0.31669687140322983,0.7278377494275433,0.7278377494275433,0.6412194316880326,,0.2556948211923095,,0.2556948211923095,,0.24622966053213763,,0.25456657166967367,,0.24622966053213763,,0.25456657164692903,,0.2436918099945945,,1.0
lewidi_md,llama,80,GPP-cosine,4,16,0.9886316201429347,0.20194718565350223,0.35837957863655173,0.3051803833805861,0.5659142950605168,0.5659142950605168,0.31651800870895386,0.11818379908800125,0.004191850521999363,0.0026876504138500833,0.00419185052199936,0.0026876504138500868,0.008212843087808033,0.006382466448131958,0.005444325578546274,0.0038305482316437697,0.008212843087808033,0.006382466448131962,0.005444326723531085,0.003830549614048843,0.006823845465182876,0.004433168651932307,0.5
lewidi_md,llama,80,GPP-rbf,4,16,0.7031961612599789,0.1426677109440354,0.29602257763716494,0.2902058594589189,0.6666666666666666,0.6666666666666666,0.37962421774864197,0.15981562435626984,-0.0037448821047872394,-0.0862190167009103,-0.0037448821047872394,-0.0862190167009103,-0.00453946057003089,-0.08047201819204422,-0.004012368771749916,-0.08506086946884206,-0.004539460570030888,-0.08047201819204422,-0.004012369268158898,-0.08506086949159772,-0.011910621929072244,-0.09226823539518188,-1.0
lewidi_md,llama,80,GPP-laplace,4,16,0.6739274726709,0.14739892852542358,0.3145092658900848,0.351283315420671,0.6656853123977756,0.6656853123977756,0.4370119571685791,0.2514851987361908,-0.03532232431611413,-0.01612177860621188,-0.03532232431611412,-0.016121778606211872,-0.03472346570790501,-0.014447953999027574,-0.03538214513154195,-0.015722856307666823,-0.03472346570790502,-0.014447953999027575,-0.03538214480367875,-0.015722856716873717,-0.036683259225167124,-0.01399845608348418,-1.0
lewidi_md,llama,80,LPE,4,16,0.9401701823787963,0.1777047819036434,0.3183143147196417,0.28652991906385306,0.6663395485770363,0.6663395485770363,0.26470068097114563,0.04089166224002838,0.0634278766822625,0.04810205190236475,0.06342787668226249,0.04810205190236475,0.05637842796527064,0.040954249343882046,0.06171714622495183,0.046256354869031686,0.05637842796527065,0.040954249343882046,0.06171714552988469,0.04625635409266308,0.05340510527689539,0.030411343190631903,0.5
lewidi_md,llama,80,LP-temp,4,16,0.7708549246991797,0.15135541722598622,0.29847788058455654,0.278045805189306,0.6640497219496239,0.6640497219496239,0.4400485279885989,,0.07113071149464867,,0.07113071149464867,,0.06378277016045647,,0.0693819283668172,,0.06378277016045647,,0.0693819276375745,,0.06036305575630339,,0.5
lewidi_md,llama,80,GPP-cosine,4,64,1.3124038652511991,0.21762631420609568,0.35604577902960793,0.30584008210277486,0.5878312070657508,0.5878312070657508,0.2496717870235443,0.056299660354852676,0.035654482022883446,0.03838444264839379,0.035654482022883446,0.038384442648393774,0.03617079811464466,0.034693626867856375,0.036055970913292025,0.0375242447105745,0.03617079811464466,0.034693626867856375,0.03605597173677401,0.037524245832263776,0.03945321607351541,0.03881288227073189,1.0
lewidi_md,llama,80,GPP-rbf,4,64,0.649217034307305,0.13186338983310342,0.28751873873517836,0.31887128461198627,0.6650310762185149,0.6650310762185149,0.4504885673522949,0.1744510531425476,0.09921595007824968,-0.05746481116435776,0.09921595007824968,-0.057464811164357754,0.08960649707829507,-0.054058109470788596,0.09697137836007713,-0.05682184527183,0.08960649707829507,-0.05405810947078859,0.09697137685549308,-0.05682184596968517,0.10623535378048975,-0.06783805900336445,0.5
lewidi_md,llama,80,GPP-laplace,4,64,0.6649605021093947,0.14319927873522847,0.30588010095588747,0.3444438838109,0.6666666666666666,0.6666666666666666,0.43236520886421204,0.2480166256427765,-0.05478353197065214,-0.04489432351123703,-0.054783531970652125,-0.044894323511237025,-0.0532382453799462,-0.04184104464190892,-0.05468869234722082,-0.04427276787016572,-0.05323824537994622,-0.04184104464190893,-0.054688692577115644,-0.04427276840107657,-0.0687158575766953,-0.05407471558262593,-1.0
lewidi_md,llama,80,LPE,4,64,0.7189122195669433,0.1417777083729868,0.2925480924125765,0.29442478025152946,0.634936211972522,0.634936211972522,0.40582025051116943,0.11364462226629257,0.0980818993516873,0.03988197996362754,0.0980818993516873,0.03988197996362754,0.08844324936524843,0.03855616256753162,0.09582066976361464,0.03975180755786738,0.08844324936524844,0.03855616256753161,0.09582066878435026,0.03975180660230017,0.07688323807456098,0.03941592363346147,0.5
lewidi_md,llama,80,LP-temp,4,64,0.6595401260318522,0.13712787225175635,0.2957765655142992,0.322066652107088,0.6149820085050703,0.6149820085050703,0.6381859542738826,,0.09867859196892453,,0.09867859196892453,,0.09095072705373407,,0.09700297904899924,,0.09095072705373408,,0.0970029785484991,,0.06545084251418362,,1.0
lewidi_md,llama,80,GPP-cosine,4,256,1.1208975312632896,0.1713624907751027,0.30099207606226897,0.2913163494723811,0.6741903827281649,0.6741903827281649,0.2597433924674988,0.025591958314180374,0.10474888023630216,0.08886398284117616,0.10474888023630216,0.08886398284117616,0.10151638171404385,0.0855034763394196,0.10448298668839001,0.08845026625855167,0.10151638171404387,0.08550347633941963,0.1044829873758123,0.08845026736870812,0.1135596409691637,0.11528782930595657,1.0
lewidi_md,llama,80,GPP-rbf,4,256,0.6860029946117507,0.12539152302609077,0.2662903728849877,0.2835219988343286,0.6977428851815506,0.6977428851815506,0.36251285672187805,0.10832274705171585,0.13306730702992164,0.036910572449547444,0.13306730702992164,0.036910572449547444,0.1241362791149043,0.03546754115371735,0.13126120287492268,0.03672436305884041,0.1241362791149043,0.03546754115371736,0.13126119941150452,0.036724360351721476,0.12791010512334233,0.03606548623270053,1.0
lewidi_md,llama,80,GPP-laplace,4,256,0.6791020997309061,0.13902759844396598,0.29519927449521965,0.30139559491380363,0.666993784756297,0.666993784756297,0.37071824073791504,0.21044205129146576,-0.09338913295296516,-0.09248218369756747,-0.09338913295296516,-0.09248218369756747,-0.08652584087196424,-0.08551671373575484,-0.09194039302375806,-0.09099613134346769,-0.08652584087196426,-0.08551671373575487,-0.0919403939756813,-0.09099613220891342,-0.11159258000100813,-0.10637292789729011,-1.0
lewidi_md,llama,80,LPE,4,256,0.8121545990440743,0.13558163784757454,0.26829555428636154,0.2776723593269642,0.6987242394504416,0.6987242394504416,0.23707318305969238,0.14154747128486633,0.16104192691989808,0.11847795924589304,0.1610419269198981,0.11847795924589304,0.1531867155651612,0.11627093472204066,0.1597549567565498,0.11861824843123811,0.1531867155651612,0.11627093472204067,0.15975495409485269,0.11861824599983554,0.15633967335919413,0.12414238449888272,1.0
lewidi_md,llama,80,LP-temp,4,256,0.6464216761919305,0.12154251657076601,0.26594728612823104,0.2906676716404565,0.680732744520772,0.680732744520772,0.5429008176561765,,0.14637658045999613,,0.14637658045999613,,0.13709429605749313,,0.144554788531092,,0.13709429605749313,,0.14455478653388604,,0.12823136988276834,,1.0
lewidi_md,llama,80,GPP-cosine,4,1024,0.8605511203808892,0.12707877203732534,0.24689317658698232,0.25783713557385857,0.732090284592738,0.732090284592738,0.2825387716293335,0.008349290117621422,0.25380329032661825,0.22466168578162865,0.2538032903266182,0.22466168578162865,0.2526117997887178,0.22299338081465392,0.2551800817888722,0.22569364545839513,0.25261179978871784,0.22299338081465397,0.2551800825175343,0.22569364636153008,0.2678574362591077,0.26631057014488024,1.0
lewidi_md,llama,80,GPP-rbf,4,1024,0.6198806613714497,0.10006082920973083,0.22646133729440548,0.25629655836460147,0.7405953549231272,0.7405953549231272,0.3650006055831909,0.07809749990701675,0.2899246074965397,0.1654648289064985,0.2899246074965397,0.1654648289064985,0.2841631183881951,0.1666493417643593,0.29015812095236737,0.16695931539611697,0.2841631183881952,0.1666493417643593,0.2901581190679694,0.1669593139758791,0.2827285149952328,0.17480921156262128,1.0
lewidi_md,llama,80,GPP-laplace,4,1024,0.6351317808941137,0.12549071939670406,0.27730330720295265,0.3053261357908856,0.6696107294733399,0.6696107294733399,0.38850149512290955,0.219281867146492,0.07403028196278164,0.05214237100728846,0.07403028196278164,0.05214237100728847,0.0749457297362404,0.05513656362478789,0.07481624611416189,0.05341097320049816,0.07494572973624042,0.05513656362478788,0.07481624178933227,0.05341096928957473,0.06566729947314551,0.04708958616188342,1.0
lewidi_md,llama,80,LPE,4,1024,0.8025498905464545,0.1204164639835083,0.24585148036145382,0.2628748191665752,0.723912332351979,0.723912332351979,0.10988925397396088,0.2575260400772095,0.23124236380708788,0.19355335870498835,0.23124236380708788,0.19355335870498835,0.22771281926825426,0.19687430296554737,0.23175297467720318,0.19589054680932744,0.22771281926825426,0.19687430296554742,0.23175297476060092,0.19589054682308538,0.2375269576814347,0.19782514974226295,1.0
lewidi_md,llama,80,LP-temp,4,1024,0.5960602093579059,0.11127739645244682,0.25209994232582444,0.302709960427471,0.7121360811252863,0.7121360811252863,0.6149480344922021,,0.24066406499027276,,0.24066406499027276,,0.23868984274320393,,0.24171259226644354,,0.23868984274320393,,0.24171259263874617,,0.23974844205825088,,1.0
